Symbol,Description,Price,Price - Currency,Price Change % 1 day,Volume 1 day,Relative Volume 1 day,Market capitalization,Market capitalization - Currency,Sector,Analyst Rating,Exponential Moving Average (8) 1 week,Exponential Moving Average (13) 1 week,Exponential Moving Average (21) 1 week,Change from Open % 1 week,Performance % 1 month,Performance % YTD,SMA 5,SMA 20,SMA 50,SMA 200,PE Ratio TTM,EPS Forecast Next Qtr,EPS Growth YoY TTM
NVDA,NVIDIA Corporation,196.21,USD,0.7083098085510421,52925106,0.3756963383698015,4748282044625.866,USD,Electronic technology,Strong buy,200.70262585564382,200.30141234057785,197.50998040756272,0.9206871721016462,-8.53959819139514,3.3581794716464297,196.7359999999999,202.3625,209.67019999999974,191.13385000000002,30.04839351894392,2.075352,110.33338701884364
AAPL,Apple Inc.,312.5699,USD,1.2765771311926977,27447644,0.34245325964853623,4590825608006.388,USD,Electronic technology,Buy,299.6761223536454,293.916335662855,286.3149307663727,1.6950481520041658,-0.09272518059195657,14.807772125397156,297.3359800000003,294.86949499999986,294.311998,271.0637994999999,37.81163733139781,1.891826,29.004822172630675
GOOG,Alphabet Inc.,361.66,USD,1.5385479252063614,8605283,0.3097733596241929,4407137470043.471,USD,Technology services,Strong buy,358.4561714276486,354.7536781950654,344.9607432092059,0.9673501863510188,-0.4733337002586742,13.87638149815802,356.06800000000004,356.1075000000001,368.7225999999999,316.11825,27.58846907873157,2.877143,46.187815730487436
GOOGL,Alphabet Inc.,364.46,USD,1.2642049401239073,10535913,0.24918585724623205,4395229999689.542,USD,Technology services,Strong buy,361.09705778518736,357.17848905472795,346.96296863600116,0.8048679297469141,-0.5131844734399726,15.007888923950775,359.3199999999997,358.15749999999997,371.47359999999964,316.7200000000001,27.802061163619165,2.877668,46.187815730487436
MSFT,Microsoft Corporation,385.75,USD,-1.2138595098466054,17065961,0.2917491640057843,2865518563835.293,USD,Technology services,Strong buy,394.2220249580423,399.59735581982767,408.00175006892005,-0.33329888383630124,-9.94303590605593,-20.362934442643766,380.4219999999999,384.8404999999997,406.6520000000001,444.8196500000005,22.97484827368509,4.240007,29.74746147782946
AMZN,"Amazon.com, Inc.",245.065,USD,0.9869369926237319,18371130,0.23317083776741082,2636190989092.7256,USD,Retail trade,Strong buy,245.36742697848334,244.8102186789341,241.78983669424935,0.5209294694312887,-3.6144815244537956,5.932826143338807,241.58300000000017,239.8097499999999,255.2109000000003,233.0376250000001,29.287020328166644,1.811505,36.47513577870922
AVGO,Broadcom Inc.,376.85,USD,4.5498682202802145,11638572,0.4449788941528713,1792894113159.6245,USD,Electronic technology,Strong buy,384.5520240739927,384.424173957941,377.7688485788509,0.8672144749872885,-7.5452950773420335,6.8244631847495,371.36800000000005,382.2124999999996,408.5129999999995,361.5347250000002,62.73514233394374,3.212946,125.81008946695735
TSLA,"Tesla, Inc.",417.754,USD,6.177150845088329,32464304,0.701720356914487,1568968619179.847,USD,Consumer durables,Buy,402.8063470853292,402.5487444011236,402.8473473167432,5.095345911949691,-0.653032104637332,-8.747487986020095,413.78879999999947,399.1222000000001,407.02487999999937,418.58839500000016,381.6499177781838,0.468559,-39.80422349318082
META,"Meta Platforms, Inc.",594.8,USD,2.0415165551552543,7484054,0.4033230627349893,1509854138676.4592,USD,Technology services,Strong buy,588.8024568975865,597.0918216712081,608.6426345594931,-0.006724497343836545,-4.5969268277034745,-10.249349277603843,583.2999999999997,575.0600000000005,603.6304000000001,645.5910500000002,21.623901172809433,7.172682,7.29342195593833
LLY,Eli Lilly and Company,1207.76,USD,-0.5066273446960723,1047617,0.30718440649818773,1137397618094.561,USD,Health technology,Strong buy,1142.4161682530435,1103.2799781147776,1064.9732611545194,-0.019867549668874926,5.668565229183614,12.20364176885915,1208.5539999999996,1151.1495,1060.6475999999998,987.2329999999993,43.47431697923041,8.796993,130.14091274344932
MU,"Micron Technology, Inc.",992.785,USD,1.7656525482799648,22039106,0.37518951861138494,1121244492626.1636,USD,Electronic technology,Strong buy,946.4980000911113,854.1224528303587,736.5405644984165,-1.4116186693147996,5.123358746293943,236.3947479881406,1060.039,1043.1107500000003,862.1914999999997,448.5142750000003,22.475386046848577,31.05787,697.287150515315
BRK.A,Berkshire Hathaway Inc.,759781.0,USD,-0.23621681861962568,215,0.9396853146853147,1092574881175.164,USD,Finance,Buy,742367.8098572158,737079.7286239187,734716.7627093868,-0.02881578947368421,5.782248520710059,1.3041333333333334,752944.1939999996,739474.0400000003,725301.9924000012,735581.9314,15.078084821011732,7380.20015,-10.480948284775364
BRK.B,Berkshire Hathaway Inc. New,506.47,USD,-0.25798574185669887,1692448,0.3341726771550683,1092336504921.4698,USD,Finance,Buy,495.22640585845846,491.5820193572137,489.87454407285895,-0.005923000987161444,5.297407430507914,1.099888214627924,502.0759999999999,493.299499999999,483.55680000000007,490.3236500000007,15.07656311396354,4.922593,-10.480916050876308
AMD,"Advanced Micro Devices, Inc.",556.28,USD,7.427291336757931,19394993,0.6503495193175941,907070506775.1859,USD,Electronic technology,Strong buy,499.5531064329738,457.23946692283005,403.86624570036105,3.9095918557952642,11.361793704018819,154.12517131110096,547.0760000000002,518.4892499999999,465.43710000000016,280.16552500000006,182.5724506875841,1.603184,123.34701656648583
JPM,JP Morgan Chase & Co.,336.51,USD,0.6099201722127435,2438024,0.255957501814283,901682409611.1499,USD,Finance,Buy,323.6329691308429,318.2164609399955,313.656913282454,0.4507462686567137,7.069903592223733,4.344186046511625,332.35399999999976,325.68800000000016,313.0811999999998,308.62735000000043,16.118386389109755,5.503965,2.4753228521923547
JPM/PM,"J P Morgan Chase & Co Depositary Shares, each representing a 1/400th interest in a share of 4.20% Non-Cumulative Preferred Stock, Series MM",17.27,USD,-0.05787037037037941,125961,0.5748601539185426,896216206183.0,USD,Finance,,17.312174137103305,17.434946671277494,17.618003642543307,-0.17341040462428403,0.8172796263864599,-5.83424209378408,17.230000000000025,17.16799999999999,17.40840000000003,18.204125999999984,0.8272102848055791,5.503965,2.4753228521923547
JPM/PC,"J P Morgan Chase & Co Depositary Shares, each representing a 1/400th interest in a share of 6.00% Non-Cumulative Preferred Stock, Series EE",25.34,USD,0.03947887879984826,44962,0.23708495500279206,896216206183.0,USD,Finance,,25.257717636211545,25.232736712862778,25.22078080932238,-0.039447731755430225,0.31670625494852844,0.7154213036565966,25.30199999999998,25.265499999999996,25.195000000000004,25.260960499999943,1.2137526703516721,5.503965,2.4753228521923547
JPM/PL,"J P Morgan Chase & Co Depositary Shares, each representing a 1/400th interest in a share of 4.625% Non-Cumulative Preferred Stock, Series LL",18.76,USD,-0.15965939329429263,149090,0.6208867657292494,896216206183.0,USD,Finance,,18.800070512953493,18.91039457456572,19.08057676061386,0,0.5359056806002219,-4.771573604060903,18.75400000000004,18.6715,18.876001999999957,19.631883499999994,0.8985793250117352,5.503965,2.4753228521923547
JPM/PJ,"J P Morgan Chase & Co Depositary Shares, each representing a 1/400th interest in a share of JPMorgan Chase & Co. 4.75% Non-Cumulative Preferred Stock, Series GG",19.31,USD,0.1556016597510248,38409,0.3543010742769432,896216206183.0,USD,Finance,,19.327143431422446,19.436855861089615,19.61085617523611,-0.20671834625324392,0.5729166666666637,-4.829965500246429,19.309999999999956,19.219000000000033,19.416228000000057,20.19735950000009,0.9249236015979,5.503965,2.4753228521923547
JPM/PD,"J P Morgan Chase & Co Depositary Shares, each representing a 1/400th interest in a share of 5.75% Non-Cumulative Preferred Stock, Series DD",24.0145,USD,0.06041666666667389,62281,0.38410539663117593,896216206183.0,USD,Finance,,24.0891320000712,24.19224567998047,24.337060816483994,0.1021258857857578,0.605362379555931,-3.788060897435894,24.0249,23.994224999999936,24.165290000000027,24.760739000000015,1.1502629637790147,5.503965,2.4753228521923547
JPM/PK,"J P Morgan Chase & Co Depositary Shares, each representing a 1/400th interest in a share of 4.55% Non-Cumulative Preferred Stock, Series JJ",18.4301,USD,-0.05368763557484704,83952,0.42870011213853704,896216206183.0,USD,Finance,,18.473143219355684,18.5885137317416,18.761709955643298,-0.1619718309859229,0.8762999452654621,-5.341037493579863,18.458019999999987,18.36000499999997,18.574201999999968,19.324655499999977,0.8827775489285064,5.503965,2.4753228521923547
WMT,Walmart Inc.,110.37,USD,-1.3143776824034326,12533266,0.516853167123459,878333161678.7621,USD,Retail trade,Strong buy,116.56894924126206,118.70237704960083,119.45196456512052,-0.9245960502693008,-6.742712294043084,-0.9468252187570049,111.77799999999998,117.14200000000005,122.61420000000012,117.09734999999999,38.880473456159514,0.74324,21.780351780351772
ASMLF,ASML Holding N.V.,1841.32,USD,4.095717496800213,223,0.015536496833480804,703356266578.4596,USD,Electronic technology,Strong buy,1753.4907690885846,1681.100519602018,1582.1903152016296,0.5910953291450388,8.710052603923742,63.67288888888889,1862.5624000000012,1825.1555499999988,1654.1162100000001,1319.059949,61.621791707428116,7.892513986200001,24.817063462931433
V,Visa Inc.,356.45,USD,-1.5684975008974695,4494251,0.4284594644117267,671596316727.7831,USD,Finance,Strong buy,339.04678790494285,333.2073361903785,329.79060663941146,-1.8044077134986256,10.561414392059557,1.880698545173917,350.88000000000017,332.78550000000024,326.87340000000034,328.9765999999997,31.33653922232283,3.225704,15.69616648189022
JNJ,Johnson & Johnson,258.43,USD,-1.7525851581508565,2831089,0.3185758076815946,622097120118.4243,USD,Health technology,Strong buy,246.15214569193776,241.53776845740654,236.02789373802267,-0.6897876837352352,12.360869565217396,24.95406633787836,257.5860000000005,242.5945,233.38270000000009,219.3453250000005,29.880445842197762,2.850419,-3.8584243933347526
INTC,Intel Corporation,123.575,USD,2.67968425425842,51157016,0.46710053633884446,621087942125.495,USD,Electronic technology,Buy,117.85876721280968,108.48217065631387,95.16332453831215,0.8199396263359792,16.05465815176559,227.17765422292823,128.459,123.71425000000004,114.5473,60.82607500000004,nan,0.207554,85.99601994499474
XOM,ExxonMobil Holdings Corporation,136.525,USD,-0.4121380115252737,4721021,0.3089888811555837,565821781088.5332,USD,Energy minerals,Buy,141.69413188652513,143.80449667305882,143.60500791613526,-0.014647185909393833,-10.183875530410178,13.685569156465986,136.53499999999994,141.4002500000002,147.63810000000007,135.78252499999994,23.037917011187798,3.649993,-21.597914957796423
TCTZF,Tencent Holding Ltd.,57.605,USD,3.6433969053616386,9928,1.7277204462001636,518991980917.9001,USD,Technology services,Strong buy,56.90722235970984,58.45658836212826,61.10816711944193,3.2384673285780763,0.45514787946427815,-27.81328320802005,56.362599999999944,56.55457500000006,58.17258900000002,71.24580192500002,16.196613637606827,1.0872191015400001,20.382521282675853
AMAT,"Applied Materials, Inc.",595.255,USD,-1.2909591403555267,4249119,0.2955715509226791,472608292344.7374,USD,Producer manufacturing,Strong buy,552.514110489462,511.6453337504662,462.9206781472999,-5.177178994990084,24.086427216443273,122.8751684888423,653.3689999999999,590.1022500000001,494.0210999999999,341.45762499999995,55.92924927182185,3.390989,29.538345443701996
MA,Mastercard Incorporated,532.88,USD,-1.2069189269359817,1709219,0.39196161075443514,470844190698.7512,USD,Finance,Strong buy,511.30127520989544,508.7413333136215,511.5878599786635,-1.4535636350186807,10.100310953625552,-6.628585446198602,523.5899999999999,499.2385000000002,497.9043999999994,530.87085,30.83974767058279,4.766917,21.205106621773286
ABBV,AbbVie Inc.,256.04,USD,-1.926686329336949,2420566,0.20116089400228532,452369653154.88165,USD,Health technology,Strong buy,238.44145404277887,231.43383687607198,226.44180365741025,-1.4927670052323774,12.609403175440919,11.934947975867802,254.82400000000015,235.26099999999988,219.7312,222.20994999999982,126.28360049321827,3.764861,-13.546819034623924
CSCO,"Cisco Systems, Inc.",114.37,USD,1.490815511580448,6426850,0.24720196196241134,450781909494.7316,USD,Electronic technology,Strong buy,113.38134173483219,108.93803620334624,102.31366499651847,1.1640455003803514,-11.106793098087977,49.22043186117817,115.84600000000003,118.9435,111.51079999999993,85.15175000000004,37.28564908391471,1.166552,25.71311475409837
CAT,"Caterpillar, Inc.",973.55,USD,1.039926105051216,1033737,0.22806916172061997,448453188278.0722,USD,Producer manufacturing,Buy,938.9774923521419,902.6846212328248,848.8422829599659,-0.5658315374480464,4.690675642252643,68.55381845253552,1005.3159999999992,965.1070000000002,916.3984600000003,699.4471650000003,48.43387759569366,6.183403,-2.04958774340682
LRCX,Lam Research Corporation,352.82,USD,0.4012407159727862,4352517,0.2868381540242711,441226480667.7166,USD,Producer manufacturing,Strong buy,342.39286572172034,322.2975638194352,294.9474062387133,-3.426944763781678,10.128913443830568,98.38065785774529,387.946,370.1905000000001,322.82700000000006,223.9917,66.59368452841585,1.677505,47.59583240472476
BAC,Bank of America Corporation,59.7,USD,1.651626085475917,14235003,0.43218842923339046,423666439520.42236,USD,Finance,Strong buy,56.40587202900217,55.092135009343735,53.98619306444164,0.9469056476158307,10.208602547535538,8.486280210794115,58.329999999999885,56.68850000000002,53.781199999999984,52.620200000000075,14.813160637189222,1.121956,20.322436184505147
COST,Costco Wholesale Corporation,944.835,USD,-0.7182111446194503,870800,0.29767938952069417,419014304126.26337,USD,Retail trade,Buy,965.3876592127106,973.1270276200981,975.0889911275661,-0.4493730902960685,-3.341687979539638,9.719093294934629,940.6650000000005,960.4007500000004,991.1417000000001,957.1839500000003,47.522608616926036,6.560998,12.777024612434968
BAC/PS,"Bank of America Corporation Depositary shares, each representing 1/1,000th interest in a share of 4.750% Non-Cumulative Preferred Stock, Series SS",19.1,USD,0.31512605042018005,20736,0.4025954358538261,416782746952.0,USD,Finance,,19.036679181461302,19.098275456312628,19.213598007661528,0.10482180293502688,1.326259946949602,-3.1440162271805145,19.156000000000027,18.977250000000016,19.052500000000023,19.662269999999996,4.739218897325196,1.121956,20.322436184505147
BML/PL,Bank of America Corporation Depositary Shares (Each representing a 1/1200th Interest in a Share of Floating Rate Non-Cumulative Pref,19.29,USD,0.41644976574699794,24056,0.31938735408766955,416782746952.0,USD,Finance,,19.389357229840414,19.451713805115677,19.533033164751767,-0.10357327809424949,-0.41300980898297285,-0.20693222969477057,19.14999999999994,19.362949999999962,19.518573999999962,19.737356499999997,4.786362959654608,1.121956,20.322436184505147
BAC/PN,"Bank of America Corporation Depositary shares, each representing 1/1,000th interest in a share of 5.000% Non-Cumulative Preferred Stock, Series LL",20.01,USD,0.1000500250125219,38292,0.3896857235319619,416782746952.0,USD,Finance,,20.05520370804643,20.168350935888142,20.325921260332656,-0.09985022466300335,1.7285205897305533,-3.936629860777709,20.057999999999993,19.9119999999999,20.142717999999974,20.79942521999996,4.965014143218699,1.121956,20.322436184505147
BML/PJ,Bank of America Corporation Depositary Shares (Each representing a 1/1200th interest in a Share of Floating Rate Non-Cumulative Pref,20.14,USD,-0.34636318654131754,10589,0.3727628595969979,416782746952.0,USD,Finance,,20.05488055411523,20.044291787975514,20.08913189544791,-0.1487357461576655,0.9018036072144274,1.4609571788413054,20.152000000000037,19.952244999999913,20.052212000000043,20.29842249999997,4.9972706069177715,1.121956,20.322436184505147
BAC/PB,"Bank of America Corporation Depositary Shares, each representing a 1/1,000th interest in a share of 6.000% Non-Cumulative Preferred Stock, Series GG",25.045,USD,0.01996805111822108,22029,0.2720754880104735,416782746952.0,USD,Finance,,25.00633052288996,25.00830040714891,25.02886905797445,-0.13955342902709963,0.7036590269400913,-0.25886101154917457,25.038860000000017,25.01221499999994,24.99456199999994,25.165829999999918,6.2143317949481425,1.121956,20.322436184505147
BML/PH,Bank of America Corporation Depositary Shares (Each representing a 1/1200th interest in a Share of Floating Rate Non-Cumulative Pref,18.78,USD,0.3205128205128327,12045,0.2104772039820295,416782746952.0,USD,Finance,,19.020230968755754,19.110707926258254,19.209337085874438,0.26695141484250245,-2.593360995850622,1.2944983818770335,18.67599999999997,19.026069999999994,19.222874000000004,19.478588000000048,4.65981837129671,1.121956,20.322436184505147
BAC/PP,"Bank of America Corporation Depositary Shares, each representing a 1/1,000th interest in a share of 4.125% Non-Cumulative Preferred Stock, Series PP",16.7422,USD,-0.2846932698034469,56508,1.0586721072835696,416782746952.0,USD,Finance,,16.710207041115456,16.73010042334065,16.79200366956571,-0.2846932698034469,1.5294117647058945,-3.000000000000006,16.81643999999998,16.670674999999992,16.656372000000005,17.062133000000003,4.1541858964815646,1.121956,20.322436184505147
BAC/PO,"Bank of America Corporation Depositary shares, each representing 1/1,000th interest in a share of 4.375% Non-Cumulative Preferred Stock, Series NN",17.635,USD,0.1419647927314147,50982,0.461272040302267,416782746952.0,USD,Finance,,17.547119378148597,17.575023468167874,17.657030589320005,0.08513053348467972,2.0543981481481506,-2.94441386901486,17.687000000000026,17.49336609999996,17.493244440000034,18.000553109999945,4.3757133641010375,1.121956,20.322436184505147
BML/PG,"Bank of America Corporation Depositary Shares (Each representing a 1/1200th interest in a share of Floating Rate Non-Cumulative Preferred Stock , Series 1)",18.8104,USD,0.1085683874401394,2873,0.5705151117995154,416782746952.0,USD,Finance,,18.96879319482642,19.05696525207948,19.174903352898305,-0.3158452570217257,-1.4770275083279212,1.622906537007022,18.76707999999996,18.925970000000024,19.16078400000006,19.532620500000125,4.667361421269416,1.121956,20.322436184505147
BAC/PE,Bank of America Corporation Depositary Sh repstg 1/1000th Perp Pfd Ser E,18.7488,USD,0.10037373198077319,2667,0.0698291842526942,416782746952.0,USD,Finance,,18.869310186320703,19.001653575669877,19.213498147931062,0.10037373198077319,-0.05970149253732579,-0.5368700265252104,18.76194000000002,18.744409999999892,19.06335600000007,19.89298099999995,4.652076820008933,1.121956,20.322436184505147
BAC/PQ,"Bank of America Corporation Depositary shares, each representing 1/1,000th interest in a share of 4.250% Non-Cumulative Preferred Stock, Series QQ",17.05,USD,0.1762632197414873,48290,0.49537248851585214,416782746952.0,USD,Finance,,17.00982248716667,17.05152980690275,17.14118321545587,-0.11716461628587917,2.0958083832335417,-3.454133635334085,17.099999999999998,16.956749999999957,16.988452000000017,17.497383354999997,4.230559277455214,1.121956,20.322436184505147
BACRP,Bank of America Corp.,185.0,USD,-6.927604769331393,2,0.1941747572815534,416782746952.0,USD,Finance,,194.1215588056403,200.31891721816814,206.59728518134034,0,-0.41449103730419884,-24.489795918367346,187.91200000000018,208.24149999999995,216.33920000000006,218.41097499999987,45.90342911021786,1.121956,20.322436184505147
BAC/PM,"Bank of America Corporation Depositary Shares, each representing a 1/1,000th interest in a share of 5.375% Non-Cumulative Preferred Stock, Series KK",21.43,USD,0.18700327255726576,33741,0.3124366278956711,416782746952.0,USD,Finance,,21.483741547427393,21.607989484165227,21.77527373696525,-0.23277467411545955,0.7522331922896105,-2.8117913832199593,21.45400000000004,21.338284999999953,21.63149999999999,22.28442800000008,5.317353977470101,1.121956,20.322436184505147
BAC/PL,Bank of America Corporation Non Cumulative Perpetual Conv Pfd Ser L,1258.0,USD,0.8821170809943866,3971,0.44586416356960806,416782746952.0,USD,Finance,,1240.334467579858,1234.3735252046204,1232.0677605249168,1.0441767068273093,3.1054577046331975,0.5756315957787053,1253.929999999998,1243.6411199999989,1224.117549999998,1241.465924499994,312.14331794948146,1.121956,20.322436184505147
BAC/PK,"Bank of America Corporation Depositary Shares, each representing a 1/1,000th interest in a share of 5.875% Non- Cumulative Preferred Stock, Series HH",24.2245,USD,-0.08455351618891302,22888,0.3482632485499176,416782746952.0,USD,Finance,,24.4572004240258,24.538653684918202,24.617169494280464,-0.2696582955948955,-0.6378178835110746,-1.4863765758438423,24.415900000000008,24.470234999999953,24.62735254000006,24.827051134999934,6.01074388367823,1.121956,20.322436184505147
ORCL,Oracle Corporation,144.41,USD,2.951450773508224,21103505,0.6084145416469696,415968822164.9162,USD,Technology services,Strong buy,165.89930611369832,170.47120539476748,174.51533759767815,0.07623007623006599,-37.07351082835854,-26.86990428925913,144.2980000000001,173.49150000000017,185.5108000000001,199.06660000000008,24.792267545666803,1.733058,34.18415535948765
ORCL/PD,"Oracle Corporation Depositary Shares, each representing a 1/2,000th interest in a sh of 6.50% Series D Mandatory Convertible Preferred Stock",43.78,USD,1.9562179785747635,327217,0.24939447621458977,404043672080.0,USD,Technology services,,49.50079484164362,50.21571045273312,50.10424242424242,-0.18239854081166962,-33.25202012501906,-10.835030549898166,44.03400000000002,51.438000000000024,54.708999999999996,nan,7.516137893146547,1.733058,34.18415535948765
GE,GE Aerospace,378.32,USD,0.21190930281839676,1960473,0.37354820078569334,394715348385.928,USD,Electronic technology,Strong buy,351.0601393455769,338.16894974594794,326.9608202191035,0.3049022986981937,15.729580911593766,22.137207425343014,375.6440000000001,353.59800000000007,320.9682000000001,309.83380000000017,46.625585407936896,1.856214,26.528193612774466
UNH,UnitedHealth Group Incorporated,417.33,USD,-1.8878126763212406,3187532,0.5421592584104598,378995867759.5305,USD,Health services,Strong buy,404.3829076063924,388.38715868500714,370.85920872212466,-1.4545798011759485,4.45262051359062,26.121579352966954,420.93600000000026,411.4789999999997,391.7329999999992,337.69342500000045,31.51848830886351,4.846297,-44.64988148934658
KO,Coca-Cola Company (The),82.965,USD,-1.3964820537199871,7441313,0.3615593710225769,356955451541.96234,USD,Consumer non-durables,Strong buy,81.59439496770274,80.54643912658526,79.11631939371122,-1.3495838287752568,7.03780157399045,18.775948460987845,82.46299999999994,81.27074999999995,80.05359999999993,74.40680000000013,26.12165863795221,0.934223,27.166079436258816
HD,"Home Depot, Inc. (The)",351.57,USD,-1.7686504610226277,1968606,0.3951539650526465,350556311965.59235,USD,Retail trade,Buy,339.33251999538635,337.1126964892735,339.7213008498076,-1.7466882790229725,13.106842968825406,2.370206446728587,352.76000000000056,334.7700000000008,323.5420000000006,355.0670999999997,24.96290037419144,4.729342,-4.4544547940001165
MS,Morgan Stanley,220.845,USD,3.2323657271069934,1516349,0.2714406965011578,348335474488.81537,USD,Finance,Buy,211.33369621747286,204.75181414458285,196.61351632499182,1.7718894009216584,1.1565591791865177,23.712293084614746,213.47900000000013,216.40825,204.4425000000001,178.77742500000005,20.00208312577551,2.886359,29.550841292563295
PG,Procter & Gamble Company (The),148.54,USD,-1.8955154877485008,3136995,0.32775920298530703,345890121812.82666,USD,Consumer non-durables,Buy,148.52796675944683,148.2104266652779,148.40869071190082,-1.420228298380684,4.443819434678662,3.794284117112695,148.49399999999991,149.08850000000027,146.24979999999996,148.49744999999993,21.724632170123147,1.42016,8.592211422400094
MS/PI,Morgan Stanley Depository Shares Representing 1/1000th Preferred Series 1 Fixed to Floating Non (Cum),25.01,USD,0.08003201280513457,16969,0.16171564007239034,337428549695.0,USD,Finance,,25.035430250687476,25.053134797764265,25.07783562648935,0.160192230676823,-0.1995211492418083,-0.07990411506192398,25.029999999999976,25.026999999999962,25.066235079999984,25.166608270000115,2.2651728541540246,2.886359,29.550841292563295
MS/PE,Morgan Stanley DEPOSITARY SHARES REP 1/1000TH SHARES FIXED/FLTG PREFERRED STOCK SERIES E,25.27,USD,0,36668,0.4176752207238352,337428549695.0,USD,Finance,,25.417488500520395,25.43093536101291,25.445509496148507,-0.11857707509881872,-0.7852375343541393,-0.11857707509881872,25.32199999999994,25.513749999999973,25.449463999999967,25.520094000000025,2.2887212324858934,2.886359,29.550841292563295
MS/PK,"Morgan Stanley Depositary Shares, each representing 1/1,000th of a share of Fixed-to-Floating Rate Non-Cumulative Preferred Stock, Series K",23.58,USD,-0.16934801016089204,39244,0.33694021809589797,337428549695.0,USD,Finance,,23.69495599625281,23.800498045878175,23.94264254042516,0,-0.25380710659899436,-3.9511201629328,23.639999999999997,23.607499999999966,23.830399999999944,24.390436000000044,2.135656773328744,2.886359,29.550841292563295
MS/PL,"Morgan Stanley Depositary Shares, each representing 1/1,000th of a share of 4.875% Non-Cumulative Preferred Stock, Series L",19.6422,USD,0.011201629327894223,6915,0.1542032941302399,337428549695.0,USD,Finance,,19.776126007741208,19.915472163585505,20.092942602366133,-0.19207317073171098,0.11314984709479102,-4.090820312500007,19.68244,19.676365000000015,19.968845999999942,20.651289850000104,1.7790075264239975,2.886359,29.550841292563295
MS/PP,"Morgan Stanley Depositary Shares, each representing 1/1,000th of a share of 6.500% Non-Cumulative Preferred Stock, Series P",25.25,USD,0.31783869686133603,22043,0.2638742578050182,337428549695.0,USD,Finance,,25.26275085144416,25.280684846151313,25.32816381398775,-0.039588281868573084,0.5976095617529823,-1.0192081536652353,25.298000000000012,25.309110000000008,25.268093999999955,25.52191749999994,2.2869098187680574,2.886359,29.550841292563295
MS/PA,Morgan Stanley Dep Shs repstg 1/1000 Pfd Ser A,18.86,USD,-0.2644103648863073,66064,0.6531529082131526,337428549695.0,USD,Finance,,19.199514814600093,19.31407351446779,19.47642068124882,-0.4749340369393133,-3.331624807790887,-2.3303987571206592,18.93800000000008,19.23149999999999,19.429200000000016,19.962687499999955,1.7081631359194283,2.886359,29.550841292563295
MS/PQ,"Morgan Stanley Depositary Shares, each representing 1/1,000th of a share of 6.625% Non-Cumulative Preferred Stock, Series Q",25.4,USD,-0.039354584809136416,24400,0.2617803855681761,337428549695.0,USD,Finance,,25.482445064354035,25.54386440442427,25.64816324402716,-0.3139717425431784,0,-3.1643156690812115,25.477999999999994,25.472499999999982,25.51230000000005,26.00229299999999,2.300495421651828,2.886359,29.550841292563295
MS/PF,Morgan Stanley Dep Shs Rpstg 1/1000th Int Prd Ser F Fxd to Flag,25.12,USD,-0.158982511923685,23411,0.2302616372565316,337428549695.0,USD,Finance,,25.27634907220529,25.285470643922825,25.290537770429562,-0.19864918553834213,-1.0244286840031442,-0.11928429423458285,25.20000000000004,25.35152500000014,25.299304000000003,25.310353500000016,2.275135629602123,2.886359,29.550841292563295
MS/PO,"Morgan Stanley Depositary Shares, each representing 1/1,000th of a share of 4.250% Non-Cumulative Preferred Stock, Series O",16.925,USD,0.20722320899940874,43703,0.2581653207941731,337428549695.0,USD,Finance,,16.997254223058164,17.09626512942371,17.23557619458369,0.08870490833826475,0.20722320899940877,-4.216185625353712,16.98900000000001,16.93849999999997,17.10200200000001,17.70027050000001,1.5329088587187871,2.886359,29.550841292563295
IDCBF,Industrial and Commercial Bank of China Ltd.,0.7832,USD,-7.313609467455617,106,0.0004769212841420524,335401733159.18463,USD,Finance,Strong buy,0.851500400585849,0.851531414902122,0.8424038374099707,0,-11.382665761484501,-1.9897384557627362,0.8554399999999992,0.8772028500000003,0.8323353200000008,0.7209801700000001,5.36264415495478,0.0353232,3.5194676118190076
HBCYF,HSBC Holdings Plc,19.5,USD,3.3112582781456954,15731,1.3238128097886914,335079512121.7092,USD,Finance,Buy,18.59286301749077,18.208328365470226,17.673052819992225,3.174603174603182,10.921501706484653,21.495327102803735,18.74029999999999,18.260179999999995,17.948212,16.060718999999995,16.34934406431614,0.445712,8.839871595954788
CVX,Chevron Corporation,167.785,USD,-0.8362884160756454,4198186,0.4197604883579917,334160227208.5047,USD,Energy minerals,Strong buy,176.32538966791088,179.19655582456093,179.55204495358743,-0.6366220537723659,-11.253041362530416,10.265172674399505,167.38099999999991,177.0282500000002,183.64969999999957,172.46632500000015,29.116702819956615,5.144443,-33.93295269542089
RHHVF,Roche Holding Ltd,412.2,USD,0.3407984420642593,93,0.04428149700028569,328676664934.97125,USD,Health technology,Buy,410.88765362576015,411.9222931661818,411.3003631761212,0.5365853658536558,0.5365853658536558,2.8879514764246297,413.98239999999987,407.63886999999994,407.7193679999997,400.7657540000002,20.37293053642342,12.405020250000002,78.0470861833516
RHHBF,Roche Holding Ltd,415.645,USD,-4.008083140877602,69,0.42592592592592593,326062628131.86,USD,Health technology,Buy,419.717069144491,420.031230906744,418.96259761619206,0,0.001804457008810124,-2.2011764705882397,421.26400000000024,415.0503200000003,419.06450999999987,397.9016715000001,20.543199206238995,12.405020250000002,78.0470861833516
NFLX,"Netflix, Inc.",76.355,USD,-1.6677398583387015,20781761,0.4070307391476673,321515513556.7478,USD,Technology services,Strong buy,80.01806261494032,82.84539246348083,86.24355359574068,-0.9341550437885161,-7.251746128150621,-18.883459046000205,74.67499999999993,77.00974999999993,83.7814999999998,95.88425,24.672827737745177,0.788108,46.23854078064454
PLTR,Palantir Technologies Inc.,132.985,USD,2.849961330239754,23143882,0.4675015963743911,318806582285.7047,USD,Technology services,Strong buy,131.29024440326407,134.52155822098428,139.10083160978385,4.515089594467163,-5.230714412969874,-26.649200220628792,124.07699999999996,125.53475,134.1916,157.72837500000003,149.82537178909422,0.343905,287.59825327510913
MRK,"Merck & Company, Inc.",126.8,USD,-2.130287125656071,3652714,0.338923217590544,313173735992.8805,USD,Health technology,Strong buy,122.90812457003582,120.83351335234893,117.95872196277112,-1.9410718428582516,4.8497126555587675,20.155406045674212,127.92200000000005,121.37950000000009,117.08979999999995,107.45840000000007,35.68614206912079,1.595298,-48.270440251572325
GEV,GE Vernova Inc.,1151.23,USD,3.4246390743053357,1615641,0.5455299101401058,309358522933.71277,USD,Producer manufacturing,Strong buy,1062.1148572904751,1026.6017631065242,970.996161981457,0.9390453477361236,21.528782104740902,74.1148535216806,1135.212,1032.4539999999997,1042.5695999999998,797.2004999999996,33.54096803610397,3.193869,389.82617878753274
GS,"Goldman Sachs Group, Inc. (The)",1048.59,USD,2.702252693437798,520469,0.2520083184645218,309341826104.14374,USD,Finance,Buy,1024.2715159837608,999.9077569191649,967.085256347475,1.8167165106614176,-4.047327098698781,18.61877828054298,1024.1559999999997,1053.0555000000002,1000.7212000000001,890.9073499999997,19.162338682855335,14.153557,26.993564617230493
KLAC,KLA Corporation,233.975,USD,-0.6686478454680607,5429208,0.3338382404844482,305635759919.3744,USD,Electronic technology,Buy,226.1118082980472,212.53485471531286,195.25547254540348,-5.011773303020461,14.522965776489933,85.73719348103928,263.16299999999995,244.81779999999998,209.86134,152.65208249999995,66.14508240748593,0.998036,28.554295682512006
GS/PA,"Goldman Sachs Group, Inc. (The) Depositary Shares each representing 1/1000th Interest in a Share of Floating Rate Non-Cumulative Preferred Stock Series A",19.41,USD,0.3619441571871783,30431,0.31934542111703207,301202571503.0,USD,Finance,,19.410551527155103,19.45697915931976,19.57454118509417,0.3619441571871783,-0.20565552699228354,0.05154639175258538,19.281,19.320179999999958,19.41797200000008,20.001661499999976,0.3547058372044575,14.153557,26.993564617230493
GS/PC,"Goldman Sachs Group, Inc. (The) Depositary Share repstg 1/1000th Preferred Series C",19.31,USD,-0.25826446280992105,20227,0.43764050170603414,301202571503.0,USD,Finance,,19.495324426203887,19.573756583187834,19.707957049623293,-0.5151983513652829,-2.523977788995457,-3.2565130260521147,19.287999999999986,19.487949999999984,19.58467200000002,20.133862500000056,0.3528783985789837,14.153557,26.993564617230493
GS/PD,"Goldman Sachs Group, Inc. (The) Dep Shs repstg 1/1000 Pfd Ser D Fltg",19.03,USD,0.05257623554154344,40417,0.27581373479653304,301202571503.0,USD,Finance,,19.0975949173602,19.171689692239873,19.31228661255544,-0.20975353959097615,-1.142857142857137,-2.4102564102564044,18.9659999999999,19.037639999999925,19.144999299999924,19.753875825000065,0.3477615704276572,14.153557,26.993564617230493
AZN,AstraZeneca PLC,189.33,USD,-2.98232129131437,1062478,0.5273938243659304,293627528575.6558,USD,Health technology,Strong buy,187.3404312831602,187.5335449748317,187.16018227545732,-0.4574132492113439,2.885555917835019,2.307359775208046,189.7820000000002,183.15949999999998,184.08539999999994,182.72623199999995,28.852433874162426,2.496714,29.767648087677678
PANW,"Palo Alto Networks, Inc.",358.28,USD,2.9362753548238723,3935778,0.54720782511286,291998197951.5681,USD,Technology services,Strong buy,300.2716723051002,273.4955506067976,247.89532119197796,5.699787585555816,28.420373490089236,93.86396839997833,346.2799999999999,297.34425,254.98089999999996,202.25442500000005,294.71086616764,0.973489,-30.432045779685268
NVSEF,Novartis AG,158.235,USD,3.1653409831790444,5958,0.05102289864529836,288874638580.78815,USD,Health technology,Buy,150.02161046614856,149.46596475613816,148.2025430096593,5.560373582388264,9.790112749349532,13.340734904376475,152.96532000000002,147.0943049999999,150.69333400000008,130.1638274999998,22.525922299250038,2.167971,9.675179222387847
RY,Royal Bank Of Canada,206.95,USD,1.054739000927778,589401,0.2972109517461139,287614400862.6563,USD,Finance,Strong buy,198.39863099339456,192.61986647043628,185.47638189842849,1.03500463799247,6.3736828578771405,20.85377248306469,206.36200000000002,201.61749999999998,190.81579999999983,168.13390000000018,18.284305357840765,2.8353139001999996,24.338571258428367
PM,Philip Morris International Inc,183.9886,USD,0.942886925988907,1277971,0.2570565018989625,286757065322.5826,USD,Consumer non-durables,Strong buy,180.52893405381133,178.40715651494764,175.78218987444978,0.6777564979480115,4.083611472534922,14.806314738549858,181.54571999999987,180.1319300000001,178.2519720000001,167.2291930000003,25.909873118249283,2.030863,45.92400797320346
ACGBF,Agricultural Bank of China,0.64424,USD,4.1953744137150375,20000,2.6735465932332536,284637558300.0783,USD,Finance,Strong buy,0.6926697978898428,0.7012458780881388,0.7006435722324669,0,-12.940540540540534,-5.799093434712666,0.686312,0.7093526499999997,0.7135988599999998,0.49383762999999997,5.463041111597599,0.0264924,4.890422600980622
IBM,International Business Machines Corporation,299.83,USD,3.5610665929814878,3853726,0.47013494527643956,281805784985.05994,USD,Technology services,Strong buy,275.2512261797181,269.1625676535883,266.7581882796956,3.983075829301689,-0.05666666666667197,0.7628713536765633,286.962,272.9200000000002,256.30159999999995,274.49159999999995,26.511808865270172,3.015315,94.53513374043176
KXHCF,KIOXIA HLDGS CORP,508.0,USD,11.591942534542973,1283,0.0723954836052161,277999248291.018,USD,Electronic technology,Strong buy,471.3521509792279,415.94953766751917,342.8943451458582,0,0.16365321292662896,555.3993033157012,527.4342399999999,544.1935799999999,398.556008,nan,80.13562279504455,10.604982843312,88.2599467254905
LVMHF,LVMH-Moet Hennessy Louis Vuitton,561.657,USD,-1.1254290995510812,540,0.38224676152049264,277218290539.78394,USD,Consumer non-durables,Strong buy,564.6226708734234,567.110508231465,577.5105034418027,0.7058917188030406,1.2140488719094789,-25.276791059668724,559.0093999999996,567.472840000002,552.2340080000018,631.6198979999978,21.875617755763646,12.38754451402,-1.2521334096479337
TXN,Texas Instruments Incorporated,303.515,USD,3.5604613074928357,2302062,0.2063097094585095,276226813999.62506,USD,Electronic technology,Buy,294.3725788036646,283.3169536139286,266.14979824485545,1.2881480369091167,1.605182110337426,73.47183722458776,295.7110000000001,300.20749999999987,297.17039999999946,216.1354749999995,51.92462320154654,1.919645,10.750487883438492
CICHF,China Construction Bank Corp.,1.0151,USD,0,5875,0.066385080927651,274387332146.41785,USD,Finance,Strong buy,1.0563915566618038,1.0568766272100159,1.0480437469250414,0,-1.6375968992248195,0.8744907085362138,1.0354399999999995,1.07726,1.1000719999999995,1.0247347099999995,5.355736615435941,0.0456258,2.8443148205674262
RTX,RTX Corporation,200.91,USD,0.8331242158092831,1490222,0.3365240165686962,270562151770.3543,USD,Electronic technology,Strong buy,190.20061771507673,188.6460294326698,187.54988927122153,0.4549999999999983,12.133727744600106,9.487738419618527,193.79999999999995,186.5904999999999,180.16440000000014,184.09695000000008,37.65321039019454,1.659355,56.45672061928219
WFC,Wells Fargo & Company,87.27,USD,2.0582388024792313,4084899,0.29835233133601535,267062740246.05283,USD,Finance,Strong buy,83.28542708671189,82.46531322042642,82.38375586451079,1.476744186046507,6.232501521606805,-6.463022508038587,84.9739999999999,83.64699999999998,80.101,84.39475000000004,13.476951586750056,1.713839,16.344460814258504
DELL,Dell Technologies Inc.,407.54,USD,3.3526070196794553,4816954,0.6410489764098777,264200461128.24176,USD,Electronic technology,Strong buy,372.5953157942028,336.2277355091258,291.8259482392284,3.125079075887553,0.43620770387166097,217.39875389408098,414.63599999999997,406.9214999999999,326.95079999999996,188.17890000000003,32.38531162339778,4.875716,100.63934948979589
CTATF,CONTEMPORARY AMPEREX TECHNOLOGY CO LTD,84.252,USD,-3.1586206896551774,1643,1.4366911507520113,262763938614.34048,USD,Producer manufacturing,Strong buy,86.85647462744832,85.65940138825358,82.59122313046052,-2.463533225283631,-8.587077286299564,28.393782383419673,88.21960000000001,89.17124999999997,88.12417200000003,nan,34.27077346412009,0.71680256088,nan
NSRGF,Nestle S.A.,101.8,USD,-2.0447438056290594,941,0.378397941129162,261852499539.7635,USD,Consumer non-durables,Buy,100.37087273519052,99.9058364028749,99.49873360948281,-2.115384615384618,5.766233766233764,1.5198053372691382,102.41100000000013,99.59543000000016,99.44027600000008,98.33229499999997,23.0148804269348,2.59791,-4.280172410629131
WFC/PD,"Wells Fargo & Company Depositary Shares, each representing a 1/1,000th interest in a share of Non-Cumulative Perpetual",16.745,USD,0.08965929468021858,38975,0.36399481861897703,261676806674.0,USD,Finance,,16.80730325555046,16.917650572601396,17.064981052109903,-0.08949880668258095,0.812763395544862,-5.821147356580428,16.76299999999997,16.675500000000003,16.908940000000015,17.47005549999999,2.5859007026484444,1.713839,16.344460814258504
WFC/PC,"Wells Fargo & Company Depositary Shares, each representing a 1/1,000th interest in a share of Non-Cumulative Perpetual",17.11,USD,0.05847953216373104,89888,0.9028180925195703,261676806674.0,USD,Finance,,17.192172904229967,17.29433120045526,17.434143406852943,-0.4653868528214185,0.17564402810305116,-5.4696132596685185,17.124000000000002,17.110749999999985,17.311499999999977,17.859665000000003,2.642267006408771,1.713839,16.344460814258504
WFC/PA,"Wells Fargo & Company Depositary Shares, each representing a 1/1,000th interest in a share of Non-Cumulative Perpetual",18.38,USD,-0.16295491580663302,55531,0.4141634950503394,261676806674.0,USD,Finance,,18.453902170639083,18.564435298506854,18.713298212326855,-0.10869565217391072,0,-5.257731958762885,18.380000000000006,18.34350000000001,18.564509999999963,19.16199300000003,2.8383908578488146,1.713839,16.344460814258504
WFC/PY,"Wells Fargo & Company Depositary Shares, each representing a 1/1,000th interest in a share of Non-Cumulative Perpetual",22.595,USD,-0.2428256070640164,34325,0.4084359728272574,261676806674.0,USD,Finance,,22.972230637374256,23.20645320169672,23.453254541803595,-0.2868490732568459,-3.27482876712329,-6.978180321119804,22.672119999999964,22.847029999999958,23.371820000000053,24.113207499999994,3.4893058451084857,1.713839,16.344460814258504
WFC/PL,Wells Fargo & Company 7.50% Non-Cumulative Perpetual Convertible,1167.1921,USD,0.10352620316728624,2440,0.2168696115900809,261676806674.0,USD,Finance,,1169.0682230886039,1174.2870881217318,1182.239246418398,-0.11022011502122725,0.36045571797076376,-4.011439426959551,1163.4414199999974,1164.756855000001,1176.5373460000008,1211.361586000005,180.24740946645045,1.713839,16.344460814258504
WFC/PZ,"Wells Fargo & Company Depositary Shares, each representing a 1/1,000th interest in a share of Non-Cumulative Perpetual",18.6394,USD,0.10418904403865423,101078,0.3391706194851806,261676806674.0,USD,Finance,,18.664362817606058,18.768138684616552,18.91836549459756,-0.003218884120183232,0.6990815775256447,-4.609007164790178,18.65188,18.54997000000001,18.73855000000001,19.384111999999966,2.878449540576017,1.713839,16.344460814258504
SNDK,Sandisk Corporation,1741.1999,USD,-0.2177707736389644,5409853,0.4473832598776493,257853888285.6899,USD,Electronic technology,Strong buy,1746.6815518370204,1581.1459395972838,1345.394227367159,-4.7837839315790625,3.7119925188220693,612.5843666871292,1968.5079800000003,1950.7849949999995,1625.695398,711.6047995000001,60.52747409366951,33.80209,nan
BACHF,"Bank of China, Ltd.",0.653,USD,-4.46232626188734,33200,0.09354328729707516,256796903800.40002,USD,Finance,Strong buy,0.6541727714744291,0.646223915694985,0.6342216093163211,0,2.5600753887231003,12.586206896551735,0.6668799999999999,0.6666174500000001,0.637198699999999,0.5893008949999996,5.594191888954623,0.029436000000000004,4.854735561515836
BABAF,Alibaba Group Holding Limited,13.0125,USD,1.067961165048538,33656,0.33463617662060813,249922137353.5684,USD,Retail trade,Strong buy,14.07963738921913,14.903063904819742,15.810308220749176,0,-19.922584138979325,-24.56521739130435,12.852999999999994,13.738041050000001,15.58619642,18.562532604999994,16.887309931574723,0.18057005043,-17.35061036113446
LIN,Linde plc,535.2,USD,-2.092785013903107,726828,0.312994687391158,247583268573.29288,USD,Process industries,Strong buy,522.6455086940155,514.8301534656398,504.27471723506966,-1.566983005958946,4.472076362997537,25.551280848268764,529.078,518.6609999999998,510.698,469.90474999999975,35.52180954150848,4.482326,9.33896472398204
C,"Citigroup, Inc.",142.92,USD,2.1075944845323917,3667966,0.2812170515193724,245094577850.70056,USD,Finance,Strong buy,137.1503922704948,133.12277627380365,128.00697095630738,0.7401141890462979,5.546119193560291,21.934988482211413,141.09399999999997,140.462,132.25420000000003,115.55935000000001,17.710037174721187,2.724025,27.480096044483766
AXP,American Express Company,357.52,USD,1.5797249687464492,1020944,0.3292730545466379,243945334330.93536,USD,Finance,Buy,337.272904409452,331.99398462548675,330.1089935804049,1.5076232929218372,13.888888888888877,-3.242219215155621,347.3220000000004,334.55549999999977,322.32879999999955,338.3077749999999,22.300399201596804,4.396657,11.993629104931163
C/PR,"Citigroup Inc. Depositary Shares, Each Representing a 1/1,000th Interest in a Share of 6.250% Noncumulative Preferred Stock, Series II",25.125,USD,0.17942583732058098,28867,0.14191855280144972,240035600768.0,USD,Finance,,25.05516624948939,25.050229742373748,25.086648957103503,-0.019896538002383626,0.4598160735705655,0.21938571998404355,25.11300000000001,25.010500000000008,25.04630600000001,nan,3.113382899628253,2.724025,27.480096044483766
MBFJF,"Mitsubishi UFJ Financial Group, Inc.",21.425,USD,16.124661246612472,5311,0.03134047045521871,239574350000.0,USD,Finance,Strong buy,19.69648225754306,19.261242508374064,18.73236605520292,0,7.125000000000003,26.812666469369642,20.323499999999978,20.123185000000007,18.99288399999999,17.297212999999996,15.995177809181321,0.348532385201,25.886179737905824
SMAWF,Siemens AG,313.49,USD,-0.5425126903553235,310,0.05253881092807268,238962196701.30222,USD,Producer manufacturing,Strong buy,307.68344805881634,302.3110785702615,296.04902820114603,1.125806451612906,-0.8382362244575117,10.042825049143504,310.6488000000001,308.55890000000005,305.902268,284.6083835,27.715321031057332,2.9745158270800003,-15.273050717717544
PCCYF,"PetroChina Co., Ltd.",1.114,USD,4.1121495327102835,3428,0.056566816664438975,235702822605.554,USD,Energy minerals,Strong buy,1.1986862071306856,1.2345844957975027,1.2396220517232095,-5.593220338983038,-7.1666666666666545,1.2727272727272738,1.0985600000000004,1.204389999999999,1.3278599999999998,1.17830175,9.140106268585994,0.04758815094,-2.990429085349199
LRLCF,L'Oreal Co.,432.57,USD,-1.3208321927183182,55,0.10956175298804781,229707587898.59082,USD,Consumer non-durables,Buy,435.20743263725615,434.0982598380411,433.5437888559099,-3.251996153071955,-3.0242568264359075,-0.8139961478492184,436.02560000000085,442.19340000000057,434.379209999999,434.2006600000002,32.180121195064835,8.57230236,8.615986865506477
MRVL,"Marvell Technology, Inc.",252.15,USD,2.796689632679691,12804361,0.34987442652057105,220580810883.98956,USD,Electronic technology,Strong buy,243.56971898317465,220.7864743554524,191.6720314388783,-1.0477984459618506,-15.809682804674454,190.69633387133968,269.026,278.8315000000001,225.52360000000004,123.54707500000009,86.16388737014762,0.927736,nan
ANET,"Arista Networks, Inc.",172.01,USD,7.512969560597525,4706560,0.5484676801957599,216595452979.05902,USD,Electronic technology,Strong buy,161.55408321671908,157.83247724468208,152.91007954639213,5.615079974211759,8.05531167690957,28.537859007832893,166.57899999999987,163.01874999999998,159.68692000000001,143.26982999999993,58.8994658265991,0.883423,23.546831373212623
RYDAF,SHELL PLC,38.625,USD,4.391891891891892,7186,0.6326316808845928,214350519299.2219,USD,Energy minerals,Buy,40.09075858550514,40.78740314661258,40.868196879390396,3.4136546184738914,-8.623136976579142,5.894448252227549,38.400999999999975,40.59645000000005,42.26463399999996,39.60762849999998,12.202771294380886,1.352709,44.464702042498494
NONOF,Novo-Nordisk A/S,48.1062,USD,-2.0290209256147813,3494,0.2263715759193511,213247612982.59424,USD,Health technology,Buy,45.899252813625296,45.0902337653619,45.26937296164206,-3.9988026342047465,6.453433178652752,-6.134243902439022,47.99272000000006,45.34361500000007,44.4547396,47.6610164,11.37851689404707,0.7813730879999999,24.473615497595326
BHPLF,BHP Group Limited,41.13,USD,1.543019380323417,3297,0.010307035231490947,208968777289.98596,USD,Non-energy minerals,Buy,41.73311741951006,40.89518485105408,39.239233924155165,-0.8437801350048079,-12.021390374331546,45.387062566277855,42.2045,43.37101500000002,40.56785200000004,32.00019915500003,19.764352978369786,1.381916,-1.0764221517754036
IDEXF,Industria de Diseno Textil Inditex SA,66.2575,USD,4.0761829962693765,413,0.04276823345449273,206221553951.6689,USD,Retail trade,Strong buy,63.70329738707835,63.037560223194795,62.392518748789456,0,0.8946246383432183,-0.09800595574655951,64.162,63.99353500000002,61.68041400000002,60.78794999999998,27.98104001434629,0.6038472,10.833829127400978
APH,Amphenol Corporation,166.68,USD,1.2698219818944063,2783998,0.3197539932294806,205055481409.67398,USD,Electronic technology,Strong buy,156.41496246030113,151.49541883422302,146.74290016301762,-0.7857142857142816,16.35602094240838,21.557759626604433,169.24600000000004,159.84849999999992,146.46879999999993,139.07295000000008,47.896551724137936,1.155902,68.63733281643728
CRWD,"CrowdStrike Holdings, Inc.",201.08,USD,3.660171151665132,5862880,0.50236020733549,204751570978.91806,USD,Technology services,Strong buy,175.57852367087372,162.58464429840532,149.40705576365087,6.10521872196719,15.440479949479007,69.68776371308019,192.95149999999995,175.06475000000006,156.8434,126.08801250000013,nan,0.292293,73.039496279336
SFTBF,Softbank Group Corp,35.706,USD,-4.041924213920983,2625,0.30931114934131454,203827857911.1312,USD,Communications,Strong buy,39.265652497059385,38.098195753043726,35.9851064705579,-7.039833376724795,-23.130247578040905,27.067615658362993,36.83220000000001,41.41985500000003,40.821408000000005,32.2909005,6.500758629301422,0.134881297265,325.63050279147217
BCDRF,Banco Santander S.A.,13.87,USD,-5.168877341720226,1495,0.16954534629211698,203525471468.3717,USD,Finance,Strong buy,13.38345812829773,13.027804100713944,12.618816619140418,-4.5423262216104625,10.342084327764509,14.571286965141246,13.979199999999992,13.330399999999997,12.61583999999999,11.660905499999995,11.127931322958531,0.2797076249,42.236139397705216
TOELF,Tokyo Electron Ltd.,446.782,USD,3.5296025952960193,259,0.020092004313187025,203087329605.28467,USD,Producer manufacturing,Strong buy,415.12094798711865,384.95685874160984,349.7289810344476,-5.2444274776781,18.855978419907316,98.70224594173892,467.4051999999998,442.5463749999998,368.18402000000003,265.84816400000017,56.712077581110314,2.199239810625,0.23308245294200833
TD,Toronto Dominion Bank (The),119.87,USD,0.47778709136630965,597445,0.27995645866290797,202519875581.9514,USD,Finance,Strong buy,116.25619691216401,112.84917298761424,108.15424743717661,0.05843071786311134,5.296907940969783,26.98093220338983,120.63600000000004,118.2285000000001,112.5777999999999,95.70725000000004,19.222895332706027,1.7180898155999997,-10.785457988270956
WDC,Western Digital Corporation,573.585,USD,6.416512059369209,4820566,0.4191992378913495,197704498908.1926,USD,Electronic technology,Strong buy,554.2533202161165,513.2103492022798,453.35926343332915,1.1613756613756678,5.19669876203577,223.69356659142218,600.311,612.1120000000002,533.3156,292.90814999999986,34.23958787256524,3.287167,218.5112653294039
MCD,McDonald's Corporation,277.74,USD,-1.0298257492071363,2996487,0.6035518004281097,197335900816.6755,USD,Consumer services,Buy,280.31824388696066,284.78945081037045,290.69654570316527,-0.8283939155895141,1.2172011661807698,-9.024206492187758,273.058,277.1872500000003,280.2736999999997,303.37592499999977,22.8952509706617,3.341138,7.012173606210305
QCOM,QUALCOMM Incorporated,187.09,USD,6.15035460992908,7261865,0.31315943209003494,197192860000.0,USD,Electronic technology,Buy,196.38000777580717,192.23611684938047,184.56210475047718,5.030034244652786,-21.27498422049232,7.647959124961163,183.75399999999996,202.77349999999998,203.5021999999999,168.47955000000002,20.350468814584374,2.227396,-6.380855397148674
AMGN,Amgen Inc.,364.83,USD,-2.4909795536549493,942515,0.402158041712235,196901758347.85626,USD,Health technology,Buy,355.3048526770005,352.0342165257275,348.5810713710366,-1.848264729620663,4.607753182704437,10.96815402865225,364.5959999999997,352.08924999999914,341.7782999999995,335.79869999999966,25.372065205296536,5.600552,31.258158449643542
TMUS,"T-Mobile US, Inc.",180.71,USD,1.7969806219017563,2763186,0.4335236200811445,195565218197.09854,USD,Communications,Strong buy,183.77786880298024,187.2874657366824,192.15973107143495,0.48935105377300525,0.5480595354013151,-10.650185414091466,174.59800000000013,180.76599999999988,186.50099999999983,203.76200000000023,19.2197653765568,2.577603,-8.355183001120901
PEP,"PepsiCo, Inc.",142.77,USD,-1.005408403827478,3544372,0.38075773730187784,195133530775.9354,USD,Consumer non-durables,Buy,144.795314558481,146.8419339367242,148.58724449668134,-1.0191347753743751,0.8547612319864425,-0.314201927105145,140.44599999999969,142.09249999999994,147.1927999999994,150.08624999999975,22.42308115154466,2.206631,-6.377190918715445
HESAF,Hermes International SA,1849.005,USD,-0.3231805929919079,17,0.01018818170921731,193486611009.19855,USD,Consumer non-durables,Strong buy,1896.66160123741,1936.6533502645582,2012.967080445031,-0.3231805929919079,-2.0985948671316215,-25.808321964529323,1846.1645300000032,1895.1212674999995,1891.1409869999945,2260.65117575,36.55109944897249,nan,11.395855258297342
TMO,Thermo Fisher Scientific Inc,516.56,USD,-1.314381782057181,808062,0.3544199664888299,191964782252.54663,USD,Health technology,Strong buy,495.84723113962497,493.0044639324736,496.83357553265546,-0.661538461538472,6.678782371649233,-10.861087144089742,512.2220000000002,487.0819999999996,473.44920000000025,526.64925,28.400050580855144,5.715333,6.7355597415629465
STX,Seagate Technology Holdings PLC,855.64,USD,4.325985173624661,2150163,0.4082941536747505,191859285563.69672,USD,Electronic technology,Strong buy,853.4728137015467,794.7430040555781,703.8924591183871,-0.924017507700148,-3.772014665197144,203.45072170798306,904.9039999999998,947.3735,845.7094999999997,460.03184999999996,81.218794494542,5.088891,52.226685547495876
ADI,"Analog Devices, Inc.",391.325,USD,3.7557004984621813,1578824,0.2618489014496022,190609336265.82852,USD,Electronic technology,Strong buy,395.70056810037016,389.13361604901706,373.1897748616554,0.8816591691264655,-6.714105223008896,42.26378739957102,389.2830000000002,407.1067499999998,408.9285000000007,318.27469999999977,58.153272305771864,3.310761,83.19222497481829
TOYOF,Toyota Motor Corp.,17.855,USD,3.8081395348837277,32330,1.1276477748750449,189986232119.13745,USD,Consumer durables,Strong buy,18.03774981594059,18.613645768973587,19.266395420429546,6.916167664670665,-1.4896551724137908,-15.379146919431284,17.246299999999984,17.42375,18.442563999999987,20.584791000000006,9.602078068710577,0.443028667653,-22.622851784370432
ABLZF,ABB Ltd.,105.5388,USD,-0.6637551297014466,3767,0.2577065688836592,189669514827.88177,USD,Producer manufacturing,Buy,103.82764835151471,101.171853835292,96.79271117923193,-0.24688090737240298,-1.7384503659013566,38.03138896154853,106.33296000000003,105.33441499999999,103.90992399999999,84.81161100000004,38.75305270509242,0.739449,21.447233399497886
EADSF,Airbus SE,239.7,USD,4.521868050407699,591,0.4672306111155032,188698581827.89667,USD,Electronic technology,Strong buy,220.40417140094536,216.33593553780295,214.93540087804288,2.073840650683463,17.373420820683574,-1.2157428394807406,227.2035,216.51279500000015,208.1925979999999,221.3174679999998,32.70322775590234,1.6529628251200001,20.885299878592313
SAPGF,SAP SE,160.5,USD,-1.346118384657937,4256,0.11513998869160827,187393212254.2825,USD,Technology services,Strong buy,164.76007699177285,169.6725996738198,179.02934496769157,0.1966476261822254,-15.95538566266953,-33.63929546018358,158.55960000000036,161.80759999999972,169.37139399999995,212.5792019999999,21.753634970700535,2.01402966236,40.32944821149316
BA,Boeing Company (The),232.8,USD,2.785994966665196,3287563,0.5904391071208789,183516781550.6274,USD,Electronic technology,Strong buy,224.54526055098648,223.5975005342945,222.60645887951293,2.4873431653092695,7.489149505956228,6.715562686225076,221.8059999999998,220.12699999999964,223.81320000000022,218.41020000000063,119.69151670951157,-0.288678,nan
NEE,"NextEra Energy, Inc.",87.435,USD,-1.0244509848313348,2863057,0.23666256710454983,182354906601.0224,USD,Utilities,Strong buy,88.27617713123628,88.84069023169728,88.74082292563112,-0.8448627806758954,2.7740229209521003,8.682411435674332,87.71500000000003,86.5212500000001,89.67970000000008,86.63682500000003,22.197821726878065,1.073657,47.29815638906547
APP,Applovin Corporation,542.02,USD,2.838386521458665,2635342,0.5130630810670943,182086195045.37054,USD,Technology services,Strong buy,510.75660534426055,502.77034369630707,499.3390294929787,5.277265222880442,-6.211121012605657,-20.684255966753007,529.5359999999998,503.36850000000015,501.806,539.6052749999996,47.81320019054004,3.753677,104.69844709281328
BA/PA,"Boeing Company (The) Depositary Shares, each representing a 1/20th interest in a share of 6.00% Series A Mandatory Convertible Preferred Stock, par value $1.00",71.59,USD,3.096198156682036,271458,0.216143608444839,178542593872.0,USD,Electronic technology,,69.94081796183349,70.07204948669029,70.20207248612641,2.4910522548317955,5.3103854074727845,3.0665131010653757,68.65400000000004,68.66175000000001,70.53929999999995,69.94127499999995,36.80719794344473,-0.288678,nan
SBGSF,Schneider Electric SE,315.9,USD,0.38769543663403155,668,0.6326955862852813,177923371376.21057,USD,Producer manufacturing,Strong buy,315.43876887896505,313.02558716430576,308.14392612624255,0.37174721189589777,-1.9971303369915074,13.633093525179849,320.0935999999999,317.31630000000007,318.93283800000006,294.8707200000001,36.85993054833684,5.0555193140200005,10.360674450376802
ALIZF,Allianz SE,469.51,USD,-3.0510896453748426,70,0.15374478365912586,177800643540.7623,USD,Finance,Buy,457.67190976362946,451.9068185665638,446.2621100429032,-0.2082934812642178,5.965062742619845,5.075755880312426,467.9061999999993,453.04189749999995,449.31046200000003,434.9048370000001,14.444954934106514,nan,nan
VZ,Verizon Communications Inc.,42.125,USD,-1.0220864661654188,34986177,0.9042479534902852,175895432006.70233,USD,Communications,Buy,45.04099017383979,45.70438760548808,45.874161322958315,-1.8065268065268032,-6.885499557913356,3.323522197694375,42.623000000000005,45.35749999999994,46.57799999999994,44.46760000000024,10.26462633105095,1.280777,-2.501663023852507
SCHW,Charles Schwab Corporation (The),100.21,USD,3.309278350515457,4699201,0.4373563889246331,174278768259.74545,USD,Finance,Strong buy,93.84886642614084,93.20268719686064,93.27764020513537,3.1073155674452066,13.282839701560029,0.4410143329658191,95.16199999999999,91.90500000000007,90.57220000000001,94.72115000000007,19.872684726133343,1.514466,53.293813649490815
GLW,Corning Incorporated,199.68,USD,1.4685705574470325,7342304,0.3274856768414689,171852153512.3858,USD,Electronic technology,Strong buy,193.11258785235233,184.00020953143112,169.51012587788725,0.2887923457472274,5.440470595690077,124.58666066809135,225.64399999999995,199.2804999999999,189.18839999999986,127.81354999999999,95.8387329013679,0.752727,298.67967853042484
TTE,TotalEnergies SE,76.46,USD,-0.29990872343200414,364786,0.20998351036597362,170673081141.1909,USD,Energy minerals,Strong buy,81.49371290691572,82.83584962286554,82.15505782262511,0.1834381551362691,-14.893143365983981,16.822001527883867,76.67599999999997,81.94300000000004,87.18040000000008,75.17025000000001,11.141441520148796,2.91795,13.176951225257834
SAFRF,Safran SA,408.904,USD,2.08869071099371,354,0.48156713372330295,170477896040.25888,USD,Electronic technology,Strong buy,376.89587697244053,367.5817530131467,361.17849657532525,0.04648727472021945,17.37551040911668,15.022869326972305,398.0836000000003,372.9969249999999,348.03964999999994,353.9808055000001,20.271014319004664,5.73814228074,nan
DE,Deere & Company,628.975,USD,1.240201522687405,399074,0.29806263098973323,169783906010.61142,USD,Producer manufacturing,Buy,598.860857844579,589.0901757812181,577.1271713208945,1.5868529435516507,6.486811363559418,34.97317596566524,627.7669999999997,597.6592499999999,578.9531000000003,534.5767749999995,35.64264140037514,4.715033,-14.629402971355596
DIS,Walt Disney Company (The),97.715,USD,-1.7939698492462277,4385616,0.3656122309783524,169683206813.71124,USD,Consumer services,Strong buy,100.26748609638832,101.07938611503101,102.28679573716083,-1.1482043500252817,-1.97130818619583,-13.861953455571223,97.561,99.81824999999985,101.95769999999975,106.23899999999975,15.634400000000001,1.863094,27.6526214742346
SCHW/PD,"The Charles Schwab Corporation Depositary Shares each representing 1/40th interest in a share of 5.95% Non-Cumulative Perpetual Preferred Stock, Series D",24.27,USD,-0.24660912453760264,19090,0.2408711232240644,168696143311.0,USD,Finance,,24.367486357156587,24.45203122891584,24.56771707333617,-0.12345679012346147,-0.36945812807881717,-3.113772455089825,24.295999999999992,24.28990500000001,24.506263999999945,24.910903500000053,4.812993297108634,1.514466,53.293813649490815
SCHW/PJ,"The Charles Schwab Corporation Depositary Shares, Each Representing a 1/40th Interest in a Share of 4.450% Non-Cumulative Perpetual Preferred Stock, Series J",17.51,USD,0.11435105774730205,45948,0.5715806915494429,168696143311.0,USD,Finance,,17.55831920247897,17.698324782240785,17.921884865807574,-0.3414911781445573,0.5166475315729039,-6.861702127659569,17.478,17.426249999999992,17.745100000000022,18.68863400000005,3.4724150239955582,1.514466,53.293813649490815
FRCOF,Fast Retailing Co. Ltd.,536.645,USD,5.853403554450944,9,0.06293706293706294,168671545717.16092,USD,Retail trade,Strong buy,502.41561853443426,486.9718222230883,465.9248975677866,-4.596444444444447,5.572277305634245,42.62990033222591,520.284,506.04612499999973,483.4060500000003,386.41504649999996,53.76560273946769,2.379830162751,12.77318482897237
RLLCF,Rolls Royce Holdings plc,0.0015,USD,7.142857142857147,50000,0.033989937347028286,167710521209.3912,USD,Electronic technology,,0.001714859934904488,0.0019148652073210414,0.0021976665960062674,-6.250000000000003,-21.052631578947366,-54.54545454545455,0.0014899999999999998,0.0015915500000000002,0.001918220000000002,0.002882155000000003,0.0016131852036416173,0.2671722981,149.73653292629368
UNP,Union Pacific Corporation,281.6,USD,-0.23029229406553667,739814,0.27870265652702453,167189635937.729,USD,Transportation,Strong buy,271.6359535030027,267.3856855255671,261.67099876773625,-0.42784908595876364,6.4690536504215705,21.720337151502065,277.2560000000004,268.5410000000001,267.6983999999998,244.74289999999985,23.181724634698497,3.166666,9.43890880916774
TJX,"TJX Companies, Inc. (The)",151.02,USD,-2.100350058343045,1986937,0.31473617579683166,166832462781.87866,USD,Retail trade,Strong buy,156.51275966062698,156.84977104751408,156.21764333140104,-1.2876658605137583,-5.191788561742722,-1.4551386623164697,151.872,160.7499999999999,157.06079999999986,153.18240000000006,29.336234192583387,1.19166,21.384107521810904
ABT,Abbott Laboratories,95.571899,USD,0.18018763102724975,5193204,0.4346911495060092,166468319322.74222,USD,Health technology,Strong buy,92.57048618125445,93.67527925933605,97.35111519418774,0.6052631578947398,4.165557493188013,-23.358541299117885,93.32037980000013,90.94159495000011,89.00383797999999,111.64115949500008,26.625407159771555,1.278413,-53.436936527909296
RTNTF,Rio Tinto Ltd.,120.752,USD,-1.3464052287581785,292,0.908807967631497,165404570057.1424,USD,Non-energy minerals,Buy,125.63570947823382,123.29660832542784,118.57156521511584,-1.3528527547219182,-7.192375682115146,25.560985754393254,124.62680000000003,125.52795,117.45524000000002,89.01576699999995,19.20285773229162,4.103978,-5.208519584484585
SMEGF,Siemens Energy AG,193.0,USD,2.933333333333333,543,0.12037509144516616,164420928878.88412,USD,Producer manufacturing,Strong buy,189.4569806161017,188.83146538174475,184.0971093030113,0.5208333333333333,5.114100539186311,37.857142857142854,186.66950000000006,182.99803500000004,195.7704200000001,161.93850250000003,65.74028119271004,1.32153130282,1156.3335310399368
RYCEF,Rolls Royce Holdings plc,19.618,USD,-0.289707750952997,7658,0.1891938631815599,163892218481.68436,USD,Electronic technology,Strong buy,18.31079751421071,17.790665726878657,17.278819334586014,-2.3494275759084187,15.11559676094353,22.61249999999999,19.243100000000005,18.135887499999978,17.048713000000003,16.221589749999985,21.098311550027496,0.2671722981,149.73653292629368
WELL,Welltower Inc.,232.14,USD,-1.6605947640430465,748531,0.2143250229634669,163870973786.07355,USD,Finance,Strong buy,221.58303399579995,217.16293773059536,211.77593718234652,-1.5813795734938814,15.561529271206686,25.068692419589446,230.6179999999998,217.20900000000012,214.2737999999997,197.61869999999973,nan,0.642865,-164.84476067270379
SMFNF,Sumitomo Mitsui Financial Group Inc.,42.79,USD,3.7710682672486957,276,0.007473052335735008,163321239726.5625,USD,Finance,Strong buy,40.39353443729898,39.224054596586214,37.76119712607779,-1.2804245010958581,12.052373158756135,33.19844357976654,41.127,40.390699999999995,38.070692,33.490705999999975,16.513419908317715,0.69165544591,29.243213344383395
BLK,"BlackRock, Inc.",1002.915,USD,0.721581151516972,182792,0.18233024864530575,163076301405.98727,USD,Finance,Strong buy,1014.1811194503493,1021.270031555168,1029.2600024047495,0.4190321708569829,-0.8928306734522538,-6.395598446949907,978.1510000000002,1007.06075,1037.9747999999997,1063.4914,25.869059993964232,12.578479,-5.828957020641935
RTPPF,Rio Tinto plc,94.32,USD,-3.940066423122013,1263,0.8087340718447845,162402396767.73517,USD,Non-energy minerals,Buy,99.47175231551822,98.47108428539735,95.46621735602994,0.06365372374282628,-11.119487372785535,14.660831509846812,100.26174,103.80591500000003,97.77476400000002,76.35722849999996,15.18366438615497,3.967143,-10.306158212328349
IBKR,"Interactive Brokers Group, Inc.",94.87,USD,3.876053870579225,1726930,0.35390392240013063,160919643350.05,USD,Finance,Strong buy,89.66672619348623,86.48584805244596,82.52947691636783,3.130775084248299,10.121880441091118,45.0389848646996,90.93799999999995,91.05349999999994,86.4092,73.66642500000003,40.78675838349097,0.613311,28.423144876325097
ETN,"Eaton Corporation, PLC",414.03,USD,3.89190003011141,835500,0.3332972710074218,160767839513.63058,USD,Producer manufacturing,Strong buy,403.9244377273041,399.4167410042733,391.78871524425597,2.0809191548115087,1.341329090686565,28.09937811330095,411.8480000000004,406.74550000000016,406.9744000000005,371.5824500000001,40.4745146342894,3.072341,3.25426466135056
GILD,"Gilead Sciences, Inc.",129.24,USD,-1.546431020035043,4512609,0.5367261887282088,160460489304.80078,USD,Health technology,Strong buy,129.60651733251848,130.78521183658066,131.4733654905576,-2.739313666465974,-0.6533938042893338,5.510653930933149,127.83000000000001,126.11949999999999,129.52819999999983,130.01304999999994,17.58510898848886,-7.294516,54.53876400950438
BUDFF,Anheuser Busch Inbev SA NV,79.6416,USD,-2.5671641791044753,256,0.007211247292261149,157995728138.4167,USD,Consumer non-durables,Strong buy,80.69155066261426,79.49345667937821,77.45622632685354,0,2.4067151944389664,25.163602074493152,81.65830000000004,81.43379500000003,77.70754600000004,68.18978900000005,22.491827861328595,nan,29.175750071893496
IBDSF,Iberdrola S.A.,24.275,USD,-2.997002997002997,4065,0.49258397557074307,157702906602.71368,USD,Utilities,Buy,23.991302536819532,23.676761700214016,23.258411745569934,-1.9191919191919249,6.797184337879447,12.488415199258574,24.894999999999996,24.045500000000025,23.442296000000006,22.035347000000012,23.055618735443502,0.28297163238,25.04558913213052
UBS,UBS Group AG Registered,52.065,USD,2.008228840125389,1021204,0.6544430949474525,157648798010.9825,USD,Finance,Buy,49.135646558441756,47.62016495200382,46.0366831691488,0.8816120906800975,9.587455272574195,11.72746781115879,50.37500000000004,49.41825000000002,46.99030000000003,42.93957500000003,18.600830157568623,0.853437,85.69118793825896
SHOP,Shopify Inc.,120.6,USD,0.9542943244600708,3363632,0.3658126074121134,156497149080.40952,USD,Commercial services,Strong buy,115.63060995792199,116.32523083059147,119.40138223535234,1.3786146603900475,5.327510917030563,-25.642764658733583,118.01599999999999,112.43499999999997,112.09939999999975,136.09300000000002,118.26820885586699,0.38795046399999994,-13.11099438612342
ISRG,"Intuitive Surgical, Inc.",436.01,USD,2.3473627379638975,1132016,0.4533639106682269,154418544192.16666,USD,Health technology,Strong buy,426.2819244986669,434.59956851866934,448.5305542947648,1.6506189821182908,3.81190476190476,-23.072444334662478,413.61,411.31199999999944,428.78159999999997,488.4709999999996,52.88944418835973,2.511071,20.922932496259573
BX,Blackstone Inc.,124.02,USD,1.009936471738064,1353418,0.2571469719608269,151492185333.5043,USD,Finance,Strong buy,120.99496726434111,121.22269201122154,123.64164442070393,0.47800372680870873,5.486093391171219,-20.059301276266595,119.77999999999993,119.904,119.83119999999997,136.42214999999976,31.81794858638206,1.349997,17.915053242981607
CILJF,China Life Insurance Company Limited,3.734,USD,5.1830985915493,24589,2.5569062152297564,150218670889.54694,USD,Finance,Strong buy,3.658822077843517,3.6663684545441435,3.655789923313248,-0.5592543275632466,4.01114206128134,1.7438692098092659,3.5597999999999983,3.6664500000000073,3.6874529999999983,3.59813125,4.89523467572808,0.20016480000000003,44.48759727960711
UBER,"Uber Technologies, Inc.",73.56,USD,-1.1688835147118157,6755605,0.2773279829056136,149738662982.58282,USD,Transportation,Strong buy,73.22674050045113,73.4439806583716,74.58217224928744,-0.8023734070527934,2.3942093541202656,-10.33642125792297,73.66200000000002,71.92600000000012,73.16640000000018,80.99707499999984,18.331796545966558,0.804912,-30.030166175521806
DBSDF,DBS Group Holdings Ltd.,51.98,USD,-0.6878104700038336,3253,0.6003949724073014,147709880361.6336,USD,Finance,Buy,49.66530206500929,48.66802831670784,47.466627786217686,3.339960238568588,1.3057883453517727,16.09156895589056,51.05120000000004,50.78789999999997,48.84655400000003,44.99280499999996,17.3581914567777,nan,2.9161631783345485
ADTTF,Advantest Corp.,209.0,USD,3.5986913849509223,6752,3.6570438173644586,145792182556.1535,USD,Electronic technology,Strong buy,180.76283384131332,173.73017494278275,163.02371469473184,2.222983052505435,25.23969319271333,42.68159475696342,184.67,169.05858999999998,157.365786,73.45889159374998,64.65110008515904,0.961510619784,122.44827441877216
SCCO,Southern Copper Corporation,174.065,USD,1.1946979826754298,262861,0.19886813699107284,145227384184.68314,USD,Non-energy minerals,Buy,178.1874715320552,178.50186143426453,175.77230352605568,-0.9756513824098324,-6.852357253705788,20.891814816756135,171.517,178.72924999999998,180.3408935671997,162.66857511545004,29.48305357475567,1.805158,36.79417966125258
T,AT&T Inc.,20.655,USD,0.3644314868804803,51410842,0.599683616957984,143517938770.1086,USD,Communications,Strong buy,22.522811452217685,23.45270240571464,24.321155683716984,-0.4578313253011994,-9.803493449781648,-16.680112948769658,20.847,22.265249999999998,23.984900000000035,25.68507499999995,6.928882925192889,0.588825,83.06312945222302
T/PA,"AT&T Inc. Depositary Shares, each representing a 1/1,000th interest in a share of 5.000% Perpetual Preferred Stock, Series A",19.075,USD,0.3799440082514088,49410,0.23385042943571574,142996813357.0,USD,Communications,,19.212079840816926,19.40426045524422,19.63468109513085,0.18382352941176547,-0.702758979698082,-5.755928853754937,18.985560000000056,19.025884999999917,19.503968000000015,20.242391999999985,6.398859443139886,0.588825,83.06312945222302
T/PC,"AT&T Inc. Depositary Shares, each representing a 1/1,000th interest in a share of 4.750% Perpetual Preferred Stock, Series C",17.96,USD,0.33519553072626973,56696,0.15061478812157889,142996813357.0,USD,Communications,,18.05287406243287,18.214429665855942,18.42623355671562,0.055710306406693944,-0.5537098560354257,-6.066945606694561,17.884000000000018,17.861500000000042,18.279432000000014,19.032728999999996,6.024823884602483,0.588825,83.06312945222302
UNCFF,UniCredito Spa,94.695,USD,1.8828339340470173,305,0.16411084207694376,142795608017.86603,USD,Finance,Strong buy,89.32285924330523,87.08611282680626,84.86542991265478,0,9.28763091837618,15.481707317073162,91.42400000000005,88.51262500000004,84.62900399999997,80.45811950000002,nan,2.10136070644,nan
BBVXF,"Banco Bilbao Vizcaya Argentaria, S.A.",25.4,USD,0.2961500493583387,656,0.20773298711168814,142739168094.96042,USD,Finance,Buy,24.3135268881707,23.84153537774728,23.335506891027332,-3.3301617507136063,9.624514458351301,5.833333333333328,25.044999999999984,24.108150000000013,23.107379999999985,22.229995000000013,11.64237642425631,0.5891373612999999,12.084507504919758
BKNG,Booking Holdings Inc. Common Stock,182.98,USD,-0.8560901603814545,2050676,0.22038755196731483,141787251044.80072,USD,Consumer services,Strong buy,175.91661503237015,174.8270167890595,176.7780318200437,-1.3505135186133777,9.215709681270143,-14.603708564270773,182.16599999999988,173.11849999999956,168.55859999999976,188.59378200000003,24.05605805637358,2.443064,18.312049898119483
CIHHF,"China Merchants Bank Co., Ltd.",5.6965,USD,-0.061403508771926955,745,0.07245249256024741,139416104837.92206,USD,Finance,Strong buy,5.983689852248162,6.028815357960164,5.965260299448109,0,-3.8468030517858347,-4.581239530988265,6.066799999999999,6.156420000000002,5.840386459999998,6.165742075000004,6.798149525678912,0.2273931,3.212921241932295
DTEGF,Deutsche Telekom AG,28.975,USD,-2.243589743589741,8903,0.6858961024953583,138576131571.91827,USD,Communications,Strong buy,31.15072465090914,32.11947743992347,32.97690665181867,-0.32679738562091115,-10.418921007883746,-11.11963190184049,28.50139999999999,30.657919999999997,32.21212400000001,33.8816295,13.826522365511059,0.6295148926,-21.039392916282
BTAFF,British American Tobacco p.l.c.,63.892,USD,4.682635907854645,372,0.2816261639791051,137954945404.69873,USD,Consumer non-durables,Strong buy,61.76734383925593,61.38278446174702,60.62959118517783,0,9.640663074441434,10.731369150779896,62.875299999999996,61.84225000000002,61.958601999999985,58.327385500000055,13.584764679183191,2.1821022,179.06315695843656
CB,Chubb Limited,353.805,USD,-2.03920591411247,630634,0.3928399589265794,137226850408.62704,USD,Finance,Buy,339.44757300782527,334.38009628944167,328.78502575940325,-1.4800066830028953,11.403066847192932,13.961540939251442,350.1469999999997,334.12925000000007,327.1774999999995,311.7102250000004,12.496688671548005,6.736953,36.293789444800154
DHR,Danaher Corporation,193.78,USD,-2.096700853837218,1777927,0.4150590541461653,137151787583.67313,USD,Health technology,Strong buy,188.01781073277638,187.52983476448213,190.25589585175427,-0.783370027136348,3.0744680851063837,-15.309645557449413,193.73800000000006,186.11299999999966,178.86999999999992,204.0015500000003,37.449752628324056,1.834364,0.3160078323413699
CRM,"Salesforce, Inc.",167.33,USD,0.7344530732647033,4519782,0.31868583529386285,137043270503.67224,USD,Technology services,Strong buy,168.90397341056203,173.88197569773413,182.63021573313793,2.0367095554607006,-11.838777660695468,-36.8566037735849,162.2520000000001,162.79999999999984,173.94240000000025,211.91075000000026,19.369588368754922,3.275297,35.12270658345455
PFE,"Pfizer, Inc.",23.82,USD,-2.055921052631579,34937260,0.6238155268744998,135760750747.92435,USD,Health technology,Buy,24.989416886011092,25.403408062456176,25.686718752791027,-1.3868764231008108,-7.8529980657640275,-4.643714971977583,24.094000000000086,25.039,25.64780000000004,25.864850000000004,18.26266963121981,0.676862,-5.382662314109543
HTHIF,Hitachi Ltd.,30.003,USD,0.593441963387647,93618,1.0949998771870932,135678078169.91942,USD,Producer manufacturing,Strong buy,30.13088413814377,30.48409213995164,30.800985815215398,-3.184898354307836,-8.022685469037391,-9.493212669683253,28.9792,29.7354,30.847361999999997,31.475625500000024,26.97071086999558,0.226382401817,24.79941801511023
PGR,Progressive Corporation (The),230.42,USD,-0.775127034708471,986459,0.256666496589316,134642799936.06648,USD,Finance,Buy,216.0662634594445,211.75562616012658,210.4665060111159,-0.6810344827586261,16.20940084728666,7.502099468134731,225.25000000000037,212.05649999999986,203.8384000000002,213.2543249999997,11.708095363915367,4.688871,32.50920745214481
VRTX,Vertex Pharmaceuticals Incorporated,526.2984,USD,-0.3298234982198221,584560,0.25873158231562376,133577380858.05682,USD,Health technology,Strong buy,483.18163406649086,471.1835659912063,462.80803597284546,-0.06960781521459534,18.108728582488975,15.838006779064147,509.74568,470.3071699999999,448.6880680000005,444.554016999999,31.200071138512612,4.707735,nan
PLDGP,"Prologis, Inc.",53.187468,USD,0.1402067290493911,302,0.1873797853198486,132741677127.0,USD,Finance,,53.039684217526016,53.07364125542902,53.22943926774859,1.1938127853881284,-0.7140787754340072,-5.022378571428567,53.16009360000006,53.23197340000004,53.153755360000076,54.123362839999956,nan,nan,nan
CFRHF,Compagnie Financiere Richemont AG,225.835,USD,-0.4987509197372327,257,0.18549260194875497,132511806028.1136,USD,Consumer durables,Strong buy,218.3967678498097,212.60346739359923,207.26610106868662,-0.26277436735414866,6.374159512959103,6.520918824583755,225.9375999999997,222.09514999999982,207.6257439999998,200.54664149999994,32.835947684277244,3.93796778545,37.975213456299976
PLD,"Prologis, Inc.",138.95,USD,-0.34425876784050646,928682,0.23664008697067604,132284702264.91177,USD,Finance,Buy,141.09662025118925,140.7141189726586,138.94216472104037,-0.18676819194024805,-2.5391035982324506,8.775638014717389,137.90799999999996,142.63150000000002,142.59540000000004,132.37310000000002,34.99735536357454,0.746667,0.21201948560034234
SPGI,S&P Global Inc.,445.7,USD,1.320784741639956,843747,0.26306392317737676,131927204393.26923,USD,Commercial services,Strong buy,413.77008313792794,411.33505315550747,415.72610870968475,1.394544668653456,11.429101482367358,-9.696750857853413,414.4423010400002,397.98301617999937,398.3692304040002,437.6762023380002,28.19922305034988,4.721162,24.096290945636138
CVS,CVS Health Corporation,102.55,USD,-2.072192513368986,2147562,0.31266507711699704,130846340611.71126,USD,Retail trade,Strong buy,98.84609991992689,94.94181971892715,90.55784685672526,-2.4169759253972845,7.9814678319469285,29.351664984863767,103.82199999999997,101.11300000000001,93.93519999999995,81.71725000000009,45.033374319339536,1.832622,-45.60221680760594
UNLYF,"Unilever, PLC",60.605,USD,-1.3991702594972855,5375,2.3576629528906103,130559063212.61555,USD,Consumer non-durables,Buy,59.013699014741455,59.20686071567404,60.261327009298824,0,7.075971731448755,-3.3721301020408196,60.30800000000003,58.55939000000003,57.711575999999994,64.22713224999993,18.922308687887742,1.8387166000000001,17.002459407933067
BNPQF,BNP Paribas,117.855,USD,-1.094336139108252,1100,0.10449221532995791,130188543400.70308,USD,Finance,Strong buy,114.60472443910822,111.92008685872827,108.56796084053978,-1.7006689242163924,8.572086596038698,26.277724204435877,118.17759999999996,115.75045000000004,110.79481399999997,98.3112090000001,9.751221840879861,nan,22.106666890565336
AIQUF,L'Air Liquide SA,203.4188,USD,-1.0278239859330347,54,0.1258447914239105,129562431989.56154,USD,Process industries,Strong buy,200.866693174154,201.72865640086627,201.76577511341145,-0.6113255484438281,-4.0115137787844395,8.20148936170213,201.4237799999999,195.86095500000042,204.21663000000015,198.99603550000006,31.30947246155634,3.5390886198400002,20.738675926965
IVSBF,Investors AB,41.98,USD,3.1094955052316116,2688,0.2659700783661838,127766746398.9194,USD,Finance,Buy,40.693857212709354,40.3384280202108,39.63356896732674,0.9037592539178869,5.961936493513036,16.6111111111111,41.328199999999995,40.47452999999999,40.312698000000026,36.183471,6.416617296314434,nan,367.40626881087917
COF,Capital One Financial Corporation,206.42,USD,0.6337753510140323,1083238,0.2872264292076122,127158736015.21867,USD,Finance,Strong buy,198.3233151401991,196.84765674531153,198.09702237762082,-0.08228859092890069,12.227477844832263,-15.522815633312876,203.85199999999986,195.67999999999998,190.9871999999998,208.6135999999999,72.76508742244782,4.763913,-76.17936014778739
COP,ConocoPhillips,103.79,USD,-0.8975460708488472,1963271,0.27601473431238704,126446732636.7018,USD,Energy minerals,Strong buy,109.92468706837498,112.0102360794656,112.09130994420539,-0.536655486344023,-13.146443514644346,10.874906527080448,103.97999999999998,110.32450000000024,116.1668000000001,105.74547499999993,17.64775896075631,2.945529,-25.34653465346535
COF/PJ,"Capital One Financial Corporation Depositary Shares, Each Representing a 1/40th Interest in a Share of Fixed Rate Non- Cumulative Perpetual Preferred Stock, Ser",17.615,USD,0.3703703703703574,43203,0.34600321952860336,126357910723.0,USD,Finance,,17.57981439122976,17.703677822619014,17.87485837313467,0.3703703703703574,1.3521288837744503,-3.107810781078115,17.548999999999978,17.386749999999978,17.743903999999976,18.412831499999985,6.209461364918217,4.763913,-76.17936014778739
COF/PN,"Capital One Financial Corporation Depositary Shares, Each Representing a 1/40th Ownership Interest in a Share of Fixed Rate Non-Cumulative Perpetual Preferred S",15.695,USD,0.09566326530612608,15650,0.28333073839792305,126357910723.0,USD,Finance,,15.620708044157713,15.739935011262954,15.922806666834164,-0.2858958068614989,1.454427925016158,-3.7706928264868087,15.621000000000027,15.39939,15.771185999999998,16.53063500000001,5.532642413987591,4.763913,-76.17936014778739
COF/PK,"Capital One Financial Corporation Depositary Shares, Each Representing a 1/40th Ownership Interest in a Share of Fixed Rate Non-Cumulative Perpetual Preferred S",17.105,USD,0.02923976608186552,2583,0.23194626533287835,126357910723.0,USD,Finance,,17.039440623633187,17.146385980515824,17.304269932697803,0.3814553990610404,2.2414823670053794,-2.7019340159271783,17.07100000000004,16.858249999999966,17.164413999999997,17.801850000000016,6.02968133107727,4.763913,-76.17936014778739
COF/PI,"Capital One Financial Corporation Depositary shares each representing a 1/40th interest in a share of Fixed Rate Non-Cumulative Perpetual Preferred Stock, Serie",18.335,USD,0.027277686852168893,59277,0.2948461976942338,126357910723.0,USD,Finance,,18.301269160474597,18.451124378072354,18.662060616486052,0.19125683060109366,1.4665190924183762,-4.205851619644721,18.31500000000002,18.07,18.47615800000003,19.284884999999964,6.463268471517202,4.763913,-76.17936014778739
COF/PL,"Capital One Financial Corporation Depositary Shares, Each Representing a 1/40th Interest in a Share of Fixed Rate Non-Cumulative Perpetual Preferred Stock, Seri",16.03,USD,0.3128911138923699,58339,0.7396827449622988,126357910723.0,USD,Finance,,15.987930263572926,16.120269491397917,16.302835002437252,-0.062344139650860414,1.5199493350221787,-4.866468842729971,15.962,15.770250000000004,16.137897999999986,16.83663550000002,5.650733220530175,4.763913,-76.17936014778739
LOW,"Lowe's Companies, Inc.",223.16,USD,-1.9076923076923091,1028949,0.3809250102510557,125127394714.48,USD,Retail trade,Strong buy,223.5741713059161,226.50320859701213,231.28202525135055,-2.122807017543861,7.291040650015621,-7.594202898550726,222.54399999999993,219.21499999999992,221.9966399999998,243.12226000000027,18.8741161744308,4.255,-2.0584653871323124
SNEJF,Sony Group Corporation,21.1,USD,2.4868855644064527,8091,0.05628721436377917,125028760888.6711,USD,Electronic technology,Strong buy,21.06019374788939,21.215568812105356,21.700226855041137,4.300543746910534,-8.340573414422234,-22.025129342202504,21.03360000000003,20.81887500000004,21.14850199999998,24.357474999999976,nan,0.274902402203,-128.10501299022633
IVSXF,Investors AB,40.4,USD,3.1612277207497055,113,0.2665094339622642,124928276515.69855,USD,Finance,Buy,39.60904603252304,39.315911748766034,38.58680773616294,0,2.7989821882951693,11.072925974293756,39.684400000000004,39.46444999999998,37.725769999999976,27.657558000000005,6.175115263723277,nan,367.40626881087917
SYK,Stryker Corporation,325.82,USD,-0.22049366080726013,1082169,0.3903903080575123,124906602277.00697,USD,Health technology,Strong buy,320.08567658370004,321.4829490949583,327.2807760462576,-0.5129770992366434,6.613003501194326,-7.247779549077654,322.2220000000001,313.18200000000013,308.97699999999986,347.2703249999997,37.73991405372222,3.488564,16.505627378478323
IITSF,Intesa Sanpaolo S.p.A.,7.15,USD,1.8518518518518632,369,0.0027081276856516937,124794428695.61449,USD,Finance,Strong buy,6.8530707583042245,6.786661727923594,6.726093655740799,0,7.843137254901968,-0.5563282336578586,6.879999999999998,6.783407500000003,6.776487000000003,6.6497182499999985,11.498501912451745,0.1598884,15.4398102756725
LMT,Lockheed Martin Corporation,538.76,USD,-1.3097397006832587,308312,0.2206888100382801,124218446509.76843,USD,Electronic technology,Buy,533.0038217140625,539.6543067540509,545.4161824678338,-1.1449541284403686,3.607692307692306,11.486808070356956,523.6039999999996,520.8459999999999,520.0481999999988,540.830999999999,26.091967939559776,7.219627,-10.80754195373751
BMO,Bank Of Montreal,175.26,USD,0.6489404467926235,284043,0.42839225499597167,123767866265.43709,USD,Finance,Buy,168.53198992771587,163.31240182741504,156.7231982224046,0.25168744994851716,6.65774099318403,34.63931781516479,175.94800000000012,171.03400000000008,161.88920000000016,140.75005000000002,18.282165521901042,2.6165010726,22.926046761535368
VRT,"Vertiv Holdings, LLC",321.07,USD,6.834592220410615,3480067,0.42530745225991323,123325820161.50793,USD,Electronic technology,Strong buy,313.0976332453966,306.79799022578186,290.2365289924715,2.910349690695209,2.331436949211964,89.46095063877496,314.96199999999993,311.5765,324.9198,233.40225000000007,80.59997489644785,1.420394,130.95431354359923
PH,Parker-Hannifin Corporation,967.235,USD,0.45124572900331583,160117,0.27284316182959656,121955168998.60469,USD,Producer manufacturing,Strong buy,937.2159613924381,928.5180904325435,918.8972296369672,0.442900609572467,10.567679100126893,9.712344460702578,967.169000000001,938.72775,905.9107000000013,886.6598249999988,35.68237490223856,8.267483,4.3367808437996755
KYCCF,Keyence Corp.,501.776,USD,-3.5009038809184982,2124,0.9455549125228152,121693879795.89716,USD,Electronic technology,Strong buy,493.5960912354447,478.7201300327887,458.15938610133395,0.5271013432970437,-0.6384158415841563,47.49441504997061,511.81319999999994,484.31524999999954,485.1728960000022,402.63165954999903,43.403386867353696,2.8480455872439996,5.50662903600504
MO,"Altria Group, Inc.",72.015,USD,-0.9558520148535183,2344731,0.30387056018802133,120257215800.04004,USD,Consumer non-durables,Buy,71.63373899262889,70.75082098252992,69.32510388502074,-0.46302695231512614,1.0453206117581095,24.895941727367337,72.45299999999997,71.59125,71.15209999999998,64.91812499999996,15.052673383219764,1.494031,-19.928367001958186
PIAIF,Ping An Insurance (Group) Company of China Ltd.,6.29,USD,-0.15873015873015534,2545,0.06845648776525208,119514187086.35428,USD,Finance,Strong buy,6.850943052685199,7.160404800681328,7.419661219434726,0,-13.83561643835616,-24.171187462326703,6.5394999999999985,6.945795000000001,7.599742000000003,7.585078390000003,6.1240319129865135,nan,14.5776861270325
FTNT,"Fortinet, Inc.",162.9,USD,4.256000000000004,2244238,0.39572342402137906,119348420526.5069,USD,Technology services,Buy,144.6272276361703,133.2316556767194,120.88490488427878,5.269960257197325,9.726525663478377,103.7013880205077,157.43400000000005,148.44250000000002,128.3216000000001,93.56632500000005,62.93949462947222,0.744066,6.532208273307267
MRAAF,Murata Manufacturing Inc.,64.38,USD,-4.5090477603085235,40436,1.372628891876112,118740673886.71584,USD,Electronic technology,Strong buy,60.29560739311707,53.829717680987095,46.33752122743875,0.5937499999999929,9.118644067796602,199.4418604651163,69.30160000000001,65.99327749999999,52.030803000000006,29.53311775000001,80.1861029223894,0.246804540554,-3.653664724373558
ESOCF,ENEL Societa per Azioni,11.65,USD,-0.8510638297872309,1722,1.05147462905294,118324331203.8353,USD,Utilities,Buy,11.593096822139726,11.555212682786307,11.434679760207459,-1.0615711252653928,1.2163336229365818,11.376673040152957,11.668000000000008,11.513625000000008,11.588009999999999,10.866872999999996,24.91561631464205,0.19034371402000003,-38.106477578362274
ENBGF,Enbridge Inc.,18.0,USD,0,280,0.3732338043188483,117879122369.3454,USD,Industrial services,,17.61396389373921,17.47969710863875,17.422656684912884,0,0,-1.4406097540943292,18.00262,17.033005,nan,nan,8.454635082900571,0.416674368,12.963747234326824
EBBNF,Enbridge Inc.,24.59,USD,-0.17050990581358227,6694,1.7929076494536105,117879122369.3454,USD,Industrial services,,24.56289183874115,24.5238984563254,24.451296048839705,-0.040650406504071396,-0.040650406504071396,2.1094593472302927,24.628399999999957,24.571824999999958,24.575872099999973,24.269347525000036,11.549970927140281,0.416674368,12.963747234326824
EBGEF,Enbridge Inc.,24.92,USD,-1.5019762845849762,1779,1.4024438312968073,117879122369.3454,USD,Industrial services,,25.114429164555546,25.129222383093595,25.09809860034985,-0.3199999999999932,-1.8897637795275468,0.8498583569405134,25.154,25.206224999999968,25.185229999999965,24.830582499999995,11.704972570326792,0.416674368,12.963747234326824
EBBGF,Enbridge Inc.,25.19,USD,0.06355763883372444,1704,0.3622294970451937,117879122369.3454,USD,Industrial services,,25.056025531470766,24.989397963738288,24.896986118599866,0.07945967421533401,1.1646586345381635,2.6571032684000366,25.090399999999992,25.025175,24.99281599999998,24.644793999999948,11.8317920965703,0.416674368,12.963747234326824
ENB,Enbridge Inc,53.755,USD,-0.6009615384615306,1568940,0.4787068452845435,117384602472.11102,USD,Industrial services,Buy,54.85576290830058,54.64944580293643,53.91751904754557,-0.4997686256362721,-5.444151275285837,12.17654424040067,54.1469999999999,55.31075000000006,55.23896000000014,51.10018999999998,25.248828271184458,0.416674368,12.963747234326824
BMY,Bristol-Myers Squibb Company,56.875,USD,-2.158954068467233,3698232,0.2722543636772976,116142806699.14417,USD,Health technology,Buy,57.18466883722083,57.31842073192985,57.03784439263826,-1.4980949082092172,-0.2717867788883064,6.887803044540497,57.52500000000011,56.30774999999996,56.907880000000034,54.06981999999984,15.964464155392129,1.608129,33.756335648582706
IFNNF,Infineon Technologies AG,88.7,USD,3.7426900584795355,515,0.08739330380627536,115432001713.4699,USD,Electronic technology,Strong buy,85.47392001817687,80.22647752180072,72.97804950439473,0.7954545454545486,-2.59704606599681,99.59495949594962,88.903,90.46112499999995,82.651916,53.755852000000004,93.14722541498543,0.51046884232,48.88543768339495
SBUX,Starbucks Corporation,100.8,USD,-3.3278987244653293,2394640,0.3228873918894431,114881751379.74875,USD,Consumer services,Buy,101.79429201293645,100.90393132817424,99.2426152634388,-2.9462738301559814,6.9042316258351795,19.68653526478271,102.94200000000005,101.1270000000001,102.0375000000001,92.82672500000031,76.93481911158601,0.657973,-52.37541347097525
MZHOF,Mizuho Financial Group Inc.,46.952,USD,3.350209112920974,13413,0.20833786365542628,114492085187.5,USD,Finance,Strong buy,46.90792685647394,45.7100973326432,44.11348490934433,1.4564155754354111,0.014911066141224618,30.785515320334266,46.35699999999999,47.70244999999998,45.110207999999986,37.65664699999999,14.82349576143538,0.720496537189,35.90802922046076
NOW,"ServiceNow, Inc.",110.2299,USD,3.6774830699774337,10409151,0.46128217594259435,113680975552.70837,USD,Technology services,Strong buy,104.34434506189538,104.69113702635349,109.10578438225572,5.8884726224783925,-7.5174930782783775,-27.991964985628435,104.31997999999999,101.65549500000014,100.29099799999999,132.4630895000001,65.5701029088097,0.859009,14.104391502070182
HWM,Howmet Aerospace Inc.,279.18,USD,3.2432232535778933,774361,0.1692945148394422,111702008591.64386,USD,Electronic technology,Strong buy,267.5327957790164,261.83038151544076,253.28830766941047,2.2674823253599024,12.237677896598857,35.86062582120784,270.8860000000001,268.55550000000005,260.44000000000005,228.0458,64.76592585718926,1.24181,40.55234927777234
ZIJMF,Zijin Mining Group Company Ltd.,3.995,USD,6.533333333333337,90776,1.8238879981354454,109816989445.33008,USD,Non-energy minerals,Strong buy,4.056774047058741,4.203966867232559,4.322520951184701,7.972972972972971,-5.999999999999997,-15.0,3.641000000000001,3.8373450000000053,4.2685870000000055,4.540355749999998,12.631436499444785,0.11283098442000002,70.92361166516264
SO,Southern Company (The),96.07,USD,-1.949377423964085,1341940,0.2199498013430125,108299824946.58948,USD,Utilities,Buy,95.32955977364828,94.86752389476112,94.33053533142704,-1.3047051571810253,4.265248534838282,10.209934610531135,96.32600000000004,94.53550000000004,93.86180000000013,92.72097499999992,24.572217817223827,0.991114,-6.2556946242746925
ZFSVF,Zurich Insurance Group Ltd,729.0,USD,-0.38466005752820787,756,2.16,107275822944.72185,USD,Finance,Buy,711.872480022099,710.0618689805877,710.2926095298515,1.25,4.142857142857143,0.6906077348066298,730.9629999999995,711.4730999999992,707.3287200000003,717.9571866,14.787305027314208,23.46,26.558481531120037
BNS,Bank Nova Scotia Halifax Pfd 3,86.85,USD,1.69789227166275,7284977,2.050002259652727,107045582369.8762,USD,Finance,Buy,83.76440597843578,81.65368063313555,79.07663698041057,0.9648918856079961,7.010842779694428,17.444219066937105,86.6079999999999,84.96199999999996,80.82960000000001,73.05354999999999,16.32633575429238,1.4644691514,53.813572502080554
TT,Trane Technologies plc,483.825,USD,1.1910986551774607,340250,0.23398817701238256,106952169165.90242,USD,Producer manufacturing,Buy,472.5302581869431,466.6396089259488,458.2889393226351,0.4995637904532368,5.740230789404666,23.778397462136716,483.6090000000002,475.3147499999999,471.4657000000006,434.4582750000004,37.42631929080867,4.256319,7.558033114235796
CM,Canadian Imperial Bank of Commerce,115.085,USD,1.040386303775231,450479,0.21434829181428283,106638976785.23143,USD,Finance,Buy,112.41707658803631,110.31899524640538,106.7826948216071,0.6163664976394461,5.981213739755034,26.550472839234654,114.72500000000005,113.06774999999986,111.77589999999991,96.37447500000002,15.507083057755908,1.7590657554,28.852264365883386
MDT,Medtronic plc.,83.265,USD,0.09015506671475279,4409525,0.4982436094277665,106582974040.42392,USD,Health technology,Strong buy,81.38759541461272,82.12807639337142,84.1117465963538,0.0180180180180187,1.4190012180268043,-13.30174927113703,80.96300000000008,80.53275,79.05570000000002,91.27967500000004,22.346421191057672,1.388313,3.002073255010367
BYDDF,"BYD Co., Ltd.",10.74,USD,5.294117647058833,228579,0.982553980955787,106046124697.20143,USD,Producer manufacturing,Strong buy,10.859160533451158,11.28564645304456,11.725772875074425,-0.23223409196470368,-6.60869565217391,-15.232833464877661,9.913000000000011,10.363950000000006,11.64288800000002,12.5970895,25.566326263172908,0.1044978,-40.930309800384116
HOOD,"Robinhood Markets, Inc.",117.5214,USD,4.250332653242257,14764706,0.5064208375171765,105922665293.3697,USD,Finance,Strong buy,100.8371190192764,95.63228564088134,93.32778172926803,5.485503994255455,35.753032228254604,1.7695145395659828,108.20227999999997,98.52806999999984,87.16642799999998,102.371632,56.836775160806695,0.405737,18.0126705096741
AXAHF,AXA,50.64,USD,0.7360254625024815,225,0.013883147093486026,104239223363.65132,USD,Finance,Strong buy,48.57592196252716,48.03497836611798,47.57000862729871,0,10.08695652173913,1.7480409885473125,49.78599999999998,47.67497000000007,47.46398599999997,46.8555825,9.516587773872134,2.512532,46.9467483863275
NEM,Newmont Corporation,97.22,USD,0.18549051937344663,2798796,0.3372868832344475,103787477815.0002,USD,Non-energy minerals,Strong buy,101.28827332590092,103.77152589593922,104.79076057908057,-0.8060401999796003,-7.312422537896847,-3.7330428755322274,95.094,98.60800000000006,106.26080000000002,103.41974999999998,12.611233623038007,2.127726,73.0415263748597
GLAXF,GSK plc,25.77,USD,0,313,0.1665868327212731,103224186732.22185,USD,Health technology,Buy,25.88884056484971,26.080404612111963,25.99849237331166,2.603917821309125,9.846547314578,1.5166436872168525,25.762199999999986,25.477559999999976,26.432744000000007,22.996289500000053,13.690962307298511,0.6122506824,91.03740860452251
CDNS,"Cadence Design Systems, Inc.",373.735,USD,0.15945757624484838,758431,0.3268334601212035,103082100365.10762,USD,Technology services,Strong buy,370.29658767569924,360.0945614753638,348.07592448838045,1.1187770562770538,-7.0315570569300645,18.382958504909734,374.52900000000017,381.65724999999964,368.3812999999999,327.580525,87.24991245476829,2.053912,8.486982068686055
SNYNF,Sanofi,85.245,USD,0.6363185606686674,4478,0.3957018892600251,102792563394.24811,USD,Health technology,Buy,86.83503629223864,87.9563802335779,89.45790666850043,1.7850746268656772,-2.810397902177619,-9.496761864316799,83.83079999999988,86.35280000000023,88.76104199999975,94.29848399999987,17.056590346447436,nan,9.067004402783253
BNY,The Bank of New York Mellon Corporation,149.25,USD,1.7937525576319706,1343795,0.2980145653774713,102442075674.89085,USD,Finance,Strong buy,143.08958829020344,139.3454873832978,134.2892822006145,1.2001627339300314,3.5451644234771846,28.652702353245406,146.06000000000003,144.32350000000002,139.45579999999995,121.71149999999997,18.491444996468967,2.226662,31.533660349070292
PWR,"Quanta Services, Inc.",680.96,USD,1.8928341637862807,304526,0.17970669178844173,102184959470.41776,USD,Industrial services,Strong buy,686.7953053759467,673.5063057167877,641.9741270757073,0.8769850675515634,-3.5385443522112383,60.24473467466762,695.0320000000004,700.4744999999996,712.9784000000001,539.6375999999998,93.42296611332145,3.292499,17.851541657908776
GD,General Dynamics Corporation,376.2,USD,0.7121057985757798,351111,0.27118311299655523,101735834456.03256,USD,Electronic technology,Buy,358.24537048450526,353.9046179139569,350.3266043146382,0.8822504089458484,9.634551495016611,11.784631841683,362.982,353.6975000000002,345.01559999999995,345.41254999999995,23.654872765457092,3.929883,10.37337775001735
RCRRF,"Recruit Holdings Co., Ltd.",74.92,USD,2.630136986301372,592,0.16200979721408829,101710475620.11798,USD,Technology services,Strong buy,67.63844593330631,63.41495203313253,59.485086936116495,0.018690091581443132,10.602615961498719,27.871650452295608,72.16199999999999,69.83752500000003,59.92427199999997,52.68595249999992,34.22380862140358,0.667643680847,22.927653716688813
PNC,"PNC Financial Services Group, Inc. (The)",252.27,USD,1.1142731171590048,459954,0.22056315500920967,101302713012.3,USD,Finance,Strong buy,238.37383678734173,232.56957302701923,226.60520516486213,1.1994544287548177,10.780783418232922,20.859483543333504,249.26600000000002,238.61250000000024,226.64740000000018,211.53325000000015,14.64650863044955,4.428576,21.59906809276713
DUK/PA,"Duke Energy Corporation Depositary Shares, each representing a 1/1,000th interest in a share of 5.75% Series A Cumulative Redeemable Perpetual Preferred Stock",24.7701,USD,0.16215123331985004,20122,0.11804999847465462,101035671165.0,USD,Utilities,,24.71709694490927,24.74682359280449,24.790824855645052,0.08121212121211854,0.5280032467532417,-0.9734704320849495,24.66402,24.651005000000033,24.78853599999991,24.968041999999972,3.791825487944891,1.316766,8.965804837364464
BNY/PK,"The Bank Of New York Mellon Corporation Depositary Shares, each representing a 1/4,000th interest in a share of Series K Noncumulative Perpetual Preferred Stoc",25.4,USD,0.039385584875927575,17250,0.3363064775551981,100636898730.0,USD,Finance,,25.424401387379614,25.445317956831133,25.470764183278384,0.07880220646177925,0.3159557661927263,-1.167315175097279,25.305999999999983,25.346999999999973,25.511699999999998,25.602609500000003,3.146952783318672,2.226662,31.533660349070292
MAR,Marriott International,376.31,USD,0.9009250569781508,668282,0.41419773971975726,99228671282.94035,USD,Consumer services,Buy,377.38370130530234,371.2725144901529,360.33162143345794,0.8265791412686663,-3.040375151374613,21.17533408468845,372.60999999999996,386.3795,372.8030000000001,324.8171749999998,39.487712229007954,3.051277,8.54233581630561
DUK,Duke Energy Corporation (Holding Company),126.5852,USD,-2.32623456790123,1617720,0.42826372194721324,98685344456.44875,USD,Utilities,Buy,126.51414801789687,126.32530303430585,125.96278744361355,-2.0010838429975903,3.334857142857143,8.026284348864987,127.37304000000003,125.53476,125.129704,124.33417599999993,19.3777573670111,1.316766,8.965804837364464
SPOT,Spotify Technology S.A.,479.38,USD,-1.356050785027889,626333,0.36828496733855487,98672000775.32881,USD,Technology services,Strong buy,478.80562178866785,482.2128011523412,493.21213988258484,-0.14164896054659976,-4.309639299758475,-18.17778384652147,471.8500000000002,473.5535000000003,468.49220000000025,544.06705,38.18787241500175,3.1375277611800003,106.90951046645789
BN,Brookfield Corporation,44.07,USD,1.4736357356665912,2070311,0.5583646096404025,98434558399.78136,USD,Finance,Strong buy,44.17295943929714,44.25064393775686,44.27375934632629,0.9853345554537115,-1.4755197853789328,-4.403470715835144,42.99999999999996,44.079500000000046,44.905800000000035,44.95638529425005,88.82811731484102,0.626900032,169.9492374738812
EQIX,"Equinix, Inc.",997.44,USD,-0.4570767050557801,235420,0.31242008517966013,98371776150.57425,USD,Finance,Strong buy,1043.8911779690068,1038.5701194784244,1013.2731654544734,-1.4494471944749048,-7.594819440069668,30.18690612926805,1028.1279999999997,1066.3540000000007,1073.087799999999,908.3235749999985,68.97925311203319,4.674099,50.236888039231985
USB,U.S. Bancorp,62.81,USD,1.7495545115827078,3514315,0.3829982252119126,97841126689.1361,USD,Finance,Buy,59.328067987475464,58.02824512352812,56.682846158117535,-0.1430842607313137,13.130403458213253,17.776111006937942,61.63599999999999,59.115499999999955,56.57040000000002,53.27239999999994,13.156130870093419,1.27071,18.199598920551608
BCLYF,Barclays Plc,7.2,USD,3.448275862068969,4201,0.04299629194083071,97104326703.27397,USD,Finance,Strong buy,6.611228989379712,6.419781673311691,6.234725811354192,-1.0989010989010999,16.788321167883215,15.200000000000003,6.938999999999998,6.571234999999997,6.172943999999998,5.843848500000008,11.975139610169288,0.2035957032,18.367794117082507
ADP,"Automatic Data Processing, Inc.",242.365,USD,0.039212448920625274,551272,0.1791817074430037,96881601316.59734,USD,Technology services,Buy,229.27914222664285,225.85870583667275,226.64347527870518,-0.41704330676308093,3.983610777415478,-5.705559662296216,233.8569999999998,226.08824999999973,219.57470000000004,239.54630000000012,22.591605223664956,2.594205,9.820039308819906
BPAQF,BP Plc,5.95,USD,-5.330151153540175,10800,1.8379224669003777,96593245567.9118,USD,Energy minerals,Buy,6.780663301219478,6.900241578404075,6.846902998128335,-5.854430379746836,-15.362731152204836,-1.3266998341625218,6.278499999999987,6.964829999999997,7.293542000000001,6.090585000000001,30.742871787240727,0.252277,nan
CIXPF,Caixabank SA,13.8,USD,5.848513902205186,275,0.07953263730225295,96169778057.45454,USD,Finance,Buy,13.05074097122057,12.775889437589097,12.375590512118025,-5.154639175257731,5.848513902205187,11.290322580645164,13.2375,12.778249999999996,12.362750000000004,8.151384019999998,13.991127631852642,0.24612420854000003,4.590508053802476
USB/PR,"U.S. Bancorp Depositary Shares, Each Representing a 1/1,000th Interest in a Share of Series M Non-Cumulative Perpetual Preferred Stock",15.4401,USD,-0.2577519379845036,61281,0.6729457808701153,96158776477.0,USD,Finance,,15.563909035707422,15.668931740044156,15.82295760676365,-0.38645161290323055,-0.5148195876288679,-5.565137614678911,15.472020000000018,15.518255,15.669559999999999,16.302084499999992,3.234070629634284,1.27071,18.199598920551608
USB/PQ,"U.S. Bancorp Depositary Shares, Each Representing a 1/1,000th Interest in a Share of Series L Non-Cumulative Perpetual Preferred Stock",14.665,USD,0.17076502732239465,27031,0.4715131471073573,96158776477.0,USD,Finance,,14.775967607515092,14.857932971338792,14.975269363992705,-0.10217983651226545,-0.23809523809523908,-4.524739583333336,14.683000000000018,14.754250000000003,14.865578000000028,15.353875630000012,3.0717188220015914,1.27071,18.199598920551608
USB/PP,"U.S. Bancorp Depositary Shares each representing a 1/1,000th interest in a share of Series K Non-Cumulative Perpetual Preferred Stock",21.45,USD,0.2805049088358986,26667,0.3725861955745696,96158776477.0,USD,Finance,,21.67726130680184,21.846726262097803,22.087787454413405,-0.04659832246039871,-1.1065006915629414,-5.088495575221248,21.47599999999997,21.620750000000008,21.90037799999992,22.883940000000003,4.492899333919818,1.27071,18.199598920551608
USB/PA,"U.S. Bancorp Depositary Shares, Each representing a 1/100th interest in a share of Series A Non-CumulativePerpetual Pfd Stock",766.0017,USD,-0.5192597402597366,266,0.18068197255807633,96158776477.0,USD,Finance,,770.568422668039,772.2474312479795,775.1120294414626,0,-0.19781894934333358,-0.9053428201811089,767.8623400000004,768.2923399999956,775.0489799999975,786.1964379999976,160.44608520799295,1.27071,18.199598920551608
USB/PS,"U.S. Bancorp Depositary Shares, each representing a 1/1,000th interest in a share of Series O Non-Cumulative Perpetual Preferred Stock",17.45,USD,-0.11448196908986591,13162,0.2141513670413204,96158776477.0,USD,Finance,,17.55266201973036,17.651934588444465,17.820066599617363,-0.17162471395881657,-0.11448196908986591,-4.278661546900719,17.49199999999995,17.494504999999997,17.640915999999994,18.42316750000002,3.655062628293745,1.27071,18.199598920551608
USB/PH,U.S. Bancorp Depositary Shares repstg 1/1000th Pfd Ser B,18.55,USD,0.10793308148947423,20600,0.23349337830914524,96158776477.0,USD,Finance,,18.714966543808405,18.75223690210677,18.802985568103523,-0.2688172043010791,-1.7478813559321944,3.5156249999999942,18.537999999999993,18.700245,18.839497999999917,18.858449499999935,3.8854677223409158,1.27071,18.199598920551608
TKOMF,"Tokio Marine Holdings, Inc.",50.48,USD,9.894416022640677,13733,1.2750095163821036,96079054785.15956,USD,Finance,Strong buy,46.888258860689575,46.19831788112534,45.14912817689104,5.166666666666661,21.03193631917138,26.738639216670848,45.48850000000002,45.27543000000005,46.12182200000002,41.68150000000004,15.597602487182419,0.663900686163,-10.030390006458116
INGVF,ING Groep N.V.,33.56,USD,4.776771776459573,424,0.17826361151986547,95134196692.25594,USD,Finance,Strong buy,31.141186963136132,30.326226305647502,29.34417133631895,0,3.5802469135802584,16.436811518778732,31.662700000000008,30.009175000000006,28.278804,20.935754559999992,13.312696258165198,0.71804624174,nan
MNST,Monster Beverage Corporation,96.5,USD,-1.1270491803278633,1432971,0.2539354185391405,94377781880.37398,USD,Consumer non-durables,Buy,92.48510208652253,89.4691636867914,86.01689647957613,-1.066229239286453,8.426966292134832,25.86409286552758,97.04199999999996,93.61250000000005,87.54560000000009,77.74722499999994,46.831020091235565,0.578347,36.0401399617086
AAIGF,"AIA Group, Ltd.",9.105,USD,0.16501650165017126,41213,0.09463245052881017,94206198457.0235,USD,Finance,Strong buy,9.584317502718285,9.87240541434684,10.07308324479679,-6.114662817075685,-6.615384615384611,-16.09841503870254,9.23140000000001,9.342525,10.234532000000007,10.324388000000004,15.40526730605649,0.374732,-4.647512065929555
ATLPF,Atlas Copco AB,20.15,USD,-0.1239157372986475,4917,0.1658213163184093,94122233223.37056,USD,Producer manufacturing,Strong buy,19.76826911604108,19.61202124012036,19.397658833452017,-0.1239157372986475,8.713245211761523,2.596741344195509,20.2985,19.2634635,19.675099400000004,17.620151520000007,35.791151049101686,0.1494072411,-5.163753757816815
CHDRF,Christian Dior S.E.,520.63,USD,-3.942804428044281,1,0.06622516556291391,93927160826.72923,USD,Consumer non-durables,,529.7396159647438,539.1743558608778,553.6383141569769,0,-0.6582964432911093,-26.298131370328427,534.04648,525.2958075,599.2366930000001,637.0995607499997,17.657654079532456,nan,-1.2990388512299729
UPS,"United Parcel Service, Inc.",109.76,USD,-0.8133020061449407,1132685,0.2718323349936436,93296689099.58432,USD,Transportation,Buy,107.53150186100254,106.48594952273768,105.35520434266685,-0.9117992236164946,-0.6517016654598107,10.53373615307151,109.09400000000001,107.75449999999998,104.83040000000008,100.71789999999989,17.769431268111838,1.661778,-9.902564252166055
CMI,Cummins Inc.,671.9101,USD,1.5430104276862642,197637,0.17264100015199346,92716244442.8583,USD,Producer manufacturing,Strong buy,667.7677109794085,654.578333426792,630.2506827111812,0.7150073447852131,0.3539893060907628,31.630933490057807,684.04602,685.2890049999999,676.9567620000005,557.5241405000002,34.875976476328404,7.270319,-4.155514651012388
MSBHF,Mitsubishi Corp.,26.6,USD,-2.3674068636447037,7600,0.8177406686105935,92338776318.36096,USD,Distribution services,Buy,29.108045633297706,29.977975247231125,30.104474933780857,-8.244222145567427,-13.411458333333327,12.664125370605685,27.556,28.74944499999999,31.29717,28.34209700000001,20.133642468287228,0.48303850123099995,-15.8891610718286
HCA,"HCA Healthcare, Inc.",415.155,USD,1.133982947624841,521120,0.39923190453736346,92097901327.56526,USD,Health services,Strong buy,404.5635500269851,414.96172748229446,428.41855680483167,0.24750682152946593,13.591715004925017,-10.87269214255046,400.223,386.4507500000001,402.5228999999999,459.845975,14.27768148239858,7.354432,29.19984359448315
RACE,Ferrari N.V.,389.345,USD,1.1364521910798242,387610,0.6357379495421444,92049264319.27292,USD,Consumer durables,Strong buy,366.9207878724454,361.1109294846415,360.70594819216683,0.676182349442766,11.694589477307948,4.927774483910964,377.92099999999994,361.3477499999998,348.26869999999957,372.3011249999994,37.52182755545958,2.83917143854,8.872330655924301
DDOG,"Datadog, Inc.",258.375,USD,-0.7624058995237415,2199822,0.5270601771971148,91971210638.37715,USD,Technology services,Strong buy,233.18140449929135,214.77557523866207,194.69863947578133,3.438957503452971,8.835299073294017,88.25136612021858,258.42900000000003,235.80875,210.46009999999998,156.70232499999997,689.5516413130505,0.582929,-18.825823223570197
ESLOF,EssilorLuxottica,198.35,USD,0.359289799276352,1731,0.6407314184187148,91844988891.55139,USD,Health technology,Strong buy,201.68721529658146,209.55234345959852,224.30071753886818,3.022905521217469,-0.6710401121738712,-36.44206967820494,192.9959800000004,198.29661000000027,202.77924999999988,280.25111050000044,33.89781949981748,4.43499928598,10.222765343239438
MCK,McKesson Corporation,784.445,USD,-0.23591504514815015,399734,0.3129838818789525,91841049098.12222,USD,Distribution services,Strong buy,779.2744114668227,790.2995695272114,803.1487078925954,-0.03504434702823647,2.6760471204188545,-4.102078239608796,768.3870000000003,771.42075,771.1901000000005,827.3863249999991,20.39331042120533,9.631121,49.00157656000032
WM,"Waste Management, Inc.",228.37,USD,-0.8810763888888894,631844,0.26052677748798014,91707850371.00291,USD,Industrial services,Strong buy,223.99076687701634,223.79889777536235,224.019993271016,-0.6914245955818418,4.116896142974378,4.116896142974378,225.82000000000033,220.9729999999995,220.84359999999975,221.54049999999972,33.05207398616378,1.99162,4.211034357937912
MELI,"MercadoLibre, Inc.",1804.79,USD,2.3494918791398276,147527,0.3457709985210741,91497765803.45622,USD,Retail trade,Strong buy,1710.308686885254,1717.5393379357442,1759.4663219169895,2.3048188058703074,10.711426687318847,-10.986658775369289,1738.172,1652.7069999999997,1683.0621999999996,1939.659725,47.65524744004774,8.735692,-6.841315524069561
SNOW,Snowflake Inc.,263.75,USD,1.3838170286373335,1870037,0.2535607186517052,91415749464.69345,USD,Technology services,Strong buy,234.82925217951552,219.4075877565165,208.58418316523293,3.7568843430369836,8.897605284888526,19.940882219190538,258.2479999999999,241.378,200.57119999999998,206.74450000000004,nan,0.446162,16.45828381269312
MGCOF,Midea Group Co Ltd.,11.78,USD,1.6919889502762409,1152,0.08118393234672304,91199174709.00206,USD,Consumer durables,Strong buy,11.413178190372193,11.42100890223023,11.424294479307253,0,1.063829787234032,-3.71096942945889,11.271000000000004,11.075649999999996,11.373492,nan,14.50950687154849,0.26276525583000004,3.4366654531341627
CSX,CSX Corporation,48.8915,USD,0.0030681120883617446,3894347,0.33358106701584456,90847197678.33923,USD,Transportation,Buy,47.157207189658095,46.022903507591614,44.40615617027876,-0.7480714575720613,5.437783049385386,34.33576040664925,48.330300000000044,47.16932499999997,46.19773,39.82925750000001,29.904887149061103,0.501636,-2.5801453938743832
GMBXF,Grupo Mexico S.A.B. de C.V.,11.55,USD,-3.2663316582914472,7388,0.2609392825229311,89916747524.31358,USD,Non-energy minerals,Buy,11.825640769645817,11.7400911067038,11.450838450973894,-0.25906735751294785,-4.466501240694782,20.43795620437957,11.590940000000012,11.874340000000007,11.857968000000005,10.412332000000001,15.192127091229986,0.206394,66.96645358323435
PROSF,Prosus NV,45.0,USD,7.244995233555765,200,0.05868200222991609,89632748685.76836,USD,Technology services,Strong buy,45.33598554388098,46.9068873490714,49.22906583495083,0,-0.9900990099009963,-28.435114503816795,44.16564000000001,46.13761630000001,52.52496652000004,47.96126963000002,8.55016397000002,nan,1.243835755316769
ELV,"Elevance Health, Inc.",412.305,USD,-1.3364761061523318,454594,0.27604526959279324,89537133595.88347,USD,Health services,Strong buy,398.41888879077885,386.6388398491968,373.65360066426405,-0.9929401594467369,0.35902928218485086,17.549536707056312,404.22900000000004,401.14725000000004,390.48550000000074,345.49877499999906,17.541758494226563,6.203454,-8.294186500195076
ABNB,"Airbnb, Inc.",148.06,USD,-0.5841670583495632,779101,0.21266471189714367,89236482557.00974,USD,Consumer services,Buy,142.1072865591624,139.54212860458807,136.94318948383852,-0.7108369098712461,10.476048350992382,8.915698102103873,146.914,139.9564999999999,137.9678,130.21047499999997,36.4688785438065,1.262278,2.1538384117957854
WMB,"Williams Companies, Inc. (The)",72.68,USD,-0.6289308176100543,1530070,0.17279284907939846,88887515048.8302,USD,Industrial services,Strong buy,73.70829849174302,73.36101401716019,72.21067789232525,-0.5337347748733904,0.5394937059067652,20.91166195308602,73.598,73.4245,74.08000000000003,67.46314999999989,31.93461927149699,0.499127,22.09108953382329
NET,"Cloudflare, Inc.",248.34,USD,2.4462687182872025,1032300,0.34155650837862306,88191183073.70934,USD,Technology services,Strong buy,233.7667069496808,226.4854593059834,218.7351459515561,3.161217962032158,-7.290850039198118,24.856711915535445,245.21999999999997,234.20099999999988,226.2673999999999,208.35789999999994,nan,0.268393,-4.503367003366998
SHECF,"Shin-Etsu Chemical Co., Ltd.",44.5,USD,6.699275883565906,223,0.09540106951871657,87824840393.06331,USD,Process industries,Strong buy,43.76861993140289,43.31696510162762,42.00911515778242,-3.1028851388132765,-5.226391787707119,34.11693791440627,43.06599999999999,43.6802675,44.66019900000001,36.98298825,27.983863145689263,0.41625831976299993,-11.411643452079458
ITOCF,Itochu Corp.,11.29,USD,-1.517794836008385,4874,0.32317954566552176,87819799731.44745,USD,Distribution services,Strong buy,11.774176150477857,12.008840574947905,12.187786224307287,-7.154605263157903,-2.7394900068918107,-5.916666666666674,11.524199999999988,11.693410000000002,12.21097099999999,12.454839649999998,14.004963927849818,0.26481537353699997,-1.7722361211992697
CEG,Constellation Energy Corporation,244.45,USD,2.1734587251828583,1413234,0.3659510853352955,87782488853.36926,USD,Utilities,Strong buy,261.3155312517122,270.3544116515848,280.93889708467105,1.2508801723066652,-6.34099616858238,-31.71787709497207,245.57799999999992,257.2930000000004,277.9793999999999,316.4830750000004,21.229016317987995,2.408615,21.378125395286084
FCX,"Freeport-McMoRan, Inc.",60.885,USD,-0.13941282597999155,3988215,0.2732011685008828,87525831055.32507,USD,Non-energy minerals,Strong buy,63.06859457503755,62.77041535545361,61.36940681239,-1.4327343370568317,-9.779951100244501,17.709038182696947,61.37899999999993,64.69874999999999,63.45370000000002,55.18802500000001,32.390807043677185,0.586129,55.154766817994215
ADBE,Adobe Inc.,219.34,USD,-0.172947387584196,2456390,0.3609479421431185,87187650484.1612,USD,Technology services,Buy,222.37142322175407,230.58459111672482,244.12182546647082,1.4993058769088428,-15.404196235729703,-37.45205674770086,212.29799999999986,212.10800000000012,234.18939999999998,288.0094749999999,12.545255921161756,6.049348,11.805369041681042
JCI,Johnson Controls International plc,142.585,USD,1.2965331059960337,1071772,0.18264641598168851,86993329514.61633,USD,Producer manufacturing,Buy,141.26064961736327,140.12521552977327,137.35055023866653,-0.08058864751224995,-2.171526586620921,18.367092810891595,142.94499999999988,143.71824999999995,142.09009999999998,127.45045000000009,25.50259345376498,1.300759,49.09730926158032
MCO,Moody's Corporation,497.91,USD,1.5086338708691023,277855,0.24866505469100844,86984877212.15305,USD,Commercial services,Strong buy,467.18257120796056,462.2099407723464,461.9624819177407,1.1292779526759424,10.232681706480115,-2.3169583300635646,472.4899999999998,455.3585000000001,452.23569999999984,471.0191749999992,35.702454449631084,4.198883,20.48362433153924
KKR,KKR & Co. Inc.,96.66,USD,3.0051150895140593,1195023,0.2222121851602158,86788393525.1509,USD,Finance,Strong buy,95.26728847274089,96.29893969922993,99.07344472813865,2.1344040574809764,0.8135168961201514,-25.0,92.75599999999993,94.43549999999996,96.62000000000003,110.4758000000002,32.94590817682948,1.415517,27.19035852083061
SNPMF,China Petroleum & Chemical Corp.,0.5613,USD,12.260000000000005,13000,0.18932305357696783,86183663647.69592,USD,Energy minerals,Buy,0.5492166669297762,0.5612309153864478,0.5723212705011422,0,2.0545454545454502,-2.110219741890478,0.5405096,0.5506553000000002,0.5780289399999998,0.5684724349999999,13.289001621670149,0.012510300000000002,-16.120063077458617
SHW,Sherwin-Williams Company (The),347.84,USD,-1.316386745347266,615603,0.19532447024841415,85789736775.98093,USD,Process industries,Strong buy,332.9469481555737,329.78789613487174,329.91074964721247,-1.4980318862741826,15.431074533749255,7.607115235885529,346.9979999999999,326.0920000000002,317.62260000000055,333.5543000000001,33.38035602898133,3.496848,-1.3938568103105617
MHVYF,Mitsubishi Heavy Industries Ltd.,25.42,USD,9.005145797598633,190177,5.968565519362523,85414135463.86552,USD,Producer manufacturing,Strong buy,24.513571561542825,25.297545352157286,26.101752165350856,1.7206882753101373,-3.492786636294602,5.4771784232365155,23.44929999999999,23.09998750000003,25.360675999999998,27.66203600000001,40.836912140066936,0.147155666658,27.8771392951948
DASH,"DoorDash, Inc.",195.88,USD,2.0155200249987004,1193099,0.23453656069488302,85348586583.70044,USD,Transportation,Strong buy,177.99469663794278,175.07644293383422,177.13501339465756,2.058041994477147,22.793380140421252,-14.734688547425238,189.22200000000007,171.30049999999994,166.35220000000018,198.79439999999985,93.30284843288558,0.463946,174.50313807531379
CME,CME Group Inc.,235.45,USD,-0.48605240912933456,1294626,0.3062172731835597,85317515794.1082,USD,Finance,Buy,250.71509190010465,260.9081786277815,269.33822234971234,-0.17383193419826382,-8.556004349852426,-13.515399731859178,228.49199999999936,244.7540000000002,267.9999999999999,280.087725,20.094734146965944,2.970743,17.79430984216348
SNPS,"Synopsys, Inc.",441.185,USD,0.9207155274956484,501595,0.23304970461724106,84477806416.92755,USD,Technology services,Strong buy,455.381493078019,457.98100039789114,458.8550957470268,1.365913059461445,-9.589532357883524,-7.883033365348477,445.241,455.99524999999994,482.39790000000016,456.5854249999998,102.06709080393291,3.667162,-68.87197361409169
LLDTF,Lloyds Banking Group plc,1.45,USD,-0.34364261168385674,1501000,6.779207839853522,84341049842.59018,USD,Finance,Strong buy,1.3767549086371025,1.349175819713937,1.3217263922508216,-0.34364261168385674,3.5714285714285747,6.617647058823518,1.4860000000000004,1.3753000000000002,1.3227200000000006,1.125151295,14.007956519302963,0.0338252355,nan
CMCSA,Comcast Corporation,23.605,USD,-0.7776376628835592,12862550,0.2566325724727717,84322458277.9542,USD,Consumer services,Buy,24.133490771603363,24.91481994449764,25.860299168164822,-0.6941522928060545,0.8760683760683841,-15.688018421154656,23.978999999999996,23.506750000000004,24.87859999999999,27.510811572299954,4.642084562438545,0.965273,24.843485306032253
ACN,Accenture plc,137.705,USD,0.2584637786676507,2956992,0.18532525946436945,84267495950.88322,USD,Technology services,Strong buy,151.09889393242904,162.86190575539163,178.68781827247082,1.2834657252133013,-23.882040793764848,-48.76855537780423,131.073,147.02374999999984,165.3623,220.213025,10.997220846843106,3.182653,-0.3414327441164492
KKR/PD,KKR & Co. Inc. 6.25% Series D Mandatory Convertible Preferred Stock,41.26,USD,2.3567353014140306,30042,0.10696519981471043,84256391976.0,USD,Finance,,40.964506226937324,41.42953688818841,42.42709933667,1.6256157635467898,0.38929440389293574,-20.477980148405127,40.075999999999986,40.548500000000054,41.68425799999997,46.381435999999994,14.063192337843825,1.415517,27.19035852083061
MRSH,Marsh,174.57,USD,-2.2235913520779653,1370664,0.5264267848312746,84106861764.25742,USD,Finance,Buy,170.21028429339387,170.059227249609,172.01805215925856,-1.998540391848651,6.894862531382029,-5.335936229054825,171.72600000000028,166.84350000000003,165.38820000000055,179.01384999999993,21.84281978453723,2.902064,-1.9711019527033586
BE,Bloom Energy Corporation,294.4,USD,8.678799512717337,5868566,0.33772124312361446,83740282262.46814,USD,Electronic technology,Buy,274.5083243874753,259.03109819260493,233.61389425927916,4.798519151359804,5.142857142857134,225.05244562217072,286.5,283.856,280.61019999999996,165.9609,nan,0.398293,32.85714285714286
MMM,3M Company,158.305,USD,-1.3307155322862074,858310,0.2580657537144513,82566706468.36845,USD,Producer manufacturing,Buy,157.43624523610472,156.0121755929837,155.5626063948948,-1.3184141628225787,3.0698613190962973,-1.1211742660836899,160.609,160.1382499999998,152.80749999999983,158.01072499999987,30.540764749006446,2.237518,-34.5232681521904
NGGTF,National Grid PLC,16.574,USD,-0.048245085031957055,551,0.04103671706263499,82470198024.35034,USD,Utilities,Buy,16.55194821006828,16.66607570515858,16.69729349285048,0,3.432351472790818,4.436042848141161,16.54509999999998,16.185025000000003,16.78047,16.158996499999997,19.22862738182527,0.45950278,10.73462745815208
STOHF,Equinor ASA,32.35,USD,4.591011962495964,197,0.010967109804707506,82004330904.66327,USD,Energy minerals,Buy,35.10103946533714,35.19931795004712,34.123576098946046,0,-12.742083400766026,34.10994113257608,32.3738,36.51935000000002,37.286984000000004,27.57766450000001,14.485229499912723,1.366371,-31.960101946209623
CNQ,Canadian Natural Resources Limited,39.38,USD,-0.6559031281533754,1999842,0.21753530044727268,81925639040.06635,USD,Energy minerals,Buy,42.01238896188987,42.81295260785178,42.5914963129898,-0.8559919436052273,-17.355718782791175,16.871939456892722,39.34999999999996,42.09349999999999,44.934000000000005,39.21920000000001,11.807594007131161,1.3752872319999998,34.74076146436405
WEBNF,Westpac Banking Corp. Ltd.,23.9,USD,-4.400000000000006,1100,0.1638050422170268,81640961458.39732,USD,Finance,Buy,25.103437454672093,25.55346409143655,25.794284406221816,-4.400000000000006,-3.0425963488843815,-6.677079265911757,24.727000000000007,24.906369999999978,26.75780800000002,24.115931500000023,17.072494321886616,0.7271128219999998,14.37204156459396
MITSF,"Mitsui & Co., Ltd.",28.7,USD,1.5569709837225678,876,0.14411924386752875,80720641845.70158,USD,Process industries,Strong buy,30.66046419452441,31.996076763479394,32.650300354577894,-0.17391304347826333,-7.419354838709679,-8.160000000000002,28.05716000000002,29.90680750000002,33.646244,31.60324150000004,15.66753292321542,0.46519521005100006,-10.33536165710747
VLO,Valero Energy Corporation,270.715,USD,1.103600239020012,581871,0.17954127771446116,80384157701.69003,USD,Energy minerals,Buy,256.72509862513607,249.99667755614885,239.15844695759205,1.1527108321189627,4.749651756694002,65.82848392036752,266.93500000000006,254.33025000000006,250.10190000000003,205.90982499999998,19.659482069977194,10.073893,385.49871311215315
GLCNF,Glencore Plc,6.85,USD,-0.29112081513828914,14570,0.45800038978756574,80140012109.01479,USD,Distribution services,Strong buy,7.196228435502876,7.232006598691426,7.076693009180876,1.33136094674556,-14.375000000000004,20.17543859649122,6.818399999999994,7.325350000000002,7.571566000000002,6.291323499999997,240.97724893336783,0.270457,nan
NAUBF,"National Australia Bank Ltd. (Victoria, Australia)",25.76,USD,-6.666666666666665,7000,0.986958054282693,80081864757.28494,USD,Finance,Buy,26.818760914670023,26.804378061229553,26.37310568952843,0,-7.620584543661466,-8.894783377541989,26.199000000000005,27.578149999999972,24.89883376,21.754239939999998,19.452725067764735,0.8335751979999999,-3.338127732374052
ENGQF,ENGIE SA,31.61,USD,3.9871044147641284,840,0.2672775868652157,79928808531.72737,USD,Utilities,Strong buy,31.207937106226293,31.255681449367696,30.861615319082187,-0.02530204313998077,0.05064252706209482,18.61163227016886,31.2212,31.103149999999992,31.63324,28.56496650000001,17.828134008749004,nan,3.5250456672288224
VCISF,Vinci SA,142.17,USD,-4.8043121631122645,1164,0.37973444687306296,79870228803.31898,USD,Industrial services,Buy,146.50075506689504,146.98673242258454,146.60260207638007,0,-1.3838310269482916,0.5445544554455317,147.02300000000014,147.70344500000004,145.54580400000003,132.81586750000005,13.999609494299971,3.9972100000000004,16.304065595490236
EPD,Enterprise Products Partners L.P.,36.81,USD,0.16326530612245516,1069987,0.41066690698009045,79639109011.63347,USD,Industrial services,Buy,37.08067789021496,37.10597953463297,36.742905714020054,0.16326530612245516,-3.1060805475125024,14.672897196261685,36.69999999999997,36.884999999999984,37.7546,34.740100000000034,13.684014869888477,0.759572,1.055636951049994
BAESF,BAE Systems PLC,27.0883,USD,2.7921449577838957,24466,1.0473324400799648,79428188424.15387,USD,Electronic technology,Buy,26.14320265275876,26.47749823825297,26.68931815521594,-4.792984675945457,4.394558347464159,15.26936170212766,25.361559999999994,25.088515000000022,26.220987000000022,26.44484375,29.556241430443393,0.5086167363,14.336737814628211
ECL,Ecolab Inc.,281.66,USD,-0.5999435347261394,367337,0.23377095795645833,79269682151.73566,USD,Process industries,Strong buy,273.12748957867495,270.8479128987807,270.25830987055787,-0.9111697449428233,9.68922813303219,7.833078101071989,280.12000000000006,271.31100000000004,262.23879999999997,270.5686,38.08532215536475,2.076065,0.5971489199629989
EMR,Emerson Electric Company,141.36,USD,1.6612729234088475,574175,0.19885026158848448,79175734287.00757,USD,Electronic technology,Strong buy,141.66134469381382,141.17034201574688,140.48437915203587,1.668584579977001,0.30511601504293395,6.102229227651448,141.17999999999998,143.31949999999995,140.68239999999997,138.59705,32.613510520487274,1.673064,3.4463007159904335
MPC,Marathon Petroleum Corporation,269.695,USD,1.255866341280259,670174,0.3006311795068345,78733847183.51372,USD,Energy minerals,Buy,257.2065456418107,250.357350296284,239.93641154761605,1.191280204112266,1.6604470579365873,65.60945655511208,263.16099999999994,256.4297499999999,252.16870000000006,211.06467500000002,17.623438235140362,12.570289,114.97787455222308
ITW,Illinois Tool Works Inc.,273.64,USD,0.32262795131250754,368697,0.2607364425316859,78726234158.80614,USD,Producer manufacturing,Buy,265.09964338164144,263.6519051665059,263.0517464575423,0.10609109200657166,8.41950948928246,10.942631258868834,270.66200000000026,263.02250000000004,257.84820000000013,260.2738000000001,25.40525485098876,2.790606,-5.191535807337499
AEM,Agnico Eagle Mines Limited,153.875,USD,0.009749122578959026,1482347,0.5306065016224811,78395785884.90012,USD,Non-energy minerals,Strong buy,164.9264908658943,172.3091323410109,177.91482223396943,-1.7965409407109567,-10.82294986960302,-9.612899436090231,154.29499999999996,160.56025000000005,174.9944999999998,185.06380000000007,14.5666366497109,3.088477568,131.3305660574122
CP,Canadian Pacific Kansas City Limited,87.72,USD,-0.07973573299921105,704536,0.2508218222561255,77872234723.22945,USD,Transportation,Strong buy,87.39277473486405,86.42436514988002,84.76897024636584,0.49261083743841516,-1.846257133266203,18.813490451036163,86.99800000000012,87.73649999999994,87.21700000000003,79.25180000000005,27.203004831261097,0.870605824,12.587181014183418
NOC,Northrop Grumman Corporation,546.58,USD,-0.4426148886176846,340542,0.31354057543297786,77632651327.92453,USD,Electronic technology,Strong buy,547.1370912187256,564.0763883188661,582.6079048354115,-0.07678244972576949,-0.6218181818181744,-4.039747888832316,524.174,529.5122499999995,546.0745000000002,612.713425,17.07630256091427,6.811118,25.97993490059943
CVNA,Carvana Co.,70.49,USD,2.7551020408163276,2108894,0.17722596580820782,77315950024.05101,USD,Retail trade,Strong buy,68.14786083732295,68.75422726019269,69.6044998888667,2.4117390672671752,6.819215032580694,-16.417662682602927,67.29999999999998,66.87799999999999,70.48272000000001,73.18467500000007,35.379441879140735,0.39004,248.80952380952377
MIELF,Mitsubishi Electric Corp.,36.795,USD,-2.1721790917792196,4135,1.2921875,77309124693.60585,USD,Producer manufacturing,Strong buy,37.621767802880825,37.52847613847363,36.68896256896438,-1.8799999999999955,-3.8340912654853345,22.65000000000001,37.22699999999999,36.849145,38.549294000000025,31.756599999999995,29.45373473931241,0.311105771119,20.251508213789734
NPPXF,NTT Inc.,0.9061,USD,0.027598388254122915,98596,1.01639702532024,77231719882.70403,USD,Communications,Buy,0.9147641559352281,0.9267225491040806,0.9415932208924291,0,-4.8713910761154855,-12.029126213592233,0.8967660000000001,0.9166994,0.9420791200000006,0.9921819850000001,11.428951501077178,0.018469677512,-0.48233331407778346
RCL,Royal Caribbean Cruises Ltd.,286.515,USD,-3.302396220047258,1030600,0.38223182066926176,76841880614.06111,USD,Consumer services,Strong buy,292.1811136378678,289.03459499754,287.59185039338274,-3.2011216595155316,-1.8649815043156575,2.877917414721719,305.61700000000013,301.72625000000005,281.50910000000005,288.6677249999998,17.4891957222385,3.933937,37.58860483085296
CHGCF,"Chugai Pharmaceutical Co., Ltd.",46.505,USD,0.9332609875203466,10739,2.165470237135022,76536205499.2689,USD,Health technology,Strong buy,47.582412816590946,48.950494025829414,50.32725298349479,-2.5001310341212757,1.0319356941125384,-13.350102478106948,45.892499999999956,46.269125,48.649082000000064,51.50904300000002,26.874554385590802,0.466518653172,4.159491019369339
XIACF,Xiaomi Corp.,2.984,USD,2.5429553264604756,36184,0.7122105611236645,76448575339.44424,USD,Electronic technology,Strong buy,3.2318525632852424,3.461693178201382,3.784737189027537,0.8108108108108115,-18.246575342465754,-42.83524904214559,2.873840000000003,3.1203625000000015,3.571556999999999,4.756133749999997,16.229739931307844,0.03337203474,11.869946423812152
HLT,Hilton Worldwide Holdings Inc.,335.095,USD,-0.8946527859931318,428705,0.13474487657991002,76283831610.13606,USD,Consumer services,Buy,334.88848375664577,330.4759602350725,323.1728218572394,-0.7243585945369416,-1.1490014454703625,16.810750514170188,333.6669999999999,340.9862499999999,330.41130000000004,299.7026250000003,51.22288631743072,2.260367,3.1910530632847522
AON,Aon plc,356.13,USD,-0.372069602193248,389995,0.1898171156783209,76061157411.19353,USD,Finance,Strong buy,337.0945544198762,333.0498079244862,332.24273804087665,-0.16259706764598247,9.578461538461537,1.4268626110731348,343.2819999999995,330.9535,323.1926000000005,336.0901500000008,19.54116962786563,3.809343,55.29197235784827
MDLZ,"Mondelez International, Inc.",59.2,USD,-2.807420784764396,2887565,0.28404284030977184,75992066802.21968,USD,Consumer non-durables,Strong buy,60.53167187936788,60.338406680786896,60.00884582493472,-2.871205906480722,-3.1809632839970563,9.75157582499074,59.49000000000001,61.173999999999964,61.03240000000002,58.82539999999999,29.351975804452376,0.678524,-25.044596402556852
ICE,Intercontinental Exchange Inc.,134.33,USD,1.0075945559816553,2393591,0.4526339124715502,75965298902.65923,USD,Finance,Strong buy,138.0655840666077,142.71419677511204,147.70324765662733,0.47120418848169326,-5.799438990182316,-16.74104375852237,128.014,133.72949999999997,145.1791999999999,156.80372499999996,19.557969220913474,1.909557,42.23616633532139
BAM,Brookfield Asset Management Inc,47.295,USD,3.1066056245912455,764973,0.27022527409758,75520013578.52783,USD,Finance,Buy,46.75539577396588,47.01524849630136,47.64822734881423,1.9948242398102314,1.906916612798977,-9.72513838518801,45.48499999999998,46.339749999999945,47.34980000000006,50.38702499999997,30.658113183383055,0.42147846399999994,13.918809923757516
AMXOF,America Movil S.A.B. de CV,1.23,USD,-12.765957446808507,13440,1.0310939262123409,75290763058.13797,USD,Communications,Strong buy,1.297920182592355,1.2632806783643815,1.2079336461368197,0,-9.558823529411772,20.588235294117645,1.3333399999999995,1.2880849999999995,1.1198617999999998,0.9180818500000001,15.200129502137482,0.023875712469999998,203.85455876821186
AMT,American Tower Corporation (REIT),161.5,USD,-2.728422574233573,1588498,0.3906400509423794,75241729671.68884,USD,Finance,Strong buy,174.05997396184472,176.42441010475193,178.4314076834818,-2.1212121212121215,-16.743994226208883,-7.8511925139792265,165.17000000000024,178.5420000000002,179.9145999999999,181.07520000000025,26.069831635700336,1.562104,58.97402997331144
TDG,Transdigm Group Inc.,1340.54,USD,-0.5895483095907308,77218,0.1891221341327514,74981203880.89107,USD,Electronic technology,Strong buy,1296.3204882144157,1277.8721918479375,1272.8731817146038,-1.4301575746880524,8.627549490709606,0.8660451607563404,1330.7380000000016,1293.9464999999989,1236.2136000000005,1284.5618500000005,41.81947503384765,10.252809,8.239322242219385
ALAB,"Astera Labs, Inc.",437.215,USD,7.577136951921647,2309584,0.4177972212493472,74942126592.4587,USD,Electronic technology,Strong buy,367.2194439401894,325.14639868107156,281.15890458564064,4.76732483465925,27.56090444930707,154.66115269243087,442.695,392.65225,308.93330000000003,196.67247499999993,294.6987058506336,0.689561,532.3955669224212
CL,Colgate-Palmolive Company,92.935,USD,-2.3073688636602476,1305046,0.272622042998522,74365593334.05629,USD,Consumer non-durables,Strong buy,91.2688112808888,90.2726140887884,89.20719248357112,-1.853416411447878,8.101663370943356,17.743570252122126,92.98099999999968,90.6277500000003,88.85210000000035,84.82610000000014,36.06185246983043,0.948261,-27.029475889798103
INTU,Intuit Inc.,271.425,USD,-1.4254585073542805,2516354,0.4554941300207181,74244778425.02887,USD,Technology services,Strong buy,295.7403507454656,323.52366101027286,366.8154671765919,-0.18203883495145795,-10.662563359884135,-58.91235240690281,268.25099999999975,273.7424999999983,330.15480000000025,503.4445250000001,16.43535759051027,3.536743,34.38603629261943
AEP,"American Electric Power Company, Inc.",136.06,USD,-1.7688253555699869,3192722,0.4969043648795265,74030929011.18042,USD,Utilities,Buy,133.64441392695898,132.38810789637105,130.48452038274516,-1.3271448255856002,5.883268482490275,17.862092862092865,136.88000000000005,132.20099999999994,131.40079999999998,124.26212499999995,20.124539632297473,1.516054,30.44124172792346
MKGAF,Merck KGaA,169.871,USD,-0.07588235294117099,53,0.22476675148430872,73856149229.7591,USD,Health technology,Buy,161.05624179310942,155.70695686307397,150.78024885415562,1.8045067721443098,2.6596966217441294,14.972690170491859,170.11100000000005,161.2271000000001,149.511096,141.44008300000002,25.246382746526887,2.27838229056,-4.042813325539984
CI,The Cigna Group,278.86,USD,-3.096222677832981,779496,0.43264784615751467,73767504943.83932,USD,Health services,Strong buy,283.5517393782364,282.7563631109134,281.9479351053263,-2.880228467941344,-1.4628975265017619,0.7951998843345581,279.6240000000001,286.0104999999998,284.8488,280.37550000000005,11.813799005278632,7.568705,30.779203510404905
CNI,Canadian National Railway Company,121.275,USD,-0.23445212240868424,442041,0.30029120790173586,73565408914.09515,USD,Transportation,Buy,118.25287673394526,116.0105720239907,112.99349872411038,0.15277892476670432,1.5916230366492194,22.599069955519617,120.44700000000007,118.43125000000005,115.85850000000003,103.9893250000001,22.210443022962902,1.354821952,10.05730492344155
FDX,FedEx Corporation,308.13,USD,-1.5559105431309919,601998,0.21401877398831348,73521898028.11946,USD,Transportation,Strong buy,316.9985815660202,313.5873982237234,303.7628689578548,-1.5716339242932489,-5.980532755622012,32.43607413017016,314.7099999999997,324.9764999999999,317.8750730103994,264.38273961819976,16.614991399438132,4.411465,9.976279428334232
ARZGF,Assicurazioni Generali Spa,48.0,USD,6.743284624296994,9894,1.5393471699287427,73358846612.63698,USD,Finance,Buy,42.265714484203315,39.44416511494041,35.92403284930798,0,6.743284624296993,18.264468918619254,43.74994,35.192495,25.881818720000002,19.058437180000006,15.14026106761577,1.7930342000000001,27.492352981864883
SPG/PJ,"Simon Property Group, Inc. Simon Property Group 8 3/8% Series J Cumulative Redeemable Preferred Stock",55.4316,USD,2.253458771444387,703,0.2567755131857696,73307170357.0,USD,Finance,,54.83817514708,54.661662372921555,54.50025541727636,2.0088332719911657,2.1969026548672588,3.7656308498689652,55.00070000000013,55.29790499999994,54.5292620000001,54.02465249999998,10.1428336169512,1.608214,-18.347253141294775
SPG,"Simon Property Group, Inc.",224.96,USD,-0.48659647881093265,415325,0.14582355646353412,72950460247.32689,USD,Finance,Buy,217.3146430162587,212.30647013465696,206.54751446985674,-0.305783292709948,9.48024138602298,21.94936846099637,225.0459999999999,217.97049999999976,209.06960000000035,192.61869999999982,41.163016230261114,1.608214,-18.347253141294775
RBSPF,NatWest Group plc,9.16,USD,1.552106430155217,3977,0.335796006248153,72909977881.3767,USD,Finance,Strong buy,8.550425815687248,8.371751951815288,8.23600235904141,0.05461496450028162,8.146399055489958,2.7481772293886824,8.9005,8.440370000000001,8.057176,8.0193125,9.94102670402872,0.23660828460000002,22.587683412425676
HON,Honeywell International Inc.,227.825,USD,-0.8853215000435156,2981377,0.46007368458778,72181013184.17612,USD,Electronic technology,Buy,233.3777324773351,233.74809350005248,232.9599876733473,-0.5782238708269767,-0.696550593637917,11.063669346023998,226.22699999999946,231.75172179999998,230.88345918400017,224.7912410715504,16.147265613925665,2.514913,-18.970388918242183
NSC,Norfolk Southern Corporation,321.1225,USD,-0.491927736977465,245196,0.23119525464941523,72122182973.74246,USD,Transportation,Buy,314.21632751054415,311.4363832903747,307.5607586168344,-0.6427908415841542,4.24362928096088,11.157360933227187,318.81249999999966,311.05412500000006,312.74064999999973,298.1606125000001,27.06491415856855,3.206339,-18.973311844405593
TRV,"The Travelers Companies, Inc.",337.47,USD,-1.4139230522041353,406098,0.19648277172416587,71761200942.57063,USD,Finance,Buy,320.4640970416088,313.8912810446873,307.4085466203627,-1.2321470381643582,14.121943796286919,16.92942032500607,335.28000000000014,315.5090000000004,306.4674200000003,292.2661050000001,10.040164227061764,5.085962,83.00411612256899
MURGF,Muenchener Rueckver Ges,564.962,USD,0.04763650337440086,675,0.13099419744221702,71733289601.89105,USD,Finance,Buy,555.7335704284517,565.7163983581905,580.1289551454739,-1.7363399977389247,5.7842604901979024,-15.715681667300702,564.1914000000004,541.23505,561.1661000000004,614.7685124999998,9.381513612284001,14.00124560046,59.852461482466666
NXPI,NXP Semiconductors N.V.,283.735,USD,3.7953614281533508,852281,0.19224350213529706,71634879349.32486,USD,Electronic technology,Strong buy,286.0838753832739,278.97569016313093,267.0968241334152,0.4087338098945536,-9.207705353428683,28.61675845969041,279.13500000000016,295.3147499999998,295.94730000000004,237.07342500000016,27.149855990507817,3.500532,13.848248815294934
CTAS,Cintas Corporation,178.715,USD,-1.463858410983074,637932,0.3657922134949627,71501569099.58882,USD,Commercial services,Buy,176.06766995928223,176.5135822042919,178.73611400178908,-1.4502743389671595,-1.512730078254163,-4.72598358033906,174.69499999999988,174.37550000000022,172.54979999999978,185.1121999999998,37.71392998079642,1.241606,9.946635730858471
DPSTF,Deutsche Post AG,63.72,USD,0.3235481661667819,53516,6.030515426742692,71318182191.885,USD,Transportation,Buy,60.551984344588476,59.15296294390729,57.5761700600056,0.34645669291338405,5.6190949776230745,16.72467484887341,61.7395,59.015344999999954,56.82396600000005,48.95274950000009,17.860989603108422,0.9207744544,15.294024135682442
CRH,CRH PLC,106.6,USD,-0.8648749186273662,1257722,0.26522448813644645,71230140011.41634,USD,Non-energy minerals,Strong buy,108.42961924025123,109.19944105153783,110.43684625335615,-1.6332933468672235,0.4144687264506384,-15.059760956175303,107.03799999999993,107.9385,108.6984,115.33109999999994,19.7528119035707,2.028324,14.203787958946137
ANZGF,ANZ GROUP HLDGS LTD,23.645,USD,-3.96019496344436,1000,0.8082114281095935,71207347063.12749,USD,Finance,Buy,25.193323138488296,25.146108032485074,24.508450511728718,0,-3.96019496344436,-6.040135108285315,24.866000000000007,25.535500000000003,21.99153602,nan,17.509868277026555,0.82708144,-0.12334411998343688
NOKBF,Nokia Corp.,12.735,USD,4.771698889345949,342887,0.6144223601594082,71080583315.33795,USD,Electronic technology,Buy,13.059177589586117,12.587788343901721,11.589400346399637,2.9506871463217483,-19.500632111251587,97.13622291021672,12.801000000000002,13.688965000000005,13.822567,8.586919250000001,79.87277555731251,0.0622479803,7.262123570069331
PSX,Phillips 66,176.94,USD,0.2947511619997791,665767,0.24063574937986598,70941443131.43556,USD,Energy minerals,Buy,174.62726581839087,172.84535937778978,168.6800599537457,0.8549931600547196,-3.6431955562816523,37.16279069767442,174.19200000000004,174.25499999999997,174.6431999999999,153.59050000000002,17.412954907788297,6.748228,131.74147053457398
KMI,"Kinder Morgan, Inc.",31.775,USD,-0.8889582033686952,2578098,0.23990029757858608,70693839124.01823,USD,Industrial services,Buy,32.14201841519388,32.119320068870636,31.80973642338504,-0.7651467832604764,0.36323436512949603,15.587486358675884,31.958999999999996,31.932499999999997,32.166399999999996,30.03490000000002,21.43483540205073,0.318308,28.168770534324732
APO,"Apollo Global Management, Inc. (New)",122.56,USD,3.33024196947981,1508685,0.2518184663737385,70657987258.22646,USD,Finance,Strong buy,125.04487035051054,125.22891150799325,125.55785566591754,2.991596638655464,-4.220068771491084,-15.481690917867727,118.54999999999995,127.96000000000004,128.68999999999994,128.08059999999995,80.59446307621491,2.206453,-73.13820391436445
MSI,"Motorola Solutions, Inc.",425.08,USD,0.5725642360289498,249674,0.23613123605775066,70561399611.8638,USD,Electronic technology,Strong buy,414.0421133384015,415.5485375906577,417.8480278147582,1.3301549463647162,3.367944945650844,10.894291975373054,418.91399999999976,407.73549999999994,411.93000000000023,419.9866000000001,34.26986673546223,3.849226,3.4787976874754927
VOLVF,Volvo AB,34.5725,USD,1.8710865561694232,1410,0.021523628670083988,70306034846.36745,USD,Producer manufacturing,Buy,34.31597412319333,34.348743199683746,34.14140073331801,2.0590405904058984,-1.5028490028490125,5.444147922226447,34.15950000000002,33.96534999999999,33.97084800000003,31.973387000000002,20.323805291214303,0.5464442087,-24.52454140163562
GM,General Motors Company,77.955,USD,2.5723684210526296,2090286,0.26288876352725055,70289307636.01224,USD,Consumer durables,Strong buy,78.44976194081497,78.38153685861533,77.70067966479888,1.8620148961191654,-4.898133463462243,-4.243950374646848,76.77899999999997,79.78475000000006,78.90130000000005,75.30047499999995,31.44361084220716,3.176486,-64.28849228641805
ORLY,"O'Reilly Automotive, Inc.",83.8,USD,-7.146814404432137,7023926,0.7233175026668754,69446324365.11469,USD,Retail trade,Strong buy,88.60258955665485,89.63760148530079,90.85593177735524,-7.105642389978935,-6.116961684965278,-7.648225699801629,89.79800000000006,89.1514999999998,90.53340000000013,94.72449999999995,27.380252238123244,0.862624,12.50964967099217
DB,Deutsche Bank AG,36.985,USD,3.1372002230897937,1383943,0.6093785549005102,69283225599.76155,USD,Finance,Buy,34.384775600368904,33.81675041664516,33.644124474329935,1.2178434592227705,15.253973200373935,-5.986273512963914,34.855000000000004,33.92125,32.6709,34.665499999999994,10.884895879001759,0.8774492662400001,59.0417610555007
EOG,"EOG Resources, Inc.",129.64,USD,-0.8716929194066483,764713,0.20361619625210914,69049955373.60269,USD,Energy minerals,Buy,132.69536931043336,132.7350370804799,130.95268442792405,-0.10787486515642995,-8.037171029297022,23.466666666666654,130.13399999999996,133.75100000000015,135.84959999999992,121.37184999999995,12.74867488125559,5.035763,-5.629437149088195
MFC,Manulife Financial Corporation,41.23,USD,0.12141816415735104,653377,0.36374419409815123,68808357577.28862,USD,Finance,Strong buy,40.07496117077149,39.340431653769386,38.41128698820981,-0.722369371538657,6.730520320994031,13.300357241000265,40.86399999999999,40.18449999999999,39.32080000000002,36.00715000000002,16.473233112979887,0.7658879359999999,35.8905013511072
SLB,SLB Limited,46.01,USD,1.9499224462663316,4268148,0.24754925743307862,68787602595.27165,USD,Industrial services,Strong buy,49.43710922801174,50.275488788318036,49.82684048046281,2.7926720285969617,-20.121527777777786,19.786513928664416,45.82,50.3015,53.66980000000009,45.43129999999994,20.17451547838288,0.513998,-22.62595419847327
URI,"United Rentals, Inc.",1092.925,USD,-0.5156609836244608,95330,0.21131549827276788,68467986019.4636,USD,Finance,Strong buy,1055.1447525698197,1013.7999026278936,969.9031132515647,-0.32331025928662643,1.196759259259255,34.830802255147475,1111.7669999999994,1089.2107500000006,1014.9116999999997,892.5108749999993,27.898176156015875,11.525765,1.443101957108301
APO/PA,"Apollo Global Management, Inc. 6.75% Series A Mandatory Convertible Preferred Stock",62.86,USD,2.9816513761467895,42241,0.0788093796613553,68380743054.00001,USD,Finance,,64.27409607488492,64.507032038143,64.90300442201418,0.46348090139044135,-3.73660030627871,-17.757498446341547,60.926000000000045,65.62850000000002,66.01359999999998,66.83650100000007,41.336226737686594,2.206453,-73.13820391436445
WFAFF,Wesfarmers Ltd.,60.12,USD,1.6914749661705006,250,0.09397789639876701,68253196816.43285,USD,Retail trade,Buy,55.994859088819005,55.33553577554798,54.33990486552006,-6.834030683403074,7.357142857142853,11.019805179816249,56.02768,54.76714500000001,51.213066040000015,37.250183754999995,33.383164684587534,0.74112638743,27.04846120051364
ROST,"Ross Stores, Inc.",212.675,USD,-0.35374595886238835,683717,0.17839297107945337,68222111060.80518,USD,Retail trade,Strong buy,221.01287799455125,220.6505770653127,215.86140559276262,-0.626124337079165,-8.683984542722197,17.766764494158043,211.93699999999967,225.91974999999994,224.83849999999987,194.51987499999993,29.639875684640366,1.932503,13.472182686529393
APD,"Air Products and Chemicals, Inc.",306.27,USD,-2.5207676883414543,528952,0.2870430053318871,68200416859.2157,USD,Process industries,Strong buy,293.9322628691321,291.2727636521858,287.91381149139835,-2.5548838689150584,8.188208696880855,24.865459882583163,298.2779999999998,284.8574999999999,290.5836,273.9316500000004,32.39581129680558,3.33489,37.39881116746843
TRPPF,TC Energy Corp.,18.0,USD,-1.098901098901095,500,0.33440342429106473,67973683553.11005,USD,Industrial services,,17.983688186086603,17.847949787204023,17.62042154529564,0,-0.9748476112932638,2.097537180519798,18.14132000000001,17.951264999999996,17.516916000000002,nan,7.84704181982065,0.5732200319999999,-21.54950744946246
REGN,"Regeneron Pharmaceuticals, Inc.",647.12,USD,-1.0928210066180595,300925,0.3100278517668677,67843433244.82909,USD,Health technology,Strong buy,647.7831262125785,662.7789331130373,678.4906983157312,-1.6472176035552368,2.350298927656346,-16.419761059089442,636.291999999999,621.2139999999988,655.5550000000002,700.2584999999989,15.767185969563036,10.781502,4.472156251829569
EIPAF,ENI S.p.A.,23.01,USD,-4.3640897755610855,2400216,9.11341997390759,67299591942.03523,USD,Energy minerals,Buy,25.813848529035536,25.5488497447733,24.513455719499234,-4.3640897755610855,-11.669865642994237,12.189176011701608,25.264000000000003,26.937,23.437610000000003,17.7071655,25.519859048572542,0.8511967330200001,1.8868168523695046
NU,Nu Holdings Ltd.,13.8314,USD,1.626745040411469,24639293,0.5763684844796075,67228890538.08252,USD,Finance,Strong buy,13.283737564999713,13.477171542285886,13.86775888471851,1.1067251461988352,14.309090909090916,-18.924970691676428,13.464279999999993,12.644569999999987,13.075028000000016,15.269407000000001,21.325007708911503,0.205114,47.543221110100085
TRP,TC Energy Corporation,67.085,USD,0.9252294268090792,1012842,0.39492491064551066,67084999351.17875,USD,Industrial services,Buy,67.46792524495027,66.70777661867277,65.12130759494308,0.9860003010687745,-2.7048585931834794,21.95055444464642,66.79299999999995,68.35975000000003,67.36890000000011,59.62552499999999,29.245488915703795,0.5732200319999999,-21.54950744946246
BSX,Boston Scientific Corporation,44.995,USD,-0.3212228622064757,8814826,0.38352423253567597,66878546934.047295,USD,Health technology,Strong buy,48.00776079966443,51.972630365376446,58.35359883805678,0.4128542735996321,-9.009100101112246,-52.993104889260344,43.87100000000009,45.73624999999999,51.20569999999995,78.162975,18.867410265011742,0.828483,74.73622508792495
TRPRF,TC Energy Corp.,16.75,USD,-0.558062218000482,2200,1.120277013952541,66656897355.3192,USD,Industrial services,,16.88455769239861,16.766572095185932,16.447766193139724,0,-2.475662583259585,-1.4705882352941178,16.889160000000004,16.921689999999998,15.536058000000004,nan,7.302108360110883,0.5732200319999999,-21.54950744946246
JAPAF,Japan Tobacco,37.5,USD,-0.6359300476947588,4956,3.5695764909248053,66557006835.93982,USD,Consumer non-durables,Strong buy,37.849499930723454,37.816458152928504,37.530485142860115,7.851596203623804,-6.901688182720956,-0.741132874536795,36.678000000000004,38.858045,38.05342,31.84162600000002,19.2313097469472,0.651602194243,189.52330676486494
ET/PI,Energy Transfer L.P. Series I Fixed Rate Perpetual Preferred,11.475,USD,0.043591979075841364,29787,0.48338177374675645,66517606681.00001,USD,Industrial services,,11.516053641210972,11.565313681671034,11.604810198954542,-0.043554006968647925,-0.3906249999999994,0.1308900523560104,11.461019999999994,11.447595000000012,11.614325999999997,11.631591500000006,9.642046886816233,0.372397,-10.370537731586094
COHR,Coherent Corp.,339.875,USD,1.954343652507795,1925213,0.33920228132960406,66492913682.92648,USD,Electronic technology,Strong buy,355.7237220715794,344.65136939642747,319.5897276441953,2.0063627359764706,-16.136156142818365,80.78457446808511,365.5150000000001,380.89474999999993,368.8089000000003,237.9714750000001,162.26248448391104,1.614906,nan
ET,Energy Transfer LP,19.32,USD,-0.05173305742368345,4262659,0.5701416232466793,66483195089.33886,USD,Industrial services,Strong buy,19.259797772380754,19.208906525644476,19.01407731634554,-0.05173305742368345,-1.2269938650306669,17.446808510638306,19.17599999999999,19.063000000000002,19.47959999999999,18.06885000000002,16.233929921855307,0.372397,-10.370537731586094
MPWR,"Monolithic Power Systems, Inc.",1351.015,USD,4.879440442181097,231351,0.16768333231982058,66375370154.0669,USD,Electronic technology,Strong buy,1416.9539119046199,1410.562794768243,1357.9353690169182,1.9064824173669115,-15.09725058915946,45.6455064386242,1333.206999999999,1459.4667499999994,1538.9329,1171.6671999999999,97.33537463976946,5.847973,-63.151159888922514
WBD,"Warner Bros. Discovery, Inc. - Series A",26.38,USD,-0.3776435045317274,5762163,0.28990089131386715,66138265497.45845,USD,Consumer services,Buy,26.63187682011929,26.74965548832718,26.569705599564802,0.0568936089512633,-2.2962962962963,-8.370962139631818,26.691999999999997,26.671000000000003,26.91979999999998,25.76610000000001,nan,-0.150521,84.13440799182655
RSG,"Republic Services, Inc.",214.7,USD,-1.2146866660531952,314481,0.22096832977689845,66055479658.1163,USD,Industrial services,Strong buy,212.13031517372858,211.921566643656,212.91483679102322,-0.8222468588322253,1.8935978358881782,1.9710282593208155,214.90199999999996,210.83150000000037,208.02759999999998,215.18969999999982,30.780479412776693,1.831878,5.163809609962764
PCAR,PACCAR Inc.,124.75,USD,4.393305439330543,1330546,0.44105270087623416,65654210296.11297,USD,Producer manufacturing,Buy,119.40752579463935,118.6304038481254,117.65189866447089,3.175915970556615,6.061894235674201,13.626013298114575,121.04200000000019,119.22099999999998,116.4925000000001,113.01757499999992,26.54707184201566,1.347791,-28.717917602087244
NBNKF,Nordea Bank Abp,19.3,USD,10.28571428571429,3610,0.6276514361221225,65475253233.13328,USD,Finance,Strong buy,18.39230671091362,18.339164488712093,18.08070637094401,8.002238388360379,0.051840331778131486,0.7306889352818401,18.383999999999997,18.411044999999998,17.79943000000001,13.549409394999998,12.215433602243234,0.40397403144,4.056437979256764
SU,Suncor Energy Inc.,54.805,USD,-0.4450499545867347,2130150,0.49883106118905357,64710743343.10581,USD,Energy minerals,Strong buy,57.950269613096914,58.993572396300856,58.44768199164645,-0.5353901996370267,-15.67164179104477,23.88110307414104,54.18300000000001,57.39725,62.59830000000001,52.946175000000004,14.504158024657672,2.05571168,12.754683562320244
AJG,Arthur J. Gallagher & Co.,251.21,USD,-0.487244493741083,547229,0.26408596160223735,64535848090.453415,USD,Finance,Strong buy,229.4705828256111,225.0802057343908,226.12346909604503,-0.05967536600891377,18.33898624458263,-2.2947376609233423,240.00200000000004,222.83650000000003,212.0948,239.80804999999978,40.54259062005745,2.825517,-4.688509460083067
STMEF,STMicroelectronics N.V.,72.308,USD,7.1070952451488685,164,0.0007889250319177902,64522475772.739586,USD,Electronic technology,Strong buy,68.91307500860317,63.91390366503089,56.917182886120926,0,0.3998889197445306,158.42744817726947,71.22760000000001,74.25871500000002,61.480224,35.46160099999999,479.20582205516104,0.2449604494,-87.17468771830289
ALL/PJ,"Allstate Corporation (The) Depositary Shares each representing a 1/1,000th interest in a share of Fixed Rate Noncumulative Perpetual Preferred Stock, Series J",26.04,USD,0.26954177897574233,20223,0.2340421838382085,64440181617.0,USD,Finance,,26.075571579762492,26.097639857482186,26.158962836458944,-0.07674597083652945,0.23094688221708515,-1.0262257696693258,26.05600000000001,26.10650000000001,26.086265999999924,26.39882450000005,0.574500896830317,5.202045,209.7751503553855
ALL/PH,"Allstate Corporation (The) Depositary Shares each representing a 1/1,000th interest in a share of Fixed Rate Noncumulative Perpetual Preferred Stock, Series H",19.92,USD,-0.20040080160320214,41396,0.3294894489512627,64440181617.0,USD,Finance,,20.127806397093998,20.268575592781108,20.47265563256688,-0.39999999999999153,0.15082956259427419,-5.457997152349305,19.992000000000115,20.092999999999982,20.321831999999926,21.138109500000088,0.4394799487273393,5.202045,209.7751503553855
ALL/PB,Allstate Corporation (The) 5.100% Fixed-to-Floating Rate Subordinated Debentures due 2053,25.52,USD,0.11769321302472005,8498,0.20062136435748282,64440181617.0,USD,Finance,,25.72372141267518,25.788525808749107,25.854105476018955,-0.07830853563038204,-0.931677018633548,-1.0852713178294617,25.608000000000022,25.78724499999992,25.850797999999905,26.036407025000003,0.5630285286908483,5.202045,209.7751503553855
ALL/PI,"Allstate Corporation (The) Depositary Shares each representing a 1/1,000th interest in a share of Fixed Rate Noncumulative Perpetual Preferred Stock, Series I",18.5633,USD,-0.14362560516405687,17046,0.49446389566539134,64440181617.0,USD,Finance,,18.729502676974327,18.842951371553216,19.012430624154273,-0.14362560516405687,0.6140921409214223,-4.705852156057488,18.646660000000004,18.72582,18.86078400000009,19.598187000000074,0.40954809900653705,5.202045,209.7751503553855
PCRFF,Panasonic Holdings Corporation,27.5,USD,1.1922284368560556,564,0.0748228926211892,64200240478.51448,USD,Consumer durables,Strong buy,25.294884625239966,23.612069956573304,21.521977589226193,-0.7273974333519821,14.583333333333334,129.16666666666666,27.652200000000004,25.980200000000014,23.127978999999993,15.933931249999993,53.79925069327026,0.277396793245,-51.10427650130591
TFC,Truist Financial Corporation,51.345,USD,0.715967045900357,2416490,0.2712832253723039,63969670670.36681,USD,Finance,Buy,50.123564896199525,49.72727075044695,49.29601285328754,1.9964243146603007,4.105839416058391,4.243224038168706,50.72299999999999,49.83324999999999,49.25110000000008,48.114175000000095,12.728061477441745,1.081661,18.895340269386065
GWW,"W.W. Grainger, Inc.",1350.535,USD,0.5625549151886152,74765,0.17821128924956756,63762964273.866066,USD,Distribution services,Buy,1312.7194624353886,1275.9409740642186,1228.7599364186544,0.7846897807495485,4.794993559600856,34.0774164085458,1349.0890000000009,1333.5147500000007,1264.942100000001,1094.303875,36.16645510976858,11.274646,-4.647581985736291
NKE,"Nike, Inc.",43.0155,USD,-2.4370605579496494,13259779,0.3459934291204014,63701106478.49221,USD,Consumer non-durables,Buy,43.899514071937475,45.26553443759895,48.005218532765475,-2.0148063781321084,-0.6570438799076079,-32.78828125,42.53909999999999,43.353775000000034,43.785510000000016,57.17157750000002,20.501143837575068,0.443878,-2.8296207104154196
B,Barrick Mining Corporation,38.015,USD,-0.5103376079560332,4924606,0.5415174391857777,63694454269.332695,USD,Non-energy minerals,Strong buy,39.280758681625656,40.018267843154185,40.44679392120213,-1.4900233221041792,-8.705571565802114,-13.886057311133769,37.26700000000001,38.79725000000002,40.39089999999998,41.01622499999999,10.529885895835232,0.840100096,179.97248220371966
ALL,Allstate Corporation (The),246.83,USD,-1.3981544361442895,462554,0.24157625327271498,63539208359.06248,USD,Finance,Buy,232.42243722191546,226.42778395850013,220.878153031823,-0.8913872716322019,15.622072325276385,19.218508500772806,243.92000000000013,229.19700000000034,220.47219999999993,209.51800000000011,5.4456242843558815,5.202045,209.7751503553855
TFC/PR,"Truist Financial Corporation Depositary Shares, each representing 1/1,000th interest in a share of Series R Non-Cumulative Perpetual Preferred Stock",18.4355,USD,-0.13271939328277216,47288,0.3032436709875427,63514924740.0,USD,Finance,,18.41349062186868,18.485420010408273,18.62988059091166,-0.13271939328277216,0.9058565955117763,-4.231168831168826,18.459100000000003,18.32627499999999,18.44629000000002,19.217525999999935,4.570029747149232,1.081661,18.895340269386065
TFC/PO,"Truist Financial Corporation Depositary Shares, Each Representing a 1/1,000th Interest in a Share of Series O Non-Cumulative Perpetual Preferred Stock",20.65,USD,-0.04840271055179846,11588,0.17561966249138042,63514924740.0,USD,Finance,,20.77295774620406,20.913451649272734,21.0999372462544,0,-1.479007633587797,-4.265183124710253,20.582,20.699999999999985,21.00131600000001,21.762538999999965,5.118988596926128,1.081661,18.895340269386065
TFC/PI,Truist Financial Corporation Depositary Shares,18.2799,USD,0.5495049504950585,8388,0.1237414529441703,63514924740.0,USD,Finance,,18.622537456459714,18.82617259653378,19.0973239122102,0.7712238147739845,-5.773711340206171,-7.7704339051463105,18.06597999999994,18.531904999999963,19.03831599999992,20.068979999999943,4.531457610312346,1.081661,18.895340269386065
FIX,"Comfort Systems USA, Inc.",1776.41,USD,2.0163096537070078,168652,0.2950642021647815,62533944941.482895,USD,Industrial services,Strong buy,1813.3872830134765,1768.0429346352971,1660.8814666144972,0.23699223004046052,-4.903614006348998,89.3020034100597,1862.6999999999996,1892.3765000000008,1884.5034000000003,1312.0583500000002,51.273014855928956,10.418905,107.81259372113385
HKXCF,Hong Kong Exchange & Clearing Ltd.,49.292,USD,9.479388770433546,2896,0.21232916886620914,62375614310.08426,USD,Finance,Strong buy,48.80872728404467,49.69055940860343,50.54671411028398,-0.06487713891816657,0.6945579343029977,-10.100310049243111,47.02199999999999,47.93840000000005,50.92539600000006,53.05550900000007,28.708209406073117,0.45875293022999997,19.58716351586279
DLR,"Digital Realty Trust, Inc.",174.1,USD,0.4616272360069146,1349663,0.29159706649241374,62269606598.81188,USD,Finance,Strong buy,183.31973137639685,184.33627670970486,183.01946028433676,-0.3662584411125185,-6.992894919600409,12.58406621831351,178.77600000000007,185.75750000000005,190.32819999999975,175.27294999999975,46.0496733409157,0.474824,251.46416287068885
DLR/PK,"Digital Realty Trust, Inc. 5.850% Series K Cumulative Redeemable Preferred Stock, par value $0.01 per share",22.5,USD,0.8516360376512832,22248,0.8827905832496755,61983474001.0,USD,Finance,,22.454036267791007,22.570147556832257,22.76665936680476,0.9421265141319015,-0.2217294900221761,-5.818334030975306,22.2136,22.341025000000048,22.585843999999938,23.438671000000102,5.951278863702489,0.474824,251.46416287068885
DLR/PJ,"Digital Realty Trust, Inc. 5.250% Series J Cumulative Redeemable Preferred Stock",20.16,USD,0.498504486540386,2899,0.15185165784924834,61983474001.0,USD,Finance,,20.20869000549353,20.294021021668595,20.446710621948668,0.498504486540386,-1.3215859030836983,-3.0769230769230798,20.01999999999998,20.17190999999994,20.324184,21.13187650000001,5.33234586187743,0.474824,251.46416287068885
DLR/PL,"Digital Realty Trust, Inc. 5.200% Series L Cumulative Redeemable Preferred Stock",19.87,USD,0.8629441624365569,20588,0.38314875022564987,61983474001.0,USD,Finance,,19.942507950683588,20.023120663320167,20.157917580075313,0.25227043390514986,-1.8765432098765382,-3.309002433090023,19.722000000000023,19.932414999999885,20.086488000000084,20.77296299999994,5.255640489856376,0.474824,251.46416287068885
SFBQF,Softbank Group Corp,1.29,USD,-0.7692307692307698,60183,1.6893663367448337,61519219959.77288,USD,Communications,Strong buy,1.308518609865699,1.325006129034406,1.343909490804872,0,10.256410256410266,-13.999999999999998,1.3265999999999982,1.3106000000000004,1.3538150000000015,1.3993957499999998,18.23065954481571,0.018204089904,-2.032713307970299
NTIOF,National Bank of Canada,158.842,USD,2.2280859827519746,1737,0.04330850013463783,61512824339.16296,USD,Finance,Buy,153.41910713186465,150.16255361162138,145.12248304718375,0.5329113924050716,8.372791157808571,26.125138955057977,157.20640000000003,153.83414000000002,151.134386,129.80480932499998,19.115686111287907,2.2270983858,9.31864127819722
CIEN,Ciena Corporation,434.38,USD,2.8215689059319264,737775,0.2163533864352563,61487755051.23188,USD,Electronic technology,Strong buy,463.3882331982661,462.1495280211274,436.2020919736286,1.7307196889856873,-15.211493041322628,80.24066390041494,457.7540000000001,455.7685,515.5887999999999,327.0401749999999,144.58609326631827,1.720817,318.48446858894005
KDDIF,KDDI Corp.,17.03,USD,1.9760479041916281,8854,5.711152680126427,61345357067.871254,USD,Communications,Buy,16.925645555132757,16.79800451765003,16.682334280282575,0,1.3690476190476215,-3.238636363636365,17.220999999999997,16.5565,16.501568,15.802157027499995,14.735103920217657,0.270380280027,7.210810570333692
FKURF,Fujikura Ltd.,34.81,USD,-0.17206767995410144,21772,0.8329730618990959,61092136398.923546,USD,Producer manufacturing,Strong buy,34.29228473078159,33.52253223377551,31.702438587645798,1.2884378127982654,19.416809605488865,83.1298397902985,36.616,33.70563000000001,35.496002000000004,21.519997257200004,58.22393401249835,0.231405925751,62.92174600665543
AFL,AFLAC Incorporated,119.825,USD,-0.8727663798808676,506745,0.21881330211465336,60989113513.24703,USD,Finance,Buy,118.01257508427337,116.6849375410234,115.18000426929079,-0.971074380165287,3.1728947821594646,8.793353913201383,119.30500000000002,117.72625000000016,116.16850000000005,112.00742499999997,13.597934634589198,1.780365,37.547803012565346
D,"Dominion Energy, Inc.",69.13,USD,-0.8888888888888955,1569498,0.29820974175231457,60800699968.435555,USD,Utilities,Buy,67.89626914507711,66.7545568490667,65.44285035795876,-0.8035586167312416,4.4259818731117715,17.348497708368697,68.82800000000029,68.0954999999995,65.97099999999999,62.32365000000002,20.450242574843212,0.754715,26.82524198994522
RNMBF,Rheinmetall AG,1300.8,USD,0.8364276245920547,428,0.7045267489711934,60689761614.59374,USD,Electronic technology,Strong buy,1337.3290328711603,1415.6582764865252,1519.6625732421192,2.966378406190007,-5.663935020668658,-31.554853985793216,1194.4460000000004,1281.6407500000007,1398.2326100000005,1819.5775939999999,72.20560374344163,7.452165343760001,-0.061595264786545735
SRE,DBA Sempra,92.435,USD,-0.6716097141629056,1000125,0.2466426695258515,60425441699.30389,USD,Utilities,Strong buy,92.48807113063354,92.53499855983854,92.31844179313525,-0.6288970113953921,2.1832854300243296,4.1873309287646565,92.69699999999989,91.93075000000007,91.92235999999994,91.55774000000005,31.409494036494618,1.034942,-35.24545074482364
DAL,"Delta Air Lines, Inc.",91.55,USD,-1.293800539083561,2992149,0.39291559608407667,60147830337.52345,USD,Transportation,Strong buy,85.64160107954906,81.66135767460456,77.46843519785972,-1.8651516775645933,15.798128004047552,31.066571224051547,92.83799999999997,86.298,78.50300000000004,68.22785000000002,13.367890779002702,1.554504,21.407931358471153
CRARF,Credit Agricole SA,19.82,USD,1.1224489795918309,149,0.1512076314187132,59951016886.01355,USD,Finance,Buy,19.595780173478705,19.585083660863805,19.603362375087762,1.1224489795918309,3.769633507853397,-3.0095424516760385,19.87156000000001,19.33315999999999,19.487999999999992,18.367253499999997,7.525473774288877,nan,20.6886816347226
TER,"Teradyne, Inc.",381.69,USD,3.41380151182639,1610273,0.283933956379833,59750576470.869064,USD,Electronic technology,Strong buy,387.0230014136115,374.2115723398435,349.4990191497572,-1.264938693155359,-2.0151974123325003,91.52491344272167,425.0340000000001,413.0284999999999,384.60260000000017,269.25854999999996,70.64408661854526,2.05878,52.929521652986125
SCBFF,Standard Chartered PLC,27.21,USD,1.2747743556341347,2334,1.0006859886811867,59170069574.07116,USD,Finance,Buy,26.106264156225294,25.503234931475248,24.73837722633468,2.3413258110014192,0.7777777777777809,9.71774193548387,26.898500000000002,26.290875000000007,25.702209999999983,23.010707999999994,13.447308788757754,0.663637,35.46140184605323
TEL,TE Connectivity plc,202.42,USD,2.5222852512155542,638330,0.27137382974738933,59085551195.65529,USD,Electronic technology,Strong buy,205.75486637807415,208.2975739114208,210.91007696529485,2.0159258139300475,-6.774743241376139,-12.14409722222223,200.242,206.27899999999994,207.78939999999963,221.22669999999988,20.67767868999826,2.841037,114.54589287279742
O,Realty Income Corporation,63.075,USD,-1.1983082706766925,1824907,0.30225917535851005,58816964116.3945,USD,Finance,Buy,62.56358398400248,62.45898367369977,62.216998047507644,-0.8722300801508718,5.626726953026877,11.934338952972496,62.74699999999998,61.84775,62.06130000000003,60.879675,51.824007887601674,0.39368,10.444646098003627
ANCTF,Alimentation Couche-Tard Inc.,63.964,USD,0.6474961645883271,10894,0.02792859979372727,58733668513.45011,USD,Retail trade,Strong buy,61.42622201193804,60.27046387266518,59.06828993980932,-0.37536017444124237,7.992753659891369,16.59496901203062,63.2083000000001,61.46597999999993,58.91549813999998,55.82883928500002,18.694213347771203,0.925354,25.23629427608386
NNFSF,NONGFU SPRING CO LTD.,5.19,USD,-0.5747126436781487,4452,0.07549511876236843,58369160941.527374,USD,Consumer non-durables,Strong buy,5.513892109498605,5.574145249869968,5.528936184197305,0,-5.291970802919709,-15.196078431372545,5.367999999999999,5.94849,5.299816,nan,26.399425939142034,0.1221594,30.725038506315865
MET,"MetLife, Inc.",90.655,USD,0.6606706640017753,1299648,0.36797663700802213,58330758583.329285,USD,Finance,Strong buy,86.37464866604559,84.11517226843084,81.98815496155105,-0.24757922535210644,8.012629572262592,14.840385102609583,87.7029999999999,86.63824999999994,82.89769999999992,78.52797500000003,17.534477089418,2.3526,-15.833428297002946
MPLX,MPLX LP,57.35,USD,0.33240027991603366,362771,0.33228069118076886,58194981246.766975,USD,Industrial services,Buy,56.667867932463004,56.47839361783583,56.17968833588455,0.6140350877193007,2.1735257438090128,7.71975957926371,56.596000000000025,56.50099999999994,55.89040000000001,54.65979999999997,12.436839936677293,1.077863,6.462113866186442
DSDVF,DSV A S,247.165,USD,-2.2618977005358163,102,0.20685459338876494,58070062049.277756,USD,Transportation,Strong buy,244.58610510593036,245.4026468006642,246.08647507098772,-1.719359494848686,-2.2096933728981236,-1.0706852385526782,242.88799999999998,242.41844999999995,243.89303400000014,242.326821,54.72636108710109,2.4316061604,-34.746711844692015
MET/PF,"MetLife, Inc. Depositary Shares, each representing a 1/1,000th interest in a share of 4.75% Non-Cumulative Preferred Stock, Series F",18.71,USD,0.16059957173448147,102409,0.7351898116241672,57947913717.0,USD,Finance,,18.668393106972324,18.759898114046653,18.93770456731517,-0.1600853788687171,1.9063180827886788,-5.457301667508834,18.702999999999967,18.546250000000065,18.767910000000008,19.633431499999936,3.6188855147869483,2.3526,-15.833428297002946
MET/PA,"MetLife, Inc. Preferred Series A Floating Rate",21.39,USD,0.04677268475211208,14935,0.24524977379875232,57947913717.0,USD,Finance,,21.57392330010197,21.618224557665723,21.70678793392491,0.37541060534960985,-3.037171350861279,-1.2465373961218817,21.297000000000004,21.532750000000057,21.768382000000106,22.176137999999927,4.137250730159958,2.3526,-15.833428297002946
MET/PE,"MetLife, Inc. Depositary Shares",22.5701,USD,-0.17647058823529138,22970,0.20768816936938567,57947913717.0,USD,Finance,,22.48442127977261,22.597282111838247,22.812432831359445,-0.17647058823529138,2.127149321266962,-5.2870331514897115,22.570019999999957,22.269005000000007,22.541845999999996,23.59293849999998,4.3655055027949174,2.3526,-15.833428297002946
ARGNF,Argen X NV,935.38,USD,3.931111111111111,330,3.82830626450116,57884500944.004265,USD,Health technology,Strong buy,844.0106883656997,817.6227118750658,777.5900392923285,-2.6234150200920325,12.021556886227545,14.503611213122785,871.7139999999999,821.1303,710.7798699999998,nan,46.44924650842536,nan,64.767023064821
PSA/PG,"Public Storage Depositary Shares, Each Representing 1/1,000 of a 5.05% Cumulative Preferred Share of Beneficial Interest, Series G",20.26,USD,0.8964143426294985,18518,0.4556964517295942,57878078688.0,USD,Finance,,20.07149200237465,20.122880007379568,20.232975406247967,0.997008973080772,1.097804391217577,0.09881422924902732,19.85799999999996,19.907504999999958,20.126402000000127,20.709888500000016,2.091182147538784,2.528996,-3.7895113159018523
PSA/PR,"Public Storage Depositary Shares Each Representing 1/1,000 of a 4.00% Cumulative Preferred Share of Bene cial Interest, Series R",15.56,USD,0.5817711700064632,6867,0.09264280915338477,57878078688.0,USD,Finance,,15.567279781037447,15.629124494500271,15.729261166800574,0.4519044544867675,-0.7653061224489747,-2.749999999999997,15.409999999999997,15.539149999999989,15.634588000000022,16.13185249999999,1.6060609188402506,2.528996,-3.7895113159018523
PSA/PK,"Public Storage Depositary Shares Each Representing 1/1,000 of a 4.75% Cumulative Preferred Share of Beneficial Interest, Series K",18.71,USD,0.7810395906275225,7543,0.32051363765769675,57878078688.0,USD,Finance,,18.571593269481863,18.624045100901128,18.73094079557047,0.9713977334052871,0.6996770721205736,-1.8877818563188224,18.467000000000017,18.476305000000004,18.639184000000082,19.190867029999943,1.9311953593509699,2.528996,-3.7895113159018523
PSA/PN,"Public Storage Depositary Shares Each Representing 1/1,000 of a 3.875% Cumulative Preferred Share of Beneficial Interest, Series N",15.1699,USD,0.2637144745538624,11536,0.21187693652691533,57878078688.0,USD,Finance,,15.106789590230855,15.139314906198814,15.21897450262672,0.19749009247027471,0.5961538461538467,-2.003229974160208,15.05198,15.044495000000037,15.12153799999997,15.588296500000004,1.5657958568582724,2.528996,-3.7895113159018523
PSA/PH,"Public Storage Depositary Shares Each Representing 1/1,000 of a 5.60% Cumulative Preferred Share of Beneficial Interest, Series H",21.95,USD,0.5497022446175034,12689,0.199592917904062,57878078688.0,USD,Finance,,21.895300893305684,22.045769284318283,22.277122913261703,0.8731617647058718,0.5497022446175035,-4.232111692844687,21.74799999999997,21.67243500000007,22.076822000000075,23.07360475000003,2.2656193553048523,2.528996,-3.7895113159018523
PSA/PF,"Public Storage Depositary Shares Each Representing 1/1,000 of a 5.15% Cumulative Preferred Share of Beneficial Interest, Series F, par value $0.01 per share",20.41,USD,0.41820418204182463,18569,0.39367290952031647,57878078688.0,USD,Finance,,20.22709208660578,20.2870469063844,20.426499691517954,0.09808729769494641,1.5928322548531622,-1.4961389961389902,20.093000000000007,20.037850000000002,20.27626995999997,21.068107744999953,2.106664739944056,2.528996,-3.7895113159018523
PSA/PQ,"Public Storage Depositary Shares Each Representing 1/1,000 of a 3.950% Cumulative Preferred Share of Beneficial Interest, Series Q, par value $0.01 per share",15.3,USD,0.459619172685491,40266,1.7925796657555226,57878078688.0,USD,Finance,,15.281126113183033,15.33983322878444,15.446365217230035,0.16628913359434092,0.59171597633136,-3.1645569620253164,15.218,15.239749999999997,15.345228000000002,15.890695499999998,1.5792244253377787,2.528996,-3.7895113159018523
PSA/PI,"Public Storage Depositary Shares Each Representing 1/1,000 of a 4.875% Cumulative Preferred Share of Beneficial Interest, Series I, par value $0.01 per share",19.03,USD,0.3691983122362884,30136,0.6191548462385562,57878078688.0,USD,Finance,,18.987415192458045,19.06508056564077,19.19003568185578,0.741132874536795,0.31628887717449805,-1.856627127385247,18.853999999999978,18.860695,19.097004000000005,19.683580919999947,1.9642248898155508,2.528996,-3.7895113159018523
PSA/PO,"Public Storage Depositary Shares Each Representing 1/1,000 of a 3.900% Cumulative Preferred Share of Beneficial Interest, Series O",15.21,USD,0.32981530343008386,13418,0.5420319127449,57878078688.0,USD,Finance,,15.144506188580406,15.192692931247676,15.290310532593864,0.6618133686300557,0.39603960396039933,-2.9974489795918293,15.090000000000007,15.086000000000013,15.178698000000008,15.690884500000015,1.5699348698946152,2.528996,-3.7895113159018523
PSA/PP,"Public Storage Depositary Shares Each Representing 1/1,000 of a 4.000% Cumulative Preferred Share of Bene cial Interest, Series P",15.62,USD,0.5795235028976167,31766,0.3464874056638245,57878078688.0,USD,Finance,,15.617566953430384,15.67419896330961,15.767091613041197,0.4501607717041704,-0.8253968253968303,-2.1916092673763394,15.46400000000001,15.587500000000016,15.704102000000008,16.17049688000001,1.6122539558023594,2.528996,-3.7895113159018523
PSA/PJ,"Public Storage Depositary Shares Each Representing 1/1,000 of a 4.700% Cumulative Preferred Share of Beneficial Interest, Series J, par value $0.01 per share",18.23,USD,0.8296460176991269,4947,0.06810888058848716,57878078688.0,USD,Finance,,18.197296548856983,18.27407724720107,18.40275686547184,-0.10958904109588809,0.27502750275027893,-2.6695141484249865,18.053999999999977,18.11775000000005,18.295457999999986,18.894385500000084,1.8816510636540984,2.528996,-3.7895113159018523
PSA/PS,"Public Storage Depositary Shares Each Representing 1/1,000 of a 4.100% Cumulative Preferred Share of Beneficial Interest, Series S",15.9531,USD,0.39710509754561735,2622,0.0574067140896044,57878078688.0,USD,Finance,,15.911073294721993,15.962063910604655,16.0612002934772,0.9051233396584356,0.14500941619585345,-2.1282208588957148,15.79262,15.866160000000026,15.962330000000001,16.48160849999999,1.6466356326703342,2.528996,-3.7895113159018523
PSA/PM,"Public Storage Depositary Shares Each Representing 1/1,000 of a 4.125% Cumulative Preferred Share of Beneficial Interest, Series M",15.9803,USD,0.3157564344005023,6125,0.3502221409007999,57878078688.0,USD,Finance,,15.966434907411585,16.03136160417371,16.147710189428718,0.568281938325986,-0.1231250000000017,-2.7370663420572123,15.874060000000032,15.930464999999979,16.042568000000028,16.589808500000018,1.6494431427598237,2.528996,-3.7895113159018523
PSA/PL,"Public Storage Depositary Shares Each Representing 1/1,000 of a 4.625% Cumulative Preferred Share of Beneficial Interest, Series L, par value $0.01 per share",18.05,USD,0.8379888268156545,11563,0.13958923606793674,57878078688.0,USD,Finance,,18.03051659119084,18.114221024793764,18.243013807580272,1.0638297872340499,-0.8241758241758164,-2.6429341963322464,17.86500000000001,17.973419999999997,18.131758000000005,18.702912624999975,1.8630719527677715,2.528996,-3.7895113159018523
GWLIF,"Great West Lifeco, Inc.",63.91,USD,-0.3741231488698505,717,0.004784749661497313,57771309139.65531,USD,Finance,Buy,60.91403206054033,58.563353343055944,55.68248270248357,-1.0987310430207489,9.098668487538406,30.18944795273985,62.306499999999986,60.96602499999999,57.5116166,48.16615764999993,19.08198311567613,0.963416256,17.38710712254484
CARR,Carrier Global Corporation,69.51,USD,-0.7992007992007822,2590427,0.49379976464311964,57733646434.19881,USD,Producer manufacturing,Buy,68.90549668399305,67.25636762899798,65.39593097193868,-1.543909348441911,2.7342595329589248,30.87930709847487,71.68599999999996,71.08150000000003,67.292,60.15342500000001,45.66717035674397,0.815462,-65.07102370516557
COR,"Cencora, Inc.",296.63,USD,0.040470810427980355,805100,0.5045906087985034,57712650811.64983,USD,Distribution services,Strong buy,287.9328897927191,292.11494011687887,300.25059424596935,0.5286881079065991,8.811122115843139,-12.02621745061985,289.238,282.0505,279.0367999999999,324.3226499999999,22.756599590330573,4.347912,51.27485000058027
WUXIF,Wuxi Apptec Co Ltd.,21.1875,USD,0.6412540078375564,317,0.04474746619237176,57690694850.32712,USD,Health technology,Strong buy,17.038615582149983,15.870398707399108,14.317556011993736,0.6412540078375564,18.714105617033198,41.25,18.0565,16.21915,10.604197999999995,nan,22.178264509428878,0.24034404765,80.79104567644615
LDNXF,London Stock Exchange Group plc,118.18,USD,6.420531292210725,1736,0.9387843391736967,57543014994.43137,USD,Commercial services,Strong buy,116.33479673661245,117.60872505594052,118.48259890673229,2.355794214446573,-10.33383915022762,-4.689705230049597,110.74587999999999,115.5147099999999,122.09582399999998,118.06593599999997,37.31292389855835,3.2163404265000004,97.71836647542726
LITE,Lumentum Holdings Inc.,736.765,USD,1.1595177943760895,2372809,0.46429514783081477,57320319824.37374,USD,Producer manufacturing,Strong buy,812.3869962294451,809.7869882786756,760.9836111251226,1.0651577503429337,-19.26924678398457,94.2023828351521,795.1410000000001,850.8422499999999,895.3440999999999,545.7540250000001,136.73929585568197,2.95024,nan
CTVA,"Corteva, Inc.",85.485,USD,-0.36713286713286447,1555972,0.3831193682316874,57174080359.20123,USD,Process industries,Strong buy,81.93944357698415,80.89897325926987,79.37557969329336,0.20513421638729007,10.360185902401248,27.58955223880597,84.57699999999998,79.35425000000005,79.87569999999997,73.28697499999993,50.20260747004933,2.217434,3.8229376257545398
UCBJF,UCB S.A.,300.0,USD,-2.46757046718033,1,0.009157509157509158,56998864745.66474,USD,Health technology,Strong buy,300.3846688242476,298.8126156965308,296.44597491868785,0,0.8579650896963574,4.188372577620338,307.352,303.21137500000003,292.2968780000001,289.9300269999999,31.835090718877943,5.3905232000000005,66.28532187209156
TGT,Target Corporation,125.06,USD,-3.9551493740880157,2866312,0.599972905778253,56801145845.69265,USD,Retail trade,Buy,129.16688848087492,127.30865299802986,123.71735616977732,-3.7925994307254456,0.8548387096774211,27.72954754366255,130.01800000000003,131.45999999999998,128.11870000000005,109.601525,16.50281732888191,2.260167,-16.704953890458228
HPE,Hewlett Packard Enterprise Company,42.85,USD,3.9291777831676074,6120860,0.29040002614751237,56742118967.92627,USD,Electronic technology,Buy,41.85998432522599,39.04931427024324,35.42122629134809,2.577238146763249,-19.005765050562328,76.4827018121911,43.50999999999997,46.742999999999995,39.66359999999999,27.363250000000008,40.2990689363303,0.919417,9.856390122946578
PSA,Public Storage,322.86,USD,-2.056789224608656,234202,0.2457909447275249,56687648602.134705,USD,Finance,Buy,318.2246124932429,312.8442678073535,306.7024353135701,-2.0181481593881756,5.703247773703515,24.60825935932072,323.66,320.6425000000006,310.2545999999995,290.8835999999996,33.324731893108186,2.528996,-3.7895113159018523
BAYZF,Bayer A.G.,57.55,USD,-4.083333333333338,642,0.07849658258647463,56538506005.89954,USD,Health technology,Strong buy,50.811363280817275,48.94364864535341,47.31247376089141,-4.6079893916791,38.67469879518072,31.18304080237064,56.026800000000016,46.47416249999999,45.860567,40.43287275000001,nan,0.91767604562,29.2178094995192
RKLB,Rocket Lab Corporation,94.37,USD,-6.062114274338034,10704424,0.40073982236510813,56450262673.71163,USD,Electronic technology,Strong buy,100.66698977261682,98.79414035846722,93.27398107049854,-6.024594244747599,-17.414894548000344,33.611779697012615,98.91199999999995,101.19449999999998,107.01600000000006,76.11285,nan,-0.060369,19.985465116279073
SNGNF,Singapore Telecommunications Ltd.,3.45,USD,-1.4285714285714235,200,0.023422494964163584,56399667469.63088,USD,Communications,Strong buy,3.518101488407159,3.5749217311727786,3.585027644092488,0,7.142857142857142,-2.8169014084506943,3.3263999999999996,3.6819700000000006,3.704620000000001,2.694782160000005,13.15652589616153,nan,45.24373484155458
TRGP,"Targa Resources, Inc.",262.37,USD,1.3481149567367154,256381,0.17573133540420138,56316122584.81072,USD,Utilities,Strong buy,262.10240137081735,257.5527465010611,247.93207487205154,1.6937984496124048,-1.5497185741088164,42.72425610618505,263.71,265.61950000000013,261.9753999999997,212.05265000000006,26.726359645101812,2.735605,80.38477086472385
MDLN,Medline Inc.,42.85,USD,-0.7872192637184448,2484614,0.2795343864960203,56291536644.62491,USD,Health technology,Strong buy,39.910606999366244,40.098571809935194,40.85518588957637,-0.3256571295650164,22.638809387521476,2.2429014554998923,41.36400000000005,37.500000000000014,38.69759999999999,nan,35.83974573435932,0.323256,-22.06505442930709
LHX,"L3Harris Technologies, Inc.",301.855,USD,-0.07117555533484789,385057,0.21177578453238247,56234064218.26422,USD,Electronic technology,Strong buy,304.4878330944629,310.0054308386904,314.1899889017342,0.0149100427421278,-2.621136847538551,2.6717687074829994,295.22499999999934,299.3217499999997,306.14130000000006,316.5141249999994,32.77149898489833,2.801791,9.161047179985536
CMCLF,CMOC GROUP LTD,2.075,USD,2.469135802469149,8604,1.0845560429587051,56073112454.63118,USD,Distribution services,Strong buy,2.205897841726455,2.2735266738114426,2.315481187367736,12.162162162162167,-12.076271186440666,-23.572744014732955,2.0469999999999993,2.2389300000000003,2.328966,2.381404999999999,13.019669847400246,0.052331173620000004,59.49119110570209
RLXXF,RELX PLC,32.024,USD,0.3258145363408496,1629,0.46391752577319584,56051140028.28997,USD,Commercial services,Strong buy,32.39645805103304,32.93821375023392,33.99175654965908,-0.7130898493210048,-6.296816479400752,-22.228428491633675,31.647000000000027,32.30075,33.426551999999994,37.64389199999997,21.220124841975537,0.8927595225000001,17.054367411408677
THLEF,THALES,272.3899,USD,-1.6620239601203795,80,0.2465331278890601,55981290063.727646,USD,Electronic technology,Buy,268.62265984082904,271.5638704988581,275.21805391170096,2.8857034938621386,1.4487523277467453,-2.721367094032349,265.52714000000026,263.67277000000007,266.905578,284.98991849999993,28.514262939320183,5.070746400000001,83.69912203798098
SCGLF,Societe Generale,87.02,USD,-1.1585642889595753,10,0.001497387059581031,55698963758.01887,USD,Finance,Strong buy,83.4248009250374,82.01203927406142,80.00851907391801,0,11.207667731629387,5.0331925165962605,85.29080000000005,81.12067999999996,81.622532,54.623704999999994,10.88765198695176,nan,63.91279145112259
F,Ford Motor Company,13.88,USD,3.892215568862286,32331425,0.6105231891564319,55307532590.88325,USD,Consumer durables,Buy,14.018789273068373,13.869039033654484,13.629350960149148,2.738712065136943,-8.876050420168058,5.311077389984834,13.75999999999998,14.244499999999999,13.864399999999987,13.11802500000001,nan,0.346834,-212.7644230769231
MPNGF,MEITUAN,8.95,USD,5.046948356807509,3910,0.4888111013876735,55264152544.0,USD,Technology services,Strong buy,9.45150426937835,9.800589146709315,10.294533857329034,5.046948356807509,-9.50455005055613,-32.45283018867925,8.641599999999983,9.418795,10.113352000000004,12.507596485,nan,0.004185357660000001,nan
FAST,Fastenal Company,48.03,USD,-1.17283950617284,3144469,0.4106301030548742,55140120960.06728,USD,Distribution services,Buy,46.80769767013037,46.29541862988655,45.794237018826685,-1.4769230769230746,1.478977392774145,19.299552906110293,47.961999999999975,46.65449999999995,45.32220000000001,44.34365000000002,42.52324037184595,0.326802,12.679569034317636
CAH,"Cardinal Health, Inc.",235.09,USD,-1.611283167322338,1075496,0.5111247633336232,55059455325.93697,USD,Distribution services,Strong buy,224.1574056904327,218.88333794024757,213.91365051123617,-2.799139998346155,15.762261177860935,14.919098597057246,237.106,226.46000000000035,208.2653999999999,201.47789999999986,35.94758249487752,2.409006,2.1269286026609975
OKE,"ONEOK, Inc.",87.36,USD,-0.5351246726630979,987328,0.2557577537889179,55039675112.78788,USD,Industrial services,Buy,87.94257811871921,87.62113872772738,86.44251552250236,-0.44444444444444503,-1.6548463356973984,18.921862237952634,87.31800000000008,87.7954999999998,88.61439999999989,80.04060000000005,15.602228889841406,1.481087,9.310270776799477
AAUKF,Anglo American plc,50.965,USD,7.993960220843793,602,0.05013658471583716,54998561490.06961,USD,Non-energy minerals,Buy,50.93211742371652,50.03163027673377,48.35405759452889,3.608457003455999,-8.171171171171165,20.342384887839437,50.549490800000015,52.4250977,48.80116507999999,39.48117771694997,nan,0.79,-33.330645047036164
KEYS,Keysight Technologies Inc.,321.51,USD,2.437392467979347,488268,0.2699457242505322,54944568000.19203,USD,Electronic technology,Strong buy,331.5216515917641,327.06084775221876,311.93226461251334,1.3491788292406053,-4.175608011444919,56.59734060688714,332.2340000000001,342.8135000000004,346.2269999999999,255.12779999999995,52.972287211256464,2.476719,42.551142635695335
EW,Edwards Lifesciences Corporation,95.1887,USD,0.8675426512662845,1941113,0.4098571385799428,54809653893.73042,USD,Health technology,Strong buy,89.61303946236372,87.61574160442747,85.85573757334333,0.8782323018228039,7.8747733454215805,11.383922302831738,92.63774000000008,88.56393500000004,85.50017399999996,82.55149350000005,51.71612517657285,0.743253,22.97721654306141
IMO,Imperial Oil Limited,113.17,USD,-0.5273798013536032,269236,0.5520004264514727,54728185012.07893,USD,Energy minerals,Buy,117.34713758550674,118.70666061008839,117.52576965650354,-0.3785211267605569,-10.601153329646893,30.666204826232537,112.63999999999996,116.07500000000005,123.91900000000005,108.53295000000008,26.986796142089144,3.051549952,-35.32530230093818
HPE/PC,Hewlett Packard Enterprise Company 7.625% Series C Mandatory Convertible Preferred Stock,111.58,USD,4.407223729765129,5551,0.02228244311273407,54596909336.0,USD,Electronic technology,,108.68311102049418,101.86001458404635,93.16640859748448,0.676712081566363,-18.40585009140768,68.29562594268477,112.65200000000002,120.37299999999998,103.22276199999995,74.09155900000006,104.93745885450956,0.919417,9.856390122946578
CHBJF,"China Citic Bank Corp., Ltd.",0.85165,USD,-13.922579341014748,845,0.12529470203585355,54568905363.1118,USD,Finance,Strong buy,0.9355706581851788,0.9313285225685315,0.9060623371922282,0,-8.763776760768577,-3.4629335751530226,0.9312692,0.9389672999999996,0.8368638999999998,0.6237464649999999,5.310988182298283,0.04121040000000001,-1.1793916018535342
NBIS,Nebius Group N.V.,215.695,USD,0.03478341526759514,10449213,0.6190588608409288,54279739796.35345,USD,Technology services,Strong buy,221.85412204004956,206.73848893758122,184.51657841872958,-0.2566473988439338,-12.624564530503125,147.9680404667471,239.56299999999993,246.91275000000002,216.28210000000007,133.56739999999994,71.96310012344443,-0.561351,nan
EBKOF,Erste Group Bank AG,135.606,USD,2.642394883245646,918,0.8537946428571428,54247799167.80437,USD,Finance,Strong buy,127.37636574069795,124.27875690350926,121.18596003581013,2.596577239093912,12.96828530727513,11.76616519725937,133.3218,125.98480000000004,121.14984999999992,113.39309200000001,13.703626790542192,2.77994420694,28.074470461733576
AME,"AMETEK, Inc.",236.09,USD,0.6265450515727554,242786,0.2148491062584782,54112535835.29333,USD,Producer manufacturing,Strong buy,232.86304667163503,230.75810796501332,227.1226277043084,0.47665659445886904,3.548245614035089,14.606796116504857,237.49999999999991,233.27149999999983,231.0426000000002,214.34129999999976,35.666374595884825,1.989575,8.401021878684658
BKR,Baker Hughes Company,54.265,USD,2.813565744600226,5641110,0.5995845951450134,53834604836.785904,USD,Industrial services,Strong buy,58.20275360605178,59.35107596364264,59.137365044186744,1.9290732183778525,-17.089381207028268,18.689851268591433,54.53499999999999,59.173249999999975,63.24280000000002,55.64585000000001,17.302235117813986,0.488551,7.1213880729558
ROK,"Rockwell Automation, Inc.",481.06,USD,1.9843120627517519,208554,0.19083701586959387,53529450801.90087,USD,Producer manufacturing,Buy,462.9189556875992,450.211362566937,434.83822699205666,1.378234847846249,5.472484104363074,22.71938775510204,482.5980000000001,467.1104999999999,449.93679999999966,399.92959999999994,49.98545303408146,3.377731,21.16633932618221
GPDNF,Danone,82.715,USD,-2.4587264150943327,1796,0.9428811423771525,53525471318.89094,USD,Consumer non-durables,Buy,79.19532861046457,78.67345486421887,79.2158239898095,-0.9994015559545109,10.213191205862767,-8.20663633337032,82.57295999999985,77.61551,76.192859,83.10397325000002,25.01869105530109,2.1642037000000003,1.987862275112016
RNECF,Renesas Electronics Corp,29.95,USD,-0.6798209252197043,120,0.0007135331067469312,53223668988.034584,USD,Electronic technology,Strong buy,27.611757303681284,25.715113981675398,23.398004950435798,0,8.380979952232753,114.08148677626876,30.40800000000001,28.57791500000001,24.152516000000002,15.903147,nan,0.353239395509,-107.54707100039069
CMPGF,Compass Group Plc,31.17,USD,-5.516823279781753,210,0.027131782945736434,52998761971.35188,USD,Consumer services,Strong buy,31.9104300225338,31.490519789709605,31.22462870516493,-5.516823279781753,-1.6564126833885426,-0.7008601465434815,32.36279999999999,32.30064999999999,30.19819399999999,32.39802899999999,26.250631632137445,0.75,38.08582393301547
SMTOF,Sumitomo Electric Industries Ltd.,16.73,USD,-4.672364672364674,662,0.008363644173685852,52895346379.39375,USD,Producer manufacturing,Strong buy,17.879877108252273,17.282781334142207,15.822942280344822,0,-22.11359404096834,74.27083333333334,17.831599999999998,18.1318875,14.185455000000001,6.038507676249999,22.42742875362348,0.133528191368,80.1526575375956
FITB,Fifth Third Bancorp,57.83,USD,1.172148355493355,1943111,0.27145051473674603,52411998789.973755,USD,Finance,Strong buy,54.41787042650701,52.93691075595056,51.44863230899678,1.03074772886093,11.490264121843072,23.436499466382063,57.125999999999976,54.54150000000002,51.49519999999993,47.96177500000003,19.393675173547066,0.824671,-5.285392116380265
WPM,Wheaton Precious Metals Corp,114.975,USD,-0.6523805409142052,947797,0.44428534872314907,52213033727.12069,USD,Non-energy minerals,Strong buy,119.94120501597018,123.28418359326797,125.15301567461474,-1.848215810141716,-8.18893236444942,-3.3823529411764754,113.0789999999998,116.16625000000003,125.34670000000007,124.10892499999991,29.245737525899706,1.258249,196.8473199805999
VST,Vistra Corp.,154.36,USD,2.191327375041378,1460539,0.37139796819585813,52047486287.37848,USD,Utilities,Strong buy,155.24316023225,155.69454651972006,157.57298140856074,1.2395881156949005,1.5526315789473775,-5.81487583135028,155.9160000000002,155.6444999999999,154.38519999999977,168.32510000000016,25.7752099787934,2.047956,-6.065501772437812
ENAKF,E.ON SE,19.91,USD,-3.6768263183357597,300,0.5252100840336134,52026378538.019295,USD,Utilities,Strong buy,21.094290757720703,21.300882058755203,21.212251817412067,0,-2.4975514201763054,-2.065912444663051,20.47600000000001,21.178270450000017,21.703348180000017,16.981208545,13.113594738720936,0.35403860000000004,-18.102056038634583
ETR,Entergy Corporation,113.585,USD,-1.3248197376422601,669258,0.2141371239358704,52009077090.050476,USD,Utilities,Strong buy,112.94863709686572,111.86937519833046,109.67782945277965,-1.0324997821730437,3.806433924328269,22.701739224370748,114.549,112.50824999999983,112.26469999999993,102.21817500000009,28.93221936371278,1.134253,27.385703624387546
ANFGF,Antofagasta plc,52.64,USD,0.3848339569245295,3230,0.2985047039905366,51895496542.38263,USD,Non-energy minerals,Buy,52.78486465998008,52.31066509237709,50.920713964749254,4.134520276953518,-4.81425760907302,16.866105721199748,51.30944000000001,52.77559999999994,53.08408199999996,46.1241595,38.32627190218297,0.838698,67.34912301564866
FITB/PA,Fifth Third Bancorp Depositary Shares each representing 1/40th share of Fifth Third 6.00% Non-Cumulative Perpetual,23.66,USD,0.8955223880597052,946,0.07705528268536846,51804770030.0,USD,Finance,,23.607663039446702,23.683766383995593,23.82036362473321,1.371036846615254,1.0295103527492726,-4.094041345764092,23.35734000000001,23.57733000000003,23.631779999999953,24.314510500000026,7.934538381568799,0.824671,-5.285392116380265
FITB/PK,"Fifth Third Bancorp Depositary Shares each representing a 1/1000th ownership interest in a share of Non-Cumulative Perpetual Preferred Stock, Series K",18.07,USD,0.3331482509716753,25011,0.4213826729520543,51804770030.0,USD,Finance,,18.347141301578276,18.561455201142348,18.834462288367174,0.11080332409972062,-1.418439716312046,-6.855670103092775,18.034000000000027,18.283750000000005,18.64932999999992,19.592171000000096,6.059894698011335,0.824671,-5.285392116380265
FITB/PI,Fifth Third Bancorp Depositary Share repstg 1/1000th Ownership Interest Perp Pfd Series I,25.4,USD,0.1577287066246023,13711,0.26543413028748425,51804770030.0,USD,Finance,,25.48894166598229,25.50671138464247,25.52659891201358,0.07880220646177925,-0.9746588693957116,-0.7424775302852726,25.310000000000052,25.594094999999957,25.531712000000137,25.60688299999997,8.518058955699386,0.824671,-5.285392116380265
FITB/PM,"Fifth Third Bancorp Depositary Shares Representing a 1/40th Ownership Interest in a Share of 6.875% Fixed-Rate Reset Non-Cumulative Perpetual Preferred Stock, S",25.88,USD,0,1510,0.043496796792183254,51804770030.0,USD,Finance,,25.967452483762592,25.980854964939745,25.964092308569462,-0.34655371582595246,-0.7288070579209869,-0.9567546880979717,25.884240000000027,26.073184999999995,26.042453999999992,25.935378999999998,8.679030148562996,0.824671,-5.285392116380265
MARUF,Marubeni Corp.,30.895,USD,6.910512838258703,21410,1.650681551841115,51755509916.38267,USD,Process industries,Strong buy,31.20838767409016,32.02198808327298,32.29460895157966,1.6951942067149461,0.5369345916042927,10.339285714285712,29.738599999999998,30.001375000000007,33.100452,31.158759499999988,14.861130911388091,0.622676830919,3.1162043924422123
ASMXF,ASM International N.V.,1063.0,USD,-5.342831700801424,162,0.0589369520136792,51726158412.12074,USD,Producer manufacturing,Strong buy,1079.7905441408423,1035.1592666534773,968.365310865691,-6.339280010749396,4.215686274509804,63.23835410284168,1114.6024999999995,1101.736089999999,1002.0171009999999,706.2724007500004,45.61915030203493,6.202565547980001,119.88562984379305
HOCPF,Hoya Corp.,154.578,USD,-8.262314540059347,242,0.4225598044351318,51638425366.88142,USD,Health technology,Strong buy,171.16393821282193,170.63872849357512,167.358474644779,0,-3.804794264804722,0.5512240243646959,167.37400000000008,173.61331499999994,164.47462799999994,133.36194950000015,32.959179168366546,1.118515398,21.04126607194413
LNG,"Cheniere Energy, Inc.",246.035,USD,0.026425986908971716,720115,0.296332231510114,51557097023.26009,USD,Industrial services,Strong buy,242.34518152289004,242.88690663558754,241.58217527569136,0.01422764227642138,2.046868519286604,26.522163941170415,243.781,237.7092500000007,243.74829999999992,230.26662500000006,40.27286715118182,2.905413,-55.368531790387266
DBOEF,Deutsche Boerse AG,286.3999,USD,0.7740675580577107,144,0.005010665061398045,51500786724.604034,USD,Finance,Strong buy,282.98539073135936,283.3146203583193,281.77523886564245,-2.018508381799524,-2.1490655642488625,10.238606620477286,278.4499599999999,278.78245499999986,288.28341200000017,271.9113835000002,22.423059259358823,3.5769262097,23.901992081839214
SDVKF,Sandvik AB,41.025,USD,2.352677012125138,166,0.008514261387824606,51461178555.70356,USD,Producer manufacturing,Buy,39.930285777306466,39.51268713701597,38.18595436248516,2.352677012125138,-0.5454545454545489,24.696048632218847,39.54139999999998,40.496334999999995,38.02753200000001,25.17692453500003,33.00842901312256,0.44607323930000004,6.807793464567766
EA,Electronic Arts Inc.,205.21,USD,0,496162,0.25024486736813223,51456712915.0,USD,Technology services,Buy,203.77738581506668,203.15277633075635,201.9944672146867,-0.014617033716624993,0.6424717999019138,0.39628180039139055,205.19199999999978,203.82300000000015,202.4626000000002,201.02370000000008,58.66830579221225,0.824033,-17.434614295156265
FLEX,Flex Ltd.,140.19,USD,2.4368857549961698,1967447,0.3038892148395531,51364150376.06211,USD,Electronic technology,Strong buy,138.0065564704554,128.71502904187776,115.25169252057864,1.2092553153088197,-9.697574801120814,128.173828125,150.44099999999995,149.83025000000004,135.97709999999998,81.91282500000003,60.12351503195093,0.898702,10.433835369896748
NUE,Nucor Corporation,223.855,USD,1.4065685164212864,546973,0.297893170453791,50980950706.52529,USD,Non-energy minerals,Strong buy,232.37195502664562,226.49098387061628,215.18556504637374,1.4065685164212864,-13.918477215920024,35.52185494611937,222.99100000000027,244.16925,237.46270000000013,181.53162500000016,22.18011216138557,4.295327,79.7147385103011
DISPF,Disco Corp.,468.88,USD,2.9953167971461383,1009,0.2796098209832068,50858684409.180214,USD,Producer manufacturing,Buy,469.3193409858456,460.80030708260836,445.2193947307494,0.020478514625073305,0.9681642778390256,34.019322014520085,485.5800000000001,488.03629999999987,460.83371,395.2074011999999,59.75490573575252,1.9113859050000002,3.341850085839088
TKPHF,"Takeda Pharmaceutical Co., Ltd.",32.0,USD,8.732585796805981,36190,1.1475373449048898,50728253906.24818,USD,Health technology,Strong buy,32.31091712033432,32.56479330532293,32.44778037732771,6.467926537130686,5.021332458155567,1.297879075656854,30.449199999999998,31.835502499999997,33.086029,28.811214750000005,nan,0.323027464617,-239.28712543298985
GDERF,GALDERMA GROUP AG,215.3,USD,0.6545114539504467,44,0.03912154352271717,50557576310.95516,USD,Health technology,Strong buy,209.41103409066073,206.72430521016818,201.57862159130858,-4.965791216067093,10.212439211671368,7.114427860696523,224.79399999999993,215.05524999999994,210.21678000000017,nan,80.52621611940805,2.215,185.5048862613153
HCMLF,HOLCIM LTD,93.79,USD,4.443207126948785,200,0.2181262951248773,50530900184.736305,USD,Non-energy minerals,Buy,92.8000061479763,92.36804737931895,91.96228067273117,0,-0.9400084495141535,-4.249019928128055,92.7119999999999,93.62145999999998,93.00638180000011,94.68536045,48.90738176701729,1.9793600000000002,-66.62144771299785
RWNFF,RWE AG,64.61,USD,2.8526855359928707,1994,0.7906109987708656,50394841467.8523,USD,Utilities,Strong buy,64.87955792768084,64.85053196768993,63.62610393221573,2.227777601974623,0.9657457182147802,16.389249171350336,63.774800000000006,64.2716,66.3812,57.77333249999998,17.34752441343343,0.5367682,-36.219717115608134
UOVEF,United Overseas Bank Ltd.,30.55,USD,4.088586030664393,200,0.3309066843150232,50369866530.019875,USD,Finance,Buy,29.42225135895615,29.15523013433535,28.79145402796317,-1.451612903225804,-0.7472384665367136,6.594556873691558,29.679999999999986,29.286025000000002,28.267949999999995,24.552449509999988,14.319771033657789,nan,-17.669491525423716
XEL,Xcel Energy Inc.,80.31,USD,-2.0131771595900334,1429451,0.28050416656667004,50135090396.238655,USD,Utilities,Strong buy,80.3072529683081,80.10274518975059,79.72078978215836,-2.0131771595900334,2.514679601736021,8.79165537794637,80.84999999999994,79.60799999999996,79.68659999999991,78.89957500000004,23.119440366180154,0.791176,2.4116277012883596
EBAY,eBay Inc.,112.9,USD,-1.689306861720653,733899,0.2568609062522887,50127598401.46813,USD,Retail trade,Buy,110.12877119166102,107.63780956906304,103.94037691951654,-1.3025614127108969,3.0956077070587167,29.770114942528743,112.31400000000001,109.32549999999989,109.24759999999996,94.43532499999998,25.63287546827109,1.504249,5.265044691936331
LBLCF,Loblaw Companies Limited,43.07,USD,-3.0828082808280772,4827,0.03431413320025677,49928235656.517204,USD,Retail trade,Strong buy,45.01071541609329,45.202782102780915,45.18668840217033,0,-6.89580631214872,-3.7541899441340774,44.88999999999998,46.06013000000005,45.27465700000002,44.093522799999974,25.892172360210488,0.45558163199999996,33.1101364429293
MBGAF,Mercedes Benz Group AG,51.82,USD,0.6213592233009715,11894,0.3454294634429681,49897670887.46463,USD,Consumer durables,Buy,53.73285475659614,55.64586826405408,57.887812011598484,0.5042668735453801,-8.4452296819788,-27.310983307616784,50.625500000000024,52.853075000000004,56.293561999999994,63.53902949999997,8.81669966667007,1.51374114288,-39.13707316374543
WMMVF,Wal-Mart De Mexico S.A.B. de C.V.,2.8594,USD,-1.7388316151202818,8021,0.6744246664032085,49886014493.95953,USD,Retail trade,Buy,2.9808714020640674,3.0402860071116153,3.091967589356592,-1.058823529411771,-4.686666666666668,-6.859934853420192,2.903880000000005,2.93434,3.066560999999997,3.1795977499999952,17.690539951342185,0.03711341903,9.039945908973676
AXON,"Axon Enterprise, Inc.",617.41,USD,3.411831703068472,367016,0.29799436612216457,49764529183.645454,USD,Electronic technology,Strong buy,505.9018764512884,485.42509336861895,485.0836440163235,3.1595655806182066,21.83479359065435,7.680904128224351,575.9240000000001,477.95999999999924,437.8070000000002,532.8166999999999,247.1419421983828,1.826223,-39.52993004623242
NTDOF,"Nintendo Co., Ltd.",43.15,USD,-3.854723707664893,12993,0.90430751884409,49743680285.64416,USD,Consumer durables,Strong buy,44.7302116889553,46.78101273358501,50.6302929274706,-0.1157407407407506,-3.575418994413411,-34.452377335561295,43.399999999999984,44.122051699999965,45.79854867999998,64.48943516999996,18.795955462067127,0.396661063227,43.81144183062197
CRDO,Credo Technology Group Holding Ltd,265.545,USD,9.770162457112157,4562788,0.4049369135241759,49518272053.1831,USD,Technology services,Strong buy,236.2532141062507,218.0606522422,197.44705227511213,5.170501802051569,27.592254468575824,78.93867924528303,256.83500000000004,253.51000000000005,218.8685,159.22432499999996,107.08323251875152,1.163125,789.7739504843918
LZAGF,Lonza Group AG,715.704,USD,1.1581461746123674,199,0.2758525090102578,48774077587.56781,USD,Health technology,Strong buy,664.7582660665444,655.8800485686337,654.4036593888766,-0.5966666666666735,18.036745060527082,3.000185649709218,692.3277999999993,644.526599999999,634.4016199999996,664.6865149999996,nan,10.614318,-150.47333860374277
FER,Ferrovial N.V.,67.89,USD,0.25103366804489324,546388,0.3620028339402071,48760837032.49934,USD,Industrial services,Buy,68.07205161881286,68.0440914169783,67.6400806082968,0.17706949977866984,1.457072405290285,4.736192533168787,67.974,68.15050000000005,68.21839999999996,66.34819999999999,46.864624950179326,nan,-68.71270985641983
BFFAF,BASF SE,54.63,USD,2.560251566423398,100,0.04061078622482131,48758487457.854126,USD,Process industries,Buy,55.62559440299405,56.46673517539076,56.57938662163312,0,-5.859038428399102,5.057692307692312,54.01924999999987,56.68529749999997,57.94388300000001,52.80921824999999,24.113189956706044,0.9087576990800001,152.9176552555015
OXY,Occidental Petroleum Corporation,48.98,USD,0.1431200163565739,2732623,0.3164738884081417,48717207679.104485,USD,Energy minerals,Buy,52.349610263537485,53.318340087137514,53.12580888347718,0.5543009648942641,-16.700680272108844,18.7681862269641,48.69800000000002,52.65350000000001,55.822899999999926,49.37262499999974,55.90047934261584,1.847951,-64.53780152177433
FANG,"Diamondback Energy, Inc.",173.035,USD,0.5783538711927485,622855,0.2660348853355496,48677049114.43199,USD,Energy minerals,Strong buy,182.3920045810778,184.15930522410795,182.29086712734352,0.6836960316536616,-14.55061728395062,14.520665806280817,174.67099999999976,185.36950000000013,194.2824000000002,168.89912499999983,195.1009132934942,6.200468,-94.57404178520082
AZO,"AutoZone, Inc.",2966.5,USD,-6.102023245802847,181520,0.2776788119532223,48429167627.80886,USD,Retail trade,Strong buy,3137.642257348405,3215.6611749672943,3313.5420110371956,-5.54262442804969,-4.306451612903226,-12.11177639979735,3138.6979999999962,3097.9045000000074,3256.8425999999995,3589.1310000000003,20.39547909953255,54.505914,-1.5630245048673954
SSUMF,Sumitomo Corp.,10.28,USD,-5.340699815837938,826,0.0599558678357819,48371470839.84599,USD,Distribution services,Strong buy,10.470492512903572,10.423170937662249,10.192572413968328,0,-3.767844605663467,19.2748368382886,10.202750000000004,10.640606249999994,10.046790999999994,8.345759124999995,13.090851287785219,0.206650291562,1.7041933667596192
STT,State Street Corporation,174.71,USD,2.3551467572792846,1004402,0.4419955098203867,48353968294.723366,USD,Finance,Strong buy,165.26932486153225,159.27464732963574,151.70916901435098,1.8479654890987618,7.652966911085104,35.86593047670892,170.9700000000001,168.3970000000001,159.46540000000002,133.4074000000001,17.719246645503507,3.283019,10.73438079087162
PRYMF,Prysmian S.P.A.,165.375,USD,0.16049906123189772,1380,0.5614777443241923,48324485733.48086,USD,Producer manufacturing,Strong buy,165.91535489603856,160.3660339304523,150.56447265287645,-2.0696393675608484,-9.281658849666742,57.07738703013322,165.84099999999998,170.571,166.60962432000008,121.71382607999998,30.53046202292697,1.4399606407,109.0653439115808
NDAQ,"Nasdaq, Inc.",85.435,USD,0.9154264115284736,1129848,0.21101183214734956,48316983116.16017,USD,Finance,Strong buy,85.46626818968613,86.32203095753088,87.14485280455078,0.9511993382961206,-3.8760126012601184,-12.149100257069406,81.69799999999994,84.06450000000004,87.7794000000001,89.00672500000005,25.738860603139216,0.950522,50.50784438197154
EXC,Exelon Corporation,47.03,USD,-1.7752715121136204,1764439,0.18678563998249006,48121479422.19215,USD,Utilities,Buy,46.70387706016045,46.589979457346885,46.47748579328708,-1.3011542497376651,4.743875278396442,7.966023875114781,46.98800000000004,46.29500000000003,45.759200000000085,46.031274999999994,17.222690152708097,0.478337,1.3096386436150604
HINKF,Heineken N.V.,87.38,USD,-1.43260011280317,416,0.07323299005369245,48057692584.195854,USD,Consumer non-durables,Strong buy,83.25743282454059,82.30287954785437,81.88891497183712,0,11.93953369203176,7.386014501659076,85.86400000000006,80.52541999999985,79.69481800000017,82.21908667500018,22.106430906119726,2.5604985200000003,120.8211384701732
MCHP,Microchip Technology Incorporated,88.62,USD,4.702268431001895,2698351,0.1922908593160944,48039060451.480865,USD,Electronic technology,Strong buy,89.60975846361595,87.91976722925698,84.43829889412443,1.8620689655172469,-5.285095922620631,35.795280416794355,88.44199999999998,92.49049999999998,93.7954000000001,73.88197500000004,410.46780917091246,0.699542,nan
CRZBF,Commerzbank AG,42.3875,USD,-7.12642418930762,100,0.030594138163127945,47791747394.64045,USD,Finance,Strong buy,42.328267409659006,41.805769913239594,40.83925462654215,0,-1.4830705440481815,0.49193930772878885,42.58530000000001,41.32353000000001,40.340742000000006,24.284917199999995,15.62095781804371,0.8670165481400001,6.759401220693216
TTWO,"Take-Two Interactive Software, Inc.",257.125,USD,0.8372877367739876,656652,0.19981830936910555,47739540079.15163,USD,Technology services,Strong buy,238.0147023178704,231.82342080569217,227.99199704478195,1.6344519546227085,18.310863663553114,-0.22506354164645007,251.913,232.07924999999994,227.06409999999983,230.91595,nan,0.32648,93.64199183982105
DRPRF,DR ING H C F PORSCHE AG,51.05,USD,0.9991097042239497,300,0.17352073572791948,47657464233.2685,USD,Consumer durables,Buy,52.110967637490106,51.41034076030113,50.8565305718245,0,-8.1008100810081,-7.9018581995309445,53.30100000000001,49.78572,49.544316,55.493007999999975,127.51797894219803,0.31614961744000003,-89.42842729514186
DKILF,Daikin Industries Ltd.,162.605,USD,4.81178290576254,74,0.09483531974881457,47590034292.1432,USD,Producer manufacturing,Buy,151.32206362065173,147.52064714950887,142.6982791399068,-3.9091123980617004,5.484917288355487,26.304955724716468,152.20199999999997,146.70862500000007,146.4968,129.16760900000003,27.491474505150716,1.783189363956,-1.8093888319330207
CRWV,"CoreWeave, Inc.",86.69,USD,6.049299651354814,13145868,0.44837352813627224,47295495324.7675,USD,Technology services,Strong buy,96.73956721130723,98.21931088383911,98.09085356428136,4.426910799253143,-17.15009318105797,17.259569863384268,89.83400000000006,100.62050000000005,107.98910000000002,100.00287500000006,nan,-1.071031,-21.728872558499315
STT/PG,"State Street Corporation Depositary shares, each representing a 1/4,000th ownership interest in a share of Fixed-to-Floating Rate Non-Cumulative",21.471,USD,0.07457469121417755,20132,0.35495092360938474,47241364823.0,USD,Finance,,21.607900552840082,21.760198100655845,21.958167263726175,0.0046576618537551105,0.19132057862809318,-4.820377331725649,21.483200000000018,21.456799999999973,21.80940000000011,22.5194415,2.177608292173349,3.283019,10.73438079087162
CCEP,Coca-Cola Europacific Partners plc,106.295,USD,-0.2954694681549552,661039,0.3295120005826186,47111817277.63395,USD,Consumer non-durables,Buy,100.62706197872981,98.9329419188213,97.51704476729226,0.08474177298620914,14.381792747229092,17.2716240070609,104.09099999999994,99.46474999999984,95.79170000000005,93.8278249999999,22.055192447349313,2.45999724,44.86894312853191
HUM,Humana Inc.,391.99,USD,-1.1997479521108987,474309,0.3398218516135106,47062907600.38455,USD,Health services,Buy,356.7540069861783,328.2690086125474,300.6346242983166,-1.510050251256279,12.52006650613462,53.302218403374454,396.9609999999999,374.00725,317.6952999999999,253.6105750000001,41.951433555581715,7.225883,-33.932220407412906
ELEZF,Endesa S.A.,45.74,USD,1.3067552602436399,100,0.17283097131005876,47060813294.341644,USD,Utilities,Buy,40.184021939011274,37.54152975741617,34.39905641678235,0,11.257053901537263,31.85356010377632,41.49039999999995,34.79088,26.678071999999972,22.921807500000014,17.619408694393062,0.61272775266,16.56436790718009
XYZ,"Block, Inc.",78.93,USD,0.12685525815046117,1809158,0.30144035249678947,46977854425.31486,USD,Commercial services,Strong buy,74.93124904378493,72.76137819941665,70.64632579536878,0.08876489982247956,12.467939583927043,20.10042604990872,77.78200000000001,73.50900000000001,72.18579999999997,67.36375000000002,61.319142324425115,0.867987,-68.69116824362123
DVN,Devon Energy Corporation,40.585,USD,0.28416110699283914,11824839,0.8794648491000733,46810865258.76168,USD,Energy minerals,Strong buy,42.958312482838764,43.7777837585099,43.733409971594234,1.0834371108343768,-11.492748882346518,10.646128680479828,40.923000000000044,42.98375000000003,45.764499999999956,40.97969999999997,11.262973858022978,1.509089,-18.007645399108032
GRMN,Garmin Ltd.,242.385,USD,0.9853345554537041,233840,0.24658236567013325,46745451152.88795,USD,Electronic technology,Buy,238.37510049473238,237.913673628426,235.97079350477142,0.7921656686626751,1.2214983713354977,19.008690528796585,238.26899999999992,236.47075000000024,238.98069999999984,228.77622500000018,27.0262585716675,2.287865,18.14337654125831
ANNSF,Aena SME S.A.,31.068,USD,0.19349845201239124,412,0.03913522550248869,46602001548.88759,USD,Transportation,Buy,30.179686383817536,29.89555093904955,29.65991731918017,-1.1203055378739666,8.055091819699507,11.028518333214217,31.028799999999972,30.28049999999997,28.771996000000005,28.919066,18.63226660076661,0.50242417168,17.082687806726515
MCHPP,Microchip Technology Incorporated - Depositary Shares Each Representing a 1/20th Interest in a Share of 7.50% Series A Mandatory Convertible Preferred Stock,75.07,USD,4.685538976432854,3921,0.02122064436938534,45881585157.0,USD,Electronic technology,,75.8925887517735,74.78970802611926,72.41007352076333,2.247344047943328,-4.271869421066065,26.44433215428667,74.74199999999993,77.87899999999998,79.29939999999998,65.39549499999998,347.70727188513195,0.699542,nan
VTR,"Ventas, Inc.",92.0,USD,-0.5620406398616473,879506,0.18914487443683278,45776411498.09771,USD,Finance,Strong buy,88.0229999222197,86.85223101052974,85.28563765238087,-0.7015650296816035,16.382036685642003,18.909137908750154,90.45400000000008,85.589,86.01420000000012,80.31224999999996,166.63647889875023,0.142327,66.84799032940465
DGEAF,Diageo plc,20.573,USD,-0.6519219625265502,6492,3.0554901868499087,45745808833.75717,USD,Consumer non-durables,Strong buy,20.524074373480765,20.564987965615774,20.849633396755888,2.7417099480623226,0.9569143193640214,-6.4863636363636346,20.513720000000024,20.370030000000032,20.48954000000005,21.89660600000001,18.78805647642471,0.6235,-30.636144963394337
CVE,Cenovus Energy Inc,24.45,USD,-0.8113590263691656,4479108,0.6338719501697806,45680372758.31963,USD,Energy minerals,Strong buy,25.918204759403316,25.993085190770717,25.24222510573178,-0.6097560975609843,-17.286874154262517,44.07778432527991,24.68,26.141,27.936740000000004,21.856559999999977,13.516154262127367,1.1217008,75.32494235845182
SEMHF,Siemens Healthineers AG,40.621,USD,1.6160100062539107,3902,0.28115025182473863,45324429420.688225,USD,Health technology,Strong buy,40.00673254488139,40.782874052086015,42.41152742263039,0.9468190854870782,-1.0149253731343264,-19.879684418145956,40.26619999999999,39.86410500000003,40.145671999999976,48.1916735,18.83958530420405,0.6286789046800001,7.2728669266144355
YUM,"Yum! Brands, Inc.",163.91,USD,-0.49778425302008944,911631,0.41019031805586836,45177067310.915245,USD,Consumer services,Buy,158.02625111140404,157.13133735686392,156.4761668056453,-0.33434650455927745,10.124966406879865,8.162861290748321,161.666,154.90849999999995,153.93979999999993,153.6502,26.424736816650277,1.57819,23.677074610200584
ODFL,"Old Dominion Freight Line, Inc.",216.9298,USD,-0.33089823110498756,357794,0.2236423981842783,45114515466.120415,USD,Transportation,Buy,219.97863880907727,216.28383444972064,208.69480691567392,-0.17955089269280003,-11.644753991528189,37.51492868462757,217.76595999999995,228.0044899999998,217.86399600000001,179.98037399999959,45.36002843760455,1.498336,-10.34793041391721
COIN,"Coinbase Global, Inc.",171.2,USD,3.4566110708242683,3792535,0.44431477979412104,45104523200.0,USD,Finance,Buy,168.60429900549096,174.09492454880095,184.66811190754763,6.0948780714529045,7.876496534341525,-25.75728007979358,158.7520000000003,158.48624999999998,178.14010000000002,230.18334999999996,64.37784379347949,-0.005451,-50.16491136014392
AMP,"Ameriprise Financial, Inc.",499.24,USD,2.060675443617627,265974,0.2986906301360017,44880222098.7304,USD,Finance,Buy,472.4681789727785,468.6105705119905,468.4269930062866,1.8088382241980554,9.451252932278082,1.8857142857142877,474.72599999999954,463.1084999999997,462.2546000000004,472.90035000000034,12.417762544243441,10.6575,36.60602642165923
MSCI,MSCI Inc.,611.7,USD,1.4242841272736368,147389,0.16894056160996554,44531760785.023964,USD,Commercial services,Strong buy,592.9730385623627,588.0331586856677,582.2843347575132,1.5589978582457706,-1.5625754332887987,7.021012299455883,582.9760000000006,588.962,591.8473999999999,569.6430500000005,34.935121304884184,4.868631,20.407096685462793
HHUSF,HUA HONG GRACE SEMICONDUCTOR LTD PUBLIC COMPANY LTD,21.3,USD,-16.470588235294116,100,0.015499790752824837,44412658509.21236,USD,Electronic technology,Buy,19.976285510588063,18.364252218201678,16.32350863530708,0,9.230769230769234,111.10009910802775,20.6828,17.815490000000004,13.721546,nan,532.5877704645726,0.025707,169.95400643014935
IDXX,"IDEXX Laboratories, Inc.",562.92,USD,0.9178917174614566,207678,0.29331149294134745,44404819208.71947,USD,Health technology,Buy,560.473430898766,566.2532980706409,578.1518168813707,0.270751692198073,-0.7071437388682357,-16.77235303682025,544.1620000000001,554.6289999999992,555.5924999999988,627.6374250000003,41.41858582885733,3.955202,25.583286362418328
WAB,Westinghouse Air Brake Technologies Corporation,261.34,USD,-0.32419237957207475,194416,0.21865160643970458,44343475833.65681,USD,Producer manufacturing,Strong buy,263.8481195714262,261.67052875845815,256.22595745762135,0.03444976076554067,0.011480616891803878,22.338732328433654,265.08599999999996,267.66050000000007,265.1129999999999,235.07879999999975,36.99237051821025,2.595903,10.73544625223361
DHI,"D.R. Horton, Inc.",156.205,USD,-1.4914548779718615,694050,0.3357084039850264,44296556644.86341,USD,Consumer durables,Buy,154.94010182276364,152.96324968833838,151.71485287613893,-1.621740773397146,8.160227115358001,8.220174587778862,159.78899999999993,156.43024999999997,150.70990000000015,151.80732500000002,14.6337464751787,2.972083,-19.23199152542372
VIK,Viking Holdings Ltd,99.23,USD,-1.449995034263575,762670,0.2573359749295571,44272171131.12961,USD,Consumer services,Strong buy,95.16942912639244,91.16577653820157,86.26433846701605,-1.459781529294934,9.95013850415513,38.76380925744651,102.30799999999992,97.29500000000006,89.65600000000002,74.10900000000001,36.95441680321764,1.244013,117.98993343075175
RKT,"Rocket Companies, Inc.",15.58,USD,-1.2048192771084307,12112586,0.31777960251425696,44082515801.87952,USD,Finance,Buy,14.829075079577237,14.901830920768795,15.298441437952778,-0.5108556832694768,19.662058371735796,-20.102564102564102,15.69000000000002,14.123,14.201,16.975024999999995,264.0677966101695,0.173361,nan
AMSYF,ArcelorMittal,59.235,USD,-6.936370777690494,400000,7.470854329546855,44059743136.47313,USD,Non-energy minerals,Strong buy,60.43241276583509,57.24660494328371,52.34045612377571,0.004220655889921455,-9.385039008719602,7.212669683257918,64.07379999999999,54.57242500000003,38.83934666,31.593062665000005,13.5523722051488,nan,174.94910786763285
FERG,Ferguson Enterprises Inc.,227.0,USD,-1.4072272411396842,699044,0.6098282067660324,44023889752.3671,USD,Distribution services,Strong buy,232.78824816082994,234.78131361706292,236.3760605627951,-1.3172194931095949,-0.8300567933595481,1.7207384835992128,232.47599999999966,233.00350000000003,237.10979999999992,240.2819000000005,24.890350877192983,3.290451,9.569291764281854
PINXF,Peoples Insurance Company Group China,0.63,USD,-4.545454545454549,8280,0.023614602836889546,44007924861.07393,USD,Finance,Strong buy,0.6863843011591929,0.7209629708701919,0.7454960166826701,0,-3.0769230769230798,-37.0,0.6628599999999999,0.77722425,0.7768407,nan,4.3346741650199725,0.0618156,9.306656567571236
ADSK,"Autodesk, Inc.",208.55,USD,0.5157123578176314,566129,0.17967888036433874,44004049094.35343,USD,Technology services,Strong buy,212.30969862133722,219.58396728579464,229.81161507399895,1.9007133782859449,-11.285519823038966,-29.543918918918912,201.08999999999986,202.58900000000014,224.48700000000022,263.4602500000002,30.472836728133494,3.11845,46.64866718093768
SSREF,Swiss Re Ltd,161.77,USD,3.420278736734448,120,0.11202389843166542,43948017542.9236,USD,Finance,Buy,156.61673602576334,157.27511594102918,159.018241965159,0,11.38883150864148,-4.329055532556622,156.52558,152.38917499999997,158.56387599999985,155.85736174499993,9.883734183405755,nan,56.15397382686712
BAIDF,"Baidu, Inc.",15.883,USD,11.459649122807011,515,0.6544668954123777,43902598873.78805,USD,Technology services,Strong buy,14.95444863617736,15.18630048574265,15.335072533505622,1.4240102171136588,-6.488077715631442,-13.467719967311366,14.902599999999998,15.872289999999996,15.783610000000001,14.263652499999983,nan,0.22988360451,-100.32173548619406
DNBBF,DNB NOR BANK ASA,30.45,USD,-3.1796502384737675,1220,0.6721392760729437,43867303493.66834,USD,Finance,Buy,31.176907036440323,31.23066623342795,31.02427289073544,1.0620643876535025,0.16447368421052866,5.072463768115938,30.933200000000017,31.046550000000007,31.293745999999956,29.799711999999996,10.562380510566461,0.6569301014999999,1.432625549903745
CMG,"Chipotle Mexican Grill, Inc.",34.19,USD,-3.390788358293311,6700308,0.32878959153785137,43856675004.00452,USD,Consumer services,Strong buy,33.386895556648234,33.42105128822921,33.99868199134858,-2.7864657378447655,17.531797868683388,-8.214765100671148,34.31,32.12150000000001,32.2538,35.48552499999998,31.320996702088678,0.31858,-4.085756963359985
CODGF,Compagnie de Saint-Gobain,89.5499,USD,-2.979523293607804,305,0.09613869188337273,43848183341.08484,USD,Producer manufacturing,Strong buy,90.4552811677103,90.58444220346368,91.60560808084125,0,-0.9622871046228797,-13.310842207163603,89.95998000000002,89.24598000000005,89.21181399999999,95.47455032499994,13.18014044045669,3.7802186000000004,16.29370013115051
SLF,Sun Life Financial Inc.,78.65,USD,-1.2554927809165097,238627,0.4539418179397064,43578705370.83274,USD,Finance,Buy,76.45761816149601,74.40100345393425,71.88122469457424,-1.687499999999993,7.460035523978696,26.10229276895945,78.73199999999989,77.06399999999995,73.91399999999992,65.29840000000004,20.454372520941106,1.362357568,1.2784540473330384
KDP,Keurig Dr Pepper Inc.,31.955,USD,-4.039039039039036,7300398,0.37985343493452967,43476676172.05826,USD,Consumer non-durables,Buy,31.443701725518526,30.669804948422343,29.9693516036549,-3.2546170148350066,5.184331797235021,14.863407620416957,32.971,31.83675000000007,30.2705,28.17382499999996,23.774272747563423,0.540257,21.748188405797098
VLKPF,Volkswagen AG,86.1,USD,-0.45667379617320103,10,0.011814744801512287,43390265596.5465,USD,Consumer durables,Buy,95.64941438310048,98.56022587098693,101.62929818515629,-7.578359811077719,-12.57995735607676,-28.891164665268164,87.04899999999995,97.07674999999985,100.94928100000004,108.89139024999999,6.091201117426303,6.4195135497,-29.46601996186723
RBGPF,Reckitt Benckiser Group Plc.,68.318,USD,0.2465150403521528,138,0.041308707755859556,43385686082.74543,USD,Consumer non-durables,Strong buy,65.25039272422521,66.00874182257142,68.15972211190633,0,12.125389791564087,-18.233299927969597,65.67460000000001,62.737405,65.00193599999997,73.23375159694997,10.42108925096875,1.9662450975,148.5761160160083
FANUF,Fanuc Corporation,46.854,USD,2.4444638796571674,624,0.6712564543889845,43332752031.37411,USD,Producer manufacturing,Buy,46.39103194557917,45.70099386453831,44.18610749065287,-1.9790794979079456,1.3717005625270453,26.632432432432427,45.872399999999985,45.74301999999999,46.85933399999999,39.13721749999996,41.68406198248028,0.313767777752,7.161705177316509
UAL,"United Airlines Holdings, Inc.",132.9,USD,-0.31503150315030565,1764431,0.3150057954763506,43135319840.792076,USD,Transportation,Strong buy,121.59452371917851,115.7089048296224,110.88848287740137,-1.5482628342840234,26.95834925487199,18.0284191829485,134.50600000000003,121.91174999999987,107.88749999999999,103.50897500000002,11.857284333931105,1.828586,2.1760137106184336
BDX,"Becton, Dickinson and Company",156.39,USD,-1.0690789473684377,474626,0.14525745841345494,43091769252.123344,USD,Health technology,Buy,152.76299782289016,152.75067118746492,153.45152370893328,-0.9876543209876558,3.0372908156542264,2.427391005449694,154.77799999999957,149.2215000000001,148.0222000000002,154.16725748924932,39.65565332048583,3.134548,-24.7442943286772
FSUMF,FORTESCUE LTD.,14.0,USD,3.7037037037037033,301,0.2046366170371881,43082263638.99782,USD,Non-energy minerals,Buy,14.663330446040469,14.817107695803983,14.792767873976517,0.35842293906810546,-13.846153846153847,-8.794788273615634,13.454899999999984,14.665179999999992,14.963288000000016,13.691020270000008,11.164010356533437,0.581339,5.604702490805192
VLKAF,Volkswagen AG,86.645,USD,2.007299270072991,519,0.25535055350553504,43027817871.32787,USD,Consumer durables,Strong buy,94.25228636447252,97.83701327604051,101.53098796096305,1.0908878777272224,-14.357022832855593,-29.305456399796025,84.53989999999996,95.22074999999975,100.93208800000002,110.06608199999991,6.129757500806063,6.4195135497,-29.46601996186723
BAMXF,Bayerische Motoren Werke AG,70.9,USD,1.9117435676297436,691,0.28570247250475483,42919920076.94353,USD,Consumer durables,Buy,75.72138363130382,79.9946253888829,84.62121351038964,6.761029965366676,-12.70085575324755,-35.83710407239818,68.44400000000009,73.75487499999991,83.95966010000015,92.49765152500002,5.485146334666482,2.36683255344,13.571954393896995
WCN,"Waste Connections, Inc.",168.53,USD,-0.17178059471626114,404841,0.2362899051218179,42820255738.26645,USD,Industrial services,Strong buy,162.49800073626218,161.6558905855753,162.45941615660703,-1.2538817601218646,8.588917525773205,-3.631061299176575,167.17600000000002,160.3784999999998,157.87699999999947,166.3914500000001,41.38863257799966,1.321662144,74.54013585432847
HEI,Heico Corporation,368.335,USD,1.7247093264105624,120451,0.26662738308004863,42813331445.1994,USD,Electronic technology,Strong buy,340.90802254341355,330.1204625402265,322.437738375025,1.2855414398064,11.387141647514204,13.957985273188525,359.35100000000034,340.2117500000001,313.5099000000002,315.0281249999999,65.78467968066296,1.498028,30.878193590612646
CCJ,Cameco Corporation,98.19,USD,1.709136109384702,1408460,0.47697966745733184,42764980120.98646,USD,Non-energy minerals,Strong buy,103.31522790828133,105.47348194715947,106.02006211114983,1.112140871177014,-12.548984681154261,5.58064516129032,99.48999999999998,103.06449999999998,109.84820000000012,104.17270000000003,91.43728312559888,0.272438144,170.61195254337045
LYV,"Live Nation Entertainment, Inc.",183.67,USD,-1.564928452757391,783560,0.27388022064072437,42742358967.040504,USD,Consumer services,Strong buy,175.29209400201577,170.68035758603227,165.7385929534467,-1.2633050209655,14.194230290972383,28.954574176788583,183.9819999999999,173.61999999999995,167.37659999999997,154.1459499999999,nan,0.662415,-160.3588180915534
HEI.A,Heico Corporation,265.71,USD,1.5322888803973982,107002,0.21913213010880628,42732346595.14139,USD,Electronic technology,Strong buy,250.39942372025223,244.51754620754735,241.14323712734358,1.5478101352900535,8.688182599091906,5.302579954821055,260.29,250.04850000000002,233.7988,241.50365,47.45584111732242,1.495089,30.878193590612646
AIG,"American International Group, Inc. New",80.59,USD,1.5115253810303602,1243669,0.23570261332618453,42729320375.46353,USD,Finance,Buy,77.3309755291441,76.99642255855605,77.0342526384338,1.7678999873721502,8.714420612437621,-5.444092455708084,77.24399999999989,75.70349999999979,75.83399999999993,77.55517499999986,14.235497774323466,1.949601,26.484650788685833
DNSKF,Danske Bank A/S,53.58,USD,-2.136986301369866,144,0.21345982804624963,42570440794.22003,USD,Finance,Strong buy,51.48419667826633,50.23030050613401,47.75358710543009,-2.136986301369866,5.058823529411761,7.99262312428826,52.266,50.50622,40.544818,23.621129130000014,12.426758833418184,1.0996351896,5.3186849485374985
AU,AngloGold Ashanti PLC,84.2636,USD,-0.45646780862375536,1336268,0.2878419254830645,42553748789.445656,USD,Non-energy minerals,Strong buy,87.69884533486837,90.1107921010886,91.20685974232586,-0.9712069573392956,-4.7976499830527715,-3.2731446937955555,82.49671999999998,84.55167999999998,91.24487199999997,90.30556800000002,12.361529208109614,2.04,nan
HLNCF,HALEON PLC,4.825,USD,0.10373443983402268,9493,2.184960986949617,42496669584.12024,USD,Health technology,Buy,4.665016189967969,4.690057386536933,4.74579422873865,0.5208333333333408,7.461024498886414,-7.211538461538462,4.686000000000002,4.4967999999999915,4.537132999999998,4.8107347500000035,19.39091702921988,0.1338957,26.518607645628062
LGRVF,LeGrand SA,161.69,USD,-2.029810954920016,144,0.1966944406501844,42303485269.915665,USD,Electronic technology,Buy,170.7768706847663,169.24881196494854,165.33090324759223,-0.8158508158508234,-9.551719380195728,10.180579216354342,168.72990000000004,168.19310725000003,161.3118529,112.65920565999991,29.00806538463076,1.77901084526,14.800689829768546
HOCFF,Hochtief AG,560.2,USD,-1.3732394366197103,21,1.0824742268041239,42158977794.122795,USD,Industrial services,Buy,565.1856405737765,552.5200487242001,525.7950560944425,0,-2.743055555555548,38.99019972708101,574.457,564.2967499999997,551.3312299999999,384.814901,45.34342571729806,nan,-9.622063640624342
PBCRF,PT Bank Central Asia,0.3405,USD,9.32733986193611,2462,0.01295378361498956,41975153460.9375,USD,Finance,Strong buy,0.32978907348058034,0.3431881251998255,0.36984920892008766,0,21.607142857142854,-26.774193548387093,0.34143,0.3317064500000003,0.4260695800000003,0.5672317949999965,12.237787609842771,0.006782728399999998,1.8948881782819302
ALNY,"Alnylam Pharmaceuticals, Inc.",313.475,USD,0.22220090798646014,316921,0.27192371608000016,41852853734.041824,USD,Health technology,Strong buy,301.10455613532116,303.891128856257,313.66073907218635,-1.836600488507532,2.3291114447999113,-21.50172785095406,304.4949999999996,293.1267500000003,295.8839999999998,366.1902249999998,74.48261933613705,1.6055,nan
TTDKF,TDK Corp.,22.0,USD,-7.718120805369128,1492,0.47234621838097957,41749382812.49851,USD,Electronic technology,Strong buy,22.38238540516884,21.2235257773378,19.683171122104397,0,-11.646586345381522,76.28205128205128,22.70999999999999,23.518700000000003,21.298790000000004,16.257227499999996,33.92430810349725,0.176237386754,10.572495889509582
MSADF,"MS&AD Insurance Group Holdings, Inc.",28.3,USD,2.092352092352099,1296,0.2900561760032229,41597448681.63863,USD,Finance,Buy,27.239350766548196,26.89761262639031,26.408401519066768,2.092352092352099,0.4044561129638855,16.566438751132722,27.413999999999977,27.57575,26.556426000000005,23.920644000000006,8.49769141941054,0.463029144864,12.756134563735518
CMXHF,CSL Ltd.,86.8,USD,4.35326224167157,31274,3.170422635159109,41569557015.939575,USD,Health technology,Buy,80.54956804573712,82.70476676265412,88.3996732389013,0,29.90122717749178,-21.35544079006977,81.43579999999986,74.25078999999991,78.62921399999999,108.42594949999993,29.017661074554415,2.230637,-43.543164122810374
SSEZF,SSE Plc,34.446,USD,4.762773722627723,117,0.12495994873438002,41527873397.34759,USD,Utilities,Strong buy,33.390528580329494,33.566031875885024,33.32400939468162,0,2.95911047345766,7.744760713168593,32.60119999999999,32.333275,34.296176,26.765172999999983,24.73042501352613,0.57948332,-0.32516031524191563
RBLX,Roblox Corporation,57.915,USD,4.520844612885766,4197421,0.3641668864361562,41465910825.46048,USD,Technology services,Strong buy,51.344783534548036,52.033309218866414,56.1468509819286,5.089820359281437,33.89203560282047,-28.895027624309396,55.99899999999998,48.31174999999998,47.55349999999998,77.51397499999999,nan,-0.353205,-16.91286183228886
CBRE,CBRE Group Inc,141.46,USD,-0.08475773414324378,511182,0.2634967319739234,41421835265.82299,USD,Finance,Strong buy,137.31972757021822,137.9260413304138,140.1722542731482,-0.2749383151215977,8.348651960784316,-11.758467968311393,138.42400000000015,134.5630000000002,135.91520000000008,149.51164999999986,32.270280135048814,1.482829,33.86264390631204
FNV,Franco-Nevada Corporation,214.57,USD,-1.383399209486175,239447,0.3331819420221371,41381011832.79211,USD,Non-energy minerals,Strong buy,219.92711713936893,224.09358344487362,226.50996407818334,-1.6004769329542368,-7.172831494700417,2.8717997890497555,211.26800000000003,214.80400000000014,224.5373999999999,226.44689999999994,30.422047484968456,2.139595,126.50721479611555
ED,"Consolidated Edison, Inc.",112.07,USD,-1.6843582770418475,434341,0.20336732894573334,41301125407.952896,USD,Utilities,Buy,110.20388798867538,109.62479874073378,108.84343442874538,-1.372876881105344,6.814715974075478,12.486198936063433,111.98600000000033,108.88900000000005,107.9198,105.07989999999971,18.876854924287088,0.726305,9.597563226878343
SWDBF,Swedbank AB,36.78375,USD,-0.31504065040650636,197,0.04084933438394227,41250561270.4322,USD,Finance,Buy,35.97050132284382,35.82384394455446,35.503275419860415,0,2.0353675450762845,3.9088983050847435,37.09675,35.92340220000004,35.630460879999994,31.577703219999986,12.380952015514477,0.6644220661,-2.3331185600900572
CNSWF,"Constellation Software, Inc.",1933.2915,USD,-0.9756753434340267,772,0.08500611119063611,40969405973.99061,USD,Technology services,Strong buy,1973.1768610691552,1966.2326656485395,1997.4129280247025,-2.7509582591374144,-7.541810338643406,-19.244298245614033,1931.00488,1992.531344999995,1912.9271500000004,2245.607816500005,55.68012706008682,27.812302,2.743313920117976
NTRA,"Natera, Inc.",283.275,USD,1.4159387082915595,694510,0.35808824363467995,40569337212.07916,USD,Health technology,Strong buy,246.76206302319366,234.54185759160643,224.8838571034446,2.081081081081073,29.829506393510236,23.727888185193272,276.525,241.15674999999996,219.5479000000002,211.19272500000002,nan,-0.489351,-11.942436229709456
RVMD,"Revolution Medicines, Inc.",189.935,USD,0.3672585077150672,1005739,0.248961836969565,40379510954.20424,USD,Health technology,Strong buy,169.26876560960332,157.21308685648552,142.0839991490402,-1.2041612483745112,23.59927116548449,136.56121559347363,189.31700000000006,167.19425000000004,155.47429999999997,102.11432500000005,nan,-1.960734,-76.93115869521715
GMGSF,Goodman Group Sydney NSW,19.72,USD,-6.981132075471701,3880,0.38412038412038413,40323318243.17868,USD,Finance,Strong buy,20.677360509199257,20.65819274891471,20.579277696441274,-7.162865146058422,-15.762494660401542,-2.337559429477027,20.765600000000017,21.184375000000006,20.39569999999998,20.892367229999994,35.615979907674784,0.49045074661,89.16901731401452
CLS,"Celestica, Inc.",350.045,USD,4.114987656524207,723887,0.39559444474653,40245760212.828964,USD,Electronic technology,Strong buy,356.98997241964645,354.89177472471897,344.4251364345915,2.954411764705887,-15.049992719506863,17.425360617242532,351.18500000000006,367.77425000000017,380.4938999999998,318.9351750000001,42.56823338127535,2.226226112,137.55662783391023
PEG,Public Service Enterprise Group Incorporated,80.72,USD,-1.1026709139916757,758045,0.25119307140620634,40224505659.89218,USD,Utilities,Buy,80.7130814932874,80.62054196875074,80.76059721191578,-1.1147862305524887,3.41956967213115,-0.049511078103733445,81.24600000000011,80.47950000000004,79.4737999999999,81.17849999999997,17.84932445879309,0.83144,23.627665390924015
SYY,Sysco Corporation,83.955,USD,-1.0314747141341507,1357301,0.36971465801637243,40145819930.63026,USD,Distribution services,Buy,80.68691834014858,79.69141075785292,79.20813223871524,-0.5390356592820735,12.51005092468506,15.117235705470986,83.859,80.26674999999993,76.6929,78.38434999999993,23.286550356419713,1.512657,-6.740991748363892
PWCDF,Power Corp. of Canada,63.84,USD,2.463686702511843,11781,0.042937319386084895,39944125204.23089,USD,Finance,Buy,61.138690416141074,59.31440469751004,56.96485651085917,-0.08607872290476519,6.081754735792628,20.09029345372462,62.405399999999986,61.741839999999954,59.30080799999998,51.4484285,21.309751737747167,1.0507199999999999,3.0796559257684066
PYPL,"PayPal Holdings, Inc.",45.115,USD,-0.7807345502529072,6274346,0.39010456656876435,39796192044.52034,USD,Commercial services,Buy,44.4458478211354,44.995036716748075,46.62351693347669,1.4960629921259823,7.698734781570783,-23.10380092040225,44.443000000000055,42.68074999999992,44.76070000000001,53.66550000000006,8.463082464170482,1.284281,19.591699383062267
IBIDF,Ibiden Co. Ltd.,141.29,USD,-1.1958041958042014,3311,2.7177214150865963,39627459870.30012,USD,Electronic technology,Strong buy,123.79620492284903,110.61594054306428,94.2964557146046,-1.1958041958042014,0.9214285714285657,202.71023031601501,143.32041999999996,126.683205,92.744322,38.03440574999999,104.79813848208126,0.33210804955900003,77.90331189753367
UMGNF,UNIVERSAL MUSIC GROUP,21.54,USD,-1.0564997703261387,20831,1.3338583988064365,39601872845.524605,USD,Commercial services,Strong buy,21.52418975606544,21.72838412528251,22.198600358036263,-0.6457564575645782,1.940369143398013,-16.64086687306502,21.358020000000007,20.89452499999993,22.013815999999974,23.956278499999968,22.16797157203202,0.5367682,-16.671330501800462
RDDT,"Reddit, Inc.",205.21,USD,5.414290851184066,3114643,0.7284609915179413,39504778742.98305,USD,Technology services,Strong buy,178.93066114425923,172.99322684114583,171.17254661382916,3.6623560315215196,12.641343725985289,-11.61598759583082,189.12199999999996,174.79000000000005,165.52080000000012,184.2245999999999,58.18754076048431,0.942943,445.5909653465347
PRU,"Prudential Financial, Inc.",113.84,USD,0.7879592740150513,678527,0.3936511041720657,39502478932.65552,USD,Finance,Buy,108.17587922543976,106.1407748563559,104.9201361030545,0.6988058381247291,9.894777488174533,0.8593957650394248,110.99800000000027,107.8440000000001,103.3805999999999,104.28475000000034,11.700257973010475,3.378771,53.97287588422402
SDZXF,Sandoz Group AG,89.55,USD,2.424796980441485,276,1.287914139057396,39401998005.73611,USD,Health technology,Buy,83.4797425785412,81.59089847783466,78.23344924138739,2.424796980441485,8.260041708223769,23.50020686801819,85.32950000000001,82.66662500000004,72.917412,46.636771120000006,41.09554151234805,1.735,41129.756617745006
ORXCF,ORIX Corp.,37.783,USD,-3.8845077588399923,38,0.08790191996298866,39385544359.98568,USD,Finance,Buy,37.63938838991672,36.560385098611285,34.81391849527901,0,-7.643607919823993,27.151270402153802,38.0286,38.08990000000001,36.29768000000001,26.421446895,15.04259397016485,1.1371311450069999,22.671517255905794
CTPCF,Citic Ltd,1.35,USD,-24.999999999999996,1000,0.9795278675678323,39271857626.28134,USD,Finance,Strong buy,1.5872125360781526,1.5523000061906385,1.4844628107507896,0,-21.73913043478261,-2.8776978417266057,1.6709999999999994,1.5114349999999999,1.2462913599999994,1.0710118349999993,4.824675371181576,nan,1.9731758810161621
VMC,Vulcan Materials Company (Holding Company),302.44,USD,-0.2473696362017217,211320,0.1702388193166118,39243067074.10627,USD,Non-energy minerals,Buy,296.08441177612184,292.8943616395384,291.21985573099334,-0.7254226161168488,6.594297395411123,6.089518731584122,299.89799999999997,294.78749999999985,286.66680000000014,291.8916500000002,35.98505580277467,2.601798,19.161787015638524
FRFHF,Fairfax Financial Holdings Ltd.,1701.7,USD,1.1691796955352827,1527,0.13491544591896237,39232841245.23091,USD,Finance,Buy,1652.7471705448777,1654.293447538926,1664.4431501413228,0.603015075376887,8.387154303766836,-10.436842105263157,1667.7908000000025,1630.683250000001,1631.370613200004,1701.230463000002,8.455845181131814,79.058571,20.29096796634405
TSCDF,Tesco PLC,6.28,USD,-0.4754358161648076,3941,0.19543957787828295,39166086864.766396,USD,Retail trade,Strong buy,6.107452981515743,6.145070706706626,6.1514953008173645,0,3.973509933774838,5.618997964984279,6.1120000000000045,6.072785,6.269605999999994,6.0256624999999975,17.22530507030146,0.21620520000000001,23.38188562010771
GVDBF,Givaudan SA,4242.48,USD,6.289459443208453,1,0.0423728813559322,39149252115.32974,USD,Consumer non-durables,Buy,3874.0437449938468,3793.95360392755,3789.341445938681,0,23.331850727784893,7.81397712833544,4081.3039799999997,3728.6148350000003,3768.83082,4160.071036,29.130139914495146,75.46310000000001,12.447610318224356
SWZCF,Swisscom AG,750.9805,USD,-2.9138871651670257,7,0.6086956521739131,38901176070.58932,USD,Communications,Buy,800.9916837034071,812.2522453791084,810.2692847304345,-2.9138871651670257,-10.656589991136801,3.5014299004237963,780.2716999999997,827.1460250000002,799.1705099999996,654.1467859300004,25.15389241315077,7.3445253819000005,-5.8399908383667665
NIPNF,NEC Corp.,28.54,USD,9.348659003831408,591,0.02363801440678983,38753212497.55645,USD,Technology services,Strong buy,26.296840691219604,26.470191292369137,27.130218519593306,0,9.453499520613615,-16.853605243991268,26.051800000000004,24.84415000000001,26.195279999999997,27.0114752,22.329717485675598,0.11930466891199999,45.86522920340439
TRI,Thomson Reuters Corp,88.73,USD,-0.5380562717184058,693502,0.43087975513425786,38734091209.11091,USD,Technology services,Strong buy,86.49514659878668,88.39439303246603,94.0318542550429,0.10153429602888471,2.435927037635649,-33.8582524501882,85.43599999999999,82.24550000000022,86.14533528999996,115.02460576814985,25.87230483304848,0.944787008,-27.031719825317918
TEVJF,Teva Pharmaceutical Industries Ltd.,33.0,USD,8.76730388925511,100,0.40160642570281124,38433081319.46565,USD,Health technology,Strong buy,28.759300116049992,26.378107556043087,23.851930622763618,0,9.3077177873468,0.48721071863579957,30.216000000000008,21.782950000000003,19.306820000000002,12.289743500000004,23.455171806105632,0.6146339630000001,nan
ASAZF,Assa Abloy AB,34.43,USD,-0.9208633093525188,984,0.8745889254288508,38244028540.56145,USD,Consumer durables,Strong buy,36.054379115088786,36.68983853449689,36.84720109417547,0,-7.346609257265869,-8.973138747884938,34.83400000000001,37.826224999999994,36.44264000000001,28.661741000000003,23.026092716170737,0.4016289927,14.395339394675316
ESLT,Elbit Systems Ltd.,815.31,USD,1.5001369419615012,44826,0.4843891322036755,38196032836.79095,USD,Electronic technology,Buy,801.9177199130642,802.4580737433334,784.9906334857369,0.6009081486599737,-1.3395774341102218,39.60309578439094,773.9859999999996,797.0180000000003,808.8491000000001,689.7787249999998,62.70129397710362,3.378365,66.89747263915679
WEC,"WEC Energy Group, Inc.",117.12,USD,-1.439030547841449,387328,0.19639144511141837,38148991935.90306,USD,Utilities,Buy,115.65283042194767,114.97402761955092,114.22569841378967,-1.2645422357106726,4.77724100912507,10.835620327434468,117.47599999999981,114.86450000000005,113.65660000000011,112.40479999999984,23.353472513010708,0.830247,-2.111920051529289
GFS,GlobalFoundries Inc.,69.52,USD,-0.4581901489118089,1170130,0.37937293832094315,38145678009.39519,USD,Electronic technology,Buy,73.99484611858597,70.87843196027362,65.32943957997327,-3.229398663697115,-15.219512195121958,95.6105796285875,76.00000000000003,79.90350000000004,75.97640000000001,49.27237499999998,49.94252873563219,0.432717,nan
PAYX,"Paychex, Inc.",106.78,USD,0.40432534085567173,1064194,0.2585245124622174,37970968107.432625,USD,Technology services,Buy,101.20764947991013,99.64235365123642,99.99950871897616,0.4751823100446911,7.0637188549656615,-4.762754191937213,102.79599999999994,99.92750000000001,96.41470000000001,105.00399999999995,21.853382997011995,1.323163,6.713549401589924
HNDAF,"Honda Motor Co., Ltd.",9.75,USD,10.169491525423734,290,0.0016676068519090362,37952377258.298225,USD,Consumer durables,Buy,9.019862629050243,8.970107588939523,9.057383256670606,-0.4207860119290782,12.847222222222214,3.1746031746031824,9.061000000000007,8.904045000000004,8.571593000000018,9.729660750000008,nan,0.360546092335,-160.2888061935655
ADDDF,adidas AG,212.4,USD,-0.28169014084506777,14,0.008903586873569066,37923823574.1306,USD,Consumer non-durables,Strong buy,197.67753867238434,191.15397606889834,187.0156835315944,-5.051365691267635,15.238407594015749,8.367346938775512,207.9608,197.5204774999996,181.3424349999999,186.97492674999978,23.575522881016948,2.72461596818,45.49031745837869
HIG/PG,"The Hartford Insurance Group, Inc. Depositary Shares each representing a 1/1000th interest in a share of 6.000% Non-Cumulative Preferred Stock, Series G",24.8,USD,-0.20120724346076743,6147,0.22476799204335202,37788932224.0,USD,Finance,,24.818461804318577,24.842222394881613,24.876202683995995,-0.26141162276291063,0.12111425111021856,-0.998003992015968,24.786000000000023,24.78533500000001,24.857045999999972,24.995686550000027,1.7422704312821846,3.240759,41.863501365385005
WEICF,Weichai Power Company Ltd.,4.648,USD,6.727898966704919,387,0.10651767037322471,37666483529.02242,USD,Producer manufacturing,Strong buy,4.692219681639121,4.6249804624023945,4.38982527823535,0,-4.164948453608247,88.55983772819472,4.467000000000002,4.733340000000001,4.969568000000001,3.3568270000000013,25.405218426448645,0.0615742248,-0.02938063352498723
KMTUF,Komatsu Ltd.,41.67,USD,8.941176470588239,1902,0.07179824015039127,37605455705.56513,USD,Producer manufacturing,Buy,40.37984754102817,40.6973793046293,40.62221167983164,3.08615251407014,4.38376753507014,29.261407699227593,39.26350000000001,40.63012499999999,41.53115799999996,38.869569500000004,15.983910133764931,0.5896519169969999,-17.34160559775447
CCL,Carnival Corporation Ltd.,27.425,USD,-1.737728412755283,7770417,0.31513104459219843,37562628280.211395,USD,Consumer services,Strong buy,28.083176325662755,27.93880749586167,27.908831634704082,-2.053571428571426,-0.7778581765557159,-10.638644509612252,28.32299999999999,28.710249999999995,27.30415999999998,28.22583999999999,12.351378130066655,1.358674,20.346883468834697
ADM,Archer-Daniels-Midland Company,77.91,USD,1.4585232452142078,1115153,0.33972253077387676,37549234710.563354,USD,Process industries,Buy,77.19269421957013,76.11019398923925,73.9960284330374,1.208106001558837,-6.132530120481932,35.63718662952646,76.91600000000003,77.7845,77.96790000000006,67.51052499999996,34.88247145735393,1.366373,-20.382846754357825
PCG/PX,PG&E Corp 6.000% Series A Mandatory Convertible Preferred Stock,41.42,USD,-0.9327911982779253,357,0.004079752883539626,37547932072.0,USD,Utilities,,41.62720788316726,41.72427837323615,41.788544985207345,-0.2648687695641691,0.024148756339060894,1.395348837209303,41.56002,41.423754999999986,41.296866,41.626991500000024,32.45827129535303,0.360619,17.353319845503044
HIG,"The Hartford Insurance Group, Inc.",136.81,USD,-0.7544432354007922,311399,0.18890647128069474,37503836181.10584,USD,Finance,Buy,134.0674684365076,133.9735307289691,134.03671647963031,-0.7976794778825194,6.524955228529156,-0.269718617874329,134.91200000000003,131.334,132.56279999999995,133.93670000000003,9.611291036440148,3.240759,41.863501365385005
KVUE,Kenvue Inc.,19.485,USD,-1.7397881996974225,7680550,0.3423499535899419,37411368732.43571,USD,Consumer non-durables,Buy,18.677859125848123,18.356340502732216,18.142342853229966,-0.8901322482197391,14.550264550264535,12.82570932252461,19.365,18.511499999999987,17.824600000000014,17.273874999999993,23.10565635005336,0.317707,53.77461706783371
ACSAF,ACS Actividades De Construccion Y Servicios SA,140.55,USD,-3.6338704148097243,100,0.3538570417551309,37391850283.3747,USD,Industrial services,Buy,135.52678211503746,126.0004067656776,112.70569096815542,0,-2.253273805959582,29.65867158671587,142.4479964,121.09137410000001,82.81362964000002,43.155773909999986,32.420396339951914,nan,30.74253655068877
KMB,Kimberly-Clark Corporation,112.59,USD,-1.8566945606694523,1787816,0.33633233566419185,37373163068.25,USD,Consumer non-durables,Buy,106.59762797557956,104.58634538958653,104.0225430971029,-1.6552386775560084,19.776595744680854,11.265935369107623,111.68599999999992,105.06250000000003,100.56659999999991,104.82562499999996,17.703108539442447,2.008178,-13.319795017172769
ON,ON Semiconductor Corporation,95.86,USD,5.086603814952862,4967692,0.2994874329771674,37307332873.88665,USD,Electronic technology,Buy,101.54682646719318,98.8519552747646,92.1515219558505,3.05310685874006,-24.029164685370112,73.50226244343891,92.96399999999998,110.76649999999998,110.82880000000003,71.27250000000004,68.32988808895858,0.713772,-2.6912672539363216
PCG,Pacific Gas & Electric Co.,16.87,USD,-1.055718475073312,5672301,0.31901344366158507,37151531616.107925,USD,Utilities,Strong buy,16.89614455777753,16.89012945326963,16.84576039867656,-1.4026884862653328,0.05931198102017535,4.200123533045088,16.90999999999999,16.82,16.5792,16.512774999999994,13.21996708721887,0.360619,17.353319845503044
IFCZF,Intact Financial Corp.,210.0,USD,0.04764173415912069,2,4.32457678610427e-05,37125668938.85337,USD,Finance,Strong buy,202.2819610177826,199.0271706140785,196.73174900616414,0,6.175898071137854,1.4051861509488612,205.78320000000014,201.47492499999993,195.46501523999999,193.1889659,15.550559720537498,3.1076848,57.06207347889218
WAT,Waters Corporation,376.955,USD,-0.6156239289198334,243077,0.24510761857686186,37011648693.29844,USD,Health technology,Buy,364.2429498824484,356.47577682396525,350.8274659082207,1.925182851812296,1.1470967049479386,-0.5789265462218102,375.65699999999987,366.16274999999985,349.56089999999995,348.38552499999935,47.9849026821289,3.007381,-28.76263885740195
A,"Agilent Technologies, Inc.",130.885,USD,0.14920804958297743,773453,0.3615626607935537,36966105916.45963,USD,Health technology,Strong buy,128.90186470379248,126.96967106702476,126.1612853735596,0.6730251519113915,-5.121420804639361,-3.9305637110980753,132.12500000000009,131.09374999999963,123.64550000000001,130.705125,26.287935086063182,1.488956,22.799358737205583
ROP,"Roper Technologies, Inc.",366.3,USD,0.5766062602965466,191876,0.1491295272282478,36966029620.74218,USD,Technology services,Buy,347.51010621900963,347.74415645620877,356.82071213534385,1.7160946351216282,9.211252068394938,-17.635419243136287,351.6739999999998,337.4207499999998,337.3461,397.0501749999998,22.88616895653315,5.286066,15.44337213831305
TKO,"TKO Group Holdings, Inc.",193.285,USD,-0.5837876761649989,441551,0.2964870377611026,36941844470.73858,USD,Consumer services,Strong buy,198.76127349033675,198.36994281269085,197.8884001965089,0.13210381805936666,-4.593020386001287,-7.928833420664035,200.61299999999997,202.73875,195.71989999999983,197.99572500000005,70.96673520340725,1.51429,58.10983397190294
WOLWF,Woolworths Group Limited,30.16,USD,10.882352941176473,324,1.1012916383412645,36689616784.07843,USD,Retail trade,Buy,26.3336491171987,24.969306625019666,23.51924037358696,0,21.095318397173376,52.32323232323232,27.03640000000002,22.994924999999988,20.626367999999946,21.368385000000018,92.98590744002105,0.38642559251999997,-60.61080629119613
MSTR,Strategy Inc,104.405,USD,3.607224372333041,19026595,0.5503052878288073,36588482254.056175,USD,Technology services,Strong buy,117.15840252147072,127.21047445939847,140.47845724568361,9.744047931886263,-15.971830985915492,-32.463289992884405,95.63499999999999,108.02074999999984,143.51599999999985,180.10975,nan,2.695594,-84.12300328277735
PSZKF,Powszechna Kasa Oszczednosci Bank Polski SA,29.26,USD,2.379286214135771,2074,0.9195300376856573,36574999257.65679,USD,Finance,Strong buy,28.129261681301244,27.628834796782677,26.84019599833341,1.880222841225636,-2.661343978709239,13.852140077821021,27.98199999999999,27.944499999999994,26.624799999999986,21.799404690000003,12.652792633061544,0.5442134999999999,15.126523645090694
AJINF,"Ajinomoto Co., Inc.",39.0,USD,-0.968728971725309,200,0.2033967253127225,36498603698.73099,USD,Consumer non-durables,Strong buy,35.00708119059349,33.36272633250837,31.50244875227616,0,23.02839116719243,69.56521739130434,37.0363,34.215300000000006,32.100207999999995,19.745790794999998,44.75788985873708,0.21113447440799998,88.61698260298954
DTGHF,DAIMLER TRUCK HLDG AG,47.606,USD,5.020957423339959,573,1.6181869528381811,36387021743.145424,USD,Consumer durables,Buy,47.692115927840156,47.84006333513348,47.677733825910245,5.020957423339959,0.7108102390522498,8.109458385375282,46.77599999999999,47.55303499999995,48.505854,44.77527300000001,22.969015235093636,0.95054453242,-47.32446369419668
ERIXF,Ericsson (L.M.) Telephone Co.,10.91,USD,-4.4658493870402785,41525,0.20738992352168814,36375547016.76271,USD,Electronic technology,Buy,11.945173948665442,11.879113907526582,11.554952107554096,-4.507658643326044,-19.779411764705877,15.44973544973546,11.744200000000003,12.3079486,11.486239439999997,9.020234859999995,13.772539752271015,0.1228965712,1581.8541593064651
DLMAF,"Dollarama, Inc.",134.335,USD,0.7386576677915363,156,0.0017635647522191524,36375112365.92823,USD,Retail trade,Strong buy,132.7691811429154,132.29881641219956,132.7783911045286,0.7386576677915363,5.609276729559752,-9.46983226293408,134.59074,132.04534499999997,128.753404,135.34334000000007,37.60034752814305,0.8812582434,12.726500952952623
HSY,The Hershey Company,179.165,USD,-1.6333589546502663,1266138,0.5640911953179653,36342479814.70638,USD,Consumer non-durables,Buy,182.8287921962935,186.39687201659717,189.71581782594887,-1.617154467080348,-2.8863353027264442,-1.546873282778326,179.40099999999998,178.6497500000001,184.9123000000001,193.42867500000025,33.33240311808152,1.425092,-33.70294538457743
HBAN,Huntington Bancshares Incorporated,17.875,USD,0.08398656215005917,8979861,0.4861141192970447,36234960985.26736,USD,Finance,Strong buy,17.256392975823406,17.011213848201503,16.862720835205284,1.3896766874645547,7.680722891566256,2.8481012658227907,17.879,17.337749999999993,16.6013,16.719375000000003,13.686830015313936,0.359402,0.6861460180402538
HBANP,Huntington Bancshares Incorporated - Depositary Shares 4.500% Series H Non-Cumulative Perpetual Preferred Stock,16.2,USD,0.49627791563274376,40581,0.6152467673050946,36204554025.0,USD,Finance,,16.345124283096602,16.523196168163896,16.752187117520986,0.49627791563274376,-1.1592434411226435,-5.373831775700944,16.23000000000003,16.179229999999983,16.558193999999993,17.396249999999974,12.404287901990811,0.359402,0.6861460180402538
HBANM,Huntington Bancshares Incorporated - Depositary Shares each representing a 1/1000th interest in a share of Huntington Series I Preferred Stock,20.83,USD,0.7253384912959312,7696,0.4630286986342579,36204554025.0,USD,Finance,,21.025574693834567,21.288875351170656,21.59074063140524,0.1924001924001883,0.09610764055742227,-6.128886885984691,20.741999999999955,20.679745000000004,21.500806880000013,22.36665174500009,15.949464012251147,0.359402,0.6861460180402538
HBANZ,"Huntington Bancshares Incorporated - Depositary Shares, Each Representing a 1/1000th Interest in a Share of 5.50% Series L Non-Cumulative Perpetual Preferred St",19.815,USD,0.15163002274450915,3069,0.25221478936901104,36204554025.0,USD,Finance,,20.079241080202294,20.28918078821631,20.531496032174534,0.22761760242792972,-1.9297299170003182,-7.751396648044689,19.78799999999996,19.92506999999994,20.421589999999995,21.22740649999997,15.17228177641654,0.359402,0.6861460180402538
HBANL,"Huntington Bancshares Incorporated - Depositary Shares, Each Representing a 1/40th Interest in a Share of 6.875% Series J Non-Cumulative Perpetual Preferred Sto",24.9353,USD,0.343259557344065,13088,0.41848121502797764,36204554025.0,USD,Finance,,25.070276179248633,25.132694615695662,25.20182105647632,-0.1389667601121237,-0.8536779324055548,-1.324495449149181,24.967059999999986,25.121514999999995,25.25236599999998,25.412920869999933,19.092879019908118,0.359402,0.6861460180402538
TYHOF,Toyota Tsusho Corp.,38.56,USD,2.010582010582024,4035,4.210141903171953,36156975820.31483,USD,Distribution services,Strong buy,39.24357934867061,37.755704297267236,34.74599106660095,0,-11.417413278198941,9.920182440136841,39.09999999999999,36.486749999999994,25.893601245599992,nan,17.44559976583676,nan,-3.4412597998158345
MLM,"Martin Marietta Materials, Inc.",602.04,USD,0.43708918621334036,326358,0.47288515323363794,36150031664.41994,USD,Non-energy minerals,Buy,596.5134176074163,597.2281509860146,601.2917928941794,-0.04482741445434773,4.272823319535126,-2.779168348809049,587.7260000000003,590.2385000000003,586.2312000000004,617.2086000000013,14.352739236160778,4.955137,141.1770793804119
TTRAF,Telstra Group Limited,3.25,USD,-8.450704225352109,1210,0.07848428044184703,36137530899.94979,USD,Communications,Buy,3.552416716642677,3.5596837562029737,3.497575878177073,-8.450704225352109,-13.333333333333334,0,3.5103799999999956,3.71562615,3.3837687800000027,2.7948313349999983,24.537723446644137,0.07260958661,46.63484372464042
FINMF,Leonardo S.P.A.,62.525,USD,3.71224310382006,6358,1.998868209255533,35962735135.43546,USD,Electronic technology,Strong buy,60.85184004801812,61.80251635261679,62.58812709592536,0.8874546187978979,2.5521166494447955,4.731993299832488,57.17950000000003,58.450775,60.74161999999999,63.208622499999954,25.083619691352425,nan,29.086893291153228
FJTSF,Fujitsu Ltd.,20.65,USD,8.115183246073283,1716,0.46287055269333477,35823169793.70417,USD,Technology services,Strong buy,20.44253552472256,20.906550960152128,21.644931445802285,-5.879671832269839,-12.12765957446809,-30.681436723732798,19.62999999999999,20.16787499999999,20.81566999999999,24.059207500000003,12.906036858414538,0.100929864321,98.92672175187333
JBL,Jabil Inc.,341.49,USD,0.05566949897450856,576620,0.333195383133086,35783740884.720505,USD,Producer manufacturing,Strong buy,350.4114935555309,341.3125234526092,323.3591097677472,0.07619494182808982,-7.5354705946062985,47.645812616196125,363.43799999999976,368.70500000000004,359.2772,268.5201500000001,42.61859298363847,4.058687,55.77091312039503
ACGLO,"Arch Capital Group Ltd. - Depositary Shares Each Representing 1/1,000th Interest in a Share of5.45% Non-Cumulative Preferred Shares, Series F",19.13,USD,0.6577216521967904,12159,0.2877944751224292,35707614766.0,USD,Finance,,19.33332119967185,19.55973201980986,19.83360320467363,0.10465724751438814,-2.2483392948390457,-6.087383406971045,19.08899999999992,19.14299999999995,19.713906000000037,20.624574000000006,1.468680183949698,2.443877,33.58322992195431
ACGLN,"Arch Capital Group Ltd. - Depositary Shares, each Representing a 1/1,000th Interest in a 4.550% Non-Cumulative Preferred Share, Series G",16.19,USD,0,13811,0.19283423460404822,35707614766.0,USD,Finance,,16.30782957449268,16.469556794213986,16.661821883231678,-0.24645717806530587,-1.2202562538132964,-3.3432835820895446,16.21400000000002,16.127,16.570502,17.178947500000014,1.2429656130760904,2.443877,33.58322992195431
BMDPF,BANCA MONTE DEI PASCHI DI SIENA SPA,11.71,USD,-2.7247051005150307,550,0.45364566149785546,35579877443.751785,USD,Finance,Strong buy,11.304350668636475,10.930744410886302,10.547129310970215,-1.181434599156108,13.1400966183575,3.7201062887511225,12.202200000000023,10.949359999999995,9.960446000000001,9.752995499999718,6.486737278448771,nan,12.605259972242033
ACGL,Arch Capital Group Ltd.,101.42,USD,-0.7632093933463807,520052,0.2728511357106111,35435090895.96594,USD,Finance,Buy,96.85885362173545,95.97796973985939,95.39620483715105,0.1975894092076693,13.801615798922798,5.899551007622435,99.45800000000001,94.13850000000005,93.84100000000007,93.69110000000008,7.786384958503835,2.443877,33.58322992195431
KR,Kroger Company (The),57.82,USD,-0.6870491240123644,4266403,0.507560328482573,35423269876.31296,USD,Retail trade,Buy,60.58606120733535,62.36924520704467,63.92397143636515,-0.5332874591433034,-7.783094098883576,-7.280307889672866,56.744000000000014,59.997,63.53099999999999,65.93772499999997,33.816820680781376,1.055004,-53.52794085670798
STRD,Strategy Inc - 10.00% Series A Perpetual Stride Preferred Stock,62.0286,USD,1.7529527559055058,126365,0.45396706102806034,35314605208.0,USD,Technology services,,64.58305310280174,67.27555700205065,69.97791055132733,1.3208101927474656,-10.428014440433218,-18.96982364467668,59.15772000000002,62.90168000000011,70.01927400000008,74.9819435,nan,2.695594,-84.12300328277735
STRK,Strategy Inc - 8.00% Series A Perpetual Strike Preferred Stock,62.775,USD,2.139602993817113,47623,0.20370826639016787,35314605208.0,USD,Technology services,,64.48878782059536,67.4045486098813,70.97056183936799,2.9098360655737685,-7.697397441552722,-23.12637766348273,60.64500000000004,62.265499999999975,70.01639999999993,79.61495550000001,nan,2.695594,-84.12300328277735
STRC,Strategy Inc - Variable Rate Series A Perpetual Stretch Preferred Stock,91.05,USD,3.6189825879139557,1540165,0.33186118389308905,35314605208.0,USD,Technology services,,90.33706985799326,92.49194988361863,94.4065924561794,3.7606837606837575,-4.50970110120608,-8.17870108914885,86.982,89.01100000000008,95.05539999999998,97.92455,nan,2.695594,-84.12300328277735
STRF,Strategy Inc - 10.00% Series A Perpetual Strife Preferred Stock,97.95,USD,2.4795982423101113,64221,0.19040997398284795,35314605208.0,USD,Technology services,,94.85741499154237,95.87642261815851,97.36582180458805,3.0944111146195112,3.10526315789474,-3.9705882352941146,94.596,92.64099999999999,97.06429999999986,102.40262499999999,nan,2.695594,-84.12300328277735
TGOPF,3i Group,34.985,USD,2.4450951683748197,2339,0.15730820706306453,35214801282.50153,USD,Miscellaneous,Buy,33.06357597012493,33.753387700171515,35.59831517651618,-0.43400924937745544,17.5472490550189,-19.370822770223555,33.568999999999996,31.26290000000005,32.28437000000004,42.8966645,4.913422089992938,nan,5.939461368881218
SHLAF,Schindler Holding AG,349.91,USD,0.6356054069600335,21,0.0948509485094851,35206448572.176,USD,Producer manufacturing,Buy,345.78304418474374,348.0894021561539,349.89481662536326,0.6356054069600335,5.799292474223689,-2.708188516613361,343.338,342.95243500000004,357.49092599999994,275.45969960500014,29.327919761372936,nan,22.836816308856616
MTB,M&T Bank Corporation,240.24,USD,0.569323509711995,191741,0.1889777298387518,35181963942.0412,USD,Finance,Buy,230.1653411249819,225.5679300143564,220.80401744421934,1.288024116196221,7.973033707865173,19.546178343949045,239.65600000000012,231.19649999999984,220.44739999999965,208.14915000000016,13.450308768118783,4.668469,19.65606409775444
EME,"EMCOR Group, Inc.",790.365,USD,2.0273410270312193,155838,0.3227266109771117,35124038392.66352,USD,Industrial services,Strong buy,810.3415880724342,810.5774191177646,794.9047665821275,0.683439490445861,-5.1398840600583355,28.206105631975085,802.7290000000002,822.5267499999998,856.8952999999998,735.0977750000004,26.449003768079084,7.247305,32.03985595298589
MTB/PJ,"M&T Bank Corporation Depositary Shares each representing a 1/400th ownership interest in a share of Perpetual 7.500% Non-Cumulative Preferred Stock, Series J",26.13,USD,0.6160954948016949,19624,0.26424504877168603,34982798645.0,USD,Finance,,26.050294514563177,26.11160325841911,26.199374158491946,0.38417210910487076,0.8101851851851747,-1.729973674313655,25.97600000000001,25.899870000000014,26.200348000000027,26.476137499999997,1.462939427701231,4.668469,19.65606409775444
MTB/PH,"M&T Bank Corporation Perpetual Fixed-to-Floating Rate Non-Cumulative Preferred Stock, Series H",25.1,USD,0.3799240151969703,5793,0.20951478502401483,34982798645.0,USD,Finance,,25.050770951581,25.048538532519704,25.033195905279772,0.3197442046362984,0.4803843074459607,1.8668831168831204,25.01899999999997,24.994504999999982,25.081289999999935,24.967857509999913,1.4052728524799427,4.668469,19.65606409775444
MTB/PK,"M&T Bank Corporation Depositary Shares each representing a 1/400th interest in a share of Perpetual 6.350% Non-Cumulative Preferred Stock, Series K",24.52,USD,0.10206164523371536,9682,0.2763072655512019,34982798645.0,USD,Finance,,24.632971708872006,24.729947344157978,24.84304725790996,0,-0.48701298701299106,-4.72304792990227,24.474999999999994,24.50175,24.772299999999976,nan,1.3728004120640716,4.668469,19.65606409775444
EQBBF,EQT AB,29.86,USD,7.2942867409270615,100,0.026981086258532766,34911606688.1108,USD,Finance,Strong buy,30.690662402746803,31.50398832011761,32.294646934388894,0,-7.410852713178296,-23.435897435897434,28.670000000000005,30.69689999999999,33.71531,nan,40.34478387477627,0.58016648,9.526266487309615
PPRUF,Kering SA,284.76,USD,-7.473355861710424,1,0.006293266205160478,34907853565.01574,USD,Consumer non-durables,Buy,299.71140879339197,299.6385519750824,301.5419443159821,0,-3.471186440677969,-20.3878283624652,306.2531299999996,295.63125249999985,293.4520590000003,316.3495782499995,414.3028759341318,4.046698885980001,-92.81155334965949
HLBZF,HEIDELBERG MATERIALS AG,197.476,USD,3.7916136695714324,654,0.731952993844432,34827869086.0671,USD,Non-energy minerals,Strong buy,204.3194653402298,208.53490580877408,214.10459806697028,-4.336621001026992,-7.4637776236621605,-23.930662557781208,194.45840000000004,205.31009999999992,210.33587600000007,231.284536,15.391885151286958,3.6317508000000003,26.609074792383108
OTSKF,Otsuka Holdings Co. Ltd.,66.0,USD,2.964118564742599,1247,2.9033760186263096,34818569091.79487,USD,Health technology,Strong buy,65.77728521212264,65.08919787824784,62.94747653711904,0,2.2146507666098914,10.719677906391546,64.92688,65.80797,58.03904599999999,45.18416275,14.699753258721561,0.935429833052,3.508837120784971
AMKAF,A.P. Moeller-Maersk A/S,2377.51,USD,-1.3608208072820396,2,0.5555555555555556,34816542438.90605,USD,Transportation,Buy,2444.2596889955257,2440.1830031326685,2415.326783869249,-0.1507706522195494,-9.854022901342224,-0.6124172296167328,2354.0331999999994,2435.80493,2444.669512,2082.9205469999993,22.455928501228875,24.249886476,-76.56680905685313
AHODF,Koninklijke Ahold Delhaize N.V.,39.65,USD,-3.527980535279812,300,0.32478077297823965,34665980648.95183,USD,Retail trade,Buy,42.29584577158952,43.15279295169278,43.41493294992142,0,-4.572803850782187,-1.490683229813668,41.18799999999999,42.97882000000002,44.459078,39.75932499999998,13.624746180943784,0.7269497415,37.82005158729411
IQV,"IQVIA Holdings, Inc.",207.6101,USD,0.275357418856258,321710,0.20570463829399235,34650123299.435486,USD,Health technology,Strong buy,189.74376868631532,185.6957452011636,185.070956217136,1.056318146417441,10.837702204900959,-7.8966771660529735,200.8700199999999,185.03550499999992,176.6396019999999,195.50870049999992,25.73444976076555,3.037538,9.947529812606458
WOPEF,Woodside Energy Group Ltd.,18.22,USD,-7.10006373486298,1000,0.10289865511457766,34600675138.72838,USD,Energy minerals,Buy,21.270970452701413,21.454248764562838,20.992511876648834,0,-15.959409594095947,14.59119496855345,19.813499999999998,21.767670000000013,21.15125400000001,16.592197000000002,12.398341425825594,0.79207,-16.178287801471708
BLMIF,Bank Leumi Le Israel,23.5,USD,2.3965141612200465,400,1.1353959693443088,34582390014.75277,USD,Finance,Strong buy,23.74399758173026,23.925856119695485,23.74697085398408,0,1.555747623163351,2.620087336244548,22.789000000000012,24.46706499999999,24.236490000000007,15.602316499999999,10.81195546799755,0.50915338985,29.952844767777243
IRM,Iron Mountain Incorporated (Delaware),116.1,USD,-0.9047456469784929,655360,0.3424094084007026,34542617440.09901,USD,Finance,Strong buy,122.44861996304445,120.87337973546379,117.05732083992532,-1.526717557251918,-10.027898326100432,39.87951807228915,122.28800000000001,126.41400000000002,125.73699999999997,105.13165,127.48435269572856,0.543268,121.95954179868389
MLYNF,Malayan Banking Berhad,2.85,USD,4.014598540145981,3100,1.0594668489405332,34471682981.80556,USD,Finance,Strong buy,2.6218359373226896,2.4731760583101985,2.320276651919786,0,3.63636363636364,9.615384615384615,2.7449999999999997,2.1618049999999998,1.9710219999999998,nan,13.41829515334004,0.052174512,11.806798531327738
ALC,Alcon Inc.,68.64,USD,-1.46425495262704,1080512,0.6048861155686328,34299409407.968025,USD,Health technology,Strong buy,68.25643167653648,69.35898428130177,71.24837460143695,0,2.554908112953823,-13.003802281368825,67.96600000000005,66.81149999999982,67.59500000000004,75.49179999999994,41.27357192229519,0.7391016837,-26.231025787532015
CPNG,"Coupang, Inc.",19.105,USD,2.936422413793113,10521001,0.6629454892760938,34294700944.99812,USD,Retail trade,Strong buy,17.954416044962997,18.098290801806613,18.8281832754931,3.1866054550364558,16.493902439024403,-19.388185654008435,18.149000000000004,17.269250000000007,17.429099999999995,22.577275000000007,nan,-0.129954,-166.3774403470716
BPERF,Banca Popolare Dell Emilia Romagna Scare AZ,16.3875,USD,4.963971176941544,479,0.28183101906330904,34174987248.33106,USD,Finance,Strong buy,15.127052988149115,14.783334318424712,14.505980490208517,0,25.09541984732824,13.017241379310342,15.9175,14.52181315,nan,nan,13.580781281533621,0.34261800000000003,16.30604644855107
WDAY,"Workday, Inc.",138.22,USD,2.082717872968976,1737997,0.38288479117740276,34140338460.592613,USD,Technology services,Buy,132.04199986254304,133.5466860629105,140.69429706945883,3.936534195585957,-7.43369943744977,-35.77137546468401,129.978,127.81650000000005,128.00850000000008,174.43135,43.12098334061272,2.608573,76.99613473219216
SHLRF,Schindler Holding AG,314.5,USD,-0.0012718439193202945,6,0.07075471698113207,33963815689.46565,USD,Producer manufacturing,Buy,322.24689172774157,327.9584722326401,332.86458556983945,0,-1.07885383575001,-13.30236661107359,315.3134999999996,330.4208379999999,342.9127852000002,270.32390971500007,26.360009045045263,nan,22.836816308856616
DNZOF,Denso Corp.,12.25,USD,2.2964509394572055,3705,0.662127385803131,33728081115.722702,USD,Producer manufacturing,Buy,12.0848419867797,12.221733109183562,12.496939861631915,5.968858131487885,10.759493670886071,-14.574616457461646,12.177999999999999,11.971875000000004,12.091250000000016,13.486747500000009,11.878458380431097,0.193106288947,6.666782700358058
HENOF,Henkel AG & Co. KGAA,86.0,USD,15.219721329046088,234,0.8737864077669902,33714956207.478703,USD,Process industries,Buy,79.3436511463682,80.06542778716346,80.82534162242534,0,10.724861593923004,5.535716477070519,77.72999999999996,83.41703000000021,82.39262200000003,77.91653748000012,14.865303307922863,3.1463753,16.76922631226696
AMKBF,A.P. Moeller-Maersk A/S,2367.188,USD,-7.152895309181397,3,0.5769230769230769,33648257742.03179,USD,Transportation,Buy,2543.796432490143,2516.2503201743157,2462.53882543188,-5.776061776061779,-9.934634554655103,4.4696391295329585,2633.3325799999993,2514.37754,2502.9406259999996,2013.0466015000002,22.358435706670836,24.454668,-76.56680905685313
QSR,Restaurant Brands International Inc.,73.615,USD,-1.571065650488048,872059,0.27236807330053353,33593508105.418102,USD,Consumer services,Strong buy,74.52738330969463,74.62236800755497,74.12091030331644,-1.571065650488048,2.3852573018080516,8.225521905321964,73.12500000000009,73.38874999999996,75.54390000000006,71.38487499999998,29.291341715740888,1.041594,-14.54026115342764
NTRS,Northern Trust Corporation,180.385,USD,2.2011331444759157,234045,0.26630294100077656,33379752110.663456,USD,Finance,Buy,172.50014692210848,167.92020772481172,161.82643136019627,2.0854555744199224,4.874999999999995,31.889303209768208,176.24700000000004,173.64224999999985,168.71970000000007,146.21542499999995,18.882154670686262,2.689548,-10.832757751684747
JDCMF,"JD.com, Inc.",13.7,USD,0.2194586686174057,4466,0.8046121970993604,33240961917.129555,USD,Retail trade,Strong buy,14.258347130531552,14.40223694111705,14.621199113349677,0,-6.484641638225264,-11.038961038961046,13.988000000000003,14.695800000000002,14.501652000000004,16.74105244,20.90929866593592,0.40904931795000005,-68.0714157181313
HVRRF,Hannover Re,274.9,USD,1.8148148148148062,9,0.4591836734693877,33147007943.932022,USD,Finance,Buy,279.50152386965686,285.29748450940815,289.68364785029314,0,-0.8234646848195781,-8.167696676131634,272.496,295.0569649999999,296.458646,241.75198539499996,9.99107422905797,6.218290572120001,36.2334498343664
RSTRF,Restaurant Brands International Limited Partnership,72.33,USD,-6.755188861673321,210,0.691471847217649,33085976574.000885,USD,Consumer services,,76.50022118996354,75.31893864055972,73.7961228081628,-3.0688823371750282,-6.7792241268204725,6.289493019838356,79.04199999999999,73.70734999999999,71.48989999999998,63.62241974999994,26.43299017501433,nan,-4.103014347563742
RPRX,Royalty Pharma plc,57.425,USD,-0.5971957763545196,1233814,0.3556404122487994,33070036107.359787,USD,Health technology,Strong buy,55.30330013319528,53.67676105526764,51.3086780344585,-0.614399446175154,3.8990410711054713,48.40418658741439,56.82700000000001,55.22175,53.39470000000005,44.33062499999996,30.07489263643029,1.27574,-22.13205007952368
LNVGF,Lenovo Group Ltd.,2.658,USD,-1.7738359201773852,19893,0.7067387628074863,32971582918.56591,USD,Electronic technology,Strong buy,2.6254144414943643,2.393384331569999,2.121858696704717,-5.0714285714285685,-11.694352159468435,124.3037974683544,2.8007999999999997,2.950800000000002,2.3415579999999996,1.5665024999999986,19.246610755479654,0.040806,30.059199238575516
CCI,Crown Castle Inc.,74.88,USD,-2.2454308093994766,1527480,0.3275557461610661,32681522512.593216,USD,Finance,Buy,82.74615093235415,84.54937278441247,85.99686657666737,-1.473684210526322,-20.255591054313108,-15.723128868880137,76.47400000000005,84.76149999999986,87.70779999999999,88.78095000000022,15.226939970717421,0.388959,nan
SKFOF,Sika Finanz Ag,203.65,USD,-0.5032245456322069,11,0.004936055642809065,32676964510.911823,USD,Process industries,Strong buy,193.95761687250618,190.99876759266894,191.02202096813784,0,16.21337837683608,-0.8085334372412433,200.03463999999988,186.71096000000006,184.51498399999986,217.87708749999987,24.826633539456765,3.9834620000000007,-3.9856033126807584
MRNA,"Moderna, Inc.",82.32,USD,3.2096288866599645,8547242,0.8620367021779692,32663445376.703102,USD,Health technology,Buy,65.69316478582778,60.494655464831,55.3505259639112,4.799490770210053,62.14299783336614,175.96379483741197,74.86199999999997,60.18475000000001,53.1863,41.40627500000001,nan,-2.058989,6.610262759664318
NTRSO,"Northern Trust Corporation - Depositary Shares Each Representing a 1/1,000th Interest in a Share of Series E Non-Cumulative Perpetual Preferred Stock",18.946,USD,0.2964531498147217,20609,0.2851044050145395,32660843460.0,USD,Finance,,18.78114948134606,18.860037386077195,19.00220301439809,0.2964531498147217,1.099252934898629,-2.7412731006160107,18.801200000000012,18.549049999999955,18.833028000000024,19.456670499999984,1.9832098145124148,2.689548,-10.832757751684747
CNC,Centene Corporation,66.045,USD,-2.674624226348361,2380121,0.4843256087393775,32612822965.24514,USD,Health services,Buy,62.471741893511535,58.68620762952746,54.29275235771011,-2.0830244625648646,5.427408412483037,60.3812530354541,66.19699999999997,64.26825,59.159500000000016,43.749725,nan,1.061687,-295.7045441010065
STLD,"Steel Dynamics, Inc.",226.13,USD,2.6044738871999678,368584,0.2849809597239322,32610836713.806477,USD,Non-energy minerals,Buy,238.0605649748048,232.9795221288802,221.92164551568723,2.6044738871999678,-17.437657453722295,31.75435529919012,226.3920000000001,253.36099999999982,245.34179999999998,189.21112499999992,24.222331719439566,3.762005,23.396999537373596
EQT,EQT Corporation,51.99,USD,-1.1784831781030174,2074070,0.25597365766989116,32518603018.55161,USD,Energy minerals,Strong buy,53.39493154154077,54.561647422314444,55.541901943598106,-1.0844748858447493,-5.798151839101278,-2.549203373945641,52.44999999999999,52.03600000000006,55.09560000000002,56.62850000000005,9.854616449002028,0.451481,809.7603035006035
SAABF,Saab AB,60.16,USD,2.622713122094749,4983,4.393792434529583,32447739839.165318,USD,Electronic technology,Buy,57.44816282084467,58.59555607954463,59.87815354946871,0.266666666666661,7.237076648841346,-2.2742040285900025,54.738499999999966,54.03525500000001,57.08008199999999,61.221415000000015,47.721274251942056,0.34614285289999996,46.878278580648114
UI,Ubiquiti Inc.,534.96,USD,1.8234420800182802,79744,0.6967876328583462,32376896014.78625,USD,Electronic technology,Buy,590.8305092058314,634.1104733699012,660.830459915993,1.897142857142864,-5.4790889976500505,-4.2799885485256155,535.294,557.6744999999997,682.1992,683.4666000000001,34.387976807271514,4.033,71.46604649112173
SBGOF,Standard Bank Group Ltd.,19.925,USD,0.264184174109961,578,0.9063823114317077,32261235393.948486,USD,Finance,Buy,19.822631246374474,19.713570262370894,19.402599232202405,0,16.180758017492725,3.843648208469059,19.83949999999999,19.641,19.519699999999997,17.497549999999997,11.11538804837774,0.9920220000000002,30.179182433252656
RJF,"Raymond James Financial, Inc.",165.385,USD,1.6752735767859306,237800,0.13762774334544106,32230730001.143826,USD,Finance,Buy,156.73088975392008,155.29205809689253,155.06031761362888,1.4631901840490742,9.67175066312996,3.2172502028334278,157.46899999999988,154.63774999999998,153.2551000000002,158.226375,15.636286281554316,2.908344,1.899843927628668
EPIAF,Epiroc Aktiebolag,28.112,USD,0.7743045597935099,1656,0.5078664090532709,32228048014.117905,USD,Producer manufacturing,Buy,28.253088570126405,28.086074347488683,27.54287184239991,0.7670800774249001,-7.1402145763965965,18.576008098532142,27.51999999999999,28.486,28.595823999999965,25.456038500000005,37.98821997622547,0.2139418671,1.0397765428543881
TRAUF,Transurban Group,10.28,USD,-6.375227686703106,367,1.3438300988648846,32075488839.248615,USD,Transportation,Buy,10.49161141081961,10.410187341097913,10.26543947491447,0,-3.9252336448598126,8.210526315789467,10.778000000000002,10.558624999999992,10.175766000000008,9.383702499999997,100.3028599975022,0.059942911710000005,581.7332361914556
GFIOF,Gold Fields Ltd.,35.8,USD,0,200,0.5185377236193933,32041866670.85744,USD,Non-energy minerals,Buy,41.09515586104126,42.57776239648322,42.29225266680488,0,-8.205128205128213,-28.471528471528472,39.29600000000003,49.42427499999998,45.354982,24.416705499999992,8.56517934002183,2.64,216.9298767414801
EXPGF,Experian plc,36.0,USD,3.151862464183385,1207,0.1916025081355663,31942325596.52042,USD,Commercial services,Strong buy,35.063546412191755,35.5072774988395,36.65217526832544,0,6.666666666666667,-20.11538888272495,34.309999999999974,34.98632500000005,35.64924999999997,44.05767350000002,22.328195698200197,0.943333,25.89774235205614
TWLO,Twilio Inc.,210.41,USD,0.5255362858917368,467398,0.2577375213893005,31934738508.270935,USD,Technology services,Strong buy,197.69845943222643,187.68059727491462,174.24136265695915,1.652253732064345,-10.00235248829102,47.29436471823591,206.81999999999985,200.127,192.44139999999996,140.44785,326.36885373041724,1.32361,nan
RMD,ResMed Inc.,219.585,USD,4.748843199923681,1793252,1.208316659267076,31852209563.622837,USD,Health technology,Strong buy,206.2384723846471,209.1714195353919,216.11226993805315,3.63885218047952,11.873344202160183,-9.168562564632882,204.725,196.35924999999992,201.66510000000014,238.87077500000007,21.168083752675113,2.897222,16.468686142860363
EXPE,"Expedia Group, Inc.",265.175,USD,-1.3081990397856216,475981,0.29968160706269453,31826735151.29062,USD,Consumer services,Buy,249.5408381870097,245.02554979172632,242.39739825253224,-1.3081990397856216,16.304824561403514,-6.305208112500873,263.9130000000001,244.68974999999992,236.88590000000008,242.625275,23.355410916072895,5.156054,33.764137606032044
ASTS,"AST SpaceMobile, Inc.",81.93,USD,-3.758956889463161,6727614,0.31477399596025596,31799043962.370262,USD,Communications,Buy,84.12220679161707,85.12432986120324,84.7893139826365,-5.047227212145784,-20.71034549501596,10.209846650524621,85.75800000000001,82.87500000000003,86.3598,82.33920000000003,nan,-0.3175,11.190452411864586
VODPF,Vodafone Group Plc,1.38,USD,1.0989010989010917,272,0.0017782078018867308,31778027795.92705,USD,Communications,Buy,1.451539151341711,1.4700292142433888,1.4589411228219622,0,-0.5046863734679248,-1.07526881720431,1.3964000000000012,1.5152800000000002,1.5068419999999991,1.155714999999998,nan,0.061185275000000004,87.37709600443175
NTAP,"NetApp, Inc.",162.15,USD,5.17610430044757,1264958,0.48178212746055066,31768414955.00779,USD,Electronic technology,Buy,152.30003481452266,144.1108010525698,134.82896631179003,4.451172378253025,-8.389830508474574,50.62703204830469,156.50399999999996,159.19699999999986,140.93250000000006,116.50154999999981,25.504105193620436,2.109262,11.901577020557582
IR,Ingersoll Rand Inc.,80.695,USD,0.13028911775653276,687084,0.18096501823388148,31578925919.700207,USD,Producer manufacturing,Buy,78.33586609244297,78.49837478610172,79.39352514872044,-0.19171304885590743,12.6395868230039,1.0835525491669735,81.02300000000002,77.37924999999981,75.64710000000031,81.467625,54.38401401806173,0.825174,-26.64623294443346
ZTS,Zoetis Inc.,75.27,USD,0.6283422459893033,3956526,0.5846948105998051,31555301796.921257,USD,Health technology,Strong buy,80.23787890942951,86.41100213272246,95.03729579453041,0.27977617905674623,-5.36836811667087,-40.45094936708861,73.52600000000002,77.5205,85.39039999999999,116.96629999999993,12.469972333129006,1.861313,8.393341354355604
DTE,DTE Energy Company,151.65,USD,-1.5643255874334652,182167,0.14637028733064233,31547491961.760677,USD,Utilities,Strong buy,149.6203112353786,148.0744036563289,146.19440379459957,-1.436370726634608,5.649993033300832,17.24911087057368,152.53399999999988,149.139,146.09979999999985,140.80210000000037,24.923987180540717,1.509075,-17.828106852497097
DOGEF,Orsted A/S,23.862,USD,4.910969443833798,1,0.0006778282383244086,31516031303.68476,USD,Utilities,Buy,23.699733593997752,23.878553047981114,23.982825680306128,0,-1.600000000000007,12.72249726011865,22.443599999999996,23.702625000000022,24.97474699999995,22.658676249999957,nan,0.20741091360000002,-211.2102162184258
PUKPF,Prudential PLC,12.61,USD,0,2978,1.0631537610224555,31454441613.743538,USD,Finance,Strong buy,13.33593698717178,13.471074727918262,13.223768266562939,0,-11.19718309859155,-21.677018633540385,12.593999999999998,13.725500000000002,11.916587999999992,10.275213269999995,8.082336926257913,0.56,91.41311532267564
BIIB,Biogen Inc.,212.925,USD,-1.4783453636868373,433791,0.337647522454065,31435632102.70822,USD,Health technology,Buy,204.93310014871656,199.8895836428381,193.89850608605943,-1.4007872192637079,8.386357851870716,21.414723156754295,214.29500000000021,202.83825,196.22429999999943,177.97579999999977,22.850688445069277,3.19962,-7.97665369649806
VEEV,Veeva Systems Inc.,193.455,USD,0.37096606827851164,1048086,0.3743498794070813,31425469175.621925,USD,Technology services,Strong buy,176.4504254183858,175.44976216877959,180.72379998754553,1.1053621825023567,6.716129744042371,-13.408083792131052,184.82099999999969,167.69225000000046,166.08050000000003,212.96142500000013,34.44650202097541,2.221697,19.0078616685385
CICOF,COSCO SHIPPING Holdings Co Ltd.,1.795,USD,8.13253012048193,320,0.015010577766519845,31365718848.800964,USD,Transportation,Buy,1.8092298667376931,1.8186274612154434,1.813042496843444,0,-4.010695187165784,1.988636363636359,1.8150000000000002,1.86325,1.792490000000001,1.625118999999999,6.503104777857529,0.10302599999999999,-35.81608504862801
SWSDF,Swiss Life Holding,1106.005,USD,5.003797588531297,432,4.504692387904067,31315260960.649033,USD,Finance,Buy,1078.367232251214,1078.155602990313,1069.433156933581,0.004520979605877446,4.192651907677825,-5.982335639844267,1074.2730000000001,1079.8791999999999,1045.1118660000004,750.1243109449999,20.11510835084169,nan,17.285370040511435
BAP,Credicorp Ltd.,393.585,USD,0.6070908207867898,107871,0.3083030996935575,31303033028.61754,USD,Finance,Strong buy,370.5985968475615,359.3586590425795,346.461472279388,-0.4892293689320394,22.091075472283393,36.3064935064935,389.2230000000001,370.71724999999986,344.9025200000001,312.1147300000004,15.121657913239254,7.325416882920001,34.10360248959235
AEE,Ameren Corporation,113.03,USD,-1.7301338897582987,345237,0.15550435192106343,31281234405.383762,USD,Utilities,Buy,112.32808829483697,111.47321493263141,110.2765937631839,-1.3785882558240976,4.948932219127203,13.324644074593952,113.57399999999998,111.1755000000001,110.31240000000021,106.42110000000015,20.304304088524827,1.070476,23.498092111101244
RSNHF,"Resona Holdings, Inc.",13.575,USD,3.824091778202677,147971,7.19063285111015,31254700854.49388,USD,Finance,Buy,13.103092415021383,12.837199032662147,12.427566015446281,-4.9868766404199505,-2.337426887963232,36.56941649899397,13.087499999999988,13.235690000000005,12.730921999999989,11.031450499999995,18.977188712084313,0.221571854647,16.178638982935503
ICTEF,"International Container Terminal Services, Inc.",15.425,USD,-1.0583707504810722,22555,2.7648046678679563,31146820156.8523,USD,Transportation,Strong buy,14.584037285378626,13.990943003247727,13.234700277139245,4.047217537942674,5.362021857923498,57.07739307535641,15.113499999999998,15.008499999999989,13.632150000000003,11.052859000000002,30.227938527570604,0.133723,19.539171170174356
TTNDF,Techtronic Industries Ltd.,17.05,USD,1.1869436201780372,400,0.041949828005705174,31121612902.889973,USD,Consumer durables,Strong buy,15.884203813073926,15.501775822615093,14.981900897941701,0,25.92319054652882,49.69271290605794,15.394499999999999,14.874799999999997,14.683104000000004,12.642524999999992,26.030347806942586,0.4,6.806466426099157
Q,"Qnity Electronics, Inc.",148.45,USD,4.726631393298051,861620,0.37232450369444414,31076404667.284653,USD,Electronic technology,Strong buy,149.89391918966223,145.65566036241307,136.64165261728212,0.3108318129603213,-1.033333333333341,81.72358917860203,153.02199999999993,154.80149999999998,152.66660000000002,nan,47.88091859114952,1.057143,-13.765193447000248
NTR,Nutrien Ltd.,64.645,USD,-0.6378727328619832,1008461,0.3182857517447452,31031122390.45327,USD,Process industries,Buy,65.85678225736221,67.15849762549075,67.75786704752728,-0.2391975308641993,-6.311594202898556,4.5189975747776785,63.48100000000004,64.06475,68.4553,66.10217499999995,13.220748908262888,2.8193573759999997,379.8244679764949
KYOCF,Kyocera Corp.,23.55,USD,12.142857142857148,8177,0.503922547406435,31021729083.253273,USD,Distribution services,Buy,21.63711204416072,20.400788720177164,18.823688130735334,15.78171091445428,1.5086206896551786,66.3135593220339,22.569999999999993,21.2279675,16.862729000000005,13.813195250000003,36.40834156259767,0.162610305,467.2124732114064
LVS,Las Vegas Sands Corp.,46.415,USD,-1.2236646094913872,1526898,0.3543749817665722,30756312729.15312,USD,Consumer services,Strong buy,48.70383331621449,50.03891701788451,51.59447526652767,-2.0780590717299563,-8.14367702355037,-28.81134969325154,46.443000000000026,48.46224999999996,50.463300000000075,56.41577499999992,17.179923751711883,0.793958,50.562862238074025
EXR,Extra Space Storage Inc,145.41,USD,-2.6315789473684252,252686,0.2166221953608391,30719452611.999996,USD,Finance,Buy,146.17206560099675,144.97764603350112,143.720030990162,-2.3766364551862993,0.2896751500103369,11.802245117638009,147.12000000000003,147.14999999999992,144.2757000000002,140.14597500000013,33.077797998180166,1.157246,2.1921565892554016
CKHUF,CK Hutchison Holdings LTD,8.02,USD,-2.433090024330913,600,0.0729669581291272,30716955642.98781,USD,Retail trade,Strong buy,8.47248286667699,8.379053132970864,8.174212944984426,-7.014492753623193,-8.566998614824232,13.437057991513427,8.414999999999997,8.752032500000004,8.282292999999997,6.889693294999994,20.194037201384827,0.46271609999999996,-30.82494189772828
RYAOF,Ryanair Holdings Plc,29.57,USD,16.877470355731223,150,0.06783340116673449,30708593863.828575,USD,Transportation,Strong buy,28.140185318884278,26.37443816905081,24.129089036903263,0,16.877470355731223,-15.61434299330793,30.8485,23.300699999999996,19.253322000000004,nan,12.643776705697066,0.69745832612,51.54293064963608
GBOOF,"Grupo Financiero Banorte, S.A.B. De C.V.",10.9025,USD,1.8925233644859867,7171,0.9766428328226081,30670439177.758007,USD,Finance,Strong buy,10.8558122299756,10.892214197277099,10.856739022239415,0,7.758833703978257,17.864864864864863,10.531500000000001,10.537354999999996,10.860292000000008,10.528061499999994,9.218516046558257,0.31762097634,18.936103576627687
HMRZF,Hennes & Mauritz AB,17.075,USD,-1.9241815048822564,1001,0.8677184466019419,30577449215.60693,USD,Retail trade,Buy,17.95553155028958,18.016813411323426,17.698006231454325,0,1.6369047619047534,-13.762626262626268,17.272999999999996,18.89578000000001,16.310030000000005,14.791350250000008,20.620076058675156,0.22151437089999998,28.577893694224958
CRS,Carpenter Technology Corporation,613.91,USD,2.7911727278815817,234635,0.21910204532905556,30502493394.900726,USD,Non-energy minerals,Strong buy,551.8686157319838,515.7029282683648,474.7051053179585,1.5398610651670435,26.243599498241778,93.91326321109322,609.0359999999998,571.1809999999999,492.7067999999999,374.47877500000016,64.615983748908,3.074121,34.63277076336635
EL,"Estee Lauder Companies, Inc. (The)",84.175,USD,0.5554891888663283,1301394,0.3849405726394551,30454087595.932087,USD,Consumer non-durables,Buy,84.10742821852337,84.73673472432417,86.3775134503481,-0.27840303281601636,1.845130066545664,-20.300146759456517,81.73500000000004,84.24524999999998,83.0320999999999,92.86952500000007,nan,0.321183,71.24638877424681
TDY,Teledyne Technologies Incorporated,656.87,USD,0.7345724450987553,78472,0.22305982410360492,30432220292.75184,USD,Electronic technology,Strong buy,634.8261821173312,630.3933467450165,622.6586302751438,0.26865717207797024,7.461636619441812,28.044834307992204,655.6540000000002,627.4914999999995,628.2213999999996,592.57075,33.24291360698796,5.791998,12.958400265250475
CFG,"Citizens Financial Group, Inc.",71.79,USD,1.1411665257819135,1754526,0.41018572499550604,30358695010.468723,USD,Finance,Strong buy,68.06665441981103,66.40496123268042,64.48376382370148,2.046908315565049,12.277134813888035,22.80191583989053,71.01800000000004,68.1745,65.10140000000003,59.656699999999965,17.000970942761743,1.267427,34.463762578015526
VEOEF,Veolia Environnement,41.43,USD,1.432243848696293,2356,1.798473282442748,30322998486.247135,USD,Utilities,Strong buy,40.90453064968954,40.57322867926645,39.86958708246282,0.6743211226535357,2.6837054368084994,14.006604292790303,41.566999999999986,41.05949999999998,40.39465400000004,34.93861949999999,21.216338623407932,nan,27.298196472851348
CQP,"Cheniere Energy Partners, LP",62.38,USD,1.695467883925659,53270,0.5577175354894502,30195297214.9625,USD,Utilities,Neutral,61.69520732095496,61.76089056496341,61.30513391170929,1.2991230919129657,-2.9256146903205766,16.077409750651285,61.18400000000001,61.52800000000002,62.63664000000003,58.29085999999996,14.508326355940088,0.956299,2.81696876942943
MTZ,"MasTec, Inc.",381.99,USD,2.292263610315187,197248,0.1536226775384078,30184297112.85387,USD,Industrial services,Strong buy,378.8174757014504,370.5876131679785,351.1186518174645,1.5903832344884492,3.845369652978831,73.62392618517342,398.23599999999954,380.6195000000001,389.8185999999997,284.20854999999995,66.78030104368804,2.223559,111.18289891456841
KNYJF,Kone Oyj,58.1,USD,3.1788314686556545,1428,0.6433881504843433,30105728520.12368,USD,Producer manufacturing,Buy,58.58524874367267,60.16003865652709,61.43241222224123,0,2.561386785291886,-17.236467236467238,56.92799999999996,59.74665,63.725501999999935,52.449792339999995,26.594172654769185,0.63499221236,8.774637703086663
BKHPF,Bank Hapoalim B.M.,23.0,USD,-14.65677179962894,111,0.42940038684719534,30081501220.76259,USD,Finance,Strong buy,24.65248043663827,23.80080524232748,22.0529778507842,0,-14.65677179962894,-3.755622973114346,25.7095,23.783875,16.256974,7.760215999999998,10.120267383131614,0.5826249829500001,39.256795488933896
CFG/PH,"Citizens Financial Group, Inc. Depositary Shares Each Representing a 1/40th Interest in a Share of 7.375% Fixed-Rate Non-Cumulative Perpetual Preferred Stock, S",25.7,USD,0.6264682850430703,16000,0.40801962574399825,30016160633.0,USD,Finance,,25.668025804356986,25.747096337282215,25.85927914693965,0.2731174404994159,-0.42619139868267897,-2.9456193353474363,25.578000000000014,25.605500000000024,25.833401999999978,26.228099500000003,6.086153408956355,1.267427,34.463762578015526
CFG/PI,"Citizens Financial Group, Inc. Depositary Shares, Each Representing a 1/40th Interest in a Share of 6.500% Fixed-Rate Reset Non-Cumulative Perpetual Preferred S",25.0699,USD,0.31972789115647093,1912,0.06692990562603265,30016160633.0,USD,Finance,,25.065239453567234,25.114724641039018,25.16576431707965,0.03950518754988746,-0.39769566944775997,-1.299606299212591,24.873979999999996,24.998245,25.19780000000003,25.333058500000003,5.936936083548441,1.267427,34.463762578015526
CFG/PE,"Citizens Financial Group, Inc. Depositary Shares Each Representing 1/40th Interest in a Share of 5.000% Fixed-Rate Non-Cumulative Perpetual Preferred Stock, Ser",18.5,USD,0.543478260869573,27081,0.40843073674685165,30016160633.0,USD,Finance,,18.390650522001707,18.548464833522974,18.770409127777466,0.16242555495398558,1.5367727771679536,-3.495044340114771,18.342107000000063,18.114276749999988,18.59711269999994,19.431422674999983,4.38108319321761,1.267427,34.463762578015526
ADYYF,Adyen N.V.,950.717,USD,-3.382418699186993,129,0.7972805933250926,29992911541.02374,USD,Commercial services,Strong buy,993.1729634978872,1028.0818343697013,1093.0752813375416,0.395683073381412,-2.766806099593974,-42.02379500439067,957.6078600000008,963.0049150000002,1043.347246000003,1333.797916499997,24.076907659626304,19.47848770038,28.69586970172974
FICO,Fair Isaac Corporation,1292.85,USD,1.7327258563301136,67374,0.2638858915010444,29982362464.02115,USD,Commercial services,Strong buy,1204.6252030701205,1198.0685955241186,1230.5682699353574,1.8665889249582261,10.320846488608227,-23.546595861693767,1228.526,1177.260499999999,1151.0634000000007,1411.5791999999994,40.96495869758776,11.693117,35.934444588017406
SMECF,SMC Corp,478.1,USD,11.674296926095492,13,0.09495982468955441,29917184464.645226,USD,Producer manufacturing,Strong buy,446.39261523807915,440.6870993503606,431.49861403389167,7.303169045695309,20.125628140703522,33.02911837949889,450.73099999999965,430.028185,443.41360199999986,396.4996595000002,28.75063877808126,3.9578636551739996,2.0494506816913343
SVNLF,Svenska Handelsbanken AB PUBL,14.89,USD,0.5741303613644098,439,0.279422060976386,29822990844.07539,USD,Finance,Buy,14.573525249064346,14.518487082762865,14.466137790719351,2.9025570145127846,2.938126512271004,2.3789878987898794,14.734,14.378527550000001,14.639259019999992,13.673250194999994,11.793126417848226,0.2844456225,-7.2011857317069055
TECK,Teck Resources Ltd,60.745,USD,1.2247958673554398,1309026,0.47955858919083216,29752300916.706684,USD,Non-energy minerals,Buy,61.10946252454318,60.3103333996427,58.34664681579501,-0.2217477003942265,-6.5461538461538495,24.6051282051282,59.55099999999997,61.65575,62.2773,52.01022500000001,22.42966678670166,0.7907841919999999,453.8008787023556
GEHC,GE HealthCare Technologies Inc.,65.02,USD,-0.8312361778387887,1939682,0.3937956620275685,29577064940.1272,USD,Health technology,Strong buy,64.93736327154777,66.00126146913767,68.01323526793925,-1.1102661596958237,1.9122257053291518,-21.26422862678615,64.90099999999998,64.19875000000002,63.61230000000003,74.04237500000005,15.565823178760382,1.034602,-12.171993271656852
AMRZ,Amrize Ltd,53.47,USD,-0.3169276659209577,639975,0.26072419871333286,29554791547.54288,USD,Non-energy minerals,Strong buy,53.97489874091106,54.14446641108137,54.322935810712394,-0.9449694274596961,-0.8345697329376907,-2.266496070188269,53.257999999999996,53.565999999999995,53.25040000000004,53.889950000000006,25.581284087647116,0.973043,-6.147007318934949
KHNGF,Kuehne & Nagel International AG,248.38,USD,0.3717772569304079,7,0.054773082942097026,29497626385.066315,USD,Transportation,Buy,236.7876597245015,234.12587754169564,230.68034092491897,2.8722045416516857,4.466689098250338,16.451779267663746,241.5510400000001,234.6718499999999,229.31085000000022,236.5965144999999,27.977211080825747,2.7510444235000002,-22.151104654245632
CASY,"Caseys General Stores, Inc.",796.3,USD,-0.140452960798576,230624,0.35568184254249346,29467011852.958916,USD,Retail trade,Strong buy,804.0670025945677,792.0896620131767,763.0693081198596,-0.4625000000000057,4.682652363674608,44.30168711378503,790.606,820.6894999999993,821.3209999999998,663.9894749999992,41.54623146515292,6.631861,30.89078889860139
NRG,"NRG Energy, Inc.",139.505,USD,2.051938551572792,807211,0.24665821932854326,29433666206.39298,USD,Utilities,Strong buy,138.88017644703513,141.17014816248852,144.69481100465597,0.5296533832960908,6.014894748841091,-13.661963114246824,142.43500000000003,135.69025000000002,139.00149999999996,155.93752500000008,162.82096171802053,1.763622,-86.50623661332997
ILMN,"Illumina, Inc.",194.46,USD,3.0633877464490147,838027,0.4046637393713399,29421797451.702778,USD,Health technology,Buy,171.33796879761388,161.7173742911894,151.96531057041503,2.7556870723136693,16.040100250626562,48.06974796314627,184.79199999999997,170.0895000000001,154.22770000000003,130.697825,35.29347707720788,1.226897,nan
CINF,Cincinnati Financial Corporation,189.925,USD,-1.0961828880903972,174048,0.2198783700490004,29378878349.556454,USD,Finance,Buy,178.15607151477963,173.7307524606407,169.97511356776562,-0.3279979008134348,17.136425311459252,16.290105314719582,188.09299999999993,175.34525000000008,168.1290000000002,163.45172499999987,10.859993710152388,1.765452,90.77878017650458
KGC,Kinross Gold Corporation,24.585,USD,-0.5058680696074463,4025511,0.4533321273038722,29356948645.29981,USD,Non-energy minerals,Strong buy,26.237464644619298,27.336226421218726,28.08716488011141,-0.9068923821039817,-11.944842406876795,-13.963254593175847,24.032999999999983,25.21024999999998,27.996500000000005,28.967025000000003,10.478345700108362,0.711834112,146.90710442171564
FTRSF,Fortis Inc.,17.5455,USD,2.246503496503499,1729,2.791861779428387,29337978377.6838,USD,Utilities,,17.611580345744294,17.44042515981348,17.108265486854073,2.3658109684947486,-2.524999999999997,-4.695817490494294,17.82004,17.25692,16.460589999999996,13.8890805,7.194763726616427,0.541780096,6.121637237345439
KHC,The Kraft Heinz Company,24.695,USD,-2.6606227828143503,5431695,0.383908300926117,29282778501.694916,USD,Consumer non-durables,Buy,24.020285321115082,23.79257612132921,23.761400300552545,-2.3913043478260883,10.839317773788146,1.667352820090577,24.577000000000066,23.666250000000037,23.34509999999999,23.972574999999992,nan,0.527804,-320.42971760119667
ATO,Atmos Energy Corporation,174.355,USD,-1.4219483236275314,314885,0.2591378634666019,29103306212.32979,USD,Utilities,Buy,174.8586452942892,175.9299830833333,176.39939159896738,-1.377340347304713,3.2052799810583594,4.310499551301217,174.27299999999974,171.28325000000024,176.31170000000012,175.66297500000044,21.462775124329113,1.370816,13.394751535455054
TNRSF,Tenaris S.A.,27.13375,USD,-4.626537785588753,200000,6.178331356267299,29087241261.515358,USD,Non-energy minerals,Buy,23.70339366874781,22.15719945177052,20.802793343735544,0.009214466712730619,-4.626537785588752,28.59597156398103,24.468749999999996,20.099067500000007,18.358036999999996,13.419827269999994,14.337546361919507,0.40425840438,14.461470617765503
TCKRF,Teck Resources Ltd.,59.85,USD,1.907032181168065,100,0.46904315196998125,29084290390.01613,USD,Non-energy minerals,Buy,60.14672916064299,59.1927163980559,57.15144357078903,0,-12.23053233611966,24.84355444305383,60.461,62.08104999999999,57.13492999999997,48.24096884000001,22.099194290626297,0.8023164159999999,453.8008787023556
CW,Curtiss-Wright Corporation,786.935,USD,3.512752719571699,123593,0.4101155622451979,29070295659.65933,USD,Electronic technology,Buy,755.2675931445801,740.9408391379076,717.28039197156,2.950757476647734,7.023759333052263,41.89235485034258,760.0150000000002,756.2814999999998,739.0260000000002,646.0239000000003,57.638248004101655,3.594015,21.446361857320756
TPR,"Tapestry, Inc.",143.81,USD,-0.2773732750849495,489657,0.17203224638895548,29056053040.833088,USD,Retail trade,Strong buy,143.55130801997507,142.88432326255392,140.77198750573203,-1.8897530358848478,3.938999710899095,11.29082185420214,144.99000000000007,145.8265000000001,141.67760000000007,131.99879999999996,46.20253164556962,1.251407,-18.09809493737501
DSKYF,"Daiichi Sankyo Co., Ltd.",15.95,USD,1.3502779984114286,30499,2.601637806022349,29023468511.96484,USD,Health technology,Strong buy,16.214595499612884,16.614625968001395,17.354718383051672,-0.37476577139289363,9.17180013689254,-29.85927880386983,16.005,15.826375000000002,16.52518,20.395914999999995,18.04478878130117,0.265333082443,-14.92784226522868
FTS,Fortis Inc.,56.77,USD,-2.086926526388399,369510,0.5661698245932306,28901606376.694798,USD,Utilities,Buy,56.88697618776062,56.60896912226083,56.057889502910385,-2.1038110018968768,2.602566419663844,9.00537634408603,57.27999999999996,56.77099999999983,56.35819999999996,53.97914999999998,23.279287381950617,0.541780096,6.121637237345439
AFRM,"Affirm Holdings, Inc.",86.11,USD,1.808938283282101,1487316,0.3620936152746208,28838117572.479313,USD,Technology services,Strong buy,75.8104394240261,71.6017370297751,68.39096156688302,1.3236851394281681,28.15895222503349,14.813333333333333,83.57600000000001,73.83999999999995,69.62420000000002,66.33604999999999,78.25336241366776,0.346574,nan
NVZMF,NOVONESIS A S,61.842,USD,-4.7118644067796716,273,0.048978273740110156,28793336039.28875,USD,Process industries,Strong buy,60.64108335817468,60.169956509314446,60.09262682866264,-2.6441399460970767,7.037709494789348,-0.012934518997579096,62.2028,59.63207500000003,59.74953400000001,62.002730500000006,42.09930231649093,0.7511796864600001,37.98639874940684
MGDDF,CIE GENERALE DES ETABLISSEMENTS MICHELIN SA CLERMONT-FERRAND,41.8675,USD,4.245253657018359,536,0.14963707426018985,28787984777.80001,USD,Consumer durables,Buy,38.58412681752324,38.110342429311466,37.66835610967665,13.92517006802721,12.11756042043248,17.679713301946453,38.911599999999986,38.551925,37.10292,36.179398000000006,15.294452464696894,1.4675471,0.7351722615206722
IMBBF,Imperial Brands PLC,37.505,USD,2.05442176870749,6369,1.6164154103852597,28742434339.63718,USD,Consumer non-durables,Buy,37.28071433950266,37.844870061979194,38.66825415879652,-2.3358158429248435,4.616457461645749,-12.949122644137036,36.90100000000003,36.88485000000001,37.39064400000002,40.86662649999998,13.343003527348658,2.79278396,-27.3536421830961
CNP,"CenterPoint Energy, Inc (Holding Co)",43.86,USD,-1.6812373907195695,3483078,0.42722433792136405,28691874427.31002,USD,Utilities,Buy,43.57039970722821,43.21073707742916,42.668822904457315,-1.4160485502360138,4.205274411974331,14.427341507957218,44.20599999999995,43.38799999999985,42.83350000000006,40.931625000000004,26.858542559706063,0.368585,9.788893370982919
FNLPF,Fresnillo Plc,38.9,USD,1.6993464052287546,1610,0.25725425028761345,28665158603.757698,USD,Non-energy minerals,Buy,40.689871195736764,41.96111297680126,42.550687137670906,-0.25641025641026005,-7.380952380952384,-19.79381443298969,37.91679999999995,39.41229499999998,42.995916000000044,42.08385899999999,20.397501474912396,1.521633,916.9016948874182
BRDCF,Bridgestone Corp.,22.7,USD,2.3098591549295744,1474,0.3719029116415199,28650292919.92208,USD,Consumer durables,Buy,21.98026663119172,21.97694061354241,22.01899485578329,0.2650176678445173,-1.2614180078294874,-2.825342465753425,21.13949999999999,21.664874999999974,21.449600000000004,20.77161024999998,13.72784640559547,0.41911583999999996,24.051115531193183
MDB,"MongoDB, Inc.",355.985,USD,0.311372858431024,599526,0.35763313800073554,28632561187.470287,USD,Technology services,Strong buy,334.21998709915914,325.6184937113382,320.88933292695174,2.568646094447812,-5.0934442400490445,-15.743195266272185,348.8649999999995,337.7252500000002,318.4755,332.6400249999999,nan,1.608874,67.75595341560926
DOV,Dover Corporation,212.375,USD,-0.6246783023723774,505107,0.48127099516811,28598717310.376797,USD,Producer manufacturing,Strong buy,216.59722152243253,216.07490994868985,213.8517182607886,-0.3215056791514138,-0.5735018726591734,8.809816579567574,218.30700000000002,220.73875000000012,218.54450000000023,202.69082499999965,26.458899160292027,2.725752,-51.647279233257635
VICI,VICI Properties Inc.,26.745,USD,-1.6366311143802876,4267364,0.3616257244714821,28591211960.291096,USD,Finance,Strong buy,27.40525260128947,27.677087134126676,28.020884880541168,-1.0177646188008829,-1.92519251925192,-5.0248579545454515,26.78699999999999,27.245750000000008,27.906099999999988,28.930124999999965,9.17842067332441,0.712019,16.249102369743866
EIX,Edison International,74.275,USD,-1.8305577583927979,737998,0.33636058681864006,28580571671.937614,USD,Utilities,Buy,73.38502429297725,72.42955255943386,70.85940687676228,-1.8824306472919379,3.1597222222222303,23.032963392413468,74.66899999999995,73.11675,71.16090000000003,64.90727499999991,8.059178403246458,1.197598,30.755916236308956
ECHO,EchoStar Corporation,98.42,USD,-3.0344827586206877,2333126,0.23926105327651853,28523442760.748966,USD,Communications,Buy,108.49345916908953,111.80262860215554,111.58444812946314,-3.7645448323066337,-18.66115702479339,-9.440559440559444,100.628,108.73150000000001,119.44299999999996,104.11642499999998,nan,-0.213052,-6044.893956111316
XYL,Xylem Inc.,118.75,USD,0.5333559092448319,715593,0.38439270837071116,28226103390.40806,USD,Producer manufacturing,Strong buy,115.34479766340746,116.22148879912805,119.01460332654018,0.917821024900143,7.563405797101444,-12.869616259446762,117.81599999999999,112.90200000000007,112.82380000000016,130.72750000000002,29.502372611860572,1.337772,8.283116324114927
VWSYF,Vestas Wind Systems A/S,28.2,USD,-2.8216190883151597,483,0.02823636703769526,28048193903.108974,USD,Producer manufacturing,Buy,27.825884126017545,27.79299376366185,27.41908055261691,-0.45887751500176144,2.173913043478253,4.521480646847118,28.124019999999994,26.832685000000016,28.396765999999992,25.75688699999997,28.73157961884442,0.17241222996,60.349708354468056
OTIS,Otis Worldwide Corporation,73.0575,USD,-0.1127973748974515,1276905,0.38791839291042646,28033336144.94668,USD,Industrial services,Buy,73.19209252457183,74.50904657179437,76.89783808470358,-0.33083219645292306,4.144689950106912,-16.237674845218983,72.27149999999983,71.90637499999988,73.03265000000009,84.04661250000005,19.366831906264085,1.008758,-1.0674009965906157
TPL,Texas Pacific Land Corporation,405.08,USD,-0.5206286836935179,102236,0.21945903292572413,27940161430.92466,USD,Miscellaneous,Buy,397.5915868558928,401.97890697521814,402.53950125108656,-0.13312953010207101,1.0325734523868875,41.63636363636363,416.98400000000026,385.0360000000004,398.7832,375.92422908175,55.51855049819772,2.280908,9.453803573303722
HAL,Halliburton Company,33.295,USD,1.0163834951456336,3017497,0.2609046808551111,27814567849.871666,USD,Industrial services,Strong buy,35.8214302181778,36.45531122796454,36.0749433390753,1.0470409711684334,-18.87183235867446,17.48412138320396,33.461000000000034,36.26475000000001,39.06310000000001,32.80052499999999,18.267859102381216,0.539513,-23.638344226579523
DXCM,"DexCom, Inc.",72.05,USD,1.1228070175438556,1372180,0.3095334186032657,27802146431.261055,USD,Health technology,Strong buy,70.85711473578704,69.82883582208439,69.05862535651936,1.0518934081346423,-1.9327616714305182,8.134473960678378,69.89799999999998,72.00800000000001,67.86040000000001,67.1121,30.815619520123178,0.60957,75.51985586667665
FISV,"Fiserv, Inc.",52.09,USD,-0.4586279380852186,2317383,0.2975496617161405,27777203306.72693,USD,Commercial services,Buy,52.86840840458066,54.532085410212666,58.465403873145284,-0.30622009569377334,-5.462794918330304,-22.8639123352584,50.606000000000066,50.417500000000075,54.63660000000007,70.29890000000006,8.836451848207775,1.916294,4.271765663140754
QBEIF,QBE Insurance Group Ltd.,18.586,USD,14.445812807881776,250,0.2116133401049602,27767939943.09899,USD,Finance,Buy,16.385497682412275,15.76038878836175,15.059598821909375,0,14.445812807881776,36.963890935887974,16.837899599999997,14.778794899999994,13.35031396,9.696439964999998,12.840967730591439,0.673629,35.15498019983362
LDSVF,Lindt & Sprungli AG,11709.5,USD,-2.825726141078838,10,0.2680965147453083,27658458704.8232,USD,Consumer non-durables,Buy,11816.769095602795,12118.707089309597,12602.041547860372,0,2.6607902325177673,-17.938780837782012,11765.592999999997,11661.187049999999,12993.478571999995,13347.734556499996,29.494134308102474,93.1103315,24.430144763614557
DASTF,Dassault Systemes SA,20.67,USD,1.572481572481574,4541,0.14764118737198037,27652239952.673153,USD,Technology services,Buy,20.571858264668382,21.02143270197207,21.936086699432344,1.8628030751034894,-5.096418732782366,-20.530565167243367,19.7344,20.947105,21.34668200000001,26.298456499999908,19.305463236229496,0.34476621486000003,11.878404731864842
FE,FirstEnergy Corp.,47.68,USD,-1.7514939212858054,939942,0.2723553582834156,27579599559.998352,USD,Utilities,Buy,47.49741671369502,47.518632151629646,47.50364391276,-1.467245298615418,3.877995642701528,6.286223807400803,47.776000000000025,47.1595,46.57163999999999,47.13415999999992,25.911635237215368,0.58763,-2.111926800723473
AVB,"AvalonBay Communities, Inc.",194.27,USD,0.15982676840585805,352539,0.32920553702610966,27561485089.58945,USD,Finance,Buy,187.78872269575746,184.998893865304,182.88166742762067,0.17015571826338688,2.913598559093076,7.343352856669257,191.99800000000042,186.51449999999952,184.75699999999884,179.94790000000063,24.11285017438902,1.232737,0.3237575802856513
ES,Eversource Energy (D/B/A),73.075,USD,-1.8336915636754363,715946,0.2753455250862154,27482048149.84216,USD,Utilities,Buy,71.55475675192335,70.91945187042379,70.43371979073075,-1.7809139784946273,4.363039131676674,7.796135123174504,73.15099999999997,70.81325000000001,69.55009999999997,69.9908249999999,15.631350403217182,0.941665,101.83490199464642
PPLAF,Pembina Pipeline Corp.,18.5796,USD,-0.908800000000004,100,0.15306903413439463,27479800139.821915,USD,Industrial services,,18.621597641873898,18.537314610028776,18.37778477363374,0,-0.9088000000000042,3.2199999999999958,18.769659999999995,18.503604999999997,18.188097999999997,nan,9.691290977040053,0.5172787839999999,-9.903483677891423
PPG,"PPG Industries, Inc.",123.275,USD,-1.6396712678528627,368692,0.1919111370213829,27477997148.853626,USD,Process industries,Buy,119.00705171241117,116.50438940225686,114.31536366731382,-1.2140395865053293,10.431783570724724,19.649616616519463,122.68300000000013,119.39074999999984,112.73950000000015,108.42212500000016,17.661427814152066,2.250503,18.227243470307247
CPRT,"Copart, Inc.",29.545,USD,-1.5494835054981666,5126880,0.3573687857414612,27353101668.322224,USD,Retail trade,Buy,30.875796791361164,31.76789732887799,33.22260515660302,-1.450967311541023,-4.8776561493882715,-24.52420487929493,28.926999999999943,30.090249999999962,31.82949999999991,37.447224999999996,18.40695283782942,0.386904,6.087243886318578
PBA,Pembina Pipeline Corp.,46.995,USD,1.1950904392764852,459769,0.46024341891621884,27324537086.858635,USD,Industrial services,Buy,46.95516031926673,46.53535343328997,45.5993468959664,-0.13812154696133622,-4.694788075441097,23.47609038360482,46.439000000000036,47.24774999999999,47.08830000000001,42.29382499999999,24.513026085922046,0.5172787839999999,-9.903483677891423
WTW,Willis Towers Watson Public Limited Company,289.075,USD,0.9974844525190276,311318,0.5050879026030073,27302548535.22596,USD,Finance,Strong buy,272.58554171841945,273.32228926706966,279.03277465474906,1.729659346846834,10.93522142911966,-11.724738143952129,275.281,263.72125,261.5475,302.4774749999999,16.92169454021811,3.12533,nan
RYLPF,Koninklijke Philips N.V,28.012,USD,2.2149242838897987,236,0.07245264482853897,27227177319.580074,USD,Health services,Buy,26.908020481704835,27.12677961001611,27.303972563184516,2.2149242838897987,10.092752711837766,1.8618181818181834,26.68139999999995,26.72786190000001,27.634224760000002,26.051342889999965,24.08607892033338,0.39814038896,nan
VG,"Venture Global, Inc.",10.94,USD,-1.7070979335130392,3551002,0.357374675384014,27178876777.5274,USD,Industrial services,Strong buy,11.69070837170445,11.897582736385633,11.841679301279212,-1.2189616252821651,-16.48854961832061,59.47521865889212,11.076000000000011,11.611499999999998,12.371800000000002,10.736274999999996,11.419624217118997,0.479178,89.62787015043547
BABWF,International Consolidated Airlines Group SA,6.135,USD,-0.24390243902439948,1150,0.18819139883484978,27172730347.28167,USD,Transportation,Strong buy,5.662152858350333,5.541671437838522,5.4237960743711735,-0.24390243902439948,8.105726872246697,9.475374732334041,5.847000000000001,5.325550000000001,5.283449999999999,3.390119,7.6126538761176645,nan,46.96536178894944
CEBCF,China Everbright Bank Co Ltd.,0.4,USD,-3.3349444175930354,10429,0.5862348087106095,27135660835.172417,USD,Finance,Buy,0.41375758842476507,0.4198896763039753,0.4234047757970395,0,0,-20.015996800639865,0.4057599999999998,0.4346849999999999,0.44854799999999995,nan,4.810608739240472,0.0235488,-7.048456170091286
DUAVF,DASSAULT AVIATION,350.5,USD,-1.6040919222714431,75,0.4355400696864112,27129617752.17811,USD,Electronic technology,Buy,344.66886952414427,347.9321244557638,350.84158781946905,0.14285714285714285,1.5942028985507246,8.513931888544892,334.97279999999967,338.96802500000007,347.9297900000002,348.9167539999997,23.835077497952064,7.0465102,20.64036367599505
POPMF,Pop Mart International Group Limited,20.6,USD,7.2916666666666785,126,0.010610794377963232,27128998538.12394,USD,Consumer services,Strong buy,21.11093702124271,21.576218578468996,22.591570672984385,0,-9.72830850131463,-14.166666666666663,20.915499999999998,20.750874999999994,20.50619,28.7013515,15.388864550079848,0.6446484,308.8341222234282
PPL,PPL Corporation,36.015,USD,-2.3719165085388996,2003532,0.1786624622313498,27095899309.420303,USD,Utilities,Strong buy,36.32968962753451,36.48106367002232,36.598572329643325,-2.133152173913034,2.1122767224269845,2.9000000000000017,36.323000000000015,36.07125000000002,36.28350000000001,36.59742499999999,22.14536063456927,0.367996,21.429104756215946
CAJFF,"Canon, Inc.",28.04,USD,16.34854771784231,1100,0.3038002651347768,27061908186.035465,USD,Electronic technology,Buy,26.782703134113586,26.993072952958276,27.423588021327458,5.851264628161573,0.14285714285713982,-6.533333333333336,25.826,26.735250000000025,26.758608999999993,29.831852250000033,12.897941958070014,0.50132797,82.29760799583988
CHHQF,China Hongqiao Group Limited,2.75,USD,2.7077497665732877,87774,7.681012303761136,27003344617.74425,USD,Non-energy minerals,Strong buy,3.156908351261279,3.3911505368518284,3.4295045800452235,4.761904761904762,-14.062500000000004,-35.59718969555034,2.672499999999999,3.0523749999999987,3.7666300000000006,nan,8.287500292398079,0.2914164,0.7219653995694194
ARES,Ares Management Corporation,121.62,USD,4.037639007698886,771667,0.28143938567802146,27003097659.721127,USD,Finance,Strong buy,121.28616786263476,121.91416169423734,124.70272947251381,3.1377204884667593,-6.3380824027724225,-25.239734447996064,114.21200000000007,123.02000000000001,122.695,137.9019249999999,56.30294893754919,1.311041,24.846838515778522
NWWCF,New China Life Ins Co. Ltd.,6.355,USD,-2.9770992366412123,1789,1.6597086928286482,26968865071.94156,USD,Finance,Buy,6.4852276877952,6.5466575967913725,6.504494415011146,-4.263332329014756,11.883802816901422,-12.344827586206891,6.3591999999999995,6.555934999999991,6.598105999999998,5.539611500000001,3.9151803114329224,0.544566,38.359921537182984
FTI,TechnipFMC plc,67.62,USD,1.3033707865168607,1632648,0.29913716690362774,26960222768.740677,USD,Industrial services,Strong buy,67.58867684380022,67.53264045767284,65.71210563820904,0.9253731343283649,-1.6150152771715398,51.920916647944296,66.20199999999996,67.16449999999995,70.14460000000003,56.772100000000016,25.870380289234067,0.799908,37.96780153074689
WRB/PH,W.R. Berkley Corporation 4.125% Subordinated Debentures due 2061,15.23,USD,0.5944517833553491,19221,0.593319483758647,26833707625.0,USD,Finance,,15.318281685576151,15.499107145977108,15.752045873635433,0.4617414248021127,-1.4239482200647176,-7.020757020757013,15.047999999999998,15.159149999999997,15.520057999999995,16.596620500000007,3.2332024201252523,1.092399,9.226452719936926
REPYF,Repsol S.A.,24.484,USD,0.7572016460905393,3900,4.400315920117342,26797767796.359165,USD,Energy minerals,Buy,24.87470958530793,24.799887106036678,24.153750059962167,0,-4.021952175617404,27.255717255717276,24.443600000000007,25.62327499999999,25.116950000000003,17.089598500000008,9.542272958256644,1.54598492286,139.59191662570169
HRSHF,HAIER SMART HOME CO LTD.,2.65,USD,3.7181996086105578,1880,0.9065920817861793,26733488879.032337,USD,Consumer durables,Strong buy,2.6398308218068154,2.6951728314772314,2.789223659266266,0,4.412923561859737,-20.954511558538407,2.6611000000000002,2.6330174999999985,2.7560069999999968,3.0784722500000026,9.396926897819935,0.09371441436,-2.2849162378771495
FUJIF,FUJIFILM Holdings Corp.,22.3,USD,7.005758157389639,700,0.3551857113862391,26661944787.596935,USD,Health technology,Strong buy,20.380090930013058,20.272220862720772,20.422320657323404,6.6985645933014455,7.005758157389639,16.753926701570677,20.438000000000024,19.319749999999985,21.25313199999999,21.433981406250012,15.436348527718785,0.297075757693,0.16675986271634904
SAXPF,Sampo OYJ,10.024,USD,-0.27855153203343086,490,0.10117486733703619,26620484264.30143,USD,Finance,Strong buy,10.289273735966738,10.40022917580622,10.518097117611118,-0.27855153203343086,-2.2048780487804964,-10.299776286353481,10.152800000000022,10.342179999999981,10.75881092000003,10.916235986250015,13.926177450037164,0.18846730944,60.55444627508684
SYM,Symbotic Inc.,44.01,USD,2.971455311183893,540597,0.23918564931233743,26525128187.38792,USD,Producer manufacturing,Buy,44.81269011788819,46.93063541898327,49.334575563847515,2.3488372093023213,-5.365014514568336,-27.638934560999676,43.760000000000005,41.998,48.6287,57.73415,nan,0.130484,24.78134110787171
WSM,"Williams-Sonoma, Inc.",224.01,USD,-1.5470487408253901,250173,0.2085641931829664,26376418536.044037,USD,Retail trade,Buy,217.97309032893344,211.19970641103336,205.28721591747225,-1.3171806167400921,8.747997475605603,22.624261002846495,230.59199999999996,224.42350000000027,202.09100000000007,195.60324999999997,25.073594430328736,2.051309,1.1331220285261625
MTD,"Mettler-Toledo International, Inc.",1303.48,USD,-0.37831599703461744,51900,0.1941073641865555,26340205546.23437,USD,Health technology,Buy,1231.7006710787193,1227.2143275666306,1240.4666044823307,-0.2975439240612736,10.548723602747868,-6.8190753965700805,1289.7240000000002,1196.0930000000008,1180.3808,1313.7327999999998,30.569991932306422,10.797392,6.350999802957637
ALPMF,"Astellas Pharma, Inc.",14.6,USD,3.1802120141342707,990,0.5061608466690526,26291069409.18011,USD,Health technology,Buy,14.690795220992827,14.881523474899655,14.850241928252615,0,2.8169014084507067,10.815939278937373,14.224000000000004,13.859329999999996,14.509097000000002,12.632558749999998,14.290111887273381,0.314489116942,445.72180091815505
WRB,W.R. Berkley Corporation,70.59,USD,-2.067147613762479,464568,0.24093257598054144,26279015278.145813,USD,Finance,Buy,69.26099323331276,68.66656768346105,68.55040330598295,-1.9583333333333286,5.326768128916752,1.1752902393579008,70.97400000000002,68.98749999999997,67.447,70.15274999999993,14.985670311007325,1.092399,9.226452719936926
LSRCF,Lasertec Corp.,291.1,USD,-8.33170633396103,11,0.04059040590405904,26250791778.5624,USD,Electronic technology,Buy,286.2322423248391,271.70234279593325,251.20914978825053,0.37931034482759407,19.30230080081311,41.63037925414164,307.2088600000001,270.755575,219.93789599999994,196.18954838000008,46.88596873259974,1.357630816971,19.678628360937665
HUBB,Hubbell Inc,496.155,USD,1.8589611989324473,153534,0.24870060437872069,26217712593.99497,USD,Producer manufacturing,Buy,496.5007138257629,495.8740884762543,492.4035837305376,1.338848039215676,3.2602135320193892,10.815670158354354,502.25700000000006,500.94674999999995,497.6244999999999,475.57572500000043,29.315784809004697,5.37864,14.464553828673447
EQR,Equity Residential,69.875,USD,0.06444221681226078,631918,0.2327418149514033,26183012740.56101,USD,Finance,Buy,67.49230628526475,66.36155768888761,65.27969004089915,0.09310986964617923,3.319532751737402,12.122913992297818,68.921,67.15475,66.14489999999999,62.79947500000004,28.18222150520287,0.44713,-3.2655768405446484
JBHT,"J.B. Hunt Transport Services, Inc.",277.6,USD,-2.8793338697827244,247690,0.28114712658760327,26177457236.270515,USD,Transportation,Buy,274.4598471682904,265.519228520044,251.82775689149082,-1.2837381316453744,-2.722780951046004,42.77264895723508,286.16399999999993,280.9290000000001,266.4171999999998,210.47067499999955,42.97413192563123,1.713206,17.295540383497958
NSKFF,Kongsberg Gruppen ASA,29.7188,USD,6.748563218390811,784,0.12927907130136534,26140418620.90582,USD,Producer manufacturing,Buy,31.462699999780995,32.75656692364853,33.50203782271898,4.4230498945889,-15.810764872521235,11.098317757009353,29.078160000000008,31.685328899999995,35.580007560000006,32.890761090000005,34.416886242383505,0.16267523777999995,27.22572898472313
ATI,ATI Inc.,191.475,USD,1.7942583732057416,359274,0.19792048904056483,26130676139.028706,USD,Non-energy minerals,Strong buy,185.45422583782837,177.64455678163193,166.3823794770258,1.0955649419218525,7.4494949494949525,66.00919022021847,193.31100000000004,194.05725,174.59990000000005,133.04262500000002,63.14305500593589,1.019845,9.706595275134763
AWK,"American Water Works Company, Inc.",133.22,USD,-2.6596521993277906,876736,0.37761956625624676,26015270667.843784,USD,Utilities,Buy,130.5332365954243,130.16600348877432,130.57855357197803,-1.8637200736648258,8.010377817415272,2.2959379559241415,133.19,128.266,127.01584000000007,131.72221,23.57333710827597,1.562714,2.885595688901837
ARES/PB,Ares Management Corporation 6.75% Series B Mandatory Convertible Preferred Stock,39.37,USD,2.5794684731630926,6097,0.01251806773759075,25955123470.0,USD,Finance,,39.67023158111322,39.97285013281167,40.807304334338724,1.7049857917850595,-7.820182627019441,-21.72962226640159,37.52999999999997,40.07100000000001,40.42359799999999,44.415937500000034,18.22600805518263,1.311041,24.846838515778522
RF,Regions Financial Corporation,30.41,USD,0.42932628797886063,2998483,0.31421957861998673,25951273544.60931,USD,Finance,Buy,29.310373072426334,28.818941548694312,28.324213700310118,0.6287227001985483,6.7766853932584254,12.255444813584349,30.392000000000014,29.34199999999995,28.363000000000014,27.18589999999993,12.61093140913992,0.629509,16.40278045954817
SYF,Synchrony Financial,77.0,USD,0.8777675881042862,659613,0.2179400799503175,25900509043.704964,USD,Finance,Strong buy,75.20865476685223,74.45507512449889,73.98840261862219,0.5878510777269795,8.100519444054465,-8.01576872536136,76.90399999999997,74.85049999999997,73.56799999999997,74.28695000000005,7.9708494648143935,2.13551,32.616723638510216
RF/PF,"Regions Financial Corporation Depositary Shares Each Representing a 1/40th Interest in a Share of Non-Cumulative Perpetual Preferred Stock, Series F",25.3187,USD,0.07391304347825711,10637,0.290720556241869,25840334197.0,USD,Finance,,25.37145828293749,25.40263420802606,25.428266758206366,-0.08405682715075019,-0.04461113304381577,-0.5159135559921396,25.28772000000001,25.321930000000002,25.490304000000002,25.50873850000002,10.499585303143402,0.629509,16.40278045954817
RF/PE,"Regions Financial Corporation Depositary Shares, Each Representing a 1/40th Interest in a Share of 4.45% Non-Cumulative Perpetual Preferred Stock, Series E",16.24,USD,0.3708281829418957,14157,0.32731207357759007,25840334197.0,USD,Finance,,16.20972355887642,16.337111857016666,16.542129048473388,0.7444168734491157,1.7543859649122655,-6.181398035817448,16.13999999999997,16.022500000000004,16.313204000000002,17.22222498,6.7346769511487095,0.629509,16.40278045954817
RF/PC,"Regions Financial Corporation Depositary Shares, each Representing a 1/40th Interest in a Share of 5.700% Fixed-to-Floating Rate Non-Cumulative Perpetual Pref",24.56,USD,0.20399836801304427,9705,0.1656488210856185,25840334197.0,USD,Finance,,24.400790094211377,24.379462319147738,24.35843415769044,-0.08136696501220332,0.9038619556285903,4.156064461407975,24.50400000000002,24.290500000000044,24.42041200000001,24.330224499999986,10.18495479804263,0.629509,16.40278045954817
GELYF,Geely Automobile Holdings Ltd.,2.3794,USD,7.743162470566918,441804,4.70738908488034,25811760331.137226,USD,Consumer durables,Strong buy,2.4011085908172287,2.4568654922290136,2.471848958857234,2.3397849462365494,1.2510638297872285,6.223214285714274,2.245059999999998,2.3401874999999963,2.565900000000001,2.4079949999999997,11.726208766050224,nan,-28.896341388417373
BNCZF,Banco BPM Societa Per Azioni,17.05,USD,2.7108433734939714,1000,0.27402515550927575,25771790646.075043,USD,Finance,Buy,15.81435873596748,15.353259782626784,14.540173814366472,0,6.89655172413794,15.98639455782314,16.331794000000002,15.064188499999997,12.7806814,nan,10.483636937481192,nan,23.12013494443565
OKTA,"Okta, Inc.",148.06,USD,4.695234054589178,1248762,0.3921778981621064,25733917285.858437,USD,Technology services,Strong buy,123.4246345969066,113.30568728185115,104.52198053078641,2.6168029945930997,21.171945331041826,69.89099254159494,139.53999999999996,123.16949999999989,103.22639999999997,89.13572500000004,107.5392213829169,0.964942,113.75562800807329
ICHGF,InterContinental Hotels Group Plc,173.5,USD,5.599513085818617,300,0.3740648379052369,25690665629.438972,USD,Consumer services,Buy,160.11826850181868,154.19695846999707,147.82707416231563,5.599513085818617,12.589227774172619,23.90644527762899,168.26000000000002,152.56340500000007,140.99074600000006,105.77418258999997,35.661432212447586,2.651333,26.276993355481725
SYF/PA,"Synchrony Financial Depositary Shares, each Representing a 1/40th Interest in a Share of 5.625% Fixed Rate Non-Cumulative Perpetual Preferred Stock, Series A",18.75,USD,0,29594,0.38299122435800376,25675140978.0,USD,Finance,,19.06545604944791,19.23355936554042,19.36348364287093,0.10678056593699718,-4.092071611253201,-4.336734693877558,18.69399999999998,18.893000000000022,19.55630400000002,19.699644999999947,1.9409536034450634,2.13551,32.616723638510216
SYF/PB,"Synchrony Financial Depositary Shares Each Representing a 1/40th Interest in a Share of 8.250% Fixed Rate Reset Non-Cumulative Perpetual Preferred Stock, Series",25.88,USD,-0.11578541103821358,17631,0.33236939735778487,25675140978.0,USD,Finance,,25.78722158416126,25.796370284037735,25.817336092706533,-0.4232397075798362,0.2712127082526164,-1.4470677837014567,25.857999999999986,25.709895000000028,25.87155800000003,25.975977499999985,2.6790335603817725,2.13551,32.616723638510216
TROW,"T. Rowe Price Group, Inc.",119.7,USD,0.9700548291860022,680247,0.29294645139188397,25647714693.68705,USD,Finance,Buy,111.1567580370344,107.84553951046628,105.0921503454152,1.004134672179561,12.373263236950814,16.81467746657559,116.48599999999999,109.66200000000015,105.69639999999988,101.26455000000001,12.829581993569132,2.342502,5.875944713011499
P,"Everpure, Inc.",76.975,USD,5.865768119928484,803409,0.2834814019547295,25586869760.62474,USD,Electronic technology,Strong buy,74.12079700579376,73.51534331242685,72.79540131770491,4.770654688988697,0.5092381014558994,12.487213210580135,75.58699999999996,73.01724999999996,76.1357,75.51337499999998,117.01885071450288,0.577528,77.01829924650163
DG,Dollar General Corporation,115.72,USD,-2.0732842515020757,816388,0.321121326211237,25526285515.843952,USD,Retail trade,Buy,115.1175368972291,116.2781240490701,118.39238011448542,-2.976440010061203,10.991751390753878,-12.851602214105508,116.34399999999998,113.81400000000004,111.38819999999988,121.34164999999993,16.361040026014788,1.996046,34.89405527053574
TRPCF,Trip.com Group Limited,38.7125,USD,-15.359387810877287,379,0.4138910123402861,25521278019.352444,USD,Consumer services,Strong buy,51.36134526464154,55.47213162388868,57.81199185103436,0,-22.814275745189914,-49.69462672990709,47.53299999999997,62.86354999999999,62.97236,nan,6.116788463329018,0.89210465862,84.67830148421818
ARLUF,Aristocrat Leisure Ltd.,42.5,USD,6.304481046536346,1500,1.0510826150935464,25498714012.296417,USD,Consumer services,Strong buy,37.76239253590913,36.93162562008732,36.77293025123954,2.077578960009612,18.54951185495118,12.018977332630476,40.02389999999998,37.24784999999999,35.52286000000001,40.79137600000001,25.902958229974434,0.91088194,22.574626865671636
FSLR,"First Solar, Inc.",237.25,USD,5.6463463508037615,849580,0.49529487937222,25493310850.423035,USD,Electronic technology,Buy,243.3467353670234,240.41047486683715,236.003296740157,3.2868959512407536,-22.340425531914892,-10.761302941397732,232.53200000000007,253.28949999999995,245.96880000000007,235.17647499999998,15.327613608465882,3.005087,31.587180141120463
WST,"West Pharmaceutical Services, Inc.",360.7,USD,-1.378028107398704,206208,0.2402214891337194,25482585262.692074,USD,Health technology,Strong buy,338.17309880542604,323.77287625430546,307.9905421703789,-1.1428728040123923,14.35908817095208,31.044504995458666,361.024,339.02899999999994,321.5372000000002,276.4915499999999,48.218701958425235,2.082023,17.468318650774957
AMADF,Amadeus IT Group SA,58.465,USD,-0.6947039440160323,2826,0.7666015625,25470347500.67446,USD,Technology services,Strong buy,59.23101202513804,59.761451561928666,61.12772846116802,1.4700267277586887,-7.955225290468839,-22.187766183986362,58.613800000000126,59.51115,59.695288,66.88507049999998,16.61724589069877,1.0037576760600002,12.882495029332647
CBOE,"Cboe Global Markets, Inc.",243.37,USD,-2.2571187597895515,505355,0.3035806057555093,25469590532.23768,USD,Finance,Buy,270.81769487823397,280.9422888329961,284.12279751212094,-2.3825759095102472,-13.814717756215027,-3.02052201633791,242.85199999999995,263.55499999999995,304.9536,275.0956750000003,20.779187513874422,3.312891,53.54221289984268
ROIV,Roivant Sciences Ltd.,35.385,USD,0.725875320239099,3028779,0.42350946301597714,25451383372.938084,USD,Health technology,Strong buy,32.4586669048252,31.146761747074283,29.42676224450531,1.0711225364181665,19.90850559132496,62.989405803777046,35.132999999999996,31.929749999999995,30.140799999999995,24.587849999999985,nan,-0.290873,-102.5744167337088
FTAIM,FTAI Aviation Ltd. - 9.500% Fixed-Rate Reset Series D Cumulative Perpetual Redeemable Preferred Shares,27.15,USD,-0.0736105999264009,2210,0.17055232715177615,25446731205.0,USD,Electronic technology,,27.085052074680412,27.057425685569708,27.03233893259818,-0.5494505494505573,1.1173184357541792,0,27.270140000000016,27.007780000000036,26.951775999999942,26.935882500000027,5.399546557416173,1.681286,2363.5962763351295
EXXRF,Exor NV,79.415,USD,1.1656050955414092,840,0.09015874378816989,25431053685.11213,USD,Finance,Strong buy,78.32441630780087,78.73688696791277,79.88063266412323,0.5253164556962104,4.219160104986881,-8.613348676639815,77.89400000000003,76.90044999999988,77.8266199999999,84.38814700000003,nan,nan,nan
MTSI,"MACOM Technology Solutions Holdings, Inc.",332.85,USD,3.2861664494507643,504702,0.24079885550623023,25395049933.207504,USD,Electronic technology,Strong buy,346.20655984967965,333.6215258521454,309.06205786773006,1.1702127659574537,-8.808219178082185,90.43940954342604,351.7399999999999,367.3089999999999,354.2030000000002,233.10440000000003,144.31581685744018,1.345613,nan
BTGOF,BT Group Plc,2.6,USD,1.960784313725501,1023,0.1361168768960562,25326056999.416286,USD,Communications,Buy,2.7021929826657254,2.7411378999176885,2.7427074082174014,0,-5.4545454545454515,10.826939471440749,2.5370000000000013,2.652074999999999,2.830994999999998,2.643310249999999,18.14314663570236,nan,4.877097380209562
SZKMF,Suzuki Motor Co.,12.9101,USD,1.1208584632255068,2662,1.75628422511051,25292015848.939995,USD,Consumer durables,Strong buy,12.19224146152759,12.185216949526856,12.404279160306723,0,10.075543126087098,-13.760187040748168,12.16992,11.717745000000003,11.600518000000001,13.766999500000004,9.004034828657064,0.39605234912099996,-0.25628895570742316
NVT,nVent Electric plc,156.12,USD,2.609267170555372,841248,0.3731548585033334,25247797043.40217,USD,Electronic technology,Strong buy,159.48319791367095,155.20304942441825,146.8038166091298,1.1401917595231865,-7.986090646549173,51.80863477246208,160.2440000000001,165.91950000000008,163.93940000000018,123.42670000000003,52.50201775625505,1.155919,-15.083671254783255
KEY,KeyCorp,23.385,USD,1.5855777584709037,5922998,0.5451586905204677,25241036436.938965,USD,Finance,Strong buy,22.601723491123582,22.206474312182266,21.727424410694354,1.8067043970396288,7.914167051222888,13.35433834222008,23.171000000000028,22.725750000000016,21.984099999999977,20.391724999999994,14.32377802278574,0.422403,nan
WWD,"Woodward, Inc.",423.2,USD,1.2391751590832991,123940,0.13338802019740437,25215465282.71183,USD,Producer manufacturing,Strong buy,402.934013769448,391.4734775211218,376.9399395002494,1.1786644990078194,18.563343979380285,39.265499539291824,422.18200000000013,409.82000000000005,379.8662000000004,333.88265000000007,50.672318210663704,2.413544,34.92245557350564
FTAI,FTAI Aviation Ltd.,245.63,USD,-0.9796017092638906,382688,0.3826207352747383,25197454591.164032,USD,Electronic technology,Strong buy,251.44625771501288,250.62029661546472,246.09459842094557,-0.11792452830188356,1.2573171737158804,24.036762106751496,257.93399999999997,255.8605,251.35399999999987,225.73625,48.85048327433276,1.681286,2363.5962763351295
ZM,"Zoom Communications, Inc.",85.9,USD,-1.4286533937689947,1405221,0.39291811747388294,25188647964.24121,USD,Technology services,Buy,90.56743406365516,91.19624948989728,90.44821041316699,-0.5441704295472952,-18.701495362483428,-0.44042651831246576,87.12500000000003,90.04349999999998,96.9128000000001,87.30642500000017,12.605473622422776,1.485753,104.61506125390343
MKSI,MKS Inc.,372.56,USD,1.9148703359229673,621822,0.3447839930961361,25164243158.182076,USD,Producer manufacturing,Strong buy,354.185453349912,333.0194254846989,304.08921963790687,-0.872711792252015,18.18672080702978,126.42518536526073,401.99399999999986,373.56399999999996,332.38999999999993,225.42869999999996,77.872998620459,2.957744,42.58210645526615
CMTDF,"Sumitomo Mitsui Trust Group, Inc.",36.0968,USD,-0.8329670329670241,6730,1.4574986464537087,25124633015.430225,USD,Finance,Strong buy,35.15546430122182,34.259497215883194,32.9767650430875,-0.8329670329670241,3.443453540888142,17.655801825293356,36.12536,34.388,31.078598000000003,22.341192500000005,12.703258864421176,0.727842968853,18.758861156368106
PHM,"PulteGroup, Inc.",130.9,USD,-2.072267524500622,393360,0.21037542997243394,24934664004.787167,USD,Consumer durables,Buy,127.69104647856841,125.87081997645342,124.88227069818221,-2.2550776583034513,11.822996753801473,10.510764035458001,134.46200000000005,127.73000000000005,121.97360000000002,124.52254999999994,12.65345577573707,2.391368,-27.02094488300071
FWONA,Liberty Media Corporation - Series A Liberty Formula One,92.38,USD,1.6393442622950765,73735,0.38108739762814636,24890078819.180325,USD,Technology services,Strong buy,86.45648219432536,84.98916213497927,84.16149898200284,1.4830275733274683,17.05524581855042,3.344893164783527,89.48,84.27249999999995,83.03059999999994,84.69537499999991,29.669835560123328,0.254994,nan
KEY/PJ,"KeyCorp Depositary Shares each representing a 1/40th ownership interest in a share of Fixed Rate Perpetual Non-Cumulative Preferred Stock, Series F",20.92,USD,0.33573141486810687,5815,0.09862300909570418,24847066871.0,USD,Finance,,20.849050817619975,20.966868929551953,21.137913740925296,0.2876318312560032,3.5643564356435764,-1.7840375586854413,20.86399999999997,20.620000000000008,20.951197999999962,21.623852000000028,12.8139164522847,0.422403,nan
KEY/PK,"KeyCorp Depositary Shares, each representing a 1/40th ownership interest in a share of Fixed Rate Perpetual Non-Cumulative Preferred Stock, Series G",20.7095,USD,0.33672480620154016,8127,0.22929839262588558,24847066871.0,USD,Finance,,20.70192515057951,20.85611984644536,21.062593234339875,0.14264990328819513,2.522277227722768,-2.817925856405445,20.601900000000054,20.441475000000004,20.82965,21.613292499999993,12.684981011882885,0.422403,nan
KEY/PI,"KeyCorp Depositary Shares Each Representing a 1/40th Ownership Interest in a Share of Fixed-to-Floating Rate Perpetual Non-Cumulative Preferred Stock, Series E",25.03,USD,0,8720,0.23033136547935074,24847066871.0,USD,Finance,,25.058226508567284,25.06553289706465,25.060450561778666,0.07996801279488033,0.07996801279488033,0.8867392180572448,24.979019999999956,25.002505000000003,25.101171999999952,25.03075349999998,15.331373269631262,0.422403,nan
KEY/PL,"KeyCorp Depositary Shares each representing a 1/40th ownership interest in a share of Fixed Rate Perpetual Non-Cumulative Preferred Stock, Series H",25.15,USD,0.3191065017949673,11603,0.1786077126267633,24847066871.0,USD,Finance,,25.01100297026573,24.99383673922886,24.990602934691545,0.19920318725098468,1.0445962233828767,-0.984251968503937,25.033999999999995,24.883805000000017,24.982322000000003,25.057670499999976,15.404875658458899,0.422403,nan
FWONK,Liberty Media Corporation - Series C Liberty Formula One,99.87,USD,1.3908629441624412,748111,0.30681866045213196,24829229158.664467,USD,Technology services,Strong buy,93.68412450878279,92.19620453316259,91.45227296634583,1.3908629441624412,17.314695172089756,1.9289650949173305,97.07400000000021,91.39124999999984,90.22029999999994,92.45637500000001,32.07541109969168,0.256872,nan
RIVN,"Rivian Automotive, Inc.",19.69,USD,5.689747718733239,22834891,0.6708087131014964,24817624360.806767,USD,Consumer durables,Buy,17.183282499945964,16.677428589468438,16.335480005098173,6.1455525606469035,9.632516703786195,-0.45500505561172827,17.932,16.3075,15.642599999999998,15.822700000000015,nan,-0.665006,21.582637191436785
VRSK,"Verisk Analytics, Inc.",188.98,USD,0.3344836740111471,648319,0.25385825437253423,24760510126.54548,USD,Technology services,Buy,182.5048079017982,182.6918948713539,187.14804177421763,1.5202793446145495,3.284691479477505,-14.850860592953055,183.9579999999996,180.21099999999942,176.4916000000003,203.8177749999999,28.782478905845437,1.933816,-3.8513355201499517
BESVF,BE Semiconductor Industries N.V.,306.25,USD,-6.852606606241247,8,0.02243409983174425,24721902827.970524,USD,Producer manufacturing,Strong buy,318.33462994077183,301.57194540815067,275.60089373916327,-6.852606606241247,-5.229769456908549,52.36318407960199,327.064,328.91299999999995,268.160502,148.84294281500001,140.01722151017094,1.23066786716,-7.934851738567971
HRNNF,Hydro One Ltd,41.19,USD,-0.9617696561673615,234,0.0028859566144522294,24705012633.369465,USD,Utilities,Buy,41.10809523215509,41.240936913011964,41.11181561836961,0,0.4144319843978415,3.440482169763931,41.063,40.561204999999994,41.782201999999955,39.36987450000003,25.07956872201861,0.391964672,16.242273971710603
LUV,Southwest Airlines Company,50.535,USD,0.5671641791044708,2408121,0.3676015958236695,24700179543.96537,USD,Transportation,Buy,47.284463750628774,45.65373203577891,44.14334935533595,-0.9117647058823597,22.36077481840194,21.741748976150323,50.85499999999998,47.61124999999998,43.10110000000002,40.348375,32.19610091743119,0.4903,86.39116494478093
SNMRF,Snam S.p.A.,7.368,USD,-0.7543103448275869,353,0.6537037037037037,24695669563.96953,USD,Utilities,Buy,7.348714389302035,7.180342039196974,6.842912412015335,0,-2.177376526818902,11.299093655589127,7.2688000000000015,7.433600000000007,6.187695999999997,5.5310715,16.591521762553928,nan,14.332029492695831
SIGGF,Sigma Healthcare Limited,2.1499,USD,-8.436967632027246,9600,3.18513603185136,24688456093.81373,USD,Health technology,Strong buy,2.1341920382959128,2.0555462848168338,1.916394403880452,6.167901234567913,-8.436967632027246,-0.004651162790686835,2.1175799999999994,2.0255203500000003,nan,nan,nan,0.02108022488,nan
MKL,Markel Group Inc.,1969.91,USD,-0.4920061627055292,17104,0.2196715458306202,24650882813.880436,USD,Finance,Buy,1908.258573391348,1904.0391452982367,1916.3507991172817,-0.8226557583385736,9.923719497564278,-8.091147886699662,1955.058000000001,1880.4205000000002,1849.2577999999994,1971.6227000000008,14.257116037238104,30.073967,1.828667025329986
ANPDF,Anta Sports Products Ltd.,8.87,USD,-2.7326958505132044,190,0.17203911626222382,24622238630.3468,USD,Consumer non-durables,Strong buy,9.536909359356317,9.770542861048053,10.014598383014821,-2.7326958505132044,-7.507820646506784,-11.300000000000008,9.253840000000014,10.100485000000003,10.392997999999999,10.447160999999983,13.263298333178717,0.36795,-11.406029941745045
CCHBF,COCA COLA HBC LTD,67.49,USD,3.830769230769223,2001,0.7254468331943588,24597714130.851063,USD,Consumer non-durables,Buy,62.393142148054295,59.75587055579668,56.53476062405857,-0.02962524070509588,11.79393738611893,18.967036841177503,64.18999999999998,56.58567999999999,49.164051999999984,32.647251965,22.587355803712803,1.64685052,25.289173918516088
ALFVF,Alfa-Laval AB,59.5,USD,2.1459227467811157,100,0.4798464491362764,24592915795.653873,USD,Producer manufacturing,Buy,57.39746114236979,55.51428621409302,52.32074027370683,0,0.9329940627650503,8.67579908675799,58.3,52.36800000000001,42.12225389999999,26.637310529999993,28.575076850628115,0.5714725068000001,12.687904624234895
MTNOF,MTN Group Ltd.,14.03025,USD,4.703358208955225,120,0.017510323795070844,24584041941.371346,USD,Communications,Strong buy,12.18017158125484,11.116812839366393,9.869811909995054,0,22.002173913043485,31.863251879699245,12.72757,9.280992499999995,6.590313000000001,7.1970133100000035,21.235367836028956,nan,nan
NTOIF,Neste OYJ,32.0,USD,3.7445290970983987,1068,0.1897486008705694,24575021484.17699,USD,Energy minerals,Buy,31.940042426333193,31.2628311353784,29.627461761631785,0,-9.316330145235568,39.48217243483567,32.146500000000024,32.28065999999999,26.182564000000056,19.005006000000005,29.682515434604245,1.0891129563400002,nan
ZS,"Zscaler, Inc.",151.305,USD,2.698024842190996,1156640,0.42270030444625434,24467461299.4161,USD,Technology services,Strong buy,142.3894751977852,145.278378041423,155.19690789338702,4.992713899104846,13.121004822249644,-33.263496824276636,144.767,131.52525,141.83889999999997,204.39889999999977,nan,1.086357,-91.57811885084614
XPO,"XPO, Inc.",207.915,USD,0.7681868850869865,240005,0.1648749710444368,24411296369.177628,USD,Transportation,Strong buy,208.18172789263355,206.45329898510312,200.11079729029845,-0.27579260396182886,-4.887923147301008,53.40883937135689,206.5470000000001,210.70875,210.81869999999995,173.46297499999983,71.23792229150962,1.465599,-10.196923076923074
AIBRF,AIB Group PLC,11.645,USD,1.3842939230367308,2527,0.1674130803476786,24396022870.56087,USD,Finance,Buy,11.54264187379693,11.390691403479552,11.128847724942984,3.6954585930543113,1.925601750547036,7.031249999999989,11.580400000000001,11.664649999999993,11.445097999999987,10.158561500000001,10.573502153303929,0.44140619000000003,15.062575790793185
INSM,Insmed Incorporated,112.43,USD,0.7437275985663195,977885,0.28417918064239023,24369478369.571598,USD,Health technology,Strong buy,108.66967960860713,113.9677111632234,122.25511051745511,1.6546112115732485,8.33493929466179,-36.043005859263886,108.47800000000011,100.77824999999987,110.85929999999995,151.60317500000002,nan,-0.746687,3.4235749117201912
TSEM,Tower Semiconductor Ltd.,217.8601,USD,-0.543209312942261,658044,0.3875438313390099,24347309252.255585,USD,Electronic technology,Strong buy,238.04704378705023,230.34471637531874,211.86257800456292,-1.935496939142964,-13.645242483698993,80.81176861150304,239.72002000000003,258.143505,248.66420200000002,152.96430049999992,101.18908499767765,0.758,19.213732004429676
FCNCA,"First Citizens BancShares, Inc.",2114.58,USD,1.5165699307245906,16118,0.20658037576147517,24291385188.605507,USD,Finance,Buy,2063.5493884470675,2039.112530897366,2016.7730670126468,1.4191914589518486,3.150747076815016,-1.0227341874060891,2095.928,2093.739000000001,2017.9995999999996,1960.8759000000002,12.161348446690218,40.641555,-0.41648458829477975
TW,Tradeweb Markets Inc.,102.82,USD,0.029185718455089917,393774,0.21789192300769142,24268195318.58313,USD,Finance,Buy,102.58469867975452,104.92323813834447,107.5111048181464,0.3219826324519449,1.2107490894773008,-4.175209692451076,99.77199999999976,99.15000000000018,104.44179999999993,110.02752500000004,25.37637593168468,0.968405,66.45304412127186
SOFI,"SoFi Technologies, Inc.",18.9093,USD,3.6694078947368607,46268109,0.5660174745262366,24255738075.710762,USD,Finance,Buy,17.751487881038695,17.760697969795118,18.360875423128235,3.0479564032697564,13.02630005977287,-29.072393098274564,18.341859999999986,17.34396499999999,16.871486,22.28712150000001,42.88795645271037,0.108987,4.7766159695817505
PFG,Principal Financial Group Inc,112.12,USD,1.1274465590331018,322804,0.20627251085425347,24219309782.36277,USD,Finance,Buy,107.78828069190327,104.93806427538422,101.35657198840197,1.0090090090090131,8.443756649579267,26.96183897633337,109.64199999999998,109.00825000000002,104.4869,92.124575,16.029050151541146,2.323935,49.93890806199224
AER,AerCap Holdings N.V.,153.52,USD,3.8419913419913465,327229,0.2739622005855172,24207814280.97565,USD,Finance,Strong buy,146.08878080314713,144.44148368922038,142.66513452358492,3.610717419180687,13.131908621960225,5.7956033354007275,147.32000000000002,143.74800000000002,141.84080000000006,138.32304999999988,6.7242202453692155,3.998362,103.25932124924326
LPLA,LPL Financial Holdings Inc.,302.34,USD,2.425638593400626,177478,0.13703215188225604,24182016310.12873,USD,Finance,Strong buy,293.1883905241697,296.84679678155464,304.5430562615591,2.266269787579485,3.5659233377864448,-15.549844976397313,288.34199999999953,289.5249999999995,296.0937999999994,329.87914999999987,26.99199185794252,5.363528,-22.47300664451827
CMS/PC,"CMS Energy Corporation Depositary Shares, each representing a 1/1,000th interest in a share of 4.200% Cumulative Redeemable Perpetual Preferred Stock, Series C",16.9105,USD,0.09174311926605151,6708,0.2876278846401221,24012320471.0,USD,Utilities,,16.97757240876941,17.03670277715506,17.15635105781324,-0.2330383480825977,0.24007113218730278,-3.147193585337926,16.9891,16.958525,17.041462000000035,17.700686949999973,4.680070849362078,0.791,6.908692822060485
FCNCO,"First Citizens BancShares, Inc. - 5.625% Non-Cumulative Perpetual Preferred Stock, Series C",20.735,USD,0.7531584062196363,14817,0.6782477341389728,23928492861.0,USD,Finance,,20.780667442394986,20.975285885265603,21.225823446272038,-0.7894736842105223,-0.07228915662650877,-2.3775894538606357,20.528999999999986,20.522645000000004,21.02285000000003,21.839326000000096,0.11925089617896778,40.641555,-0.41648458829477975
FCNCP,"First Citizens BancShares, Inc. - Depositary Shares Each Representing a 1/40th Interest in a Share of 5.375% Non-Cumulative Perpetual Preferred Stock, Series A",20.35,USD,1.597603594608089,18524,0.6667722521381059,23928492861.0,USD,Finance,,20.313002486084667,20.480377864585193,20.682487519561818,1.4259441085731146,1.2432773966298687,0.14763779527559615,20.040000000000042,20.107000000000028,20.55116399999999,21.258340499999967,0.11703668855760764,40.641555,-0.41648458829477975
FCNCN,"First Citizens BancShares, Inc. - Depositary Shares, each representing a 1/40th interest in a share of 6.625% Non-Cumulative Perpetual Preferred Stock, Series E",25.49,USD,-0.0784006272050299,25076,0.24376610663454817,23928492861.0,USD,Finance,,25.20132010703963,25.123188468884724,25.055514650638617,-0.23483365949120263,1.4729299363057222,2.369477911646586,25.482000000000006,25.126504999999987,25.121291999999997,nan,0.1465977980999223,40.641555,-0.41648458829477975
OLCLF,"Oriental Land Co., Ltd.",14.594,USD,-9.128268991282686,5801,0.47393403648663,23923520916.989586,USD,Consumer services,Buy,15.921072273302668,17.07491251971833,18.635075146435483,-9.128268991282686,3.871886120996432,-18.240896358543427,14.824800000000005,16.46460000000001,20.950692,28.775893492,31.170046129874187,0.10072062,-7.1174050403013
L,Loews Corporation,115.98,USD,-0.46343975283212496,121802,0.14628370429895285,23865073448.637486,USD,Finance,,111.64882307946155,110.35141102893803,109.0060043160148,-0.5317324185248631,9.611567904734905,10.45714285714286,114.70399999999991,110.21100000000027,108.4078,105.94104999999995,14.733606036738738,nan,29.317255881193326
SW,Smurfit WestRock plc,45.61,USD,-0.6967123884171571,1093499,0.17796585991611602,23846291156.764862,USD,Process industries,Strong buy,44.00287595903202,43.136708568856946,42.52837486036069,-0.3495739567402309,9.507803121248502,17.430484037075168,46.01200000000003,44.22349999999999,41.60099999999996,41.003750000000124,63.55908584169453,0.435285,-41.26217565687157
FFIV,"F5, Inc.",420.48,USD,3.0234723379232697,170270,0.2703805256151685,23723165692.945362,USD,Technology services,Buy,391.68693949260165,374.0906421134875,352.86587637685506,3.3120393120393166,3.7863454608283638,64.35914474455693,415.8640000000002,397.3505000000003,374.57320000000016,303.39252500000003,34.51649975373502,3.999713,15.690706376189487
PGPEF,Publicis Groupe S.A.,94.36,USD,-6.924442690866045,300,0.08862105636299185,23667226746.505947,USD,Commercial services,Strong buy,96.50781501075137,96.33551693029231,96.79453828170841,-4.135697363020523,-3.881022715697262,-4.154393092940582,99.58200000000002,94.49304,97.30979200000009,83.51039275500001,12.31300368144926,4.06192711402,13.077308556109662
CMS,CMS Energy Corporation,76.47,USD,-1.620995754534935,514367,0.1556759289900312,23623081775.599762,USD,Utilities,Buy,75.68486033712244,75.35960754164657,75.03159953628045,-2.598395108903332,8.00847457627119,9.383493062508943,76.90999999999985,74.79549999999993,74.14899999999997,73.86234999999998,21.163479367890847,0.791,6.908692822060485
DGX,Quest Diagnostics Incorporated,213.39,USD,-1.0801038383089248,227217,0.26081392880932314,23621510561.051548,USD,Health services,Buy,205.24307083436494,201.96731024285162,198.66831689403713,-1.0434056761268782,8.094828022896506,23.126190064047073,213.9439999999999,204.4195000000001,197.26560000000026,190.90199999999987,23.538171349151195,2.823908,14.584544604261978
BDRBF,Bombardier Inc.,238.96,USD,4.308350429962025,1340,0.06604010704411371,23592362744.786976,USD,Electronic technology,Buy,222.6974406958244,215.14575969853075,205.00093961652863,8.366967484467832,3.7197795043187734,39.270311225084505,231.60099999999997,223.35782500000013,212.44406999999998,178.3783650000001,25.14600743620813,1.385865,261.19760908040575
FCNCB,"First Citizens BancShares, Inc.",1850.0,USD,-1.122394441475147,81,1.7197452229299361,23584289713.825253,USD,Finance,Buy,1812.515080223936,1774.796772981311,1741.6331495396732,-0.8380741984512784,6.0901540365955995,3.064066852367688,1859.9999999999975,1838.4801195000014,1710.2037277999982,1673.9539659499994,10.639698959782512,40.387572,-0.41648458829477975
RL,Ralph Lauren Corporation,395.11,USD,-0.7809753402641789,221391,0.35547385354620453,23522901896.2417,USD,Consumer non-durables,Strong buy,390.8542579500216,383.1108053260126,374.0551774122179,-1.6258340802708826,8.23448842624298,11.298591549295779,398.07399999999996,399.20300000000043,373.84599999999983,354.3001000000003,26.148215798390513,4.243736,30.138661613986734
BDRAF,Bombardier Inc.,239.3915,USD,4.083260869565221,37,0.21106674272675402,23486812310.5094,USD,Electronic technology,Buy,222.7555700234831,214.9746863962234,204.29133281312122,4.083260869565221,5.389170151882016,36.85770638005947,232.08169999999996,224.60560499999983,212.554534,144.19508138,25.19141462656938,1.356401024,261.19760908040575
VRSN,"VeriSign, Inc.",257.86,USD,0.5576570604063514,243603,0.2742598789758749,23465259329.28043,USD,Technology services,Buy,267.578227776279,268.4078640688032,266.0666500622868,1.0660813670925873,-11.984162200907946,6.080302780977456,254.84800000000004,265.693,279.1613,257.17692499999987,28.51392743799277,2.449651,10.549735339779707
CLPHF,CLP Holdings Ltd.,9.2775,USD,2.7693159789531987,316,0.03160663739385271,23439144431.103813,USD,Utilities,Buy,9.38163449480901,9.304798885158034,9.137147438720975,0,-7.271364317841088,4.949095022624435,9.44736,9.435590000000003,8.742186,8.098625000000004,17.43035304375504,nan,-11.001029259659415
DLTR,"Dollar Tree, Inc.",121.85,USD,-1.7734784361144722,1147317,0.24526308613519224,23416474497.257557,USD,Retail trade,Buy,115.72881263338786,113.22141556776705,112.08155224661712,-3.6378015025701926,10.944186469999085,-0.6927465362673256,122.12400000000002,115.446,104.93639999999998,110.38132500000005,19.041442680335038,1.087832,nan
LH,Labcorp Holdings Inc.,285.17,USD,-0.6307059725416413,201446,0.30192311381610815,23383940895.31734,USD,Health services,Strong buy,272.1682536079919,269.29582655659095,267.7478696130085,-0.651477146042365,8.743898718730936,13.47339938721102,283.122,268.7625,262.0719,267.325325,25.268483731480824,4.785819,30.187917450136716
BRO,"Brown & Brown, Inc.",68.86,USD,-1.6285714285714292,945321,0.3127146391957607,23339948638.17886,USD,Finance,Buy,64.061684136812,63.824172288649166,65.64636057878965,0,18.1943014074837,-13.676820859972416,66.86600000000001,61.65150000000001,59.6492,73.26150000000001,22.175705268581734,1.088872,-13.436663693131138
UTHR,United Therapeutics Corporation,548.67,USD,-1.3023690885215249,108101,0.19984223516573352,23289249176.684032,USD,Health technology,Strong buy,550.2217471655368,548.0479829694889,537.6329949796076,-1.3733350110549851,0.2869676475964058,11.957475462688997,547.6960000000001,546.3060000000002,559.1363999999999,504.8656500000001,20.250160548596398,7.061685,8.12927016154779
HXGBF,Hexagon AB,8.63,USD,2.38462451061811,385,0.012013605017630356,23166182131.13642,USD,Electronic technology,Buy,9.031958059451489,9.436178527791025,9.880965859487139,0,-5.929801613254837,-28.441127694859038,8.545799999999993,9.561099999999993,10.42547599999996,10.701220999999949,10.136942457593284,0.07828592888000001,108.26227368941825
CPAY,"Corpay, Inc.",353.82,USD,0.3858593882993854,111191,0.1290957550065807,23126352413.04602,USD,Commercial services,Strong buy,345.3092940574809,340.1479384442218,333.8700642764092,0.42859981266497993,-0.4977642790854585,17.294878170064653,343.1660000000006,346.3805000000003,338.4898000000004,313.7040999999994,21.150477921177377,6.569865,17.324402987691553
CHD,"Church & Dwight Company, Inc.",97.49,USD,-1.1257606490872205,458821,0.25643684017204404,23099631549.168865,USD,Consumer non-durables,Buy,97.26343339259613,96.77383058808655,96.07020061603899,-0.5914142959110822,2.826706043666272,16.72653256704981,97.61599999999994,97.32149999999999,96.02880000000016,92.15114999999982,32.15687568031138,0.894408,30.076800961084633
MTUAF,MTU Aero Engines AG,428.56,USD,1.6735230340730691,556,0.34012357007401967,23086492782.760696,USD,Electronic technology,Buy,396.09380052594065,389.7432041415774,390.68974599345324,-1.4238067855089127,19.602589863808888,-2.407921044601423,418.01520000000045,387.7203900000004,363.52852399999966,407.7192415000003,19.79096699109849,nan,82.07746453593073
INCY,Incyte Corporation,115.345,USD,-1.296423070340579,500183,0.25511478668424886,23043872242.76647,USD,Health technology,Buy,108.07359950911783,105.06386146528273,102.4093694801138,-0.8808112056371966,13.988536416641962,17.39949109414758,114.80700000000002,106.93874999999989,101.07599999999991,98.08887500000006,16.31078807076092,1.94369,2088.02599009901
CLEGF,Coles Group Ltd.,17.14,USD,10.260533933740756,275,0.540062843676355,23021481206.078175,USD,Retail trade,Buy,15.577917461584942,15.063211366718427,14.35806181929588,0,10.260533933740756,4.703726328649966,15.791000000000002,14.696852799999997,12.043811120000004,11.800070280000005,33.97371170084661,0.29320689002,-1.1789317868179685
FQVLF,First Quantum Minerals Ltd.,27.5075,USD,0.17297887836853398,6456,0.028793714621105755,22946924288.147427,USD,Non-energy minerals,Strong buy,27.896247432054608,27.593377715013595,26.985813101269713,-8.277759253084357,-12.312719158431625,0.461632293808504,27.07529999999999,28.719804999999997,27.595461999999998,25.47298800000002,nan,0.034348,-250.44572582446048
DRI,"Darden Restaurants, Inc.",200.07,USD,-2.0800704776820673,485749,0.2601161285022908,22915019003.98928,USD,Consumer services,Buy,204.84708504532364,203.9121465293152,202.61414447017427,-1.9745222929936312,2.605261808297853,8.415519670532134,203.60999999999984,207.20699999999943,201.63319999999985,195.69710000000018,19.266956211900887,2.057333,17.017128690556678
SGSOF,SGS SA,115.0,USD,0.148044935992338,8,0.013566220111921315,22865370224.02938,USD,Commercial services,Buy,113.19543828136626,113.094537439711,112.98712198299138,0,1.375176304654445,2.2767698327997175,113.05,110.84143000000003,111.79759399999995,104.4662335,26.340915572752493,2.1625757471,28.31444971197185
HLAGF,Hapag-Lloyd Aktien,129.6,USD,-0.3076923076923121,30,1.25,22778532861.54893,USD,Transportation,Neutral,133.0216922490812,135.17261987856787,137.4620310958462,2.8571428571428523,-4.705882352941181,-12.233891262125406,131.498,134.3938900000001,143.330988,146.643944,79.57708453867646,0.63444973386,-89.55509290597855
VLTO,Veralto Corp,92.71,USD,0.17287952458130373,537155,0.19478061702327945,22769507999.64419,USD,Producer manufacturing,Strong buy,88.82782809774868,88.67514218385791,89.74683025856996,0.7717391304347758,8.40739008419083,-6.561177182019759,90.52000000000004,86.16949999999994,86.2141999999999,94.94785000000003,23.92330916316156,1.00535,10.824182109357135
OMC,Omnicom Group Inc.,79.89,USD,1.6153650470618113,986017,0.20538393667435023,22769145719.380688,USD,Commercial services,Buy,76.17787083227067,75.94688115159674,76.04997937810698,1.4476190476190482,5.035498290823032,-1.0650154798761602,76.27600000000011,75.04349999999992,75.0193000000001,76.46082500000017,199.87490617963473,2.530319,-94.53125
ENTG,"Entegris, Inc.",148.89,USD,1.5205236601663643,1021919,0.25954723805245816,22705725566.48452,USD,Producer manufacturing,Buy,149.33531277419118,144.88796031038396,137.6642473151095,-1.6643550624133217,11.004249608588676,72.80640668523677,162.32799999999997,157.0215,147.93319999999997,115.54865000000011,85.81556195965416,0.817878,-15.096647908000968
USFD,US Foods Holding Corp.,102.94,USD,-1.2944673506568305,1871758,0.6381350464928871,22669616765.004887,USD,Distribution services,Strong buy,95.63936003992316,93.26132443450436,90.98026744845941,-0.8667180277349824,25.18545542989176,37.28994398506268,102.76399999999992,94.90850000000009,89.37839999999989,84.11030000000002,34.6739423336028,1.365927,36.41501631208933
NI,NiSource Inc,47.185,USD,-1.3278962777080678,1595435,0.295333142693314,22622340371.854767,USD,Utilities,Strong buy,47.479485867808016,47.25365951325486,46.74083617363683,-1.038171140939592,2.531508039982614,12.990900383141774,47.51499999999997,47.27275000000002,47.25309999999996,44.87112500000011,23.478628651042445,0.228592,8.281249999999996
GH,"Guardant Health, Inc.",170.5725,USD,1.5433384926777005,1199275,0.2609595106557932,22617898349.733894,USD,Health technology,Strong buy,142.6130974396549,130.84158072620755,119.80728765601124,-2.014878216911777,28.249999999999993,66.73753665689149,162.61849999999998,139.68812500000004,118.50545,98.49566249999998,nan,-0.748342,-0.6303640130216069
BDRXF,Bombardier Inc.,18.4425,USD,2.3031735201610815,100,0.2852253280091272,22582160400.8196,USD,Electronic technology,,17.990947819527484,17.929917713689484,17.72780134420942,0,26.387746710526304,1.0547945205479397,17.50996,18.242024999999977,17.381979999999988,15.04351080000001,1.9407233099358403,1.385865,261.19760908040575
TEFOF,Telefonica S.A.,4.0,USD,1.52284263959391,400,0.04759524999405059,22581527040.0,USD,Communications,Buy,4.282753567773833,4.35060499070547,4.400957031930226,0,-15.833771699105741,2.9336078229541913,4.0786,4.4699149999999985,4.383882000000003,4.6972640000000006,nan,0.1256266,-97.93986827752367
NXGPF,Next Group Plc,197.6,USD,6.911365284105051,17,0.5964912280701754,22556446780.09035,USD,Consumer non-durables,Buy,182.7304183721313,174.51379499274975,161.10402414046573,3.7270341207349054,7.233950181798439,9.147149801148919,184.00819999999996,176.25437,126.96347769999997,83.91380396000001,19.37837165033666,4.83151892,35.93200034787722
WRTBF,Wartsila Corp.,37.918,USD,-2.774358974358976,270,0.05485463521667581,22372505135.182796,USD,Producer manufacturing,Buy,39.78391435581522,39.72892342901012,38.50050133597478,-2.774358974358976,0.5315834824683452,1.7659688674181462,38.50059999999999,41.435622499999994,38.534077,19.536688695000013,29.79746123838535,0.32344852290000004,28.383384888988644
SURDF,"Sumitomo Realty & Development Co., Ltd.",24.05,USD,2.014846235418882,6432,3.77775167391049,22212972808.83755,USD,Finance,Strong buy,23.996690372220346,24.940832151002976,25.194947202799792,2.014846235418882,1.6913319238900726,-6.710628394103958,22.416000000000004,27.793850000000003,24.10670499999999,17.769443999999996,16.726841126389967,0.570829188501,6.493658535373119
STZ,"Constellation Brands, Inc.",129.695,USD,-5.655779442787521,1776782,0.620496244873599,22148773854.900417,USD,Consumer non-durables,Buy,140.81378303237827,143.54969048625838,145.83180891369952,-3.5366307177389333,-6.566529788920113,-6.2897398843930725,136.55899999999968,141.47925000000038,144.72670000000002,145.79662500000012,12.37287973898609,3.60932,nan
FOX,Fox Corporation,49.875,USD,-1.354825949367093,532035,0.20369733042728946,22107435685.73971,USD,Consumer services,Buy,52.045786796244535,53.3099271612535,54.39866346662044,-0.34965034965034403,-15.336954676625355,-23.210161662817555,48.28100000000007,51.028500000000015,55.07899999999998,57.016175000000004,13.16345113357439,1.413115,-5.790939380376943
CHRW,"C.H. Robinson Worldwide, Inc.",187.11,USD,-1.4432446668422338,395346,0.24887202264906255,22055225082.08691,USD,Transportation,Buy,183.76347993370115,181.36747023858518,177.62005425370532,-2.1212041953286316,2.481104173512981,15.950920245398779,188.26399999999998,186.38975,179.7592,166.43372499999984,37.87498481842841,1.522062,18.025658790644343
NNGPF,NN Group NV,87.525,USD,0.40437064441194903,869,0.07786877901037653,22043976478.847446,USD,Finance,Buy,86.57118164126176,85.13594998794011,82.80519071952912,0.14302059496567504,-1.1753946209606358,13.779655508612297,87.62050000000002,85.95204999999999,82.0489680000001,61.545584,17.86889466488691,4.2541735,-15.193361973678785
FOXA,Fox Corporation,55.495,USD,-1.7439801699716706,2831749,0.3185207243317367,22020222074.05878,USD,Consumer services,Buy,57.87456583934168,59.27978076399197,60.46123894911495,-1.900300512639213,-15.609793187347941,-24.11459045535348,53.73100000000001,56.552249999999866,61.269299999999994,63.40867499999996,14.646731241257356,1.411678,-5.790939380376943
IOT,Samsara Inc.,37.65,USD,4.787086000556635,1862429,0.3296301725281954,22006931912.76788,USD,Technology services,Strong buy,33.94870185214542,33.171126771320765,32.895232212543746,6.325896639367416,2.7846027846027734,4.874651810584958,34.458000000000006,32.83000000000001,31.665599999999998,33.76259999999998,387.7445932028836,0.162105,nan
VNNVF,VONOVIA SE,25.89,USD,-0.5760368663594415,547,0.2997588776852258,21965984873.073215,USD,Finance,Strong buy,25.546734593111246,25.94332814280781,26.689996709743745,0,7.875000000000003,-10.0104275286757,25.047199999999986,25.365090000000006,27.44330400000001,30.256374444999988,5.481776497183972,0.45698845664000004,nan
TEAM,Atlassian Corporation,86.35,USD,2.9937977099236535,1163530,0.28085547506450276,21912854084.385735,USD,Technology services,Strong buy,85.87431004162241,86.71030069171834,91.64129323442016,5.3047496283541005,-14.83381004043792,-46.74355495251017,82.08200000000011,85.77649999999997,86.67950000000005,115.215625,nan,1.491173,49.81487101669196
STRL,"Sterling Infrastructure, Inc.",713.31,USD,1.7923653228683476,218357,0.19810809432745843,21888597234.440994,USD,Industrial services,Strong buy,756.2077424991655,717.9251472620516,650.8045636390726,-0.13020833333334225,-26.05197955650471,130.5238664641437,768.7480000000003,836.5629999999999,781.3588000000001,475.42507499999977,63.7720937301637,4.994723,30.73659357613726
