Symbol,Description,Price,Price - Currency,Price Change % 1 day,Volume 1 day,Relative Volume 1 day,Market capitalization,Market capitalization - Currency,Sector,Analyst Rating,Exponential Moving Average (8) 1 week,Exponential Moving Average (13) 1 week,Exponential Moving Average (21) 1 week,Performance % 1 week,Performance % 1 month,Performance % YTD,SMA 5,SMA 20,SMA 50,SMA 200,PE Ratio TTM,EPS Forecast Next FY,EPS Growth YoY TTM
NVDA,NVIDIA Corporation,222.27,USD,1.3358256587945685,190286253,1.6728954596756345,5356707102966.0,USD,Electronic technology,Strong buy,218.61334391030255,215.27869240721014,210.56991214515637,0.46782832734422514,0.2706726214643492,17.085890378486578,215.72799999999984,218.87849999999995,214.27259999999976,198.3781500000001,28.09774226986575,9.259632,125.14871211043119
AAPL,Apple Inc.,336.13,USD,-0.2581602373887254,86588048,1.7608574709802352,4905541689620.0,USD,Electronic technology,Buy,322.2698191277488,316.6418034393542,308.33378820602,2.650786379599941,8.380086412587866,23.461460762887736,333.99200000000036,322.63999999999993,320.1422,286.34144999999984,38.5324361193585,8.834045,32.60922440789274
GOOG,Alphabet Inc.,344.41,USD,0.2124068901303591,34108622,1.9318806431275803,4246520767517.001,USD,Technology services,Strong buy,342.42538722697424,344.08367082477747,342.67502921531076,3.5103537402698906,1.353697654571679,8.444850278661184,342.918,338.4585000000001,343.4771999999998,336.17870000000005,17.302426991806204,20.600102,112.01789423230548
MSFT,Microsoft Corporation,493.78,USD,-0.7975891511803168,39622082,2.027209202706441,3666585803563.0,USD,Technology services,Strong buy,481.67307349309095,466.2279212645405,452.4254293738996,-0.37728235650156455,2.8569047941424546,1.9395728604312648,496.87199999999984,497.50999999999993,464.68060000000014,431.6031500000005,27.515686471184814,19.732788,31.54908515130189
AMZN,"Amazon.com, Inc.",253.71,USD,1.0032246506628488,52274704,1.5733915116963102,2736595912320.0,USD,Retail trade,Strong buy,257.4232430689207,255.72185120022036,252.15077101589924,-0.14955330788303178,-2.7353409112691516,9.669750151292472,250.56399999999994,256.13349999999974,255.8397999999999,240.30075,20.406833647024758,12.771716,89.7295812477109
AVGO,Broadcom Inc.,357.61,USD,2.968615030233228,44031429,1.5535338450815168,1707097712466.0,USD,Electronic technology,Strong buy,370.98468078212545,375.79851697876836,376.62735299228484,-1.984377141290944,-3.971535982814169,1.3705619729289311,345.6820000000001,359.31774999999976,379.7548999999994,369.0967000000001,45.653117499872344,11.673195,100.12263042256397
META,"Meta Platforms, Inc.",665.75,USD,-2.427049288446593,27596429,1.3216010703825294,1696002208689.9998,USD,Technology services,Strong buy,617.461831023078,611.0671992333101,611.1067519149078,1.8729629232911522,22.981859829312437,0.4564487532536085,671.4419999999998,614.6100000000005,607.3790000000002,624.1584500000005,25.07750200582348,31.306057,-3.857269092594742
TSLA,"Tesla, Inc.",364.27,USD,-0.5270344074276371,51921408,1.3168370020067461,1438701663565.0,USD,Consumer durables,Buy,357.98814493408037,362.13291524224707,369.89364832686795,0.019220208676549472,7.489155773259759,-20.430318916557457,360.81999999999954,359.6002499999998,350.24550000000033,397.32559999999995,338.44652977794294,1.71119,-37.67083622886263
MU,"Micron Technology, Inc.",1015.8,USD,3.918158567774931,35802054,1.3806250281604355,1147237463069.0,USD,Electronic technology,Strong buy,966.730996840628,934.6467263241911,866.6278372724732,2.2759880990137793,5.88364057100864,244.1931385006353,954.2959999999999,959.6005000000002,927.2568999999999,640.1463250000002,22.99641628992056,73.460308,697.287150515315
LLY,Eli Lilly and Company,1152.93,USD,0.04251848252403675,4549815,2.026890219919403,1085318840748.0,USD,Health technology,Strong buy,1160.4851720796398,1152.8201038041188,1128.710503730881,2.082955184366998,-7.455390468851582,7.109810479375693,1143.5159999999994,1163.3139999999996,1177.3600000000004,1066.3483499999995,39.176529353598994,36.414001,95.1428306190653
BRK.A,Berkshire Hathaway Inc.,763600.01,USD,-0.04397489082690036,568,2.353916286779942,980781471530.1785,USD,Finance,Buy,758366.651907141,753893.3912378213,748689.4142418457,0.2119477417534478,1.3940944208192483,1.8133346666666679,770685.6359999997,760628.5080000001,757341.0570000012,738882.7943000002,12.799772735311063,33247.814093,36.30277029708534
JPM,JP Morgan Chase & Co.,349.67,USD,0.1030603189144352,18312433,2.203176958509367,929488031975.0001,USD,Finance,Buy,352.0934579711004,346.80282905635806,338.72652472642636,-2.414043313239556,-3.674829894493258,8.424806201550393,350.1039999999998,354.4710000000001,353.19899999999984,320.5368500000005,14.979651287323824,24.758951,19.772185022704537
AMD,"Advanced Micro Devices, Inc.",559.82,USD,2.7023060412042077,31867251,1.3878098308839852,913892152789.0,USD,Electronic technology,Strong buy,507.018597473117,493.5160149293718,463.68003607079345,9.616024749858056,15.170342330480594,155.74234810415717,523.004,490.7529999999999,495.8467000000002,354.6239750000001,143.67252662645964,7.630407,124.2848097622748
WMT,Walmart Inc.,106.73,USD,-0.05618503605206692,45337636,2.1007634472343506,846768747219.0,USD,Retail trade,Strong buy,108.30979511093807,110.38763400309034,112.74642325450768,0.49905838041431366,-7.3443875336400675,-4.213596589634277,107.63799999999996,106.05100000000007,109.90760000000019,118.70084999999999,38.66888880837651,2.890277,4.131140119218296
V,Visa Inc.,368.29,USD,-0.44332711594085,19583008,3.0567152579041372,687614887615.0,USD,Finance,Strong buy,367.45827377028104,361.36104227751304,353.4134434272473,-0.1707687303480417,1.1535609327364238,5.264812644696606,372.0100000000001,375.03750000000025,367.08040000000045,335.9407999999998,31.606635599838658,13.227498,15.026505167767343
XOM,ExxonMobil Holdings Corporation,163.54,USD,0.1653702456054277,37640556,2.377879858042922,672462078759.9999,USD,Energy minerals,Buy,159.48748373150943,156.69940965835212,153.44984005867153,-0.9268795056642644,-1.5204889651642464,36.181197435256884,164.9059999999999,162.6555,157.78500000000028,146.9024999999998,21.045452205693106,11.687971,10.170981370686484
JNJ,Johnson & Johnson,269.99,USD,-0.08511583154467403,16428384,2.485876697889908,650648455606.0,USD,Health technology,Strong buy,265.54241673950827,260.921513290463,254.09178745879262,0.7312614259597943,-1.1007527610395778,30.543467749734077,268.20200000000034,269.7639999999998,263.2866,238.65902500000016,31.293029509260762,11.528841,-7.724064171122985
INTC,Intel Corporation,108.6,USD,-0.18382352941176733,174996458,1.528636819662177,574071045840.0,USD,Electronic technology,Buy,100.66661654131505,100.11662217481422,96.27897788836286,5.982238704010926,11.487526947951954,187.52978554408253,102.556,95.8680000000001,97.09350000000006,77.15587500000004,nan,1.524288,55.48626858150668
MA,Mastercard Incorporated,565.24,USD,-0.08661375567850547,5439916,2.1962827179515343,495155847855.00006,USD,Finance,Strong buy,566.8970748109417,557.4820388254935,547.2829597651446,-0.6398537477148056,-1.0953630796150464,-0.9584552574862937,569.2820000000004,580.4095,566.2631999999991,531.6973999999999,31.096611633446848,19.955543,22.61557038106353
ABBV,AbbVie Inc.,263.96,USD,-0.022725551094614906,8176607,1.7282012975089034,466448269934.0,USD,Health technology,Strong buy,256.10060080639147,251.30843732622645,244.66458583488793,3.9540012602394428,0.9368666590187713,15.397394421614047,263.06000000000006,259.6854999999998,255.35080000000008,229.6032999999999,74.63243610042976,14.049823,68.31485271022699
ORCL,Oracle Corporation,147.61,USD,-1.978883059964134,39324900,0.9732743191744442,446333685202.00006,USD,Technology services,Strong buy,149.2477100089934,151.2746193977993,156.16707056631412,-10.229276895943558,3.4444094046743197,-25.249404972907268,145.30000000000007,149.41100000000014,141.00240000000014,166.25119999999998,23.14289297921044,8.137117,47.65377225270272
CSCO,"Cisco Systems, Inc.",109.51,USD,-0.6621915820028935,41295921,2.50604456362123,431752674645.0,USD,Electronic technology,Strong buy,111.69460083074874,111.45788052165709,108.62345840312774,0.5693819450821972,-2.4844167408726556,42.87950942657709,109.52400000000004,110.00525000000002,113.26829999999993,96.23900000000005,32.89675268106582,5.119466,27.475683541395412
PLTR,Palantir Technologies Inc.,177.64,USD,0.7943713118474678,39302262,1.5467688286591221,426879272417.0,USD,Technology services,Strong buy,167.35164142249647,160.45455926173653,155.08500702955197,5.6751933372992225,2.914083772666689,-2.0187534473248894,174.81799999999998,175.89549999999994,158.2592,151.752675,151.3762249680443,1.594511,289.99667663675643
CVX,Chevron Corporation,209.51,USD,-0.9736730160230668,47298711,3.9600396992658875,413943821688.0,USD,Energy minerals,Strong buy,203.33011467831398,198.78439020212153,194.0002264971867,-1.1838505801339587,2.1750792489636575,37.68606446949036,212.51200000000003,208.59850000000014,198.76679999999956,183.89945000000012,20.086092842214253,16.147521,34.62660368104495
BAC,Bank of America Corporation,57.73,USD,-0.7734616706772135,52483860,1.2984873173703235,403691369734.0,USD,Finance,Strong buy,61.014023995861,60.27560986168545,58.804056082216796,-8.691182285488342,-10.077881619937703,4.906414682900228,58.559999999999874,61.3765,61.939199999999985,55.235600000000105,13.285924698517903,4.629499,27.24983161039038
COST,Costco Wholesale Corporation,895.31,USD,0.15437450359647797,4180440,1.8249655464871302,397051021968.0,USD,Retail trade,Buy,925.5084148740838,936.3006979305119,946.5534251526906,-1.0892981428902873,-6.760880205784038,3.9679959123951924,900.6480000000007,924.6025000000005,936.5393000000004,960.4170500000001,45.03163697451941,20.504161,12.777024612434968
KO,Coca-Cola Company (The),88.25,USD,0.21576198046786024,28048228,1.7529865528124655,379699934082.0,USD,Consumer non-durables,Strong buy,87.63031752303714,86.32552806412922,84.37478417200528,-0.21483491632745108,-0.3837904955412613,26.34216177523265,88.44799999999991,88.97949999999996,87.05079999999987,79.16892500000017,26.588533036063993,3.305443,17.602664493498224
CAT,"Caterpillar, Inc.",808.99,USD,1.304832387893354,4790973,1.9401975975431638,371872365132.0,USD,Producer manufacturing,Buy,830.9739235015513,841.9347522512223,836.1458437517026,-1.071232039131763,-4.261538461538461,40.06302048165653,791.5639999999996,804.5905000000002,840.1399999999995,784.1127249999996,34.79856158432195,27.248557,18.21556423399235
MRK,"Merck & Company, Inc.",146.87,USD,-0.19028202514441123,31159667,2.9530629043712477,362353485378.0,USD,Health technology,Strong buy,142.2898946163241,137.84788586813767,132.32421843551964,0.9277075316107711,-0.04763849190145174,39.17369468397612,145.51399999999995,148.73899999999998,137.87020000000004,120.45775000000008,117.39269442890256,2.746152,-80.7110590339341
DELL,Dell Technologies Inc.,568.06,USD,-3.4568320870156413,11739044,1.1898927267935249,361179794337.00006,USD,Electronic technology,Strong buy,500.15099823503834,463.753792585179,413.72536415726324,9.649275194471768,21.390717155312412,342.4143302180685,559.508,503.6705,462.7360000000001,272.4849000000002,32.976321090425685,25.881787,153.3204905738066
LRCX,Lam Research Corporation,288.11,USD,6.980802792321121,19635938,1.8882950876400197,360518087922.99994,USD,Producer manufacturing,Strong buy,305.60621956959744,307.9679428880563,301.12771248729064,-5.055198550008231,-12.300620966760006,61.99606409895981,274.20199999999994,297.80050000000017,307.3808,267.20015,49.98351867594248,9.489667,38.61340900346286
AMAT,"Applied Materials, Inc.",444.57,USD,6.509343555342602,14302913,2.1709428693093704,352809607314.00006,USD,Producer manufacturing,Strong buy,478.2645676916616,486.30543958088316,476.2782071319777,-3.603720809210955,-12.556794712928548,66.455743597424,424.5460000000004,454.2265000000001,501.1182,416.263125,38.33425309557479,12.813938,38.26930872499227
PG,Procter & Gamble Company (The),146.39,USD,-0.7861741782446797,12944276,1.4415213463388663,340016005843.00006,USD,Consumer non-durables,Buy,145.83223873893462,146.15791499839867,146.70084801044052,1.861322756845133,1.448371448371431,2.2919432604290213,146.7520000000003,145.55750000000023,146.11939999999996,147.45964999999984,22.113627094064864,6.975601,1.73974518573163
UNH,UnitedHealth Group Incorporated,376.9,USD,0.4504144345832994,8616225,1.4621951972825873,338303492971.00006,USD,Health services,Strong buy,392.0428521982537,393.18840683630657,386.9000841134559,-3.4629373495210385,-4.4782928251007466,13.90320192205987,377.37000000000023,390.30199999999985,404.32999999999896,354.3225250000003,24.23638351231432,19.810669,-32.64203819448956
GE,GE Aerospace,314.27,USD,0.2552078348805163,10448530,2.1186418167129575,326074755476.00006,USD,Electronic technology,Strong buy,337.23011047717574,339.36519700709147,336.0997443810952,-4.270614395808596,-15.862604412079675,1.4592413236480974,313.0500000000003,330.9869999999999,348.08980000000025,322.4636499999997,37.04223193974611,7.919278,18.431815961025716
MS,Morgan Stanley,202.58,USD,-0.4618710691823888,7446448,1.3850612479793105,318165320725.0,USD,Finance,Buy,212.17375622597126,211.20819363570376,206.90518409488266,-5.82054858205485,-7.4025825619929115,13.48065988852479,204.27600000000015,211.99100000000016,214.32740000000015,192.95745000000002,16.36824924856986,12.896914,40.22978086972287
HD,"Home Depot, Inc. (The)",299.98,USD,-0.8363359888929202,8200299,1.8520582810648467,299286948037.0,USD,Retail trade,Buy,321.72418819639825,326.4608321681436,331.0355239563545,-2.947361609887074,-12.137543201921387,-12.651777654835044,304.2620000000006,318.48450000000105,331.6808000000008,342.18369999999965,20.991714717572638,15.00623,-2.9250730249303722
NFLX,"Netflix, Inc.",71.79,USD,-4.674014075156016,114412823,3.1256121323166526,298929252205.99994,USD,Technology services,Strong buy,76.3125872776639,77.30316057292679,79.66422398930061,-6.328288100208761,-8.249728417151251,-23.733135026027824,76.346,78.91499999999992,75.7171999999997,85.48175000000005,22.616722323735118,3.597707,35.26804738770987
PANW,"Palo Alto Networks, Inc.",363.58,USD,-3.060843598357601,13800753,1.9888947903959833,297408429016.00006,USD,Technology services,Strong buy,347.2840728444673,334.38321617428943,310.86177668687753,7.412331235782437,-3.1112177052937366,96.73177858340999,372.6640000000001,354.243,352.7792,240.57845,709.4243902439025,4.187768,-67.97075182801076
PM,Philip Morris International Inc,188.62,USD,-0.9764804703905845,7805677,1.8237319777813246,293985675549.0,USD,Consumer non-durables,Strong buy,188.30924219490245,186.90061524774157,184.13582727874646,-1.4215532559841115,-0.047692226167136566,17.696243604143277,191.95600000000002,189.61100000000013,189.24240000000006,175.95055000000033,27.11265074961549,8.386505,32.011992637431455
GS,"Goldman Sachs Group, Inc. (The)",942.0,USD,-0.9953020063690948,3983987,1.7470688592510866,274283475037.00003,USD,Finance,Buy,1014.6551730958979,1016.2255774806338,1002.5676072088473,-8.989903869378288,-9.84092953810225,6.5610859728506785,959.3140000000003,1013.5004999999995,1036.4064000000003,956.8551999999995,14.538338308058437,70.006167,42.76881720430108
SNDK,Sandisk Corporation,1791.82,USD,10.990528930431918,17787192,1.6846012843158513,262356496089.99994,USD,Electronic technology,Strong buy,1628.14101911972,1583.3318741942492,1478.643778334859,4.570761599066235,6.503487566905707,633.3005934110906,1601.8130000000006,1591.4197499999996,1504.2013000000004,1068.238125,24.58161105295866,212.631919,nan
RTX,RTX Corporation,194.0,USD,0.23767696600186422,9843426,2.3849552976522164,261465086670.0,USD,Electronic technology,Strong buy,202.91721041941574,202.03942126556214,199.2433302232905,-2.7910006514005077,-14.132695967777634,5.722070844686648,195.04199999999997,202.45749999999995,208.0508000000001,194.16525000000004,34.160943828138755,7.24657,24.774794568704138
WFC,Wells Fargo & Company,86.12,USD,-0.8861779261134721,25024960,1.7718978979890305,260426825229.0,USD,Finance,Strong buy,87.27768594404675,86.44047716441068,85.49434465981767,-5.091470134450066,-1.4758036837890312,-7.695605573419071,87.69799999999994,87.398,87.19499999999998,85.17230000000005,12.511986052593347,7.294697,18.045551210811553
ANET,"Arista Networks, Inc.",199.39,USD,-0.07016488748559854,10722280,2.021398933286509,251475574093.00003,USD,Electronic technology,Strong buy,191.82137379384386,185.47330565740523,176.91382961715894,3.7247047807314138,2.2303117309269864,48.743006340917546,195.42199999999977,193.81549999999996,187.5296,155.11355499999996,62.863358345418995,4.108193,24.726700747149035
GEV,GE Vernova Inc.,940.33,USD,1.664990864173515,4108212,1.7612699490076928,250441467022.99997,USD,Producer manufacturing,Strong buy,967.7221405137294,978.6084159553977,970.1909186932055,-0.13805847307328298,-6.1799714647749555,42.21781938625811,909.5839999999998,929.9384999999995,983.5184000000002,901.9586499999998,26.916713420428913,30.652324,735.9407527936638
TXN,Texas Instruments Incorporated,266.64,USD,3.292786859843496,19060388,2.9082877907940587,243508374950.00003,USD,Electronic technology,Buy,270.1719665249461,272.5060276385619,268.96704929569444,1.2954450480568203,-2.7198599025885333,52.39619352441916,262.4599999999999,260.59750000000014,273.89439999999956,243.92129999999955,40.56410022363197,8.511546,20.161231354197135
CRWD,"CrowdStrike Holdings, Inc.",237.65,USD,-3.2763532763532695,19469005,1.588364818285531,243338102405.0,USD,Technology services,Strong buy,211.33863028825115,201.0866105546439,186.40794657266346,14.235585358232994,11.374074421220362,100.54852320675106,240.516,215.85550000000003,207.0842,146.96931250000011,6656.862745098039,1.253976,nan
TMO,Thermo Fisher Scientific Inc,651.45,USD,-1.043565439300037,4582569,1.8201895844382072,240871872633.0,USD,Health technology,Strong buy,606.9069400971041,585.5768093833424,564.3319688390626,6.802085382648044,9.467157332257909,12.415875754961181,642.6419999999996,623.3009999999995,590.8992,537.9302500000002,35.042656883734445,25.109719,7.601479432074029
KLAC,KLA Corporation,176.99,USD,4.7402059415315545,20072497,1.8411437203928154,231245716978.00003,USD,Electronic technology,Strong buy,187.90960668220342,192.20125409343322,190.89553170787096,-2.5975455395960587,-9.898948761676888,40.50059140595852,170.088,177.46650000000002,192.74500000000012,174.28470499999992,48.25640046895875,5.488128,20.65993354607363
C,"Citigroup, Inc.",131.77,USD,-0.7008289374528851,20214385,2.006089149602514,221035850031.00003,USD,Finance,Strong buy,134.9141177888166,134.22178538982772,131.89305163528405,-5.952465919634575,-4.3342529403223455,12.422148280863421,133.95399999999998,134.5875,134.40160000000003,124.76789999999988,14.22403091570505,11.193455,36.96699982257968
IBM,International Business Machines Corporation,229.55,USD,-3.4490010515247063,13412570,2.146325765504192,216266954261.0,USD,Technology services,Buy,236.8626145133212,240.13832294184797,244.88369040157042,-2.6422936635846934,-1.1667958322569447,-22.85589460949052,240.4500000000001,236.16599999999988,232.18999999999988,259.61924999999985,20.37564686354397,12.310068,82.7337312658146
MRVL,"Marvell Technology, Inc.",244.25,USD,1.4495763415849847,23635243,1.2309148702716037,214182830962.99997,USD,Electronic technology,Strong buy,228.62813950175018,222.7826108503828,209.36923530247554,4.100072454502836,1.71573730895765,181.58865575282454,231.04799999999992,227.4760000000001,215.94569999999996,158.4150500000001,80.42740952945438,4.208649,nan
LIN,Linde plc,460.4,USD,0.41877508288255955,4479190,2.052608615577195,212235264496.0,USD,Process industries,Strong buy,480.23531519411495,487.183699141646,490.4266750999514,-0.525030788842557,-3.7806432736316395,8.004128741672142,461.6680000000001,476.23749999999984,489.7008999999999,482.8820750000004,29.72585581281233,17.879893,10.101512738853511
AXP,American Express Company,311.56,USD,0.12533341903139325,5721175,1.8417609696592603,210399524142.0,USD,Finance,Buy,327.7930212924104,329.7690537366498,330.3569935169068,-4.126534757054505,-8.38626205598682,-15.68064952638701,317.4740000000005,326.68899999999974,336.8911999999997,335.5657749999999,18.90304574687538,17.648502,15.718377892608398
AMGN,Amgen Inc.,385.65,USD,1.545631681499817,8528354,2.329846576354984,208494734843.99997,USD,Health technology,Buy,400.281829130408,393.42671249427246,382.8145330380685,-0.1256037396247462,-10.363982893268881,17.300848617574598,379.7859999999998,413.52699999999896,400.2722999999997,360.3478499999996,23.956392098397316,23.076748,31.702528020944104
VZ,Verizon Communications Inc.,48.09,USD,-0.49658597144629607,45527569,2.04733881770325,199803149169.0,USD,Communications,Buy,48.644768566496225,48.06216428756895,47.4829691015601,-4.3936381709741426,-1.0493827160493785,17.95437821927888,49.78399999999998,50.02449999999992,47.667399999999944,46.12472500000022,12.523437500000002,4.992403,-10.788960133816568
CRM,"Salesforce, Inc.",237.92,USD,-2.030059707638463,21962385,1.6538976066159563,195808158493.0,USD,Technology services,Strong buy,225.68008786471572,213.51540834993318,205.39793934550644,-1.6940748698454766,22.506565058441883,-10.218867924528308,249.27799999999996,243.21099999999993,206.9272000000001,201.5671000000003,21.68428727670434,16.702153,59.33315907176673
STX,Seagate Technology Holdings PLC,858.79,USD,6.930384869199253,6976469,1.6514195607864877,195282847190.0,USD,Electronic technology,Strong buy,852.3965282383411,840.9685865950598,796.3211837583293,-1.222654183248602,-5.7724380074610515,204.56786182927257,804.4919999999997,829.818,843.3331999999999,619.3195499999999,61.899235980971596,35.990159,104.84275800974459
APH,Amphenol Corporation,77.55,USD,-1.0463187444175162,29785538,2.419270302613041,191235751556.0,USD,Electronic technology,Strong buy,80.30640656545513,79.38057031888,77.57843280262003,-5.908760009706388,-4.259259259259263,13.11260210035005,77.87600000000003,79.91524999999994,79.95339999999996,73.38367500000005,38.8274170129675,2.640806,59.36328093832282
QCOM,QUALCOMM Incorporated,177.72,USD,-5.8237507286312375,54479985,3.0133580573308896,186647567630.0,USD,Electronic technology,Buy,173.15250835513677,174.47413955846065,174.8602554185719,-0.29733520336605956,9.01395491489035,2.2566427691918185,183.84400000000005,172.27250000000006,168.51879999999997,168.5525,20.568492199435212,10.538283,-16.66602368735774
GILD,"Gilead Sciences, Inc.",150.11,USD,-0.516932865000976,16421966,2.489007467189427,186129657534.00003,USD,Health technology,Strong buy,143.36499698244285,140.46475615685625,137.9822375374796,3.3530707793996175,3.4527911784976015,22.54877949220346,148.27799999999996,147.72775000000001,139.55989999999989,135.28762499999988,nan,-0.440237,-152.8405474220242
DE,Deere & Company,683.99,USD,-0.23919606785000458,2244950,1.8135955481983246,184421072474.99997,USD,Producer manufacturing,Buy,652.5879147215586,636.337918488627,617.9608955001689,-0.28137392115697896,16.013094066962914,46.77896995708154,680.9179999999994,667.3904999999997,630.1056000000002,577.2648499999995,38.01739710418809,18.11997,-5.943518537880851
ADI,"Analog Devices, Inc.",375.72,USD,3.604025920308852,7705623,2.160010811234467,182060935300.0,USD,Electronic technology,Strong buy,375.5857797425661,377.35912537667735,373.95711042544036,2.842596521001286,-0.7475894861973277,36.59068600719818,364.5560000000003,365.411,373.4087000000008,353.7481999999998,44.586319836711446,12.868145,114.37875241681084
SCHW,Charles Schwab Corporation (The),105.25,USD,0.5925642741087687,18104531,2.1941844256087797,182012581726.00003,USD,Finance,Strong buy,106.65581047077724,104.66490268495713,102.14646925523638,-2.8162511542012902,-5.529126649313344,5.492633056028871,106.02800000000005,108.49800000000005,106.7878,98.09905000000012,19.139147512365433,6.496829,48.05481517378779
TMUS,"T-Mobile US, Inc.",168.18,USD,1.0393511565034657,12868072,2.4846230536278995,180401907021.0,USD,Communications,Strong buy,178.83942586910882,180.9913944217956,184.59058638243394,-6.105016330290597,-8.015423742718845,-16.845488257107537,174.85200000000015,179.91099999999986,181.21139999999977,193.15015000000028,17.600150696973504,10.904366,-9.885985345014564
ABT,Abbott Laboratories,102.61,USD,0.37171084808764104,27075251,2.7888360697904795,177554631549.00003,USD,Health technology,Strong buy,105.48305926160477,104.10115054658881,103.28799951708177,-1.4786365818531024,-9.37913980393889,-17.714514835605456,102.46400000000017,108.14300000000014,106.01739999999994,105.20280000000002,33.166332665330664,5.517003,-61.310089540293134
DIS,Walt Disney Company (The),102.67,USD,-2.543901281442803,19139670,2.1607696807853687,177278939799.00003,USD,Consumer services,Strong buy,104.22465218283578,103.48481387521188,103.18018981943769,-3.813003560052458,-1.3357678262540846,-9.494005641748938,106.00400000000005,107.0020000000001,102.7095999999998,104.03194999999977,21.17693164473413,6.912083,-23.99034240561896
PEP,"PepsiCo, Inc.",129.75,USD,-2.9253329343109358,23539321,2.3596990392730506,177094669464.00003,USD,Consumer non-durables,Buy,137.2721632848316,139.23343849913144,141.71723367070706,-5.505789818658512,-7.893802796904951,-9.405111018014244,133.91799999999972,138.46999999999986,138.61059999999944,148.2402499999997,17.017062966411793,8.553714,39.01002734731084
MCD,McDonald's Corporation,248.24,USD,-0.09658725048292849,9577420,1.8436192425831075,175664924756.0,USD,Consumer services,Buy,260.77002178545297,266.11567837660226,273.1987059388328,-2.2600204740530674,-6.799324197484517,-18.687149923024013,251.10999999999996,258.7460000000002,265.40439999999995,293.47445,20.161133129751157,12.914381,5.462051716901772
T,AT&T Inc.,25.4,USD,0.039385584875927575,84401987,1.959997299354504,174050595238.00003,USD,Communications,Buy,25.0673924728517,24.744028083261984,24.707147076286088,-1.435778036476527,1.6406562625050027,2.460669624848727,25.976,25.8005,24.373200000000043,25.148449999999954,8.399748668937464,2.338389,72.38057234066811
BLK,"BlackRock, Inc.",1069.78,USD,1.501005730767765,1087364,1.9635366716247276,173813782972.0,USD,Finance,Strong buy,1101.872638655295,1093.4853694957094,1081.6802037557177,-1.2033505416462698,-7.8982712308010194,-0.15493168072874652,1057.0480000000002,1112.2489999999996,1106.3027999999997,1061.1475250000005,26.61223718120939,56.253468,-2.840666020529752
NEE,"NextEra Energy, Inc.",80.47,USD,-0.996555118110239,21574707,1.8951168451806069,167858674053.0,USD,Utilities,Strong buy,83.51374174486871,84.7950774070874,85.89691121209302,-3.281250000000005,-7.01409752715508,0.024860161591045395,80.96400000000003,82.67050000000006,85.47160000000011,87.67985,18.055150440889406,4.028807,55.29809401024427
UNP,Union Pacific Corporation,279.37,USD,-1.1009629000283254,4857631,2.232613534241531,165966869671.0,USD,Transportation,Strong buy,289.7714254771587,287.7011350091962,281.77323571589244,-2.9189978107516343,-7.441274889838645,20.756429652042364,282.3680000000003,293.41000000000014,294.5917999999999,262.87075,22.62343404568902,13.075728,7.263409337676438
SHOP,Shopify Inc.,128.5,USD,-0.07776049766718066,11105228,1.1507037048530981,165333754423.46103,USD,Commercial services,Strong buy,135.7917745409644,133.1973089111971,130.5812867850796,-1.7208413001912046,-12.370430987452256,-20.771934151304027,130.16199999999998,139.8784999999999,136.07719999999998,130.34515,88.52008200335068,1.8983872527,-19.900471515478106
SCCO,Southern Copper Corporation,195.7,USD,-0.20906634031922136,1386988,1.2067920969834198,165238057354.0,USD,Non-energy minerals,Buy,194.92731460841316,191.41796036087473,186.50335682750958,-0.07148692810458271,1.4725707767292207,37.54883281751491,191.8860000000001,203.3845,192.1731011848,178.54476600559985,29.310887114892083,7.672106,55.917519032273155
ETN,"Eaton Corporation, PLC",424.77,USD,3.7390709715234705,4615565,1.9416636619786802,164980661140.00003,USD,Producer manufacturing,Strong buy,419.75176272751287,416.2527919867646,409.4303188577765,2.255657197881561,-2.3786541643684553,31.4222951022555,403.5180000000006,407.8100000000001,415.8640000000004,384.2908,43.21907145691523,13.548467,-1.1197633707593861
WELL,Welltower Inc.,228.87,USD,-1.459571170240242,8296616,3.0135490306634543,164956889544.00003,USD,Finance,Strong buy,234.2744200664627,232.21037950208748,227.22418840398714,-3.3977713996285597,-2.790519877675838,23.306933893647965,232.51999999999984,236.9615000000002,237.55639999999977,212.3548999999997,nan,2.84054,-145.4237568148026
WDC,Western Digital Corporation,441.36,USD,4.126265128459199,13518931,1.9488731234882606,159128336967.0,USD,Electronic technology,Strong buy,469.5863239905507,477.1156100300038,464.08292134071735,-4.912099276111688,-10.706482155863068,149.07449209932284,424.2199999999999,449.18050000000005,481.7081,385.8724749999999,18.256801419642525,20.326053,370.6348433819378
COP,ConocoPhillips,131.83,USD,-1.0210976800059954,18520087,2.456475165166007,158372328042.99997,USD,Energy minerals,Strong buy,129.32927092735753,125.99730873826937,122.43534462732957,-3.3787745529170223,1.244144074955844,40.828971263753886,135.08999999999997,134.39050000000026,125.54140000000002,114.88037499999997,17.465785185283323,10.368357,1.262443317502483
PFE,"Pfizer, Inc.",27.66,USD,0.07235890014471626,75593387,2.2316595796026344,157652963710.0,USD,Health technology,Buy,27.277265305433843,26.876376963435455,26.5698794945425,-0.5035971223021604,0.21739130434782145,10.728582866293035,27.60600000000008,28.057499999999997,26.62080000000005,26.272450000000017,36.626059322033896,2.974667,-59.82765040693653
BA,Boeing Company (The),198.2,USD,0.6091370558375577,9834002,1.5462583354691213,156651330620.0,USD,Electronic technology,Strong buy,211.95563663707733,214.73986026189462,216.7714173183725,-4.509539410291007,-11.323878126258334,-9.145083658033471,203.42399999999978,208.10649999999958,216.24600000000012,221.20290000000065,90.26322980234993,-0.996802,nan
BX,Blackstone Inc.,124.96,USD,-0.3588230603620149,6004794,1.6266674692376606,155179933646.99997,USD,Finance,Buy,132.16073382451586,131.08725167684148,130.00186231778164,-2.375000000000005,-12.204032881332127,-19.45339693180353,125.76199999999992,134.79899999999992,133.99959999999996,130.15704999999983,28.032393386724095,6.017337,20.325532431775855
IBKR,"Interactive Brokers Group, Inc.",90.69,USD,2.613713509843859,6227861,1.727552365103318,154291731257.31,USD,Finance,Strong buy,91.6373067771868,90.59597178571573,88.10980784788353,-0.016537125847528325,-0.329706561160564,38.64852469041431,89.07199999999989,92.21449999999993,91.5708,80.090225,36.10558165459033,2.700625,31.735459170294224
DHR,Danaher Corporation,211.81,USD,-0.3247058823529401,8835009,2.14890905458874,148899480732.0,USD,Health technology,Strong buy,206.0484475534952,202.86997901034846,200.2922421614777,4.861626813208571,4.288527818808473,-7.429745203443906,209.0560000000001,210.10799999999966,203.8347999999999,201.93390000000025,37.607641909767224,8.505564,19.62321056879488
UBER,"Uber Technologies, Inc.",70.5,USD,-0.5220826866092909,20652832,0.956714130829908,144000492737.0,USD,Transportation,Strong buy,73.66414635982186,73.73361098122156,74.0989528410575,-3.4114262227702357,-5.874499332443265,-14.066309117503664,71.28,74.83000000000011,73.67340000000017,75.67207499999985,15.496208374546653,3.365995,-22.807404516687306
NOW,"ServiceNow, Inc.",135.47,USD,-2.1665342673503285,19250566,1.4413865991960833,140075981261.99997,USD,Technology services,Strong buy,129.55906470843723,124.13229489295226,120.48592900257812,3.8084291187739456,14.185772083614294,-11.503788868565463,139.60199999999995,136.69800000000015,122.66059999999997,117.39146000000022,84.60001248985199,4.071005,0.7740717432347375
TJX,"TJX Companies, Inc. (The)",127.24,USD,0.5452390359541666,17683881,1.786534394342277,139960689286.0,USD,Retail trade,Strong buy,137.79796140603148,142.81280989487473,146.8021742792905,0.09439899307739957,-11.724712085472452,-16.972267536704734,125.444,131.21749999999992,145.2883999999998,153.64700000000002,23.533763663602567,5.282981,23.37585286265203
ISRG,"Intuitive Surgical, Inc.",393.33,USD,2.552536893153247,4930004,1.7419949918214634,138954848953.00003,USD,Health technology,Strong buy,379.42525695337685,385.8098510671928,400.5117444488663,8.188469578611503,-0.3092130274996901,-30.602702988814002,382.85200000000003,371.8050000000001,373.48910000000075,455.10557499999976,45.08028561277235,10.799172,21.753509530853165
CB,Chubb Limited,340.64,USD,-0.36852880959344575,4326966,2.462517592598389,131418861516.0,USD,Finance,Buy,341.9886210066754,341.3266243612224,338.09491955989574,-0.020545331807106684,-1.1089821749985465,9.721059073632677,341.5559999999996,340.87450000000024,345.96939999999944,328.30940000000027,12.055023339266944,27.694077,24.675593990602046
PLD,"Prologis, Inc.",134.84,USD,-0.25151649652315683,7648636,2.164530054878783,130697053054.0,USD,Finance,Strong buy,138.80724018563131,139.8444673457296,139.78129451105664,-0.7069219440353519,-3.7956621004566165,5.558165022702371,134.95800000000017,138.23000000000005,141.32039999999995,137.74415,30.02449343130706,3.643333,22.353902738046575
NEM,Newmont Corporation,123.41,USD,-0.7878446820483994,21501146,2.6858463180939585,130036165756.99998,USD,Non-energy minerals,Strong buy,120.25563406383144,116.22882353751532,112.79490075837656,-3.1850631521142247,-0.33917467495760456,22.200217843350828,123.36399999999999,127.4185,112.54979999999998,110.2013,15.583448032023032,9.435629,42.18029048995494
GLW,Corning Incorporated,150.13,USD,1.5764546684708958,14505709,1.473191086192497,129320230535.0,USD,Electronic technology,Strong buy,157.99646628619132,160.78281035556742,160.0193096299844,-9.287009063444112,-6.5367615015875,68.85614666516703,145.85199999999992,151.4515,154.98559999999992,147.06685000000002,68.86065498578111,3.288196,130.83112758073054
VRTX,Vertex Pharmaceuticals Incorporated,508.34,USD,-1.5493666963628725,2434832,2.384821809686512,128844324284.0,USD,Health technology,Strong buy,515.1776888750585,505.55006405817113,493.0985500156882,-2.6355104386133017,-5.419837386272732,11.88537218822908,514.4159999999999,534.5060000000004,510.5953000000002,470.1540250000001,29.57442476074119,18.684498,22.86012451484244
BMY,Bristol-Myers Squibb Company,63.06,USD,0.3500954805856124,36849552,3.3533842975074997,128813585456.99998,USD,Health technology,Buy,64.02557477275268,63.07048998337066,61.682050434585925,-1.6991426344505118,-5.598802395209574,18.51155797782372,63.46600000000012,65.67149999999994,64.00800000000004,58.85884500000001,13.891703749394194,6.954193,83.16587983698503
BKNG,Booking Holdings Inc. Common Stock,167.9,USD,-1.5364766596293715,18459729,2.0345034364931727,126156780216.0,USD,Consumer services,Strong buy,186.89995119443174,186.9135100892911,185.7175042268881,-4.931770567918016,-19.356388088376555,-21.64150545382589,171.29799999999983,189.7554999999995,192.9775999999998,184.965758,18.570132944013096,10.452118,57.21166385561022
FTNT,"Fortinet, Inc.",169.84,USD,-1.5876694866149084,12746456,2.6682484952702894,124613919051.00002,USD,Technology services,Buy,159.6335318657583,154.49443362034143,144.83991146804482,7.2222222222222205,7.514084952839149,112.37964236588721,171.34800000000004,162.09000000000006,160.16260000000014,113.8825000000001,59.84496124031008,3.449623,13.261763179949714
COF,Capital One Financial Corporation,202.43,USD,0.19303108295387783,8071252,2.1971393382208424,124187724025.00002,USD,Finance,Strong buy,210.69836523216995,209.04215053786746,206.96136510241,-3.8976452715533516,-9.007956128916254,-17.155719255166765,204.2379999999999,212.19700000000003,212.6785999999999,207.42294999999987,12.537392930800626,20.361499,731.4160659114316
PGR,Progressive Corporation (The),213.48,USD,-1.2991816542604846,6118270,2.583909256841282,124053220304.99998,USD,Finance,Buy,215.80619043454095,214.67815994671898,213.3758255228775,-2.2348415460707196,2.8472322589969634,-0.4012316879723867,217.81800000000027,219.01049999999987,215.59920000000022,210.17782499999979,10.702683190951749,18.012265,12.29942911191433
LMT,Lockheed Martin Corporation,533.38,USD,-0.8753182553104566,2860723,2.1462441254851368,123099174683.0,USD,Electronic technology,Buy,546.2645938188817,548.9775850700054,550.5554956284284,0.2141890876296382,-11.83801652892562,10.373512674599068,534.3119999999997,543.0790000000003,556.5332,560.1501500000004,19.657691258743835,30.443779,52.76697088614012
SPGI,S&P Global Inc.,405.32,USD,0.2994234243151566,2420522,1.3741096256455279,119488333211.0,USD,Commercial services,Strong buy,420.7642905913334,420.0694186547963,420.1581341017461,-1.9260549748354578,-3.2579898322075644,-17.878140133958144,409.4500000000002,426.61849999999913,425.37880000000035,427.6150958110003,24.681975678522928,17.87405,26.218823258137665
MPC,Marathon Petroleum Corporation,424.89,USD,0.6943786140866449,9859692,3.033772667697484,119319626851.0,USD,Energy minerals,Buy,369.8189203375033,344.7908196682046,316.4494296773853,7.569811893971993,16.341283097396023,160.90881178999078,413.6119999999998,387.3155,347.0604000000001,251.26400000000004,14.62842781153707,55.845118,330.27183171616923
VLO,Valero Energy Corporation,413.28,USD,0.18180495963929896,9293326,2.3489003965440847,118994660200.00002,USD,Energy minerals,Buy,359.7740610373923,336.48985756598216,309.93215991432123,6.515463917525766,18.07999999999999,153.1577335375191,401.8159999999999,373.36949999999996,337.66079999999994,249.49975000000003,17.143426030397556,46.94307,899.6350970310168
PH,Parker-Hannifin Corporation,943.54,USD,1.9723546131483103,1065896,1.7239616363318473,118930827162.0,USD,Producer manufacturing,Strong buy,973.0638630240117,970.6647755494533,959.7495924610276,-0.49145749841806385,-9.81351736267098,7.0246480870226,928.2820000000005,965.8669999999998,986.7508000000013,940.4045000000002,33.12003088965723,35.195017,5.019759057463465
MDT,Medtronic plc.,92.13,USD,-0.6898781933814818,15446268,1.7411607163217866,117846963602.0,USD,Health technology,Strong buy,90.3188011626633,88.73590061968392,87.7900807330801,-0.9354838709677469,-0.27062134661182075,-4.071220324864651,93.0100000000001,92.23299999999999,88.69779999999997,89.26020000000003,22.68150372978163,5.976223,12.151416422773199
SNOW,Snowflake Inc.,332.43,USD,-1.7612813617423624,4319141,0.9162919040562743,117281297357.99998,USD,Technology services,Strong buy,318.8893210432642,300.68328909702956,277.0898647887871,0.7791184138725499,2.2389666307858005,51.17326057298772,331.434,328.9319999999999,310.3772000000001,222.70935000000023,nan,2.21536,23.458070116217392
MO,"Altria Group, Inc.",69.52,USD,-0.25824964131995237,14345282,1.6254077106942244,116080590078.0,USD,Consumer non-durables,Buy,69.00503679702388,69.23573538656127,69.06866132409743,0.46242774566473,6.4461797580768545,20.568851890391954,69.94800000000001,68.88100000000001,69.23420000000002,66.87235,14.639796154737084,5.678953,-8.228814378200786
NET,"Cloudflare, Inc.",323.6,USD,-3.096364616398148,4549894,1.3941721755114296,115227397758.00002,USD,Technology services,Strong buy,296.52364717304056,283.9573323951726,267.49392716473983,3.449378216808932,7.8307230923025655,62.694821518350935,327.95599999999985,301.3389999999998,291.7353999999999,227.84394999999992,nan,1.261588,-72.17134416543573
CVS,CVS Health Corporation,88.84,USD,-1.584136479450529,21880291,3.1677335305563865,113623720048.00002,USD,Retail trade,Strong buy,94.98244032437069,95.58575119703139,94.24945600283648,-7.245771559824596,-6.886070642490298,12.058526740665997,92.17399999999995,94.26400000000004,98.94759999999992,87.24280000000007,23.453628659679506,8.023199,5.683276602868143
ACN,Accenture plc,181.29,USD,-4.7296232066845345,11664716,2.2857891079036694,110938986211.0,USD,Technology services,Buy,178.14075699664042,175.08919577991895,177.47953671273973,1.2510471935213519,5.187119234116622,-32.55329439339262,189.92400000000004,186.4369999999998,170.99060000000006,200.1230499999998,14.477950454407512,13.86515,-0.3414327441164492
SBUX,Starbucks Corporation,95.83,USD,-0.8689355539464192,13095211,1.8440418594559422,109246202086.99998,USD,Consumer services,Buy,102.27773296386769,102.73458497549845,102.03382920228896,-4.432809773123917,-10.16218243179901,13.78532415103301,97.09800000000003,102.94200000000012,104.46080000000008,98.25522500000028,55.25572276999366,2.614849,-24.99351267191419
PSX,Phillips 66,273.13,USD,-0.39385872141788564,10174358,2.879228427891039,108984581606.00002,USD,Energy minerals,Buy,243.29896154720225,228.8494174423831,212.88927344887267,5.6064648339326455,11.828529315427442,111.72868217054264,266.79200000000003,254.204,229.7516,178.16085000000007,15.54622087893949,28.029201,322.8171929149018
LOW,"Lowe's Companies, Inc.",192.49,USD,-0.8754312786446206,5886318,1.8862999437505366,107997290644.0,USD,Retail trade,Strong buy,205.2773130316616,209.84268356001877,215.8598812769414,-3.2713567839195936,-11.294930875576032,-20.293995859213247,194.71199999999993,202.50650000000002,209.01179999999982,234.5255600000004,16.277673482503765,12.277789,-2.844326136251599
ADP,"Automatic Data Processing, Inc.",271.22,USD,-0.3746694093446892,6606483,2.6302919557928264,107745605261.99998,USD,Technology services,Buy,269.5776763044935,262.44881127282025,254.330519795855,2.0314498532841903,0.4592932809837799,5.520756331945709,273.9619999999997,277.5344999999998,268.40400000000017,237.86245000000025,24.785020424201996,12.25828,9.619738344719813
HOOD,"Robinhood Markets, Inc.",119.82,USD,9.115745378380831,39358656,1.6030814101537496,107728039476.99998,USD,Finance,Strong buy,109.34615425677156,105.0571129171949,101.09123948401499,5.707984119982354,28.977395048439167,3.7600235542700764,111.76599999999999,111.29449999999983,103.175,94.900675,53.05995925958728,2.139454,14.69930922389272
SYK,Stryker Corporation,275.12,USD,-1.78845536001142,4805096,1.2514150082732374,105528609746.0,USD,Health technology,Strong buy,304.7136309742296,311.55182271513104,317.9990581443115,1.625295508274223,-17.06758304696449,-21.68071054429514,280.67600000000004,301.7805000000002,320.3955999999998,334.3873249999995,28.506004372467956,14.999341,27.708308522885172
SPOT,Spotify Technology S.A.,509.45,USD,-3.666515392179117,1740772,1.210696082158401,104886760360.0,USD,Technology services,Strong buy,517.457317261504,510.7059789392953,507.4444858597642,-3.4254625417045785,-2.4042145593869755,-13.045333515395646,540.0579999999998,539.9,512.8228000000003,504.40514999999965,31.71831126219516,14.03882392519,285.97793958618695
BNY,The Bank of New York Mellon Corporation,153.79,USD,0.5032021957913879,8462468,2.178604093505089,104347148732.99998,USD,Finance,Strong buy,158.39515980098477,155.46818084152105,150.0090660111605,-6.629834254143656,-6.836286536422836,32.56615808981983,154.52200000000002,160.41600000000008,159.24619999999993,135.1239,17.904626632826506,9.236717,31.18795246968262
APP,Applovin Corporation,308.06,USD,-4.210199004975131,10960399,2.154462835797715,103092584137.0,USD,Technology services,Strong buy,340.0339413891648,367.2193176680612,397.9039333492809,-2.370539392786974,0.5089722675367054,-54.92046768222193,324.38399999999984,315.3915000000002,357.19319999999993,475.3170249999993,23.678344683402255,15.758679,93.2791585577823
FCX,"Freeport-McMoRan, Inc.",71.54,USD,0.9738884968242936,14993150,1.2142547956470036,102732690121.00002,USD,Non-energy minerals,Strong buy,70.54816678309774,68.86926150192251,66.65912521084896,0.1119507416736811,3.831640058055153,38.30836152730789,70.06999999999994,74.05750000000002,68.40859999999999,62.30765000000001,35.32490618210548,2.965785,53.400999848507794
MCK,McKesson Corporation,874.65,USD,-0.5593642347965565,2707475,2.6289615879676633,101975763449.99998,USD,Distribution services,Strong buy,870.5694670850246,857.914229060243,847.0571680907454,-1.5444015444015475,1.2068686214158373,6.9254278728606335,890.4040000000002,892.988,866.6686000000008,844.1511999999989,23.405263073390813,44.626637,49.10940866650705
EQIX,"Equinix, Inc.",1021.34,USD,-0.4483693003489505,680628,1.3670866244532933,100777340656.99998,USD,Finance,Strong buy,1042.8455711962274,1044.7005700321547,1035.049508751098,-0.39108597064415834,-6.213039485766755,33.30635898506841,1013.8279999999993,1038.9899999999998,1043.8377999999998,973.1922249999998,65.72963928307108,17.206242,52.11304833041284
ABNB,"Airbnb, Inc.",166.22,USD,0.1747724944253553,9501790,2.1970366957169647,99530159375.0,USD,Consumer services,Buy,171.14994034810266,165.74506116073786,158.43916742470097,-2.2407810386402414,-10.151351351351352,22.274532882153892,167.7259999999999,178.33824999999993,167.0082,141.806725,37.781566087055346,5.322205,6.145049218297618
CME,CME Group Inc.,276.01,USD,1.7923658491609862,3351382,1.8287741150623447,99247471984.0,USD,Finance,Buy,272.9684544223868,270.7472549075811,271.12996372689685,0.2396949337207075,2.1313598519888957,1.3829455086411087,275.0339999999993,278.4977500000003,266.2709,278.7071000000001,23.407142311965195,12.249739,14.121324739175051
ADBE,Adobe Inc.,248.92,USD,-1.4841492856294773,10201072,1.5025937492717973,98945699271.99998,USD,Technology services,Buy,257.2175632842916,253.8306039047202,253.66164696826365,2.78729817896519,-5.0612151493191995,-29.016895986312118,255.0900000000001,268.959,256.0588000000001,264.9880749999999,13.882103619430035,24.479736,11.693181676612403
SO,Southern Company (The),85.52,USD,-1.4292300599354646,15154861,2.3366180579354308,98379043072.00002,USD,Utilities,Buy,89.23712628968657,90.65256712186886,91.70468088174815,-3.225076383388037,-7.605877268798625,-1.8928530457726347,86.29200000000006,88.05300000000004,91.70900000000007,92.2917249999999,20.63507383457195,4.590899,7.0047248973690355
VRT,"Vertiv Holdings, LLC",249.39,USD,3.2713569920079415,7837049,1.1581728512148666,96012204394.0,USD,Electronic technology,Strong buy,267.6419887075508,274.4790766752194,275.9505491281414,-1.231683168316837,-8.648351648351653,47.163131030006184,240.4579999999999,257.23949999999996,271.45219999999995,261.08685,56.43073720414535,6.724003,111.13128224727693
PWR,"Quanta Services, Inc.",636.71,USD,3.2714827910597974,1314901,1.602522352909059,95725139196.0,USD,Industrial services,Strong buy,643.2588106109969,647.430852902624,641.244080825573,1.513025732597814,-9.041428571428566,49.83174491116603,621.5800000000005,620.9064999999994,642.0926000000001,596.0012999999997,72.92437379024408,16.732113,35.41417869938117
GD,General Dynamics Corporation,353.05,USD,-0.8147211687034632,2695488,2.192688516532847,95520212606.0,USD,Electronic technology,Buy,367.22820071411536,367.4499114073007,364.2640164791575,-1.106442577030809,-10.94266326968191,4.905806144886192,356.8820000000002,365.99699999999933,376.2866000000008,355.26474999999976,21.524551584543538,16.976164,10.135098839707785
TT,Trane Technologies plc,429.11,USD,1.3653650816148228,2104081,1.8919929427063829,94414142731.99998,USD,Producer manufacturing,Strong buy,450.7776032060132,455.55560283196104,456.1963002913699,-3.3927686973749367,-7.8728154922924904,9.780495292672947,424.57200000000023,442.01749999999964,459.9418000000008,445.34510000000046,32.50463962428512,15.276085,4.751362803208827
USB,U.S. Bancorp,60.06,USD,-0.3153526970954319,14868815,1.7889396267413864,93576576051.0,USD,Finance,Strong buy,62.16320457187018,61.66088663935738,60.43440064962983,-4.847908745247142,-7.371992597162247,12.619538721170082,60.98799999999998,62.08999999999999,63.05199999999999,57.34009999999999,11.983718424518138,5.223371,19.95117514719256
PNC,"PNC Financial Services Group, Inc. (The)",233.17,USD,0.4999784492047742,3422388,1.9757523807368547,93021693533.0,USD,Finance,Strong buy,243.00994088401904,242.19944554659077,238.34410033245453,-5.13060460574498,-8.37753939251052,11.708906242514253,236.03400000000005,241.13350000000023,247.6037999999999,226.99950000000007,12.824644966834237,18.993266,24.22383164799126
HCA,"HCA Healthcare, Inc.",427.71,USD,-0.3099944061159894,5445311,2.995344471894547,92599852731.0,USD,Health services,Buy,415.7939968928217,413.99937419263904,418.0113045947111,0.9249864319592154,4.04544127663715,-8.177329325890947,427.29800000000006,420.2145000000003,406.3034000000002,448.6912000000003,14.319576549521408,29.469862,25.46742221531456
DUK,Duke Energy Corporation (Holding Company),117.53,USD,-0.8520330690062469,8616463,2.0604285776800335,91638399728.0,USD,Utilities,Buy,121.02555827303756,122.34446692909292,123.37476406063321,-2.270081490104776,-5.772468532029185,0.29868578255674544,118.12400000000005,119.99749999999999,123.2648,124.10874999999992,17.632850241545896,6.710653,8.975868157739853
HWM,Howmet Aerospace Inc.,229.67,USD,1.7319277108433722,4735426,1.0323495959439788,91592714879.00002,USD,Electronic technology,Strong buy,254.75876765227218,259.2538284579042,258.3817095775216,-0.8846884170550714,-21.721199727334696,11.766995960873997,226.9919999999998,246.50200000000004,267.62560000000013,246.77079999999975,49.53520974873288,5.334403,35.486981677917065
MELI,"MercadoLibre, Inc.",1787.39,USD,-2.0720903348107855,1162486,1.92367685016917,90614954509.00002,USD,Retail trade,Strong buy,1866.1402194214575,1845.5205708869094,1833.1237003964977,-7.317085817993253,0.3869699522606066,-11.844837365293081,1836.2980000000002,1918.921749999999,1877.4670999999996,1852.9999000000003,48.63977141302129,37.914647,-9.254677097532534
CEG,Constellation Energy Corporation,254.71,USD,-3.078386605783867,6547116,2.018425832704597,90245633368.0,USD,Utilities,Strong buy,273.63555363603757,273.79917313821426,276.9722565423033,-12.344276963314742,-5.15360268106498,-28.85195530726257,260.3,277.88575,271.1563999999998,292.84267500000044,24.80619400077912,12.060052,7.150310973828108
ELV,"Elevance Health, Inc.",410.95,USD,-0.7990151112827698,2076302,1.5094642217775427,89122438693.0,USD,Health services,Strong buy,403.60504615158675,398.07519030035473,389.34890844063244,-2.1547619047619073,3.1397450055215317,17.163221667854593,415.91000000000014,406.77349999999996,397.21220000000096,363.09302500000007,18.2651750514465,27.168012,-4.238366624246124
KKR,KKR & Co. Inc.,98.81,USD,0.6314288624096187,5153742,1.360806345318807,88695373431.99998,USD,Finance,Strong buy,103.2619776403743,102.58617160364739,102.34465912853574,-4.067961165048541,-8.972823583602024,-23.331781502172557,99.22199999999991,104.89049999999997,103.9904,104.87640000000017,31.49925085275272,6.625777,50.4364089775561
MAR,Marriott International,338.92,USD,1.4730538922155736,4249828,2.317986640765981,88378916673.0,USD,Consumer services,Buy,348.5194149968798,353.6344337456468,354.467926401294,1.3880579155199364,-5.435267857142847,9.135404926742877,337.1179999999998,341.4835,354.73700000000025,346.51099999999985,35.12779585829482,11.718387,8.838426568298985
WMB,"Williams Companies, Inc. (The)",72.05,USD,0.33421529034952635,19567813,2.2509534290332813,88129220701.0,USD,Industrial services,Strong buy,72.88321098089065,72.9699716190864,72.63906081554202,-0.8940852819807505,-4.959767840654274,19.863583430377638,71.66799999999998,73.17500000000001,73.03500000000001,70.73284999999989,28.761326893137998,2.460319,26.392532795156416
MNST,Monster Beverage Corporation,44.71,USD,0.44933722758931216,18531203,1.7879058615693832,87589202298.0,USD,Consumer non-durables,Buy,45.415184266147186,45.46987964750051,44.78016564945526,2.899884925201376,-5.425700687466944,16.62971175166297,44.52399999999996,45.257000000000026,46.58515000000004,42.10154999999998,41.49034892353379,1.160447,34.5822405395279
ICE,Intercontinental Exchange Inc.,155.47,USD,1.4155251141552427,4302573,1.3235454666683688,87279998970.0,USD,Finance,Strong buy,155.30619209115594,153.22051578280195,152.46311633997135,-1.2700831904489744,-0.5310300703774872,-3.638279409941741,155.50399999999996,159.02500000000003,152.57719999999995,155.2930749999999,21.95624849948453,8.095145,35.9202242014742
CSX,CSX Corporation,47.1,USD,-1.6701461377870506,25749496,2.4425674282276186,87251562774.0,USD,Transportation,Buy,49.28911900584008,49.00399481484349,47.86036199900475,-5.135951661631414,-6.4919594997021965,29.41338095892292,48.094000000000065,49.56049999999997,50.14099999999999,43.785149999999994,27.2002772002772,2.008404,6.402851173651228
JCI,Johnson Controls International plc,143.28,USD,1.5737983836665241,5434258,1.3874417057686237,86790643689.00002,USD,Producer manufacturing,Buy,144.57226442471872,144.02831095611617,142.18166984001988,-0.8785887236250502,-3.8776331678518723,18.94404781670265,140.17199999999985,141.94349999999997,144.69299999999996,135.96297500000009,24.907431551499347,5.072795,70.84942084942087
MMM,3M Company,165.89,USD,0.7164106611620292,4556072,1.476376151367254,85553190630.0,USD,Producer manufacturing,Buy,169.69199632895587,168.32738996194712,165.7498929011345,0.9308834266244662,-8.856656227679801,3.616489693941282,163.98799999999997,169.8944999999998,172.48399999999984,160.68434999999985,29.454900568181817,8.946273,-21.668984700973585
WM,"Waste Management, Inc.",211.1,USD,-1.0453288332630282,3574895,1.5583850750538115,84379876820.0,USD,Industrial services,Strong buy,219.38448303727563,221.5923148655748,223.0232989646138,-1.4932337844143801,-6.1151879030464755,-3.7567247196133895,214.75400000000036,218.2984999999995,225.89739999999975,225.19874999999985,29.881803383112747,8.112941,4.823871561266581
UPS,"United Parcel Service, Inc.",99.06,USD,-1.1081162024558244,9407920,2.217373561847312,84278417497.00002,USD,Transportation,Buy,103.04481985121346,104.25115259796131,104.75045896468126,-1.472050925004977,-3.4785150540777487,-0.24169184290029697,100.56200000000001,102.24899999999997,106.04940000000012,105.17584999999991,18.44040283698505,7.188636,-20.137071836346333
EPD,Enterprise Products Partners L.P.,38.89,USD,1.1443433029908914,4892222,1.9506599526392323,83982070681.0,USD,Industrial services,Buy,38.59385807403204,38.33650274424302,37.90663582406966,-1.1941056910569077,0.8035251425609183,21.152647975077876,38.587999999999965,38.836999999999975,38.4624,36.596250000000026,13.518022871841218,3.005308,7.479358912093255
BN,Brookfield Corporation,37.51,USD,0.8604463565474597,6283960,1.2529594476415542,83735504647.87051,USD,Finance,Strong buy,40.46388163685991,41.41579792626422,42.23689248047183,-3.024819027921411,-12.010321369927292,-18.63340563991324,37.29399999999994,39.60700000000005,41.74200000000003,43.957400000000035,71.49926194310252,2.7420641259000003,78.2519800695957
EMR,Emerson Electric Company,149.92,USD,1.709633649932145,3929592,1.7029989154280938,83625373149.0,USD,Electronic technology,Strong buy,152.08070963577828,150.4834055224784,148.10281463134663,-0.6691843901146355,-5.775878323172663,12.527208586654657,147.68999999999988,151.72749999999996,151.02259999999995,143.60309999999996,32.76009002906278,6.560269,-1.699102117970537
DASH,"DoorDash, Inc.",192.94,USD,-0.8326480263157918,7216884,1.9401800898890178,83605518167.99998,USD,Transportation,Strong buy,204.79711033319114,200.2849077753045,195.26646284552243,-4.5087849542192595,-10.964467005076138,-16.014451747703824,197.21200000000016,214.78525,205.38130000000024,188.54484999999985,101.31274942239025,2.611669,5.953043284744631
MRSH,Marsh,175.01,USD,0.24630541871919942,7171880,2.6087993378514964,83516742300.0,USD,Finance,Buy,182.2121787337246,181.31689776368032,179.99172537298108,-1.9936159489275929,-6.411764705882358,-5.0973374545848955,177.30800000000022,184.67500000000004,185.6230000000006,177.7850999999999,21.415285969506375,10.447998,-1.9073111593907066
LITE,Lumentum Holdings Inc.,930.91,USD,4.1740804153937345,9268951,1.80537326645074,83502621750.0,USD,Producer manufacturing,Strong buy,885.9711926504964,865.8943760427806,829.9521424115684,-1.5529904451694498,4.338713292983627,145.3766671938426,883.5820000000001,900.1842499999999,841.7723,713.7277750000001,nan,21.548783,-34971.96776929601
DDOG,"Datadog, Inc.",229.92,USD,-2.576271186440683,5193592,1.485287746917743,82558533130.0,USD,Technology services,Strong buy,232.02013750284877,230.37203024548143,220.40132147453613,3.6983582897347955,-6.786669909997571,67.5191256830601,231.40600000000003,226.2610000000001,243.62759999999994,179.22772499999996,469.7037793667007,2.532359,41.43311181739381
MCO,Moody's Corporation,468.59,USD,1.452758292197103,1409295,1.9599295685622538,81159785936.0,USD,Commercial services,Strong buy,483.33649551277585,480.8519072314605,476.98995285086903,-0.7897188346883508,-3.8691147810031827,-8.069135996233236,468.172,489.6244999999999,488.2933999999999,472.6242750000008,29.713825530592704,16.93174,34.02768924810688
AMT,American Tower Corporation (REIT),173.98,USD,-0.9112655199909001,3655397,1.5440207416129392,81067727941.0,USD,Finance,Strong buy,175.11601201859182,175.28291316338647,176.1980760961038,-0.3493899994272373,0.5664739884393004,-0.7303434896724873,176.1200000000002,175.9855000000003,172.82159999999996,177.4655000000005,23.921681860055823,6.969845,164.01786038407087
INTU,Intuit Inc.,303.19,USD,-3.174400408775907,7699464,2.1203409183758697,81023281198.0,USD,Technology services,Buy,324.5002869595698,326.82028268721524,342.66297428322474,-3.1403744169701566,-13.205656704454368,-54.10384498940357,320.5739999999999,337.02849999999825,324.3588000000003,412.6294000000005,18.377156295838333,23.608833,20.323815775079325
REGN,"Regeneron Pharmaceuticals, Inc.",784.85,USD,-0.5826841471910853,2473436,3.3418533545725873,80804218461.0,USD,Health technology,Strong buy,778.1844012562116,758.8763353440601,741.4449723602974,-1.8937499999999972,-3.955113379101036,1.369066838876335,783.3519999999992,808.4189999999986,763.5692000000008,733.7967999999986,19.396684880792627,54.50926,1.954010824539639
CMCSA,Comcast Corporation,22.74,USD,-0.7420340462680127,64980390,2.0191004764364946,80695993509.0,USD,Consumer services,Buy,24.97169764083828,25.05881926282435,25.384243049280453,-9.797699325664427,-13.006885998469787,-18.777612323535564,23.73599999999999,25.72400000000001,24.987499999999997,26.88301185384993,7.3635127258597235,3.492697,-49.000049543375226
HPE,Hewlett Packard Enterprise Company,60.76,USD,-0.4587155963302771,26508525,0.954755312671562,80656754261.0,USD,Electronic technology,Strong buy,55.178151046935184,51.94208092202335,47.37809846652586,7.787830406244457,9.103968396480518,150.2471169686985,57.953999999999965,55.23299999999997,52.47079999999999,34.91920000000001,31.682135780581916,3.818972,142.2076281889366
CTAS,Cintas Corporation,197.64,USD,-0.16164881794302968,3986534,1.9672776879204208,79194567302.0,USD,Commercial services,Buy,199.1968025406848,196.3356208975758,193.06745407163407,-1.4313500573537503,-1.4853952746485983,5.363045100756996,198.96599999999972,201.36800000000017,201.49119999999962,187.52917499999958,40.26648737852209,5.502115,11.516790112237015
BE,Bloom Energy Corporation,265.63,USD,-5.388944294058981,73471745,3.5313788191775553,78235299758.0,USD,Electronic technology,Buy,244.13223748390106,239.65598116355486,231.12852168302234,-1.0744278718134894,24.97294754175487,193.28696036215084,266.5619999999999,240.44549999999998,225.4282,198.83875,361.9430440114457,2.698799,15514.893617021275
TRV,"The Travelers Companies, Inc.",374.62,USD,-1.2833012727608117,3290494,2.1196643368031345,78136370055.0,USD,Finance,Buy,368.7021764098354,360.4864973275965,347.96527638959435,1.0929109210135768,1.8542686242523092,29.801462180797614,377.8100000000002,370.9105000000003,369.93720000000036,316.18115500000016,10.03106089005516,34.075862,65.14110353488454
CDNS,"Cadence Design Systems, Inc.",282.9,USD,0.762216840005694,4134919,1.4216217256934882,77908679539.00002,USD,Technology services,Strong buy,311.5434058800172,321.7456738854238,327.41457878151687,-1.8424065785364847,-10.500174001075644,-10.389610389610393,279.31600000000003,304.2567499999997,324.77430000000004,326.084675,56.285066252835136,8.139418,35.99761891877266
SHW,Sherwin-Williams Company (The),320.73,USD,-0.06543279117591436,2853013,1.7358382588203938,77859828431.0,USD,Process industries,Buy,334.0438136263738,334.6213721280136,334.11709113724527,-0.2581166811792462,-8.691567499857648,-0.7795823665893216,322.16999999999985,332.34050000000025,339.26980000000054,333.51349999999996,29.569634724245386,12.108098,7.709876665806048
MDLZ,"Mondelez International, Inc.",60.85,USD,-1.918117343649255,17743719,2.1305619531395514,77663338841.99998,USD,Consumer non-durables,Strong buy,61.91148169779689,61.72708557416716,61.30911722027423,-3.2129791633529443,-3.1821797931583133,12.810530218761594,61.948000000000015,62.375000000000014,61.9752,59.35242499999997,22.319627333749036,3.048867,-0.4418638621092528
ITW,Illinois Tool Works Inc.,269.42,USD,0.7139920002990636,2096275,1.639996617168371,76730816535.0,USD,Producer manufacturing,Buy,274.94459891439874,274.520829570853,272.52794579546674,0.5523624692095314,-5.978014308148663,9.231704844921957,268.3800000000002,272.96100000000007,279.91979999999995,267.89390000000014,24.419468866128888,11.431316,-3.183629056318995
MSI,"Motorola Solutions, Inc.",458.67,USD,-0.2197180647406872,1747101,1.7846431093774866,75907031733.0,USD,Electronic technology,Strong buy,459.9912822565163,452.0036737057802,443.74643773073,-1.9684534496024577,-2.3566228126197455,19.657205468016283,464.42999999999995,473.8999999999995,452.9816,426.8857499999999,36.12655755265355,17.710264,2.1851634244689984
SLB,SLB Limited,51.12,USD,-1.8433179723502322,25219723,1.7449793445315096,75869404450.0,USD,Industrial services,Strong buy,53.6240847643981,53.01322617543906,52.109863742869344,-9.634081668729012,-4.8044692737430275,33.0903410570164,52.60400000000002,55.332000000000015,52.23540000000009,49.88679999999994,24.813124939326276,2.477941,-29.425870101397646
EOG,"EOG Resources, Inc.",144.23,USD,-0.8524094314979096,8275001,2.2118009066164137,75652840641.0,USD,Energy minerals,Buy,144.23628080571115,142.49770208384513,139.63960144707954,-1.770755295239408,-3.75683971706928,37.36190476190475,147.3819999999999,147.01500000000019,144.2401999999999,130.48034999999993,11.219846128713563,16.889567,24.99538130937449
ECL,Ecolab Inc.,269.46,USD,-0.8171378091872892,2572755,1.997767691614688,75537337516.0,USD,Process industries,Strong buy,276.46682245858415,275.6967053300672,274.40242480165193,-1.7322490062360965,-3.884430176565023,3.16232771822358,273.06599999999986,279.3220000000001,277.743,273.1225499999999,36.14874835663116,8.153985,-0.31693389855440474
BAM,Brookfield Asset Management Inc,46.06,USD,1.4090708938793495,3545591,1.1422299990448104,75456971744.12161,USD,Finance,Buy,49.05362501110665,49.01292511197662,48.898440076991164,-4.141519250780426,-11.406039623004423,-12.082458484443592,45.82599999999998,49.26249999999997,49.73480000000006,48.93524999999997,27.322365473831276,1.8398267958,10.931106900430727
NOC,Northrop Grumman Corporation,527.39,USD,0.6469465648854935,1259162,1.4149232612448328,74922625613.00002,USD,Electronic technology,Strong buy,536.3217998271566,543.6673222881203,556.1946741115511,1.0325670498084265,-9.592868775177857,-7.408837936059278,528.162,531.8004999999996,543.0472000000002,601.0352749999998,16.722419691862807,28.943937,15.966068289956544
APO,"Apollo Global Management, Inc. (New)",125.91,USD,-0.07142857142857414,5418691,1.95176478016649,74355298098.0,USD,Finance,Strong buy,129.65789051853102,128.95208327312105,128.12987968348537,-3.1461538461538487,-5.798294179260811,-13.171505413419762,126.35000000000007,131.04800000000012,128.65139999999997,127.71169999999992,47.62463121264846,8.767614,-50.116981132075466
SNPS,"Synopsys, Inc.",384.97,USD,0.9969305034499072,3235519,1.558361537079226,73774358479.99998,USD,Technology services,Strong buy,404.78827663095524,413.21368874720906,423.3531936249257,-3.6370463078848494,-4.999629839844037,-19.62041174259823,378.74800000000005,403.63699999999994,402.1586000000005,446.4778749999998,68.00869165812813,15.140179,-55.681346643178706
CMI,Cummins Inc.,532.23,USD,1.5938764602580788,1718384,1.4622446515334053,73269168688.99998,USD,Producer manufacturing,Strong buy,581.5833083143431,599.252215490695,606.1967200819422,-4.69684489488952,-14.355368177136977,4.266823391125483,532.546,555.3675,608.1594000000007,602.7476400000002,27.197747446202907,29.543556,-7.964331234156232
ET,Energy Transfer LP,21.14,USD,0.4275534441805218,14175019,1.7713974812798527,72791350608.0,USD,Industrial services,Strong buy,21.007482690063746,20.68140357747145,20.24993805882857,-2.174919018972693,-1.7657992565055716,28.510638297872347,21.223999999999982,21.37050000000001,20.819399999999987,19.10955000000001,14.484412470023981,1.690831,12.650509416486564
CI,The Cigna Group,275.28,USD,-0.2608695652174012,2331857,1.611210205694083,72740127003.99998,USD,Health services,Strong buy,280.2186505117445,281.14118295691856,281.54440651715765,-2.731352249037143,-1.548585529845156,-0.49880720017351704,282.1360000000001,280.59049999999985,282.9374000000001,279.85269999999997,11.384474138037989,30.510317,32.04187280888568
ROST,"Ross Stores, Inc.",226.61,USD,-1.2506536517343456,3980251,1.9357912278683833,72391272851.00002,USD,Retail trade,Strong buy,232.8700840727697,232.51730691755446,228.82881238147215,0.2832234367393967,-2.9881416156513505,25.483138601251458,227.4379999999998,230.77099999999973,236.98029999999983,215.17232499999992,27.38125445560107,8.485218,31.42299080558334
GM,General Motors Company,82.2,USD,-5.102747633341032,21148053,2.603096384497987,72126513753.00002,USD,Consumer durables,Strong buy,84.8041219668285,83.91960936741584,82.42284693132221,-5.787965616045842,-2.6988636363636376,0.9703967571551484,85.12799999999994,85.91150000000007,84.83900000000007,80.51014999999995,41.46070816100071,13.521397,-68.57106623125456
TGT,Target Corporation,158.19,USD,-1.0260902208596725,6815578,1.928543765077054,71865204455.0,USD,Retail trade,Buy,155.3198546972536,150.3169772816867,143.4091992974349,1.1833184085966446,7.029769959404591,61.56674496987029,157.16000000000003,161.29900000000004,151.7132000000001,125.64697500000004,16.415540750887242,10.078599,12.33563368460318
FDX,FedEx Corporation,303.65,USD,-0.7290440695697719,3030576,1.9982205370908026,71864977866.00002,USD,Transportation,Strong buy,316.80768366466395,316.9609469389118,312.75015031390143,-3.737636317524734,-8.248980208490712,30.510543957505494,306.4159999999995,319.2979999999999,318.4789999999993,295.66541365749976,16.380752009494525,17.690825,9.927059242127733
CVNA,Carvana Co.,65.11,USD,-1.10874848116647,14451382,2.015684599322803,71651198551.0,USD,Retail trade,Strong buy,69.32391623493767,69.18231287535956,69.28102721010444,-8.975255137704462,-1.0937262646209918,-22.79690760766458,66.82400000000003,71.47999999999999,69.211,73.0761850000001,30.202245106225064,1.619303,169.87981972959443
KMI,"Kinder Morgan, Inc.",31.84,USD,1.6927499201533094,35877724,2.3577703585373,70901376082.00002,USD,Industrial services,Buy,31.61022755483273,31.736718347167294,31.73522091409922,2.5112685125563465,-3.5151515151515156,15.823935976718811,31.121999999999996,31.407999999999994,31.773000000000003,31.269325000000013,20.539285253515676,1.531711,27.19067935674433
NSC,Norfolk Southern Corporation,314.16,USD,-1.5079788067843376,1898259,1.594208789509757,70562965688.0,USD,Transportation,Buy,328.7525098718802,328.0146632395872,323.845105601549,-3.634857826447031,-8.735438514946399,8.747274048945979,318.07999999999964,332.62600000000015,335.3997999999998,310.49615000000017,26.81964861957691,12.982846,-20.859119530848844
WBD,"Warner Bros. Discovery, Inc. - Series A",27.8,USD,-1.558073654390927,44151379,2.197538428682278,69797551747.0,USD,Consumer services,Buy,27.79604052210144,27.56756183100686,27.26595333009628,-1.5580736543909268,-2.6099141706078157,-3.4386939909690812,28.048000000000002,28.346000000000004,27.372,27.50432500000001,nan,-1.146103,-521.58940397351
CL,Colgate-Palmolive Company,87.47,USD,-0.29636384361108525,10844487,1.9725683793299105,69728704961.0,USD,Consumer non-durables,Strong buy,89.40111062840617,89.82029184952935,89.68661033990924,-0.9960384833050318,-5.0168313606254795,10.819713670340798,87.42199999999967,89.26950000000032,90.86480000000036,88.07717500000014,34.601843427350765,3.867289,-28.947664286918883
HLT,Hilton Worldwide Holdings Inc.,305.73,USD,1.0544060289548483,2947102,1.6753878186750784,68809097679.0,USD,Consumer services,Buy,315.73716594382284,318.8949364662845,319.24188266881686,-1.2149019354421762,-7.334889218925223,6.574406525603937,306.458,314.37949999999995,319.6722000000001,314.1776000000004,44.92263837665487,9.04184,4.542242703533027
ORLY,"O'Reilly Automotive, Inc.",84.71,USD,-0.2120391094357484,18011043,2.5143291360521314,68527069934.00001,USD,Retail trade,Strong buy,87.5669482254801,88.29436250024278,89.22185278320522,-1.6486706141878575,-6.845549018529729,-6.6453603702887385,85.13200000000006,87.19699999999982,88.47200000000008,91.5079,26.939100015900777,3.287014,12.468257090740005
DLR,"Digital Realty Trust, Inc.",182.12,USD,-1.161402366221636,4561212,2.1491193331509266,67566284757.99999,USD,Finance,Strong buy,187.60561105462983,187.7694025434602,186.76675562872518,-2.437456473991527,-7.637691449437064,17.770305225038815,181.172,186.484,187.57999999999976,180.0367499999998,88.58838408405487,2.708176,-46.11977460359062
RSG,"Republic Services, Inc.",218.07,USD,-0.39281962271046167,3639367,1.979550191902906,66775867266.0,USD,Industrial services,Buy,219.1252766220539,217.83114395563874,216.8058008755081,-1.6151590345138789,0.13776002204159568,3.571598195203031,221.13799999999992,221.82200000000043,218.37300000000008,215.22864999999976,30.888539497726597,7.27582,4.356116596700759
SPG,"Simon Property Group, Inc.",205.32,USD,0.41570890595197063,3098855,2.121050505061567,66431599157.00001,USD,Finance,Buy,212.62691587375116,213.78911434582585,212.05006765057408,0.009741841207979449,-7.530174743289498,11.302650837534555,204.35999999999987,210.38149999999968,219.16000000000025,202.7806499999998,38.96015180265655,6.705816,-25.407991394318557
NU,Nu Holdings Ltd.,13.65,USD,-1.372832369942193,70805832,1.0082256605929254,65936111405.99999,USD,Finance,Strong buy,14.308516979804649,14.204697897240724,14.189992365450038,-9.542743538767391,-5.405405405405402,-19.988276670574436,13.97999999999999,14.707999999999988,14.388600000000022,14.885600000000002,18.57648339684268,0.872276,56.40698169433802
RCL,Royal Caribbean Cruises Ltd.,245.81,USD,-1.5736365820453297,3201617,1.4673221673043622,65925006594.0,USD,Consumer services,Strong buy,274.437684345053,280.49083178728836,283.82256873244864,-6.890151515151515,-18.5816965320791,-11.737881508078994,250.82200000000003,267.9899999999999,289.2776,287.6134999999997,15.181516113492346,17.761253,22.036223309239748
HON,Honeywell International Inc.,206.46,USD,-0.01452854859799561,7046070,2.053286181072515,65435435032.00001,USD,Producer manufacturing,Buy,216.86130503068208,221.83729671144718,225.43152453992016,1.3947549356644746,-9.009175767511957,0.6483273265889024,205.08599999999942,209.74,224.83700000000022,229.8977500880004,7.634197477453493,8.321164,53.73390557939914
AEP,"American Electric Power Company, Inc.",120.0,USD,-1.3320177602368068,8021044,2.0228691657971396,65327687988.0,USD,Utilities,Buy,124.27242096625888,125.94873646076144,126.9530468936793,-3.6144578313253013,-5.778894472361809,3.9501039501039523,121.03000000000006,122.7139999999999,126.71559999999995,126.91302499999992,20.795064637992585,6.383186,-15.46518611839503
APD,"Air Products and Chemicals, Inc.",284.18,USD,-0.6780371871941834,2526596,2.1338905702427446,63282772744.0,USD,Process industries,Strong buy,296.19793850071403,296.1654224128381,294.10749017951014,-3.369716753374807,-6.556622385900302,15.85942596216569,287.0139999999998,298.91150000000005,299.0496,284.02125000000035,nan,13.445015,-103.09207216272551
ALL,Allstate Corporation (The),249.83,USD,-0.9436580627255047,3798346,2.077198463428778,63171503594.00001,USD,Finance,Buy,254.3608154942193,250.59427785312798,243.50265564048374,-1.8079628974570585,-4.557610024449869,20.667503863987644,254.516,256.723,258.1707999999999,223.6323499999999,4.989156178980961,35.268495,135.47341938821094
URI,"United Rentals, Inc.",1013.91,USD,1.1351281258416204,599224,1.3346159268627693,63108280210.0,USD,Finance,Strong buy,1044.2583545780485,1045.7893650740743,1026.26227802936,1.3899861001389964,-9.266550927997429,25.082964260600292,1001.1239999999995,1020.0045000000009,1070.1562000000001,936.4123999999996,24.36024650721382,49.47657,7.655638525983063
BSX,Boston Scientific Corporation,43.34,USD,-0.4822043628013634,29277732,1.2247439632951942,62809606413.0,USD,Health technology,Strong buy,46.19253956724571,47.588459214770545,51.11033803936926,0.34730261634638965,-14.685039370078728,-54.72210614291684,43.94400000000008,46.307999999999986,46.83479999999995,64.27759999999999,17.57430761120798,3.282808,46.7741935483871
AON,Aon plc,295.64,USD,-0.13849011991218543,3187662,1.2914653771170852,62712768929.00001,USD,Finance,Buy,328.0019558817335,333.3619524087715,335.40168025451794,-4.8930352259932555,-14.115562269412901,-15.800865800865806,301.6939999999996,324.8090000000001,345.55660000000057,335.2379500000007,16.30118934059693,18.788566,51.84785156904115
TRGP,"Targa Resources, Inc.",292.19,USD,2.4976321605219787,3843224,3.3212055472220596,62654598801.0,USD,Utilities,Strong buy,285.28444992149076,279.86131691699154,270.74647906416965,0.09249109345025411,-2.048273550117336,58.94576510906815,286.99199999999985,291.03100000000006,281.4749999999997,243.24715000000012,27.89509861951769,11.271792,49.97780673243511
COHR,Coherent Corp.,317.36,USD,7.223461044665178,10170451,1.44703369468445,62149318364.0,USD,Electronic technology,Strong buy,306.6219375006719,310.49813626189234,307.77850314168666,4.67708951777822,2.668952799974119,68.80851063829788,288.18800000000016,286.58599999999984,296.76780000000025,282.96645000000007,77.17335797485592,9.442466,nan
MET,"MetLife, Inc.",97.04,USD,-0.31843862352335706,7313755,2.2923512046075984,61666681744.0,USD,Finance,Strong buy,95.91832141335674,93.95870481902081,90.93880356684129,-0.9795918367346875,0.25829114577952267,22.928806688624285,97.51799999999993,96.56299999999995,95.84599999999992,82.91830000000002,18.569405641241534,10.027122,-11.437626044367619
MRNA,"Moderna, Inc.",154.04,USD,-2.5495033845764543,20238492,1.621272163025936,61498290789.99999,USD,Health technology,Buy,122.033934939294,105.69117245694927,89.96580756012142,11.700083390739996,32.7702120324082,416.3928930606772,149.63799999999998,145.8915,98.1666,60.251325000000016,nan,-8.314348,-6.204860141255336
AJG,Arthur J. Gallagher & Co.,239.48,USD,-0.7994697816991868,1709710,1.357722482893567,61378719982.00001,USD,Finance,Strong buy,249.01060262642952,246.00319639516613,242.11493371420949,-2.630615978857491,-3.992944194996796,-6.856987281708227,245.20200000000006,256.0189999999999,254.00359999999998,233.72760000000017,39.62407756709355,13.251295,-8.900712961427725
PCAR,PACCAR Inc.,116.06,USD,-1.1077027948193567,10714586,3.3985438064799824,61089912398.00001,USD,Producer manufacturing,Buy,123.95256528942889,124.09924556663056,122.9900391204161,-6.741663318601848,-10.065865943432785,5.710902632298019,119.39200000000021,123.79299999999955,127.58859999999997,120.68617499999999,24.431626810373864,5.94766,-18.58504147528622
NBIS,Nebius Group N.V.,223.54,USD,2.545988348089354,21347655,1.2734176509944128,60770516289.00001,USD,Technology services,Strong buy,220.45380595598564,215.68589673452715,204.07764158702605,-4.795570698466788,-3.7792699724517913,156.98683681094442,214.09199999999993,217.3959999999999,211.95880000000005,160.70507499999997,nan,-2.083291,-114.14427157001417
MPLX,MPLX LP,59.44,USD,1.3988399863527812,2487768,1.8144418681537726,60263734555.0,USD,Industrial services,Buy,59.06167245121256,58.5737674208624,57.94292922157377,-0.4021447721179658,-0.033636057854024765,11.645379413974446,58.66000000000004,59.11999999999991,58.629200000000026,56.672449999999955,12.794076497556985,4.285736,10.254402202287725
TDG,Transdigm Group Inc.,1086.05,USD,0.9330768301409805,809485,1.8604890085466865,60033071144.0,USD,Electronic technology,Buy,1173.0886104276199,1196.2350900197844,1216.4502384506657,-4.577604006501791,-12.060728744939274,-18.28250679066688,1087.678000000002,1147.4539999999993,1203.3768000000005,1258.6087000000014,32.93306041998332,41.123341,9.481962989768064
MPWR,"Monolithic Power Systems, Inc.",1217.8,USD,4.122847517912415,1427382,1.872460654742446,59846349695.0,USD,Electronic technology,Strong buy,1283.9799798512133,1313.73069797786,1320.555369511328,1.4157228514323785,-7.82063703524282,31.284328997795388,1164.1379999999983,1229.5379999999998,1303.0658999999996,1263.5966,74.62741445239729,27.420919,-57.50593725261448
GWW,"W.W. Grainger, Inc.",1266.61,USD,0.316804080436556,355317,1.3293657548868598,59658521816.0,USD,Distribution services,Buy,1303.6849401186482,1303.5280642735431,1282.8875672283202,-1.7370054305663383,-4.040335166750015,25.745572234135487,1266.9040000000005,1294.674000000001,1324.7226,1192.6684500000001,32.14933866697802,46.521955,-0.5866737992742951
TEL,TE Connectivity plc,205.42,USD,-0.5711519845111359,4230976,1.993762611880593,59471803913.00001,USD,Electronic technology,Strong buy,207.63967772489866,207.88517048375695,208.9372660537432,-1.6187739463601647,-1.2593731974620288,-10.842013888888896,203.802,204.84099999999998,206.69259999999966,215.36344999999974,20.13664925058571,11.446214,110.62705180352239
TFC,Truist Financial Corporation,48.56,USD,0.22703818369452927,17198166,2.103994664092016,59322170955.0,USD,Finance,Buy,50.55825547648111,50.62889624898642,50.37398094535245,-4.690873405299314,-7.345926349933208,-1.4110242614962953,49.202000000000005,50.173,51.347200000000086,49.85945000000012,11.148353918912713,4.63597,18.367346938775523
MSTR,Strategy Inc,153.92,USD,16.38563327032135,54673862,2.318946247535196,59139989835.0,USD,Technology services,Strong buy,127.65990253765754,124.13828265911359,127.74379145322854,17.79291344608556,62.809392849587454,-0.43340448929427255,135.77800000000002,131.644,110.81520000000002,137.04237500000022,nan,-23.455469,-955.7415004313606
COR,"Cencora, Inc.",308.78,USD,-0.20361332859314576,3344625,2.391451671672714,58923616085.0,USD,Distribution services,Strong buy,315.54708258726123,312.353945992201,310.94932333310123,-4.6945893391771465,-1.6718147947648316,-8.422800877869397,317.2420000000001,323.83799999999985,316.62439999999987,319.83514999999994,22.95642605961028,17.875464,38.36887530989928
OKE,"ONEOK, Inc.",93.46,USD,0.25745548165629145,12082947,2.8618438185287944,58918041356.0,USD,Industrial services,Buy,93.63696331793052,92.55231762432004,90.92513527335444,-2.706641682281916,-4.320229320229333,27.225701061802344,94.21400000000008,94.90299999999975,92.8745999999999,86.02400000000003,16.14524850139064,5.714156,12.846755170867707
OXY,Occidental Petroleum Corporation,58.84,USD,-0.7589812784617908,14211910,1.5237339360147346,58818664188.0,USD,Energy minerals,Buy,58.84579843038249,57.94769698171072,56.77238762624046,-3.6041939711664415,-1.9660113295568138,42.67701260911736,60.55800000000001,60.33799999999999,58.04799999999993,53.26337499999977,17.43252451633929,6.308052,98.32540102238676
AFL,AFLAC Incorporated,116.33,USD,-0.23156089193824703,6747739,2.7879668382729106,58321269654.00001,USD,Finance,Buy,118.06726823276982,118.46466495631759,117.886547600501,0.5271344624956787,-3.0664111324056385,5.620119847466858,116.86000000000001,116.48150000000003,120.73640000000003,114.81525000000002,12.466644518984491,7.010224,110.97696081756314
FIX,"Comfort Systems USA, Inc.",1651.37,USD,4.918168187247443,831831,2.4067073980493032,58118857766.0,USD,Industrial services,Strong buy,1667.7624225579516,1683.2327538879754,1662.8635302852792,1.2632069513174702,-5.682889078001223,75.97719522591645,1594.451999999999,1597.2405000000006,1674.5952000000007,1522.2816500000004,40.62860587272884,49.007236,108.88515440711674
TER,"Teradyne, Inc.",371.47,USD,5.1935547815252265,4292775,1.4774391172318697,58075896371.00001,USD,Electronic technology,Strong buy,371.8950162093848,370.4598707426645,361.04961613832216,-2.3398270105423604,-8.320890457445358,86.39670831451656,345.56000000000006,357.65949999999975,364.25470000000035,324.8505499999999,50.96519269554241,9.218135,152.82528009989946
NXPI,NXP Semiconductors N.V.,227.99,USD,0.0175477078306736,5218639,1.333746152787293,57490910347.0,USD,Electronic technology,Strong buy,236.82794161385442,243.87779311375417,247.8862702829045,-0.8049077619213341,-1.1960996749729105,3.3476122481358175,225.1000000000002,225.4739999999998,240.6494000000002,245.2524250000002,19.457886337062927,15.083894,39.66719511759026
CRH,CRH PLC,86.15,USD,-0.634371395617067,7015728,1.4444764628094247,57314259385.99999,USD,Non-energy minerals,Strong buy,93.70281316154286,96.87103412360887,100.47013901781366,-3.5922112802148543,-8.277881288261902,-31.354581673306768,87.24399999999991,91.62000000000002,96.36500000000005,110.30964999999995,15.19212795598427,5.872473,18.52726626674749
KEYS,Keysight Technologies Inc.,335.0,USD,1.0741008930726534,1708733,1.592816718967194,57031991577.0,USD,Electronic technology,Strong buy,331.403655030363,329.8502821281591,323.0654866080026,0.8550096339113604,-4.011461318051576,63.16789245531148,323.3600000000001,323.67350000000044,326.29659999999984,294.95835000000005,46.14261511549427,11.458355,131.29440249769027
BKR,Baker Hughes Company,57.25,USD,1.210996199063029,21056570,2.145873633191625,56830590637.0,USD,Industrial services,Strong buy,60.277209134658136,60.38972157933277,60.129783610649696,-4.5594732016337405,-12.058371735791082,25.21872265966754,56.726999999999975,61.06474999999997,60.60380000000002,58.93577500000002,18.396529562982003,2.643682,1.8091405764386397
NUE,Nucor Corporation,248.38,USD,-6.321188805913853,3199541,2.649794495521039,56351380367.0,USD,Non-energy minerals,Strong buy,253.13319833418524,249.0207450689281,239.7521808443279,-3.8442181874491914,-7.372739138541855,50.36929410340234,257.5299999999999,254.87050000000005,254.2764000000001,210.67070000000015,19.815550556060824,18.840221,126.28899480069322
FAST,Fastenal Company,49.01,USD,-0.34566897112647765,11663763,1.7686614481804348,56238859403.00001,USD,Distribution services,Buy,49.2761545009881,48.74612330773944,47.956385227445466,-1.209433581939128,-4.612689762553531,21.733730750124195,49.213999999999984,49.61524999999996,48.988499999999966,45.78322500000002,41.707088758403536,1.269009,13.569150478399544
D,"Dominion Energy, Inc.",63.58,USD,-1.1043708197231419,9230144,1.858424753283869,55920260871.99999,USD,Utilities,Buy,65.96303731209805,66.44087706821841,66.2436277615766,-3.0053394355453835,-8.306893567926167,7.927346800203704,63.94200000000028,65.53049999999999,67.8972,64.25230000000002,22.110937228308117,3.586569,-0.6529850746268628
LNG,"Cheniere Energy, Inc.",268.34,USD,-0.559570131554585,3031864,1.268692822048393,55421372832.00001,USD,Industrial services,Strong buy,272.91275526722086,268.09842452422697,261.7693986708524,-3.39141705069125,-2.112136577536213,37.992389180294126,270.2399999999999,280.4085,270.4214,243.28240000000008,19.966962319185665,5.502616,-21.674311258239555
PSA,Public Storage,296.31,USD,-1.479585051203614,1719836,1.9924781411835497,55366203051.99999,USD,Finance,Buy,308.57040521620127,310.95968890050256,310.04646196064346,-0.18191005558363496,-9.023641387780161,14.361250482439205,296.76600000000025,305.11300000000057,315.60599999999926,298.93694999999957,28.255790668179692,10.054272,14.418670623663427
AME,"AMETEK, Inc.",237.64,USD,1.4168658245134829,1739947,1.2145112832233051,54481642295.0,USD,Producer manufacturing,Strong buy,240.1095029956991,239.04707458403925,236.0293779712737,-0.11348829389265279,-5.836668383722319,15.359223300970868,234.45,237.138,241.3620000000003,227.85364999999976,34.735580436752706,8.341889,10.327366553781657
FANG,"Diamondback Energy, Inc.",192.42,USD,-2.2951152635320455,8100578,1.949995711519153,53882285497.00001,USD,Energy minerals,Strong buy,198.17458528743055,196.65129787124434,193.39466796034935,-5.989837795583358,-8.736482640865118,27.350342499751807,200.22899999999987,201.86225000000013,199.3704000000002,183.21869999999987,37.27986050566695,20.756698,-63.303828516583124
CTVA,"Corteva, Inc.",80.53,USD,-1.2265423770391268,7613381,1.5222689017326525,53729291768.00001,USD,Process industries,Strong buy,82.59139861876231,82.24927842668141,81.36812401567688,-4.472123368920517,2.7168367346938718,20.19402985074627,81.8,84.18400000000005,83.06919999999997,78.15809999999992,53.23945524262859,3.766794,-26.404904393519196
O,Realty Income Corporation,56.66,USD,-1.1514305652477386,15214847,1.8706308604033184,53612716190.0,USD,Finance,Buy,60.71345800632974,61.453015584397725,61.83026399232183,-5.0762271737309455,-9.503274237342282,0.5501330967169391,57.82199999999996,60.55399999999995,62.48760000000002,61.94110000000001,41.44236395552955,1.520759,33.38536585365854
DVN,Devon Energy Corporation,48.61,USD,-0.22577996715927637,39692211,2.660618985573954,53471000671.0,USD,Energy minerals,Strong buy,47.4943453593214,46.70151100226838,45.88170718296083,-2.0946626384692832,0.8087930319369568,32.52453653217012,49.36600000000004,48.67200000000002,46.216199999999915,44.10752499999998,11.51104691089062,5.125147,-5.407342696503363
NTRA,"Natera, Inc.",369.39,USD,0.840817886489581,3718175,2.4614322054308104,53245415235.0,USD,Health technology,Strong buy,323.694369056965,304.5659300750362,282.6466902684684,11.875340723241862,15.071181583128253,61.340904127538764,354.722,335.33675000000005,304.2839000000002,240.69475000000003,nan,-1.347542,28.01767211907642
SRE,DBA Sempra,81.31,USD,-1.0586517400827506,6148516,1.7829201938464316,53168639165.0,USD,Utilities,Strong buy,84.73392034011253,86.4038883982578,87.96620113827886,-3.820676602791582,-6.936019228568161,-8.35211902614968,81.87599999999986,83.56950000000008,86.86019999999999,90.58231500000004,23.563334975512216,5.11731,-16.443895588164086
GRMN,Garmin Ltd.,274.06,USD,-0.4684946431814129,2424715,2.710091420730959,52853162203.0,USD,Electronic technology,Buy,279.2856565749783,273.5823388938814,264.9755397115637,-0.18938014422025706,-9.191517561298877,34.56080915205972,277.1379999999999,280.82900000000035,279.00820000000004,242.15529999999998,28.261766283050775,10.169199,19.64318762260799
NKE,"Nike, Inc.",35.51,USD,-2.3377337733773413,52045844,1.5688217827943312,52679036841.00001,USD,Consumer non-durables,Buy,38.92718222389986,40.42247270189651,42.78612428146171,-3.5054347826086936,-12.375077112893278,-44.515625,36.18399999999998,38.00000000000004,40.44920000000002,50.22165000000004,16.924030121056145,1.701088,-2.8296207104154196
F,Ford Motor Company,13.21,USD,-2.939015429830996,111376399,2.1000005969489,52676136498.0,USD,Consumer durables,Buy,13.991856517387001,14.02494687124593,13.926991115088018,-6.245564229950312,-5.978647686832739,0.22761760242792972,13.50599999999998,13.889999999999986,14.09919999999999,13.530125000000012,nan,1.850104,-320.88809493428613
ALAB,"Astera Labs, Inc.",303.25,USD,3.3008584275786887,7073825,1.5618618693078756,52609358826.0,USD,Electronic technology,Strong buy,306.59942671601743,306.70398623964843,293.8645675417437,3.756800218975611,-0.25655362957601974,76.631621865626,275.1140000000002,285.69800000000004,305.3770999999999,231.18684999999994,149.31068439192515,3.994019,256.1283534981589
CAH,"Cardinal Health, Inc.",225.38,USD,-0.4241406733233224,4143251,2.2905237546038584,52417919021.0,USD,Distribution services,Strong buy,232.59819021001277,230.28733136606215,225.83273782776655,-5.607907191020653,-4.665623281587074,10.172557070929267,230.35999999999999,236.30050000000034,233.55259999999987,216.82054999999988,31.14015695810766,12.544151,12.39381939591583
DAL,"Delta Air Lines, Inc.",79.62,USD,0.23920433085735582,24906966,3.3115551561291294,52359943939.0,USD,Transportation,Strong buy,82.18935657306595,82.35417921814914,80.83552959831886,0.27707808564231595,-8.18726937269372,13.987115246957783,79.12199999999999,79.78549999999996,84.36680000000003,75.03245,13.227451697041184,6.260448,-12.686577989236861
NDAQ,"Nasdaq, Inc.",93.54,USD,2.442229766728731,6452044,1.954417431879082,52286742388.0,USD,Finance,Strong buy,94.16975633683776,93.21149963131236,92.05440789082965,1.200908795845504,-3.696077422011726,-3.8149100257069346,90.88199999999992,95.41000000000005,94.4176000000001,90.55155000000002,27.258421727474065,4.129092,31.852762621993403
AU,AngloGold Ashanti PLC,103.29,USD,0.9085580304806632,7755963,2.971631967065762,52162222741.99999,USD,Non-energy minerals,Strong buy,102.42940709153993,99.46483023450577,96.97258395754399,-2.3077650619502483,-0.18361035948975427,18.567410893646343,101.316,109.75199999999998,96.03619999999997,96.12255000000003,13.823423134058698,8.949335,9056.985294117647
COIN,"Coinbase Global, Inc.",194.25,USD,11.657182272805656,21919523,1.982242984780302,51250337250.0,USD,Finance,Strong buy,176.45546517495092,173.74753646016492,176.42566869469098,11.605860384946848,31.694915254237287,-15.761399856891954,179.25800000000032,180.95,166.66120000000006,189.2210500000001,nan,-3.122227,-137.16237133348812
EW,Edwards Lifesciences Corporation,88.26,USD,0.011331444759212595,4258353,1.2174415348441003,50873067386.0,USD,Health technology,Strong buy,88.16559630214525,87.89274031570392,87.08354859806708,0.8570449091532396,-3.5093473269924496,3.2763866136204207,87.41000000000012,88.75900000000004,88.58359999999998,85.0058,52.373605506764775,3.001079,15.046422719825225
STT,State Street Corporation,182.87,USD,-0.10924782869939839,5574927,2.783997979315348,50234707994.0,USD,Finance,Strong buy,187.10074185221592,182.58560199049094,174.50099395223958,-5.761401700592634,-5.140574748417884,42.21168053503383,184.42600000000016,189.9665,187.04080000000002,152.22960000000012,16.123827325950483,13.651539,27.095263175588595
EBAY,eBay Inc.,111.84,USD,-0.9388839681133767,20887211,3.207380195263847,49768798370.0,USD,Retail trade,Buy,108.13309217780264,107.97644458340396,106.59202812555277,5.708884688090744,7.7456647398844,28.55172413793104,110.18600000000004,106.2809999999998,108.41550000000002,99.84144999999998,23.15384137631203,6.14079,6.7398846485316035
CIEN,Ciena Corporation,348.8,USD,1.321713870733482,4868339,1.5951779307231795,49462814479.99999,USD,Electronic technology,Strong buy,372.98333326244096,390.26007144188867,398.2056797956623,3.526059598717795,-16.05294825511432,44.73029045643154,337.504,356.21900000000005,383.959,383.785425,77.83282010086134,7.166445,362.8589134476348
BDX,"Becton, Dickinson and Company",180.94,USD,-0.2425846289557822,6416945,2.946894909621352,49285670121.0,USD,Health technology,Buy,178.4606176351324,173.7670364058469,168.78341364767323,1.8806306306306326,-1.507811224212079,18.506375909751704,182.5999999999995,185.08300000000014,174.7918000000002,161.10799533274934,54.57561681848344,12.670374,-40.38122639812983
ETR,Entergy Corporation,102.01,USD,-1.2583486593746946,6131637,1.8632439575602529,48738080309.0,USD,Utilities,Strong buy,106.31930833135176,107.5931098856614,107.98496567715671,-4.404460687845552,-6.309698750918434,10.19768823592958,102.83999999999999,105.61049999999977,108.48619999999991,105.93695000000011,26.08284326259269,4.399154,-2.653325368379127
TEAM,Atlassian Corporation,192.02,USD,-0.26489378278709336,8903996,2.5709504984972464,48607717345.0,USD,Technology services,Strong buy,166.30314583869074,149.36633719454454,134.44460079152944,7.507978276692231,18.8169048944991,18.42851856420379,191.48200000000006,183.84374999999991,144.27140000000003,110.97492499999997,nan,5.494336,80.95723014256619
AMP,"Ameriprise Financial, Inc.",544.33,USD,-0.2510536925050402,1374495,2.154110094624469,48082423934.0,USD,Finance,Buy,546.7922325892641,534.841457434321,519.9666360538122,-2.798214285714278,-3.709534760304248,11.087755102040823,549.754,554.7024999999994,548.1308000000001,492.18795000000006,13.130433524059479,46.473846,28.977620972132762
FITB,Fifth Third Bancorp,52.91,USD,-0.6758025154871532,9911821,1.7595896304402503,47983686170.0,USD,Finance,Strong buy,54.84125915773107,54.734563875247794,53.9068649235191,-4.148550724637692,-7.677543186180432,12.934898612593374,53.527999999999984,54.280499999999996,56.06779999999995,51.413150000000016,18.00823661549981,3.06046,-8.564404195064261
VMRK,Vivmark Residential,61.22,USD,-2.8408189176321206,15383789,2.0041920288786876,47370758289.99999,USD,Finance,Buy,65.0793554259081,65.51822121334301,65.44574499473218,-6.448655256723715,-4.745604481095374,-1.7650834403080895,63.83400000000004,65.34799999999998,66.43699999999997,64.05775000000006,26.868553873162167,1.2675,-12.81472411418075
WAB,Westinghouse Air Brake Technologies Corporation,280.23,USD,0.5057026038304372,1545600,2.076188152939413,47333887360.0,USD,Producer manufacturing,Strong buy,284.8432042041243,282.00557897001244,275.707328295634,-1.2335671236739152,-5.369263499138884,31.181537309240717,278.392,285.58900000000006,286.37459999999993,257.7208999999995,37.74039756504875,10.862538,10.817264640916962
VST,Vistra Corp.,140.67,USD,-2.013095569796611,5268940,1.1180404188627302,47213801967.0,USD,Utilities,Strong buy,145.46072096901975,147.53350211173523,150.4090573035103,-5.47641446042199,-0.04973710387950945,-14.168039538714993,141.3759999999999,142.26949999999997,147.4556000000002,156.4330000000001,23.744978224908003,8.528965,-6.008345364832065
WDAY,"Workday, Inc.",193.87,USD,-2.714773183460456,7810355,2.5068186540683945,46722668823.0,USD,Technology services,Buy,184.7971631543574,175.32630806524568,167.5876250948526,4.557221443210019,1.8545760218556273,-9.911710037174712,193.15800000000007,194.54700000000003,176.09180000000015,158.74470000000008,39.345293664001304,11.084453,127.87772279517178
AZO,"AutoZone, Inc.",2855.31,USD,0.38673702936740373,428838,1.2619444464062488,46613951854.0,USD,Retail trade,Strong buy,2958.2350743220213,3014.7663758771023,3103.4854496862845,-1.3771164487182108,-7.955578479094806,-15.405992338481502,2874.885999999997,2936.3085000000074,2996.862599999999,3336.1519999999996,19.63101817889307,150.627187,-1.5630245048673954
HUM,Humana Inc.,386.22,USD,0.4421096431915234,1681385,1.8184076537757277,46377416319.00001,USD,Health services,Buy,388.978681030398,377.3430428679954,355.5455467682297,-4.580492143492431,0.316883116883124,50.843618184658645,391.8199999999999,394.2154999999999,388.6491999999999,287.01545000000016,36.57594181487585,9.157899,-18.957127726526167
ROK,"Rockwell Automation, Inc.",415.62,USD,1.358370930374343,1099766,1.4478639002720324,46154053155.0,USD,Producer manufacturing,Buy,435.5887307032517,439.637230704893,437.4843110605565,-2.633181839478988,-4.824933018846319,6.025510204081634,415.2880000000002,425.12999999999977,443.6029999999996,422.2350999999998,38.95512315824992,13.225617,25.185680594177896
LHX,"L3Harris Technologies, Inc.",247.29,USD,-1.2656711650563028,2845995,1.6381626252828225,46049010861.0,USD,Electronic technology,Buy,264.12928476232605,274.08020100072383,285.0118289513928,-1.3090154447858886,-11.996441281138793,-15.887755102040819,249.4159999999994,256.8169999999997,274.7050000000001,312.76939999999945,24.976769553975434,11.943813,10.543180930050802
XYZ,"Block, Inc.",76.28,USD,-0.24846344971884102,5974505,1.6909358470882432,45828792824.99999,USD,Commercial services,Strong buy,79.61097258635138,78.62305899447364,76.56438830749931,-4.002013591744265,-4.3630892678034146,16.068167985392577,77.43599999999998,80.56150000000004,80.47039999999996,69.48645000000002,135.80202955314226,4.057084,-87.9842556741609
VTR,"Ventas, Inc.",86.69,USD,-1.1629232698666014,13558175,3.1791452917941947,45455586369.99999,USD,Finance,Strong buy,90.40312490063579,90.35543642506505,89.27134182736266,-4.8617208077260825,-5.391247408054128,12.046012666408158,88.05400000000004,90.80950000000004,92.44240000000012,85.57874999999994,159.00586940572265,0.582831,26.057803468208096
ADSK,"Autodesk, Inc.",216.95,USD,-0.7729601170874487,4852509,1.7545917064536096,45342549362.0,USD,Technology services,Strong buy,227.73675139845037,228.53137508503204,231.0370625356726,3.064133016627073,-11.045963344130552,-26.706081081081084,222.26599999999993,235.15025000000006,233.20370000000014,243.49695000000003,28.103059664758153,12.59312,60.05888329082955
XEL,Xcel Energy Inc.,72.3,USD,-1.8063289420073316,9015326,1.3821158801932372,45161064571.0,USD,Utilities,Strong buy,76.08897918223764,77.08346041582176,77.81145609548294,-5.230043255996866,-9.17085427135678,-2.059062584665397,73.05799999999991,75.52649999999994,77.61879999999991,78.35737500000003,19.790868279864227,4.115791,1.3426542387927207
CRWV,"CoreWeave, Inc.",81.36,USD,1.8527791687531345,66368821,1.9155360584494492,44873016940.0,USD,Technology services,Strong buy,86.99943268747373,88.52449875685846,90.38105963577438,-10.67193675889328,-13.65807067812799,10.050047342080337,81.69800000000006,86.20700000000002,85.06980000000003,92.07747500000005,nan,-4.071148,-47.0942608136873
PYPL,"PayPal Holdings, Inc.",52.41,USD,-1.0011333585190805,29083585,2.4878381267813694,44834704405.0,USD,Commercial services,Buy,54.53342205598727,53.6304020129158,52.58048151635497,-1.6882386043894309,-13.464872451085613,-10.66984830407364,53.18000000000005,55.61174999999993,56.54949999999999,50.670225000000066,9.90400241883669,5.386972,13.295366960691968
CARR,Carrier Global Corporation,53.88,USD,-0.9376723662437911,21422983,2.62183594920921,44414635827.0,USD,Producer manufacturing,Strong buy,59.69175554404895,61.43046954496678,62.385440717469535,-6.017791732077439,-13.29256517541036,1.4498211259649842,55.065999999999974,57.67800000000004,62.14619999999998,61.542475000000024,37.967726023536045,2.894738,-43.37642646237332
CCEP,Coca-Cola Europacific Partners plc,99.77,USD,-0.706608280254785,4908136,2.3270357027460205,44219820544.0,USD,Consumer non-durables,Buy,104.37163298731082,103.9355770625809,102.50022640788924,-4.288181120491173,-7.517612161661106,10.072815533980577,102.13199999999992,105.91849999999984,106.61140000000005,98.26034999999995,19.274757544144354,5.14035539883,42.72872663100424
A,"Agilent Technologies, Inc.",156.47,USD,0.08315210438786969,4852144,2.189389276435087,44113404844.99999,USD,Health technology,Strong buy,149.00272178875244,144.8249707089992,140.11679965138111,8.298726467331125,3.574501886542666,14.848796241926005,152.71400000000003,151.73749999999964,145.4308,131.54900000000006,30.806638971471322,6.202199,19.1074736768051
IQV,"IQVIA Holdings, Inc.",266.42,USD,-1.1208432304037939,5595941,3.0883796393721337,43852735835.99999,USD,Health technology,Strong buy,250.98824639513202,238.15292308380788,224.6911169161598,2.9364036782319847,10.795974382433672,18.193514041080707,268.0039999999998,263.15849999999995,241.33919999999986,203.62825000000004,33.047620228983966,12.968094,16.773614148934634
EXC,Exelon Corporation,42.07,USD,-1.336772983114447,11201514,1.4868368611689904,43426921521.0,USD,Utilities,Buy,43.99108196026268,44.63783759833579,45.166106127305476,-3.8619744058500864,-7.963246554364472,-3.420569329660243,42.413000000000025,43.53575000000003,45.040299999999945,45.79627499999999,15.413079318556512,2.857226,3.6177966745121837
CMG,"Chipotle Mexican Grill, Inc.",33.43,USD,-0.2387347060578881,22531974,1.844587389671533,42302923081.0,USD,Consumer services,Strong buy,35.254578982450276,34.97176189295269,34.82749286991371,-7.728401876897592,-0.6833036244800859,-10.25503355704698,34.496000000000016,36.566500000000055,35.085800000000006,34.98387499999998,30.836638686468035,1.149675,-4.172191284363114
KDP,Keurig Dr Pepper Inc.,30.96,USD,-1.495386573337572,22568946,2.068676540736683,42131173256.0,USD,Consumer non-durables,Strong buy,31.453383440811788,31.236546122422435,30.806058363439526,-2.3343848580441593,-0.22558814050918558,11.286843997124373,31.45199999999999,31.960250000000002,31.160500000000003,29.321125000000002,31.377318333840073,2.292431,-12.456747404844288
VEEV,Veeva Systems Inc.,260.21,USD,-1.3421800947867375,6003019,3.667909625632442,42130298911.99999,USD,Technology services,Strong buy,248.09994330608075,233.42294186841883,220.38365474501904,-0.6111302089301489,6.950267159884902,16.4719573877624,264.22999999999996,266.10750000000047,234.12399999999994,199.18044999999998,42.811075829617806,9.235162,24.69687955193567
MDLN,Medline Inc.,31.64,USD,-1.4943960149439506,19953959,2.4503482039877196,41597343558.0,USD,Health technology,Strong buy,34.818857248366925,35.98535059954795,37.37398741640969,-3.330278032386179,-8.686868686868682,-24.504891434025282,32.289999999999985,34.19200000000004,36.295100000000005,nan,37.10131332082552,1.492227,-46.20915857196922
FERG,Ferguson Enterprises Inc.,214.43,USD,0.07934285447587787,2092061,1.5537316657396782,41482063834.0,USD,Distribution services,Strong buy,228.59889353767352,231.35063968615611,233.50103527518925,-4.066750178954905,-12.35950463890137,-3.9119913963075774,216.0919999999997,224.93099999999998,233.69200000000004,238.61950000000036,19.194206738515522,11.364804,37.48477054284554
WAT,Waters Corporation,421.63,USD,-1.882621241738814,1035742,1.5750068695616604,41424350218.0,USD,Health technology,Strong buy,405.7764888115727,395.8402077057895,383.7622597692641,3.7296725465593936,3.9188622975870597,11.204008967427145,419.41799999999995,412.8204999999999,398.5046,361.6177499999995,105.28116260487414,14.573043,-63.8963263466306
PAYX,"Paychex, Inc.",116.14,USD,-0.3175693073555957,9586639,3.0299874168768595,41343571423.0,USD,Technology services,Buy,117.92444840433784,115.27140507839141,111.9835716893198,0.9649656611318781,-3.3053034718174996,3.5854441669639634,117.23599999999996,121.32425000000003,118.6813,104.29667499999991,23.74856862424342,5.959262,6.805276491657191
ADM,Archer-Daniels-Midland Company,85.18,USD,-3.3034396639800163,10796437,2.3882716364537613,41053318426.0,USD,Process industries,Buy,83.08083160934814,81.71018896761687,79.56417705469174,-1.9228554979850174,3.499392466585674,48.293871866295284,86.26400000000004,83.728,82.51340000000003,73.32167499999996,23.316544399430637,5.372481,60.792253521126774
RVMD,"Revolution Medicines, Inc.",190.95,USD,-3.0415354930435714,5940042,2.965060453860691,40927539849.0,USD,Health technology,Strong buy,198.40609205284875,191.39589537993865,177.83268172343708,-6.8445702019709245,-12.744470846280393,137.82538298667328,198.75600000000009,206.91750000000008,199.10449999999997,139.82042500000003,nan,-9.715462,-95.67340777410264
PRU,"Prudential Financial, Inc.",118.4,USD,0.3985415076740429,3154853,1.9049508991877768,40848000526.00001,USD,Finance,Buy,119.370151050019,117.51801117820897,114.65499001614828,-1.3333333333333286,-5.059738593536997,4.899441835740233,118.4360000000003,119.5520000000001,120.2931999999999,108.53860000000039,10.724637681159422,14.389104,144.26399982299708
CBRE,CBRE Group Inc,139.5,USD,0.12919896640827364,4458740,2.3235587050931374,40395756775.0,USD,Finance,Strong buy,144.37828257803642,143.8742581489055,143.55305707475614,-0.5560307955517544,-6.4072458906407315,-12.98109912045412,139.6780000000002,144.59600000000015,144.89160000000007,146.39929999999987,31.986609190131155,7.834381,22.18642310817247
IDXX,"IDEXX Laboratories, Inc.",511.65,USD,1.020770810298523,1124663,2.075134250676051,40308359721.0,USD,Health technology,Buy,536.0746457411618,544.8894739873393,556.1096234104776,0.3471405036479136,-8.105535399978448,-24.371424770520154,510.408,531.204999999999,550.942899999999,597.4399500000003,35.960528812701625,14.771362,18.42736095620182
MSCI,MSCI Inc.,552.87,USD,0.6187780952554238,841579,1.4160453926561676,40193646958.0,USD,Commercial services,Strong buy,565.704072700174,570.1546032550447,572.6876158751771,0.05610250470538207,-1.580774365821094,-3.271690256661484,548.2400000000005,559.7165000000001,571.7719999999999,572.6151500000005,30.240063010386873,19.722014,21.125612826288588
FLEX,Flex Ltd.,108.51,USD,-0.46780407264721235,9529814,2.5724543339953096,40083915339.00001,USD,Electronic technology,Strong buy,115.07211129928866,116.9724275478881,114.62549631829916,-1.5335753176043536,-10.783144912641312,76.61132812500001,108.34999999999994,109.79800000000007,116.84199999999998,97.23100000000001,41.89898833886787,4.698182,13.732378902990646
MCHP,Microchip Technology Incorporated,73.27,USD,3.459474724654057,15934273,1.8340503395029832,39786243208.0,USD,Electronic technology,Strong buy,76.38625794550613,78.39290551441907,79.37074878255919,0.61796209832464,-7.569067743156301,12.273980999080585,71.32999999999996,72.99899999999998,77.09980000000012,78.30225000000004,109.53804754073852,3.640811,nan
AIG,"American International Group, Inc. New",75.33,USD,-0.46247357293870045,7704895,1.5672793581817077,39389540248.0,USD,Finance,Buy,76.42398372433207,76.72006089617842,76.92185850085659,-0.5281922619833694,-1.0768220617202986,-11.615628299894409,75.8699999999999,76.06349999999983,77.43819999999994,77.35152499999984,13.800747471786604,8.040603,1.1714116251482827
LYV,"Live Nation Entertainment, Inc.",167.12,USD,-0.7247237733159076,4477814,2.0021180051226484,39379130427.99999,USD,Consumer services,Strong buy,174.6967033916977,174.6513252562021,172.2470147431818,-4.157825313987498,-8.014090708938795,17.33483114512392,169.6639999999999,175.7384999999999,179.1966,162.2373499999999,nan,-0.341286,-148.655692133953
SYY,Sysco Corporation,79.05,USD,-0.07584376185059066,7360625,1.3947742247447639,38885800905.0,USD,Distribution services,Buy,81.67242053019088,81.56825248105108,81.09050765167623,-4.7590361445783165,-4.181818181818185,8.39160839160838,80.00200000000001,81.6049999999999,82.59479999999999,79.62677499999994,21.632641891522084,5.068344,-2.142359809329979
ED,"Consolidated Edison, Inc.",105.43,USD,-1.540903997011572,3426685,1.7357639707272738,38854088927.0,USD,Utilities,Buy,107.37359313725787,107.97285684122389,108.2050854670954,-1.7702413118419749,-3.275229357798159,5.821539696878462,105.79000000000028,106.98550000000016,108.75019999999999,107.56814999999979,17.31426131511529,6.104983,10.407600812300547
NTAP,"NetApp, Inc.",197.79,USD,0.4418037781840365,4829711,1.982105075584282,38849713947.0,USD,Electronic technology,Buy,189.0316726079716,180.76070117263856,168.4978413865802,6.665588092541652,-4.064606877819274,83.73432419879236,192.88099999999991,188.9707499999999,184.33610000000007,134.34012499999986,27.916725476358504,9.999303,25.18552547883242
RKLB,Rocket Lab Corporation,64.57,USD,-4.792096726629314,32297963,1.5598999313726314,38642547672.00001,USD,Electronic technology,Strong buy,69.51983010797231,74.02847462979186,77.42580309145693,3.6103979460847127,-16.16463256297066,-8.57992354523574,64.43799999999999,64.97650000000002,69.89359999999996,80.47542499999996,nan,-0.276757,38.885245901639344
DHI,"D.R. Horton, Inc.",138.02,USD,-1.6811511611340542,6154124,2.016620431806949,38604373785.0,USD,Consumer durables,Buy,143.7817191746511,145.66453294441132,147.08727426228262,0.05799623024504314,-7.986666666666661,-4.378550644312036,139.26599999999985,142.62899999999993,145.86740000000023,149.40185000000005,13.130505926898415,10.468127,-15.746358980113653
TTWO,"Take-Two Interactive Software, Inc.",205.45,USD,-2.454657677333594,5719347,2.2060406437652986,38415130464.0,USD,Technology services,Strong buy,224.30133506099168,227.2874553440778,227.85406892350153,-5.583639705882355,-15.243399339934001,-20.277060980578568,212.5399999999999,220.4394999999999,232.96589999999972,226.63144999999972,nan,6.945867,92.76511480231275
YUM,"Yum! Brands, Inc.",137.99,USD,1.6500920810313142,4730230,1.9199877321590668,37657623256.99999,USD,Consumer services,Buy,147.1011877615695,149.2908990758937,151.0980841050587,-4.965564738291997,-5.109338467886109,-8.941533588491476,139.75999999999996,148.18599999999992,149.55839999999992,154.41759999999994,17.35439487882485,6.574291,57.04100173803127
VIK,Viking Holdings Ltd,84.15,USD,-0.8016032064128169,6302962,1.607228681435206,37544121515.0,USD,Consumer services,Strong buy,90.07440341306194,91.25689878500721,90.02471602693612,-3.2758620689655107,-14.802065404475034,17.67584953153405,85.16599999999991,87.08200000000008,95.46640000000004,83.35670000000002,27.90304396843292,3.259791,62.43671226974038
TWLO,Twilio Inc.,243.84,USD,-0.9746588693957137,4057101,2.147482027526149,37447782504.0,USD,Technology services,Strong buy,229.04712327110417,220.53401482383669,207.139563968125,5.870093782563394,5.049112528002757,70.69653482674134,240.59999999999985,232.9245,220.43799999999996,168.2274,33.92981382016531,5.929527,5800.328407224959
ROP,"Roper Technologies, Inc.",372.74,USD,-0.5390116341124939,3306176,3.558522196203842,36864309794.0,USD,Technology services,Buy,390.13182046302074,384.24589998901797,379.5269626696825,-4.093657532484232,-5.849962111644347,-16.187349627864098,380.3739999999998,402.80899999999986,389.9881999999998,373.4509749999999,15.44671310819827,22.218238,69.57863076079778
AXON,"Axon Enterprise, Inc.",447.76,USD,-1.2657111356119095,1208227,1.021811146423314,36374864166.0,USD,Electronic technology,Strong buy,519.3964152572228,519.159294683622,513.776742819942,-6.804037881153086,-27.863253371139507,-21.907319880705305,460.38799999999975,527.9614999999999,548.5054000000001,503.0048500000002,185.43858195974488,7.713503,-40.31097817219983
ILMN,"Illumina, Inc.",239.62,USD,-2.267721673872258,32588763,6.053638199115638,36182619263.0,USD,Health technology,Buy,211.71932486525245,201.1767397652612,187.44491302879388,18.735444229721026,23.82822593147642,82.45640752303358,228.84599999999995,218.8815000000001,204.06150000000002,156.05885000000004,44.65606887940513,5.352904,-32.04022442595337
ODFL,"Old Dominion Freight Line, Inc.",173.0,USD,-1.1936718259181012,3578582,1.8675362883967308,35872696716.0,USD,Transportation,Buy,194.5296557159134,201.1953625736588,203.57771782183687,-5.080654010753864,-17.904427466426228,9.667194928684628,177.0639999999999,188.2619999999998,207.5791,198.64749999999947,33.29420142029599,5.824249,1.4843460088670244
TKO,"TKO Group Holdings, Inc.",189.26,USD,-0.021130480718447153,3674569,2.6572958340935537,35821185078.0,USD,Consumer services,Strong buy,189.4364975255431,190.38215260887446,191.7099200237045,-1.1851929201691693,-2.0545463954872427,-9.846139189253568,190.96799999999996,189.4070000000001,188.2345999999997,197.52730000000008,65.46976615469765,4.640149,33.093922651933696
KR,Kroger Company (The),60.0,USD,-1.2345679012345678,12118609,1.415840470206456,35760000000.0,USD,Retail trade,Buy,58.659581667918104,59.20425055154086,60.45303496870024,7.104605498036409,6.761565836298927,-3.784477228992943,61.00999999999999,58.676000000000066,57.98999999999998,63.72815000000001,32.47456159341849,5.193009,-53.23242039183922
HIG,"The Hartford Insurance Group, Inc.",131.89,USD,-0.9388613489559862,4938544,2.7443768422337187,35725309138.0,USD,Finance,Buy,136.5667837916148,136.74302779374526,136.44668832827938,-4.558940589044078,-5.292259083728282,-3.856247266365374,134.71800000000002,136.92849999999993,138.96159999999992,136.2301500000001,8.523935396725888,12.738302,40.27124298548596
UI,Ubiquiti Inc.,589.48,USD,-1.166923747568915,236061,1.2412301618808401,35680269054.99999,USD,Electronic technology,Buy,576.3695017864827,585.7034403267231,605.4475638809332,8.183303051992151,1.3061112256822751,5.475236186659036,574.3900000000001,575.087,562.8617999999999,657.2056500000003,37.17990766203295,17.714,34.80826460335006
UAL,"United Airlines Holdings, Inc.",108.71,USD,0.9940542549238138,4663644,1.2318327449148485,35285501421.0,USD,Transportation,Strong buy,113.7407244199777,114.45740045889642,113.26755416915329,0.1473975126669706,-9.26466905934397,-3.4547069271758444,107.70599999999999,109.65874999999991,117.16840000000002,108.81522500000003,10.16038282520515,9.742987,7.196601576980504
HEI,Heico Corporation,298.22,USD,0.5868861305990316,735750,1.5302585622204277,35228210271.0,USD,Electronic technology,Strong buy,329.7590272621385,332.9122387411574,331.0885403805806,-5.769716885743172,-19.456598066223727,-7.734669884289338,298.94600000000025,323.02350000000007,343.2244000000002,322.48264999999975,49.64128173116937,6.311764,31.659690109360284
VG,"Venture Global, Inc.",14.02,USD,-2.773925104022194,16976043,1.0941526756125581,35051303060.0,USD,Industrial services,Buy,14.188071900062921,13.82252400421309,13.358879997248124,-7.3364177131526835,-0.7784854918612966,104.37317784256558,14.730000000000013,14.698999999999995,13.98880000000001,11.72772499999999,10.655114759081926,1.687789,147.3308270676692
MLM,"Martin Marietta Materials, Inc.",490.64,USD,-0.768546234123455,1147360,1.37902221824791,34845413155.00001,USD,Non-energy minerals,Strong buy,524.6996878589525,538.8415142697356,554.8823766009004,-3.4572322465122673,-6.553661556042276,-20.768671780379496,497.91400000000004,513.6480000000001,537.0315999999999,596.2313500000002,12.059481381344474,18.083408,125.40291081945053
RKT,"Rocket Companies, Inc.",12.29,USD,-2.2275258552108284,49461816,1.4815741388693455,34800884403.0,USD,Finance,Buy,13.478773344670634,13.75284665895612,14.177871442090735,-8.996667900777503,-17.239057239057242,-36.97435897435898,12.88800000000002,13.527999999999995,13.782800000000002,15.922524999999984,81.76979374584165,0.615085,nan
PEG,Public Service Enterprise Group Incorporated,69.77,USD,-1.7047055508594082,7513322,2.2689256543311114,34774764793.0,USD,Utilities,Buy,73.67800149921837,75.16539612585167,76.66942329752018,-4.555403556771544,-8.305953476146676,-13.640302017576444,70.4960000000001,72.59000000000003,75.48499999999991,79.4731,17.348816391485972,4.368586,1.5555555555555636
P,"Everpure, Inc.",104.14,USD,0.14424463890759276,73102139,7.504654006921921,34702287112.0,USD,Electronic technology,Strong buy,96.81039339462544,92.16212967395614,87.05324377534558,8.716985071510589,-11.745762711864407,52.184714306590664,99.29799999999997,98.85649999999995,91.8004,76.06919999999997,142.0930549870378,2.780066,79.9852652259332
KVUE,Kenvue Inc.,17.81,USD,-0.33575825405709164,26721864,0.7704681742173903,34208976069.999996,USD,Consumer non-durables,Buy,18.527223669231134,18.584154485472883,18.50134704205609,-0.5027932960893847,-5.817028027498686,3.126809496236243,17.868,18.545499999999983,18.914800000000007,18.005400000000012,20.646881520983072,1.175875,17.18516505909524
RBLX,Roblox Corporation,47.82,USD,0.6736842105263163,13056445,1.2961558614010276,34161456943.999996,USD,Technology services,Buy,43.82601405892964,44.65257207175333,47.69986013412404,5.562913907284775,25.643720441408295,-41.289134438305716,48.855999999999995,43.12399999999998,43.88999999999998,57.81385000000001,nan,-1.436927,0.7500350483667568
HSY,The Hershey Company,169.79,USD,0.8673439078001423,4288179,2.5996499470119128,34115209044.000004,USD,Consumer non-durables,Buy,176.03666457627185,178.24648547669256,181.4495990146448,-3.00485575549844,-8.047657730842142,-6.698538300912188,170.60199999999995,176.66400000000002,177.86980000000023,191.83635000000035,24.80569191210846,8.493429,-9.041620156274913
IRM,Iron Mountain Incorporated (Delaware),114.34,USD,0.2982456140350907,2887860,1.7179613235320712,34039339328.000004,USD,Finance,Strong buy,118.75273419354812,119.82916377711466,119.05336866518049,0.07001575354454603,-10.363750391972404,37.75903614457832,112.91799999999996,116.1425,121.03459999999997,110.82905,81.60730854328742,2.493808,920.4661325564457
EL,"Estee Lauder Companies, Inc. (The)",93.43,USD,-0.45812912848923143,6101378,2.0286958388642984,33802839383.0,USD,Consumer non-durables,Buy,94.69002423451543,92.43646926327646,90.84317333798418,-4.350941850941851,-0.33070194154041826,-11.537186952610888,95.47200000000004,100.25799999999997,91.16219999999993,92.53275000000005,187.76125401929264,3.319549,nan
STLD,"Steel Dynamics, Inc.",235.26,USD,-4.112492357856126,3097442,2.663218819228327,33719366720.999992,USD,Non-energy minerals,Strong buy,240.23341694174078,239.72444581796935,234.44543776060962,-1.5689720095393498,-6.8498574596135615,37.07393812270582,238.5179999999999,237.41675000000004,243.79709999999994,213.81970000000013,21.340711175616836,17.303759,60.82161405146758
DXCM,"DexCom, Inc.",89.35,USD,1.6149209598544152,14576638,2.8938299163176593,33717182284.000004,USD,Health technology,Strong buy,85.76307206531513,82.98200944936231,79.54992318806579,5.552274069698746,-1.0520487264673344,34.09875431487318,87.14999999999998,88.09149999999998,83.84420000000001,71.99714999999996,35.26880871556012,2.667616,77.35928311397369
WEC,"WEC Energy Group, Inc.",103.17,USD,-1.4895445431108587,4333372,1.6719330157589212,33617878414.999996,USD,Utilities,Buy,106.97199950584339,108.60889128354766,109.99020104702453,-2.7157001414427113,-7.619985673352439,-2.365855966688748,103.9919999999998,105.74350000000011,109.0512000000001,111.44969999999985,19.981020257969554,5.601055,-1.0217187110625514
RPRX,Royalty Pharma plc,58.41,USD,-0.8824028508399849,7104694,1.805925765806509,33588748901.0,USD,Health technology,Strong buy,59.35129499519012,58.34640524172302,56.35393462638137,-0.9160305343511556,-2.8443113772455106,50.949735107895066,58.66599999999996,60.7915,59.30070000000007,50.12097499999998,31.093957945169016,5.342697,-18.219416630387464
EXPE,"Expedia Group, Inc.",279.35,USD,-1.8274468458970263,3348878,1.5287562496293807,33527277026.999996,USD,Consumer services,Buy,293.1621663597264,286.9472328830344,276.9798727417371,-0.40998217468804893,-13.815444420448577,-1.2967281464207332,286.36200000000014,302.38924999999983,297.82230000000015,260.16812500000003,17.42289581189385,20.871407,96.19323813369553
QSR,Restaurant Brands International Inc.,72.88,USD,-0.5594214763269352,3237913,0.7569944437031976,33124791817.0,USD,Consumer services,Strong buy,76.37120976601022,76.1534514704387,75.60236903426782,-5.326058716549764,-5.338355630601376,7.144957365480741,75.10000000000005,77.96049999999991,76.07560000000005,73.64994999999996,21.541098927083024,4.059516,28.374122557389498
EME,"EMCOR Group, Inc.",750.09,USD,2.85632010531224,848878,2.2472011838548878,33086397147.0,USD,Industrial services,Strong buy,772.0248038753176,779.4505632975266,780.9208861179146,-0.9350608185744189,-9.682119205298008,21.673046976382043,740.8059999999999,751.0094999999994,771.8378000000008,765.84625,23.274842913660695,32.949496,33.73516474396216
ACGL,Arch Capital Group Ltd.,96.89,USD,0.19648397104446505,8504040,1.9713386237316175,33061689808.000004,USD,Finance,Buy,97.9409707465117,97.89654651197984,97.41514941042809,0.05163155720776245,-2.1905915606703026,1.1694685183251587,97.11000000000001,98.09475000000006,99.42240000000005,96.27625000000008,7.57112828487259,9.390477,32.18712556294673
CRDO,Credo Technology Group Holding Ltd,175.89,USD,4.540861812778595,13345464,1.4938752962530444,33058863016.0,USD,Technology services,Strong buy,199.9537516120229,205.63042197533846,202.34247187769245,7.987475442043217,-28.50290638591927,18.524258760107802,161.22199999999992,188.84949999999995,213.6576999999999,175.83282499999993,62.76853900506744,6.296477,312.1488454184439
MTB,M&T Bank Corporation,227.31,USD,0.4196854567944816,2187719,1.7250402593948508,32827259655.000004,USD,Finance,Buy,238.26000955414847,237.464829223157,233.71743200807524,-5.680497925311203,-9.736727157209232,13.112062101910825,230.574,236.47749999999988,244.06839999999977,222.85065000000014,12.00196415937147,19.353093,22.687551418336348
KMB,Kimberly-Clark Corporation,97.86,USD,-0.3360831041857606,6666276,1.1272486207755792,32546185108.999996,USD,Consumer non-durables,Buy,104.12990701348822,104.93047188866383,105.05097251294184,-1.390568319226114,-10.104721660848798,-3.2908390157130136,98.38299999999997,104.44875000000006,107.45129999999996,102.93327499999994,16.67717582099218,7.388149,-19.11699840105862
NTRS,Northern Trust Corporation,177.89,USD,0.53690516559285,2212070,2.013860970060334,32545981883.0,USD,Finance,Buy,183.68713439430766,181.30300760415355,176.10692117181205,-5.853400370468379,-7.329652010835602,30.065072749872026,178.3840000000001,184.1132499999999,184.58070000000006,160.88517499999998,15.269921113848426,11.472479,36.923203497802106
RMD,ResMed Inc.,224.99,USD,-1.5016198231328162,3862486,2.6667536601110893,32455330119.999996,USD,Health technology,Buy,221.91516813305242,218.91726817290507,218.5505524994514,2.064053710760303,1.8054298642533977,-6.93278179937952,226.81800000000004,229.25749999999988,218.4054,227.19725000000003,21.55943962130359,12.094728,9.756944079258734
ZS,"Zscaler, Inc.",197.31,USD,-0.08102496581759082,4869621,1.1343506214290946,32172323003.0,USD,Technology services,Strong buy,173.8756558713028,167.7812141223847,165.46422106788916,20.296305328618455,5.682913765399044,-12.971947776993646,194.3959999999999,179.15950000000004,167.61340000000004,168.3101749999998,nan,4.879874,-47.39000745712155
CNC,Centene Corporation,65.11,USD,-2.965722801788368,13448573,2.6601268075575764,32164014434.0,USD,Health services,Buy,65.41202578439074,64.12821692169206,61.21975797116939,-0.8980213089802183,-0.6712433257055648,58.11073336571151,67.05799999999996,65.94699999999995,65.49739999999997,51.62070000000006,nan,4.870457,-358.10710577065714
HBAN,Huntington Bancshares Incorporated,15.88,USD,0,53658214,1.6579189784980803,32084189113.0,USD,Finance,Strong buy,16.87149544677563,16.97619701198414,16.977079142360576,-5.812574139976267,-11.383928571428575,-8.630609896432672,16.220000000000006,16.699749999999995,17.267699999999994,17.01217500000001,12.241751464693186,1.368426,-3.4102755026061105
ALNY,"Alnylam Pharmaceuticals, Inc.",239.56,USD,-2.423526536597283,2756178,1.7828892882377723,32055314331.000004,USD,Health technology,Strong buy,247.50805812755766,255.11397268099756,269.1797893316352,-3.422697036887728,2.2188086704215686,-40.01101817999699,242.538,246.83800000000028,247.93919999999977,312.17047499999984,40.44640294450353,6.67407,nan
OKTA,"Okta, Inc.",182.37,USD,-4.025892011367227,5730001,1.454985375749019,31882060280.999996,USD,Technology services,Strong buy,160.06943585319348,149.81993002391087,137.05600474819224,6.8553348567410906,25.989637305699485,109.25989672977624,187.48199999999989,166.46374999999992,152.9176999999999,106.32822499999999,110.17338246843472,3.928315,95.17745548873954
BIIB,Biogen Inc.,215.5,USD,-1.6206345583200235,2636086,2.84826185520605,31840986526.0,USD,Health technology,Strong buy,213.9884461447672,210.56151895237983,205.2854834083096,-0.5767012687427913,0.07894859053545139,22.883047271483147,216.8180000000002,217.86699999999996,210.56479999999937,192.8419249999998,38.16455920376864,12.41747,-45.98105806945374
RJF,"Raymond James Financial, Inc.",164.75,USD,0.5984001953959759,3495116,2.571121329211633,31691594170.000004,USD,Finance,Buy,172.09806405962652,170.01093341294708,166.86254665390487,-6.2588904694167855,-8.543355168202503,2.820944891718162,166.52799999999985,173.87050000000002,174.1546000000002,161.03380000000007,14.360552281998535,12.150608,12.601462433135408
CQP,"Cheniere Energy Partners, LP",64.86,USD,-2.831460674157304,225533,1.6816564464752268,31395983284.0,USD,Utilities,Neutral,66.60827195452272,65.87739197449609,64.75484173412912,-4.771692849801791,-6.51484577688094,20.69222180870859,65.71999999999998,68.11500000000001,66.5154,61.89701000000001,11.674286331401419,4.690348,34.31486316603809
JBL,Jabil Inc.,299.57,USD,1.2265999864837451,3807784,3.2366281975097797,31391068265.999996,USD,Producer manufacturing,Strong buy,316.55139394500185,320.70840798458624,318.73397322383306,-2.471024873030353,-13.728257113235808,29.521380085606815,297.50399999999973,305.1870000000002,318.73320000000007,297.39865000000003,37.38689829895041,12.758785,55.77091312039503
EQT,EQT Corporation,50.0,USD,-0.6951340615690197,20428548,2.629815056664764,31275799561.0,USD,Energy minerals,Strong buy,52.965893900042786,53.27747192589975,53.89574109108889,-8.925318761384334,-6.942117997394373,-6.279287722586694,51.417999999999985,53.89050000000005,52.829000000000036,55.90025000000005,11.597699016515122,4.094055,131.89715453714166
VMC,Vulcan Materials Company (Holding Company),240.83,USD,-1.5010224948875206,2061678,1.8617009700868588,31206447072.0,USD,Non-energy minerals,Buy,264.630206396353,271.11181386308584,276.46282291816425,-4.923016186340308,-12.233965014577247,-15.521958748421486,245.87399999999997,260.2564999999998,273.48020000000014,286.5698500000002,28.426581680830974,9.134298,18.428225953003338
CCI,Crown Castle Inc.,73.06,USD,-0.9221589368049805,7111359,1.8602092578759706,31083773724.0,USD,Finance,Buy,75.89618781257244,77.52400067318732,79.75684118931498,-2.0249430065709952,-1.9065520945220216,-17.771525042205955,73.48800000000003,75.17199999999987,75.85360000000003,84.06050000000026,16.103861752777288,1.927199,nan
HPQ,HP Inc.,34.4,USD,-0.7501442585112466,35519549,1.9470178152035074,31021612314.0,USD,Technology services,Buy,31.436133798367074,29.617865833705974,27.73081655022649,4.400606980273128,15.24288107202679,52.61756876663709,33.92,31.88749999999997,29.137800000000006,23.30575000000005,13.115254108048342,3.257345,-4.5489282724989994
MDB,"MongoDB, Inc.",383.56,USD,-2.506227441411218,1291560,0.7754461039561044,30898190754.999996,USD,Technology services,Strong buy,383.72147233133205,373.4868326854833,359.875029096867,2.712690464076265,-12.29305771517424,-9.216568047337278,382.6559999999994,395.5830000000002,377.8429999999999,344.3904499999998,541.2926898108947,6.558068,nan
BAP,Credicorp Ltd.,381.83,USD,-0.5547452859672871,499308,1.2511949810669893,30324555213.999996,USD,Finance,Strong buy,380.481734117126,377.48956353758183,369.08901077863766,-0.640141559759566,2.647991827517599,32.23549783549783,379.17400000000015,377.86499999999984,383.42620000000005,345.19450500000056,14.126574223432435,29.81386026375,27.602160284009358
SUNB,"Sunbelt Rentals Holdings, Inc.",73.59,USD,-0.5137217790996289,10022344,1.121928836421069,30154596944.000004,USD,Finance,Buy,74.28295788133327,74.70172198608836,74.5079195374695,-0.3520649966147474,-7.931940447891909,0.8082191780821965,72.97200000000001,72.2345,74.9298,nan,nan,4.192019,nan
CCL,Carnival Corporation Ltd.,21.84,USD,-1.488497970230049,27272332,1.368136286105921,29913138080.0,USD,Consumer services,Strong buy,24.5552903574255,25.436631974700514,26.167113133888577,-5.290546400693837,-20.81218274111675,-28.83675464320626,22.205999999999996,23.644,25.87699999999999,27.641314999999985,9.83606557377049,2.22452,20.346883468834697
ZTS,Zoetis Inc.,71.4,USD,-2.2185702547247197,9881006,1.8894752316068608,29504165833.999996,USD,Health technology,Buy,74.79675301647767,77.16355202166757,82.62399911594987,-2.512288367012547,-4.3280182232346105,-43.5126582278481,72.904,75.09549999999999,75.31420000000006,100.78925000000001,11.745739290649471,6.253119,4.590502408809359
PCG,Pacific Gas & Electric Co.,13.2,USD,-1.3452914798206388,37281775,0.9500599461067968,29071243232.0,USD,Utilities,Buy,15.366466814047467,15.924689000582283,16.28534521011803,-6.713780918727923,-26.46239554317549,-18.468190240889452,13.335999999999993,14.964000000000008,16.495600000000003,16.667225000000002,9.628711065723246,1.653886,26.79430262671107
RDDT,"Reddit, Inc.",150.85,USD,-1.2955571550088452,13897528,2.5790836671057087,29023016283.999996,USD,Technology services,Strong buy,158.15312435050265,160.64297448487125,163.02790052677727,-4.252618216439236,-3.7086684539767667,-35.02885692135413,156.65799999999993,154.19850000000008,163.79140000000015,172.50699999999983,35.074054267711404,5.377264,263.03705579471597
KHC,The Kraft Heinz Company,24.43,USD,-1.2131014961585147,27346779,0.8999124471273718,28969674097.0,USD,Consumer non-durables,Buy,24.948642358083713,24.860222271554957,24.66278218400688,-0.509061290979434,-2.3190723710515866,0.576368876080694,24.578000000000067,25.082500000000046,25.425399999999982,24.000550000000008,nan,2.048776,36.07490402642621
GEHC,GE HealthCare Technologies Inc.,64.13,USD,-0.4887888897509469,7625437,1.9974857483302761,28966637894.0,USD,Health technology,Strong buy,67.45356794908012,67.56832034844646,68.05903509011277,-1.2777093596059088,-12.569870483980912,-22.341971421651735,64.077,68.58624999999999,68.21489999999999,72.1764,14.737108190090998,4.925215,-10.913669212029383
EXR,Extra Space Storage Inc,136.71,USD,-1.6687045961303266,3121400,1.9334156524658421,28882663208.0,USD,Finance,Buy,141.78710302342273,143.03544834259174,143.4066766355069,-0.5311408614668145,-7.6096506048523285,5.113024757804094,137.77400000000003,140.3424999999999,144.80660000000017,141.63302500000017,30.608543793659322,4.607578,-2.9317801490883015
WTW,Willis Towers Watson Public Limited Company,309.98,USD,-0.32476928518601594,1828704,3.21698420396835,28788445171.0,USD,Finance,Strong buy,320.64425497310947,314.3975069447684,307.63739252650635,-2.390024246622784,-5.824092359106778,-5.340947262344645,315.9120000000001,330.1600000000001,322.69660000000005,300.136275,19.12358954427397,19.820222,1032.8045286183522
ROIV,Roivant Sciences Ltd.,39.77,USD,-0.5252626313156422,32200465,2.7941816918001705,28726785963.0,USD,Health technology,Strong buy,37.02563498810335,35.73919450821418,33.90924398489556,-3.5177098495875687,5.128205128205141,83.18747121142331,39.96800000000001,37.78699999999999,36.19680000000001,29.39237499999997,nan,-1.371897,37.23526044647968
CBOE,"Cboe Global Markets, Inc.",272.86,USD,2.32122098473769,1874808,1.8742408547173626,28495045227.0,USD,Finance,Buy,288.13469846502204,289.21552307482824,289.2604949900521,-6.230454654799132,-6.953111679454386,8.730822873082298,272.98,293.58450000000005,289.61999999999983,286.34985,21.25359276539729,14.013136,50.504091346041115
AEE,Ameren Corporation,102.23,USD,-1.607314725697788,2845400,1.720750611082967,28301687575.0,USD,Utilities,Strong buy,106.44383338331278,107.67093437382707,108.3327849449871,-3.2279439606209737,-7.526006331976475,2.496490876278333,103.232,105.53000000000006,108.46060000000023,107.80900000000014,17.99538805470964,5.391069,24.769936966023163
FTI,TechnipFMC plc,72.02,USD,-0.9898267803134436,9178761,2.585412009609229,28243676444.0,USD,Industrial services,Buy,74.80296183063399,73.78167678950396,71.71347895970564,-5.324043644012091,-9.27185689090451,61.80633565490901,73.07599999999992,76.2839999999999,74.72460000000002,65.76140000000002,25.097574574853635,3.107209,35.896950179958324
CFG,"Citizens Financial Group, Inc.",67.04,USD,-0.5193648909333645,5602612,1.4975828120009411,28235692275.000004,USD,Finance,Strong buy,69.91053267433655,69.57454285954552,68.27596962467881,-5.123124823096505,-9.085977759696215,14.67670201847418,68.40999999999998,69.51199999999997,71.185,64.74085,14.5732794226338,5.305089,40.27566018174057
HAL,Halliburton Company,33.64,USD,-1.1460476050543655,18688603,1.6365617213874044,28026505175.0,USD,Industrial services,Strong buy,35.01990317229231,35.194734726426624,35.274139224045136,-7.097486882076774,-4.186841355739102,18.7014820042343,34.57200000000004,35.71100000000002,34.383,35.22065,17.620868472054894,2.341991,-10.677022411453711
TDY,Teledyne Technologies Incorporated,603.46,USD,0.2458553440313662,379921,1.449468277894904,27973794197.0,USD,Electronic technology,Strong buy,624.6382893136702,629.3718794955439,628.6192889386991,-0.06955024176988128,-9.610257332015212,17.63352826510722,600.4320000000004,611.0689999999997,638.3315999999993,618.5749,29.155192238938653,24.730969,14.031501875898703
MTD,"Mettler-Toledo International, Inc.",1392.32,USD,-1.2847054819772636,544545,2.330753950504784,27897299568.999996,USD,Health technology,Buy,1357.2559849566555,1339.8919411930892,1321.0223571860388,7.5956507963493864,-2.167696058798326,-0.46823507545375587,1359.5200000000002,1361.9385000000016,1369.6082000000001,1314.1080499999996,31.33660881679724,47.32709,12.537359553407695
IR,Ingersoll Rand Inc.,71.83,USD,-1.12869924294564,8861539,1.8735299783773836,27870001252.999996,USD,Producer manufacturing,Buy,77.06437863959101,78.16163867161266,79.01253690679641,-3.467275903776372,-11.32098765432099,-10.021295252411374,71.99200000000002,75.4854999999998,80.38240000000032,81.8218,29.597428818657548,3.543521,89.48313554028732
ARES,Ares Management Corporation,123.8,USD,-1.2128949888285956,7913549,3.3607377464846038,27725968048.0,USD,Finance,Strong buy,132.7394373394035,131.5726925346063,130.5924080587582,-6.87528208214232,-12.434573489885414,-23.899680354069343,126.79000000000005,136.10700000000006,133.60640000000006,132.3122249999999,56.44977429209795,5.858885,25.463386727688775
VRSN,"VeriSign, Inc.",303.12,USD,0.35424598576394406,1442895,1.950706138060289,27371736484.0,USD,Technology services,Buy,290.8801395557863,286.74050706151723,281.4075844656853,4.574622231422063,9.3388161454388,24.699687345729796,299.89800000000014,292.4107499999998,285.31269999999984,263.7146499999997,32.89990665769423,9.789784,9.963478385410445
ON,ON Semiconductor Corporation,69.98,USD,2.4597364568082094,20501608,1.555786149667319,27244034531.0,USD,Electronic technology,Buy,77.51517729060636,81.29990670156849,83.03027915824627,-1.4088475626937165,-13.100707810753754,26.660633484162904,69.946,72.22449999999996,79.54719999999999,79.39330000000004,45.061171925305864,3.198523,44.896435902220546
DGX,Quest Diagnostics Incorporated,246.45,USD,-0.404122044857547,1925637,1.8134376196884912,27201514156.000004,USD,Health services,Buy,236.16804337470316,229.92073944553235,221.9051840149359,5.681818181818182,3.5069298614027695,42.20183486238531,245.18999999999988,241.1035000000001,232.63300000000032,203.42064999999988,26.14243890020367,11.191837,12.727794518582284
ECHO,EchoStar Corporation,93.46,USD,-0.6590136054421817,8856957,2.6225475456380116,27149260198.0,USD,Communications,Strong buy,92.0281263086778,94.7438622953293,98.2022690518275,0.8089742206881675,2.309797482211275,-14.004416635995595,93.398,89.65249999999999,89.86290000000007,108.6824,nan,24.414977,-2120.0623052959504
CPRT,"Copart, Inc.",29.28,USD,-1.281186783546861,25596128,2.139470315904717,27107762041.999996,USD,Retail trade,Buy,30.92230652784642,31.033232292638377,31.67424830770906,-8.528584817244601,-7.45891276864728,-25.20117511815047,30.505999999999993,32.07925,30.417999999999914,34.04102499999998,18.878143133462284,1.629366,-2.3299748110831326
ATO,Atmos Energy Corporation,160.3,USD,-1.0677035116953588,2083513,1.9310740170908485,27088863582.000004,USD,Utilities,Buy,166.7226036236925,169.104049046727,171.301598491889,-3.270576876659418,-6.476079346557757,-4.098115465151058,162.0339999999996,165.82900000000024,170.81200000000013,175.0820500000004,19.083560518577602,8.453338,15.998287623940136
AWK,"American Water Works Company, Inc.",135.9,USD,-1.6927083333333357,3584574,1.8057607743055195,27007268344.0,USD,Utilities,Buy,136.4523551239189,135.31738007218257,134.2234044011971,-3.2533637075532096,-0.37387288321969864,4.35383552176919,137.76799999999997,138.45849999999993,136.13180000000008,131.91290999999998,23.526764074510076,6.086943,3.9987037070377944
DG,Dollar General Corporation,122.41,USD,-2.032813125250105,4730207,1.8195096209188755,27005702165.999996,USD,Retail trade,Buy,124.1966030397442,123.13799313379153,122.44798490971256,-1.282258064516132,0.4430951013374842,-7.813382535677976,124.84800000000003,126.01649999999995,124.34479999999999,127.02665000000005,15.90876600168952,7.900392,42.337859336268444
CTSH,Cognizant Technology Solutions Corporation,59.87,USD,-3.2482223658694327,19132759,2.8166947407305316,26968094603.0,USD,Technology services,Buy,58.602683046380704,56.96233870659191,56.75028235566045,2.4995719910974166,3.617168570439592,-27.858778166044097,62.196000000000005,62.13800000000016,55.97170000000014,62.135225,12.848466639483227,5.751697,-5.379117085651624
DTE,DTE Energy Company,128.52,USD,-1.4719411223550962,3137783,1.747778168551609,26743478163.999996,USD,Utilities,Strong buy,136.16177718866206,138.81005824039997,140.65383772357708,-5.116279069767426,-9.076759816059417,-0.6339879387660377,130.23799999999991,134.45749999999998,139.91600000000003,141.33534999999995,20.305883839979778,7.713905,-8.93892525717574
WSM,"Williams-Sonoma, Inc.",224.2,USD,2.4118399415311536,2729116,2.074395026771404,26406090632.0,USD,Retail trade,Buy,229.46508686265898,227.1297400156819,221.68782032735004,-1.576012994424691,-7.527325221695195,22.728268009634323,222.44399999999987,228.04100000000045,232.07660000000004,206.44549999999998,22.93629602348873,9.509088,7.441277657481413
GFS,GlobalFoundries Inc.,47.82,USD,4.319371727748684,6585935,1.5763931338281938,26241274450.000004,USD,Electronic technology,Strong buy,50.33283979129764,53.581636255024094,55.499605497006556,2.9715762273901865,-5.8290665616384425,34.5526167698368,44.59600000000003,45.29750000000009,50.6002,53.78234999999999,37.32438339057134,1.938093,nan
INSM,Insmed Incorporated,120.0,USD,-3.2101951927730314,3445007,1.5666715387248131,26205780029.0,USD,Health technology,Strong buy,121.23209656134922,119.80773063358524,121.26707310660646,-6.23534927332396,-7.5856757797458565,-31.736731327151713,122.356,124.15249999999985,118.28479999999995,137.2139749999999,nan,-1.603234,28.022864356852285
FE,FirstEnergy Corp.,45.26,USD,-1.0277717034769274,5598043,1.3049134321996967,26189243329.0,USD,Utilities,Buy,46.496474464178114,46.851622632869976,47.10535113211034,-2.833834263632461,-4.915966386554629,0.891662951404366,45.50599999999999,46.135000000000005,47.37319999999996,47.486059999999895,24.152836330647315,2.730429,-17.27806471549022
VICI,VICI Properties Inc.,23.72,USD,-1.6175860638739135,19497830,1.6458085054129703,26117557891.000004,USD,Finance,Strong buy,25.456063725293063,25.978431343127834,26.567745827605496,-4.5472837022132895,-9.118773946360163,-15.767045454545459,24.43199999999998,25.364500000000003,26.0288,27.669199999999964,9.198790041107578,2.762843,-1.3542463657230337
CPAY,"Corpay, Inc.",397.76,USD,-1.6078761193291446,754845,1.7628047943190066,26116762860.0,USD,Commercial services,Strong buy,399.3206437434963,389.06669049832317,375.0351597946537,-3.680743897714062,-2.349446394815013,31.861428808221458,404.9200000000005,408.8945000000002,395.41120000000046,342.3184499999994,24.177881517682387,27.384829,11.781212841854936
ATI,ATI Inc.,191.63,USD,4.350903942496194,4031413,2.2471965040303807,26094333439.0,USD,Non-energy minerals,Strong buy,202.10075589306962,198.62372579893392,189.8150974003662,-5.15244506038408,-15.286680518102653,66.14357551586612,187.952,202.18050000000008,203.00360000000003,162.83320000000003,56.02397310334746,5.05327,18.23775450240244
OTIS,Otis Worldwide Corporation,68.52,USD,-0.2620087336244641,12920770,2.4230843616872506,26083462039.0,USD,Industrial services,Buy,70.81504494183666,71.74096708607365,73.41293832686412,-0.08748906386701993,-2.9873991221860394,-21.44003668883284,69.02999999999983,70.37349999999988,71.72900000000007,79.13817500000006,17.58997792267803,4.041938,2.9847984137475154
LH,Labcorp Holdings Inc.,320.71,USD,-0.6259102035757563,1738510,2.0378841480368672,26009579817.999996,USD,Health services,Strong buy,316.39318366567636,308.3295505827911,298.4413893432062,3.2749404263540796,-1.164904927732759,27.615295849747316,321.446,327.13699999999994,313.4546,277.99327500000004,26.520739613654403,18.350628,33.345095271700785
WRB,W.R. Berkley Corporation,69.99,USD,-0.15691868758915753,20279598,4.014921788248352,25982214666.000004,USD,Finance,Buy,69.96477069779004,69.94365454122546,69.7529471484502,-1.380865154290551,-0.5117270788912572,0.3153217715350421,70.43800000000002,69.30449999999992,70.89380000000001,68.94844999999992,14.39383033419023,4.874673,10.669822700685069
CINF,Cincinnati Financial Corporation,169.0,USD,-0.5297233666862894,2357355,3.2719569449215617,25937789200.0,USD,Finance,Buy,171.88992444023506,172.35577669352483,171.4693997944543,-1.0886105583518748,-1.019093358322601,3.4778349253000287,170.67200000000008,170.83450000000002,174.53360000000026,167.5035749999999,7.968728634141052,8.36986,83.98615412643468
ZM,"Zoom Communications, Inc.",88.77,USD,-3.678385416666667,5790873,1.8494119022214188,25901640225.999996,USD,Technology services,Buy,96.54820956574152,96.29975962877182,95.05236585132968,-6.793364132717345,-16.167721220134105,2.885952712100133,92.26000000000008,96.87849999999999,97.08280000000005,90.96357500000016,8.221804406820475,6.145123,184.39837741017806
LVS,Las Vegas Sands Corp.,39.98,USD,-1.6965822473567858,18105053,2.7260187390541746,25895092555.0,USD,Consumer services,Strong buy,44.203961800086056,45.569796886548055,47.34793497976698,-6.6324147594582055,-12.573802755302866,-38.68098159509203,41.076000000000036,43.79849999999997,45.28980000000005,53.12844999999992,15.576421085440447,3.103812,29.605130276711776
LPLA,LPL Financial Holdings Inc.,328.09,USD,-0.560708007516525,1117343,2.034236042042052,25834556549.000004,USD,Finance,Strong buy,346.6423878849386,340.5993029975107,334.24516414828946,-6.064076502419335,-11.704074492706823,-8.357308455071093,335.6939999999997,353.07699999999954,349.1620999999995,330.44574999999975,26.16305960032535,23.750327,-14.22982483738808
FOX,Fox Corporation,57.74,USD,-1.1809002224884437,5970302,4.025342327259689,25698995986.0,USD,Consumer services,Buy,57.70201313669927,56.848917062017776,56.28346358497111,-0.6709100292447971,-6.037428803905616,-11.100846805234797,59.36000000000007,59.81700000000004,56.20699999999995,56.97390000000002,15.058025818229236,5.960096,-21.89155055813575
CPNG,"Coupang, Inc.",14.29,USD,-1.1756569847856273,23417468,1.2901829737321584,25686442556.0,USD,Retail trade,Strong buy,15.648030464994633,16.134015833304563,16.899232894593126,-4.093959731543632,-9.212198221092764,-39.70464135021097,14.588,15.489499999999996,16.010000000000005,18.729000000000006,nan,-0.507853,-314.45115810674724
SMCI,"Super Micro Computer, Inc.",39.09,USD,-3.1226765799256455,48079231,1.1752472897466937,25680777315.0,USD,Electronic technology,Buy,36.950823168706016,35.46569217296815,34.32034591003743,3.522245762711879,5.222072678331103,30.473965287049406,37.733999999999995,37.879500000000014,33.5568,31.603599999999965,11.890132619540092,4.337859,98.09592672933236
NVT,nVent Electric plc,157.88,USD,4.328289169364952,3567672,1.560619910021641,25554132464.0,USD,Electronic technology,Strong buy,157.94395318203559,157.22689248689082,153.54614358032484,0.06337938902268622,-3.9659367396593734,53.52003111629715,150.0600000000001,152.9685000000001,156.44900000000015,137.66875,43.61446448796928,5.141725,3.016591251885366
ES,Eversource Energy (D/B/A),67.72,USD,-1.8408464994926745,5761752,2.33787230910453,25508414100.0,USD,Utilities,Buy,70.21875178247605,70.67959081234356,70.76140198836971,-2.9382255983947214,-6.593103448275864,-0.1032600678566269,68.02199999999998,69.95349999999999,71.92819999999998,70.27329999999992,17.539043277822383,4.646639,66.18317982267368
WST,"West Pharmaceutical Services, Inc.",362.31,USD,-1.1702127659574524,1457546,2.1519333643674408,25497842498.999996,USD,Health technology,Strong buy,347.9516111936945,342.6664793366745,332.0954680861668,5.362491639282286,4.028367979786387,31.629427792915532,362.22399999999993,348.48699999999997,349.23820000000023,297.45714999999996,46.31698711392923,8.970011,17.17546960663891
INCY,Incyte Corporation,125.31,USD,-1.8100611189468752,3700438,2.306248651861181,25400055047.0,USD,Health technology,Buy,122.37821226372628,119.31083573014003,114.97119859702592,0.7720144752714178,0.24800000000000183,27.541984732824428,124.322,125.71600000000005,122.30459999999998,105.63919999999999,15.97038132137031,3.76232,78.375920705647
SYM,Symbotic Inc.,41.89,USD,-6.097287603676303,3923285,2.0578840792031117,25335143244.999996,USD,Producer manufacturing,Buy,42.03208508305035,42.829099863058154,44.618227352756655,-0.04772130756381776,3.279092702169621,-31.124630055902664,42.79600000000001,41.46625000000002,41.90689999999999,51.417524999999976,464.4124168514412,0.205,nan
DOV,Dover Corporation,187.42,USD,-0.9617417036567436,2309392,1.6264082170591332,25241766877.999996,USD,Producer manufacturing,Strong buy,197.33580626070204,201.59502759478502,204.71529223241595,-1.170639105673908,-7.633926371297624,-3.9758171943846805,188.628,193.77450000000005,202.29060000000018,210.30004999999966,22.560337044839002,10.691987,-49.914086757302634
TSEM,Tower Semiconductor Ltd.,223.6,USD,1.9886881955847404,9363287,4.093398586131092,25227658065.0,USD,Electronic technology,Strong buy,225.3418953420085,227.09611184980727,221.50754131533114,4.666947526096521,-7.415841994120325,85.57556643704872,206.25600000000003,211.10825,226.3597,191.0802749999999,88.19469096359406,3.880059,45.74040009197516
PFG,Principal Financial Group Inc,117.67,USD,1.4921511126444746,3205333,2.0809063213573658,25193693158.999996,USD,Finance,Buy,114.33336260321545,112.40751033581853,109.2215547655575,1.7114703085832863,3.8478510281528546,33.246517948137246,117.10399999999996,114.08725000000001,113.30390000000006,100.33004999999997,16.700492484991273,9.592981,41.87994603411126
CNP,"CenterPoint Energy, Inc (Holding Co)",38.22,USD,-0.8817427385892205,9673937,1.423447798714283,25176292081.000004,USD,Utilities,Buy,39.88241422305567,40.61029042373848,41.120260479471966,-2.9949238578680197,-7.9701420659764075,-0.286981476650142,38.34800000000001,39.150499999999965,40.927199999999964,41.425675,22.527407756689847,1.911027,18.23820475294446
Q,"Qnity Electronics, Inc.",120.05,USD,2.4929565440109296,3908402,2.2877576696679567,25115486090.0,USD,Electronic technology,Strong buy,127.81828730159917,131.1445958654792,131.36408820248613,-4.623818225152941,-11.545829649277927,46.95801199657241,116.77200000000002,121.4215,130.2832,123.51174999999999,42.98861276230036,4.5525,-26.24461875709796
XYL,Xylem Inc.,107.56,USD,-0.03717472118958368,4387407,1.329373942045885,25113841402.999996,USD,Producer manufacturing,Strong buy,111.21813005435317,113.04036356152734,115.37441222541584,-0.9028929426939414,-5.640845688218259,-21.08004989360921,107.48399999999997,109.12450000000005,115.58700000000017,122.77200000000002,25.54930045844319,5.663771,9.421947289078346
FISV,"Fiserv, Inc.",47.19,USD,-4.279918864097362,11654582,1.4349905879463953,25094070958.0,USD,Commercial services,Buy,51.3890146098788,52.19486126487728,54.307039297352866,-4.493017607771704,-8.811594202898554,-30.119946690359846,49.39000000000005,51.292500000000075,51.958600000000054,57.80020000000007,9.051848157596915,7.250316,-12.858957643833776
PPL,PPL Corporation,33.34,USD,-0.7738095238095178,8292069,1.1773178735499,25089843740.0,USD,Utilities,Strong buy,34.607474406280325,35.03659726240371,35.47175570164607,-3.2501450957631963,-7.156780840991349,-4.742857142857133,33.47400000000001,34.33600000000003,35.11840000000001,36.182949999999984,19.80280351627465,1.951896,26.567433468651323
EXPD,"Expeditors International of Washington, Inc.",190.94,USD,0.983710598688378,2515015,2.4581191288321387,24820411420.0,USD,Transportation,Buy,186.00941248341937,181.01087460048072,174.4472389083915,0.6112340604910932,1.9597372777273387,28.027356845916596,191.31399999999988,189.43799999999993,182.82579999999987,160.81709999999984,27.782385379836164,7.720561,12.143265073019503
FFIV,"F5, Inc.",432.03,USD,-0.5959228751553154,1218049,2.0502461795502396,24464641373.0,USD,Technology services,Buy,405.80411312565866,398.4124842062281,384.32351260418307,7.8080550980685635,8.733294742405555,68.87386154868466,426.52200000000005,403.2035000000003,404.6167000000002,335.37092500000006,34.416199982474446,17.333083,10.691674161860927
SYF,Synchrony Financial,75.04,USD,0.8466603951081975,6920958,2.229004356874878,24415828853.0,USD,Finance,Strong buy,76.95052325690048,76.507979238704,75.80862929434787,-2.1897810218978004,-7.346585998271378,-10.357185521443062,75.25399999999999,77.67750000000002,76.93039999999996,75.14970000000005,7.695699884113262,9.349398,18.484270386526852
TW,Tradeweb Markets Inc.,103.97,USD,1.8714481677444605,1841496,1.441486405458169,24331918517.0,USD,Finance,Buy,104.12310829386384,104.2150133139788,105.21246696855287,1.6324535679374406,-1.225536766102989,-3.1034482758620676,102.82999999999974,105.05150000000017,103.2381999999999,108.55412500000006,24.82035856668815,4.018983,61.45307380998266
TPL,Texas Pacific Land Corporation,352.67,USD,1.5754608294930954,1355289,3.093088501208104,24325300630.0,USD,Miscellaneous,Buy,369.2062925312629,376.63682148903615,383.7590969245681,-2.848406379989525,-4.683783783783779,23.311188811188817,357.0680000000002,367.5190000000006,380.1171999999999,394.7588278723002,44.96105253764072,9.302526,17.272672906138798
RF,Regions Financial Corporation,28.5,USD,0.0702247191011221,16421238,1.99335166584962,24279990875.000004,USD,Finance,Buy,30.05921580500538,30.020242280392523,29.65426146737762,-5.940594059405942,-10.320956576463187,5.2048726467331115,29.032000000000004,29.912999999999972,30.72840000000002,28.664249999999925,11.5919629057187,2.641283,14.59867623753147
GH,"Guardant Health, Inc.",179.38,USD,-2.031676679410158,3080785,1.7003836368517449,24072109090.000004,USD,Health technology,Strong buy,163.31573610986493,156.70956756881506,146.22654758727884,12.017984825303653,8.380158298592233,75.34701857282502,176.17399999999992,166.48550000000006,161.06539999999998,120.2781,nan,-3.204651,-4.599796760117153
AFRM,"Affirm Holdings, Inc.",71.21,USD,1.3232783153101773,3921135,0.9767414262878176,24027767047.0,USD,Finance,Strong buy,73.63058184617499,73.24540731405395,71.71242192484958,3.7592889406964862,-2.9175187457396055,-5.053333333333342,71.70800000000001,73.34474999999996,74.93710000000002,66.69199999999996,12.898726610755881,1.980456,4209.679937548791
DRI,"Darden Restaurants, Inc.",209.28,USD,1.228596304537096,1707840,1.4759374593279777,23762018488.999996,USD,Consumer services,Buy,212.16729200537807,210.7622648591647,208.57813299145147,0.15313935681469812,-5.06260206859009,13.406307575593372,210.3579999999999,214.47299999999942,210.60499999999973,202.87665000000027,20.144577385478733,11.286761,17.071219292314616
HUBB,Hubbell Inc,446.92,USD,0.8325248742188023,883908,1.7043080290518358,23611932502.0,USD,Producer manufacturing,Buy,468.7292586887416,475.6919782436753,480.27648719572227,-2.6339295440186437,-7.404798408817803,-0.18091260357804978,442.026,455.66500000000025,476.47759999999994,486.7240499999997,26.462037645582065,20.464359,9.655239579275419
FCNCA,"First Citizens BancShares, Inc.",2111.89,USD,-0.4097935470484516,142624,2.061403889124961,23501125948.0,USD,Finance,Buy,2166.68790065959,2150.103068288805,2118.367079977639,-3.068287175156279,-4.133548196736193,-1.1486451697457893,2133.267999999999,2161.7585000000013,2170.8416000000007,2057.1444000000006,11.29496695301327,194.194909,10.347745875154256
FWONA,Liberty Media Corporation - Series A Liberty Formula One,85.74,USD,-0.18626309662399393,757775,3.4453730314508646,23478571006.0,USD,Technology services,Strong buy,89.43320979647756,89.13342526756254,88.09058360025023,-2.1009362868234795,-8.777529524417492,-4.083230786441443,86.66200000000006,90.35399999999991,91.29999999999991,84.5780499999999,53.00772797527048,1.81296,52.752856738124464
BIP,Brookfield Infrastructure Partners LP Limited Partnership,36.07,USD,0.2780094523213829,736706,0.9354316187533275,23473949131.0,USD,Utilities,Strong buy,37.731844298362404,37.987784620617504,37.912420005523025,-1.6362148895554987,-6.699430936368331,3.086596170334376,35.65400000000002,37.145999999999994,38.665600000000005,37.224849999999975,60.08662335498918,0.604573,2994.329896907216
SN,"SharkNinja, Inc.",165.75,USD,-0.24675012036591035,6277444,2.3759693208622377,23349459663.0,USD,Consumer durables,Strong buy,168.82925122859132,163.13305152662588,153.82766452206644,0.4484576692321733,-9.72222222222222,47.80631353665061,167.85999999999996,175.92749999999992,170.13719999999995,131.58615000000023,33.86661762903028,6.5675,33.76882499248366
CRCL,"Circle Internet Group, Inc.",91.78,USD,7.862263485720998,30536997,1.8404543107398483,23300727191.000004,USD,Technology services,Buy,85.92657608147323,83.96126304176293,84.65567261395793,-0.23913043478260745,24.422151426828442,13.532904502721422,88.208,91.45450000000001,76.71080000000002,85.88074999999992,55.23591718825229,1.056846,nan
PPG,"PPG Industries, Inc.",104.52,USD,-0.8819345661450989,4137600,2.156801266057356,23234795573.0,USD,Process industries,Buy,110.80033638517035,112.14418602191827,112.56230413829014,-2.0155620136870778,-8.45230796181134,1.446180724060948,105.01800000000007,109.57999999999984,113.08260000000014,111.7405500000002,15.007969214422124,7.90525,23.48268586322452
SW,Smurfit WestRock plc,44.33,USD,-2.5285839929639375,8943632,2.011969823350145,23179677426.999996,USD,Process industries,Strong buy,45.80744070600109,45.60390958514765,44.927811063298996,3.2370749883558467,-7.0455022017194375,14.134912461380008,44.36999999999998,45.82550000000002,46.43800000000001,42.83500000000006,47.139515099957464,2.220446,42.24776887006504
IOT,Samsara Inc.,39.55,USD,-1.125000000000007,7595947,0.8004325864617854,23160685757.999996,USD,Technology services,Strong buy,38.93793549295647,37.92454379017164,36.69291837980475,2.72727272727272,-0.47810770005033926,10.167130919220053,40.954,39.91600000000001,38.57920000000001,33.79839999999997,256.8181818181818,0.773425,nan
ULTA,"Ulta Beauty, Inc.",540.98,USD,-0.5057657293141816,1145397,1.9389373633903833,23130936904.0,USD,Retail trade,Strong buy,531.0499783391183,524.2796045658612,524.1605233766229,-0.03510911543506493,4.012612716540732,-10.747046789414634,541.6399999999998,541.7829999999999,520.5781,557.3348750000001,19.709914708657745,28.991126,5.199190513058345
VLTO,Veralto Corp,94.49,USD,-0.7979002624671969,4959980,2.985978187220985,23036033140.999996,USD,Producer manufacturing,Strong buy,95.27165316782234,94.37077171151638,93.54093670069531,-0.3164890811267131,-3.8661104893682077,-4.767184035476722,95.45400000000006,96.7309999999999,95.87499999999989,93.21645000000004,23.81660533346776,4.381649,11.103643339214205
TPR,"Tapestry, Inc.",115.0,USD,-0.8962426749396812,7708511,2.1876030159903523,22930042953.0,USD,Retail trade,Strong buy,127.22892097284767,131.67942556289054,134.46499845126317,-2.2939677145284647,-12.878787878787879,-11.004488469277202,116.80000000000015,121.72450000000019,135.78240000000008,138.7948999999999,15.795618432799944,7.979291,1049.7946936197093
VRSK,"Verisk Analytics, Inc.",175.41,USD,-0.6063009972801413,3186209,2.398758118051511,22830668140.999996,USD,Technology services,Buy,183.4494748040698,184.71744084987753,186.69925035545552,-0.7581329561527601,-1.6539582866113574,-20.965125709651257,180.14999999999955,184.75849999999951,189.30030000000025,192.56024999999966,26.95298094652735,7.711862,0.3778823166499536
ROKU,"Roku, Inc.",153.64,USD,-0.2855659397715642,2432895,0.953100122298248,22816865510.0,USD,Technology services,Buy,152.6567751460135,148.39493528088983,141.2235771030123,-0.87102393702821,-2.6732547827188817,40.75397370711372,155.3819999999999,156.3107500000001,151.1914999999999,120.71462500000007,65.63848421412398,2.790679,nan
ASTS,"AST SpaceMobile, Inc.",58.52,USD,-6.6815499920267865,19793385,2.061729284429798,22774082023.0,USD,Communications,Buy,63.33505174289042,66.73621065960924,70.62586854222167,-3.256736650686062,-12.532695613182868,-21.280602636534837,59.85400000000006,61.085000000000015,63.24659999999999,81.67662500000003,nan,-2.095959,-12.655962095288231
GPN,Global Payments Inc.,85.06,USD,-0.39812646370023813,5790148,2.1905290075564507,22508438560.0,USD,Finance,Buy,87.21652284639993,84.75601352020139,81.85591374072763,-4.609173488841538,-5.979882834088644,9.61340206185568,87.22399999999996,90.33800000000005,87.03739999999982,76.30182500000022,26.688002008032132,13.650241,-44.26120564523181
CHD,"Church & Dwight Company, Inc.",94.75,USD,-0.3156233561283505,2267660,1.135011206162253,22475069828.0,USD,Consumer non-durables,Buy,97.50059050571929,97.72177140402131,97.39678466706638,0.21152829190904585,-5.098157051282055,13.445881226053645,94.87999999999995,98.0135,98.79460000000026,95.42054999999976,30.486823900382895,3.776676,46.592141880099994
CHTR,"Charter Communications, Inc.",128.17,USD,-3.8989277948564274,6373775,2.203203510151323,22444513031.999996,USD,Consumer services,Buy,143.33761283803128,145.83945409313867,153.47697395589813,-9.761678459534629,-13.97986577181209,-38.806397708283605,136.21799999999996,145.973,143.40359999999848,179.45482499999994,3.3298693201008023,40.984154,4.731715280801037
ARXS,"Arxis, Inc.",52.02,USD,4.668008048289739,3360338,3.2468194515166244,22411586320.0,USD,Electronic technology,Strong buy,51.892735386816646,49.82819917037703,45.576198347107436,-1.7378163959198991,-9.182960893854744,36.89473684210527,50.01200000000001,52.041,50.78709999999999,nan,nan,0.47484,nan
TROW,"T. Rowe Price Group, Inc.",104.16,USD,1.283547257876306,2886340,1.7663651960073343,22218978850.0,USD,Finance,Buy,109.02058069438839,109.30248585935585,108.27048456799704,-4.0000000000000036,-6.288798920377876,1.6492631989850666,103.886,108.67775000000015,112.53789999999987,103.88362500000002,10.447446814912887,10.20878,11.482723918148286
KEY,KeyCorp,20.81,USD,-0.6682577565632486,19014290,1.1621263103364101,22206944348.0,USD,Finance,Buy,21.95590087026779,22.091721505669856,21.996086839931856,-4.933759707629062,-8.967629046369206,0.8725157537566637,21.22200000000003,21.68850000000001,22.413199999999975,21.577799999999993,12.103763159425347,1.828124,nan
BG,Bunge Limited,115.58,USD,-3.1263096136116033,6776545,2.9542715457344486,22205128862.0,USD,Process industries,Strong buy,116.428429475297,116.31953463136104,116.08494736449876,-7.045198648866016,0.504347826086955,29.57399103139013,119.00199999999992,118.18100000000007,115.6951999999999,115.36209999999991,22.412689794256238,9.516979,-48.493323079074315
RBRK,"Rubrik, Inc.",106.71,USD,-1.038671983678016,5143692,1.5003569394875997,22121455719.0,USD,Technology services,Strong buy,92.85491733457349,88.09433398890457,82.50688975933616,18.69855394883202,5.3301747112821944,37.42433998712168,104.65399999999995,96.03450000000007,89.29520000000001,70.23875,nan,0.503246,46.36243667787664
CASY,"Caseys General Stores, Inc.",597.48,USD,-1.6412873487529882,1085088,1.1350761877713567,22082959816.0,USD,Retail trade,Strong buy,726.7295915812566,754.7561824357244,761.3731011692853,-4.932535641547862,-30.053032697643385,8.272475218817386,600.536,711.8184999999994,794.6961999999999,729.9851499999991,28.76565915284103,21.369067,33.36029997174925
L,Loews Corporation,107.77,USD,-0.54448135843485,2547918,2.4250617063865785,22031174603.0,USD,Finance,,110.30562229281003,110.75942354922105,110.43886024824066,-2.009456264775421,-4.450749179891843,2.6380952380952345,108.6659999999999,109.30000000000027,112.63040000000001,108.92164999999986,13.200636942675159,nan,29.801577206817598
MKL,Markel Group Inc.,1776.33,USD,-0.49909255898367066,167572,2.524743151845887,22008654228.0,USD,Finance,Buy,1825.2190997907662,1846.1115469668734,1868.9686715372043,-0.9297267150027927,-1.7619829774525977,-17.122888216000337,1787.9320000000012,1801.2424999999992,1864.2569999999992,1946.438550000001,9.800311609666961,98.627767,8.703805992214209
JBHT,"J.B. Hunt Transport Services, Inc.",234.25,USD,-1.076858108108113,2271508,1.5516739063060037,21999574667.0,USD,Transportation,Buy,264.197748809315,266.2383927408251,262.0280473905102,-13.720073664825046,-14.291463905455343,20.477280325044358,251.16400000000004,262.2235,272.1527999999999,241.52297499999952,33.20999206079165,7.624018,28.1843458665746
PHM,"PulteGroup, Inc.",117.26,USD,-1.329518680578928,5172970,2.8134658597834017,21980685847.0,USD,Consumer durables,Buy,123.75400727887379,124.6933299991603,124.89495562054677,-0.8036545131545458,-9.178220122376274,-1.0046433094132525,118.412,123.12200000000007,126.36280000000002,125.10159999999998,11.978017487946392,10.152179,-26.81384239288892
SOFI,"SoFi Technologies, Inc.",16.96,USD,1.374775851763302,44225032,1.1769212313735384,21905033388.0,USD,Finance,Buy,17.64862589117937,17.68048801597305,17.92494811182495,-2.0785219399538075,-5.012601512181459,-36.384096024006,17.04999999999999,17.842499999999994,17.715800000000005,19.51567500000001,35.757959097617544,0.590296,-4.336425978217027
AER,AerCap Holdings N.V.,141.64,USD,-1.179097188306723,1233403,1.0871695617238268,21873474875.0,USD,Finance,Strong buy,145.3505597053397,145.71783826866226,145.04113727508883,-0.37279313497925104,-5.943289727073522,-2.391289366687359,140.98400000000007,144.2435,147.95380000000006,143.9942499999999,6.966118616809376,18.720007,26.695329781599515
NRG,"NRG Energy, Inc.",103.66,USD,-2.4192789230914125,3696327,1.2590168765546426,21790419099.0,USD,Utilities,Strong buy,116.85019302961585,122.19224665890928,128.58509629338656,-8.741966722422754,-10.791738382099833,-35.846020547097424,106.34600000000005,111.68000000000002,121.73979999999997,144.1945000000001,27.417477782479896,8.889556,59.993229232787435
BRO,"Brown & Brown, Inc.",65.02,USD,-0.15356265356266666,5680186,2.4551091720609945,21756363935.0,USD,Finance,Buy,68.54169280881747,68.15087733158651,68.02411848644692,-3.042051893826433,-6.647523330940429,-18.49066064936693,66.31600000000002,69.87050000000002,69.93699999999998,68.83675000000002,20.560333923602325,4.490759,-8.806736259299848
ENTG,"Entegris, Inc.",142.25,USD,5.628573550159659,3166146,1.5285725113925541,21735800434.0,USD,Producer manufacturing,Strong buy,141.67055448214273,141.60647460171978,139.35826900377785,2.0005736411874313,-6.733543141883037,65.09981429897864,133.05599999999998,136.80950000000004,138.54869999999997,128.97429999999994,71.24255020784294,3.91804,2.647542669134273
RIVN,"Rivian Automotive, Inc.",14.99,USD,-2.6623376623376633,37236739,1.6950987172377894,21703430364.0,USD,Consumer durables,Buy,15.846656682247158,15.955694239612889,15.984817427181886,-7.753846153846152,-0.1997336884154418,-24.216380182002027,15.403999999999996,15.982000000000005,16.192200000000003,16.296449999999993,nan,-2.296247,20.201582982933463
EIX,Edison International,55.31,USD,-0.34234234234233824,9138323,1.6889620693190368,21284060924.000004,USD,Utilities,Buy,63.592252812148764,66.34151162067697,67.8612808372995,-3.472949389179747,-25.578579117330452,-8.381646513168786,55.261999999999944,61.27849999999995,69.17300000000004,68.38434999999994,5.697715145147002,6.131584,42.63841542259315
SNX,TD SYNNEX Corporation,266.16,USD,0.6618509133542604,2734547,3.4027755569312705,21281820624.0,USD,Distribution services,Strong buy,259.87196543045957,255.38520109542526,245.65953402221714,3.0988534242330337,2.42044098972564,76.26490066225166,262.9339999999999,257.6584999999999,254.40059999999997,209.81256000000005,19.040260966606578,19.076817,63.39154218388386
UTHR,United Therapeutics Corporation,494.63,USD,-0.530898706939889,1501108,1.797408230411875,21215022130.0,USD,Health technology,Strong buy,507.6087946558287,515.7170269258817,520.0520916421987,-2.169699367088613,-5.869031533674621,0.9304793192809195,498.68600000000026,504.8360000000001,516.6622000000001,524.3504500000003,17.69221139229187,26.08889,9.163357502918695
IFF,"International Flavors & Fragrances, Inc.",82.96,USD,-2.2965492874808655,3727053,2.073875780001578,21167240728.0,USD,Consumer non-durables,Strong buy,83.4754393890664,82.16551341151376,80.29458971604907,-2.331057216858964,0.7285089849441407,22.849104101880634,83.988,85.42800000000005,82.26199999999999,75.39494999999994,76.97160883280756,3.442613,nan
RGLD,"Royal Gold, Inc.",249.65,USD,-0.7158480811294424,2013108,2.7976537657693115,21152309606.0,USD,Non-energy minerals,Strong buy,243.85618649655416,237.678686724541,234.09082541189682,-2.7312397724616297,3.490444803714304,11.45089285714286,249.22199999999998,258.2824999999995,229.92029999999974,239.30922500000014,27.216038548332588,10.435655,34.28537967178557
THC,Tenet Healthcare Corporation,261.99,USD,0.03436426116839704,3183973,3.553023806242506,21095171288.0,USD,Health services,Strong buy,256.5716226455383,245.34548343924658,232.76051323020073,-1.6147808779901653,-3.292606400649668,31.7393271986725,263.006,266.456,249.37440000000004,210.8568999999999,10.103312238971737,21.215261,66.00366178428763
MTSI,"MACOM Technology Solutions Holdings, Inc.",275.86,USD,4.833928707152097,2795570,1.7874146779418987,21067682501.0,USD,Electronic technology,Strong buy,281.05812346426313,287.7760018544444,288.1534566887657,0.26532911714462915,-7.214691735898554,57.83270397070604,254.07799999999992,264.8164999999999,275.1251000000002,268.06685000000004,88.72378746944553,5.512437,nan
FSLR,"First Solar, Inc.",195.96,USD,-2.5850069596341165,2763461,1.1780291709460613,21059780299.0,USD,Electronic technology,Strong buy,211.09323780856954,216.46574192330755,220.56287852322203,-6.614563476934805,-11.729729729729726,-26.292033401038143,199.51400000000007,204.80199999999996,214.09619999999998,228.1043499999999,12.080338318517516,17.438765,38.72032564821782
DLTR,"Dollar Tree, Inc.",111.96,USD,-2.132867132867143,6588824,1.893771334957343,21007087633.999996,USD,Retail trade,Buy,122.49543149085878,121.915739261272,119.98101857159975,-6.668889629876626,-15.571977980544466,-8.753056234718834,114.14400000000008,124.64000000000003,126.28279999999995,117.67195000000004,13.674169791272273,7.878761,nan
OMC,Omnicom Group Inc.,76.57,USD,-2.582697201017813,16729632,4.252578522424978,21006671435.0,USD,Commercial services,Buy,81.3416353843694,80.96648452518032,80.07335007406678,-4.131714035307389,-11.17169373549885,-5.176470588235302,79.08400000000013,83.2389999999999,83.0746000000001,78.32067500000015,65.63517915309446,10.432541,-83.26303405928094
CW,Curtiss-Wright Corporation,568.27,USD,0.14450612388755596,923951,2.1753013917487665,20988737455.999996,USD,Electronic technology,Strong buy,618.3348551169441,646.3706354117381,663.8483886029425,-0.043973826778301556,-19.018710900203786,2.46483952398124,563.9640000000004,580.751,663.5622000000006,676.9375750000004,39.10634900973065,15.300788,22.603017110458644
DOW,Dow Inc.,28.73,USD,-2.5771447948457036,13630751,1.435621792363842,20752847930.0,USD,Process industries,Buy,29.877423689149836,30.455649022909867,31.023584029526713,-2.345343303874919,-8.503184713375791,21.99575371549894,29.409999999999997,30.093500000000006,30.24619999999994,31.781500000000005,nan,2.349003,-30.144223904041116
PKG,Packaging Corporation of America,232.77,USD,-1.1886063590440137,1119655,1.6633612032184073,20739411001.0,USD,Process industries,Buy,239.5034981510355,238.5673347018818,235.19250999624373,-1.1298475130612056,-7.649275937314025,13.022578295702852,232.85199999999972,236.88649999999993,241.877,224.6996000000001,30.257376836084756,10.504817,-23.22431911857167
DINO,HF Sinclair Corporation,115.9,USD,-0.6173898130680834,5639272,2.06577008241765,20605147790.0,USD,Energy minerals,Buy,100.75644793438624,94.07222650008478,86.3574174503768,7.225460264594322,20.41558441558442,151.95652173913047,113.12999999999997,104.99149999999995,95.05780000000003,68.2299,11.061271234968507,16.12506,nan
AMRZ,Amrize Ltd,37.54,USD,-1.702016234616388,6165883,1.3409063285216298,20531587455.0,USD,Non-energy minerals,Buy,43.68174010262617,45.89967166518505,48.10695721844029,-8.19271215456102,-17.075325822840743,-31.38365929446171,38.592,42.147999999999996,46.096000000000046,53.08875000000001,17.236787731300794,2.532316,1.5243333954876082
FICO,Fair Isaac Corporation,949.68,USD,-1.7199627444892895,823508,1.5040236579618604,20510842104.000004,USD,Commercial services,Buy,1048.289950902213,1085.1974611005699,1130.4455054252976,-1.6110149912456169,-13.318729463307774,-43.840144763842154,978.9580000000003,1053.9704999999988,1119.4320000000014,1268.8663500000005,27.440023346325987,42.937783,35.366545286716125
CMS,CMS Energy Corporation,65.34,USD,-1.2990936555891228,5834352,1.842214763011191,20489127737.0,USD,Utilities,Buy,68.7996472740829,70.19798272025338,71.44623780096003,-4.0669505212156745,-8.717518860016758,-6.536976112144176,66.05399999999982,67.72049999999996,70.57339999999995,73.20269999999998,19.634593425085644,3.87087,-1.7942513132267004
XPO,"XPO, Inc.",174.25,USD,-0.6216493669442246,1798400,1.5400126701665229,20402317669.0,USD,Transportation,Strong buy,191.1509085851814,195.59370410397926,196.72054243415502,-5.5657923260351225,-15.045585295694998,28.569320445657787,176.5460000000001,185.94050000000001,198.12540000000004,190.91689999999974,51.237944013173376,5.489165,17.642175176421745
STZ,"Constellation Brands, Inc.",118.97,USD,-2.8419763168640295,6760370,2.4139200723393683,20317202893.0,USD,Consumer non-durables,Buy,128.4303532086534,131.8944917257731,135.833906461558,-4.4494418119026635,-9.183206106870228,-14.039017341040466,122.61399999999972,127.72850000000032,130.66220000000004,144.6771000000003,11.349716662532673,11.788556,nan
CDE,"Coeur Mining, Inc.",19.76,USD,-1.1011011011010954,57718764,1.7344655585189748,20311996993.0,USD,Non-energy minerals,Strong buy,19.50285452391691,18.961677650406696,18.650886749530905,-5.136821891502625,0.7392301809839569,6.810810810810819,19.701999999999995,20.729999999999997,18.259800000000002,19.160250000000012,16.22864651773982,1.06928,212.20512820512818
EXE,Expand Energy Corporation,87.49,USD,-0.9509792822370694,8549440,2.4731190509635903,20254265583.0,USD,Energy minerals,Strong buy,93.34767905476421,93.62212330367386,94.7069656079121,-9.289787454639718,-8.949942761993974,-20.449172576832158,90.43799999999997,95.64649999999983,93.51069999999976,99.97847499999982,7.551811347138183,8.600047,2897.490297542044
CRS,Carpenter Technology Corporation,408.12,USD,0.346684369698317,1434448,2.038692358485176,20225842141.0,USD,Non-energy minerals,Strong buy,478.4009436799434,491.18435903992224,485.71108247696975,-10.362398418625084,-23.57446489766109,28.911210082441027,412.46600000000007,456.5159999999999,515.3047999999998,437.37137500000017,38.76372478249307,13.337362,41.99552234780028
USFD,US Foods Holding Corp.,93.42,USD,1.3671875000000056,4909852,1.6640126390144845,20209615372.0,USD,Distribution services,Strong buy,100.30555414397388,99.71294322452246,97.6293544732952,-2.1370207416718965,-12.813812412505836,24.593224859962653,92.9799999999999,101.6485000000001,102.16399999999987,91.27850000000004,28.72870410234332,4.786898,39.00739537468472
LUV,Southwest Airlines Company,40.98,USD,1.586514625681689,14082051,2.1629245509309825,20047751440.0,USD,Transportation,Buy,41.72548206159532,42.57184342358622,42.88145623256758,3.3022435089488154,-3.802816901408461,-1.2768007708985813,39.854,39.48499999999997,43.43440000000001,43.342199999999984,24.860470759524382,3.22508,147.8796992481203
LYB,LyondellBasell Industries NV,61.93,USD,-3.610894941634242,7745816,1.8769527217672561,20005739311.0,USD,Process industries,Buy,62.858517287368194,62.83725351903044,62.779028004068245,-2.8396611233134643,-5.752549079287771,42.10647085819184,63.85200000000001,64.30399999999997,62.43999999999999,61.311950000000024,nan,9.313402,-247.10743801652893
STE,STERIS plc (Ireland),205.04,USD,-1.4420303787733129,1544123,2.060032077374191,19991421246.0,USD,Health technology,Strong buy,219.91757392357596,220.987211453754,222.32906669706006,-4.186915887850471,-12.323612417685803,-19.09402990963975,209.38399999999996,223.17399999999967,224.91400000000033,230.60754999999958,25.061725377074826,11.206146,24.045182321279654
RL,Ralph Lauren Corporation,335.1,USD,0.6064609102918334,1051345,1.461978098383452,19950202589.0,USD,Consumer non-durables,Strong buy,357.79896619466837,364.5409733467459,366.9022363292525,-1.6176859164440243,-12.734374999999995,-5.605633802816895,336.6399999999999,346.7845000000003,368.46759999999995,365.7041000000003,21.126893760284467,18.921331,26.61185392137298
PS,Pershing Square Inc.,49.83,USD,13.689253935660506,2320602,2.622863104770553,19932000782.0,USD,Finance,Buy,40.878977658813405,39.61775776488542,37.460952380952385,35.040650406504064,27.409869598568143,107.625,42.72799999999997,40.50850000000002,37.980799999999995,nan,nan,0.505655,nan
RS,"Reliance, Inc.",390.15,USD,-2.59886159376873,947158,2.9828196831999216,19918933926.0,USD,Non-energy minerals,Buy,396.15253042909865,393.2360740819028,383.9989454909331,-1.0725696029210452,-8.415492957746483,34.15053467661521,392.2479999999997,391.9374999999999,400.1649999999999,352.07135000000034,22.690923049185475,23.458541,25.544700487747875
FTAI,FTAI Aviation Ltd.,190.74,USD,-2.219715999384828,1402297,0.9260989548393206,19590351347.0,USD,Electronic technology,Strong buy,201.89565813032064,210.42770310517176,218.16234811959905,3.6630434782608745,-9.798543459755981,-3.681260415088619,185.616,192.055,205.17479999999995,235.5743500000001,41.54831401934304,5.956667,13.859126984126977
WES,"Western Midstream Partners, LP",47.29,USD,0.2756573367260445,1431518,1.6518990022147746,19539026790.0,USD,Industrial services,Buy,47.817577442689796,47.0801191401915,46.00837659199472,-1.867607387424774,-5.135406218655972,19.148400100781057,47.290000000000006,48.332000000000036,47.619000000000014,43.32304999999999,14.893550012597633,3.713213,-2.286505616248655
BBY,"Best Buy Co., Inc.",92.85,USD,-1.808375634517775,5110329,1.3507141342076727,19473217266.0,USD,Retail trade,Buy,87.49337310792434,84.59051403810176,80.9992214522678,4.278975741239878,5.981052391279529,37.718777810738636,93.58600000000004,88.19099999999997,86.48120000000004,72.13060000000003,15.452336573026228,6.807093,65.59098299666547
VTRS,Viatris Inc.,16.95,USD,-1.0507880910682996,15646115,1.8848761843861817,19468615281.0,USD,Health technology,Buy,16.651599849299746,16.5164808789111,16.145841493925232,2.727272727272723,3.227771010962226,35.599999999999994,16.882,16.706000000000007,16.810599999999997,14.998824999999993,nan,2.516416,87.72002200220021
NI,NiSource Inc,40.58,USD,-0.8066487411390816,9904727,2.022174504893011,19460549294.0,USD,Utilities,Strong buy,42.063516798238,43.064080088683546,43.93558053736845,-2.5456292026897267,-3.929924242424251,-2.825670498084291,40.761999999999965,41.05250000000003,43.04539999999997,44.958100000000115,21.49136743988984,2.05424,0.32410605175070367
GIS,"General Mills, Inc.",36.32,USD,-0.9274413529732579,16390562,1.7595002374814481,19417743880.000004,USD,Consumer non-durables,Buy,37.50028532072267,37.37294805758562,37.60393140872596,-0.08253094910591784,-5.342715663278596,-21.858864027538722,36.56800000000001,38.629500000000014,37.83099999999994,39.418349999999926,nan,3.075087,-104.6300144229594
AMCR,Amcor plc,41.9,USD,-1.132609721566786,5791414,1.6453038200962289,19372284388.0,USD,Process industries,Buy,44.24090708816803,44.06485539160358,43.59817459827283,-4.1189931350114515,-9.83430170002152,0.3592814371257451,42.19199999999999,44.864500000000035,45.17340000000004,42.7606999999999,17.574029024410706,nan,32.20583342575136
CF,"CF Industries Holdings, Inc.",127.7,USD,-4.573307427888201,4629598,1.749210170586978,19325877399.000004,USD,Process industries,Buy,126.53108047419913,123.88344646391172,120.41956194260923,-3.695324283559571,5.939936950389909,64.8167268972638,132.05799999999996,132.0135,125.2586,110.53870000000012,9.471677681107822,15.002492,76.22078736864118
SNA,Snap-On Incorporated,372.15,USD,0.14261880415477443,1014828,2.994527495601872,19250248606.0,USD,Consumer durables,Buy,387.0461519037758,389.24475639014446,387.43796882748325,-1.7010486278031638,-5.920570316252501,8.01044841097082,373.87000000000006,382.99149999999975,397.4738,378.3117000000004,18.982886582162255,19.803778,4.492687190857923
PR,Permian Resources Corporation,22.76,USD,-1.8965517241379213,27190357,2.3089333683951456,19062797667.0,USD,Energy minerals,Strong buy,22.429820864863242,21.800731212245964,21.006711479701973,-3.4775233248515556,1.1106175033318524,62.33951497860202,23.431999999999984,23.464000000000013,21.9072,19.034350000000003,15.106863135536972,2.125771,-2.149769435604347
WWD,"Woodward, Inc.",321.74,USD,0.6821880085117057,1731683,1.9213666568768504,18997402240.0,USD,Producer manufacturing,Strong buy,348.9831828936592,358.1265389837543,361.8168115234883,-4.928786714733174,-12.275057258152465,5.877319994734768,320.78400000000005,335.0849999999999,362.80500000000035,362.0294,35.78148980181944,9.467344,42.25055765610414
SBAC,SBA Communications Corporation,178.59,USD,-1.4023077347761232,1850289,1.730186543888117,18946275512.0,USD,Finance,Buy,184.8922226250203,186.75896812265643,189.3674629656954,-2.5057320668195238,-2.564242457308085,-7.0763307143972085,181.18999999999986,185.6645000000002,183.47740000000016,192.47339999999957,19.23176326161401,7.700492,14.116129032258062
NTNX,"Nutanix, Inc.",69.8,USD,-0.24296126911533758,5834869,2.3110663788812826,18868371418.0,USD,Technology services,Strong buy,65.31116231366317,62.09072834017607,58.516018614249994,6.678893473941602,6.321401370906308,34.80108149864812,68.82999999999998,67.66600000000001,62.91850000000005,49.38817500000002,13.52293862368258,2.326458,702.6123464468977
SSNC,"SS&C Technologies Holdings, Inc.",79.93,USD,-0.13743128435782037,3507597,2.0331570192000648,18755974124.0,USD,Technology services,Strong buy,79.54848959601065,77.57095971154924,75.96652243345619,0.9089761393763579,-1.89026635571375,-8.252984389348022,80.60599999999991,81.85699999999994,78.09580000000005,75.16644999999988,22.95124332395337,7.10598,9.698554194097083
EFX,"Equifax, Inc.",158.87,USD,-1.4270645901842671,3466246,2.028343533238364,18664825716.0,USD,Commercial services,Strong buy,174.03341796269646,174.82875937223463,176.88848045135475,-6.077446053798403,-13.450642841577686,-26.629104512076847,164.64200000000017,179.06750000000028,178.3709999999998,185.84175000000013,27.916988824066916,8.561638,11.283194493331768
BR,"Broadridge Financial Solutions, Inc.",163.13,USD,-0.7181547075649728,3278585,2.6993565348751773,18600376331.0,USD,Technology services,Strong buy,167.150786229138,164.61861357013004,164.75860886143167,-3.726873026645813,-5.699751430718546,-26.90325760630909,167.8339999999999,175.26299999999983,165.61579999999984,174.4690999999997,16.949980258099373,10.555144,35.666760642796724
GFL,"GFL Environmental Inc. Subordinate voting shares, no par value",42.53,USD,-1.6192458940550447,4993407,1.4846558473323759,18543786425.23221,USD,Industrial services,Strong buy,41.94691267247746,41.21255579867699,40.77467526217999,0.9494422027059068,4.291319274153997,-1.2766945218198635,42.324,42.15050000000001,41.09419999999996,40.84470000000007,nan,0.5670191973,87.87859681633327
SITM,SiTime Corporation,614.27,USD,2.6177748078850582,1062336,2.0692177908912313,18471735493.0,USD,Electronic technology,Strong buy,620.3230921091348,618.6000876974155,600.2184646188814,-0.09839398251677466,-10.198383111851818,68.03074650545723,574.1020000000001,585.7712500000001,597.6454999999997,514.0540749999999,1244.973652209161,11.253238,nan
EVRG,"Evergy, Inc.",79.78,USD,-1.3112320633349854,3391950,1.4846635106305355,18390329332.0,USD,Utilities,Strong buy,81.85555704099646,82.39763777461174,82.38585253392868,-2.647956070774865,-4.933269780743566,10.300013825521917,80.41399999999982,81.16550000000007,83.14599999999999,80.84804999999999,20.211283662250146,4.255644,8.627332269249818
IREN,IREN Limited,46.68,USD,7.359705611775535,45496163,1.225076015242028,18370328149.0,USD,Technology services,Strong buy,43.11043584828754,43.45863605119794,44.10485366270245,4.6754120417087135,12.712785222745383,19.661625224301467,43.50600000000001,41.831250000000026,40.38089999999997,45.54097500000002,nan,-1.900802,-427.0100709922404
FIS,"Fidelity National Information Services, Inc.",35.62,USD,-2.2234422179522437,9220232,1.4540485156470055,18369444769.000004,USD,Technology services,Buy,39.92470885517614,40.888091309657874,42.60005903590284,-6.997389033942559,-13.50169985429821,-46.436090225563916,36.884,39.60250000000001,41.376799999999974,48.393900000000066,5.4693977827595734,6.203197,2338.2628229127663
LEN,Lennar Corporation,76.43,USD,-4.1028858218318645,11851862,2.2017721797272642,18359345952.0,USD,Consumer durables,Buy,82.72380511474445,84.54081808449489,87.43494768531127,-3.9824120603014923,-13.137856574610739,-25.803320066013008,78.90999999999998,82.65500000000007,84.13060000000002,96.34114999999979,14.433554283987688,4.94481,-47.695058228548284
IP,International Paper Company,34.53,USD,-2.869198312236276,8544362,1.4982884130345218,18286047491.0,USD,Process industries,Strong buy,37.3796229856721,37.688550763405594,37.82863295407846,-1.6799544419134291,-15.05535055350553,-12.626518218623486,34.47600000000004,37.03150000000009,38.88199999999991,38.2391750000001,nan,1.362129,-6527.811860940696
ITT,ITT Inc.,204.47,USD,0.8185000739608483,1994177,2.324622291149069,18279618421.0,USD,Producer manufacturing,Strong buy,204.1943474683417,202.81285913304984,200.73921058232602,2.676508988651207,-5.608900378543073,16.90012006174604,199.85400000000016,202.15799999999993,202.56560000000025,195.48854999999995,40.15120274914089,8.261928,-19.95190040554559
CDW,CDW Corporation,146.19,USD,-2.0174262734584394,2866955,1.792974992453064,18276298860.0,USD,Technology services,Strong buy,145.0732812764255,141.74769961400114,138.57907588256612,0.9529728609902599,8.288888888888888,6.552478134110794,150.15800000000004,147.04250000000008,141.8973000000001,132.07117499999987,17.57175825760854,10.953032,3.423584694562535
U,Unity Software Inc.,41.4,USD,-1.0516252390057477,14333528,1.7895923897443564,18219682300.0,USD,Technology services,Strong buy,40.83492079381043,38.43294008939249,35.86623845629818,-1.4520352297072112,-11.120652640618292,-8.407079646017708,42.366,42.99649999999999,38.936600000000006,32.14950000000001,nan,-0.686276,-27.864387678437264
TSN,"Tyson Foods, Inc.",52.77,USD,0.9758897818599409,8428918,1.926856774535653,18195128637.0,USD,Consumer non-durables,Buy,54.94532614515579,56.20078925278304,57.46251842387809,0.056882821387943,-9.90268055318422,-9.90268055318422,52.572000000000024,54.116499999999995,56.54219999999996,60.32702499999986,31.877491844871333,3.592439,-26.43647513664845
ZBH,"Zimmer Biomet Holdings, Inc.",95.36,USD,1.177718832891246,3947389,1.6828173358378848,18188745868.0,USD,Health technology,Buy,96.03421579570208,94.96465280472333,93.7739609923349,2.5927918235610505,-3.403565640194489,5.9908858508391685,96.26800000000017,97.8,96.09019999999992,91.4442999999999,23.206463545215612,8.53186,0.06331271611552519
PAA,"Plains All American Pipeline, L.P.",25.37,USD,-0.1574183392365177,6189849,2.0771131114671855,17900221867.0,USD,Industrial services,Buy,24.939417179514788,24.39298458864527,23.65905384666975,-0.5098039215686235,4.274558158651882,40.94444444444445,25.56399999999999,25.53974999999999,24.55850000000003,21.765874999999998,7.026532986207279,1.554327,299.22600619195043
CHRW,"C.H. Robinson Worldwide, Inc.",152.99,USD,-0.5395917305941907,2043452,1.381622308122737,17877074500.0,USD,Transportation,Strong buy,155.26904910247094,160.1840380344046,164.2872463002262,0.3739666710405601,4.924216446059946,-5.193034640887399,155.04400000000004,149.97224999999997,161.89509999999996,172.65942499999986,29.19545055532232,6.234518,19.290657439446353
TPG,TPG Inc.,46.47,USD,0.540891389009087,2472944,0.8711065007997242,17868865175.0,USD,Finance,Strong buy,48.671802388181945,47.763668366518964,47.19190954692889,-1.5466101694915337,-11.07921928817451,-27.673151750972764,46.92399999999994,50.63074999999997,48.18750000000004,48.75257499999995,70.1222272521503,2.847791,nan
GPC,Genuine Parts Company,128.08,USD,-2.1393643031784713,2820321,2.5533575138343183,17657079815.0,USD,Distribution services,Buy,131.28340920911168,128.27186918521423,124.93886142769261,-6.085936354304138,-4.196274964470032,4.028589993502281,130.73999999999995,134.77500000000018,130.95440000000005,120.04734999999991,513.1410256410257,7.739434,-95.70055465600991
DD,"DuPont de Nemours, Inc.",129.01,USD,0.42814884010585624,2098210,1.5671892398503655,17421892657.000004,USD,Process industries,Strong buy,133.9474105801247,135.73151894015007,136.3912208186318,-0.13932966947906714,-8.119079837618406,6.338608638311901,127.47399999999998,131.90349999999998,136.53719999999998,137.1889,306.43705463182897,7.251605,nan
EWBC,"East West Bancorp, Inc.",126.92,USD,0.898322601160661,3346946,3.491490202910283,17389544523.000004,USD,Finance,Strong buy,129.69376122399677,129.21073173612325,127.23680394381394,-2.7134753947570185,-6.228297007757661,12.90810426118673,127.48599999999999,128.76500000000004,131.0446,121.02230000000004,12.186971885082194,10.638446,21.704783162520016
GEN,Gen Digital Inc.,29.01,USD,-3.972194637537237,19124879,2.856399687118827,17365010055.0,USD,Technology services,Buy,29.08284431993391,28.172526540604817,27.097746917125367,-3.525108081143993,5.414244186046519,6.53690782225487,30.501999999999992,30.223249999999997,28.533699999999985,24.783799999999946,16.839844430254836,2.928811,79.82254697286012
ESS,"Essex Property Trust, Inc.",270.05,USD,-0.27695716395864106,790479,1.6275227272446513,17355691504.0,USD,Finance,Buy,279.6561442435642,280.4712210908923,278.43406767401405,-1.0225773347016434,-5.487698176600289,4.258358427920635,272.7940000000002,279.20549999999974,285.40040000000005,267.66115000000013,42.02982008342153,5.621696,-48.34674534331261
NDSN,Nordson Corporation,311.57,USD,-0.054532623339967896,843573,2.118037413330555,17354252347.0,USD,Producer manufacturing,Buy,312.4297932630295,307.56243943993053,300.2199977986856,0.2412972138215044,2.419381348410642,29.18567045360311,309.97799999999995,319.0455,308.0913,282.70220000000046,31.52457656272133,11.938333,24.235110742388816
TOST,"Toast, Inc.",29.74,USD,-2.9690048939641116,17299021,2.067425945720735,17278939867.0,USD,Technology services,Strong buy,32.2570342958532,31.59720479153888,30.883580794916366,-7.467330429371507,-14.711786636076855,-16.85770198490356,31.327999999999996,33.674,32.94560000000004,30.03657499999999,37.99667816532516,1.385294,128.25896762904637
SMTC,Semtech Corporation,185.0,USD,3.821763286379708,6071928,1.6569658968251426,17265240172.999996,USD,Electronic technology,Strong buy,152.0571808744553,145.19779948478498,136.60678755808962,13.573577260728108,36.551520519633904,145.42318917484744,165.74,147.54574999999994,136.84389999999996,111.77414999999998,122.97261366657804,3.474463,537.1876323591698
MTZ,"MasTec, Inc.",214.38,USD,3.1913357400722,2722071,1.639715277675708,17215774908.0,USD,Industrial services,Strong buy,258.4308289568269,279.92092393565747,295.312217850815,-8.875286916602906,-23.56401754198311,-2.5589745920639952,219.6299999999995,237.46350000000007,280.0976,305.62199999999996,34.14999362813814,9.340351,86.28445947950976
OVV,Ovintiv Inc. (DE),62.37,USD,-0.9842832195586673,6288261,1.5860792514864146,17183159305.0,USD,Energy minerals,Strong buy,62.73411122446863,61.49685759260369,59.52876749253533,-2.180050188205773,-5.140684410646391,59.51406649616367,64.09199999999994,64.89300000000003,62.39480000000009,53.80145000000006,17.437861716107026,7.476285,58.28207284152764
MEDP,"Medpace Holdings, Inc.",612.33,USD,-0.4632790402808787,522196,2.2153796550056426,17091143275.999998,USD,Commercial services,Buy,588.9497834482328,571.8528152714025,551.5179376974068,4.72191818306198,2.055000000000007,9.606916550316843,611.9679999999997,602.4359999999998,584.7855999999998,520.9104250000003,35.91504686381926,17.602426,26.790561393332286
MKSI,MKS Inc.,252.08,USD,4.9327727594388815,2231364,1.607672339073466,17045033063.0,USD,Producer manufacturing,Strong buy,278.62555458967796,289.30476667840065,290.010543752299,-5.891137161203614,-17.12256706996318,53.20286860337913,239.67199999999997,257.1115000000001,292.107,267.0049,40.19453081399985,13.130949,59.397636294319476
LNT,Alliant Energy Corporation,65.605,USD,-1.5531212484993946,3938999,1.884235759235269,17010373515.0,USD,Utilities,Buy,68.59847339136681,69.76483715791535,70.47059769828795,-3.237463126843648,-6.916855845629965,0.915243808644822,66.25299999999996,67.58175000000004,70.33450000000002,70.37512500000012,20.788706508650737,3.42464,-2.475354615408382
J,Jacobs Solutions Inc.,143.4,USD,-0.527192008879017,2137725,2.7274825516904007,16783336298.999998,USD,Technology services,Strong buy,142.72181532955435,139.78500538865356,136.92465051524974,1.2640350257750101,-0.2712288754433454,8.095884215287207,144.00600000000003,146.56699999999998,141.36340000000015,133.03945,50.33698399326032,7.255943,-28.810255641352413
TSCO,Tractor Supply Company,32.21,USD,-1.8586227909811075,14851782,1.5608523816800408,16782701147.0,USD,Retail trade,Buy,33.39320320222032,33.586315773005666,34.89549091290578,-4.732327713694177,-7.892479267943946,-35.54132479487692,32.93399999999994,34.26300000000001,33.19139999999999,40.97029999999998,16.818086883876358,1.936497,-5.799026117751223
BEN,"Franklin Templeton, Inc.",33.01,USD,-0.18143332325371114,7454310,2.186565343788048,16771617758.0,USD,Finance,Buy,33.677630569547816,33.24174952774611,32.23809150593436,-3.507746273019593,-3.5641250365176718,37.656380316930765,33.11200000000002,33.931,33.67380000000001,29.052950000000013,22.504772293427866,2.891645,181.2655800575264
WCC,"WESCO International, Inc.",344.15,USD,1.423435105505123,637259,1.179995848547149,16771412352.999998,USD,Distribution services,Strong buy,347.70301174452715,345.14148477196613,338.00432635437323,-1.7303903372262364,-2.3964832671582657,39.983729916615815,337.9960000000001,343.04250000000036,344.61399999999986,313.78209500000014,23.7840191294973,16.827485,13.292254210349114
CLH,"Clean Harbors, Inc.",315.8,USD,0.07922674694977024,538244,1.441440186863078,16670211865.0,USD,Industrial services,Strong buy,314.38082879743513,310.4951735787829,304.20716831443036,-1.6903776110574997,-1.613807713876256,34.853531471517634,318.30000000000007,316.1975,313.4966000000003,287.1779499999999,38.30153667026476,9.801294,15.793834702619211
CNH,CNH Industrial N.V.,13.45,USD,-0.7380073800738112,25528080,1.3296988345753364,16647413820.000002,USD,Producer manufacturing,Strong buy,12.485779579944456,11.989345211942625,11.595143108269593,-2.25290697674419,32.90513833992095,44.468313641245956,13.653999999999996,12.949500000000015,11.557799999999977,10.93280000000001,53.88621794871795,0.443785,-62.02069385270846
NWS,News Corporation,32.68,USD,-2.0677255019478507,5659030,3.805059606457123,16636139784.0,USD,Consumer services,Buy,32.886835810628156,32.35081800941454,31.675245375241435,-0.5175038051750432,-2.418632427590332,10.256410256410252,33.42599999999999,34.04350000000001,32.9024,30.052525000000028,31.811544826243548,1.321115,26.23494716146475
FTV,Fortive Corporation,55.0,USD,-0.12711094970038184,4821115,2.0287091048236863,16610938263.0,USD,Electronic technology,Buy,57.88648517225681,58.67680792337209,58.84788676840662,-0.29006526468454785,-7.702634670246691,-0.5964214711729592,55.40200000000001,57.25900000000015,59.49759999999989,58.20349999999998,32.471366158932575,3.01645,-23.54428094249345
IEX,IDEX Corporation,223.72,USD,0.824732975798825,1064137,1.9630108636080474,16492616574.0,USD,Producer manufacturing,Strong buy,226.77867568321423,225.37879063606687,221.23172953323197,-0.1250000000000005,-5.3317535545023675,25.664213896534292,222.4179999999996,226.44850000000025,228.67559999999946,208.32924999999986,32.142754518548315,8.832192,12.346456184526994
ZBRA,Zebra Technologies Corporation,346.63,USD,-0.33926569103821247,1373256,2.303285284767506,16399294763.000004,USD,Electronic technology,Buy,341.4214331840344,324.43368149824676,304.65453154037283,-0.47947171978180186,-6.3642994138145275,40.71773636991028,346.032,353.01199999999983,329.729400000001,261.9666999999997,31.719146054666407,21.13077,3.257963017206364
NVR,"NVR, Inc.",6150.47,USD,-1.4699874884456245,123795,2.6998940063421717,16390142119.000002,USD,Consumer durables,Buy,6279.372629454275,6326.292182947525,6414.433095434104,0.00276409280848207,-3.0215543747339226,-15.599806237452436,6227.227999999998,6279.991,6327.4704,6756.069850000005,15.950331093196239,361.099709,-18.614432631103945
APG,APi Group Corporation,37.39,USD,1.02674952715483,11108836,2.3863258951286985,16308033681.0,USD,Industrial services,Strong buy,39.596627855775594,40.252591413211015,40.74373321368777,-1.1369645690111045,-13.348783314020853,-2.273915316257181,37.04999999999999,39.04600000000005,40.294799999999974,41.904149999999966,nan,1.723194,-299.9401913875598
RGA,"Reinsurance Group of America, Incorporated",245.68,USD,-0.03661960369451251,638668,1.9808609531560444,16043312888.0,USD,Finance,Buy,244.2883523556499,239.2195760065513,232.29335462419118,-1.6296296296296269,0.29392553886348743,20.857929948839043,247.39000000000019,247.59349999999966,243.0367999999999,216.3075500000001,10.800972474402206,29.555162,97.91092046532266
LDOS,"Leidos Holdings, Inc.",127.69,USD,-2.496945632254131,3279121,2.270653581333936,16024100651.000002,USD,Technology services,Buy,130.21094266439826,129.59735466358467,132.48840298425733,-1.587668593448942,-11.054611312343274,-28.903118040089087,130.01399999999973,133.8375,127.3294,150.48424999999995,11.900279589934762,12.384713,1.4695591322603239
RVTY,"Revvity, Inc.",143.45,USD,-2.2353983507121935,3321775,1.5018254835633689,16007068060.0,USD,Health technology,Buy,126.22865449083085,120.79063132600173,115.00242523532862,17.19771241830064,23.642475435269773,47.58230452674895,140.91800000000003,130.26349999999996,120.22460000000015,103.89074999999985,68.12784954407294,5.355492,-10.658520027155461
SUN,Sunoco LP,77.87,USD,-1.1927420378124574,2831250,3.7897162260489936,15949694518.0,USD,Distribution services,Strong buy,75.4289170131267,73.82432107634536,71.55144059949538,2.4605263157894797,0.21879021879022098,48.32380952380953,78.94000000000003,76.71199999999999,75.26420000000002,65.56169999999996,17.083872666242517,8.637534,123.93023827069516
DT,"Dynatrace, Inc.",55.14,USD,-1.2358946802794157,11514407,1.7644929027567073,15935577615.0,USD,Technology services,Strong buy,50.58392727180973,48.550865152802196,46.46617203690139,7.716350849775353,12.668573763792404,27.25594276482807,54.93400000000006,52.40750000000013,48.62520000000005,41.90635000000006,109.57869634340223,1.984643,-69.03194042710321
BALL,Ball Corporation,60.15,USD,-0.9876543209876567,3599025,1.7329307864355075,15921906222.0,USD,Process industries,Strong buy,61.696318785708215,61.59047523290634,61.06397010252686,-0.347912524850896,-3.1244966983411255,13.362231436110058,60.775999999999996,62.137500000000024,62.6422,59.626800000000074,17.10994168681553,4.023486,64.14530513143762
INVH,Invitation Homes Inc.,26.91,USD,-0.8839779005524805,12786197,2.1347362805696797,15893671028.999998,USD,Finance,Buy,28.578980788899774,28.82527254656831,28.782498157987867,-2.746657029273587,-10.090210491146006,-2.746657029273587,27.300000000000033,28.554499999999944,29.427000000000003,27.864625000000014,48.07073954983923,1.006013,24.788230049041456
NLY,Annaly Capital Management Inc.,21.05,USD,-1.2200844673861944,17892277,1.7660291760638092,15865687892.0,USD,Finance,Strong buy,22.31511673746614,22.42239338710548,22.427691790110035,-5.265526552655257,-10.615711252653927,-5.900759946356729,21.368000000000002,22.4215,22.74300000000002,22.536299999999986,5.27555700358387,3.094556,297.10390127388536
STRL,"Sterling Infrastructure, Inc.",518.68,USD,2.562682907537752,1012072,1.5794432296879246,15865652366.0,USD,Industrial services,Strong buy,541.5773350319105,571.0086439731988,581.0939662235745,4.62953623948519,-6.597997550961625,67.6243415312025,487.79200000000037,486.8329999999998,554.3947000000001,529.9371750000004,37.365914805022655,19.799,50.9208924067148
RBC,RBC Bearings Incorporated,501.01,USD,1.3226282686512758,627833,1.7200743883481633,15861598415.0,USD,Producer manufacturing,Strong buy,520.2228009030343,535.502300933161,543.9079969272029,3.615080760242388,-8.948659700136304,11.451960936978628,489.0279999999995,493.52850000000115,537.9092000000005,546.3393000000003,49.50740619966601,14.936,27.276729006049464
IONQ,"IonQ, Inc.",39.13,USD,-2.9995042141794763,23126468,1.1306766460673148,15853053974.000002,USD,Electronic technology,Strong buy,40.50046608321723,41.87991882357877,43.07383552995667,5.103411227504716,-9.797141539880128,-14.953271028037374,38.17199999999998,39.29950000000001,39.2532,43.85002499999995,nan,-1.392167,-125.36928720134827
TIGO,Millicom International Cellular S.A.,94.26,USD,-1.4944090291566439,1460070,1.8413447326445183,15792399231.000002,USD,Communications,Buy,94.49992315170408,93.13013068626215,89.75434852527992,-2.7244582043343657,6.665157859001924,68.32142857142858,95.35000000000001,94.82150000000006,95.05860000000003,78.23504999999999,23.764622831787012,4.062078,-29.71239212489588
LSCC,Lattice Semiconductor Corporation,110.96,USD,2.2390122546761195,5133488,2.880241753475753,15759677316.999998,USD,Electronic technology,Strong buy,119.70603219096311,122.01164348791796,120.94628901771,-5.121846943138101,-10.968466661317501,46.92796610169492,107.76000000000003,113.91100000000009,122.38560000000011,110.00395000000002,428.5824642719196,2.132308,13.056768558951969
APA,APA Corporation,44.87,USD,-1.2978442586889647,11919147,1.8672331367616495,15720271497.0,USD,Energy minerals,Buy,41.956906858665704,40.405847856561195,38.656290582009696,1.9772727272727215,4.6896873541763835,82.54678600488202,45.512000000000015,43.90575,39.985200000000006,34.50192500000002,9.489066531320052,6.04023,58.661879676542625
BMNR,"BitMine Immersion Technologies, Inc.",25.99,USD,8.79028882377563,65309578,1.4804229684834818,15677853461.999998,USD,Finance,Strong buy,22.6764512502484,21.367082687279208,21.001813226726394,6.038351693186441,40.25903939557473,-7.178571428571435,24.409999999999993,24.478000000000023,20.28240000000001,22.082199999999997,nan,-21.885,-196.1904431170996
JAZZ,Jazz Pharmaceuticals plc,240.74,USD,-1.271325459317583,2214759,3.0669750685263097,15627536657.999998,USD,Health technology,Strong buy,245.35511402251194,242.59451271244208,234.57206206305065,-1.5780866721177373,-5.832192450616075,42.02949852507375,242.9739999999998,246.53874999999977,248.9914000000005,208.44507500000006,16.602071638414962,25.032621,nan
ROL,"Rollins, Inc.",32.43,USD,-1.727272727272728,16337755,2.5005778215195837,15603545996.000002,USD,Commercial services,Buy,36.3884570151785,38.740406235250674,42.018272835677045,-6.622516556291383,-11.150684931506849,-45.72384937238494,33.6080000000001,35.29549999999996,37.86880000000005,51.09144999999984,29.438997821350764,1.164557,9.06930693069306
AS,"Amer Sports, Inc.",26.73,USD,1.7510468214693602,11787930,1.4093154294534087,15552102367.999998,USD,Consumer durables,Strong buy,30.602851877562795,31.872091222440083,32.92745738121717,-4.262177650429804,-21.22015915119363,-28.966250332181772,26.860000000000024,29.047999999999984,32.54920000000001,35.15105000000001,27.936872909698998,1.311832,132.23300970873785
FLUT,Flutter Entertainment plc,89.56,USD,-3.1783783783783757,7018194,2.3557505998388213,15542162114.000002,USD,Consumer services,Strong buy,98.82989699073599,100.94671048739094,106.74399144388049,-9.953750251357322,-4.059989287627201,-58.60411370464525,96.03599999999997,99.15799999999986,100.97739999999958,127.22802500000013,nan,4.858627,-311.80179292680526
CRBG,Corebridge Financial Inc.,34.81,USD,-0.2006880733944962,9136194,1.9750040186673694,15517342102.0,USD,Finance,Strong buy,33.403818105243396,32.43067383990676,31.367255612212194,0.6360219716681088,5.773321178972974,15.724734042553205,34.87199999999999,33.58799999999998,32.80460000000002,29.240100000000027,19.788528224660336,4.570735,nan
JLL,Jones Lang LaSalle Incorporated,336.38,USD,-0.13656335352095345,631399,1.9307350014616609,15476070981.0,USD,Finance,Strong buy,352.2421331158407,346.9771391603252,339.3190459249626,-2.7409934655641064,-10.336922912890506,-0.014861932645724628,339.59799999999984,359.53850000000017,353.5052000000001,328.09054999999984,16.117949774555697,25.008397,79.38097366430587
OWL,Blue Owl Capital Inc.,9.84,USD,-1.2048192771084436,17827051,0.9706556769323905,15341468050.0,USD,Finance,Strong buy,10.810983363877742,10.690725090230458,10.701510845329748,-6.994328922495277,-16.25531914893617,-34.61794019933556,10.118,11.18749999999998,10.840200000000003,11.261599999999993,124.39949431099873,0.885531,42.266187050359726
DOCN,"DigitalOcean Holdings, Inc.",130.14,USD,-2.1356594976688252,9754996,2.8797000458331534,15301801793.0,USD,Technology services,Strong buy,123.07595605031695,123.93363881125488,120.69409862399452,-0.9438270665245921,4.145326504481429,167.55756578947364,124.98800000000006,118.614,122.05379999999997,100.8018,59.32983815819467,1.461039,72.28243795161794
WY,Weyerhaeuser Company,21.22,USD,-2.031394275161594,10138776,1.5181409649959778,15294017911.999998,USD,Finance,Strong buy,23.086959075491162,23.500291030794664,23.803959844931978,-4.32822362488729,-11.509591326105095,-10.577328276443328,21.84200000000001,22.960500000000003,23.849999999999927,24.279949999999985,32.451445175103224,0.328587,70.19781363872984
VNOM,"Viper Energy, Inc.",42.27,USD,-1.5373864430468125,5860610,3.0086462367652596,15183168104.0,USD,Miscellaneous,Strong buy,43.671160606451814,43.814790893215346,43.893097084513556,-5.605180884323354,-3.3607681755829875,9.422728449391665,43.79800000000007,44.52049999999997,43.755200000000066,43.69412500000003,331.01018010963196,2.577183,-96.30860842920738
SOLV,Solventum Corporation,88.84,USD,1.4966297269507622,2318211,2.2748027587961013,15122676405.0,USD,Health services,Buy,87.36884712321384,85.17547143721026,82.53328007781529,0.20302278366795265,1.0923987255348293,12.115093387178206,89.01599999999998,90.21849999999999,86.08199999999997,77.68136999999999,10.858909953185924,7.160429,276.8621309134461
KIM,Kimco Realty Corporation (HC),22.53,USD,-0.1772264067345997,9209122,1.3757936666105142,15112884914.0,USD,Finance,Buy,23.73875149817343,24.00133021118022,23.980593546126194,-3.841229193341863,-7.436318816762526,11.369253583786458,22.779999999999955,23.553,24.511400000000027,23.161924999999965,26.412661195779602,0.837796,2.91988416988417
WPC,W. P. Carey Inc. REIT,66.26,USD,-0.3908598917618624,4056306,2.396612523222818,15095146907.000002,USD,Finance,Buy,70.1090104783708,70.99247913208674,71.41974226059867,-5.180309101316529,-7.4193097666619945,2.968142968142985,67.37600000000002,69.70049999999995,71.74399999999999,71.0252,22.693335159942464,3.122717,91.85228990078191
UNM,Unum Group,95.19,USD,-0.4496967161681728,6249489,2.5224146979762807,15069224032.000002,USD,Finance,Strong buy,92.62004596915389,90.94389868120659,88.57000016365946,-0.18873859704310245,5.837224816544363,23.223300970873783,95.2859999999999,93.3195,90.67640000000009,81.87159999999999,22.212628926121248,8.666004,-48.71469602680708
AKAM,"Akamai Technologies, Inc.",104.52,USD,-2.3907358983937264,4817221,1.4040229927436298,15021259988.999998,USD,Technology services,Strong buy,110.1631268762981,112.9541032119531,113.91477384864343,-2.8895289417448664,-9.740932642487047,19.725085910652922,105.41000000000012,106.89049999999993,114.02760000000036,110.38894999999995,37.704267522816636,6.715834,-1.7160078000354546
JHX,James Hardie Industries plc.,25.82,USD,-0.347356233114627,71117167,4.156581057187734,14989091340.000002,USD,Non-energy minerals,Strong buy,28.155806434044692,27.499795198863378,26.39759782089035,-9.084507042253515,-13.933333333333334,24.313914299470394,26.791999999999994,28.848499999999994,28.1468,23.59775000000002,103.94524959742351,1.329587,-67.61408083441981
HST,"Host Hotels & Resorts, Inc.",21.84,USD,-0.27397260273972024,21450007,2.351946419235113,14963116774.0,USD,Finance,Strong buy,22.62352785232603,22.78239046912198,22.542712386037003,-2.4564537740062558,-4.878048780487809,23.04225352112676,21.999000000000002,22.232750000000017,23.212099999999985,21.136874999999982,14.650835178104247,1.37813,57.82953943885653
LAMR,Lamar Advertising Company,146.81,USD,0,1466186,2.900552360494899,14908509084.0,USD,Finance,Buy,151.38399125325222,151.76821014124528,150.06061137002834,-1.5622904653345744,-3.26172904586188,16.36810399492708,147.74999999999994,149.82249999999993,154.68820000000017,141.76485000000002,26.796502820012048,5.917944,27.705647886995642
BURL,"Burlington Stores, Inc.",237.12,USD,-1.010269683560152,2076995,1.2585666969240483,14894739203.999998,USD,Retail trade,Strong buy,283.6012327836727,298.17985518780216,306.2504221546665,-0.78245951713461,-29.005988023952096,-17.448823283665227,233.37800000000001,264.5395000000001,317.885,310.89655000000005,21.271137026239067,11.907169,31.537027422476054
ARMK,Aramark,56.45,USD,-0.7734223940938614,3534934,1.4159185623740196,14881633174.0,USD,Consumer services,Strong buy,57.52653712614719,56.616215310391745,54.54456609545078,-1.500610713662536,-7.7463637849321705,53.14704286489421,57.552000000000035,57.79900000000005,57.88859999999996,47.50670000000004,39.37090249686149,2.276521,6.0659860926172575
NBIX,"Neurocrine Biosciences, Inc.",146.23,USD,-3.688335638543122,2816257,2.4030849860145707,14864158799.000002,USD,Health technology,Strong buy,155.539724678693,156.7663042421454,155.50003668992105,-6.975412703966414,-6.595126313436184,3.277067589519024,150.96000000000006,154.29900000000004,162.23600000000005,147.94252499999982,21.423129889536757,7.036244,101.47584049115972
ASND,Ascendis Pharma A/S,236.72,USD,-0.9705488621151244,1558774,1.5402055894546525,14765847135.0,USD,Health technology,Strong buy,252.4629175794964,250.92388022238435,246.7006685945841,-10.108604845446942,-7.1686274509803924,11.219695545950007,245.62800000000007,256.09075000000007,254.82569999999996,234.41445000000007,18.037046349844942,16.05478432175,nan
PTC,PTC Inc.,135.89,USD,1.078548051175237,5932457,2.736089828336503,14744915076.0,USD,Technology services,Strong buy,139.39739137755117,138.64514005309303,139.6166276075628,5.955462682843134,-7.343515614346113,-22.05460594241139,134.17799999999986,143.45749999999998,138.6793000000003,146.90624999999912,13.137084300077339,8.189994,143.8529904052429
EQH,"Equitable Holdings, Inc.",53.95,USD,-0.16654330125832034,12691663,3.213796527346458,14730246887.999998,USD,Finance,Strong buy,51.42216279236074,49.89508695453371,48.265458251910125,0.6154419992540198,5.227228398673688,13.197650020981971,53.90199999999991,51.70749999999996,50.420000000000016,45.00992999999991,nan,7.18639,-366.9731429954029
WMG,Warner Music Group Corp.,28.02,USD,0.25044722719141427,4819982,2.1191471640648984,14657535698.0,USD,Commercial services,Strong buy,27.840312222698294,27.927828483069234,28.189753014118335,-0.8492569002123213,5.496987951807232,-8.640365177698083,28.512999999999987,28.244250000000086,27.499999999999954,28.621624999999973,22.158956109134046,1.490955,123.7261146496815
H,Hyatt Hotels Corporation,155.04,USD,0.14856921387506605,1176057,1.4222478117673694,14629067756.0,USD,Consumer services,Strong buy,169.77991880372895,173.254499705634,173.8260217926144,-4.865926244094009,-14.133805937084631,-3.564097779436473,158.48000000000013,166.14300000000011,175.96499999999997,169.36924999999997,192.28574972094754,3.570984,-80.90422508525957
PNFP,"Pinnacle Financial Partners, Inc.",96.75,USD,-0.0206675622610272,2911883,2.8075642986500684,14620147957.0,USD,Finance,Strong buy,100.48208156594502,100.41185083820459,99.56878940252216,-3.25,-7.513622024663034,1.8313861698768497,97.80400000000004,99.73799999999993,102.04039999999999,96.99270000000004,13.284360840313058,10.187704,-3.4648215895233556
SGI,Somnigroup International Inc.,63.36,USD,-2.583025830258313,6422448,1.826609875633097,14587954681.999998,USD,Consumer durables,Strong buy,66.7252292182753,68.14077701825067,70.28920324205467,-5.587840858292356,-1.8587360594795583,-29.064039408866993,65.22,65.758,67.44500000000002,77.88709999999998,25.261143449485687,3.097857,75.6319585463203
EQX,Equinox Gold Corp.,12.45,USD,1.8821603927986794,25894639,2.2175708582857063,14534874803.987995,USD,Non-energy minerals,Strong buy,12.094875906516958,11.900270834821223,11.974737446985616,-0.160384923817172,2.63808738664467,-13.481584433634476,11.991999999999997,12.749499999999994,11.197000000000013,13.243000000000002,14.669978507597753,1.138955,nan
PFGC,Performance Food Group Company,91.93,USD,1.7374944665781402,3115779,1.8340740983173474,14482011981.0,USD,Transportation,Strong buy,100.2852096244996,101.78501284546864,101.48064874009188,-3.5867855270057554,-12.213521772345294,2.7380420205632574,91.09600000000003,97.64000000000011,105.75859999999994,96.94252500000015,40.17743979721166,5.663686,5.204837004000183
EXEL,"Exelixis, Inc.",58.36,USD,-0.22226021542144392,5243436,2.2576495469425257,14460539726.0,USD,Health technology,Buy,55.874833188400935,54.779106049998525,53.07054765033522,2.818886539816775,9.165731387953608,34.09926470588234,57.34799999999997,56.782500000000084,55.389599999999916,48.30225000000004,18.330297129216657,3.512993,52.70023980815349
EG,"Everest Group, Ltd.",374.85,USD,-1.3864042933810328,1806788,3.529097177582466,14372774558.0,USD,Finance,Buy,373.46231161266326,369.7439003783534,363.59675421799454,0.22995267253135473,1.4149667225799518,10.843337867407895,378.366,376.41100000000023,374.99660000000085,345.6329500000002,7.933182225100475,53.543051,146.14074294019287
DOC,"Healthpeak Properties, Inc.",20.33,USD,-0.8292682926829352,10231454,2.144903106399264,14363698363.0,USD,Finance,Buy,20.786878845383736,20.720995621775046,20.334009133026395,-0.8776206728425318,-0.9741841207988448,26.745635910224433,20.34199999999999,20.80400000000001,21.301000000000002,18.723450000000003,58.11892510005717,0.448259,49.04132935662548
CG,The Carlyle Group Inc.,40.1,USD,-0.17425939756036912,6404666,1.7228010800979388,14288945727.000002,USD,Finance,Buy,44.9535306568424,45.608777481370836,46.54103206154577,-8.258979638526652,-18.113130488053905,-32.32067510548523,40.70399999999997,45.52649999999998,46.42439999999997,50.44650000000006,41.54148969232363,3.657376,-71.83825889080141
SMMT,Summit Therapeutics Inc.,17.85,USD,0.7336343115124299,13060581,1.9863399123682848,14239831267.0,USD,Health technology,Strong buy,15.876009930719993,15.57503701269023,15.71125481326377,3.779069767441873,34.109691960931634,0.5633802816901489,17.737999999999992,15.835749999999996,14.664200000000003,16.429074999999997,nan,-1.188426,-11.097875719674398
OHI,"Omega Healthcare Investors, Inc.",46.66,USD,-1.4988389275913043,4759740,1.9360735422725701,14138586557.000002,USD,Finance,Buy,47.122600927930336,47.29160802836978,47.16269278494624,-2.4869383490073247,0.19325746188532597,5.613399728383877,47.081999999999965,46.794499999999935,47.98999999999999,46.44615000000002,16.666071364789083,2.654151,74.66467028510824
YUMC,"Yum China Holdings, Inc.",41.12,USD,-0.556227327690457,1458742,1.147258189285938,14081877935.0,USD,Consumer services,Strong buy,44.0679252165246,44.59036164740155,45.20099109902509,-3.4515144400094058,-12.56644694875612,-14.830157415078714,41.66599999999998,44.225499999999954,45.24160000000007,47.5701500000001,15.09489372636834,2.956916,12.575419456153403
TEM,"Tempus AI, Inc.",77.84,USD,-3.1358885017421554,9321155,1.2883611231242658,14045041443.0,USD,Technology services,Buy,63.18081230924652,60.01610274859276,57.94101701948541,30.88952412981336,39.049660593068964,29.280850357083544,71.84599999999999,66.49449999999999,57.0644,56.153800000000025,nan,-0.215446,-21.60770075149878
W,Wayfair Inc.,102.46,USD,-0.03902439024390854,2905762,1.1859421449548968,14033757519.0,USD,Retail trade,Strong buy,98.59388465577742,95.35722189829904,91.77559849343919,4.104856736435676,-1.4807692307692368,-3.3441818782132935,103.33599999999998,100.94499999999996,97.67619999999997,88.00100000000002,nan,2.83757,-2.663498812054533
LECO,"Lincoln Electric Holdings, Inc.",257.2,USD,0.07782101167314733,994028,2.0585574764535823,14018881206.0,USD,Producer manufacturing,Buy,267.21896353627693,267.1077197957526,265.59561432481667,0.8627450980392112,-9.32487220165697,7.332137044610438,254.88899999999995,270.443,267.9627000000001,262.91867499999984,25.71074413211244,11.222585,12.502389815450027
TLN,Talen Energy Corporation,292.3,USD,-0.3443455729432992,1222418,1.520442334740153,14005336751.0,USD,Utilities,Strong buy,321.2390709347425,332.86224974924164,342.3536626647425,-6.839622641509428,-8.940809968847349,-23.302983390622128,288.37600000000054,303.0140000000006,333.61400000000015,354.47640000000024,nan,20.556875,-224.49463225216994
PAG,"Penske Automotive Group, Inc.",212.61,USD,-0.996507566938294,781047,1.993675248058517,13960583323.000002,USD,Retail trade,Buy,212.9467762423683,207.0481036042598,198.3736050407383,-2.6956521739130372,-2.4769505985963844,33.70857178793788,214.9540000000001,217.0109999999999,214.14839999999975,176.52965000000003,15.656457800982349,13.603442,-5.429234015585708
ARCC,Ares Capital Corporation,19.4,USD,-1.272264631043257,4880394,1.035524162185893,13929643757.0,USD,Finance,Strong buy,19.596007973554507,19.451169321507276,19.337209905231013,-1.9211324570273132,-1.9706922688226407,-4.150197628458498,19.518000000000036,19.802500000000023,19.49019999999995,19.26844999999998,14.420575336356203,1.905516,-34.09914764377388
FN,Fabrinet,388.55,USD,2.0030452588470005,1370445,1.7637152218528775,13923635098.0,USD,Electronic technology,Strong buy,442.3613217568587,470.5105577055889,495.2287807211986,-5.883635306656323,-21.698037160936686,-16.394112837285363,383.9219999999999,407.98449999999974,462.1990000000002,534.93295,29.788326931775494,18.2021,42.246286723810755
AIZ,"Assurant, Inc.",282.23,USD,-0.5567104753179888,728882,1.891660139512407,13920646682.0,USD,Finance,Strong buy,281.73082888880157,277.3528565553525,269.49466406610105,-0.9302162313956674,-0.22272502297956426,17.77740683553813,283.79600000000016,284.02950000000004,282.12200000000064,248.34839999999997,13.393157972163035,22.29462,52.56584758401992
TRU,TransUnion,72.43,USD,-0.9301053207495453,8102211,2.694057443775817,13877588500.999998,USD,Commercial services,Strong buy,78.0937477920358,77.56078321977385,76.84770829242437,-6.842443729903528,-9.699538710883914,-15.779069767441852,75.21000000000006,80.525,79.76380000000009,76.27380000000001,19.105272875946298,4.848634,90.78556690654723
SUI,"Sun Communities, Inc.",113.75,USD,-1.0439321444106158,2798009,2.4851100377072934,13854858828.0,USD,Finance,Strong buy,118.68049915956473,120.12997214269278,121.69826149313047,-1.1986450099887045,-5.373928957657427,-7.961809207864716,115.75199999999998,119.38150000000003,120.43420000000003,124.99750000000006,nan,-4.596971,-166.36077557562254
CACI,"CACI International, Inc.",626.85,USD,-1.2834645669291302,491481,1.7496547724702272,13853132423.0,USD,Technology services,Strong buy,607.2555466923832,587.6279928840318,571.4451673228106,0.34737785746303274,-5.014092190199113,17.497656982193067,633.3180000000002,627.3515000000003,579.0187999999999,561.01705,25.94749652294854,32.868291,8.109656227904525
TYL,"Tyler Technologies, Inc.",337.5,USD,-1.1915566355359057,2185436,2.655100755246726,13821392584.0,USD,Technology services,Strong buy,339.3924781026896,334.5604011542892,335.96430568786235,0.4434391833576409,1.4884979702300372,-25.104853205512285,347.6359999999995,356.23550000000074,332.01319999999964,352.10020000000077,44.72568248078452,13.080909,7.9048218269175825
MAA,"Mid-America Apartment Communities, Inc.",118.93,USD,-1.8486424032351199,2634590,2.1212005077503093,13798490521.0,USD,Finance,Buy,127.68851524921101,129.46852033332837,130.6257809340952,-4.939653105267359,-9.213740458015263,-14.136163453902235,122.41799999999998,127.33899999999997,130.92460000000005,131.7957,34.74539133483304,3.663088,-29.495973140538425
TXT,Textron Inc.,79.69,USD,-1.5078482264244208,3715159,1.7572776086532877,13705638331.0,USD,Electronic technology,Buy,83.41445844804268,85.3335627765987,86.92733314766068,-0.9323719542516161,-8.800640878919658,-8.936121586104452,80.52199999999996,80.78849999999998,85.84759999999989,89.98555000000006,15.039254170755642,6.466118,19.88235294117647
WSE,Wise Group plc,11.45,USD,-2.3037542662116155,2468064,1.3921443018298156,13688710330.0,USD,Commercial services,Strong buy,12.289179758141715,12.35404172206235,12.3999397214408,-4.662781015820154,-9.486166007905148,-3.2939189189189237,11.730000000000004,12.549000000000003,12.482899999999995,12.363457499999996,nan,0.581705,nan
RNR,RenaissanceRe Holdings Ltd.,327.12,USD,-0.5048968915384051,707473,2.144524327866785,13592455735.999998,USD,Finance,Buy,324.965169207333,321.4623898145341,315.62093128438556,-0.5925790865165432,1.7353983952229843,16.811884016569053,328.7299999999999,328.6369999999996,324.0718000000003,301.0051499999999,5.620396444814037,43.173281,48.472225056631494
CHKP,Check Point Software Technologies Ltd.,132.71,USD,-2.5838655215444337,1871093,1.3941539199074167,13549775520.0,USD,Technology services,Buy,132.91246657966312,133.0234520760684,135.6595342899769,2.7087686711554833,1.8417619522676738,-28.554508748317627,136.583,134.29625,132.2379,148.56379999999987,13.593018610892033,10.443284,27.25293918302442
SWK,"Stanley Black & Decker, Inc.",89.58,USD,0.5161579892280002,3699063,1.9126137078345402,13528071544.999998,USD,Consumer durables,Buy,93.71044871272568,92.53189607400445,89.88553033190144,-1.2130569033965686,-9.615578649984867,19.743349819542836,89.04400000000001,94.22999999999986,95.00960000000015,82.98230000000046,21.842920192143573,5.59393,30.0409043345911
BWXT,"BWX Technologies, Inc.",147.52,USD,0.799453365220373,2802722,2.627253763799489,13516074698.000002,USD,Electronic technology,Strong buy,159.42709416161583,166.97511793707824,174.99701811971116,-4.387841078488549,-10.723795691115951,-15.475849424167759,146.95200000000014,152.98599999999996,163.8500000000002,191.62774999999988,38.18892541872687,4.742535,20.519780356919995
IVZ,Invesco Ltd,30.53,USD,1.0258107213765795,6942900,1.7951313722587268,13478988781.0,USD,Finance,Buy,31.402278834564946,30.70202461760369,29.672506869865085,-6.3496932515337425,-6.920731707317062,15.512674990541056,30.624000000000013,32.018499999999996,31.191799999999997,27.582150000000002,nan,2.814233,-175.02685284640174
TRMB,Trimble Inc.,57.56,USD,0.4011861154718367,5858209,2.293755276320108,13421831916.0,USD,Technology services,Strong buy,57.92134229988971,57.707164658898996,58.598280864247904,0.8762705923589204,0.48882681564246006,-27.009890945980214,57.95,59.02849999999997,57.07720000000002,63.87479999999986,nan,3.669212,-141.84954316454613
MAS,Masco Corporation,68.06,USD,-0.24915726220138015,7230499,2.573578899647067,13420576615.0,USD,Producer manufacturing,Buy,71.91508382800822,72.58966969021043,72.34901970805555,-0.8738712496358787,-8.815648445873522,6.91171850455546,68.572,70.79299999999995,74.09640000000003,69.89367499999993,15.687449579347701,4.529916,15.220162532533058
CPT,Camden Property Trust,99.12,USD,-1.7933221044288141,2100326,2.004547516913369,13404924982.999998,USD,Finance,Buy,105.70781527794529,107.08997932897387,107.62014760991613,-3.692188107267778,-8.75448771057718,-9.578544061302681,101.60400000000016,104.78550000000007,108.83800000000006,107.22564999999986,32.80489822935628,1.139812,110.85136078157711
REG,Regency Centers Corporation,72.95,USD,-0.2324945295404837,2440716,1.6599368266476093,13358643158.000002,USD,Finance,Buy,75.81430520198892,76.68135407120705,77.01497259092275,-2.7981345769486934,-4.528203114775545,6.232707150138344,73.58200000000004,75.1879999999999,77.66279999999998,76.10204999999989,24.616993993385975,2.504565,38.2053912881261
SWKS,"Skyworks Solutions, Inc.",88.76,USD,-2.8033289531318313,22113382,2.1972010786796137,13355964125.0,USD,Electronic technology,Buy,76.14763402070605,72.96941186889283,70.49120940704123,5.328112020885261,31.0304103926779,38.320087268193866,86.98600000000019,75.51549999999992,68.61899999999999,64.82459999999996,45.977725977725974,5.040243,-23.08152043987568
GL,Globe Life Inc.,173.42,USD,0.6734006734006714,717095,1.9342699678149908,13327230009.000002,USD,Finance,Strong buy,174.21880512195,173.00047021233732,169.10676211925232,0.2427745664739812,-2.6168014375561683,24.199670557903023,172.97400000000005,172.85049999999995,177.3043999999999,155.73845000000023,11.514431216843391,15.732901,20.325157785411843
MLI,"Mueller Industries, Inc.",60.07,USD,-0.43096303663185487,9237129,4.030210405284637,13286366419.0,USD,Producer manufacturing,Strong buy,62.50234018253866,62.91125296917025,62.776470385110066,-1.7661488143908395,-7.041163726400502,4.378801042571682,60.29400000000002,62.04299999999999,63.3002,62.13804999999998,15.657092217067197,4.165,21.80455901962029
CRL,"Charles River Laboratories International, Inc.",278.06,USD,-1.2816416373770771,1481168,1.5650233601583061,13274270778.999998,USD,Commercial services,Strong buy,271.4109802607944,257.2342305678074,239.62185086849334,0.742726712800265,-2.167335162901986,38.93968920201869,275.82599999999996,285.4054999999998,263.5044000000004,204.92040000000023,nan,11.333436,-266.286706424096
SJM,The J.M. Smucker Company,122.95,USD,-0.6464646464646442,2982502,2.0406923008921973,13133909797.0,USD,Consumer non-durables,Buy,122.3585829894492,119.78929898121524,116.33625324284603,0.8034762646552464,2.007798888243592,25.5104124132299,122.65200000000023,126.13850000000009,121.08459999999995,107.65860000000028,57.649927322173774,10.790514,nan
MKC,"McCormick & Company, Incorporated",48.72,USD,-1.9718309859155008,10030271,2.7278176085197425,13107326271.999998,USD,Consumer non-durables,Buy,51.78671402175357,51.948601610644985,52.66284529158436,-5.047748976807647,-11.803041274438819,-28.60492379835873,49.74600000000021,52.626499999999986,52.60479999999996,56.37519999999993,8.108512940001665,3.086102,108.65020661874499
ALB,Albemarle Corporation,110.91,USD,-3.598435462842243,4968017,1.6831705240717123,13087941447.0,USD,Process industries,Strong buy,125.87001335595015,131.7437207369601,138.21879202167278,-8.338842975206614,-17.48381816829105,-22.855950476455458,112.78199999999995,127.56499999999998,125.34260000000002,156.33734999999996,nan,11.478245,99.60973099314884
BBIO,"BridgeBio Pharma, Inc.",66.61,USD,-1.0399643440796358,4103479,1.4734182638444395,13021788597.000002,USD,Health technology,Strong buy,74.65133556777666,75.23500344179864,74.60952346360996,-9.033799931717304,-20.909522678698647,-12.973608570682003,68.598,74.81500000000001,79.52600000000002,73.93047500000003,nan,-2.782606,12.833414753297514
CNA,CNA Financial Corporation,48.02,USD,-0.37344398340248897,1084422,2.0026504478170923,12994257846.0,USD,Finance,Buy,49.03215533203388,49.03794706266072,48.682859274570966,0.18777383684540666,-4.7977795400475705,0.8399832003360053,48.16199999999995,48.50050000000004,50.5916000000001,47.634399999999985,10.566386480658364,4.2,41.211198458813655
ALLE,Allegion plc,152.28,USD,-0.8787346221441087,2416326,2.1931712626587268,12949402116.0,USD,Consumer durables,Buy,154.6879352673468,152.61512060222248,150.8034911189271,-0.4315417810906215,-5.6914597138787375,-4.364755385291709,153.7420000000001,155.93599999999978,155.3387999999999,150.65054999999992,19.977697605772384,8.950091,5.885703172751004
ONTO,Onto Innovation Inc.,263.43,USD,5.359356877174741,2071659,2.0276294324012922,12927628120.0,USD,Electronic technology,Strong buy,280.58890843751783,282.40851122635036,276.44395297086095,-3.85766423357664,-16.91215896546286,62.01107011070112,250.27800000000008,269.1415,283.0876,246.8074000000002,98.58907185628742,8.103636,-33.86629705714922
ULS,UL Solutions Inc.,64.03,USD,-0.60540204905309,1539151,1.6240119584770647,12927539785.000002,USD,Commercial services,Strong buy,74.81251678466901,78.7663671729765,81.69374929608944,-10.572625698324014,-16.540667361835244,-18.588684043229502,65.37200000000011,71.70449999999995,78.85539999999999,84.07204999999985,25.89162959967651,2.316547,52.38153921991496
DOCU,"DocuSign, Inc.",69.07,USD,-2.2225368063420263,7160842,1.7511569849424564,12909352203.000002,USD,Technology services,Buy,63.13608874767556,59.92835096218539,57.338769298406156,5.241505409111683,15.27036048064084,0.6704562017198568,70.344,65.78049999999999,59.6129999999999,53.701800000000176,42.01338199513382,4.622408,24.01931200965601
BWA,BorgWarner Inc.,63.32,USD,-0.6900878293600968,5976652,2.8222266714768987,12896154270.0,USD,Producer manufacturing,Strong buy,65.78330076772409,65.5805064915757,64.22124377425332,-4.967732252739,-6.8960446993089315,39.31793179317931,63.15800000000005,64.831,65.09080000000003,58.582399999999964,32.160089390014726,5.220879,110.21780909673289
FIVE,"Five Below, Inc.",234.14,USD,-1.1233108108108214,2088490,1.6776588590290689,12890351765.0,USD,Retail trade,Strong buy,236.33513915286179,230.39463390846547,223.61443805011723,-3.8399934288882593,-3.131852219602011,22.956544571353536,238.85600000000005,246.35499999999988,229.21480000000017,212.18092500000023,21.007204572166845,10.249321,125.47996196718655
WSO,"Watsco, Inc.",311.77,USD,2.099161645271145,1069265,2.3978745161709893,12866066843.0,USD,Producer manufacturing,Buy,323.00580689626923,335.2426382023702,349.0663995098336,-0.8112751336217904,-2.2633938367974005,-7.970009150751247,307.1139999999994,310.696,330.14439999999973,373.5572999999998,27.114678819293452,12.077537,-11.972806822792649
DTM,"DT Midstream, Inc.",125.86,USD,-0.03177124702145056,1642675,1.7437511889152337,12839645335.0,USD,Industrial services,Buy,131.31687145555037,133.80887828497964,135.05002868713814,-3.36302211302212,-7.625688073394495,5.428044898642993,125.80799999999995,128.48250000000002,134.6818,134.24264999999997,27.604509365267358,4.721801,22.56781096266029
IESC,"IES Holdings, Inc.",322.16,USD,1.5764913608273428,673179,2.102228581707168,12837660271.999998,USD,Industrial services,Strong buy,335.334731705216,334.41026211334537,325.0999318624516,-0.7639231148348822,-13.555865621981319,62.06861857329712,319.05999999999983,321.33500000000015,332.5442000000002,285.1731,28.6295733468412,11.57,82.836948574214
JBS,JBS N.V.,11.96,USD,-0.8291873963515726,7101325,1.4662394965864778,12808312054.0,USD,Consumer non-durables,Strong buy,12.899430685825648,13.082614868024736,13.383901139522923,-5.752561071709997,-13.7085137085137,-15.952213633169356,12.206,13.047999999999991,13.062200000000008,14.419400000000005,11.162964345715887,0.735892,-18.413036856533658
COKE,"Coca-Cola Consolidated, Inc.",192.08,USD,-3.462833593003964,2225872,3.231599367812871,12785670443.000002,USD,Consumer non-durables,,190.850028686213,189.47078272019164,186.99587777448195,0.7817828847263808,1.6672841793256792,25.296803652968034,197.80399999999997,194.18950000000007,188.6944000000001,180.93202499999998,26.283884563280836,nan,21.71313413943573
HALO,"Halozyme Therapeutics, Inc.",112.45,USD,2.525528811086794,10183862,4.515300887873415,12762849877.0,USD,Health technology,Strong buy,102.75174320236944,96.38022318151532,89.48092449289139,4.158947758429057,5.696024062411883,66.07591197755134,108.95199999999996,108.24699999999999,95.99510000000002,75.89104999999994,33.597251269793844,8.414286,-23.547819730921223
AVY,Avery Dennison Corporation,167.71,USD,-1.9755684142848766,2698635,2.656051325907129,12710429357.999998,USD,Process industries,Strong buy,171.7862402775891,170.81607405752203,170.2457501640988,-2.0843063988790247,-5.456902869383832,-7.699504678040717,170.7039999999998,174.38099999999991,171.34539999999998,173.1048999999998,18.356044437147705,10.186211,2.413352463794099
HL,Hecla Mining Company,18.92,USD,-0.21097046413501658,52505529,1.526959806920008,12709858796.0,USD,Non-energy minerals,Buy,18.854190219714443,18.34300689825447,18.055854267723195,-7.209416380578709,-0.36861506055817134,-3.715012722646295,18.673999999999996,20.033499999999997,17.73859999999998,19.1768,24.259520451339917,0.73361,398.3386581469649
ICLR,ICON plc,164.11,USD,-3.2826496935407783,1122557,1.0490994744395334,12661777935.0,USD,Commercial services,Buy,165.62499111520114,162.15595263731868,157.04755887751296,-0.9476098503138539,-3.5214579659023992,-10.78553954879042,169.82199999999983,166.99549999999994,167.2674,147.2704750000001,297.8943546923217,10.588592,-94.52907761976643
AUR,"Aurora Innovation, Inc.",6.31,USD,-2.773497688751935,44587089,1.4995737791147266,12646161891.0,USD,Technology services,Strong buy,6.354630282150652,6.324806787047305,6.1820974683622305,-3.0721966205837203,1.9386106623586303,63.47150259067357,6.411999999999996,6.120500000000003,6.313100000000007,5.464725000000005,nan,-0.491818,1.1927582534611276
SEIC,SEI Investments Company,105.2,USD,0.33381020505484843,3544928,3.6161808661689054,12626017401.0,USD,Finance,Strong buy,105.66754747438969,102.85715950832942,99.01549744701006,-2.511352052636451,-1.4612214312476604,28.622080938990088,105.18999999999997,108.5940000000001,104.78850000000013,89.86412500000006,18.569839896912676,6.352373,6.380861172140525
RPM,RPM International Inc.,98.37,USD,-0.8166969147005466,1322839,1.2420586129596376,12550449652.0,USD,Process industries,Strong buy,104.71184660875822,105.70676096101708,106.1903025142896,-2.5846702317290546,-12.153956063582783,-5.5678218297014475,99.74799999999998,102.97749999999988,106.90120000000005,106.34145000000007,19.049555568465696,5.989389,-3.4911320014203726
PEN,"Penumbra, Inc.",317.6,USD,-0.39828143130428756,994495,2.4498486727394644,12510081102.999998,USD,Health technology,Buy,320.58798544733475,321.1825661291111,321.35518363077625,-0.2950963772210704,-2.4390243902439015,2.214212152420184,318.6319999999998,320.91600000000005,321.4106000000003,325.82415000000003,77.99415534981951,4.708007,7.97030359273498
CSL,Carlisle Companies Incorporated,314.7,USD,-1.769828635640046,1223946,2.086377806506513,12498038523.0,USD,Producer manufacturing,Buy,345.23303178220806,349.0954606060869,350.9556405261705,-5.404593002284483,-12.320294215981285,-1.7820916950157724,320.95599999999985,342.2884999999996,350.91000000000014,352.2304500000011,17.936631880126072,20.996774,-2.518557205084889
AMKR,"Amkor Technology, Inc.",50.3,USD,4.900938477580801,5601397,1.2818225772066587,12497158995.0,USD,Electronic technology,Strong buy,53.323143422995635,56.20965977414928,57.701885868804574,-0.11914217633042548,-8.611918604651168,22.533495736906215,47.606,48.55749999999997,54.253600000000006,56.810724999999984,22.57123625757236,2.524304,81.84414524683802
TTMI,"TTM Technologies, Inc.",117.97,USD,2.788185065783744,2744341,1.503902097178583,12428006243.0,USD,Electronic technology,Strong buy,127.01544217858832,132.15471478161274,133.41578227327506,-7.285444828670226,-6.499167789490372,68.8421353943037,114.48399999999981,118.03399999999999,125.82709999999992,122.60479999999998,53.245170608413076,4.84,148.6365166647963
LII,"Lennox International, Inc.",359.23,USD,0.041773420964697036,892924,1.714432952477941,12415232226.0,USD,Producer manufacturing,Buy,405.92688356116287,431.3895564913205,454.79375634160857,-4.675600371500598,-14.063920386584366,-26.414437297718052,361.40999999999997,379.32299999999987,438.11399999999963,493.43470000000053,16.239173281738783,23.604814,-5.415644053737405
BMRN,BioMarin Pharmaceutical Inc.,63.94,USD,-1.7516902274124164,4455959,2.1429699191295537,12377106012.0,USD,Health technology,Strong buy,64.17095010820468,62.8468530356829,61.29314518385484,-3.062462098241353,-6.205075546428053,7.58875988557967,64.922,65.41475000000001,63.68240000000001,58.314374999999984,172.39148018333782,5.01165,-89.01492714133396
HAS,"Hasbro, Inc.",87.57,USD,-1.3406940063091617,3855249,2.4139117239094126,12351263678.999998,USD,Consumer durables,Strong buy,90.8421776100918,90.42819587659515,89.91039467553101,-4.4621427012873704,-6.522203245089681,6.79268292682926,89.32000000000001,92.21499999999997,90.932,90.04727500000008,15.740091668913452,6.143535,nan
GGG,Graco Inc.,76.26,USD,-0.43086564825695034,3717551,2.2921560874298654,12350599186.0,USD,Producer manufacturing,Buy,78.09392344818025,78.357770972924,78.9863978733098,-0.5477308294209724,-6.256914566687142,-7.113276492082813,76.5019999999998,77.71549999999998,78.67460000000001,82.0986500000003,23.96003518914164,3.283333,12.853242562847916
GDDY,GoDaddy Inc.,97.46,USD,-0.7030056036678675,5598563,2.53027951443947,12343085221.0,USD,Technology services,Buy,95.8578620187323,93.96809710662782,93.39084621029208,0.5467863406581934,1.8178019222732917,-21.15524633929294,100.31,98.76550000000003,95.50500000000011,94.9124000000001,14.450507087361366,7.401865,20.188897799162422
MANH,"Manhattan Associates, Inc.",211.46,USD,0.3035765107674864,1476714,1.9534972322300836,12329170109.0,USD,Technology services,Strong buy,200.84663695506518,190.32850345618365,179.66861600523177,3.6111519427703485,6.695595135980629,21.808755760368673,211.094,213.6195000000001,193.24460000000008,159.73864999999995,60.534753234856296,5.497456,-2.647567025249434
MDGL,"Madrigal Pharmaceuticals, Inc.",531.52,USD,-0.5389221556886219,330617,1.4566877962187106,12280306504.0,USD,Health technology,Strong buy,526.8705934627948,522.815737721243,517.2235219287235,-0.8395209133987538,0.4782699105843159,-8.676677777395966,531.6660000000002,533.6659999999999,529.336,513.5226499999999,nan,-6.261658,-0.28488254432803495
TOL,"Toll Brothers, Inc.",133.06,USD,-0.9380583680762291,3077123,2.7164455799052623,12261080017.0,USD,Consumer durables,Strong buy,141.86939453178476,143.7328035355841,144.32341935947568,-1.4881172725253506,-8.518391199724983,-1.5901190740329898,133.68999999999997,140.00449999999992,145.9558000000001,144.50809999999993,10.684460718185907,12.762695,-8.472483537158991
GNRC,Generac Holdings Inc.,207.44,USD,0.10133667905226462,3054221,1.721736352012896,12240279275.999998,USD,Producer manufacturing,Strong buy,203.14501603970302,210.3754282605225,214.8939254950639,12.214648923509673,-2.4270931326434604,50.34062907667779,188.35799999999992,190.20499999999993,203.3990000000001,210.34485,47.81816924460017,9.707178,-27.948113207547177
NXT,Nextpower Inc.,80.47,USD,-3.4668905950095974,5533135,2.351870720229977,12209674877.0,USD,Electronic technology,Strong buy,89.48064058683768,95.3782639739251,100.61636125779675,-3.339339339339341,-12.112276103101795,-8.587981369987506,80.85400000000003,83.49699999999997,93.54119999999992,108.15640000000003,20.85633569188503,4.679953,5.139384690846653
HUT,Hut 8 Corp.,98.74,USD,8.517419496647983,7389445,1.467872502261615,12170639615.0,USD,Technology services,Strong buy,94.34914078367095,94.5640944568802,91.8428574345591,8.36854524502003,21.765939080034517,106.3531870428422,91.55400000000009,87.91875000000002,93.20249999999999,77.56067500000002,nan,-4.697692,-479.26734216679654
ALLY,Ally Financial Inc.,40.0,USD,-1.4778325123152742,5420247,1.4289933653965146,12167987061.0,USD,Finance,Strong buy,42.55143305832048,42.95990108782245,43.032193651744336,-6.3670411985018704,-8.96677287209831,-12.010558732952049,40.88599999999997,42.112999999999985,43.43759999999994,42.90180000000003,9.421074944651185,5.226206,175.80875665843834
FIG,FIGMA INC,22.69,USD,-2.5762129669385914,33913581,2.110839685334484,12093988493.000002,USD,Technology services,Buy,24.055379151267335,23.783397626013063,24.25149198912384,3.6073059360730717,-13.889943074003794,-40.28947368421052,23.36599999999999,25.2485,24.629600000000046,25.369115,nan,0.286007,-1737.8941742383752
MAIR,Madison Air Solutions Corporation,24.01,USD,1.222596964586858,2339651,0.8991812156545129,12046359786.999998,USD,Producer manufacturing,Strong buy,27.553203165732274,29.766776355983833,33.38977174340811,-4.456824512534809,-15.099009900990096,-24.968749999999996,23.753999999999984,25.523000000000007,29.535400000000003,nan,nan,1.082029,nan
EHC,Encompass Health Corporation,121.75,USD,-1.128796491797954,1439554,1.818956262787181,12011049179.0,USD,Health services,Strong buy,119.56262563190677,116.95879655563486,114.11824507642814,-0.22127520078675303,-0.7176058060833365,15.140911670134297,122.66599999999983,121.42300000000016,118.22000000000006,107.58080000000005,19.824792796313485,6.113152,20.07625378824911
FPS,"Forgent Power Solutions, Inc.",39.44,USD,3.625853914871244,20549557,1.4921293670793905,12006675185.0,USD,Producer manufacturing,Strong buy,36.11532753403706,37.745048755512045,37.620133795746504,31.466666666666658,7.641921397379905,51.692307692307686,34.467999999999996,31.98150000000002,35.44720000000001,nan,146.67162513945706,1.298775,nan
BF.A,Brown Forman Inc,26.52,USD,-1.2290502793296159,477790,2.109996815949048,12000657577.0,USD,Consumer non-durables,Buy,27.384100167684768,27.48826427048598,27.542115990651503,-2.428256070640177,-5.387085265786663,0,26.599999999999955,27.43599999999998,27.703000000000007,27.536899999999942,17.094237462936704,1.707816,-13.06248248809191
CORT,Corcept Therapeutics Incorporated,110.29,USD,-3.9787567473445877,17233443,6.715288030054476,11922172226.999998,USD,Health technology,Strong buy,109.31159091478469,103.02983611667074,93.65599668937485,-4.278771046693276,-7.606601323615647,208.417225950783,111.91599999999985,114.91100000000014,108.16139999999997,68.39562500000012,263.41055648435633,2.06032,-62.739165257631036
CCK,"Crown Holdings, Inc.",109.2,USD,-1.230101302460202,2373010,2.3645941728793054,11876646888.0,USD,Process industries,Strong buy,114.07864429716004,113.18306022219879,111.21661727929875,-4.269308319452959,-7.008430554372821,6.174039863879445,111.32599999999998,115.12250000000014,116.53980000000006,106.92699999999995,15.713134568896052,8.406247,45.86822828117456
GWRE,"Guidewire Software, Inc.",144.29,USD,-0.4759277141674698,2157743,1.0314914858353805,11830721537.0,USD,Technology services,Strong buy,158.6854552306978,156.52572458383491,154.77496258668705,3.947842374468691,-18.824191279887486,-28.185347401951027,147.57600000000005,172.10750000000004,163.5458,154.02119999999985,88.56493984777805,4.189335,103.98146988856894
AIT,"Applied Industrial Technologies, Inc.",321.84,USD,1.5332197614991345,974156,2.952077335676839,11822436422.0,USD,Distribution services,Strong buy,330.8469036997279,330.06615694767754,323.74819945429294,-0.11173184357542323,-9.745085392187105,24.32495074747942,317.7919999999999,325.62300000000016,337.8093999999999,299.6713500000001,29.371663244353183,12.0325,8.195507282152557
QXO,"QXO, Inc.",11.38,USD,-2.233676975945015,27968938,1.5299364380538116,11806644543.0,USD,Distribution services,Strong buy,13.311306397637697,14.189848030224633,15.366578040836217,-9.177972865123692,-17.05539358600583,-40.88311688311688,11.567999999999998,12.850499999999997,13.796399999999984,18.876999999999992,nan,0.269058,-307.70985401459853
AFG,"American Financial Group, Inc.",142.31,USD,-0.3919647231749158,1043480,2.2102752337884803,11800554285.0,USD,Finance,Buy,142.56309489301594,141.54625615588571,139.8094094364217,-0.29426189308483675,-2.413769457587609,4.202972834443882,143.13000000000008,142.91300000000004,143.0844000000001,135.02664999999996,12.436424014681466,12.33845,25.54582757334387
BAX,Baxter International Inc.,22.8,USD,-0.9556907037358768,9968219,1.563660297745879,11787507760.0,USD,Health technology,Buy,24.459539246856583,23.932674173250863,23.0331341760756,-7.505070993914798,-12.44239631336405,18.134715025906736,23.384000000000004,25.020500000000013,25.00699999999997,20.5901000000001,nan,2.053674,-626.1393596986817
CSGP,"CoStar Group, Inc.",29.09,USD,-0.6997781191329642,17117231,2.552660266485963,11787198284.0,USD,Technology services,Buy,30.565614853417863,31.197657622269215,33.46980656444094,-2.1033148241628807,-7.00127877237852,-56.65325584860676,30.36499999999999,31.16025,30.44059999999997,42.050125000000016,160.0990643918547,1.366399,-28.717143978030606
IT,"Gartner, Inc.",185.78,USD,-1.0756123535676305,2571815,2.027236286419275,11731816568.0,USD,Technology services,Buy,179.33593180769276,173.3339857385398,171.0160218454039,8.49100677411819,2.652226765388447,-25.803746155996638,191.56799999999993,189.47100000000006,172.69960000000003,175.4846,16.669208890005475,14.465515,-31.447674347082632
DVA,DaVita Inc.,183.86,USD,0.42055819542302153,2098919,2.436264388182118,11730267899.0,USD,Health services,Buy,189.29130067945874,192.39407245064888,189.80762660697727,1.4455969984550896,2.847233875929968,61.734693877551024,188.20599999999996,181.59499999999997,200.57620000000009,167.0789999999999,15.50605955824682,14.845336,16.519919026748696
AA,Alcoa Corporation,44.43,USD,-5.407707047051308,10869909,2.6820440287737086,11725495780.999998,USD,Non-energy minerals,Strong buy,48.799862925626755,50.645834653262575,52.66585758664094,-8.824132977631844,-13.222656250000005,-17.904656319290464,46.22600000000001,49.3415,48.30180000000003,58.079450000000016,9.113846153846154,6.516108,25.044887908479964
ELS,"Equity Lifestyle Properties, Inc.",60.4,USD,-1.145662847790512,3830303,2.2851629069960366,11721503403.0,USD,Finance,Strong buy,62.691972155992964,63.25301850066085,63.55076574706629,-0.03310162197948217,-6.646058732612063,-0.0496442164487856,61.050000000000026,62.606999999999985,64.12739999999998,63.78280000000004,29.35030856698576,2.064766,11.382333838493189
WTS,"Watts Water Technologies, Inc.",350.66,USD,0.048503523638339444,600345,2.6358042090677514,11706100658.0,USD,Producer manufacturing,Buy,359.7666631514025,355.39552836127245,345.98553429395605,-1.144564727108706,-6.927486994373067,27.25821085102523,350.4659999999998,360.23149999999987,360.05739999999946,319.7138000000003,30.60741749369365,12.858125,23.210195192773014
AGNC,AGNC Investment Corp.,9.87,USD,-0.4036326942482434,188214674,4.058691040491128,11700701730.0,USD,Finance,Buy,10.48358147301748,10.57340573261817,10.61446821314052,-4.035002430724365,-10.27272727272728,-7.929104477611953,9.942000000000002,10.496499999999987,10.73360000000001,10.761900000000011,5.177025963808025,1.578033,487.157376039421
WTRG,"Essential Utilities, Inc.",41.04,USD,-1.3935607880826486,3998907,1.4836003808107503,11646273797.0,USD,Utilities,Buy,40.633290926855445,40.20136422369646,39.80278324112319,-2.1459227467811126,1.8362282878411962,7.322175732217565,41.4239999999999,41.300999999999895,40.33899999999991,39.104299999999895,20.962304627643274,2.235296,-16.251015955854044
BJ,"BJ's Wholesale Club Holdings, Inc.",92.03,USD,-1.4034711806299573,1603030,1.1103473431194455,11624741435.0,USD,Retail trade,Buy,92.64809013877809,92.6096440279516,92.72110779281982,2.255555555555557,-0.5618584548892448,2.2214817283127846,93.74400000000004,92.6590000000001,93.44699999999997,93.47595000000001,20.107057024251695,4.72328,5.100002296263983
MOG.A,Moog Inc.,364.64,USD,2.5335320417287606,834615,3.159036817673937,11577192979.0,USD,Electronic technology,Strong buy,380.7327369322671,380.97044080591724,371.2806077961482,-2.528735632183918,-17.127272727272732,49.65115324632684,359.8159999999998,370.05100000000016,392.91080000000017,335.40317000000056,31.01497843819374,11.519928,78.61114487117162
GLPI,"Gaming and Leisure Properties, Inc.",39.59,USD,-1.2964348042881975,6208754,1.6918377352967713,11517524584.0,USD,Finance,Strong buy,42.07815685410435,43.008382790385774,43.88157247110165,-1.4193227091633298,-6.318031235210588,-11.173435045995056,40.34400000000004,41.7250000000001,43.14899999999996,45.33237499999999,11.609970674486805,3.225073,30.98256126603672
CHYM,"Chime Financial, Inc.",30.33,USD,-1.269531250000002,19614941,2.035133576858402,11482485915.0,USD,Technology services,Strong buy,30.174919922624557,28.17663035873146,26.228183429355873,-7.162534435261718,-5.218750000000005,20.071258907363404,31.976,32.814499999999995,28.5596,23.361024999999998,nan,0.457328,97.70790140520617
HRL,Hormel Foods Corporation,20.83,USD,0.33718689788052375,10086920,2.2146711590135526,11463807748.999998,USD,Consumer non-durables,Buy,22.31943967528084,22.830501332240512,23.129459632423725,-0.5727923627685012,-15.325203252032534,-12.478991596638664,20.824000000000012,21.756499999999996,23.684600000000028,23.351550000000046,33.47260163908083,1.486,-54.62632154575282
PSKY,Paramount Skydance Corporation,10.21,USD,-3.860640301318252,78995429,3.845287827491692,11455067556.999998,USD,Consumer services,Buy,10.200727362089248,10.10511209107784,10.222173170295065,-2.2966507177033346,-2.203065134099604,-23.805970149253728,10.768999999999997,10.698250000000005,9.701099999999975,10.783074999999998,nan,0.511393,-2130.4347826086955
AHR,"American Healthcare REIT, Inc.",52.15,USD,-1.8814675446848543,11994953,3.200360650975384,11449107707.0,USD,Finance,Strong buy,54.07464433196595,53.775356758914754,52.91924363484733,-3.6400591278640038,-5.593772628530057,11.360239162929746,52.986000000000026,54.88600000000001,55.25520000000003,50.87880000000003,77.35093444081875,0.597196,nan
FRO,Frontline Plc,51.42,USD,-4.830649639089394,4998270,1.2004397724129487,11447268817.0,USD,Transportation,Buy,45.40353506051286,43.21068246153751,40.74765687667182,7.013527575442257,14.521158129175955,142.43281471004244,52.246,46.902499999999975,42.34439999999999,34.76094999999997,7.700602030730525,10.065567,524.5230078563412
SF,Stifel Financial Corporation,75.79,USD,0.37081181300490146,2789277,2.26687608603586,11444421975.0,USD,Finance,Buy,79.46125830498758,78.99281395974603,78.33144921036897,-4.3115964901205635,-9.934640522875815,-9.32045692148964,76.33399999999995,79.50699999999999,80.6754,78.6094457242501,13.559109775296982,6.52386,62.1301775147929
FROG,JFrog Ltd.,92.81,USD,-1.2449457331347114,1962447,1.181317902406721,11443594773.000002,USD,Technology services,Strong buy,89.9587784672863,87.21593889774995,82.04104231993941,4.6808030678998485,1.75419361912072,47.36424261670373,93.44200000000008,92.30999999999999,88.76369999999997,67.054125,nan,0.980067,51.508817766165905
CR,Crane Company,197.62,USD,-0.07584567932447069,896166,2.2223958147341354,11422505676.0,USD,Electronic technology,Strong buy,206.21471395688044,206.44849150385323,204.03418405482017,-1.8622436311267816,-8.420223365308859,7.454733293458762,197.46800000000002,202.45450000000017,211.92299999999992,196.19480000000036,34.48384169749424,7.025572,8.120141876084833
GME,GameStop Corporation,22.64,USD,-0.5709266578831753,9601325,1.0460460964849803,11421902492.0,USD,Retail trade,,20.496695026986853,20.675430952046842,21.110143743029635,7.604562737642593,25.221238938053112,11.747285291214208,22.089999999999986,19.6875,20.084400000000016,22.189299999999985,15.011271714626709,1.8,106.1790840738209
PNW,Pinnacle West Capital Corporation,94.21,USD,-1.443665655403295,2559202,2.6439894538046063,11417991409.0,USD,Utilities,Buy,98.22456600164271,99.59373227642645,100.14910889422914,-3.2254750898818703,-6.398410332836574,6.21195039458849,95.01800000000023,96.90800000000011,100.79780000000014,98.79569999999991,18.06692875635248,4.715736,7.42686444169757
GRAB,Grab Holdings Limited,2.795,USD,-0.533807829181499,105580934,1.4197686469131332,11399455577.0,USD,Transportation,Strong buy,3.2915179993130623,3.401434467886175,3.5419780426512357,-8.059210526315793,-19.683908045977013,-44.5986124876115,2.881000000000004,3.2772500000000035,3.4668999999999977,3.9418749999999982,20.180505415162454,0.153711,422.64150943396237
FNF,"Fidelity National Financial, Inc.",42.5,USD,-1.3234269793359654,6021943,1.9473532496013153,11398194427.000002,USD,Finance,Strong buy,46.27000060283803,47.2323537066195,48.170956256344745,-4.708520179372201,-12.998976458546574,-21.889358573791576,43.3,45.49400000000007,48.413599999999946,50.356850000000065,14.792899408284022,5.132594,-27.175483511191096
LULU,lululemon athletica inc.,98.06,USD,-1.3381627930375273,7930072,0.7960774238397486,11357903436.0,USD,Consumer non-durables,Buy,109.29298970127218,114.2489271586073,122.27460123188335,0.8018092105263169,-17.61740737629169,-53.130675843609595,98.42000000000004,109.29550000000002,115.38469999999941,149.43137500000003,8.037441395364086,9.58248,-16.471659489398405
TECH,Bio-Techne Corp,72.37,USD,-0.055240988813688774,5019526,1.6416502314438477,11348936263.999998,USD,Health technology,Buy,71.4999401226251,69.62391134305996,66.95325789452878,0.3049203049203033,-0.041436464088399357,23.057303179731342,72.34400000000002,72.31949999999999,72.09539999999996,61.46302500000001,62.47410220994475,2.0475,155.43550165380375
FHN,First Horizon Corporation,23.94,USD,-0.29154518950437436,8004184,1.4770875021173633,11342225479.0,USD,Finance,Buy,24.76406397900094,24.855848667269143,24.753434461224952,-3.661971830985916,-7.3529411764705825,-0.49875311720697196,24.134,24.459499999999974,25.158000000000012,24.401675000000026,11.494694387093677,2.141903,34.32441148016769
NVMI,Nova Ltd.,356.11,USD,2.3098801965122018,2687210,3.3730837404587914,11326491162.0,USD,Electronic technology,Strong buy,385.05720880986655,405.14730902585967,421.17799746338324,-3.8281323845146336,-9.27133757961783,5.985119047619052,342.63199999999983,357.8387500000002,394.36470000000025,440.5631250000003,44.402743142144644,10.675963,9.600273317389815
NYT,New York Times Company (The),70.21,USD,0.38604518158420936,7935243,2.5675178269582863,11323719821.0,USD,Consumer services,Strong buy,68.68968677007842,69.76485467407355,70.93121343256058,5.104790419161672,7.634523992028192,1.6210739614994794,70.92200000000003,68.30650000000003,69.71120000000002,73.741615,29.29933647706881,2.838287,23.367998352553553
SAIL,"SailPoint, Inc.",19.83,USD,-1.7830609212481574,5404598,0.9635079646853859,11321177403.0,USD,Technology services,Strong buy,18.27680417113991,17.579308159411546,16.940729639910835,11.907449209932278,3.335070349140161,-3.7144938091769877,20.048000000000002,18.997000000000007,17.690100000000008,16.035424999999996,nan,0.321534,70.23900654928978
BTSG,"BrightSpring Health Services, Inc.",56.78,USD,0.31802120141342705,9364236,3.08136929783767,11234730584.0,USD,Health services,Strong buy,60.21565848420126,60.59173925295223,58.9658310983199,-3.836057244474554,-5.602660016625101,51.332622601279304,58.29600000000003,59.47900000000002,63.16730000000001,51.22622500000001,42.407946822018076,1.818109,352.94316644113667
ELAN,Elanco Animal Health Incorporated,22.42,USD,-1.4072119613016567,7946788,1.482567409597588,11201522064.999998,USD,Health technology,Strong buy,23.641058649442428,23.792122958632138,23.747645149773188,-3.362068965517231,-6.893687707641182,-1.7958826106000727,22.83400000000001,23.815499999999993,24.348600000000012,23.76495000000001,nan,1.137181,-146.3504067835453
UHAL,U-Haul Holding Company,64.27,USD,0.15583606046438261,245730,1.5993840161832436,11164137885.0,USD,Finance,Strong buy,67.31004002545811,66.65111428878745,64.55031837712184,0.4218749999999938,-11.813940724478595,27.141444114737883,63.68199999999994,66.364,69.81419999999994,57.570049999999995,441.1118737131091,1.1125,-89.74954270437597
ARW,"Arrow Electronics, Inc.",219.31,USD,1.995163240628775,1088895,1.6477073776894342,11164068020.999998,USD,Distribution services,Buy,215.50391827065636,211.9580878499852,204.09514926194444,1.251154201292709,1.9572291957229233,97.23896033815991,214.54200000000006,211.35500000000016,211.4263999999999,174.38945000000004,14.014403568301926,21.806,76.91568498880774
AMH,American Homes 4 Rent,31.02,USD,-0.8312020460358106,7424397,2.28053854569073,11161461670.999998,USD,Finance,Strong buy,32.58533148371595,32.736393635644774,32.609932520128936,-2.1451104100946363,-8.871915393654522,-2.5753768844221114,31.386000000000003,32.713,33.40639999999999,31.682974999999978,24.53531598513011,1.088682,13.757423070001803
ERIE,Erie Indemnity Company,239.05,USD,-2.1850321207905297,549097,2.6352308923120042,11132646574.0,USD,Finance,Buy,247.35391063655157,245.9300218806228,246.32529416526296,-0.6111757857974384,-6.998910675381267,-16.122807017543856,246.70200000000006,252.7965,245.87399999999997,252.13552500000011,21.826664962290682,12.68,-7.666756592702501
JEF,Jefferies Financial Group Inc.,47.9,USD,0.06266973052016114,6267143,2.3241775855153226,11043454183.0,USD,Finance,Buy,52.47929166377306,52.90463585417084,52.97783698520181,-11.835081906865453,-11.329137356534625,-22.965583788999677,48.41,52.08349999999998,53.92160000000003,53.30930000000005,13.348195624912917,3.621891,36.0156161164386
TXRH,"Texas Roadhouse, Inc.",167.56,USD,0.4616583728041311,1633654,1.5013935405082548,10998794099.999998,USD,Consumer services,Buy,187.84817725319573,188.7746444831406,187.00679312016723,-7.450980392156867,-18.003425495473447,1.0981054663931418,171.04400000000058,187.61524999999997,196.06589999999974,179.93802500000035,26.830205597899187,6.604553,-4.7523182040019565
TWST,Twist Bioscience Corporation,166.99,USD,7.3476472100797166,3073852,1.6276400783041651,10993356235.999998,USD,Health technology,Strong buy,130.77568382276712,118.56544706535496,103.95027823794862,30.54252657911195,30.460937500000007,426.28427355814694,147.69400000000002,139.19799999999998,118.30799999999995,69.68415000000006,nan,-2.157,-53.16848050695688
UDR,"UDR, Inc.",33.9,USD,-0.9061677871967327,6980255,1.4608099619079464,10890857588.999998,USD,Finance,Buy,36.45523410426522,37.02302399948418,37.266926384283565,-3.99320305862363,-9.285523146909282,-7.301066447908126,34.55799999999999,36.20899999999997,37.722599999999936,37.080749999999995,21.601988147581725,1.087052,309.3114241001565
AXSM,"Axsome Therapeutics, Inc.",207.78,USD,-3.033414224379317,869320,1.3347190467994579,10883686178.0,USD,Health technology,Strong buy,213.70888211311097,215.72178840272556,213.19306810456277,-2.3177095576136555,-5.092952085141372,13.336606120111268,210.9360000000002,208.1192500000002,217.8689000000001,197.554925,nan,-2.674691,25.865672819056634
EGP,"EastGroup Properties, Inc.",202.37,USD,0.36700887764718004,1576913,2.913518418165986,10882105581.0,USD,Finance,Strong buy,202.10927926086944,202.73775992511878,201.6881984375152,1.8623848593144496,-0.17757608642035477,14.043392504930978,199.6039999999996,199.60299999999972,205.19320000000005,195.6752699999999,35.52158115532464,5.946671,22.85911453278988
JKHY,"Jack Henry & Associates, Inc.",154.85,USD,-0.8706228794571497,2666985,2.2022646542462203,10856938065.0,USD,Technology services,Buy,158.46410717489184,156.07621239888908,154.74989973941308,-3.9094011790257595,-5.463980463980474,-14.8801671064204,157.73200000000006,164.4325000000006,157.9526999999997,159.41262499999982,22.20612909239528,7.362383,11.760557736998164
KNX,Knight-Swift Transportation Holdings Inc.,66.68,USD,0.014999250037505798,3962636,0.9342651663107032,10852569910.0,USD,Transportation,Strong buy,69.74728269990489,70.24737488240491,69.35079606390804,-4.264178033022252,-6.453423120089779,27.27619774766178,67.21000000000001,68.58800000000002,70.71220000000002,64.40539999999986,253.63255990871053,2.315402,-74.09852216748767
DKNG,DraftKings Inc.,21.75,USD,-3.204272363150863,18086331,1.6941800715220163,10797876045.000002,USD,Consumer services,Strong buy,24.20073698867877,24.52565116420561,25.00000164967998,-8.555812486861468,-10.383189122373299,-37.12055507372074,23.60799999999996,24.317500000000027,24.364900000000084,26.432250000000018,nan,0.118475,42.920625191541525
HUBS,"HubSpot, Inc.",216.12,USD,-5.862880041815492,8990598,4.257271542255274,10777082791.0,USD,Technology services,Buy,228.1085833883854,225.93046637395085,230.4405847640577,-2.6486486486486465,-4.185139209079623,-45.83458646616541,234.94599999999997,241.5189999999994,230.9502000000006,254.6940500000006,76.49994690453435,13.294054,nan
DKS,Dick's Sporting Goods Inc,121.15,USD,-2.235313105229177,2429313,0.7108433773719512,10773496359.0,USD,Retail trade,Buy,158.03264888848466,173.59725677216773,186.45338910793194,-8.358547655068065,-36.825363716952594,-39.11448386772539,124.64200000000008,136.2404999999997,177.3836000000001,203.86945000000006,13.009954790004405,11.555894,-34.9976964637228
HII,"Huntington Ingalls Industries, Inc.",272.86,USD,-1.544345817998114,1455097,2.9428579576147493,10751938097.0,USD,Electronic technology,Buy,290.70650277911136,297.5903034373936,307.72035810401655,-3.851439444659786,-13.89441130991826,-19.763578086864463,277.5119999999996,286.9159999999999,296.27779999999996,346.5866499999998,16.26790835216331,18.659297,25.6208807669263
GSAT,"Globalstar, Inc.",82.84,USD,0.3877847794474157,1319636,2.2907718402454162,10733030339.999998,USD,Communications,Buy,82.17275188083505,81.4770194069518,79.45475724170656,0.2905569007264033,-0.1927710843373453,33.612903225806456,82.21600000000001,82.01300000000002,81.61749999999996,73.19544999999998,nan,-0.620333,-29.915406306075372
AR,Antero Resources Corporation,34.86,USD,-2.051137960101163,7578218,1.9273192157659027,10717323566.0,USD,Energy minerals,Strong buy,36.9132555807611,36.69994644074898,36.5457477244691,-10.615384615384617,-7.13905167820991,1.9298245614034986,36.61200000000001,38.25649999999996,36.49860000000002,36.40690000000001,10.008038585209002,4.235578,142.66406576564023
SANM,Sanmina Corporation,199.56,USD,1.7851678057737428,894906,1.7718605718028366,10695888011.0,USD,Electronic technology,Buy,203.56946202344662,204.9643476051061,202.52729818706004,-3.519628698510927,-0.6224789602111449,29.668615984405456,195.80399999999992,196.85749999999973,199.49620000000007,185.5634499999999,35.714157882491904,12.098333,19.620226066107215
DECK,Deckers Outdoor Corporation,78.43,USD,-1.6058211014928956,6811504,1.8101096564662886,10680742870.0,USD,Consumer non-durables,Buy,87.98431176437215,92.05447778796342,95.76534744885198,-3.2683769116921453,-12.836185819070902,-24.81066053110919,78.83000000000024,83.99599999999987,92.98280000000001,102.29594999999983,11.129874552988591,7.52012,8.21585429527934
SCI,Service Corporation International,77.76,USD,-1.6194331983805683,2324465,2.2295832990426026,10598034754.0,USD,Consumer services,Strong buy,81.32136357287808,81.06714385602892,80.65937501903761,-3.4517010181276397,-6.245478659271755,0.19327406262080363,79.99400000000007,81.79599999999998,82.08260000000011,79.88545,20.285922988625693,4.190335,4.0555947662739555
AES,The AES Corporation,14.83,USD,-0.1346801346801318,9540438,1.3261268735738276,10580294363.000002,USD,Utilities,Buy,14.769349892885005,14.742075910428337,14.696310630071473,0.13504388926400793,0.27045300878972905,2.2053756030323934,14.817999999999998,14.783500000000007,14.772799999999995,14.636499999999996,5.542267733014425,2.288875,88.92889924451038
PINS,"Pinterest, Inc.",18.6,USD,1.5838339705079338,33620736,1.9016225321070084,10533422333.0,USD,Technology services,Buy,21.006727268324532,21.324536615452807,21.50980324699058,-2.2595901208617954,-19.654427645788324,-28.953399541634827,18.802,20.779999999999994,22.350000000000005,21.628500000000027,54.21160011658409,2.014887,-87.73503967970258
VSAT,"ViaSat, Inc.",76.38,USD,4.601479046836483,4299351,2.349033510907007,10521788664.0,USD,Electronic technology,Strong buy,74.72611633706447,73.53399445084261,70.33034751397369,1.0986101919258746,-0.6503642039542143,117.73090079817561,72.52000000000002,72.13874999999997,74.89959999999998,59.01565000000002,nan,-1.42,94.73331169533701
COO,"The Cooper Companies, Inc.",55.29,USD,2.8172942817294295,8795796,1.2712722815471489,10513686929.999998,USD,Health technology,Buy,65.1706471529047,67.01977882434414,68.36174892160102,1.1525795828759653,-27.630890052356026,-32.647094652210995,54.23300000000019,64.98074999999989,69.94549999999987,72.54290000000016,18.867731367731366,4.542298,44.2693974005514
CART,Maplebear Inc.,45.37,USD,-0.1320713185120015,7476459,1.6791342290172426,10503157521.999998,USD,Transportation,Buy,47.900393802025334,47.08799138860832,45.78696583406828,-4.343242673413457,-7.389263114921421,0.7103218645948952,46.78800000000005,49.21750000000004,47.86419999999994,42.608349999999994,24.97935363100809,2.334292,4.849044622755878
AEIS,"Advanced Energy Industries, Inc.",262.2,USD,3.053885155052463,1240134,2.1956036018171967,10501226314.0,USD,Electronic technology,Strong buy,287.71953605973505,296.34962599016256,301.0888457772466,-6.450692164977874,-16.743403295970538,21.58590308370043,254.75400000000027,272.7575,292.92629999999986,302.0477749999999,48.891457979824345,11.244505,143.32577132486387
AVTR,"Avantor, Inc.",15.52,USD,-2.1437578814627987,14825242,1.5728998980724456,10497089283.999998,USD,Health technology,Buy,14.160690827283899,13.252160187328826,12.311033100635365,3.397734843437707,14.454277286135687,34.72222222222222,15.518000000000004,14.889500000000004,13.532199999999996,10.537600000000003,nan,0.812773,-184.09136047666337
FRHC,Freedom Holding Corp.,164.48,USD,-0.13963936615871422,95458,1.5383053469558772,10491794456.0,USD,Finance,,161.95114926723588,158.47792148354827,154.38329509610975,0.3477518150204339,4.233206590621025,34.819672131147534,164.04000000000002,166.58449999999988,158.93680000000012,142.53419999999977,65.06843895877837,nan,87.5639979223863
ALGN,"Align Technology, Inc.",147.61,USD,-1.4027119096920675,1498331,1.603245287387783,10486192054.999998,USD,Health technology,Buy,159.82343535205422,163.91066360973963,166.71857115011588,-3.711676451402477,-13.180802258557813,-6.410093837179803,149.55400000000012,155.27350000000015,166.24530000000016,170.9568500000001,25.606730852632495,11.291788,-2.7613778212610978
MOH,Molina Healthcare Inc,200.79,USD,-2.096640499292999,860068,1.4519910118733086,10481237803.0,USD,Health services,Buy,202.78510368666588,201.60218522440067,197.365464722047,-0.7562277580071181,-1.578354002254791,15.396551724137925,205.83200000000065,201.59300000000033,205.80219999999943,180.05544999999987,nan,5.240921,-100.92903989348588
UHS,"Universal Health Services, Inc.",176.69,USD,-2.2461964038727538,1796228,2.12453392743343,10411292100.999998,USD,Health services,Buy,171.01857462228074,168.90398182406187,169.7751199472716,1.4818218367698488,1.7916810692476006,-18.882563584611148,177.75000000000017,174.18749999999994,167.34320000000028,183.33990000000009,7.195272922741118,22.590288,29.3490513363463
LFUS,"Littelfuse, Inc.",407.88,USD,1.5030858052956453,509926,2.323010986247602,10359640843.0,USD,Electronic technology,Buy,422.63879735736106,423.6731128808337,416.4538904966656,-3.1646921962916323,-6.772416630477017,60.519480519480524,399.5279999999998,410.9822500000005,422.31709999999975,378.3941000000003,nan,16.59,-110.53256904637831
CGNX,Cognex Corporation,61.56,USD,1.1668036154478238,1904772,1.3207927369199863,10355860218.0,USD,Electronic technology,Strong buy,62.91871814166778,62.847902365158404,61.49050459425617,-1.5669971218420162,-2.8868906767628935,68.98160856437003,60.312000000000026,60.98199999999996,62.74859999999999,54.62869999999999,59.60495739736639,1.681421,44.54863540937718
XP,XP Inc.,20.01,USD,-0.8915304606240699,7747737,0.9215540345406561,10345480884.0,USD,Finance,Strong buy,18.44200324310871,17.986128068315345,17.80401615572857,-0.14970059880238315,23.214285714285737,19.39140811455847,19.817,18.97874999999999,17.50609999999999,18.095225000000006,10.434374511133129,2.0669342265,20.428284350665656
QRVO,"Qorvo, Inc.",117.18,USD,-1.949627646222072,3104205,1.713478221606549,10337811089.000002,USD,Electronic technology,Buy,104.27006378737032,100.49329602342185,97.04283912973251,3.8507555279833503,22.253521126760578,37.213114754098356,115.34,104.13324999999978,96.49980000000001,89.16767500000027,27.18982759820869,7.648126,402.999533146592
BPOP,"Popular, Inc.",162.03,USD,0.6585077964838182,1252046,1.9214334471827785,10334030213.0,USD,Finance,Strong buy,167.46397608347456,166.25861541107844,162.06652941530746,-1.6151557471613314,-7.822277847309136,30.123674911660782,162.90800000000002,166.9789999999998,170.83620000000002,148.18932500000005,10.939842009317399,15.943648,43.684516880093135
DAR,Darling Ingredients Inc.,65.36,USD,-1.6995036847646194,4201792,1.962879100375731,10313998782.999998,USD,Consumer non-durables,Strong buy,64.08349949032353,62.868904597354785,60.856605442507,-0.7139602005164801,-4.374542794440373,80.30344827586207,65.77400000000004,65.31750000000007,63.6612,54.942374999999984,17.56328263556726,6.561491,470.41692213366036
RYAN,"Ryan Specialty Holdings, Inc.",40.27,USD,0.5744255744255844,4395433,1.9701314465920174,10301661645.0,USD,Finance,Buy,40.96600931794988,40.57659540942506,40.3326288177323,2.4812317088688163,-2.635396518375233,-21.43971907920405,39.898,41.49349999999999,42.13700000000001,40.9209,59.107588433876415,2.160821,2862.1739130434785
VICR,Vicor Corporation,222.72,USD,2.9252738111742747,1724908,2.120319881757282,10268891674.0,USD,Electronic technology,Strong buy,213.758639093227,222.0204949309911,223.51403879500106,23.28812621090506,-7.966942148760331,99.8205634308272,198.3440000000001,191.5605,211.5211000000002,207.19810000000012,71.49001733324774,3.436,114.63313813296591
UMBF,UMB Financial Corporation,134.52,USD,-0.17809439002669983,1658010,2.320632171102061,10216798019.0,USD,Finance,Strong buy,141.33651098726614,140.69404213422604,137.9694315698388,-4.6430849932657425,-10.522814952773707,16.851980542043087,136.142,140.85824999999994,143.89430000000002,129.17535000000015,11.203184729289683,13.242003,37.85490407687627
ENSG,"The Ensign Group, Inc.",173.91,USD,-0.5774068145437863,688466,1.6497695720020396,10135898059.0,USD,Health services,Strong buy,174.3313533923544,174.5064514292893,175.57794595340482,-0.1492794396279445,-5.055413004312928,0.18434241603778626,174.87199999999984,174.47450000000015,175.79319999999967,181.91135000000003,27.25007834534629,7.794301,15.21519352975158
BIO,"Bio-Rad Laboratories, Inc.",376.41,USD,-1.5689966266572528,324347,1.1960385626901842,10112267579.0,USD,Health technology,Buy,363.1313505098915,348.6198064382167,332.7715977330588,1.6088540963692906,5.469472386449618,24.137589868742165,376.8800000000003,381.37850000000014,350.7447999999999,304.59395000000006,45.60334383329295,9.640487,-29.659204213289247
EVR,Evercore Inc.,262.6,USD,-0.0038079281063138895,828437,1.8174943348441146,10099025062.0,USD,Finance,Strong buy,293.64264676728936,304.2113910355094,312.64693871866496,-8.778267968180074,-12.769067233590219,-23.000234576589254,266.6699999999993,284.15700000000015,306.45139999999986,328.4607,14.84941360084143,19.546178,60.841488703750876
FDS,FactSet Research Systems Inc.,283.83,USD,1.7859064012910029,1194618,1.1913245831897719,10094567912.000002,USD,Commercial services,Buy,280.1840943190588,273.0568864752349,265.55381023500246,7.146092865232166,-0.7309736989367767,-1.6357650320568453,278.62199999999996,291.7049999999992,278.6278,249.7899000000003,18.7056381190892,17.842741,9.523534549339184
BXP,"BXP, Inc.",63.17,USD,-1.1888002502737338,4821077,3.0794899408767815,10085820456.999998,USD,Finance,Buy,66.44868240304702,66.32207210622659,65.60782029163231,-1.6962340491752308,-5.603705917513449,-6.511765576439236,63.896,66.76899999999988,67.98720000000002,63.27649999999992,33.940468514936605,2.12335,9299.999999999998
AM,Antero Midstream Corporation,21.19,USD,-0.2823529411764646,7152929,2.662826990619742,10058342550.999998,USD,Industrial services,Buy,21.99675905343283,22.02405579583725,21.885158674686437,-5.105239587998196,-6.9798068481123785,19.04494382022472,21.30999999999998,22.134499999999996,22.17420000000001,21.13704999999998,25.43206913106097,1.09265,-11.39940450871969
CLX,Clorox Company (The),83.1,USD,-2.2352941176470655,5109055,1.505489703654511,10049366529.0,USD,Consumer non-durables,Buy,93.93260451393553,95.68454266680054,97.54672253816632,-7.150837988826822,-21.927846674182643,-17.804154302670625,85.88599999999997,94.53150000000008,98.29159999999989,102.41945000000071,17.27040339173265,5.788971,-26.25068971859481
SSB,SouthState Bank Corporation,103.44,USD,-0.22185781807659302,1425242,2.233064455352483,10031045938.999998,USD,Finance,Strong buy,105.49674047655678,104.453532966842,102.80627720089227,-3.32710280373832,-6.456863809007054,10.030847782150827,104.56399999999994,105.75750000000001,105.90239999999996,99.213235,10.860868743503323,9.451907,41.60756501182035
MOD,Modine Manufacturing Company,188.72,USD,2.0880666450286625,1339760,1.1823888869424029,10023429796.0,USD,Producer manufacturing,Strong buy,199.364843272148,208.9356277610619,214.96928168111538,3.6296743726319174,-5.870616988378477,38.53042648462161,183.16200000000006,185.40650000000008,202.36860000000004,212.06485000000018,71.12116073110985,7.512848,-23.959766162310856
PAYC,"Paycom Software, Inc.",226.28,USD,0.09731929576218652,2404795,2.5793084289975448,10020873587.0,USD,Technology services,Buy,212.13292285856977,197.155851900453,182.10262652732607,4.69140371981124,4.401587155116726,41.9306278617575,225.908,229.1495,197.74560000000005,151.9824999999999,24.048036558796962,12.090225,27.296463648908244
DCI,"Donaldson Company, Inc.",86.44,USD,0.45322486926205763,2416725,2.954164293205749,10019352008.0,USD,Producer manufacturing,Buy,90.50885723030355,90.55324018454417,90.22602692116565,-3.4189944134078236,-8.480677607199581,-2.6028169014084535,86.76200000000001,90.1355000000001,92.16460000000001,91.41969999999996,22.443786674975332,4.326667,26.25885129819041
RGEN,Repligen Corporation,176.89,USD,-0.7295583366069989,1359746,1.4705330163886912,9982896673.0,USD,Health technology,Strong buy,165.8207307089131,159.01529046983737,151.88994874504706,6.100047984644906,2.4024545559800723,8.169754785054721,174.14400000000012,173.91750000000002,161.02799999999996,142.2826,241.09308981872698,2.061561,nan
TXG,"10x Genomics, Inc.",76.6,USD,-0.48070676887099456,2887167,1.0213780058066952,9980303234.0,USD,Health technology,Buy,62.116972848379014,55.57014201236743,48.01011138019326,13.64985163204746,31.007354198734387,369.65052115266707,74.15,66.64250000000001,56.67159999999997,31.327499999999983,nan,-0.731402,16.021076616348623
KRYS,"Krystal Biotech, Inc.",336.67,USD,-0.6140221402213976,1003947,3.1038621317795063,9965040174.0,USD,Health technology,Strong buy,343.8813778448959,339.6337203066463,328.52781317517235,-3.695757887811425,-0.8656988899031235,37.05829669434947,337.76000000000005,350.80049999999994,344.1985999999998,296.184325,42.19239541820187,7.641,62.32479606159854
WTFC,Wintrust Financial Corporation,147.52,USD,-0.283898877923474,987112,2.0006883046181674,9952579485.0,USD,Finance,Strong buy,153.6292135571309,154.3231514146595,153.4232152655774,-3.0812692989948083,-7.249292675259352,5.665783253348611,149.43200000000007,151.3370000000001,156.8111,149.63332499999996,11.852327963684571,13.12518,17.676256748196543
GMED,"Globus Medical, Inc.",74.08,USD,-0.10787486515641627,2904292,1.7005034190207595,9946122881.0,USD,Health technology,Strong buy,78.70538065374384,79.82850373695024,80.87755781971046,-0.4568664337543717,-15.172334821939769,-14.958098955343818,74.79200000000009,78.63749999999997,80.06059999999994,85.31750000000004,18.942415873989976,5.000397,50.93203658677782
DDS,"Dillard's, Inc.",636.26,USD,0.31532809888689184,187812,1.064640162712879,9938032390.0,USD,Retail trade,Neutral,620.8110389190356,608.9828607214936,600.9592110829598,1.1799503848355637,9.51684252198908,4.934525183890219,642.7459999999999,636.9875,605.5946000000007,606.0813500000005,14.569760865035185,39.417239,20.41520869351818
CFR,"Cullen/Frost Bankers, Inc.",159.8,USD,0.10022550739164685,1376779,2.341262195606189,9931375975.0,USD,Finance,Buy,161.7180438028028,159.5692249619012,155.58990380963334,-2.4062538170269927,-4.425837320574149,26.344086021505383,160.88599999999994,162.00049999999996,163.4376000000001,145.1066499999999,15.113111901339185,10.99179,13.85622604126288
DRS,"Leonardo DRS, Inc.",37.19,USD,0.35078251484078643,2987469,2.835511930771599,9925694890.999998,USD,Electronic technology,Strong buy,39.664593334825476,41.01646727106369,41.85595133622861,1.5565264882577836,-15.95480225988701,8.997655334114889,36.824999999999946,37.48874999999997,42.09369999999999,42.053774999999995,31.022689356022685,1.380476,28.84780739466897
MTCH,"Match Group, Inc.",43.2,USD,-1.302261823166553,6193503,1.7694353314196338,9916602494.0,USD,Technology services,Buy,40.97740706596022,39.85944228648736,38.52389866359116,2.8816384853536574,10.996916752312439,33.12788906009245,43.62000000000004,42.191500000000005,40.03079999999999,35.131750000000004,15.253698668832316,2.782247,39.471092287993685
RRX,Regal Rexnord Corporation,148.05,USD,0.07435446802758798,1810686,1.3460292869751127,9858925896.0,USD,Producer manufacturing,Strong buy,168.957119159689,177.83388038167237,183.80260969897418,-7.584269662921335,-14.367516918271718,4.370814240394796,150.30199999999985,158.65150000000006,180.5512000000001,188.26234999999988,30.499989699429353,10.628059,29.057215782197165
BSY,"Bentley Systems, Incorporated",32.58,USD,3.7249283667621715,9465568,2.9138796892639225,9842186771.999998,USD,Technology services,Strong buy,33.669833570744224,33.7008383527241,34.015424702115745,5.198579270261542,-6.136560069144346,-14.845791949817041,31.733999999999998,34.28949999999999,34.19499999999999,35.043774999999975,35.90874021822991,1.39956,15.934065934065938
OC,Owens Corning Inc,123.9,USD,-0.48192771084336894,1747206,1.405794586212881,9794131965.000002,USD,Process industries,Strong buy,137.18833749689148,137.26192109714626,135.02835402901042,-3.5197009811555695,-19.34643926572061,10.358956088002147,126.52199999999998,135.22700000000003,141.94420000000008,125.80115000000002,nan,10.037945,-314.5313117996045
KYMR,"Kymera Therapeutics, Inc.",117.75,USD,-0.6161377447670526,1900281,2.4961486181525663,9790985446.999998,USD,Health technology,Strong buy,114.65668406422441,110.89466695020388,104.94714850319465,-0.5489864864864913,-5.5203402070127545,52.23012281835812,116.06800000000001,118.33899999999998,114.39659999999992,91.34019999999998,nan,-3.82472,6.7318757192174905
PODD,Insulet Corporation,140.6,USD,-0.6711409395973273,2506360,1.4037803651321021,9751200190.0,USD,Health technology,Buy,145.0654676088559,150.4193498349832,161.77794203559932,3.8404726735598143,-5.0000000000000036,-50.74616408603657,139.95799999999986,142.92099999999988,150.6636,201.65904999999995,27.873597398992903,6.503135,53.510453756961574
DPZ,Domino's Pizza Inc,294.2,USD,-1.1590794557365998,1669854,2.1548101955951613,9733587016.999998,USD,Consumer services,Buy,324.6604915243079,328.0801807306453,334.4839356308079,-8.162946776962707,-12.440476190476193,-29.39764818814495,305.54800000000085,329.9057499999992,335.4339,360.2734999999996,16.679895679782287,18.975263,2.40302831497728
FRT,Federal Realty Investment Trust,110.91,USD,-0.7605583392985044,1647081,1.9842424921438342,9695257600.0,USD,Finance,Strong buy,116.3761722922119,117.32153971524804,116.75628262059779,-3.723958333333339,-6.167512690355336,11.635631605435332,112.71000000000001,115.6845,119.40239999999996,111.90725000000035,22.392489400363413,4.261305,25.62138581718576
ALSN,"Allison Transmission Holdings, Inc.",117.1,USD,-2.2211088844355467,2759360,3.2606727902754584,9669888484.0,USD,Producer manufacturing,Buy,123.60531439487447,122.59500100295607,120.78033282668288,-9.638089358746823,-7.357594936708869,19.367991845056068,120.27799999999999,126.4935000000002,122.35320000000007,116.52830000000006,18.59025242101921,8.142492,-28.496832928462773
MUSA,Murphy USA Inc.,526.09,USD,0.6235296367844214,479073,1.6407486153369837,9669717881.0,USD,Retail trade,Buy,537.7560504035993,542.9754005930495,537.759315371752,0.5562139225505719,-9.142876880299802,30.63094380850694,523.136,526.6044999999999,563.8093999999999,499.26919999999984,16.017793150063483,34.90641,35.93962120459587
ONB,Old National Bancorp,25.27,USD,-0.19747235387046094,8780602,2.052879005154197,9667544260.0,USD,Finance,Strong buy,25.84516948870935,25.74074108214144,25.371900306442082,-1.9021739130434858,-5.320344698388916,13.267593007619908,25.513999999999943,25.649999999999977,26.226699999999955,24.30202500000002,11.254119533268014,2.608207,33.31354271804312
GKOS,Glaukos Corporation,163.81,USD,1.4806095898897378,1464473,1.7834964652750065,9662158463.0,USD,Health technology,Strong buy,169.27384581237519,163.77691361593872,154.66869368816316,-5.921203767516657,-11.93010752688172,43.10299641827553,166.2939999999999,176.09099999999987,170.95219999999995,132.49379999999982,nan,-0.306772,-96.75336431114599
GLXY,Galaxy Digital Inc.,24.69,USD,10.816876122082586,7268260,1.5021887086200618,9651051765.0,USD,Finance,Strong buy,24.176027380371913,24.366578768496158,24.697477819048895,-0.2222671246716497,20.970112689857917,7.8636959370904345,23.131999999999998,24.28600000000001,22.915700000000015,25.015750000000025,nan,-0.729058,71.4400987279286
ORI,Old Republic International Corporation,39.95,USD,-1.3580246913580178,3780966,2.501207119474563,9645245433.0,USD,Finance,Buy,41.286679651644015,41.28881657724774,41.17140694730316,-3.081028626880146,-6.088387400094021,-6.767794632438737,40.74800000000005,41.45499999999998,42.08639999999997,41.328700000000005,8.749452474813843,2.9835,29.326460091769093
MSGS,Madison Square Garden Sports Corp.,398.75,USD,1.0414555037502569,572696,1.7136463998961093,9602069300.0,USD,Consumer services,Strong buy,394.2182760311445,389.3083296346033,377.0595583342245,0.9826018689695332,-2.089574227766044,54.416605351818134,395.35599999999965,393.79600000000016,395.2782000000002,336.47744999999986,1282.5667417175941,-0.692967,nan
CYTK,"Cytokinetics, Incorporated",68.78,USD,-1.6304347826086962,4872972,2.406834164123128,9562030812.0,USD,Health technology,Strong buy,73.6952445809816,74.43197826045873,73.76041161068518,-7.875703187784618,-10.941344037291211,8.898036732108938,69.97,73.40950000000001,76.7511,70.01140000000001,nan,-6.053118,-41.03370172218533
ZIONP,Zions Bancorporation N.A. - Depositary Shares each representing a 1/40th ownership interest in a share of Series A Floating-Rate Non-Cumulative Perpetual Prefer,18.01,USD,0.05499969444615195,1521,0.36925541987327326,9520537764.0,USD,Finance,,18.152549953959994,18.288356782506078,18.532716243444025,0.16685205784205304,-1.3150684931506764,-10.219341974077754,18.013999999999992,17.981789999999958,18.195145999999944,19.152032499999976,2.294267515923567,8.012069,43.201138312233205
MGM,MGM Resorts International,37.81,USD,-1.3051422605063951,7854467,2.8205292009399483,9512721955.0,USD,Consumer services,Buy,41.62552355547828,42.33943885430372,42.17220962203028,-7.385180649112065,-13.478260869565217,3.22140322140322,38.712000000000025,41.04900000000002,43.50519999999999,39.87819999999997,22.883253646432244,1.840992,-8.95917130420408
WMS,"Advanced Drainage Systems, Inc.",126.05,USD,0.30237924723481774,2100210,2.3372917903823605,9504843602.0,USD,Producer manufacturing,Strong buy,135.7950696563095,138.4895077075139,140.68121875706657,-2.1046908977943413,-13.194683561738179,-13.092939878654162,126.21999999999973,133.20950000000028,140.31539999999993,146.6639500000002,21.75939512161439,6.271556,4.580083766608902
RMBS,"Rambus, Inc.",87.6,USD,2.014673343426097,10910054,3.8053993291647847,9501236105.0,USD,Electronic technology,Strong buy,92.51987958746227,97.93355228437446,102.63301792045046,1.1197044903613054,-7.8379800105207815,-8.195346887444988,83.67600000000007,86.29600000000002,93.39199999999994,107.68187500000005,40.09703849498787,3.037143,3.388386730396084
FCFS,"FirstCash Holdings, Inc.",218.99,USD,0.009133671279175335,717572,1.662663544493973,9497990604.000002,USD,Finance,Strong buy,219.62823794890704,217.72284972203536,213.87551795457148,-4.898597298823121,2.178984695782016,37.617042669515506,218.99799999999996,222.87650000000016,214.68729999999994,199.62127500000017,24.969784041412964,11.29146,34.81622676894226
HSIC,"Henry Schein, Inc.",84.84,USD,-0.2351834430856101,2220202,1.8459615408119514,9455124116.000002,USD,Distribution services,Buy,87.23164385799437,86.12159577712055,84.18961882391305,-4.178902191100071,-5.848407501942066,12.148050231328483,86.61999999999992,88.64050000000005,87.861,79.71590000000003,24.723161207599954,5.384536,10.347932342915946
OGE,OGE Energy Corp,45.51,USD,-1.7062634989200847,2385194,1.4909876036183358,9401513869.0,USD,Utilities,Buy,46.62322973782869,46.970800201079186,47.118435056352666,-3.252551020408166,-3.9468130012663667,6.755805770584085,45.95200000000004,46.247000000000035,47.26300000000003,46.59175000000001,19.932550805886475,2.425364,-6.226384097256455
FLS,Flowserve Corporation,73.88,USD,0.1898562516951459,2402599,1.4037107265663729,9391091667.999998,USD,Producer manufacturing,Strong buy,76.1167909168331,76.00355804184717,75.63400608307361,-0.5251110811902526,-6.207947188015743,5.678729795451293,72.46999999999996,76.7324999999999,75.52880000000005,76.22755000000008,25.907353508433562,4.116589,29.30534143466038
ARWR,"Arrowhead Pharmaceuticals, Inc.",66.48,USD,-1.8600531443755404,4016379,1.521935054822006,9390597695.000002,USD,Health technology,Strong buy,80.23604357795841,80.17278494670478,77.94068503002138,-20.620895522388054,-25.72896883029829,0.27149321266969356,70.27000000000001,81.6685,82.73110000000004,72.48185,nan,-3.550911,-77.55877463785323
BRKR,Bruker Corporation,61.39,USD,-2.6328310864393285,2820376,1.1233968585328042,9353338191.0,USD,Health technology,Buy,57.92815232363574,56.94085255044795,54.76188574727034,14.171471080528171,7.796312554872691,30.091121000211917,58.70399999999999,57.55300000000001,58.19959999999998,48.49254999999993,nan,2.123919,-234.26226379079975
SNAP,Snap Inc.,5.53,USD,-2.123893805309736,29652700,0.8772731654121487,9352324053.0,USD,Technology services,Buy,5.362930030995807,5.289733648326164,5.336970305709446,-1.6014234875444815,8.007812500000002,-32.806804374240585,5.713999999999999,5.551999999999995,5.180200000000002,5.741350000000006,nan,-0.048069,42.927278306228914
JAN,"Janus Living, Inc.",30.34,USD,0.36387694343367327,8831915,4.079591320050114,9341406531.0,USD,Finance,Strong buy,30.35808466004173,29.801463868124024,28.536998466324334,-0.8172605426610003,-1.3654096228868715,31.91304347826087,30.75599999999998,30.85700000000001,30.47920000000001,nan,nan,0.134073,nan
ARE,"Alexandria Real Estate Equities, Inc.",53.3,USD,-5.395811146609879,4104138,2.0915021821421074,9287394740.0,USD,Finance,Buy,51.73294633727002,51.302196143557346,51.18253016111253,8.267316676823075,13.88888888888889,9.243697478991592,53.61000000000005,52.40449999999987,50.85299999999996,50.1591999999994,nan,1.516062,-4488.115064345193
BAH,Booz Allen Hamilton Holding Corporation,77.07,USD,-2.307009760425919,1998238,1.180003925791672,9270362844.0,USD,Commercial services,Buy,74.70672632769612,74.19479367739957,74.9166508214003,2.0119126406353356,1.9984118581259804,-8.511396011396014,78.70800000000017,75.5385,72.91039999999998,78.64245000000001,12.102510953031516,6.409309,-21.793753914549225
PTGX,"Protagonist Therapeutics, Inc.",143.0,USD,-0.48712595685455023,1837204,2.6618093918549564,9253284393.0,USD,Health technology,Strong buy,143.64290160111022,138.45917306112537,130.0181002135298,-2.840059790732441,-11.075181891673404,65.24150681765656,144.14399999999992,147.2445,143.63940000000005,108.676525,137.8844855848038,4.670262,45.53746842548413
FORM,"FormFactor, Inc.",118.38,USD,6.141845243432256,2463490,2.005214963823773,9247931511.999998,USD,Electronic technology,Strong buy,114.09583730576682,115.23551656019664,114.17863826291989,4.134412385643903,-6.0699833373006475,104.63267070008641,107.87199999999999,106.67675000000004,110.64710000000005,104.66152500000004,81.16001645413411,3.04709,159.21450151057402
SIRI,SiriusXM Holdings Inc.,27.31,USD,-1.550108147080028,7703645,1.9126513640720182,9205296710.0,USD,Consumer services,Buy,28.644639241103413,28.570082965406765,27.98210417037321,-6.472602739726029,-4.876349703935919,35.938277750124435,28.5,28.676749999999963,29.450799999999944,25.389350000000004,10.757050575074837,2.980215,nan
VOYA,"Voya Financial, Inc.",101.57,USD,1.998393251656954,4795124,3.338175128460726,9201871407.000002,USD,Finance,Strong buy,100.86624698005429,98.3440674218593,94.28445195903977,-2.138934386742473,1.336925072333622,36.390492815899016,101.40199999999996,101.72499999999998,100.33240000000004,83.02210000000007,17.127584229874202,9.124229,18.72509960159362
AMG,"Affiliated Managers Group, Inc.",355.8,USD,1.0278834686807896,509861,1.8276900267309806,9200964148.999998,USD,Finance,Strong buy,360.6645690269628,355.8820959426876,345.2953631651147,-1.2845767555419902,-2.603268456926991,23.220779220779225,349.7439999999999,359.45549999999986,362.88559999999944,318.7210000000001,12.417981292754433,36.951304,115.62311860325106
VMI,"Valmont Industries, Inc.",474.64,USD,0.4677941705649471,423383,2.637162563245547,9162857730.0,USD,Producer manufacturing,Strong buy,487.67094197245876,493.1071045991467,491.73769399126223,-1.475869226777377,-3.1188765512736834,17.80883119461888,473.6559999999998,476.2615000000002,491.07139999999964,471.7462499999991,18.47826086956522,23.099448,139.09672254749557
PBF,PBF Energy Inc.,77.19,USD,0.03888024883359401,9005568,1.9924844818369225,9149859410.0,USD,Energy minerals,Buy,71.38990337167982,66.3734925609699,60.22947452701946,-0.46421663442939964,3.0987044209963845,182.43688254665204,75.08000000000001,73.81700000000002,68.88899999999997,46.10945000000001,6.825235421548256,20.111887,nan
R,"Ryder System, Inc.",238.54,USD,-0.1590490540766765,436676,1.626028611782299,9147261303.0,USD,Transportation,Strong buy,249.15380658461353,250.72897747345638,247.41395157896966,-2.409687845190858,-8.846344911918685,24.681162450344974,239.5420000000005,244.2580000000002,256.0982000000006,229.34709999999993,19.604362369223434,14.673182,3.8793508234229437
TTEK,"Tetra Tech, Inc.",35.685,USD,-1.1769592910551014,5036198,2.291193201592781,9136945964.0,USD,Industrial services,Strong buy,35.2716027274982,34.30988821174492,33.50055627571326,-0.9025270758122625,0.2387640449438226,6.1421772754313055,36.33899999999999,36.272749999999974,34.60150000000001,33.04389999999999,21.464661654135337,1.57707,106.08652535019216
ESTC,Elastic N.V.,86.96,USD,-2.259188490502422,3264167,1.4407719635529825,9130041578.0,USD,Technology services,Strong buy,83.07866153092051,77.97393317652977,73.00504854716841,4.156186369625104,2.329959990586008,15.27041357370095,86.24599999999998,87.6519999999999,76.76420000000002,64.31377500000006,24.351040295707204,3.3594,nan
SAIA,"Saia, Inc.",342.22,USD,0.12287887653599061,383644,1.09220998545785,9128598820.999998,USD,Transportation,Strong buy,364.6232055629559,377.38341488392155,385.68101029172726,-1.7935546818951416,-8.607290693016415,4.651233907219974,346.47599999999994,348.2065000000004,374.6892000000004,388.43782500000003,33.00573853498578,11.350047,-4.220629260812543
HLI,"Houlihan Lokey, Inc.",130.55,USD,-1.590532187547102,1959602,2.0449895146911725,9125124096.999998,USD,Finance,Buy,133.5737575406443,135.2818046127018,139.17689768800997,-4.826128162134561,2.207782040241139,-25.044496756042932,133.02000000000004,133.119,133.0438000000001,151.96450000000019,21.928277483833043,6.935941,0.3742855697739075
LTH,"Life Time Group Holdings, Inc.",40.75,USD,-0.29361389772448604,13173776,3.852208589384017,9106074863.0,USD,Consumer services,Strong buy,42.26454637842028,41.29729130472787,39.252113571539226,-1.7598842815814777,-11.91093817552961,54.356060606060616,41.06999999999998,42.713,43.259000000000015,33.092880000000015,22.28115260539122,1.596099,79.02310101801095
SOLS,Solstice Advanced Materials Inc.,57.31,USD,-2.5340136054421682,3442783,1.5317619718769817,9105953727.0,USD,Process industries,Strong buy,61.83016630274467,64.2100524762809,66.048484993469,-7.802445302445293,-4.658126767592742,18.14058956916101,57.905999999999985,59.74599999999997,60.098,68.69552500000002,43.485848698687306,2.888952,nan
SPXC,"SPX Technologies, Inc.",181.77,USD,1.1519198664440855,1428250,2.5841216872084662,9104107205.0,USD,Producer manufacturing,Strong buy,199.96327652226404,205.31865915815672,208.72629703594464,-4.225723167711672,-15.20735177496851,-9.854195596111872,180.33000000000007,193.07800000000015,205.45960000000014,213.45629999999997,31.857616068142384,8.423632,27.513073794305647
AYI,Acuity Inc.,302.96,USD,1.1417506843827065,547515,1.8788373558224862,9069273025.0,USD,Producer manufacturing,Strong buy,327.1615511671397,327.4981970419501,324.57671263678185,-5.428437646324346,-13.127258129265362,-16.606567755787395,301.6679999999998,323.9349999999998,334.7810000000001,317.2079,20.096849087893865,19.808928,18.78683770920667
OSK,Oshkosh Corporation (Holding Company),146.61,USD,1.1871074608323746,1227432,2.45104869759732,9051664772.0,USD,Consumer durables,Buy,149.95814908841044,148.96933092265033,147.51769207588927,-2.259999999999991,-1.6898008449004103,16.126732673267338,144.622,151.37349999999995,150.47979999999993,146.68484999999998,16.78343292808572,10.702705,-12.33214909375564
APTV,Aptiv PLC,43.59,USD,-0.06877579092158191,14169524,3.0297189923555936,9050736943.0,USD,Producer manufacturing,Strong buy,48.45647556905066,51.14227351584103,54.02447268890353,-5.792089907067214,-10.437641257448115,-33.025684929772545,43.81799999999996,45.469500000000025,50.54900000000002,60.16852072474998,41.348890153671036,5.750689,-75.87201318319143
IBRX,"ImmunityBio, Inc.",8.48,USD,0.23640661938533772,18428898,1.71057461284379,8987411370.0,USD,Health technology,Strong buy,7.9868375337257875,7.882308025292394,7.657901680242586,8.717948717948726,4.950495049504955,319.80198019801986,8.272,8.081999999999997,7.7469,6.868449999999999,nan,-0.96,-96.55242344352058
JXN,Jackson Financial Inc.,132.67,USD,2.5428968928736992,3478765,2.982366243540413,8985572410.0,USD,Finance,Buy,131.77542835629407,127.66804535329204,122.87145469241594,-5.660243191353202,-3.07568673290474,24.607870761716907,135.228,135.28099999999995,130.03320000000002,114.42979999999983,182.26404725923888,27.07525,nan
RRC,Range Resources Corporation,38.44,USD,-1.6879795396419532,6116425,2.2261433414404546,8982640415.0,USD,Energy minerals,Buy,40.034647030190065,39.861523326757144,39.73558688305425,-7.395808238978559,-4.473161033797227,10.080183276059552,39.83399999999998,41.2175,39.69939999999996,39.35054999999999,10.60794215856721,4.061122,82.40712775596496
ONON,On Holding AG,27.26,USD,-0.25612879619464596,21207386,2.1602956439180447,8978694971.999998,USD,Consumer non-durables,Strong buy,30.283125783661678,32.07819128910173,34.022829378674345,-0.6197593875318926,-13.239974538510502,-41.80187873612297,27.194,28.005500000000005,32.644399999999976,38.902650000000015,18.27200214491588,1.7056054025999998,226.7411300919842
VIRT,"Virtu Financial, Inc.",57.75,USD,0.855745721271397,1113139,1.3313583529673205,8962813344.0,USD,Finance,Buy,61.12314912158996,60.090917444172426,57.63521677281209,-6.839812873044043,-4.750123701138054,72.38805970149254,58.025999999999975,62.96649999999998,60.461600000000004,48.799535000000034,9.58538042756606,7.166751,36.75943160666454
PRI,"Primerica, Inc.",290.59,USD,0.08955326697206313,459950,2.2810906782518994,8943589870.0,USD,Finance,Buy,296.9332046142162,296.05351835498436,291.69192741475143,-0.7174826608357042,-5.6280852169394775,12.811056329826469,292.248,293.1230000000001,305.0864000000001,275.73324999999994,11.665783473038505,25.249165,23.365541286766344
AAOI,"Applied Optoelectronics, Inc.",105.17,USD,7.25066285947379,9920258,1.3485497628496899,8929594169.0,USD,Electronic technology,Strong buy,113.7155353361288,118.44847832013444,119.14518641376384,0.6315185149746403,-22.583732057416263,189.36579997248592,98.20400000000004,105.907,112.64859999999994,105.07654999999998,nan,0.74,76.82331945270673
QGEN,Qiagen N.V.,43.33,USD,-2.365930599369095,1748678,1.110090184614886,8929219415.999998,USD,Health technology,Buy,42.61642340913914,41.99220736636574,41.69865414660634,1.7613903240958197,-0.25322283609576296,-8.44403439336087,42.993999999999915,43.120000000000175,42.47740000000019,42.854319841249946,22.00832994717594,2.42562,9.469001946066173
PNR,Pentair plc.,55.92,USD,0.3589375448671982,5840303,2.0528797191946846,8926954134.999998,USD,Producer manufacturing,Buy,61.562619278395644,64.84219808551674,69.64521363266975,-2.916666666666666,-12.652296157450788,-46.34427173287277,56.171999999999876,59.404500000000006,63.63560000000001,83.58484999999985,14.072526864131666,4.651147,8.53545285698678
RIOT,"Riot Platforms, Inc.",23.75,USD,8.546617915904942,24627333,1.6457940166442877,8912399864.0,USD,Technology services,Strong buy,21.52712930923617,21.442061483517843,21.070917052785042,10.877684407096163,25.827814569536425,82.55188316679478,21.326,20.6675,20.6096,18.985300000000006,nan,-2.553149,-701.7460659624919
KTOS,"Kratos Defense & Security Solutions, Inc.",47.46,USD,-0.4196391103650771,5654308,1.4715261408859304,8909254090.0,USD,Electronic technology,Strong buy,50.8905556032428,52.74356223637007,56.15216754530321,1.0432190760059654,-23.439264397483463,-38.00130633572828,47.582000000000015,49.60199999999991,51.755,70.48582499999993,272.91546866014954,0.83232,86.58798283261801
CUBE,CubeSmart,39.55,USD,-1.5924359293356571,6654682,2.2924889203418317,8905166685.0,USD,Finance,Buy,40.21121502285957,40.36257053403186,40.27816676278703,0.4572009144018281,-4.3762088974854985,11.408450704225345,39.816000000000074,39.86400000000005,40.798999999999936,39.24799999999986,27.039037396595337,1.544019,-10.854461238420292
CTRE,"CareTrust REIT, Inc.",37.54,USD,-1.6505108724128963,5637044,2.393121042752432,8870446855.0,USD,Finance,Strong buy,39.15187546769651,39.48788746410141,39.50189297565246,-3.768264547551907,-5.202020202020208,4.032146321186084,38.044,39.02750000000002,40.230599999999974,39.05784999999995,23.66065801084079,1.537886,32.349015682349005
TTC,Toro Company (The),93.49,USD,1.4101312506779446,2773416,2.3989894097001168,8850078806.0,USD,Producer manufacturing,Buy,94.9792106369521,94.88312371401726,94.16174193498901,-0.032078699743371616,-3.7772745986002487,18.80798068369551,92.94200000000009,95.87899999999995,95.69279999999999,92.25080000000037,25.032800492676785,4.634649,13.265398962787742
WLK,Westlake Corporation,69.07,USD,-2.1255491001842146,721354,1.0321596764415206,8826907458.0,USD,Process industries,Buy,74.18811731050533,76.7633852464841,80.16386115878798,-3.989435640811794,-11.889271590764137,-7.375620222609629,69.85600000000012,73.38349999999997,75.26600000000006,88.48651499999987,nan,3.040021,-1710.041525103813
DY,"Dycom Industries, Inc.",291.8,USD,2.2102350345020847,1149338,1.6113844409313167,8800966983.0,USD,Industrial services,Strong buy,341.4241383679624,364.1474023097994,378.61590759045146,-2.836973894512514,-30.08098912157952,-14.262208379855428,286.7679999999998,307.04400000000044,370.7542000000001,392.3613499999999,26.561561288208416,17.052896,23.491456834532357
LLYVA,"Liberty Live Holdings, Inc. - Series A Liberty Live Group",93.01,USD,-1.4620192817035655,185306,1.0861647142125297,8796404909.999998,USD,Consumer services,Strong buy,96.67501732374319,96.92064820801073,96.16494809230086,-4.330384694507297,-8.445713160744166,13.606937828264321,94.75999999999999,97.37025000000008,98.69429999999998,92.42854999999996,nan,-7.69,nan
SM,SM Energy Company,36.97,USD,0,7493917,1.6198768745921488,8793465071.000002,USD,Energy minerals,Buy,35.37584578734739,33.99253300997385,32.3360119154501,-1.3870365430781624,2.95182400445559,98.44337090713903,38.48399999999999,37.50599999999999,34.108000000000004,27.64355,7.287744682528731,7.399927,-28.25564292583584
OSCR,"Oscar Health, Inc.",32.13,USD,0.46904315196998786,9455547,1.699782188794447,8786559074.000002,USD,Health services,Buy,31.31524991710465,30.03908565446765,27.86257837384183,-2.7542372881355828,4.081632653061229,122.35294117647061,32.54,31.698499999999974,30.733,21.24575,23.46625766871166,1.908654,nan
VIAV,Viavi Solutions Inc.,35.36,USD,1.7846862406447825,12051101,2.1583232438701434,8725074216.000002,USD,Technology services,Strong buy,38.09485520865595,39.243930139199406,39.2968948255421,-7.446669284125112,-16.564417177914116,95.90027700831023,34.42999999999997,36.38249999999999,38.381799999999984,35.68375000000001,nan,1.644338,-204.1015625
TGTX,"TG Therapeutics, Inc.",56.87,USD,0.7083407118824129,5168992,2.8194903723718534,8705036484.0,USD,Health technology,Strong buy,54.02176842283267,52.336971057624375,49.39100186527312,2.082211452162981,10.170476559473073,92.38836265223276,55.246,55.313250000000004,53.448200000000014,40.05949999999995,20.713895465306866,1.00331,633.6985569214324
KNTK,Kinetik Holdings Inc.,53.5,USD,-0.33532041728762985,3903795,2.6023133140447174,8687283688.999998,USD,Industrial services,Strong buy,53.005528139897876,51.928809569456526,50.4397132944943,-0.9259259259259259,-2.727272727272727,48.40499306518725,54.054000000000045,54.41050000000001,52.256799999999984,46.060549999999985,19.37423046280872,1.389322,281.67242570836214
PCVX,"Vaxcyte, Inc.",58.13,USD,-3.7104522113632514,2717361,1.8558112194802465,8650051236.0,USD,Health technology,Strong buy,58.72373021282822,57.860725197172805,56.696330198496945,-3.2295655069086027,-5.571799870045484,26.838315513855566,59.20399999999997,60.369000000000064,58.412200000000006,54.5427500000002,nan,-8.206667,-83.87235260446478
BRX,Brixmor Property Group Inc.,28.03,USD,-0.07130124777183448,4851320,1.341868243647395,8601631185.0,USD,Finance,Strong buy,29.384651251213615,29.797350329741416,29.91341493176168,-3.177892918825555,-5.876427132303559,7.353504404442749,28.198000000000064,28.928999999999995,30.232600000000044,29.266699999999997,20.0,1.052069,28.22506861848125
AAL,"American Airlines Group, Inc.",12.96,USD,0.15455950540959315,50888135,0.6883392377167437,8579130055.0,USD,Transportation,Buy,13.815547338804569,14.101900161137516,14.13722570833136,-1.2947448591012942,-7.823613086770979,-15.67989590110604,12.894,13.218499999999997,14.414399999999999,13.916725000000026,nan,-0.189705,-163.46104397017228
WAL,Western Alliance Bancorporation,78.54,USD,-1.120483444542365,2450383,2.0341840594041654,8568782289.999998,USD,Finance,Strong buy,79.92689806286322,80.15776040336802,80.28612577456612,-2.2769690182904045,-3.1088082901554355,-6.688844006177968,78.79600000000002,79.15699999999997,80.72040000000005,81.51154999999996,8.848779828297168,9.045109,16.700852003786686
ALV,"Autoliv, Inc.",116.98,USD,-0.4340794961273223,1832435,2.6564636481403947,8567290331.0,USD,Producer manufacturing,Strong buy,121.21208588937614,121.13135737983963,120.59685828056335,-4.400768193519381,-3.561417971970316,-3.4898110716937465,117.008,120.9830000000002,121.23880000000004,119.22539999999995,13.774831317781992,10.13631,-7.086433260393877
REXR,"Rexford Industrial Realty, Inc.",38.39,USD,-0.10408534998698712,5272829,1.6420649457280403,8560514123.000001,USD,Finance,Buy,37.32459637512316,36.93594671551907,36.70411345714631,2.4279615795090814,2.949852507374635,-0.9290322580645146,38.541999999999994,37.541,37.15179999999993,36.84885,nan,-1.195,-234.26552621792487
MHK,"Mohawk Industries, Inc.",126.09,USD,-1.7914167770075422,1819552,1.6513213278730718,8541103280.999998,USD,Producer manufacturing,Buy,127.7787419370253,124.90967964677544,121.39661478826699,-0.08716323296354947,-6.944649446494463,15.119145439605589,128.1140000000001,129.651,125.92239999999991,114.6416000000001,16.716603913666013,9.845733,0.2445377704534548
WULF,TeraWulf Inc.,17.01,USD,3.278688524590181,32732699,1.0903275660194034,8487457512.999999,USD,Technology services,Strong buy,17.2588177316858,18.036466956504572,18.444330199322586,4.355828220858901,5.948302709436324,45.32251174711663,15.765999999999996,15.964500000000005,17.178299999999997,18.008650000000003,nan,-2.995507,-1179.5811518324608
CAI,"Caris Life Sciences, Inc.",29.98,USD,-3.0401034928848683,14723093,2.6259861186217304,8472203497.0,USD,Health technology,Strong buy,24.42700778931503,22.7949023553012,21.72869427159527,24.089403973509935,36.77007299270072,10.627306273062725,28.732000000000006,26.27949999999999,21.55519999999997,21.03612500000003,80.52645715820574,0.121033,nan
FR,"First Industrial Realty Trust, Inc.",61.8,USD,-0.929785187560124,3191832,2.9999946425847406,8468512436.999999,USD,Finance,Strong buy,62.56513845410203,62.81601939364592,62.558828688796666,0.16207455429496648,-1.1200000000000045,8.079748163693596,61.666,61.987499999999976,63.851599999999955,61.271050000000024,22.503823465151847,2.553858,34.28194220331523
COLB,"Columbia Banking System, Inc.",29.93,USD,-0.05009183503089187,6480470,2.0690816909671947,8467265408.0,USD,Finance,Buy,30.656008220604512,30.733262628014312,30.525543790057693,-1.5460526315789438,-7.020813917365635,6.70231729055258,29.970999999999982,30.19275000000003,31.207099999999986,29.78784999999998,11.942382890431729,3.029759,-0.5002382086707934
ADC,Agree Realty Corporation,68.05,USD,-0.16138497652582076,3172639,1.9644416044620747,8464012466.0,USD,Finance,Strong buy,72.74582581891309,73.90391827093839,74.67556442854514,-5.315152358424944,-8.657718120805372,-5.643372157515262,69.11200000000002,71.96149999999996,75.27160000000006,75.36215000000001,36.656970480499886,1.899142,10.717480765789942
MP,MP Materials Corp.,47.26,USD,-4.293236127987048,9802583,1.7974389210580313,8417080987.0,USD,Non-energy minerals,Strong buy,51.99582223659027,52.82726100768599,53.998761956415166,-7.514677103718206,-16.942003514938488,-8.197358197358195,49.096000000000004,54.02950000000002,50.91100000000003,57.277899999999974,nan,0.035857,43.46421069639684
PB,"Prosperity Bancshares, Inc.",70.02,USD,-0.4549331816889499,2933278,2.8311138590592173,8414777247.0,USD,Finance,Buy,72.05036754357312,72.05802962840656,71.67751693287342,-3.4073665333149386,-6.013422818791952,1.184971098265886,70.63199999999996,71.74349999999994,72.91980000000001,70.77570000000004,12.131607671916418,5.811957,5.186710648612203
WYNN,"Wynn Resorts, Limited",81.68,USD,-1.542912246865944,5034774,2.299907725478731,8410907547.0,USD,Consumer services,Strong buy,92.36862859407982,95.07655721514925,97.90479137098802,-8.409957389549225,-19.685349065880036,-31.978680879413716,84.66699999999994,91.14375000000018,96.07309999999998,105.44432499999992,19.56360326698762,4.646333,23.166558499026475
AGCO,AGCO Corporation,119.79,USD,-1.464177017356245,1830415,1.5129309739165366,8389100165.0,USD,Producer manufacturing,Buy,117.01419572018622,115.76765762977587,115.26088048231406,-3.3171912832929777,21.552511415525125,14.24892703862662,121.46799999999988,119.74149999999983,113.16020000000015,115.86819999999996,16.57878347519203,5.653907,443.1481620687063
LINE,"Lineage, Inc.",36.81,USD,-2.9783869267263983,1155273,1.274402066095281,8382006222.000001,USD,Finance,Buy,39.38365893207479,40.03271438441029,40.15283624634052,-1.5775401069518618,-11.129888942539834,5.533256880733944,37.97700000000009,38.84475,41.00570000000002,38.76134999999996,nan,-0.699085,72.1732745961821
PRAX,"Praxis Precision Medicines, Inc.",298.95,USD,-3.710503430283131,829852,2.2319195053184293,8346680942.0,USD,Health technology,Strong buy,333.2081064770916,331.7719363620745,324.7235711128443,-12.073529411764708,-20.702917771883293,2.9052356201163465,312.37200000000007,345.1474999999998,338.66979999999984,314.286925,nan,-13.595501,-5.316222902154806
IDCC,"InterDigital, Inc.",323.05,USD,0.34478474249860647,599826,2.46015747114321,8336630370.999999,USD,Technology services,Strong buy,327.2911100941987,319.62193833866263,314.8118048763553,-8.015375854214117,-5.144316880523823,1.431756099092594,328.034,335.9379999999998,314.4794,318.5056250000001,37.27399646932583,9.0725,-38.22946660204693
RHP,"Ryman Hospitality Properties, Inc. (REIT)",121.94,USD,1.1027278003482284,1999148,3.070478939287195,8318660595.0,USD,Finance,Strong buy,124.53995348904837,123.69497076324575,120.59034012674424,0.4613610149942349,-3.810049696300385,28.83254094030638,121.07799999999989,124.6484999999999,126.47339999999998,109.13539999999999,29.947443391129234,4.164267,-1.0041088230288726
CHWY,"Chewy, Inc.",20.62,USD,-1.3397129186602756,14454761,1.2127707008950588,8287740219.999999,USD,Retail trade,Strong buy,21.904239395593,22.053734126134867,22.680036484888742,-0.6265060240963808,-11.15898319689789,-37.439320388349515,20.993999999999986,22.60300000000002,22.408999999999974,25.255724999999998,31.529051987767584,0.780543,84.5372460496614
HESM,Hess Midstream LP,40.16,USD,0.1746071339485986,1460354,1.2448390063205443,8280122939.999999,USD,Energy minerals,Buy,39.842617081978574,39.62801243357367,39.259877917817875,0.07475703962121612,-0.594059405940599,16.136495083863498,39.91400000000001,39.91100000000001,40.001600000000046,37.96924999999998,13.850186232583804,2.947861,7.6317743132887905
EAT,"Brinker International, Inc.",196.71,USD,-1.4281419122068522,8527478,4.352814117538484,8215595562.0,USD,Consumer services,Strong buy,213.0766796453902,205.4697432135008,193.68645626953975,-8.907360670541104,-16.775258080893554,35.71822823237202,204.9020000000001,224.75550000000007,216.2986,166.8940499999999,18.055236853940837,13.246826,31.088544236021708
GTLB,GitLab Inc.,49.23,USD,-2.0688283270340286,5951973,1.413417458017013,8202456374.000001,USD,Technology services,Buy,43.84262213954696,40.539409247937634,37.46082167633867,4.014367208958374,18.826937002172333,29.620853080568722,49.32399999999998,46.55500000000002,40.2869,31.869750000000014,nan,0.866354,-829.7619047619047
NEU,NewMarket Corp,891.87,USD,0.3013979014608745,200742,1.6371452268892348,8201998898.999999,USD,Process industries,Buy,882.6359008581969,858.6986964622284,825.0479065671361,1.407633969686977,-6.591887391208717,29.459153457585792,887.5500000000011,899.9479999999985,866.5534000000016,738.4077499999992,19.201059226248145,nan,-7.931171866173245
APLD,Applied Digital Corporation,28.12,USD,6.595905989385906,23875382,1.4664217727234203,8196111792.0,USD,Technology services,Strong buy,28.126337037968295,29.46833008398198,30.599558776705816,6.7577828397874,-0.6711409395973075,11.10233109442909,25.377999999999997,26.201500000000017,27.747699999999973,32.2925,nan,-0.925556,18.887368901048795
CBSH,"Commerce Bancshares, Inc.",57.09,USD,-0.6266318537858998,2650967,2.2920532375114613,8188542875.0,USD,Finance,Buy,58.050071191147325,57.608073161112905,56.706763499313574,-2.36018471010774,-4.227478610971307,9.033613445378158,57.79599999999999,58.06275000000009,58.72849999999987,54.07764999999997,13.9953912531869,4.245971,3.34937927539904
AVAV,"AeroVironment, Inc.",159.95,USD,-2.09940017137961,2437366,0.7334778823120217,8128771066.0,USD,Electronic technology,Strong buy,157.34315383845347,161.58129253705476,171.13092075238103,9.622369954081277,-7.366653153414028,-35.62084926544576,158.03399999999996,150.31175000000002,157.41209999999992,206.9367749999999,nan,3.279947,-538.0373831775701
KNSL,"Kinsale Capital Group, Inc.",356.85,USD,-0.74541762857062,301188,1.5632990037464616,8128481178.000001,USD,Finance,Buy,363.70713772987034,359.1601070201121,356.1883858976368,-2.345246565595751,-5.032467532467524,-8.734015345268537,362.0440000000003,372.7854999999999,364.25119999999976,357.1232899999998,14.46358872095427,21.229085,28.788653874261378
KMX,CarMax Inc,57.21,USD,-2.004110996916755,4206842,2.2206536357033704,8118733159.000001,USD,Retail trade,Buy,59.292992996196226,57.42027795114758,54.70620142977373,-6.854444806252037,-1.8022657054582856,47.562548362135665,59.188,61.30350000000001,59.306399999999975,47.34764999999995,37.6530209293142,2.701558,-57.98003263364584
TKR,Timken Company (The),117.14,USD,0.4803568365071216,1539265,1.602019966953489,8117431426.999999,USD,Producer manufacturing,Strong buy,124.35144346166506,125.76540705315078,123.90108359593148,-2.391467377718527,-10.058353808353814,37.94159208666981,116.69200000000001,120.48050000000003,129.03100000000003,112.96897500000001,31.77281110990561,6.282234,-16.14047857337822
CNM,"Core & Main, Inc.",42.61,USD,-0.6759906759906741,3950157,1.0669618351035777,8116951383.999999,USD,Distribution services,Buy,43.68607914525405,44.65905309102581,45.98195657331758,2.972450459159006,-6.041896361631758,-18.324707686409816,42.04399999999998,42.89649999999999,44.13819999999996,49.718349999999994,17.59580442682524,3.109741,7.808743655952285
SNEX,StoneX Group Inc.,67.0,USD,1.3155905035536135,1698096,2.098754018676619,8081321404.0,USD,Finance,Buy,69.89472583870686,70.86917352419961,70.15316406588083,-5.139459153334271,-0.1192605843768609,58.36739639146726,67.22599999999997,68.447,70.4369711507999,63.20123780609999,17.361560985722058,4.365,47.982974154459704
LNC,Lincoln National Corporation,42.2,USD,-0.21281626862141478,4547588,2.0040790316794803,8079077975.000001,USD,Finance,Buy,43.12778864147286,42.2712245357068,41.179574188591175,-4.675852721933589,-6.222222222222216,-5.253704535249206,42.884000000000036,43.327499999999965,43.414800000000014,39.55130000000001,3.6497612952328238,7.947424,101.7413152338911
UGI,UGI Corporation,37.66,USD,-1.310272536687631,4880989,2.119657612640883,8077880334.000001,USD,Distribution services,Strong buy,37.17774063820955,36.7886396563263,36.50614630966238,-1.5167364016736542,-2.1818181818181905,1.0193133047210179,37.905999999999935,38.08399999999999,36.96679999999998,36.722750000000026,12.56883489637219,2.805,57.932742989668995
BOKF,BOK Financial Corporation,132.75,USD,-0.20297699594046775,724813,2.2431475053478054,8066801805.0,USD,Finance,Buy,137.29748933446774,137.3273810248417,135.94353585045155,-2.1089890126096993,-8.271144278606965,11.601513240857502,134.14399999999998,136.26899999999998,139.85419999999996,131.77090000000015,12.491061010952615,10.616293,27.078799473873012
ACM,AECOM,61.99,USD,-2.2393944172843314,3659078,2.3984773827879784,7977891688.0,USD,Industrial services,Strong buy,66.1283709406383,68.06680441094674,71.66834431068183,-2.0230757072862353,0.08072328059413023,-35.19757474388459,63.393999999999856,65.003,67.53660000000002,81.95309999999985,22.633173901931432,3.978942,-44.29846860954627
ESI,Element Solutions Inc.,32.73,USD,-1.296743063932448,10125332,1.9700757542739806,7976003133.999999,USD,Process industries,Strong buy,35.709310334333374,36.74563644963933,37.070771243379774,-6.217765042979948,-13.481363996827918,29.9325129019452,32.38199999999997,34.549499999999995,36.52199999999996,35.5255,44.59735658809102,1.812943,-25.906108026249374
NNN,"NNN REIT, Inc.",41.55,USD,-0.2640422467594802,3286070,1.7502459666371664,7974750011.000001,USD,Finance,Buy,44.70311261637051,45.20606604427564,45.233187423843155,-5.675368898978434,-9.732782967629815,5.163249810174637,42.36399999999995,44.41949999999997,46.26959999999983,44.15869999999995,20.471005567325218,2.059974,-3.513025289979087
FIGR,"Figure Technology Solutions, Inc.",35.49,USD,5.2803322456244475,13807811,2.721745351769705,7963170935.0,USD,Finance,Strong buy,34.09970009724683,33.45308342727462,33.44294774960743,-4.210526315789461,1.1687571265678556,-14.973646382367033,34.284,36.251250000000006,32.468999999999994,36.87055,41.90577399929154,1.218587,nan
SYRE,"Spyre Therapeutics, Inc.",90.25,USD,-2.6219249028916773,3357066,2.6102475511040972,7957682480.0,USD,Health technology,Strong buy,93.43471621662061,91.65940016056382,85.68274996803679,0.2777777777777778,-17.954545454545453,175.4884004884005,91.17000000000004,92.60350000000008,97.94500000000008,64.84644999999999,nan,-2.738706,28.51287096245286
DBX,"Dropbox, Inc.",36.48,USD,-3.004520074448292,8589132,1.9180956490402958,7932306621.0,USD,Technology services,Buy,34.4090141434941,33.00456892889236,31.42061744857971,3.5481124042009653,7.642372381233392,31.982633863965255,37.354,35.5385,33.551800000000036,27.96070000000007,20.25878824901427,3.066418,10.168247170388492
THG,Hanover Insurance Group Inc,227.31,USD,-0.8116245581882382,949225,2.6599344337265873,7914984339.000001,USD,Finance,Buy,224.63166561699825,220.17757163702296,213.04174479005854,1.13904338153504,1.9555954249831864,25.00549934007919,230.4519999999999,227.5595000000002,223.82499999999993,193.45254999999986,10.84339073605877,20.289211,37.99164006187672
ATR,"AptarGroup, Inc.",124.44,USD,-0.8446215139442249,821262,1.7368506203400476,7912035620.0,USD,Process industries,Strong buy,128.31583926039582,128.19448324000624,127.72101540556717,-0.32839407288746225,-6.471251409244655,2.2178413011335656,124.84799999999993,128.62649999999996,130.976,126.64420000000001,22.48360344734132,5.517143,-4.529694857951115
CHRD,Chord Energy Corporation,144.49,USD,-1.2169275996444937,1904463,2.4903704676207625,7903295849.0,USD,Energy minerals,Strong buy,143.00124345181104,139.75497698118235,135.60495569632283,-3.9805954279638365,-0.2140883977900568,56.0704255778786,149.20200000000006,147.69200000000006,139.70250000000004,123.5725,9.686134127047973,20.451706,281.93409632076197
AVT,"Avnet, Inc.",96.12,USD,3.221649484536082,2685009,1.8759356066475947,7888854598.0,USD,Distribution services,Buy,93.18533510505176,90.92219250219163,86.94530442235117,2.1032504780114767,2.255319148936175,97.77777777777777,93.38999999999999,91.42175000000005,90.86289999999991,73.89300000000001,24.087810745789895,11.612,46.114976199194444
HQY,"HealthEquity, Inc.",95.14,USD,0.6665961273939217,1297938,1.5851173574123103,7869533010.0,USD,Finance,Strong buy,97.31701936899086,96.29702521942681,94.36680763297265,-0.3873939901581034,-7.970593925324043,3.728739642389884,95.64000000000009,97.61674999999988,99.5847999999999,89.0059,34.361456226524126,4.72375,67.61305163750833
S,"SentinelOne, Inc.",22.51,USD,-2.9322984044846905,13017106,1.4293683758561013,7834586069.999999,USD,Technology services,Strong buy,20.634309964722306,19.84508042014641,18.83107475879481,13.629480060575482,0.6258381761287464,49.072847682119225,22.991999999999994,21.127999999999993,20.5372,16.2714,nan,0.319146,23.480830428852858
SFD,"Smithfield Foods, Inc.",19.82,USD,0.15159171298636248,6806014,2.633141777757024,7804470254.0,USD,Consumer non-durables,Strong buy,22.085348941114983,23.009042546932392,23.74346973791623,-4.550927040693476,-12.223206377325058,-11.319910514541391,19.989999999999988,21.319999999999972,23.495799999999967,24.572375,7.379551716434582,2.223888,15.982208403506492
PCOR,"Procore Technologies, Inc.",51.27,USD,-0.9275362318840519,2818129,1.0643490802450746,7790750224.0,USD,Technology services,Strong buy,54.88759811623532,53.93953756453428,53.65640473856542,-3.355325164938726,-14.33583959899749,-29.75750102753801,52.85800000000008,57.81400000000002,54.252199999999995,56.12240000000001,nan,1.681067,72.92211186617877
MOS,Mosaic Company (The),24.48,USD,-3.5840882237101224,11773422,1.376470438448636,7782085621.0,USD,Process industries,Buy,24.051642450419738,23.727300034132988,23.781440881820053,-3.735745182854893,13.123844731977819,1.5767634854771742,25.03399999999997,24.936000000000014,23.456200000000003,24.567449999999926,nan,0.480125,-168.4390789786022
CDP,COPT Defense Properties,34.38,USD,-0.4632310364794343,2333748,2.473178377381645,7773796860.000001,USD,Finance,Strong buy,35.79548745237072,35.70412953983851,35.099033309349366,-3.724446933632031,-7.48116254036597,23.75809935205184,34.55200000000004,35.75700000000001,36.683000000000014,32.883449999999996,23.956518709497598,1.44545,13.008898338451846
AOS,A.O. Smith Corporation,56.95,USD,0.03513086246267895,3270861,2.180212956734365,7739993148.0,USD,Producer manufacturing,Buy,59.58987958112531,60.16401057541039,61.0902574624387,-0.6801534705266838,-7.803140683179537,-15.07605129734566,57.07400000000005,59.33849999999988,60.581399999999924,64.86385000000001,15.87721988346483,3.73225,0.04183633625258149
COMP,"Compass, Inc.",10.08,USD,-3.8167938931297747,25107988,1.7623239800173085,7737858011.000001,USD,Finance,Strong buy,10.978551618156498,10.902188021144749,10.610488327561349,-2.420135527589545,-19.424460431654673,-5.084745762711857,10.380000000000006,10.808999999999994,11.553200000000002,10.154549999999999,189.11819887429644,0.183805,nan
NFG,National Fuel Gas Company,80.92,USD,1.2892727500312946,2489047,2.935140861695803,7691049720.999999,USD,Energy minerals,Buy,81.61406498308577,81.62060724358317,81.99241590703355,-1.915151515151513,-3.4713109865203347,1.1120829688866682,80.71600000000002,82.32800000000003,81.85299999999995,83.69420000000002,11.256868609584753,7.272,169.00048647232722
HNGE,"Hinge Health, Inc.",94.9,USD,0.190033783783791,4866155,2.2750807625607132,7657900514.0,USD,Technology services,Strong buy,88.1079702735965,83.62110185417121,76.9479380413366,6.033519553072632,6.2115277000559725,104.34969853574508,94.10599999999997,91.39549999999997,86.62960000000002,58.854924999999994,73.07870013861081,2.318917,nan
MORN,"Morningstar, Inc.",203.83,USD,0.48311560266207454,840508,2.4813956145403377,7646390812.999999,USD,Commercial services,Strong buy,199.8308719435958,194.99396928397854,191.3327061704688,5.767584256544643,-2.0048076923076863,-5.682291425662856,202.54400000000007,207.83224999999985,196.74839999999978,187.35632499999977,19.323859273234042,12.315837,12.230544974783475
ZWS,Zurn Elkay Water Solutions Corporation,46.07,USD,0.7434944237918291,3080977,2.980982909290751,7641358573.999999,USD,Producer manufacturing,Buy,47.80815626886358,48.1991850863113,48.312531200545095,-0.5397236614853195,-7.247835715723779,-0.9460331111588857,45.991999999999976,47.23499999999997,48.67199999999993,48.30172499999994,28.288100208768267,1.830509,60.9129532654876
IMVT,"Immunovant, Inc.",36.95,USD,-1.8592297476759514,2943791,2.172978088197138,7632122001.0,USD,Health technology,Strong buy,38.94873018706613,38.28133364766299,36.48545633451325,-4.324184360434994,-18.369601237158946,44.44878811571542,37.058,39.88750000000002,40.16460000000003,31.204275000000006,nan,-2.936124,1.2756536407084698
CBC,"Central Bancompany, Inc.",31.85,USD,0.5683612251341954,7571817,3.415596526562927,7628238870.999999,USD,Finance,Buy,32.115045094840546,31.54998001537118,30.480310074972365,-1.5151515151515211,-2.6886648334860848,32.81901584653879,31.881999999999998,32.21374999999997,32.2857,27.281574999999997,17.481749821614798,1.906,nan
LEVI,Levi Strauss & Co,19.82,USD,-0.15113350125945157,5305610,2.0413196389422694,7627738021.000001,USD,Consumer non-durables,Strong buy,21.468275997845748,21.980966504219026,22.17276546089378,-2.4606299212598426,-11.001347103726985,-4.803073967339097,19.873999999999995,20.61350000000001,22.570600000000027,21.88269999999997,16.219312602291325,1.540759,20.72712902588421
PCTY,Paylocity Holding Corporation,143.73,USD,-1.7096355057101826,1181463,1.7525479121405312,7625877335.0,USD,Technology services,Strong buy,143.60682109058152,138.4756796001175,133.35333999467846,0.5315800517591039,-2.588952897322956,-5.285008237232296,146.49399999999997,150.31450000000007,142.3803,125.23667499999992,29.078071577414068,8.830307,23.061793556739516
CIFR,Cipher Digital Inc.,18.34,USD,8.264462809917346,41168293,1.042191981874778,7611663674.000001,USD,Technology services,Strong buy,18.007580338109356,18.61275021188707,18.835159340973895,13.771712158808926,14.267912772585664,22.511690046760183,16.544999999999998,16.336000000000002,18.354999999999997,18.3757,nan,-1.297376,-522.4881463084218
IDA,"IDACORP, Inc.",131.58,USD,-1.2458721104773316,1369651,2.136220138521605,7610856364.999999,USD,Utilities,Strong buy,137.56190039702096,139.5632703918202,140.53978130225317,-3.682014493814509,-7.986013986013976,4.089866308045262,132.82600000000014,135.67500000000004,141.30959999999988,139.61644999999993,21.76891006551519,6.377243,6.241541138628657
APPF,"AppFolio, Inc.",214.63,USD,-2.323253009306673,518730,1.7038288110741484,7601629869.0,USD,Technology services,Strong buy,207.3378974659686,199.40841101882162,193.16194502909065,4.437740255948618,5.93257983317703,-7.662192393736019,220.671,220.65724999999966,200.53170000000006,187.16964999999996,48.92855514521498,6.9,-20.83378451543044
ZETA,Zeta Global Holdings Corp.,30.23,USD,-0.4609812314784345,7610402,1.5399077892839166,7588140826.999999,USD,Technology services,Strong buy,28.377022645032895,26.52896145183828,24.516646998098867,-1.0798429319371672,7.046742209631735,47.176241480038954,30.700000000000006,30.342999999999996,26.61679999999998,20.678600000000007,nan,0.970637,92.81997918834547
VFS,VinFast Auto Ltd.,3.23,USD,-0.30864197530864906,340313,0.9342161791935522,7556700965.000001,USD,Consumer durables,Strong buy,3.1658938974437376,3.194599670117392,3.2539953178900753,5.9016393442623,3.858520900321547,-3.293413173652691,3.168000000000003,3.1192499999999983,3.120400000000002,3.3905499999999984,nan,-1.33,-29.11998820754717
RAL,Ralliant Corporation,67.96,USD,0.9057164068299918,2411163,1.3011818692375259,7519094776.0,USD,Electronic technology,Buy,66.23790982850274,65.3553712411222,63.055779588796874,1.9654913728431926,-2.538362254409881,32.115085536547426,66.72399999999996,64.24699999999999,66.83940000000003,55.77119999999998,nan,2.859849,nan
EMN,Eastman Chemical Company,65.69,USD,-0.8303140096618314,2035533,1.6342943010018613,7513452902.0,USD,Process industries,Buy,69.95696405047437,70.56249177512565,70.91290756654278,-4.457857610355608,-10.674462877345674,2.304936925712512,65.97600000000003,69.96050000000004,70.4676,70.94247500000003,17.112564149321386,6.363271,-46.07052542849115
VLY,Valley National Bancorp,13.59,USD,-0.5852231163130949,13205047,1.9264909966008097,7509905087.0,USD,Finance,Strong buy,14.035148829806205,14.065693404748194,13.900904207641567,-2.650429799426941,-8.853118712273643,16.15384615384616,13.688000000000006,13.842250000000002,14.317899999999998,13.266350000000003,11.473195441114393,1.279161,51.664532650448145
MAAS,Maase Inc.,16.82,USD,3.827160493827167,767687,3.5988015979943504,7437393106.0,USD,Technology services,,16.396062993921685,15.841417842106416,14.563482507285464,6.523115896136803,3.4440344403443954,211.48148148148147,16.639999999999993,16.106499999999993,16.96,10.257633499999997,nan,nan,nan
PRMB,Primo Brands Corporation,20.52,USD,-2.8409090909090975,5588565,1.2080239264853847,7427085415.0,USD,Consumer non-durables,Strong buy,22.167165691372603,22.506323680556715,22.478714070372007,-0.9652509652509619,-13.962264150943403,25.735294117647054,20.948000000000015,21.919999999999984,23.0216,20.968800000000005,75.05486466715436,1.326,nan
SSRM,SSR Mining Inc.,36.33,USD,0.5118273620140964,4773144,2.0542082886288604,7408025860.999999,USD,Non-energy minerals,Strong buy,34.66554739208942,33.30213224379623,31.843968818244186,-1.2771739130434752,7.628499481558274,61.89839572192512,35.549000000000014,37.09725000000001,32.161100000000005,28.774724999999986,33.51166866525228,4.073509,41.490472461498314
AUGO,Aura Minerals Inc.,88.25,USD,-0.5185435689324696,1509175,1.3610221579196022,7394399577.999999,USD,Non-energy minerals,Strong buy,80.74273332063233,77.26594626996719,74.35314139118081,0.9609884452579835,10.147279081377928,72.58237997457711,86.99800000000002,86.35024999999997,72.56870000000002,70.76299999999996,25.04043356127458,6.985402,nan
IONS,"Ionis Pharmaceuticals, Inc.",44.44,USD,-4.941176470588241,7369358,1.4087306548373448,7385231227.0,USD,Health technology,Strong buy,55.543824952129356,58.827365056428526,62.449027691206226,-20.557740436181625,-26.068873731492268,-44.366549824737106,46.94400000000005,56.364499999999985,55.97439999999997,72.18217500000007,nan,-3.589224,-87.54657881946319
SARO,"StandardAero, Inc.",22.3,USD,-1.0647737355811822,10293116,2.5751911438040533,7379503117.000001,USD,Transportation,Strong buy,25.145215560972645,25.878118349492652,26.43848074729449,-7.3920265780730805,-17.68180140273163,-22.59632072197153,22.967999999999996,24.164499999999983,26.5568,27.693149999999996,22.95655754581017,1.546779,144.62352052379754
SLAB,"Silicon Laboratories, Inc.",220.5,USD,0.36413290851161195,374023,1.4196845761135677,7357370636.0,USD,Electronic technology,Buy,219.36231843512263,218.2520340143958,214.32819146381146,0.5196936542669521,0.5013673655423857,66.014154494805,219.83199999999994,219.44599999999983,218.59659999999997,198.46617499999996,nan,2.907218,63.222884090345
MXL,"MaxLinear, Inc",81.12,USD,8.174423256434205,4913203,1.7877372260755209,7357031327.0,USD,Electronic technology,Strong buy,73.69579797691324,73.51688331505477,69.8984948474439,14.32598125572547,8.959032907991944,354.9635445877735,71.506,66.15700000000001,71.435,49.99215,nan,1.75,51.948786299931335
FLR,Fluor Corporation,54.9,USD,-0.10917030567686004,4108907,1.8675204884224292,7342384307.000001,USD,Industrial services,Buy,53.72769681765437,52.795298844300554,51.5458099544987,1.2728278915329232,1.7231795441912168,36.4992541024366,54.08,54.24899999999995,52.52099999999986,48.45289999999993,nan,2.698259,-152.5275023879319
KEX,Kirby Corporation,138.35,USD,-0.028903822530523912,584750,1.4130686680084878,7304880217.0,USD,Transportation,Strong buy,138.98580640067112,138.92811570883498,137.80833813590772,-0.8954154727793696,-1.3125044582352545,24.977416440831067,138.22600000000003,139.42049999999992,139.37699999999992,133.5863999999999,21.254858582599745,7.122245,23.236396682949007
ALKS,Alkermes plc,43.39,USD,-7.1076857204024835,6935802,3.3450768044035892,7279247744.0,USD,Health technology,Strong buy,46.70652476635649,46.57139574535914,44.948935651995804,-7.187165775401068,-15.353101833788525,54.908961085326666,45.60599999999998,46.888499999999986,49.09399999999999,38.46509999999999,112.7012987012987,-0.509014,-81.51881720430107
STAG,"Stag Industrial, Inc.",37.6,USD,0.29341157642037724,2970967,2.1677547028796873,7249593077.0,USD,Finance,Buy,37.65174291870924,37.88078686300346,38.022291852965985,1.1568469195587832,2.4523160762942737,2.508178844056711,37.26000000000009,37.25100000000002,38.15340000000001,38.08125000000005,28.836567221412686,1.097368,3.189300411522634
CAG,"ConAgra Brands, Inc.",15.13,USD,-0.3293807641633658,22687669,1.940273096225275,7240698238.0,USD,Consumer non-durables,Buy,15.168073659408767,15.04608465638832,15.09299342279962,2.091767881241569,-2.763496143958867,-12.188044109112012,15.059999999999997,15.602499999999992,15.2094,15.75769999999995,nan,1.443555,-266.5292868739853
AXS,Axis Capital Holdings Limited,99.2,USD,-0.7801560312062423,1002520,1.3745059932064425,7238259102.999999,USD,Finance,Strong buy,101.3110969222458,102.34034091424213,102.72438056965935,-0.09064356934233397,-2.102042830356257,-7.037765907600029,99.86199999999995,99.51299999999995,104.38179999999987,102.8667500000002,7.044904162316865,12.282597,35.40560812370181
GAP,"Gap, Inc. (The)",20.54,USD,-1.5812170579779676,9024554,1.2986513404132827,7215088403.0,USD,Retail trade,Buy,21.170072827621254,21.23964856301917,21.656145108548515,-3.7488284910965355,2.392821535393821,-20.325833979829333,20.585999999999956,21.29700000000002,20.60959999999998,23.729149999999976,6.136472275334608,2.407796,43.84185646755479
TRNO,Terreno Realty Corporation,65.75,USD,-0.7247470934621832,1655089,2.2432066344385126,7164798147.0,USD,Finance,Buy,66.96233841645653,67.23309360430416,66.8935937183541,0.3663562814837351,-4.098599766627775,11.933946203609121,65.60399999999997,66.30699999999997,69.03659999999999,65.09995000000008,17.710914772115075,2.11,47.77485868959479
ACA,"Arcosa, Inc.",145.84,USD,0.2681333791681092,1247363,1.687449261046025,7161736656.0,USD,Non-energy minerals,Buy,144.57002008445048,142.230661801114,137.66587107283922,0.24745669507837068,0.30261348005501904,36.46486385327968,145.3460000000001,145.33149999999995,145.17319999999992,125.29853999999992,54.56858489860061,4.28,42.46268656716419
NOV,NOV Inc.,20.07,USD,-2.2406234778373153,9065649,2.6966933350990727,7154515737.0,USD,Industrial services,Buy,20.507797897726174,20.29746751790925,19.95228182246429,-6.171107994389903,-3.4167468719923044,27.671755725190835,20.531999999999986,20.866499999999995,20.370999999999995,19.21600000000002,77.04414587332053,0.915818,-78.59842260926717
NTSK,"Netskope, Inc.",17.49,USD,1.6269610691458314,16896369,2.023278353278024,7146199192.0,USD,Technology services,Strong buy,14.81285390976956,14.034303280410269,13.533424422969915,16.98996655518394,14.164490861618788,-1.464788732394375,17.29200000000001,15.13200000000001,14.23570000000002,12.9262,nan,-0.148729,-124.09391932570739
CMC,Commercial Metals Company,64.5,USD,-3.874813710879277,3207966,2.683361792772345,7135269688.000001,USD,Non-energy minerals,Strong buy,67.81978387593271,68.31877012750154,68.53618107020776,-4.529307282415634,-10.192147034252288,-7.98858773181169,65.51999999999998,67.33749999999995,68.54619999999996,70.05800000000005,12.156049754994346,6.374599,1609.9581050596196
CLF,Cleveland-Cliffs Inc.,12.5,USD,-2.0376175548589326,20236011,1.7220791014938883,7131750488.0,USD,Non-energy minerals,Buy,11.918898849847634,11.70161259226678,11.513831976984465,5.70824524312897,3.73443983402489,-7.475943745373796,12.170000000000021,11.924500000000037,11.466999999999992,11.427299999999986,nan,-0.180143,52.62541022034692
PPC,Pilgrim's Pride Corporation,29.85,USD,0.9810554803788997,1963941,1.4743364292075423,7107539883.0,USD,Process industries,Buy,29.941643333215612,29.95267933546764,30.682458872455637,-0.8964143426294806,-1.8092105263157803,-23.55953905249679,29.836000000000002,30.736000000000008,29.331899999999987,34.146274999999974,13.050891920251837,2.375714,-55.971355971355976
FAF,First American Corporation (New),69.59,USD,-3.293496386881588,2368164,2.4365158220063257,7105138520.0,USD,Finance,Strong buy,71.90119038514067,71.49158850379962,70.44622188796039,-3.6683277962347614,-4.605894448252227,13.523654159869507,71.72799999999998,72.76099999999997,73.02820000000006,67.18120000000002,9.632233864381911,6.9825,299.0224235060201
CELH,"Celsius Holdings, Inc.",28.02,USD,-1.1291460832745246,12623270,1.5466371579722098,7090042201.000001,USD,Consumer non-durables,Strong buy,29.555907719548284,30.162571385596586,31.666923474624497,1.7059891107077998,-6.55327663831916,-39.65108765884127,28.137999999999998,30.619999999999997,29.63849999999988,37.181375000000024,121.19377162629758,1.440746,-36.255858836504004
OKLO,Oklo Inc.,38.0,USD,-4.161412358133666,13843771,1.140758420121347,7068670868.0,USD,Producer manufacturing,Buy,41.22240724313701,44.303927233647535,49.08396615131054,-2.036607373034285,-7.654921020656134,-48.64170833896472,37.091999999999885,39.87449999999999,41.89759999999995,62.495,nan,-1.002321,-132.91201982651796
NE,Noble Corporation plc A,44.26,USD,0.18107741059302465,2161990,1.7045450065824754,7065764030.999999,USD,Industrial services,Buy,44.5155216617859,44.32313908677984,43.970332188926676,-2.4250440917107614,-3.1933508311461085,56.78356358483882,44.64199999999999,45.703999999999986,43.74960000000004,42.49839999999998,47.84864864864864,0.594093,-52.02530989056584
TAP,Molson Coors Beverage Company,37.53,USD,-3.9662231320368404,49901701,6.300238475466982,7055468671.0,USD,Consumer non-durables,Buy,40.21299108309148,40.722703977280254,41.442104723370804,-3.7198563365828523,-9.369717459550824,-20.165922144224627,38.813999999999986,40.151999999999944,40.94139999999979,43.747749999999975,nan,4.70741,-327.2976113113172
MTDR,Matador Resources Company,56.81,USD,-1.4912432807352165,2281461,1.1700520632065596,7030477354.0,USD,Energy minerals,Strong buy,56.493463141275285,55.56700975409732,54.75053065844207,-6.960366852276449,-1.729804532087874,34.08071748878925,59.312,58.75800000000008,54.62900000000003,52.606550000000034,9.756474548327265,7.903193,-14.615441014737145
SSD,"Simpson Manufacturing Company, Inc.",171.23,USD,-0.7016933426119276,712367,2.0703401891583435,7017807265.000002,USD,Producer manufacturing,Buy,181.8119257549154,184.54494270381255,185.54119780692514,-2.1766453382084108,-10.975356140168458,5.372307692307686,172.09199999999993,178.51449999999966,186.53099999999998,184.2790000000003,18.70058101437246,9.222,16.600448247758752
ZGN,Ermenegildo Zegna N.V.,12.29,USD,-0.5663430420711997,1718170,1.1442343122716712,7017796435.0,USD,Consumer non-durables,Buy,12.99544459636671,13.168216987752489,13.028129737504521,3.7130801687763673,-9.164818920916485,19.552529182879375,11.936000000000003,12.677500000000006,13.591599999999996,12.049299999999995,35.82046050714077,0.46238247096,-15.304862996790916
OMF,"OneMain Holdings, Inc.",60.81,USD,-0.21332458155562103,1263076,1.4275598773344371,6995671691.0,USD,Finance,Strong buy,62.37485434438194,61.69937443704043,60.803181422998854,-3.460866804254643,-6.460544531610525,-10.150709219858161,61.410000000000025,62.64249999999997,62.5654,60.03795000000003,9.1704242131773,7.092372,19.86587371884095
BROS,Dutch Bros Inc.,40.03,USD,-0.32370517928285725,6641444,1.5769188140311843,6993472797.000001,USD,Consumer services,Strong buy,49.22004309424168,52.449769661077916,54.60872804382375,-8.50285714285714,-17.03626943005181,-34.76205997392438,41.518000000000015,46.33200000000001,54.56939999999999,56.65375000000004,56.42796729630674,0.957559,50.6476959014653
PATH,"UiPath, Inc.",13.39,USD,-2.6889534883720874,38661738,0.629472396927332,6978274884.000001,USD,Technology services,Buy,14.36945017595953,13.883979092356626,13.344014449600033,-3.321299638989163,-14.16666666666666,-18.848484848484844,13.934000000000003,15.797,14.351199999999988,12.909100000000002,19.922630560928432,0.785614,1782.6330532212885
MATX,"Matson, Inc.",232.92,USD,-0.7795527156549573,675407,2.0386900359981723,6965113298.999999,USD,Transportation,Strong buy,222.2471272099847,215.25150337933442,204.73719149961923,1.4415748443011949,5.513023782559451,87.68734891216761,235.70200000000014,226.66500000000002,217.4876,177.11955000000012,15.572849807445442,16.33565,1.1325755782897002
CAMT,Camtek Ltd.,149.12,USD,3.404756951667704,177272,0.4607219897601164,6959157990.0,USD,Electronic technology,Strong buy,148.5378810096431,151.11454430163963,152.98792035077437,1.2837057664878184,-5.242422316832942,34.88919041157848,140.08399999999983,141.32049999999995,147.10370000000015,153.95707499999997,246.84654858467144,3.60825,-77.69531826908876
LAD,"Lithia Motors, Inc.",316.27,USD,-1.6817955732404952,897650,2.7687839466360193,6952599903.0,USD,Retail trade,Strong buy,352.22295802852426,345.609064444548,334.7845167617341,-14.689936072074024,-12.721803681320202,-5.331058429118775,336.6719999999999,362.0804999999998,360.4208000000001,313.4946500000002,10.477686010647638,36.213932,-10.572470573596386
FSS,Federal Signal Corporation,113.83,USD,0.043944454209876214,1158587,2.575001711352982,6948366660.0,USD,Consumer durables,Strong buy,118.19154572047488,118.51065667733862,117.92894709739308,-1.0604085180356357,-7.1078831401991245,4.2208386742354875,113.87600000000002,116.8835,119.89360000000006,115.46125,24.519116855142702,5.231016,29.12691569549134
MSA,MSA Safety Incorporated,179.66,USD,0.5372132064913308,689344,2.633380639221611,6930975548.999999,USD,Electronic technology,Buy,183.68612945930985,181.8004489996447,179.37771465059876,-1.916252661462025,-5.986394557823128,12.126318417275172,179.5560000000002,185.61949999999976,183.40640000000042,175.57094999999947,22.343547905681024,9.099577,14.6474656020532
AXTA,Axalta Coating Systems Ltd.,32.2,USD,-1.3178057002758188,2980785,1.4263954836324746,6891444301.000001,USD,Process industries,Buy,34.668934964568365,34.392521639145926,33.70247265242312,-6.639605682806608,-10.679611650485421,-1.1966861000306859,33.016000000000005,35.062500000000014,35.01240000000001,32.029449999999976,19.8385804941162,2.65178,-20.225105671876545
ESE,ESCO Technologies Inc.,265.92,USD,2.2218805258706964,846958,3.1782970462887317,6889340317.0,USD,Electronic technology,Strong buy,284.6285556124599,291.746195498318,292.86338775296645,-2.264039988238742,-14.050227867739737,36.44620042075018,261.6640000000001,271.2884999999998,297.4874000000002,279.37510000000043,48.50607420378681,8.357803,23.50635306839687
MSM,"MSC Industrial Direct Company, Inc.",122.21,USD,0.3695795006570209,1869298,2.4805416671200553,6824976054.0,USD,Distribution services,Buy,121.17007125296175,119.68447509606922,116.07747410150786,0.509910354469932,-0.8196721311475451,46.957671957671955,120.72199999999982,119.85549999999982,122.11399999999986,103.33790000000006,29.57289776164549,4.633796,16.559485530546635
MBLY,Mobileye Global Inc.,8.02,USD,-0.24875621890546734,10707547,2.12132948955202,6818504828.0,USD,Technology services,Buy,8.481896014792651,8.606438363843887,8.791296582641236,-3.6057692307692393,-11.283185840707961,-23.619047619047624,7.992000000000003,8.369500000000004,8.591399999999998,9.102250000000007,nan,0.490912,-36.48789592139211
TEX,Terex Corporation,59.04,USD,2.0041465100207265,1415751,1.4460812528044458,6748272285.0,USD,Producer manufacturing,Strong buy,63.15001918054692,63.75954921093862,63.49865250678811,-2.5099075297225943,-9.724770642201845,10.231516056758768,58.556000000000004,61.992999999999995,64.43679999999998,61.87447499999993,30.62876115376634,5.042071,-28.130942172178518
AWI,Armstrong World Industries Inc,159.63,USD,-0.16261179560947586,933933,2.3330069220834697,6746414963.0,USD,Producer manufacturing,Strong buy,168.5190159129237,168.43688071178906,168.77584252158508,-2.824618006939803,-10.751425696075152,-16.389063482086733,159.55200000000008,169.0900000000004,170.33599999999996,173.37564999999972,21.86862113843414,8.436358,8.054297302898426
RYTM,"Rhythm Pharmaceuticals, Inc.",97.71,USD,-1.3229650575641307,1124806,1.6476422713494732,6727536801.000001,USD,Health technology,Strong buy,104.24705794579901,103.6557417744283,101.93095630981236,-5.0990675990676,-17.411884033471395,-7.977020154454712,98.78999999999996,104.70000000000002,107.3522999999998,99.39412499999992,nan,-2.979691,-3.3095908563856176
Z,"Zillow Group, Inc.",29.81,USD,-0.9634551495016701,6533115,1.739635266177085,6721739018.999999,USD,Technology services,Buy,33.16065519748671,34.028130992291345,36.342560845241216,-5.8135860979462874,-15.456608054452635,-56.51349380014587,31.384000000000007,33.65749999999998,33.644499999999994,45.02649999999998,132.31247225920993,2.236598,nan
POWL,"Powell Industries, Inc.",183.96,USD,4.079207920792084,904473,1.5151953755761316,6702134678.0,USD,Producer manufacturing,Buy,197.50328489568773,208.6845032224627,214.03819440166762,2.484679665738166,-9.236234458259325,70.333503666837,176.09800000000007,181.25950000000003,203.25700000000003,203.81808657160002,35.23260490682397,5.384617,8.781615900662528
PACS,"PACS Group, Inc.",42.12,USD,0.14265335235376883,1196430,1.4508558549490964,6669095379.000001,USD,Health services,Strong buy,43.53010244807449,42.96533979721155,41.42068341152637,-7.101896779885323,-4.59796149490374,9.431021044427112,42.70799999999997,43.41750000000002,44.62800000000005,38.483899999999984,25.241205729010606,2.367539,103.6241610738255
HXL,Hexcel Corporation,88.15,USD,0.12494320763289349,1836968,2.0339641389377827,6666207341.999999,USD,Electronic technology,Buy,94.57011124178945,95.36229539421913,94.29350588020142,-4.371881102191366,-13.536047081902892,18.6885687356941,89.93000000000005,91.9544999999999,98.86659999999995,89.36386500000008,44.43268309894652,2.402586,84.24034175334324
ETSY,"Etsy, Inc.",72.6,USD,0.3594138789051574,6529472,1.8425560107541732,6663355167.0,USD,Retail trade,Buy,76.97549285855011,76.37937743061892,73.87531704750663,0.7773459189339089,-9.813664596273298,29.781909188416154,73.37199999999999,77.96600000000007,80.58240000000004,64.79724999999998,42.71090716554888,3.303885,35.9404990403071
ACT,"Enact Holdings, Inc.",48.45,USD,-0.06188118811879958,1098600,2.0860280552355013,6661084065.999999,USD,Finance,Buy,48.458380914991245,47.59143120062882,46.32049941518688,-2.925265477860136,-3.6779324055665894,21.917463512833418,49.082000000000036,49.15600000000004,48.24280000000001,43.29307500000004,10.21333108478435,4.800104,7.784240661637735
DUOL,"Duolingo, Inc.",141.9,USD,-3.535010197144792,1386007,1.166063614590495,6638934886.000001,USD,Technology services,Buy,140.8121748003991,136.48708367578877,134.64308771384646,-2.1784089342341075,-4.749118979694572,-19.708029197080283,148.4459999999999,148.2345,139.134,129.92465000000018,17.018265552104197,2.750347,246.51124132485563
LB,LandBridge Company LLC,85.96,USD,0.03491213778655525,302890,1.4253740965822834,6626261926.999999,USD,Commercial services,Strong buy,83.59353616154208,80.89251091956439,77.6011350689456,0.03491213778655525,5.666871542716656,72.33360064153968,85.64999999999993,86.78899999999993,81.40740000000001,69.00305000000003,97.26182394206833,1.884103,74.42273534635878
CGON,"CG Oncology, Inc.",74.62,USD,-1.3224014810896587,1779245,2.1448338621547536,6614344893.999999,USD,Health technology,Strong buy,73.76042088209968,72.44226300877945,69.91063902111692,2.47184839329856,-4.087403598971713,81.1604758436514,74.14000000000003,75.18899999999996,74.0742,62.45040000000001,nan,-3.317708,-60.32954613050978
LUMN,"Lumen Technologies, Inc.",6.4,USD,-1.234567901234569,30949996,2.1414505116569407,6601250880.0,USD,Communications,Buy,6.593196053502428,6.799357507145221,7.0661493845573595,-8.571428571428566,2.8938906752411673,-18.987341772151897,6.682000000000004,6.474999999999997,6.421799999999988,7.693449999999992,nan,-0.885951,13.542895668295976
SFM,"Sprouts Farmers Market, Inc.",70.79,USD,1.6513497989661194,2441713,1.2172570708415216,6600999619.0,USD,Retail trade,Buy,77.8700813813523,79.18861016122341,80.32953417361085,-2.4124620898814446,-10.010805313671899,-10.978370221327955,72.00799999999998,77.94249999999994,79.36139999999993,78.74882499999994,13.563901130484767,5.559964,7.524001813012498
WEX,WEX Inc.,193.57,USD,-0.8248795983195069,1057771,1.971345930563036,6597177075.0,USD,Commercial services,Buy,188.3157200254336,181.44733929709332,173.97324752941577,1.64889985821561,0.7862126418827402,29.443627123177748,197.3499999999999,194.98899999999972,185.58220000000009,160.39625,19.275848677069536,20.063061,26.891924335662566
CHE,Chemed Corp,504.06,USD,-0.37749273672352607,417570,2.7744611637229086,6588044305.000001,USD,Health services,Buy,515.0201067915191,505.72709781928484,490.5910878637577,-2.510444066223109,-5.110973061501108,17.867414942125578,508.14000000000095,521.4454999999997,522.521400000001,451.18009999999987,25.31832497023944,25.445,2.3551730520081344
PLXS,Plexus Corp.,246.73,USD,0.40286481647268685,405029,2.00834220494235,6575872423.0,USD,Electronic technology,Buy,252.14184906348245,253.82065829340885,249.97856332082068,-1.3198416190057238,-2.1805494984736153,67.58133532568091,242.59199999999996,243.41400000000004,252.8094,226.2971,36.397297456777004,8.691667,15.340638399237735
LNTH,"Lantheus Holdings, Inc.",100.55,USD,-0.248015873015873,1027912,1.076126671790222,6565902465.0,USD,Health technology,Buy,101.05026018985345,100.54423948729026,97.81105256299008,0.039797035120875575,0.19930244145491066,50.52395209580838,100.58799999999994,100.65100000000012,101.84490000000007,86.19920000000002,24.300940135824252,5.414,9.907827980981214
VCTR,"Victory Capital Holdings, Inc. Class A Common Stock",106.56,USD,2.2452504317789326,1813600,1.8838303248069999,6554459744.0,USD,Finance,Buy,108.55036904008767,104.40908049241779,98.24280125531483,-5.322079075966234,-9.272030651340996,68.23492263972213,105.82999999999996,112.61950000000002,107.55770000000003,82.41244999999998,19.526854922944423,7.946286,34.7132735935224
TTD,"The Trade Desk, Inc.",13.92,USD,-2.384291725105188,149238264,4.86252261295625,6540737653.0,USD,Technology services,Buy,14.822517010743919,15.976159533070742,18.18333838301466,-0.713266761768899,3.8805970149253697,-63.555439193611726,14.528000000000063,14.007000000000062,15.742399999999932,23.901174999999903,16.520294327082837,0.391788,1.5915119363395211
HIMS,"Hims & Hers Health, Inc.",27.99,USD,0.3585514521333735,9395964,1.118867212387627,6530442404.999999,USD,Health services,Buy,29.02540332071283,29.236313018405724,29.24278497332677,2.116016052535565,1.597096188747723,-15.181818181818187,28.108000000000004,29.036500000000025,30.192800000000002,27.982500000000005,nan,-0.589301,-177.97246558197747
VNO,Vornado Realty Trust,34.9,USD,0.22975301550832364,2692460,1.8983447879667195,6516546966.0,USD,Finance,Buy,36.898887030805426,36.89717325169355,36.25159436912341,-0.6264236902050082,-8.398950131233603,4.9624060150375895,34.815999999999995,36.50599999999993,38.22039999999995,33.39699999999999,1407.258064516129,-0.279084,-99.38629052214797
QBTS,D-Wave Quantum Inc.,17.11,USD,-3.278688524590174,19128132,1.148315766238454,6495411820.0,USD,Electronic technology,Strong buy,18.125103422245246,18.87675634425523,19.61906060970606,2.3937761819269814,-11.209133367929423,-36.5002783447764,16.861999999999995,17.3505,18.32619999999999,21.282350000000005,nan,-0.295259,32.81813009671913
NCLH,Norwegian Cruise Line Holdings Ltd.,14.12,USD,-1.8763029881862496,22809520,1.3280097168807101,6483732187.0,USD,Consumer services,Buy,16.401082004719672,17.198159369217468,17.955785990858715,-5.171255876427142,-21.11731843575419,-37.30017761989343,14.407999999999964,15.604000000000017,17.770799999999962,19.691049999999994,8.923154701718907,1.547216,13.899085870582311
GTES,Gates Industrial Corporation Ltd.,25.61,USD,-0.6208769887466051,3150287,1.5916867760916473,6483201588.0,USD,Producer manufacturing,Strong buy,26.28037728958634,26.35861116380805,26.170665343388865,-1.8773946360153333,-6.4987221613727675,18.564814814814802,25.549999999999994,25.731499999999976,26.643199999999997,25.13214999999997,18.137393767705383,1.676276,81.51433346188455
SGHC,Super Group (SGHC) Limited,12.68,USD,-0.9375000000000078,3230559,1.3410159838049904,6442665667.000001,USD,Consumer services,Strong buy,13.517042321537069,13.49118314273713,13.238995821476992,-8.182476466328753,-1.5527950310559089,4.706853839801819,13.223999999999986,13.663000000000022,13.870199999999995,12.162800000000006,17.42955326460481,0.840268,175.8816837315131
TXNM,"TXNM Energy, Inc.",58.44,USD,-0.25601638504865276,4240752,2.4280292839402495,6435748988.999999,USD,Utilities,Buy,57.84573052942687,57.85121335693929,57.940518893499046,0.9326424870466307,1.3703382480485675,-0.9491525423728852,58.28999999999998,57.846999999999994,57.70480000000015,58.436249999999866,32.46305966003777,2.919083,-7.316068578489414
URBN,"Urban Outfitters, Inc.",75.01,USD,-1.0944092827004197,2171812,2.0066826839431253,6425370220.000001,USD,Retail trade,Buy,76.78669863141316,75.79404611092556,74.53872880706058,-2.9750355710774765,0.08005336891261143,-0.3718953380262998,76.17000000000004,78.06100000000009,76.0828000000001,72.39504999999998,11.703853955375255,6.358143,25.425652667423382
ENS,EnerSys,178.12,USD,1.3888888888888875,1663396,2.8112626544305295,6423937468.0,USD,Producer manufacturing,Strong buy,186.99210039939828,191.55114274842518,192.91121591836472,-2.034979650203492,-12.06990176235375,21.376490630323683,173.13599999999997,181.58150000000018,188.77819999999983,187.8606499999999,19.054139343823877,13.368333,6.6404289299566575
UBSI,"United Bankshares, Inc.",47.11,USD,0.19140791152700193,2968017,2.468857471212355,6416974984.000001,USD,Finance,Buy,47.45090908587934,47.042579319358175,46.15543762738495,-0.44378698224852253,-3.4631147540983562,22.87428273343765,47.40000000000004,47.381499999999974,47.776699999999984,43.667475000000024,12.857532751091702,3.708333,29.442521020278388
MAC,Macerich Company (The),22.63,USD,0.35476718403546914,5713947,1.365565454018638,6416948695.0,USD,Finance,Strong buy,23.60567314592696,23.72442417091853,23.358364540708187,-1.006124234470693,-8.380566801619434,22.655826558265584,22.490000000000002,23.299500000000013,24.426599999999997,21.528500000000005,nan,-0.151508,45.78130273371583
LW,"Lamb Weston Holdings, Inc.",46.67,USD,0.4520017219113234,1963572,1.3881797032592782,6416238860.999999,USD,Consumer non-durables,Buy,49.60287868628122,49.17491383130282,48.489761069790276,-2.097755401720159,-10.781877270120436,10.907794676806093,47.201999999999984,50.87200000000007,50.900199999999955,46.63815000000007,22.366529282085693,3.02296,-16.745800582532027
XE,"X-Energy, Inc.",15.77,USD,-3.429271279853024,16488003,1.8442773804755959,6408393326.0,USD,Producer manufacturing,Strong buy,17.317914384431734,18.788791057074718,20.46357142857143,-0.6301197227473198,-16.824894514767937,-50.74953154278577,15.466999999999995,17.244999999999997,17.4946,nan,nan,-0.666692,nan
GLBE,Global-E Online Ltd.,38.04,USD,-0.8858780614903684,2164802,1.3706841029410162,6389479744.000001,USD,Retail trade,Strong buy,38.550859193888634,37.96622235934324,37.06328901056658,2.8386050283860422,-7.871155243400339,-4.350012572290681,37.464,38.11249999999998,38.9316,35.55047500000001,43.3949349760438,1.211754,nan
DOX,Amdocs Limited,59.3,USD,-1.9996694761196512,1342296,1.3788179931199622,6378960167.0,USD,Technology services,Buy,59.6779820170576,59.28702825447069,60.24655010326832,-1.658374792703151,2.666204986149583,-26.517967781908308,61.336,61.770999999999994,57.90880000000003,65.65222500000041,14.177106244620827,7.416,-15.478499838344648
ALGM,"Allegro MicroSystems, Inc.",34.1,USD,2.9900332225913684,3178236,1.4709821714740714,6356309751.0,USD,Electronic technology,Strong buy,38.78632251399198,40.845371108702004,41.68290582782405,-4.907975460122694,-14.749999999999996,26.2962962962963,33.46799999999998,35.5535,41.16899999999999,39.863949999999974,454.0612516644474,1.027662,nan
IFS,Intercorp Financial Services Inc.,54.98,USD,-0.12715712988192607,271614,1.248278305756353,6347314609.057345,USD,Finance,Strong buy,55.5561168398941,55.28434966698484,54.0923207225923,-0.398550724637692,1.7018128005919249,29.608675153229598,54.73800000000002,54.91200000000001,56.766799999999996,50.16119999999999,9.998908813152438,6.0760395075,22.155821651522896
FNB,F.N.B. Corporation,17.93,USD,-0.6097560975609725,7338685,1.8125848134192457,6329307617.0,USD,Finance,Strong buy,18.485011584216828,18.492922364658234,18.334944243646603,-2.9236599891716253,-7.002074688796688,4.5481049562682285,18.086000000000006,18.288499999999992,18.74620000000001,17.864575,10.676432059068715,1.687089,30.448966910051254
AAON,"AAON, Inc.",76.76,USD,0.43176763051157696,1491874,1.2779540728589582,6329141874.0,USD,Producer manufacturing,Strong buy,84.9634637774572,91.09080214903642,95.88705204429823,-0.013025921583940218,-7.9174664107485535,-1.3494409458938403,75.72199999999991,77.0097499999999,88.69129999999996,97.86485000000005,40.15274363132291,2.352368,30.331333515134972
RIG,Transocean Ltd (Switzerland),5.64,USD,-0.35335689045937213,41095466,0.8869420695850923,6299203767.0,USD,Industrial services,Buy,5.664211666716474,5.665154984664021,5.6595400826154885,-2.253032928942806,-4.4067796610169605,35.90361445783131,5.646000000000001,5.7769999999999975,5.538199999999998,5.628000000000001,nan,0.227048,3.916576381365115
ORKA,"Oruka Therapeutics, Inc.",94.96,USD,-2.8343395068044717,1943008,2.2569040885920066,6287272473.0,USD,Health technology,Strong buy,94.46542148693081,90.89390368898086,83.53317908841501,1.670235546038531,-17.794225858113673,213.2959419333553,94.874,95.16975,96.28760000000004,61.113075,nan,-2.38724,32.27367726322737
GATX,GATX Corporation,177.89,USD,-1.3311886405236042,468738,1.9597430256447563,6279516843.0,USD,Transportation,Strong buy,178.31957661335358,178.46841906903643,178.4387198351015,-0.1010838434323619,-0.7199464225918185,5.204329055532546,178.0499999999999,177.39700000000002,178.8645999999998,179.04339999999982,17.632074536624042,10.227974,15.354272189890352
HR,Healthcare Realty Trust Incorporated,18.26,USD,-0.7608695652173751,7766890,2.0447139223849615,6258062843.0,USD,Finance,Buy,19.22940511469342,19.456752563358023,19.4434645763153,-3.742751713231404,-5.290456431535267,8.047337278106527,18.548000000000012,19.003000000000004,19.896399999999993,18.762600000000006,nan,-0.077621,77.63043855087537
BLDR,"Builders FirstSource, Inc.",58.12,USD,0.7628294036060987,27089892,5.210780769460925,6253505606.0,USD,Retail trade,Buy,66.18337769257515,69.55943593063948,74.35343706055141,-1.94027332545977,-17.207977207977216,-43.51248906599281,59.178000000000054,63.74200000000015,68.96740000000008,88.12850000000012,63.20826536160957,3.121857,-86.04047427469675
SWX,"Southwest Gas Holdings, Inc.",85.85,USD,-0.7629175817824654,3625923,3.85077310743917,6219476471.0,USD,Utilities,Strong buy,88.3239957200644,88.87726627562498,88.82908784922044,-1.6496735021193858,-7.068629573500759,7.406480670586747,86.46400000000001,88.11449999999998,90.23799999999981,87.46015000000001,11.9828596951594,4.255287,166.79079466746106
VSXY,Victorias Secret & Co.,77.93,USD,0.5807950438822959,4405281,1.9356494937687705,6216011512.0,USD,Retail trade,Buy,80.88781666027155,79.63856154817232,75.54429693856522,4.885598923283997,-8.672213758349924,41.8456497997816,75.29799999999999,80.5765,84.77539999999998,64.58415,17.609309682521747,4.706729,147.6358345923564
ANDG,Andersen Group Inc.,54.99,USD,0.31010580080262984,747273,1.8791411815857126,6213235223.999999,USD,Consumer services,Strong buy,51.67683266090382,48.65933021625442,44.37798423719599,0.6958432521516252,20.990099009900987,112.97443841982958,55.08599999999999,54.48349999999998,49.45079999999999,nan,6.426242535438408,1.870656,154.67559523809527
NPO,Enpro Inc.,292.5,USD,1.9518996165911549,428106,2.5073973334457866,6191546617.0,USD,Producer manufacturing,Strong buy,308.1547046575089,311.83816857773627,308.5949975003456,-2.5064995666955476,-11.998315181418857,36.88052786747157,286.8299999999997,296.7094999999998,315.94339999999994,284.64934999999997,142.66900790166815,9.588732,-48.68085106382979
CPB,The Campbell's Company,20.69,USD,-2.313503305004714,7830705,0.950463567805665,6169887219.0,USD,Consumer non-durables,Buy,21.886795808557167,22.07401290705275,22.440546557697612,-1.7568850902184114,-9.41330998248686,-25.948460987831066,21.173999999999996,22.380249999999993,22.468099999999982,23.67702499999974,15.656451002648508,1.693749,-34.204630321135184
INGR,Ingredion Incorporated,97.33,USD,-1.6967983032017038,1031658,1.5817667322683737,6138017299.0,USD,Consumer non-durables,Buy,101.34236193655656,102.02539722102773,103.43229874714739,-4.070569682633546,-8.222536539368221,-11.049168342167798,98.50399999999999,101.98249999999977,102.29500000000002,107.8523,10.602858512353478,10.53366,-10.412335919582285
INGM,Ingram Micro Holding Corporation,26.67,USD,-1.8763796909492199,6173650,1.822503108157994,6135084434.0,USD,Technology services,Buy,27.888859560492637,27.8890060869139,27.459435345692917,0.1878287002253971,-4.305705059203442,24.104234527687314,26.625999999999976,27.700999999999986,28.316200000000002,25.547155000000007,14.518236254763202,3.430971,61.537108688005624
MMED,"MiniMed Group, Inc.",21.79,USD,-1.0894235133908396,2881501,1.2194215809148887,6130615561.0,USD,Health technology,Strong buy,20.621044916967268,19.384143760290744,17.751732815814837,-5.384281372123326,11.116777154513002,17.78378378378378,22.039999999999985,21.65975,19.4996,nan,nan,0.672729,nan
