Symbol,Description,Price,Price - Currency,Price Change % 1 day,Volume 1 day,Relative Volume 1 day,Market capitalization,Market capitalization - Currency,Sector,Analyst Rating,Exponential Moving Average (8) 1 week,Exponential Moving Average (13) 1 week,Exponential Moving Average (21) 1 week,Change from Open % 1 week,Performance % 1 month,Performance % YTD,SMA 5,SMA 20,SMA 50,SMA 200,PE Ratio TTM,EPS Forecast Next Qtr,EPS Growth YoY TTM
NVDA,NVIDIA Corporation,216.905,USD,-1.1867340895631133,89617121,0.5620222745387652,5249100868642.586,USD,Electronic technology,Strong buy,206.34501517970878,200.01855378799615,194.16274704806423,-5.640144429460131,7.918304393253391,14.25975188979903,220.56299999999996,214.82424999999998,196.8392999999998,187.040275,33.21770957762872,2.065045,110.33338701884364
GOOG,Alphabet Inc.,382.2,USD,-0.3311862727201707,6132464,0.37253933137833806,4658591420744.391,USD,Technology services,Strong buy,362.6420299411151,348.04684413202153,331.92899355085194,-2.53108065030284,14.128730758320021,20.343839541547286,385.716,382.4295,338.89779999999996,296.04275,29.155319587157013,2.87863,46.187815730487436
GOOGL,Alphabet Inc.,385.8,USD,-0.47980188825259595,8028809,0.3122396891473196,4651645020906.6,USD,Technology services,Strong buy,365.3172644779716,350.14176232178824,333.3841222590119,-2.498199325220817,14.473918461812364,21.741874408330716,389.39399999999966,385.6245000000001,341.1967999999997,296.2058000000002,29.429937982012497,2.879103,46.187815730487436
AAPL,Apple Inc.,308.9701,USD,1.3049936063477467,23515035,0.5713237517854453,4537953844341.225,USD,Electronic technology,Strong buy,285.18583826246083,277.8422428817719,271.42812163290205,2.9077071675992516,15.364834590396539,13.48555582082974,302.6040200000003,289.3560049999999,270.555802,261.5504504999999,37.37616887437247,1.884595,29.004822172630675
MSFT,Microsoft Corporation,418.8115,USD,-0.0664535064067268,11913269,0.37442448895715646,3111113797859.2456,USD,Technology services,Strong buy,411.942440867337,412.54863506633063,420.6332534696852,0.5260189141183859,-1.730117202623269,-13.537475355347496,419.98429999999996,416.6255749999997,400.4458300000002,460.4024575000005,24.94395506876076,4.239593,29.74746147782946
AMZN,"Amazon.com, Inc.",267.57,USD,-0.3315205244729146,12550039,0.3643223478933003,2878279663854.9785,USD,Retail trade,Strong buy,254.99039972690426,246.38427000433663,239.2083180194275,1.4041271104542035,5.993503406750117,15.660931961614935,265.04800000000023,267.1579999999999,241.94860000000025,230.56085000000007,31.9765287952484,1.814364,36.47513577870922
AVGO,Broadcom Inc.,413.75,USD,-0.19779530597968817,6890188,0.40544486415113723,1958968906679.0347,USD,Electronic technology,Strong buy,400.5392999108658,384.9423412121302,369.7860180924628,-1.8177072209961853,1.6634724065064577,17.28438806604777,415.5720000000001,419.0704999999995,377.0328999999995,349.84297500000014,80.70965980024968,2.386929,147.2579945015193
TSLA,"Tesla, Inc.",427.8,USD,2.381237286107452,28225862,0.542389395037556,1606698593586.3425,USD,Consumer durables,Buy,405.9450629400216,403.113502224152,403.15946622910377,2.0344885157535786,10.380060376190112,-6.55307994757536,415.4019999999993,409.3479999999996,388.37019999999995,410.03662499999984,390.8276996162982,0.441889,-39.80422349318082
META,"Meta Platforms, Inc.",607.7,USD,0.052685304092997806,5199655,0.4291535172594961,1542599746165.9001,USD,Technology services,Strong buy,619.8280807228887,624.2478340059372,632.1148418024077,-0.2306663054809881,-9.884259774154557,-8.302840544720658,606.7919999999998,618.9767500000006,617.7627000000002,669.4166250000003,22.092879527095317,7.178851,7.29342195593833
BRK.A,Berkshire Hathaway Inc.,728704.65,USD,1.4362244862448823,133,0.651641352278295,1049303305050.9618,USD,Finance,Buy,720856.0418668715,723331.2131458088,727403.837159681,0.8587750865051934,3.3990280241220323,-2.8393799999999967,723706.3399999994,717510.7275000003,717268.9104000009,735570.2051999999,14.461365212035663,7380.20015,-10.480948284775364
BRK.B,Berkshire Hathaway Inc. New,485.56,USD,1.1625484395183099,1781540,0.41728536841559144,1046472273219.8981,USD,Finance,Buy,480.10938968198354,481.7995805992824,484.55214208793853,0.92074906989795,3.561830823700036,-3.0740977323538763,483.05599999999987,477.9959999999992,477.9456000000001,490.2426000000006,14.454115713894478,4.922593,-10.480916050876308
LLY,Eli Lilly and Company,1062.235,USD,1.9761916190658864,1559063,0.563834172040445,1000350693147.7432,USD,Health technology,Strong buy,980.2053808871907,975.4971847728704,970.467054472214,6.15874316666832,17.19274051191526,-1.315960609438888,1026.4509999999998,973.75775,943.2758999999996,928.240724999999,38.23602462114395,8.80512,130.14091274344932
WMT,Walmart Inc.,120.1993,USD,-0.9400857095764048,15740649,0.712332418093307,958107476253.0874,USD,Retail trade,Strong buy,126.88924394713106,125.9264615446367,123.37452520691714,-8.607588199513394,-7.539000000000005,7.874624186672646,127.98585999999997,129.589965,126.98558600000017,114.78179650000001,42.34307957868038,0.743809,21.780351780351772
MU,"Micron Technology, Inc.",769.37,USD,0.9539430520928988,18436838,0.3537524018539951,867644686547.2555,USD,Electronic technology,Strong buy,609.4443983171958,544.430007115864,476.3519462832172,2.5197878634437503,66.1957531376234,160.6929267259636,728.7480000000002,669.6655000000001,519.3769999999998,322.6476,36.32307743150798,19.407871,409.11691183540046
JPM,JP Morgan Chase & Co.,306.27,USD,1.0792079207920733,2501291,0.3207113542677708,820653979328.9764,USD,Finance,Buy,303.3803629193223,303.17876917445767,303.1752507657352,2.7751677852348933,-2.725107193901871,-5.032558139534889,301.5359999999997,305.4440000000001,301.6549999999999,305.55100000000044,14.669930163717702,5.426337,2.4753228521923547
JPM/PL,"J P Morgan Chase & Co Depositary Shares, each representing a 1/400th interest in a share of 4.625% Non-Cumulative Preferred Stock, Series LL",18.61,USD,0.053763440860204355,184365,1.21915252813874,811891976807.0,USD,Finance,,19.122729668090724,19.26362991839514,19.416923521634477,-1.690438457474909,-4.220277920741124,-5.532994923857867,18.660020000000053,19.070005000000005,19.22410199999995,19.843583499999998,0.8913945223064174,5.426337,2.4753228521923547
JPM/PJ,"J P Morgan Chase & Co Depositary Shares, each representing a 1/400th interest in a share of JPMorgan Chase & Co. 4.75% Non-Cumulative Preferred Stock, Series GG",19.16,USD,0,35581,0.46075293045131277,811891976807.0,USD,Finance,,19.662334479657453,19.801633054323272,19.95906353059593,-1.491002570694083,-4.247876061969023,-5.56924593395761,19.185999999999957,19.61930000000004,19.750420000000062,20.40382300000008,0.9177387988925824,5.426337,2.4753228521923547
JPM/PD,"J P Morgan Chase & Co Depositary Shares, each representing a 1/400th interest in a share of 5.75% Non-Cumulative Preferred Stock, Series DD",23.9705,USD,-0.28910149750415104,57874,0.5215311608425386,811891976807.0,USD,Finance,,24.39780616747622,24.52031727797838,24.636336958826863,-0.5785980920779684,-3.0711686211079625,-3.964342948717947,24.032100000000007,24.345524999999935,24.495410000000028,24.903876500000035,1.1481554216521215,5.426337,2.4753228521923547
JPM/PC,"J P Morgan Chase & Co Depositary Shares, each representing a 1/400th interest in a share of 6.00% Non-Cumulative Preferred Stock, Series EE",24.99,USD,-0.04000000000000625,64469,0.39876860423256727,811891976807.0,USD,Finance,,25.106754825428098,25.130879280084454,25.16172004356927,0.08009611533840438,-1.420118343195278,-0.6756756756756824,24.965999999999976,25.09849999999999,25.115100000000012,25.28786049999995,1.1969881307059307,5.426337,2.4753228521923547
JPM/PM,"J P Morgan Chase & Co Depositary Shares, each representing a 1/400th interest in a share of 4.20% Non-Cumulative Preferred Stock, Series MM",17.255,USD,-0.02896871378912258,76712,0.42773544769981797,811891976807.0,USD,Finance,,17.698945722364858,17.837007150372713,17.98996500272279,-1.2871853546910836,-4.138888888888895,-5.91603053435115,17.30700000000003,17.64474999999999,17.753106000000024,18.407773999999986,0.8264918045350473,5.426337,2.4753228521923547
JPM/PK,"J P Morgan Chase & Co Depositary Shares, each representing a 1/400th interest in a share of 4.55% Non-Cumulative Preferred Stock, Series JJ",18.27,USD,-0.27292576419214365,108885,0.9670440345412836,811891976807.0,USD,Finance,,18.82493152726775,18.96133868606585,19.10981738264688,-2.090032154340839,-4.645093945720253,-6.163328197226499,18.381999999999998,18.787999999999975,18.91919999999996,19.520811999999985,0.8751089695076972,5.426337,2.4753228521923547
AMD,"Advanced Micro Devices, Inc.",470.39,USD,4.626437420761141,22368814,0.6918667078088857,767018203371.2258,USD,Electronic technology,Strong buy,370.26470253843956,329.21771167909674,292.63880836291315,9.520372526193245,61.5267070720945,114.8880767473732,440.5200000000001,406.0399999999999,303.24640000000005,230.89074999999997,154.38314352292494,1.60043,123.34701656648583
XOM,Exxon Mobil Corporation,154.18,USD,-0.714791680082417,4828335,0.2886501069482652,639067941784.075,USD,Energy minerals,Buy,152.65420889261415,150.84760839740215,146.37480130203548,-1.9928169596033378,3.2236467713319703,28.38704305104505,157.75799999999995,153.01400000000012,155.6398000000001,131.09929999999994,26.0171107473718,3.495504,-21.597914957796423
ASMLF,ASML Holding N.V.,1644.0,USD,3.5916824196597354,398,0.6587222773915922,627982992098.216,USD,Electronic technology,Strong buy,1503.488180229101,1454.1757893713632,1382.8451590910777,8.610916586287535,11.145365157144942,46.13333333333333,1541.8840000000007,1500.7060749999987,1436.2537100000004,1177.1636494999998,55.01826166392144,7.98145367347,24.817063462931433
V,Visa Inc.,330.0964,USD,-0.30913264073447316,2306721,0.32057524854188024,621942825491.9395,USD,Finance,Strong buy,320.2308720519684,319.3091002116966,321.2895176207764,1.7465709089788273,6.136908781068142,-5.651699202560947,330.9032800000001,324.6403200000003,313.67732800000033,330.96588199999974,29.01971885467125,3.224008,15.69616648189022
INTC,Intel Corporation,120.94,USD,2.0590717299578043,52142755,0.3905053527954742,607844440000.0,USD,Electronic technology,Buy,94.86551497395544,82.2729798835085,70.2007747131585,6.583237860227372,78.02311032604696,220.20121789780242,115.47400000000002,109.11249999999995,76.467,47.17905000000003,nan,0.209378,85.99601994499474
JNJ,Johnson & Johnson,234.55,USD,1.216933500194201,2162132,0.2846090418036856,564612746560.5079,USD,Health technology,Strong buy,230.9038325803128,230.70821222964514,226.85892795035863,3.458162410127477,3.700592448492353,13.407794217193704,230.9040000000005,227.19474999999997,233.36770000000007,210.74592500000054,27.119369161039685,2.848954,-3.8584243933347526
ORCL,Oracle Corporation,192.478491,USD,1.4272493017863628,6384659,0.3897839430951227,553576987040.8784,USD,Technology services,Strong buy,178.5715795096703,174.75949828202405,177.3057065724138,1.3044689473684163,3.383011601675789,-2.5277302881450385,187.6956982000001,184.18242455000015,167.2183698200001,207.98124245500014,34.55814334703844,1.951973,30.860861801607076
TCTZF,Tencent Holding Ltd.,56.0,USD,-1.7543859649122806,3990,0.4896065968046728,505975750000.0,USD,Technology services,Strong buy,60.89097928414062,63.1507122503436,65.93341649481424,-2.0944788279310473,-13.700107874865155,-29.824561403508767,57.61738999999994,59.66112250000001,62.77682900000001,74.04897392500001,15.745340920162873,1.0898008378400001,20.382521282675853
CSCO,"Cisco Systems, Inc.",120.63,USD,2.05583756345177,10050593,0.3034445405443065,475455269391.8375,USD,Electronic technology,Strong buy,100.11457240038563,93.89464873250957,88.346868495387,1.540404040404039,34.14512093411176,57.387957466240465,117.48800000000003,101.81999999999995,89.89829999999995,77.88490000000002,39.32646541044532,1.163165,25.71311475409837
COST,Costco Wholesale Corporation,1029.1,USD,-2.032462278071316,849197,0.4295376894604523,456562794164.9143,USD,Retail trade,Buy,1016.5669637465643,1005.9167866565264,992.0986575367184,-1.9904761904761992,2.4000477621445095,19.504377917644046,1064.8700000000003,1026.5850000000003,1008.0084000000003,957.3255250000001,53.52007197724187,4.976374,12.251891462731184
MA,Mastercard Incorporated,499.32,USD,-0.06004563468236086,717423,0.2328114843320212,441191098591.62555,USD,Finance,Strong buy,500.52720749582187,505.8350824105197,514.7817313257364,1.5931148141366018,-2.489893959810193,-12.50898004240333,500.49399999999997,500.13300000000027,501.85699999999946,543.414,28.897505642687655,4.766827,21.205106621773286
CAT,"Caterpillar, Inc.",889.135,USD,2.6774063167619313,917737,0.394888880072818,409568506042.2824,USD,Producer manufacturing,Buy,841.8466269024726,803.4046862433914,752.8571406675787,-0.46847714144987895,9.431999999999999,53.93878010353364,870.3489999999993,881.8574000000004,798.9531600000004,625.9869399999995,44.23425171387919,6.120328,-2.04958774340682
LRCX,Lam Research Corporation,307.51,USD,1.7436474325039641,2724577,0.33879124341962197,384563089598.8008,USD,Producer manufacturing,Strong buy,273.14002400378735,258.37766993876335,239.01966976239098,5.0454328072692425,17.500286576745257,72.90413269609222,290.63599999999997,280.196,255.8500000000001,188.53545000000005,58.04156206942111,1.664497,47.59583240472476
ABBV,AbbVie Inc.,216.78,USD,1.0629370629370634,2608505,0.5029385359193251,383005353303.4319,USD,Health technology,Strong buy,210.04162000227794,211.702211320249,213.73414184621979,3.047012406711982,5.658722035385297,-5.228643875142087,213.3500000000002,207.37449999999995,208.33559999999994,219.23794999999987,106.91985203452529,3.763958,-13.546819034623924
CVX,Chevron Corporation,190.95,USD,-0.03141196795979387,2419155,0.2583147763125087,380295584833.73724,USD,Energy minerals,Strong buy,189.2079452534614,187.56893553168507,183.21977093888813,-0.11508081811999732,1.9650771613178717,25.488778628462523,193.33199999999988,189.22950000000012,193.28979999999964,169.25450000000012,33.13665943600867,4.810168,-33.93295269542089
NFLX,"Netflix, Inc.",88.57,USD,-0.8174692049272162,10715433,0.34624802991539433,372950421704.8696,USD,Technology services,Strong buy,90.90392609815365,91.84534959718688,93.56045611855907,2.3989826001502843,-4.824844186546324,-5.906724742377565,88.98799999999993,89.19599999999991,93.68139999999983,101.88122000000004,28.61989853620706,0.787837,46.23854078064454
BAC,Bank of America Corporation,51.885,USD,0.7671392503398641,11993506,0.3479121005673893,368206601380.5317,USD,Finance,Strong buy,51.31598095655804,51.32017991561326,51.362649661306094,4.354384553499596,-3.325880380100622,-5.715064510267133,51.198999999999884,51.731250000000045,50.83829999999996,51.736800000000066,12.874050915587317,1.098264,20.322436184505147
BAC/PQ,"Bank of America Corporation Depositary shares, each representing 1/1,000th interest in a share of 4.250% Non-Cumulative Preferred Stock, Series QQ",16.73,USD,0,88095,0.3759599044384564,365403448108.0,USD,Finance,,17.063312854687304,17.17151874120348,17.2900867757373,-1.064458900059135,-4.071100917431197,-5.266138165345412,16.737999999999996,17.008499999999962,17.124400000000023,17.630077854999996,4.1511587514267285,1.098264,20.322436184505147
BAC/PP,"Bank of America Corporation Depositary Shares, each representing a 1/1,000th interest in a share of 4.125% Non-Cumulative Preferred Stock, Series PP",16.425,USD,0.15243902439025692,54504,0.9729990270723805,365403448108.0,USD,Finance,,16.696126141012734,16.7882316919248,16.88731323645272,-0.9945750452079514,-2.4064171122994513,-4.837775202781001,16.414999999999985,16.64312999999999,16.74035,17.162416500000003,4.075480125055829,1.098264,20.322436184505147
BAC/PM,"Bank of America Corporation Depositary Shares, each representing a 1/1,000th interest in a share of 5.375% Non-Cumulative Preferred Stock, Series KK",21.515,USD,-0.0232342007434898,31240,0.5055932466725361,365403448108.0,USD,Finance,,21.91164159926011,22.018252884488486,22.131892729950543,-1.2167125803489465,-2.9981965734896265,-2.426303854875284,21.573000000000043,21.883259999999943,21.919201999999977,22.46728200000007,5.338444742196417,1.098264,20.322436184505147
BML/PL,Bank of America Corporation Depositary Shares (Each representing a 1/1200th Interest in a Share of Floating Rate Non-Cumulative Pref,19.695,USD,0.02539360081259017,4205,0.3465097690209554,365403448108.0,USD,Finance,,19.635150812778594,19.634096826950586,19.68712366401888,0.22900763358779494,0.5873340143003166,1.888256595964832,19.692899999999945,19.636224999999964,19.57861799999996,19.917127500000003,4.886854250409409,1.098264,20.322436184505147
BACRP,Bank of America Corp.,214.77,USD,10.706185567010316,5,0.28089887640449435,365403448108.0,USD,Finance,,214.16106194659818,217.94992856775912,220.15333857558227,7.385000000000005,-0.10697674418604175,-12.338775510204078,202.95600000000013,217.064,219.46330000000006,219.35097499999986,53.29015929730535,1.098264,20.322436184505147
BAC/PK,"Bank of America Corporation Depositary Shares, each representing a 1/1,000th interest in a share of 5.875% Non- Cumulative Preferred Stock, Series HH",24.39,USD,-0.44897959183673236,19027,0.3497584576583996,365403448108.0,USD,Finance,,24.72560521129375,24.764855088086534,24.79022200292542,-1.0146103896103895,-2.283653846153847,-0.8133387555917011,24.522000000000013,24.79485634999996,24.757456540000067,24.898998634999934,6.051808843233587,1.098264,20.322436184505147
BAC/PO,"Bank of America Corporation Depositary shares, each representing 1/1,000th interest in a share of 4.375% Non-Cumulative Preferred Stock, Series NN",17.27,USD,0.2030751378009872,53977,0.7986275507788457,365403448108.0,USD,Finance,,17.550646882812458,17.661328819235024,17.78652599113097,-0.6329113924050601,-2.1529745042492863,-4.953219592735289,17.26300000000002,17.490754999999957,17.604654000000025,18.137944319999953,4.285147139099797,1.098264,20.322436184505147
BAC/PS,"Bank of America Corporation Depositary shares, each representing 1/1,000th interest in a share of 4.750% Non-Cumulative Preferred Stock, Series SS",18.71,USD,-0.2133333333333288,42378,0.7805354232090398,365403448108.0,USD,Finance,,19.16475788835866,19.294369176641645,19.42624337641959,-1.6298633017875854,-4.638124362895006,-5.121703853955365,18.780000000000022,19.122000000000018,19.27941200000003,19.795654499999998,4.64244950622798,1.098264,20.322436184505147
BAC/PN,"Bank of America Corporation Depositary shares, each representing 1/1,000th interest in a share of 5.000% Non-Cumulative Preferred Stock, Series LL",20.02,USD,0.09999999999999788,57100,0.6965147426920844,365403448108.0,USD,Finance,,20.420791648394022,20.54179510090005,20.65892101862743,-1.330704780680136,-3.1446540880503244,-3.888622179548722,20.065999999999995,20.374294999999904,20.464217999999974,20.96033971999997,4.967495409657089,1.098264,20.322436184505147
BAC/PE,Bank of America Corporation Depositary Sh repstg 1/1000th Perp Pfd Ser E,19.2201,USD,-0.4139896373057102,4006,0.2591806630263192,365403448108.0,USD,Finance,,19.33348222486467,19.42069922608602,19.610284714920677,-1.232785200411111,-0.9783616692426662,1.963395225464176,19.296040000000023,19.34473499999989,19.242724000000077,20.25797599999995,4.769018907250261,1.098264,20.322436184505147
BML/PH,Bank of America Corporation Depositary Shares (Each representing a 1/1200th interest in a Share of Floating Rate Non-Cumulative Pref,19.3199,USD,0.05126877265666388,3697,0.19264840753710186,365403448108.0,USD,Finance,,19.30077947208163,19.309391978575455,19.371163817271324,0.20695020746887643,0.05126877265666389,4.206580366774549,19.32197999999997,19.334104999999983,19.269842000000004,19.683240500000036,4.793781946305395,1.098264,20.322436184505147
BAC/PB,"Bank of America Corporation Depositary Shares, each representing a 1/1,000th interest in a share of 6.000% Non-Cumulative Preferred Stock, Series GG",24.6201,USD,-0.12129817444218181,51106,0.5213557330155919,365403448108.0,USD,Finance,,24.949783607228262,25.003485528341397,25.05088804425389,-1.163789642713767,-2.610363924050634,-1.9510155316606876,24.708020000000015,24.986754999999945,25.02854799999995,25.211969499999913,6.108902783980945,1.098264,20.322436184505147
BAC/PL,Bank of America Corporation Non Cumulative Perpetual Conv Pfd Ser L,1198.08,USD,0.12033694344162213,1066,0.13516426388730393,365403448108.0,USD,Finance,,1210.11113224388,1215.504470773483,1222.3082712027012,0.10695187165775173,-3.0679611650485494,-4.2149024624240505,1195.8739999999975,1212.740249999999,1209.1916999999976,1243.8181119999938,297.2755694506476,1.098264,20.322436184505147
BML/PG,"Bank of America Corporation Depositary Shares (Each representing a 1/1200th interest in a share of Floating Rate Non-Cumulative Preferred Stock , Series 1)",19.275,USD,0.23400936037440537,818,0.10983551527358174,365403448108.0,USD,Finance,,19.28273330999132,19.29977849148838,19.387398438382085,0.1298701298701225,-0.6443298969072165,4.132901134521863,19.314999999999962,19.328500000000023,19.242724000000063,19.75972450000012,4.782641059997022,1.098264,20.322436184505147
BML/PJ,Bank of America Corporation Depositary Shares (Each representing a 1/1200th interest in a Share of Floating Rate Non-Cumulative Pref,20.18,USD,0.27329192546583714,454,0.03590891474401057,365403448108.0,USD,Finance,,20.069995005283218,20.063674402114877,20.15117279390567,-0.8353808353808436,2.4365482233502562,1.6624685138538955,20.166000000000043,20.179999999999918,19.87847200000004,20.488536499999956,5.007195672671331,1.098264,20.322436184505147
IDCBF,Industrial and Commercial Bank of China Ltd.,0.874,USD,0.4597701149425292,2000,0.03383258958023906,361477999776.4971,USD,Finance,Strong buy,0.8683708079774941,0.8527912515393467,0.8343859914058451,-4.761904761904758,-1.907968574635243,9.373044675259663,0.8919839999999992,0.8573353500000002,0.8219742200000006,0.7057172700000003,nan,0.0352704,nan
UNH,UnitedHealth Group Incorporated,388.29,USD,1.5190336749633973,1895523,0.28052420791684024,352623379069.2689,USD,Health services,Strong buy,357.03019875251084,341.97796703761253,332.8273386199098,-0.43846153846153324,10.66176470588236,17.345381465419557,386.8880000000002,379.6224999999998,330.64439999999917,324.0331750000004,29.3252673554468,4.83114,-44.64988148934658
KO,Coca-Cola Company (The),81.27,USD,0.12319822594553938,3574840,0.26178169389475575,349662738538.48236,USD,Consumer non-durables,Strong buy,78.78426242176974,77.86123782802284,76.60215930599581,0.4946209966612977,8.504672897196249,16.34931997136722,81.42199999999995,79.50074999999995,77.43809999999993,72.76402500000012,25.587985264947577,0.931987,27.166079436258816
AMAT,"Applied Materials, Inc.",435.71,USD,1.9538562336203589,1847335,0.21932645602647236,345783741678.2651,USD,Producer manufacturing,Strong buy,409.03200270768383,389.6609005655482,362.4635839764669,-1.2689492646892258,8.962912946707673,63.13838550247117,422.08000000000027,416.40200000000004,389.0553999999998,287.2624749999999,40.93864511885746,3.353205,29.538345443701996
PG,Procter & Gamble Company (The),144.2,USD,0.5578800557879937,1721696,0.23822858914369996,335783978969.5844,USD,Consumer non-durables,Buy,145.69592090532166,146.84324874788769,148.0734299930741,1.4778325123152671,1.1965332116916272,0.7616518761791453,142.74599999999992,144.73000000000027,144.85939999999994,149.85734999999997,21.089887969111064,1.424693,8.592211422400094
RHHBF,Roche Holding Ltd,425.135,USD,2.442168674698793,11,0.5978260869565218,334395727634.9929,USD,Health technology,Buy,418.155879638291,419.66195747366146,417.5581567551381,0.3576318398564719,2.0732292917166846,0.0317647058823508,424.0086000000003,420.82415500000036,421.16562199999987,388.1795190000001,21.01224120233472,12.785254,78.0470861833516
ACGBF,Agricultural Bank of China,0.748975,USD,-0.13666666666667382,4883,1.720517247454283,328187468396.3006,USD,Finance,Strong buy,0.7266542207227235,0.7213455195135966,0.7099574101055548,-0.13666666666667382,0.8992321163949868,9.515280011697616,0.7485950000000001,0.7357696499999997,0.7137636599999999,0.48572895499999996,6.351175364086072,0.027187600000000003,4.890422600980622
BABAF,Alibaba Group Holding Limited,17.095,USD,-0.16935295491707497,1038,0.040588732130009075,328105570380.8933,USD,Retail trade,Strong buy,17.13754055666044,17.417235668187807,17.795236409794498,3.6060606060605993,4.877300613496921,-0.8985507246376877,17.221999999999998,16.97425,16.521138,18.817682499999993,22.185480367359837,0.18423859642999998,-17.35061036113446
PLTR,Palantir Technologies Inc.,136.825,USD,-0.4293563293672477,16692070,0.4926933996265481,328012237924.56024,USD,Technology services,Buy,139.9228881645281,142.92476230224477,146.9976426237063,3.264150943396218,-7.7750067403613,-24.53116381687811,136.358,137.42299999999994,142.64280000000002,162.63292499999997,154.15164488508336,0.341023,287.59825327510913
RHHVF,Roche Holding Ltd,411.25,USD,-2.698188116047641,338,0.15811386069139732,327782060689.22144,USD,Health technology,Buy,410.56340403192,412.7569202276328,410.6627298375177,-2.1113015328953644,2.8125,2.6508249507026447,413.392,406.90514999999994,402.4438539999997,389.0634610000002,20.32597691194598,12.785254,78.0470861833516
MS,Morgan Stanley,202.49,USD,0.987481921101201,1423201,0.28313007478273283,319384413103.42065,USD,Finance,Buy,188.5027029071422,183.72601384270757,178.9416990827771,5.124078496521651,5.644824707846407,13.43584572724982,196.61000000000016,192.4575,180.31400000000008,169.61770000000007,18.339658186231446,2.754338,29.550841292563295
MS/PP,"Morgan Stanley Depositary Shares, each representing 1/1,000th of a share of 6.500% Non-Cumulative Preferred Stock, Series P",25.185,USD,-0.09916699722333253,29263,0.507439134355275,316261389063.0,USD,Finance,,25.25114842862948,25.311707166422703,25.389435286373693,-0.25742574257426254,-0.13877874702617027,-1.2740101920815476,25.157300000000014,25.241875000000004,25.261749999999953,25.58108649999994,2.2810227241850902,2.754338,29.550841292563295
MS/PF,Morgan Stanley Dep Shs Rpstg 1/1000th Int Prd Ser F Fxd to Flag,25.265,USD,0.05940594059406166,29434,0.44633217279487586,316261389063.0,USD,Finance,,25.25334406741898,25.26210985651666,25.275327974886512,-0.21721958925750282,0.20703769513897358,0.4572564612326123,25.257000000000044,25.25033000000013,25.256442000000003,25.32132950000001,2.2882683790564347,2.754338,29.550841292563295
MS/PE,Morgan Stanley DEPOSITARY SHARES REP 1/1000TH SHARES FIXED/FLTG PREFERRED STOCK SERIES E,25.3943,USD,-0.022440944881879428,14668,0.3349286666788448,316261389063.0,USD,Finance,,25.387316813169154,25.40800277558472,25.437845092720618,0.13525236593060638,0.2538491906829961,0.3727272727272747,25.394859999999944,25.38183499999997,25.388961999999957,25.533710500000044,2.299979168742245,2.754338,29.550841292563295
MS/PA,Morgan Stanley Dep Shs repstg 1/1000 Pfd Ser A,19.6399,USD,0.05043301069792051,13801,0.22202130928384012,316261389063.0,USD,Finance,,19.55712990104368,19.59030831367447,19.737309235979584,-0.2037601626016205,1.7084412221646923,1.7084412221646923,19.637980000000084,19.540494999999996,19.407586000000016,20.347335999999952,1.7787992138464466,2.754338,29.550841292563295
MS/PL,"Morgan Stanley Depositary Shares, each representing 1/1,000th of a share of 4.875% Non-Cumulative Preferred Stock, Series L",19.73,USD,-0.15182186234818387,12282,0.34448617371280477,316261389063.0,USD,Finance,,20.26169477309621,20.371805390573908,20.480871251129383,-2.0843672456575595,-3.520782396088014,-3.662109375,19.798000000000002,20.25850000000002,20.31735339999994,20.806298350000098,1.7869596326452981,2.754338,29.550841292563295
MS/PO,"Morgan Stanley Depositary Shares, each representing 1/1,000th of a share of 4.250% Non-Cumulative Preferred Stock, Series O",16.91,USD,-0.059101654846344935,20384,0.13048056457936597,316261389063.0,USD,Finance,,17.2752316933942,17.388432665510756,17.50608973078362,-1.1111111111111185,-3.260869565217393,-4.301075268817213,16.95800000000001,17.232754999999965,17.368104000000013,17.8484635,1.53155029843041,2.754338,29.550841292563295
MS/PK,"Morgan Stanley Depositary Shares, each representing 1/1,000th of a share of Fixed-to-Floating Rate Non-Cumulative Preferred Stock, Series K",23.51,USD,-0.3813559322033892,34210,0.8076034173829494,316261389063.0,USD,Finance,,23.990044027650654,24.10971278913575,24.223647425168505,-1.4668901927912736,-3.2259392352749874,-4.2362525458248435,23.636999999999993,24.034749999999967,24.02587999999995,24.518136500000036,2.129316825316318,2.754338,29.550841292563295
MS/PI,Morgan Stanley Depository Shares Representing 1/1000th Preferred Series 1 Fixed to Floating Non (Cum),25.065,USD,0.05908136461984749,23469,0.3622206445240153,316261389063.0,USD,Finance,,25.071855150557997,25.09437010361871,25.1190042562381,-0.01994415636218191,0.09984025559106283,0.13983220135837052,25.051170799999976,25.083117699999963,25.07066507999998,25.193522270000116,2.270154241878074,2.754338,29.550841292563295
MS/PQ,"Morgan Stanley Depositary Shares, each representing 1/1,000th of a share of 6.625% Non-Cumulative Preferred Stock, Series Q",25.5202,USD,0.0792156862745063,8385,0.17262570177443162,316261389063.0,USD,Finance,,25.600307549248296,25.70171818338551,25.821591992681746,-0.11663405088063249,-0.27276279796795916,-2.7060617613419797,25.47303999999999,25.535259999999976,25.590204000000043,26.088493499999995,2.311382018096023,2.754338,29.550841292563295
GE,GE Aerospace,302.73,USD,0.3214475079533494,1340284,0.29689194306765854,315849505078.6165,USD,Electronic technology,Strong buy,295.0052982958552,297.4600651089589,298.6679981189927,6.824517449451298,5.609628466771339,-2.266343825665854,295.18600000000004,292.42550000000017,293.95640000000003,300.1737500000001,37.309588365787526,1.858427,26.528193612774466
HD,"Home Depot, Inc. (The)",312.325,USD,-0.4637006820064964,1252402,0.23785618760024094,311084353303.6433,USD,Retail trade,Strong buy,322.36184508996394,330.9922929751598,340.82580735053745,4.369256474519628,-9.194650385230412,-9.057158664065462,307.78700000000055,314.6517500000008,326.4447000000007,366.03152499999976,22.17981038951816,4.731021,-4.46937986336777
CICHF,China Construction Bank Corp.,1.15,USD,-2.5423728813559343,1045,0.029950073657118943,308956705640.0288,USD,Finance,Strong buy,1.0827233088114216,1.0606258015694028,1.0392352712436286,5.022831050228305,-0.17361111111111127,14.28003577461989,1.1343999999999994,1.1229500000000001,1.0748551999999996,1.0139693099999998,6.067478187125733,0.0448228,2.8443148205674262
HBCYF,HSBC Holdings Plc,17.8275,USD,1.0216918264653827,21462,1.5216312408717723,306339993566.4621,USD,Finance,Buy,17.29891877633097,17.078111939255052,16.65306345543116,1.6970907016543035,0.42983009599350924,11.074766355140186,17.620939999999997,17.539159999999995,17.019618,15.283830499999999,14.947073400338255,0.445374,8.839871595954788
MRK,"Merck & Company, Inc.",122.0,USD,5.281325509147398,7190503,0.905590210254647,301318577330.6179,USD,Health technology,Strong buy,115.91133253374977,115.31552210256959,112.94458721572492,9.485775823386874,8.343324008702984,15.60693641618497,115.53600000000003,112.7810000000001,115.69020000000005,102.30289999999987,34.33524710120455,2.106356,-48.270440251572325
GS,"Goldman Sachs Group, Inc. (The)",1001.2,USD,1.318599026483306,727522,0.35885114480905084,295361419562.01996,USD,Finance,Buy,933.0708361150122,914.7546786333606,894.1479678395716,5.640787557769012,6.624068157614488,13.257918552036204,969.318,942.4749999999995,896.1580000000006,848.5252499999998,18.29631551824332,13.687008,26.993564617230493
PM,Philip Morris International Inc,189.025,USD,0.29979836570094326,742035,0.146328055852717,294606594827.77954,USD,Consumer non-durables,Strong buy,175.36953518112384,172.80440442240206,170.74169681150894,-0.21379929261468675,19.74976243268927,17.94895794334208,189.8369999999999,177.99175000000002,168.82030000000006,165.45690000000027,26.619115348326318,2.061861,45.92400797320346
PCCYF,"PetroChina Co., Ltd.",1.37,USD,-2.142857142857129,6025,0.06336795695396279,292808131041.76056,USD,Energy minerals,Strong buy,1.3675538729749706,1.3358384028379648,1.2817109606937394,5.3846153846153895,3.787878787878791,24.545454545454543,1.4060000000000006,1.4292599999999993,1.3833519999999995,1.13699775,11.240525662444176,0.04653738232,-2.990429085349199
GS/PA,"Goldman Sachs Group, Inc. (The) Depositary Shares each representing 1/1000th Interest in a Share of Floating Rate Non-Cumulative Preferred Stock Series A",19.52,USD,-0.20449897750510812,26808,0.5439184528108946,291517473001.0,USD,Finance,,19.482769042616212,19.55657465738379,19.72749732650182,0.05125576627369559,-1.114488348530896,0.618556701030933,19.45699999999999,19.408999999999956,19.43806000000008,20.34927999999998,0.3567160196924786,13.687008,26.993564617230493
GS/PC,"Goldman Sachs Group, Inc. (The) Depositary Share repstg 1/1000th Preferred Series C",19.7286,USD,-0.6616314199395735,5297,0.3068856637988471,291517473001.0,USD,Finance,,19.640928055012694,19.714698218836656,19.881204648575554,0.1451776649746236,-0.41090358404845323,-1.1593186372745525,19.724759999999982,19.555904999999974,19.57486200000002,20.415808500000043,0.36052805666521687,13.687008,26.993564617230493
GS/PD,"Goldman Sachs Group, Inc. (The) Dep Shs repstg 1/1000 Pfd Ser D Fltg",19.36,USD,-0.048705604923710386,42984,0.37676906328394943,291517473001.0,USD,Finance,,19.254839006399127,19.347768928568417,19.520948449896956,1.2552301255230043,0.2589331952356329,-0.7179487179487208,19.2254329999999,19.13935824999993,19.228523299999928,20.042401825000077,0.3537921178917206,13.687008,26.993564617230493
AZN,AstraZeneca PLC,187.775,USD,-1.0408432147562552,903798,0.5810384577850004,291210505263.4954,USD,Health technology,Strong buy,188.84529426256353,189.81738478716295,188.3013667490279,2.3687510221883,-4.46451284660392,1.4670917540257231,186.70900000000023,185.03474999999995,191.24669999999986,178.4109915,28.615463850001845,2.495819,29.767648087677678
CTATF,CONTEMPORARY AMPEREX TECHNOLOGY CO LTD,86.1966,USD,0.8147368421052674,350,0.2563726926457662,288435554859.54694,USD,Producer manufacturing,Strong buy,84.03737578775107,81.30755861870759,77.27071518704395,-0.9234482758620648,-4.828751242133145,31.357208168241385,86.59132000000002,84.81867999999997,80.69462400000003,nan,35.06176888355616,0.71238397349,nan
TXN,Texas Instruments Incorporated,314.59,USD,5.429136365159687,3179545,0.482096534541436,286306118852.2534,USD,Electronic technology,Buy,271.7565579901401,252.85876659845167,235.04753288889071,1.9575433479176678,33.07248154649858,79.8016746206384,304.1540000000002,291.0565,242.1466999999995,200.75332499999956,53.81930781995791,1.905795,10.750487883438492
GEV,GE Vernova Inc.,1051.66,USD,0.7510873522254935,793785,0.38420875097705726,282602061942.1644,USD,Producer manufacturing,Strong buy,1014.4657145741561,964.4640930009784,896.0791120291808,0.25357483317445967,-2.276613143027059,59.05564209985027,1028.8100000000002,1064.2009999999993,986.5980000000001,741.0773499999997,30.640006293137862,3.115488,389.82617878753274
LVMHF,LVMH-Moet Hennessy Louis Vuitton,546.0,USD,-1.9446917776852788,1978,0.5611029161466017,270386764514.94455,USD,Consumer non-durables,Strong buy,551.2909515777944,566.4389900509186,587.1424289734952,2.174482577940792,-3.237811685895047,-27.359808421472756,543.2158199999998,538.1390300000021,546.0784120000019,633.0424789999979,21.265803318835072,12.59959685387,-1.2521334096479337
NVSEF,Novartis AG,147.39,USD,-1.1203542197772816,161,0.24427249279320284,269075949235.18423,USD,Health technology,Buy,147.76515758473954,148.68474828400383,147.31406682885003,-0.6069188751770218,1.2920074221702946,5.572666714418718,145.7495,146.4810099999999,152.12026200000008,126.89769599999978,20.982056357231098,2.179939,9.675179222387847
RY,Royal Bank Of Canada,189.89,USD,0.3753039433343797,233574,0.25312236154773377,265202243211.6068,USD,Finance,Strong buy,179.1871233971333,175.38309583957843,170.84462700296172,3.279669313608165,6.649817467003636,10.89114692828777,186.92200000000003,181.756,173.25079999999988,160.00675000000018,17.768718608160448,2.7960675778,26.4557125365949
BACHF,"Bank of China, Ltd.",0.6774,USD,1.604919754012306,3237,0.34098450453487267,259067586900.32193,USD,Finance,Strong buy,0.6417082427354801,0.6302648781451936,0.6174102876947583,1.604919754012306,3.635662662399257,16.79310344827587,0.6666099999999999,0.658215,0.6139738199999989,0.5803450449999997,5.80322448021112,0.029392,4.854735561515836
NSRGF,Nestle S.A.,98.706,USD,-0.10120842863793121,7080,1.013586061760032,253894036224.0957,USD,Consumer non-durables,Buy,99.15642279914049,99.19413877372463,98.97767926905298,-1.2505502421065269,3.122208582547603,-1.5656787267142618,99.62944000000013,99.11376000000014,98.59175600000009,97.238733,22.31539083910635,2.681599,-4.280172410629131
QCOM,QUALCOMM Incorporated,238.71,USD,11.855114568202058,19805155,0.7383301513932542,251600344317.60748,USD,Electronic technology,Buy,186.06105933387835,173.32352980651976,165.8826051402461,15.447115152101368,74.69994145199065,37.34910643390603,210.776,194.92249999999996,156.57439999999994,160.55759999999998,25.96536645854635,2.207956,-6.380855397148674
TOYOF,Toyota Motor Corp.,19.2,USD,1.4799154334037925,35662,3.212242949405057,250241100000.0,USD,Consumer durables,Strong buy,19.86464741335045,20.37239122290436,20.707366018380018,1.0526315789473648,-10.48951048951049,-9.004739336492902,19.128199999999985,19.123784999999998,20.22511799999999,20.802318,10.325393386684015,0.442322462064,-22.622851784370432
KLAC,KLA Corporation,1900.02,USD,3.1397583298049003,270401,0.2999052263061606,248194903417.06647,USD,Electronic technology,Strong buy,1773.1130685121384,1694.8479382261364,1590.2937645212644,4.346072518329154,4.800357420614563,50.82995292567336,1813.7399999999993,1808.447500000001,1692.5047999999992,1328.3957249999999,53.71354584826931,9.932792,28.557358579709614
RYDAF,SHELL PLC,44.25,USD,1.3281428898557321,659,0.15105324684255164,246651655996.88943,USD,Energy minerals,Buy,43.37648181328107,42.83510901266991,41.744894442534694,5.306996668253205,0.5681818181818182,21.315969842357774,43.804999999999964,43.60487500000005,44.63531199999998,38.86543949999999,13.979873910067424,1.353879,44.464702042498494
SFTBF,Softbank Group Corp,42.42,USD,3.463414634146346,135602,4.246865790372033,242154756416.01413,USD,Communications,Strong buy,35.096696427491224,32.750208438123714,30.938894216987737,21.200000000000006,24.76470588235295,50.96085409252669,38.099000000000004,36.78206,30.358434000000006,29.451871375,7.723132836357092,0.13793032968,325.63050279147217
IBM,International Business Machines Corporation,256.91,USD,1.5574969363956304,12582223,1.4304545818142083,241465921746.26038,USD,Technology services,Buy,240.05314346079788,245.4075815706721,253.3931366917534,17.552047586364683,0.9429884876822263,-13.661110364296269,235.99200000000005,228.58650000000026,237.99280000000013,269.9846,22.716702183158993,3.02242,94.53513374043176
LIN,Linde plc,516.575,USD,0.40135274338692245,597748,0.333083563938634,238967350454.4332,USD,Process industries,Strong buy,502.97876153324523,496.1187283669296,486.5118383772813,2.0052525571659943,4.051685936429937,21.18208689124521,510.929,505.5732499999998,499.9305000000007,464.61597499999993,34.28564791462023,4.481912,9.33896472398204
SMAWF,Siemens AG,312.48,USD,3.006329113924052,4032,0.9197919518204215,238192293753.6691,USD,Producer manufacturing,Strong buy,293.69600645474725,287.7464497144867,283.5055323267737,2.4524590163934485,10.828161021457715,9.688289806234213,300.84560000000016,302.77306500000003,276.945632,279.0338335,27.626027993826902,3.0957696394800003,-15.273050717717544
RTX,RTX Corporation,176.81,USD,0.4716445050574,1149963,0.2094555693924128,238107077264.04086,USD,Electronic technology,Strong buy,181.31579332342298,184.79902390418025,185.47264480675412,2.9881174277725973,-5.824389464433142,-3.6457765667574917,175.61600000000004,175.39199999999988,187.5886,180.27675000000002,33.13654934592751,1.657595,56.45672061928219
WFC,Wells Fargo & Company,76.265,USD,0.45442571127502485,2866446,0.17794645033847492,233385343013.86554,USD,Finance,Strong buy,78.01724398760123,79.60638926062055,81.18143917657927,4.002454657029868,-6.480686695278966,-18.2583065380493,75.38299999999991,77.36575,79.01029999999997,84.07362500000005,11.777468921318818,1.701831,16.344460814258504
WFC/PL,Wells Fargo & Company 7.50% Non-Cumulative Perpetual Convertible,1180.995,USD,0.33942225998299835,2700,0.579984104139368,232329577678.0,USD,Finance,,1187.3107399696046,1192.145056140867,1198.5968017921084,0.017361258140730126,-2.2719185733791347,-2.876304514091642,1177.0819999999972,1187.3630000000012,1182.2799020000014,1219.9027250000047,182.37896687514476,1.701831,16.344460814258504
WFC/PD,"Wells Fargo & Company Depositary Shares, each representing a 1/1,000th interest in a share of Non-Cumulative Perpetual",16.77,USD,0.17921146953405698,63727,0.7321963247138521,232329577678.0,USD,Finance,,17.178133054925468,17.28541563764734,17.385331535649833,-1.0619469026548656,-3.731343283582101,-5.680539932508445,16.780999999999963,17.12735,17.25094200000002,17.65310599999999,2.5897614083854528,1.701831,16.344460814258504
WFC/PY,"Wells Fargo & Company Depositary Shares, each representing a 1/1,000th interest in a share of Non-Cumulative Perpetual",23.385,USD,-0.1920614596670856,10059,0.3033785128752647,232329577678.0,USD,Finance,,23.766479942921674,23.8771045007198,23.980309864947145,-0.48936170212765295,-2.3998330550918165,-3.7258130918073182,23.367299999999965,23.74506999999996,23.80613200000005,24.30228449999998,3.611304146397962,1.701831,16.344460814258504
WFC/PA,"Wells Fargo & Company Depositary Shares, each representing a 1/1,000th interest in a share of Non-Cumulative Perpetual",18.445,USD,0.13572204125949283,19867,0.2213028653413224,232329577678.0,USD,Finance,,18.81809743988204,18.921787677422,19.027301713942588,-1.2051419389394826,-3.1758530183727056,-4.922680412371125,18.407120000000006,18.759530000000012,18.86212599999996,19.32491800000003,2.8484286927650375,1.701831,16.344460814258504
WFC/PC,"Wells Fargo & Company Depositary Shares, each representing a 1/1,000th interest in a share of Non-Cumulative Perpetual",17.25,USD,0.3490401396160484,41240,0.5318120036829658,232329577678.0,USD,Finance,,17.51604800803723,17.611099286324478,17.71736167342295,-0.4616272360069146,-2.4321266968325777,-4.69613259668509,17.229999999999997,17.47099999999999,17.518791999999983,18.0039795,2.66388695853602,1.701831,16.344460814258504
WFC/PZ,"Wells Fargo & Company Depositary Shares, each representing a 1/1,000th interest in a share of Non-Cumulative Perpetual",18.66,USD,0.21482277121374405,99190,0.5200417123889884,232329577678.0,USD,Finance,,18.975502302593373,19.09775678472232,19.222209358486772,-0.5860415556739448,-2.55874673629242,-4.503582395086996,18.613999999999994,18.89390500000001,19.031362000000016,19.55225424499997,2.8816307621033124,1.701831,16.344460814258504
LRLCF,L'Oreal Co.,422.8,USD,1.70796247293722,708,0.7591679176495818,225110685989.26584,USD,Consumer non-durables,Buy,424.8372054957474,426.59285672980315,429.0236789325738,1.6431670933852696,1.4444071212630258,-3.05420526460607,417.54000000000076,424.45502500000055,417.36190599999884,437.04396300000013,31.45330291345542,8.557194053869999,8.615986865506477
SNDK,Sandisk Corporation,1515.09,USD,-1.76042639277934,5492860,0.43598849500777676,224369324354.03134,USD,Electronic technology,Strong buy,1202.2728109871425,1037.733944968371,858.0972733163716,5.826761753756092,64.32468194488129,520.049109883364,1433.2379999999996,1339.9029999999998,1005.7935999999999,456.72222500000004,52.66745692127465,32.991608,nan
C,"Citigroup, Inc.",125.55,USD,0.2635361763296584,2246674,0.26567550004469365,215306635045.8493,USD,Finance,Strong buy,123.45648169333191,121.11667708027117,117.7522355215777,1.8165598897088595,-5.177296929874253,7.115433836703356,123.59399999999998,125.95900000000002,121.72320000000002,109.75980000000001,15.557620817843866,2.636592,27.480096044483766
AXP,American Express Company,312.805,USD,1.002583144979018,922786,0.3433817813628087,213435122974.23328,USD,Finance,Buy,315.08301490610296,318.269817919091,323.34411604010705,-0.4724935569060465,-5.528374256289452,-15.343707713125843,310.77500000000043,315.06324999999975,312.09549999999956,336.7523999999999,19.51128992015968,4.39824,11.993629104931163
BHPLF,BHP Group Limited,42.0,USD,0.9494051195769815,1533,0.011031205430835854,213388972029.94922,USD,Non-energy minerals,Buy,39.989349714335404,38.54559547628733,36.666791809910244,0.9494051195769815,4.607721046077214,48.46235418875928,43.32500000000001,40.74277000000003,38.21940200000004,30.294313355000035,20.18241733750379,1.508583,-1.0764221517754036
PANW,"Palo Alto Networks, Inc.",260.305,USD,2.9198956191681242,3161513,0.36429048845421164,212408878462.3768,USD,Technology services,Strong buy,207.3216276328924,195.2281233841293,188.75599284879982,8.957535422029679,48.32193732193732,40.850062226070015,249.5130000000001,212.40574999999995,183.97199999999992,187.577925,144.03773793714035,0.794728,2.0959267837975206
MBFJF,"Mitsubishi UFJ Financial Group, Inc.",18.878,USD,1.836817262306129,480,0.0032965991459061044,211093796000.0,USD,Finance,Strong buy,18.019466077519287,17.852254529870763,17.576022287733473,-3.6222080408423665,15.46106751640662,11.737200355134659,18.76669999999998,18.257975000000005,17.692069999999987,16.674517499999993,14.116619740720978,0.33023928336,25.681559619459094
TMUS,"T-Mobile US, Inc.",191.05,USD,0.07857517024620518,874140,0.2035323790155963,206755203600.59695,USD,Communications,Strong buy,194.56294772390535,197.75456491906954,201.6715639011248,2.6874496103198062,-0.8768288886582949,-5.537700865265754,191.23600000000005,191.64699999999996,198.15139999999985,213.14135000000016,20.319496293460112,2.60569,-8.355183001120901
SAPGF,SAP SE,175.686,USD,0.24878744650499687,1783,0.4342637244873106,205123755143.09708,USD,Technology services,Strong buy,174.71056932213963,180.9408006116887,192.59608197670315,4.436993972250953,1.2541063915624553,-27.360456462416273,176.78320000000033,171.70219499999973,172.61436999999998,227.0851954999999,23.811894787928313,2.0470971717300004,40.32944821149316
PEP,"PepsiCo, Inc.",149.73,USD,0.5911991938192781,1624117,0.24829650900688793,204646245807.02054,USD,Consumer non-durables,Buy,153.6213521477285,154.31980720611725,153.86814703920012,-0.17334488965932351,-3.446719329356762,4.545454545454539,149.4599999999997,152.685,154.07179999999943,150.6465999999998,23.51620046803097,2.227794,-6.377190918715445
TTE,TotalEnergies SE,91.305,USD,-1.13156469951271,509875,0.5725530718377665,203303293929.54218,USD,Energy minerals,Buy,89.68285579476593,87.13132645714172,83.08814255262011,-1.163671790430817,1.9029017857142998,39.50343773873186,92.50499999999997,91.53075000000004,90.20170000000009,72.09982500000001,13.304594794627072,2.953855,13.176951225257834
VZ,Verizon Communications Inc.,48.425,USD,0.32111042055105454,4919036,0.2655998288769938,202201450464.85236,USD,Communications,Buy,47.57990817412935,47.35097847748124,46.63987112752566,3.9055793991416317,5.547079337401906,18.776060829040947,47.80300000000001,47.42774999999994,48.07709999999994,44.187175000000245,11.79975145593216,1.278802,-2.501663023852507
MCD,McDonald's Corporation,281.01,USD,-1.115490182278843,1248143,0.31689723885149695,199659246396.83344,USD,Consumer services,Buy,290.7071767543072,297.23591509746836,302.22874412414427,1.8816619534479,-6.965734149975176,-7.953093779684898,281.746,282.54800000000023,298.42099999999965,307.97099999999983,23.164810525187743,3.350698,7.012173606210305
NONOF,Novo-Nordisk A/S,44.9163,USD,1.8914535246412896,5265,0.37819472179522173,199608029754.3112,USD,Health technology,Buy,42.837686906450834,43.030157401891884,44.66631388449136,-1.0654185022026408,15.92799070847852,-12.358439024390243,44.32107600000007,44.27961400000005,40.11182359999999,48.945014900000004,10.624012671299884,0.8072415252,24.473615497595326
HESAF,Hermes International SA,1885.21,USD,0.5949005293957282,150,1.670378619153675,197275233945.62927,USD,Consumer non-durables,Strong buy,1952.7138599618208,2028.3557996094394,2127.9165061107165,2.6500920208653267,-2.8081951662129847,-24.35558943904983,1859.0472400000028,1893.080669999999,1953.1680059999946,2336.87807,37.266799274311005,nan,11.395855258297342
KXHCF,KIOXIA HLDGS CORP,357.25,USD,2.071428571428571,418,0.05427655071221742,195089310195.92456,USD,Electronic technology,Strong buy,267.0800585610245,227.8641593156251,182.83539944903583,1.8531717747683536,57.15731127925392,360.90826990065796,339.62600000000003,257.15459999999996,183.23964,nan,56.210263489858804,10.226457360000001,88.7454330367697
ANET,"Arista Networks, Inc.",154.24,USD,3.8024093142203417,5224953,0.4515764706646977,194219409901.1304,USD,Electronic technology,Strong buy,150.30991843249757,147.25879964533763,143.43237443250555,7.8450566354356015,-11.559633027522933,15.061544199925399,145.3219999999999,153.06355000000002,147.06962000000007,139.80180499999994,52.81468292014793,0.88317,23.546831373212623
ADI,"Analog Devices, Inc.",396.88,USD,3.2976757502407583,1645998,0.3552142866237488,193315098600.5341,USD,Electronic technology,Strong buy,385.535070592433,368.18592883372816,346.5918079982853,-7.032091824783318,4.219952207137416,44.28327334860217,402.40600000000006,406.93249999999983,365.0060000000007,294.74667499999975,58.97877905248767,3.29079,83.19222497481829
DELL,Dell Technologies Inc.,296.04,USD,17.104430379746837,10452066,1.643551138074139,193143750035.11093,USD,Electronic technology,Buy,229.80666028501795,207.6412285413932,186.72801007077197,21.030253475061336,37.68661922701271,130.56074766355138,253.01199999999994,234.44850000000002,201.11520000000002,150.27255000000005,33.95771917548951,2.903727,40.20875550837916
ABLZF,ABB Ltd.,106.158,USD,1.703391454301596,1651,0.4527008500137099,191116721936.0727,USD,Producer manufacturing,Buy,99.1522299926013,95.06160072468975,90.28458903331855,3.0660194174757294,9.384853168469865,38.84122416950041,102.85960000000004,102.74401499999999,93.68883599999998,79.84709150000005,nan,0.751844,nan
TD,Toronto Dominion Bank (The),111.82,USD,0.639006390063895,406554,0.337905969394523,188919432024.26913,USD,Finance,Strong buy,105.45191713243685,102.5735915955134,98.91480675691177,3.4412580943570763,5.590179414542009,18.45338983050846,109.76000000000003,107.61850000000008,101.8983999999999,89.83060000000003,12.36741524213387,1.6623524064,178.61071281530073
NEE,"NextEra Energy, Inc.",88.93,USD,-0.8473631397034128,4901837,0.35924195726187463,185449429332.7805,USD,Utilities,Buy,92.42382486199647,91.8413706211311,90.18773101429487,-2.398068375130317,-2.6598073555166293,10.54070851460535,89.19800000000004,93.66250000000008,92.85360000000004,84.73815000000002,22.577369316306587,1.081024,47.29815638906547
BCDRF,Banco Santander S.A.,12.576,USD,1.4193548387096788,4377,0.1181306373170824,184537589320.78348,USD,Finance,Strong buy,12.182751957229602,12.045361403830999,11.8123830763013,2.5774877650897285,1.4193548387096786,3.8823723773335588,12.05439999999999,12.059999999999999,11.794019999999994,11.180340499999994,10.089752293981723,0.28320167961,42.236139397705216
RTNTF,Rio Tinto Ltd.,133.439,USD,5.954422740987768,568,1.8352180936995153,184117334007.3833,USD,Non-energy minerals,Buy,123.22419830905152,119.01356637415971,113.29599177459622,-0.307060141949945,5.485375494071141,38.7532494540917,126.2598,119.05039999999997,113.67120000000001,86.6466770000001,21.220436373221656,3.99314,-5.208519584484585
AMGN,Amgen Inc.,338.79,USD,0.4060221682176529,389720,0.1608491541015131,182847765955.60013,USD,Health technology,Buy,339.8129278378018,342.7928033304196,341.8407839676959,4.068561949960836,-1.5402946903426298,3.047723332420853,332.5839999999998,333.34849999999904,343.8535999999998,327.2163999999996,23.561116056526092,5.585927,31.258158449643542
STX,Seagate Technology Holdings PLC,814.03,USD,0.44049058559335885,1321005,0.39829395755679875,182529128577.17343,USD,Electronic technology,Strong buy,674.5794749509068,599.4516753230333,520.0765078992335,1.6267166042446908,40.34758021413424,188.69383267723512,769.9499999999997,748.6972499999999,579.1871000000001,353.37300000000005,77.26910299003322,5.053711,52.226685547495876
IDEXF,Industria de Diseno Textil Inditex SA,58.63,USD,3.8618246235606724,690,0.18017547524545646,182481527423.73798,USD,Retail trade,Strong buy,59.869982636215425,60.38694850390989,60.54218351458663,1.0905642484589857,-7.977241514616435,-11.59862791661955,57.92750000000003,59.396750000000075,59.86426,58.99121650000001,24.791306607611347,0.5206306559999999,nan
RTPPF,Rio Tinto plc,104.535,USD,3.499999999999997,361,0.22938111577074596,179506196919.28152,USD,Non-energy minerals,Buy,99.8045106371771,96.83316730769978,92.56771554405978,-1.5214319359397166,5.516301604925814,27.078774617067822,104.60700000000001,102.00366500000003,96.79661600000003,74.51763499999997,16.828078420342557,3.814,-10.306158212328349
DIS,Walt Disney Company (The),103.2101,USD,-0.3571152732187693,1705251,0.2243562295666064,179225513515.33954,USD,Consumer services,Strong buy,103.19846422661426,103.43229096442295,104.46420224571241,0.506475800954328,-1.7327430258021557,-9.017894922425953,103.41402000000002,103.97350499999986,101.3208019999998,108.49107549999971,16.513616,1.869912,27.6526214742346
SBGSF,Schneider Electric SE,313.2,USD,2.208646616541344,1207,0.8029536987759446,176402659025.5102,USD,Producer manufacturing,Strong buy,313.3899075418027,307.9091574576113,301.16171341880016,-0.5714285714285751,-5.880373112799303,12.661870503597118,307.1529399999999,318.05272,303.73471800000004,286.65856200000013,36.54488840689807,5.267901350000001,10.360674450376802
T/PC,"AT&T Inc. Depositary Shares, each representing a 1/1,000th interest in a share of 4.750% Perpetual Preferred Stock, Series C",18.37,USD,-0.10875475802066108,88024,0.7104330119231425,176070907955.0,USD,Communications,,18.612835524028416,18.725701380803365,18.865966373656462,-0.5952380952380921,-1.3955984970477617,-3.922594142259414,18.378000000000018,18.60450000000003,18.653800000000018,19.292223499999995,6.162361623616237,0.587082,83.06312945222302
T/PA,"AT&T Inc. Depositary Shares, each representing a 1/1,000th interest in a share of 5.000% Perpetual Preferred Stock, Series A",19.6,USD,-0.10193679918450342,41543,0.5561699074098866,176070907955.0,USD,Communications,,19.910549944429906,20.020808215986275,20.140570089191847,-0.8097165991902842,-1.852779168753117,-3.1620553359683647,19.65100000000005,19.89328499999991,19.960114000000008,20.476028999999972,6.574974840657498,0.587082,83.06312945222302
T,AT&T Inc.,25.305,USD,-0.13812154696132653,10540049,0.3038921033738791,175827716093.18372,USD,Communications,Buy,25.81772760961137,26.161037204507025,26.333907856212395,5.0653933983807296,0.6163021868787322,2.077450584913274,24.997000000000007,25.303750000000004,26.58330000000003,26.541174999999953,8.488762160348877,0.587082,83.06312945222302
BLK,"BlackRock, Inc.",1074.8625,USD,1.0446533490011707,150261,0.25627429524185064,175031582542.83414,USD,Finance,Strong buy,1053.54292796313,1046.576057075425,1047.7838928524948,-0.7348866847675497,1.9097485588592165,0.31942992608077914,1062.4725000000003,1068.3358749999998,1022.6273499999994,1079.0229875000002,27.7248645176933,12.534896,-5.828957020641935
SMEGF,Siemens Energy AG,203.5,USD,0.3352726555566546,8044,1.1028091196994831,173366109107.89368,USD,Producer manufacturing,Strong buy,199.51884570802798,192.60097291919143,181.7143241057109,5.566218809980801,-1.927710843373494,45.357142857142854,200.83216000000004,207.628915,192.82536000000007,151.78804000000002,69.31682498816836,1.32803734953,1156.3335310399368
TJX,"TJX Companies, Inc. (The)",156.605,USD,-0.542995046360992,1533136,0.23029346488427824,173332092200.70245,USD,Retail trade,Strong buy,155.25001923546117,155.5681055692731,154.5844604632385,5.678520817868947,-1.7534504391468104,2.1892332789559474,154.84100000000004,153.62024999999994,156.52629999999988,150.01597500000008,30.42114260183764,1.191171,21.384107521810904
BA/PA,"Boeing Company (The) Depositary Shares, each representing a 1/20th interest in a share of 6.00% Series A Mandatory Convertible Preferred Stock, par value $1.00",69.8,USD,-0.3711104767342351,22883,0.01959253553763842,173119070150.0,USD,Electronic technology,,71.03839290248689,70.94396348906363,70.78722155197222,-0.9085746734809776,-2.8261172212167636,0.489490354160673,69.856,72.23900000000002,69.66719999999998,70.50275949999995,35.88688946015424,-0.278569,nan
MRVL,"Marvell Technology, Inc.",197.72,USD,3.6866117782788823,10727239,0.4384957480778652,173114373331.99664,USD,Electronic technology,Strong buy,158.91771416605826,141.98060489376476,125.74542478804334,8.77362850163942,28.6736951711571,127.9455845054185,184.082,171.29900000000012,137.52740000000006,95.91380000000007,63.966353930766736,0.794244,nan
BA,Boeing Company (The),219.545,USD,-0.029597923591833768,1803362,0.23798823307222214,173067830499.8941,USD,Electronic technology,Strong buy,222.9096318090955,222.31224080687903,221.35520469168094,-0.4240747460087093,-3.3054393305439436,0.6394682557872939,219.3949999999998,227.4462499999996,218.0099000000002,219.57157500000062,112.87660668380462,-0.278569,nan
CRWD,"CrowdStrike Holdings, Inc.",669.78,USD,3.32443731391635,1586809,0.4729706186702573,170483461399.51862,USD,Technology services,Strong buy,522.25178428489,491.6531136220754,474.3975439916655,13.619284302665836,47.097709353655596,41.303797468354425,640.7659999999998,536.9785000000002,462.9538000000002,465.2367000000003,nan,1.068038,-781.7640047675804
ALIZF,Allianz SE,446.0,USD,-2.6838315513855577,118,0.6014271151885832,168897548658.86502,USD,Finance,Buy,441.8345465958716,439.27079481919617,436.23857798100534,2.7697128899949264,-0.754355904670773,-0.18575297092853751,444.75399999999945,446.7980325,434.7126950000001,431.3670847500001,13.721645759646238,nan,nan
GLW,Corning Incorporated,194.505,USD,1.3627599145343734,4097872,0.2736430214349177,167398358137.29358,USD,Electronic technology,Strong buy,173.8284732131237,161.34890767226577,145.66010571975502,0.65462637135168,15.776785714285712,118.76616803509167,184.29300000000003,180.1062499999999,162.3968999999999,109.89537499999997,93.35493160547156,0.757504,298.67967853042484
WDC,Western Digital Corporation,484.435,USD,-0.41627266373390975,2001187,0.3160810334558596,166976084183.22714,USD,Electronic technology,Strong buy,421.0473604679662,380.2951499305209,332.3529868865241,-0.18543892363006528,21.544791941088654,173.3831828442438,468.9989999999999,461.0012500000001,379.3744999999999,221.42152500000003,28.91786701368784,3.270022,218.5112653294039
TMO,Thermo Fisher Scientific Inc,446.67,USD,-0.6008411776487057,740827,0.2981755885120771,165992155717.00864,USD,Health technology,Strong buy,468.551650116893,482.6218698571856,497.22797710226365,1.8771097527597889,-15.181724962971401,-22.921484037963758,447.5280000000001,458.8289999999996,479.3268000000002,526.6276000000001,24.55755496544558,5.721053,6.7355597415629465
BUDFF,Anheuser Busch Inbev SA NV,83.57,USD,2.6910788891619535,90276,1.4161629820430484,165789012488.7457,USD,Consumer non-durables,Strong buy,77.87091114321105,76.03094262583295,73.84920640084967,2.5147203140333625,14.448253147429654,31.337419456231324,81.58598000000003,77.92692000000002,75.65300400000002,67.10847450000004,23.601259321400253,nan,29.175750071893496
GILD,"Gilead Sciences, Inc.",133.335,USD,2.172413793103454,2257111,0.43330240342386134,165544712512.67,USD,Health technology,Strong buy,133.75754235791595,134.7534153932797,134.0297650465449,2.447176334998081,-0.2655396813523747,8.853783982365918,130.93900000000002,131.70224999999996,135.83809999999986,128.31087499999995,18.142297330394317,-6.586246,54.53876400950438
APP,Applovin Corporation,485.85,USD,-0.008232315956278914,1600237,0.38477346054560635,163216451310.80975,USD,Technology services,Strong buy,466.49373161267755,467.19386807332234,477.4660531974628,-2.1430441700739165,0.8510638297872387,-28.903814917248344,484.65999999999974,474.0279999999998,448.3756000000001,534.0460749999997,42.85827702404686,3.738543,104.69844709281328
APH,Amphenol Corporation,131.05,USD,4.957552458753814,6101549,0.5171791698872683,161222231629.0866,USD,Electronic technology,Strong buy,134.3402419699673,135.5786421441981,135.28459663144704,4.497249023203903,-11.530412475528243,-4.426779463243869,123.976,133.01,134.9784,132.92810000000006,37.6580459770115,1.153061,68.63733281643728
DTEGF,Deutsche Telekom AG,33.645,USD,-1.290890421006301,4834,1.96208954012258,160910920642.15295,USD,Communications,Strong buy,34.0440369435082,34.532971398436096,34.76127575309369,0.9148170365926805,-1.015004413062662,3.2055214723926433,33.690999999999995,32.81550000000001,35.176240000000014,34.5055825,16.0549903360697,0.6402910481,-21.039392916282
UNP,Union Pacific Corporation,266.83,USD,0.5236588306208507,1073790,0.40981415186400577,158420493492.75427,USD,Transportation,Strong buy,261.6751424128201,257.3015514584328,251.96955949913018,-1.5387453874538806,5.366450797662287,15.336070888264532,268.95200000000034,267.03750000000025,254.58499999999987,238.13814999999988,21.965836591891332,3.139433,9.43890880916774
SCHW,Charles Schwab Corporation (The),90.95,USD,0.597279062050665,2795244,0.2872197288405663,158174379953.98352,USD,Finance,Strong buy,91.43556053031456,92.48455510501861,93.45893530712206,-0.05494505494505182,-1.3450482698774215,-8.840332765360323,91.13399999999997,90.76200000000006,92.669,95.40730000000005,18.036330464442948,1.502439,53.293813649490815
SCHW/PJ,"The Charles Schwab Corporation Depositary Shares, Each Representing a 1/40th Interest in a Share of 4.450% Non-Cumulative Perpetual Preferred Stock, Series J",17.455,USD,-0.22863675335811773,47044,0.794932063082229,157235246747.0,USD,Finance,,17.998053939307855,18.149591300963916,18.354401546684972,-1.7726505346088988,-4.356164383561653,-7.154255319148948,17.563000000000006,18.075749999999985,18.084200000000024,18.99405550000005,3.461507952246856,1.502439,53.293813649490815
SCHW/PD,"The Charles Schwab Corporation Depositary Shares each representing 1/40th interest in a share of 5.95% Non-Cumulative Perpetual Preferred Stock, Series D",24.22,USD,-0.37021801727684023,31526,0.6387289443933433,157235246747.0,USD,Finance,,24.62245576976902,24.710251207258214,24.800997891772145,-1.06209150326798,-2.886928628708911,-3.313373253493021,24.264719999999993,24.72868500000001,24.683081999999942,25.050454500000047,4.803077777337087,1.502439,53.293813649490815
FRCOF,Fast Retailing Co. Ltd.,497.36,USD,7.833401990330202,457,0.06247607590091322,156323975771.48544,USD,Retail trade,Strong buy,458.22426300269024,444.91092815525263,427.16105840159423,6.612934342243472,5.426488044768531,32.188704318936885,464.61749999999967,461.9854999999999,441.43323200000043,351.8259289999997,49.82970153174193,2.384000647344,12.77318482897237
ISRG,"Intuitive Surgical, Inc.",439.245,USD,-0.12619372442019255,962421,0.42569505453457523,155564253127.25842,USD,Health technology,Strong buy,452.15595600785326,463.29763673839415,476.28867926477744,4.097593345261941,-4.793436795560952,-22.50167613536116,441.9150000000001,445.4407499999996,458.22,495.9785999999997,53.28186030713991,2.510496,20.922932496259573
EADSF,Airbus SE,194.758,USD,-0.6286035001785801,571,0.10536416142306201,153318986125.94116,USD,Electronic technology,Strong buy,201.55311512308177,204.5880528068977,208.9786024500336,-0.6286035001785801,-1.6025867731016001,-19.737069853698742,198.32359999999989,203.17870000000013,198.2746679999999,221.5837674999999,26.57161131115573,1.68125855672,20.885299878592313
IBDSF,Iberdrola S.A.,22.9,USD,-0.7583965330444234,5489,0.4404766681378646,152957356198.9893,USD,Utilities,Buy,22.923254132053383,22.84836558108969,22.529057644023894,1.148409893992924,-3.355138214813259,6.116774791473588,22.683,23.085500000000025,23.122835999999992,21.33739200000001,21.74968770511457,0.27270653326,25.04558913213052
ABT,Abbott Laboratories,87.62,USD,-0.1709012190953532,3056805,0.27238500420352396,152617594717.30298,USD,Health technology,Strong buy,91.832224299806,96.64085238079912,102.63795393457441,3.2524157435776635,-5.3984020729863955,-29.735364875701684,88.10000000000014,87.5595000000001,96.06880000000001,117.51430000000003,24.41008497005154,1.28074,-53.436936527909296
WELL,Welltower Inc.,215.91,USD,-0.046294153048467346,627124,0.17711334150717825,152413980426.92413,USD,Finance,Strong buy,211.44844748047515,208.2943422232601,203.51940737812816,1.409046075806679,4.6126265807451965,16.324551478907374,216.22799999999978,215.55900000000003,208.7077999999998,191.01389999999978,nan,0.639213,-164.84476067270379
ETN,"Eaton Corporation, PLC",390.84,USD,2.4455453330187895,781977,0.3074169669672326,151763171113.84604,USD,Producer manufacturing,Strong buy,396.13159494864584,388.90147037086854,379.8434649441486,-1.8507822505713079,-6.343006398121307,20.92447634664769,381.1580000000004,404.76600000000013,390.1004000000003,364.1679000000001,38.20751950261012,3.070082,3.25426466135056
PIAIF,Ping An Insurance (Group) Company of China Ltd.,8.26,USD,5.897435897435897,1576,0.1011371512180096,150677901210.24146,USD,Finance,Strong buy,8.13255488053556,8.143480206380094,8.101676089155665,11.170928667563931,12.075983717774758,-0.4219409282700439,8.241,8.178935000000003,7.986174000000002,7.411123390000005,7.9483999727475725,nan,6.443512636076183
SCCO,Southern Copper Corporation,179.445,USD,0.18144260830727368,392562,0.2928318373996751,149715568210.77542,USD,Non-energy minerals,Buy,178.80558256970517,177.47237841257058,172.09653038566043,0.5181492269773599,-3.52932782647868,24.62833832070091,174.71099999999996,176.63327865199994,175.65370645039968,150.54911248235004,30.394315621877062,1.736953,36.79417966125258
PFE,"Pfizer, Inc.",25.925,USD,-0.09633911368014866,9894648,0.3177591767273677,147758086094.61945,USD,Health technology,Buy,26.28575643622309,26.42150319147204,26.356242281727276,2.389415481832545,-5.210237659963439,3.7830264211369107,25.731000000000073,26.06875,26.806300000000032,25.802875,19.876562140611824,0.68014,-5.382662314109543
UBER,"Uber Technologies, Inc.",72.44,USD,-1.5894579540823282,10011016,0.6476611995807463,147458792712.38742,USD,Transportation,Strong buy,74.16804306411038,74.83615167311778,76.53661340769555,-3.2714648150620946,-6.769626769626775,-11.701608971233554,73.96400000000003,74.98100000000012,74.2264000000002,84.10097499999983,18.052682732324868,0.804305,-30.030166175521806
CRM,"Salesforce, Inc.",180.115,USD,2.1581305654812586,4443497,0.3817558436949022,147343753098.2473,USD,Technology services,Strong buy,181.29936553348446,186.73404089009804,196.50884376194585,4.178957718780741,-4.295961742826769,-32.032075471698114,179.08500000000006,178.80224999999982,181.94810000000015,222.38022500000022,23.066825470006663,3.127647,22.754283917623017
COP,ConocoPhillips,120.415,USD,-0.11198672749895555,1722050,0.30571769040861285,146700869138.21967,USD,Energy minerals,Strong buy,120.32738389220518,118.62626076324554,114.88448109158219,-1.2991803278688474,-0.844038208168636,28.634761243456907,122.59499999999991,121.21375000000019,123.64570000000003,103.35389999999992,20.474563014350814,2.843061,-25.34653465346535
BTAFF,British American Tobacco p.l.c.,67.79,USD,0.45641800776504393,6736,0.5020458966542696,146596432223.5456,USD,Consumer non-durables,Buy,62.49123799425421,61.23180346929487,59.9228807133653,-1.9298651698396925,22.674629026420575,17.487001733102257,66.9424,62.86833000000003,60.22487199999998,57.09415300000004,14.413560345611792,2.1956415,179.06315695843656
TOELF,Tokyo Electron Ltd.,317.936,USD,2.186196301272109,1467,0.15481542455518268,144519638717.28232,USD,Producer manufacturing,Strong buy,302.9112130453432,289.0222021199188,272.3791759872037,-2.382589899783862,14.619444524557998,41.39915499221703,307.14479999999986,309.6327,277.90661199999994,227.59534900000008,40.3571315020665,2.2545284322240002,0.23292219349941717
SMFNF,Sumitomo Mitsui Financial Group Inc.,37.86,USD,1.5320995368570125,2858,0.03270524313796396,144504373359.3734,USD,Finance,Strong buy,36.17824210616019,35.63141674712117,34.74309483733138,-2.2965220555407817,14.51039697542533,17.852140077821012,37.02172,36.20722000000002,34.887939999999986,31.663867499999988,14.594971204739382,0.735426766704,29.38378513635122
BX,Blackstone Inc.,118.2699,USD,-0.25309943493293946,1739068,0.40756249869492533,144468357862.79486,USD,Finance,Buy,120.2924214850584,122.06533029763021,126.56076518001805,1.0853846153846212,-9.4965564738292,-23.765695500837943,116.99397999999994,120.96749500000001,118.42359799999998,143.92317449999973,30.34273179742419,1.356247,17.915053242981607
HON,Honeywell International Inc.,227.718,USD,1.7506702412868533,2167845,0.5296588376939408,144294227066.43628,USD,Electronic technology,Buy,221.3892123005072,222.11762530589894,220.78484572204246,6.355611601513229,1.5283784386285602,16.36670243752874,220.65759999999992,215.8333999999996,222.80856000000014,211.6872206922499,32.279363819351914,2.427916,-18.970388918242183
DE,Deere & Company,529.48,USD,-0.3519337536463733,884116,0.7055945186649157,143016390370.6421,USD,Producer manufacturing,Buy,564.1469385901662,564.8370579748545,556.7208824601569,-6.138873623938593,-10.17998608967073,13.622317596566527,548.7699999999999,569.9399999999999,576.2926000000003,520.6733499999996,29.99971670585569,4.83618,-14.615857227863597
UBS,UBS Group AG Registered,47.16,USD,-0.8618877443767157,830712,0.37910542725367663,142796848730.87378,USD,Finance,Buy,43.95916177430288,43.15580522511094,42.533761250684286,1.9896193771626178,8.638562543192814,1.2017167381974145,46.77000000000003,44.945000000000036,41.88800000000003,41.71150000000004,16.848461542897077,0.811175,85.69118793825896
SNEJF,Sony Group Corporation,23.234,USD,3.216348289649046,334159,1.5720217306215847,141960375304.69077,USD,Electronic technology,Strong buy,21.46537834283481,21.62140374513856,22.341314218297885,4.805423863374941,11.220679751077077,-14.138950480413884,22.209200000000028,21.10250500000004,20.91335599999998,25.354420499999975,nan,0.28111665393600005,-128.1887949807319
IBKR,"Interactive Brokers Group, Inc.",83.29,USD,-0.6441608016223215,4411378,0.9656448155292677,141277507058.34998,USD,Finance,Strong buy,79.9124683139926,77.29079380827275,74.59022332034488,-3.9884726224783793,6.69997437868307,27.335269836416465,84.09599999999998,83.16349999999997,76.07070000000003,69.99720000000002,35.808254514187446,0.603784,28.423144876325097
CIHHF,"China Merchants Bank Co., Ltd.",5.9244,USD,-9.134969325153364,31070,2.675311703520011,140632289337.8811,USD,Finance,Strong buy,6.1974545256236455,6.160440591575631,6.015984958565432,0,-6.407582938388622,-0.7638190954773773,6.158879999999998,6.238220000000002,5.665306459999998,6.159747075000004,7.22488589042493,0.2285228,1.6461769940075595
SAFRF,Safran SA,332.37,USD,0.4248196178436343,733,0.36362734398253793,138569783715.9676,USD,Electronic technology,Buy,333.73360732900727,339.4748183176261,343.67320016259134,3.1641090584028655,1.3384962497713233,-6.505803126881159,325.89440000000025,325.994,335.51733799999994,349.84235550000005,16.476916413651075,5.91604952814,nan
PLD,"Prologis, Inc.",145.35,USD,0.4978220286247659,641915,0.24207756603954744,138377712367.28378,USD,Finance,Strong buy,141.08244636971565,139.09146054695222,136.19496957790804,2.9974489795918293,1.6789087093389339,13.785814936589949,143.88199999999995,142.22700000000003,138.10280000000003,127.82965000000004,36.60932423242576,0.76702,0.21201948560034234
PLDGP,"Prologis, Inc.",53.1,USD,0.18867924528302155,105,0.049652432969215496,137692250015.0,USD,Finance,,52.98531331354101,53.06612614077831,53.352433634445624,-0.28169014084506777,0.18867924528302155,-5.178571428571426,53.180000000000064,53.09363000000004,52.759036000000066,54.377751999999944,nan,nan,nan
HTHIF,Hitachi Ltd.,30.305,USD,-4.892668842580973,26482,1.1671066490967505,137043767587.89137,USD,Producer manufacturing,Strong buy,30.895222246777408,31.159466157308064,31.312393020667688,7.655417406749561,-1.3830133420110664,-8.582202111613872,31.028799999999997,31.141945,31.077433999999997,31.134980499999983,27.24218887828604,0.230720641632,24.79941801511023
RYCEF,Rolls Royce Holdings plc,16.36,USD,-0.7281553398058312,110152,1.613452271096073,136858203509.51828,USD,Electronic technology,Strong buy,16.14391856368317,16.20262694226835,16.106918502363836,9.431438127090303,4.603580562659839,2.2499999999999964,15.940499999999997,16.031874999999978,16.104014000000003,15.766679999999987,17.594473287717904,0.2837252262,149.73653292629368
SHOP,Shopify Inc.,104.93,USD,0.06675567423231679,3370607,0.26681709485486343,136162897215.75766,USD,Commercial services,Strong buy,113.80770777245927,118.24445390447643,123.63594415112188,5.776209677419359,-21.335932228802747,-35.30427276650841,103.64000000000001,109.63950000000004,116.57339999999976,140.3946,102.90118702525808,0.39564126800000005,-13.11099438612342
RLLCF,Rolls Royce Holdings plc,0.0018,USD,-5.263157894736844,255752,0.10500626973881748,135728184730.905,USD,Electronic technology,,0.0023415042042480754,0.0025171788051705415,0.0027472451075543874,-10.000000000000005,-30.769230769230766,-45.45454545454545,0.001824000000000002,0.0022590000000000006,0.002515800000000001,0.003336250000000003,0.0019358222443699405,0.2837252262,149.73653292629368
DBSDF,DBS Group Holdings Ltd.,47.044,USD,-0.5538409504079831,9265,1.0545545602513173,133683404951.21352,USD,Finance,Buy,46.25737843979923,45.76101933919546,45.086040831215946,-2.4954402255015764,0.8316186556927258,5.067560022333888,47.30080000000003,46.89428499999997,45.65352200000004,43.547144999999965,15.709864541990191,nan,2.9161631783345485
BBVXF,"Banco Bilbao Vizcaya Argentaria, S.A.",23.1875,USD,3.1472419928825603,7262,0.7676776219118999,130305685619.01324,USD,Finance,Buy,22.521979747004007,22.48216406462953,22.278905400712805,7.598607888631087,3.608132260947279,-3.3854166666666665,22.27349999999999,22.200500000000012,22.05086999999999,21.518422000000008,10.628252099899338,0.59922232655,12.084507504919758
CILJF,China Life Insurance Company Limited,3.6,USD,-1.5047879616962987,5065,0.32507332601677674,129242480873.69081,USD,Finance,Strong buy,3.6845370506282897,3.6790539016696338,3.646921410168215,-5.635648754914806,3.2998565279770506,-1.9073569482288786,3.756999999999999,3.7285575000000066,3.5507949999999977,3.5024737499999996,4.719562086936553,0.19986560000000003,44.48759727960711
CB,Chubb Limited,329.44,USD,-0.24828922666989436,429853,0.3180091971598134,127776637567.50923,USD,Finance,Buy,325.7466007758865,324.28087406431143,320.2019969816987,1.5473768571604654,2.4187029783000598,6.1135089866649555,329.7079999999998,324.77550000000014,326.3753999999995,304.23115000000035,11.63609648239786,6.698117,36.293789444800154
ENB,Enbridge Inc,57.94,USD,0.2595604775912763,1325532,0.24144163789761525,126523381498.11281,USD,Industrial services,Buy,54.86015510567873,53.99362605800393,52.82893281293684,4.49053201082055,11.20921305182341,20.909849749582627,57.1939999999999,55.128650000000064,54.23726000000013,50.04491500000001,27.21453092795884,0.439787943,12.963747234326824
UNCFF,UniCredito Spa,83.705,USD,0.5858142818517705,4061,0.863454669161422,126223206654.91559,USD,Finance,Strong buy,80.93027393739698,80.36291285471651,79.77795587605095,3.2756282842340694,7.431174998395677,2.079268292682925,82.92300000000003,81.42744000000006,77.874636,79.26992500000003,nan,2.4258807685800003,nan
ENNPF,Enbridge Inc.,18.1051,USD,-1.0650273224043745,200,0.07940604279985708,126139727840.96051,USD,Industrial services,,18.071509756525373,17.963314011967356,17.760523068079245,-0.08002384158589694,-1.363094038234186,6.500588235294119,18.129599999999993,17.925515000000008,17.56486199999999,nan,8.50400075774573,0.439787943,12.963747234326824
EBBGF,Enbridge Inc.,24.87,USD,-0.12048192771083367,269,0.05349188673242125,126139727840.96051,USD,Industrial services,,24.850239329619935,24.809155282817937,24.731567094778192,0.708645474792471,-0.519999999999996,1.3530035047681177,24.861599999999992,24.987725,24.845489999999987,24.558818499999948,11.68148747287429,0.439787943,12.963747234326824
EBGEF,Enbridge Inc.,25.41,USD,0.315831030398744,360,0.4306735255413327,126139727840.96051,USD,Industrial services,,25.202479321035995,25.15821210880869,25.079211234534377,3.3767290480065175,1.5384615384615448,2.832861189801697,25.220999999999997,25.237424999999966,25.133249999999972,24.719710000000006,11.935126525361307,0.439787943,12.963747234326824
EBBNF,Enbridge Inc.,24.56,USD,0.1631321370309916,5128,1.01588810967154,126139727840.96051,USD,Industrial services,,24.48157858419283,24.427053844737536,24.339197814718183,0.04073319755600004,0.7796471070988827,1.9848849763308611,24.514499999999963,24.613399999999963,24.434009999999986,24.141707000000025,11.53587986866878,0.439787943,12.963747234326824
VRT,"Vertiv Holdings, LLC",328.32,USD,1.5213358070500977,2349927,0.40923253090093287,126110607268.70206,USD,Electronic technology,Strong buy,319.3491828646219,297.7405748158647,270.28225835345677,-11.335556785805917,7.533080047163632,93.73912017230695,325.95,339.1644999999999,303.0434,207.7329500000001,82.41998242751349,1.417876,130.95431354359923
BKNG,Booking Holdings Inc. Common Stock,161.1,USD,0.8892785571142207,3354660,0.47318219532977274,124832907409.04681,USD,Consumer services,Strong buy,167.62760012164838,171.88168746355643,177.97979753769965,3.508095605242874,-15.459697732997485,-24.815047817816275,157.4679999999999,163.5474999999996,170.9378959999998,195.65426399999993,21.179533024821204,2.451136,18.312049898119483
IVSBF,Investors AB,40.77,USD,1.2119617296148788,10707,0.46232566172978107,124264723180.64273,USD,Finance,Buy,40.03639995447008,39.55476248108713,38.628612356840776,3.7668617968948945,-1.2235009085402677,13.250000000000009,39.755900000000004,39.839914999999976,39.27011200000002,34.607020999999996,6.231669537178169,nan,367.40626881087917
SPGI,S&P Global Inc.,417.89,USD,0.5195679888389022,397707,0.1987973298144609,123695443268.89635,USD,Commercial services,Strong buy,422.5961803111102,430.8334893439312,443.9236119214012,3.4381188118811847,-7.176810306530431,-19.91529483911768,415.68799999999993,420.9695000000005,425.2707999999998,480.94570000000004,26.439697824794056,4.931751,24.096290945636138
MO,"Altria Group, Inc.",73.8,USD,0.12210012210012675,1607054,0.21539183068085016,123237971638.31503,USD,Consumer non-durables,Buy,70.11984650501518,68.63821160444299,67.01090383942542,0.7646095030038262,13.81863047501541,27.99167533818939,73.71199999999996,71.34150000000002,68.01199999999999,64.20004999999996,15.425776514359766,1.490051,-19.928367001958186
ZIJMF,Zijin Mining Group Company Ltd.,4.43,USD,5.980861244019139,1197,0.14163333885510093,123220936455.19026,USD,Non-energy minerals,Strong buy,4.652517732391024,4.702709203118428,4.668997082363709,-0.4494382022472014,-8.186528497409334,-5.74468085106384,4.301370000000002,4.634782500000005,4.636587000000003,4.442708249999999,14.006824453702226,0.11150501824,70.92361166516264
DHR,Danaher Corporation,172.56,USD,-0.4442393122944731,1467726,0.30531237872592387,122132901183.23105,USD,Health technology,Strong buy,177.5956084064194,184.42789777465535,191.96208832504178,6.630414632639183,-11.028615622583134,-24.583715746689393,169.58200000000005,171.80199999999965,182.9222,206.5706500000003,33.34879406307977,1.83341,0.3160078323413699
LMT,Lockheed Martin Corporation,529.65,USD,1.31219036324337,342509,0.31181689427791437,122118012964.8157,USD,Electronic technology,Buy,545.8689411912228,559.2912032393425,560.8370969094242,2.2865529827542983,-8.02771410710565,9.601655457837554,525.9939999999996,517.2974999999999,572.8703999999988,530.8359499999988,25.650773663946534,7.189492,-10.80754195373751
SYK,Stryker Corporation,317.95,USD,1.4194577352472053,753397,0.24879346741177316,121889549918.89171,USD,Health technology,Strong buy,317.4447343375267,326.1179488401251,336.012636004249,3.5667752442996705,-2.9900839054157164,-9.488157595080843,316.782,305.4445000000001,323.6171999999999,357.8981749999997,36.82832752250008,3.480859,16.505627378478323
BMY,Bristol-Myers Squibb Company,59.62,USD,0.11754827875734725,3440599,0.4086518775407056,121748288694.40335,USD,Health technology,Buy,58.33883068957197,58.12651965798811,57.188187152118765,3.777197563098337,0.37037037037036846,12.046607780492382,58.666000000000125,57.56494999999999,58.405380000000015,52.79469499999984,16.734968842979846,1.610917,33.756335648582706
KYCCF,Keyence Corp.,499.0,USD,2.88659793814433,2309,0.7640888182931268,121020626770.01709,USD,Electronic technology,Strong buy,461.31113288866015,439.0766265213426,419.91506338939,2.2268657939483343,27.94871794871795,46.678424456202244,484.55699999999996,490.5216399999998,424.13550620000234,388.0754360499991,43.16326417925428,2.8778425169279997,5.50662903600504
IVSXF,Investors AB,39.18,USD,2.667575074681622,288,0.18698870276587456,120895567736.56717,USD,Finance,Buy,39.10153375353873,38.692759116310356,37.719974879884546,3.350039567396474,-6.803044719314937,7.718743556258155,39.478399999999986,39.39089999999998,36.30681999999998,26.955225500000005,5.988639010709851,nan,367.40626881087917
AIQUF,L'Air Liquide SA,208.245,USD,-0.838075283921807,74,0.5473372781065089,120237961614.3892,USD,Process industries,Strong buy,207.70421439347527,206.16110708272623,203.86785900409754,1.9434585730020797,-4.814469462194548,10.768617021276599,205.32749999999996,208.47249500000038,208.3836260000003,200.04406650000007,29.138792837969973,4.03465834613,20.737286956072488
UNLYF,"Unilever, PLC",55.287,USD,-2.3197879858657284,1596,0.055038088702363264,120170261994.57057,USD,Consumer non-durables,Buy,58.06003671118439,59.71977405507913,61.666820134212465,-2.2161301733286174,-2.296484143744536,-11.85108418367347,56.26740000000002,57.39065000000001,58.347229999999996,65.79177056249993,17.261903810366302,1.8779365538700001,17.002459407933067
LOW,"Lowe's Companies, Inc.",213.94,USD,-1.5960627386044794,936628,0.3040517465929433,119819851615.51152,USD,Retail trade,Strong buy,230.2813173098803,236.16186629559414,240.95099204484774,-2.051094222140825,-15.10991191175304,-11.412008281573499,217.75799999999995,226.6365999999999,234.42903999999984,248.99373500000027,18.09156561300252,4.269509,-2.0435549738653638
BPAQF,BP Plc,7.75,USD,3.19573901464714,900679,9.55321477892495,119737090257.82909,USD,Energy minerals,Buy,7.504377180562206,7.306307897149857,7.006578247515664,3.19573901464714,4.878543879829488,28.52404643449419,7.459499999999987,7.588224999999999,7.194158000000001,5.956944000000002,40.04323636153204,0.256747,nan
CVS,CVS Health Corporation,93.715,USD,0.4232747535362304,1797285,0.1960088350740982,119573521476.5585,USD,Retail trade,Strong buy,86.14866579606722,83.36702248651268,81.13009817024542,-2.074190177638453,20.301668806161743,18.20761856710394,94.09699999999998,89.25475000000003,80.68249999999993,77.85722500000008,41.15360969611804,1.829523,-45.60221680760594
MSBHF,Mitsubishi Corp.,34.3705,USD,1.4627306273062726,1211,0.14252592182847457,119313154565.79857,USD,Distribution services,Buy,33.935888581900215,33.05412414368858,31.548598893161937,2.3007664260733787,14.568715229050762,45.576027107157984,34.429100000000005,33.77682499999999,33.55573800000003,27.349277500000007,26.015163851739327,0.371897132448,-15.8891610718286
ADTTF,Advantest Corp.,171.0,USD,4.747320061255743,158,0.16730199068191445,119284513000.48671,USD,Electronic technology,Strong buy,168.48438480964535,162.66842724580115,151.5424187530126,0,-2.196293754289638,16.739486619333704,175.7237,163.02309,151.804786,68.36264159374997,52.89635461513012,1.027712851632,122.44827441877216
SBUX,Starbucks Corporation,102.54,USD,-1.5269374819936514,3977544,0.5805112721855381,116864829910.43793,USD,Consumer services,Buy,101.5236802548938,99.47726547934943,97.117099580766,-3.979773387021256,4.547308319738997,21.752552837805755,105.23000000000005,104.75375000000008,99.04310000000011,91.1035750000003,78.26286063196459,0.653875,-52.37541347097525
COF,Capital One Financial Corporation,187.47,USD,0.4339440694310523,1531763,0.35300384421207776,116661230813.25989,USD,Finance,Strong buy,190.475104317595,193.7321780861282,198.69230777526144,0.6442261233692964,-7.4222222222222225,-23.278084714548804,186.11199999999985,188.4015,188.8233999999998,212.42294999999987,66.08502538071066,4.733975,-76.17936014778739
COF/PN,"Capital One Financial Corporation Depositary Shares, Each Representing a 1/40th Ownership Interest in a Share of Fixed Rate Non-Cumulative Perpetual Preferred S",15.7499,USD,-0.4431099873577753,26987,0.44334158017341363,116157173647.0,USD,Finance,,16.105618324417623,16.194207805796268,16.324461830335558,-2.295905707196034,-3.2561425061425116,-3.434089515634571,15.843980000000025,16.119319999999995,16.106126,16.81824550000001,5.551995205865764,4.733975,-76.17936014778739
COF/PK,"Capital One Financial Corporation Depositary Shares, Each Representing a 1/40th Ownership Interest in a Share of Fixed Rate Non-Cumulative Perpetual Preferred S",16.9,USD,-0.7639414918291867,11317,1.0510332017645694,116157173647.0,USD,Finance,,17.474197029043175,17.568178394992113,17.671096339454966,-3.483723586522004,-4.51977401129944,-3.868031854379976,17.110020000000038,17.506759999999957,17.534643999999997,18.041480500000024,5.957416807670614,4.733975,-76.17936014778739
COF/PJ,"Capital One Financial Corporation Depositary Shares, Each Representing a 1/40th Interest in a Share of Fixed Rate Non- Cumulative Perpetual Preferred Stock, Ser",17.5498,USD,0.05473141697359492,46914,0.5720270784357716,116157173647.0,USD,Finance,,18.084622378060068,18.17260799576225,18.272779338487528,-2.663338879645036,-5.289800323799244,-3.4664466446644586,17.65599999999997,18.10349999999998,18.14280199999998,18.662624999999988,6.186477721376199,4.733975,-76.17936014778739
COF/PI,"Capital One Financial Corporation Depositary shares each representing a 1/40th interest in a share of Fixed Rate Non-Cumulative Perpetual Preferred Stock, Serie",18.2701,USD,-0.2723799126637606,76818,0.7497781937898165,116157173647.0,USD,Finance,,18.89252958868021,19.017906202252302,19.149215530173816,-3.332804232804229,-4.793642522146961,-4.544932079414845,18.39202000000002,18.893900000000006,18.969410000000035,19.560425999999957,6.440390580936265,4.733975,-76.17936014778739
COF/PL,"Capital One Financial Corporation Depositary Shares, Each Representing a 1/40th Interest in a Share of Fixed Rate Non-Cumulative Perpetual Preferred Stock, Seri",15.95,USD,-0.5610972568578545,64060,1.3638783027102983,116157173647.0,USD,Finance,,16.49972889002223,16.60616062971546,16.718372175637107,-3.3333333333333375,-5.228758169934635,-5.341246290801199,16.101000000000003,16.499579999999998,16.56102999999998,17.079513000000016,5.622532430908064,4.733975,-76.17936014778739
AAIGF,"AIA Group, Ltd.",11.092,USD,3.4701492537313423,7953,0.2788207700964461,115944751824.25952,USD,Finance,Strong buy,10.94528974596223,10.854470315884488,10.70072658835899,8.745098039215698,5.162360748992663,2.2115739034279414,10.934850000000012,11.026615000000003,10.897434000000008,10.3051565,18.767185607773598,0.374732,-4.647512065929555
PGR,Progressive Corporation (The),197.97,USD,-0.5025883298989797,2403078,0.906732513761285,115681082921.63379,USD,Finance,Buy,199.20028967133513,201.2809664165707,205.60778105911442,-0.6174698795180672,-4.232778637770898,-7.637398525706823,201.28200000000035,199.20499999999984,200.41460000000023,218.8080249999997,10.05924676327717,3.810494,32.50920745214481
CFRHF,Compagnie Financiere Richemont AG,196.8775,USD,-2.153028483730397,314,0.2549736094194072,115520590284.60292,USD,Consumer durables,Strong buy,192.79517107081193,192.21113130914011,192.61721306965055,-0.11668759433303642,2.0513684428778824,-7.137635017216166,197.13641999999973,194.4415699999998,186.97246199999975,194.25134149999988,23.96235190184201,3.5527627500000003,225.82598453571103
NEM,Newmont Corporation,108.18,USD,-0.13846579894765204,1923699,0.28638211045339607,115487856757.13655,USD,Non-energy minerals,Strong buy,112.07631606523401,111.96831830767253,109.43936058955111,-0.5881271825032038,-2.9688761323885444,7.1195167838399955,107.76799999999999,111.9645,110.85979999999994,99.41709999999999,14.032948501751202,2.328211,73.0415263748597
IITSF,Intesa Sanpaolo S.p.A.,6.584,USD,1.6049382716049259,23713,0.3085328264198716,114915596869.99144,USD,Finance,Strong buy,6.678678229981161,6.651370461103184,6.621495715416337,-2.826359678252534,-1.657953696788658,-8.428372739916561,6.585799999999999,6.748625000000002,6.482840000000001,6.587132499999999,10.588270851969549,0.17044652013,15.4398102756725
BYDDF,"BYD Co., Ltd.",11.74,USD,1.294219154443489,94935,0.3985298871178315,114840220001.51782,USD,Producer manufacturing,Strong buy,12.65409524709202,12.729606417261566,12.807975778373695,-3.770491803278681,-14.927536231884062,-7.340173638516178,11.79600000000001,12.728215000000004,13.159778000000019,13.077179,27.94680356886871,0.1043416,-40.930309800384116
ESOCF,ENEL Societa per Azioni,11.2625,USD,-3.944562899786783,2638,0.45276671701222027,114388650790.54303,USD,Utilities,Buy,11.55320550321874,11.48855554889035,11.294236750376536,-4.148936170212772,-2.6787643119464293,7.672084130019105,11.59500000000001,11.646775000000009,11.529532000000001,10.554355499999994,24.0868780037473,0.21467482088,-38.106477578362274
BNPQF,BNP Paribas,102.9975,USD,-0.2058909020443673,2398,0.606812085631864,113776208135.82587,USD,Finance,Strong buy,103.69509537546556,102.99101461368907,101.25407167759025,-0.00242718446601721,-3.313698340804019,10.35840565734491,102.51401999999993,106.319505,103.15045399999994,94.46037150000011,8.521925005778487,nan,22.106666890565336
BMO,Bank Of Montreal,160.81,USD,0.676140987917118,201372,0.23535896414566143,113563335648.36336,USD,Finance,Buy,151.1871907185303,147.63052938992382,143.28754553578037,5.2834882807385055,5.449180327868854,23.538449719597462,157.25000000000006,153.27600000000012,146.25260000000014,133.82145000000003,18.25488585702667,2.5392641358,20.59879534203077
IFNNF,Infineon Technologies AG,85.1,USD,6.374999999999993,4089,0.5379484548289063,110747054052.57794,USD,Electronic technology,Strong buy,68.07013569726229,62.42158367226505,57.22056051476961,9.102564102564095,48.64109550758051,91.49414941494149,78.90880000000001,72.14273499999997,58.241676000000005,46.519528500000014,89.36672923128815,0.51888770217,48.88543768339495
VRTX,Vertex Pharmaceuticals Incorporated,434.4275,USD,0.20471006135535097,426318,0.34136189879843765,110260056236.62099,USD,Health technology,Strong buy,436.8798425907096,441.1098126400688,443.80491520654994,-0.22794083873042276,-0.6750422973158321,-4.3827309944094655,433.8595000000002,433.02737499999984,440.2852500000005,434.74508749999904,25.753771823220795,4.712044,nan
ACN,Accenture plc,179.49,USD,0.9107775341541601,1565412,0.2631000783747848,110195956551.13223,USD,Technology services,Strong buy,184.23974438734237,193.6445307527371,206.88261890148368,6.998509687034282,-7.06260032102728,-33.22296216377098,178.18599999999984,175.66599999999988,186.71139999999977,233.12475000000003,14.703256194962115,3.72913,0.7327518628235627
MZHOF,Mizuho Financial Group Inc.,44.93,USD,-4.016235847041235,34,0.004660534864913026,109561453984.37807,USD,Finance,Strong buy,42.43203933431205,41.94288136762987,40.97814925111933,4.086549599221616,12.296925768557866,25.15320334261839,45.057900000000004,43.29400999999998,41.864487999999994,35.591977,14.185326812967997,0.783217566288,35.906029468975895
PH,Parker-Hannifin Corporation,867.19,USD,0.2844818613902647,241358,0.3764150968408225,109340852022.57356,USD,Producer manufacturing,Strong buy,900.7955244024976,909.5120627258767,904.6843816535937,0.8032268563723534,-11.652760373687052,-1.6356438788126222,860.4700000000009,888.405,915.893600000001,863.8904499999991,31.99160358286482,8.266132,4.3367808437996755
SPOT,Spotify Technology S.A.,528.25,USD,7.821525524054455,3384588,1.3570726324720253,108731034877.23041,USD,Technology services,Strong buy,480.35026733520164,488.44617194941384,506.2951363015123,21.71658986175115,0.9555661729574773,-9.836485287089506,467.62000000000023,444.034,477.6780000000001,574.6096500000007,42.08090367396361,3.1966171348500003,106.90951046645789
PWR,"Quanta Services, Inc.",723.65,USD,0.9401459039488931,331702,0.28257794380421564,108591023586.10397,USD,Industrial services,Strong buy,682.6342910392693,641.8958935932517,595.3246767330947,-5.784553692323724,18.064052991369334,70.29062242616779,717.5300000000004,731.7674999999997,639.4364000000002,494.1842999999997,99.27973658938126,3.287824,17.851541657908776
ZFSVF,Zurich Insurance Group Ltd,717.34,USD,-0.9198895027624266,4,0.0031259768677711786,107153588319.59967,USD,Finance,Buy,707.3926417855172,708.3832423631941,710.5457963313133,-1.0565517241379268,0.3581521587061836,-0.9198895027624265,713.1959999999997,702.4966499999994,702.1669880000005,716.6494906000001,14.550789284353327,23.46,26.558481531120037
CM,Canadian Imperial Bank of Commerce,115.57,USD,0.6181438272679729,196063,0.28828380831699146,107088389436.3516,USD,Finance,Buy,108.76807132796688,105.45028994406525,101.26821684171989,3.4275997852156777,5.881814017407226,27.083791510886293,113.81800000000003,111.44599999999987,104.89399999999995,91.26770000000002,16.421821224534526,1.8081718249,32.88542050130368
CEG,Constellation Energy Corporation,295.895,USD,3.5213238638351463,1446056,0.36691541688934054,106874328812.1248,USD,Utilities,Strong buy,294.1855335232763,297.56581646900315,303.1552672999476,10.739146706586824,4.737885384588153,-17.347765363128495,277.13100000000003,295.7072500000003,293.9100999999999,324.1239000000004,25.696706006999623,2.441616,21.378125395286084
SO,Southern Company (The),94.53,USD,0.3077249575551849,1089061,0.21029336269834928,106563775054.35452,USD,Utilities,Buy,94.20745672040883,94.10797162108625,93.6420709636879,2.4937655860349093,2.1062864549578775,8.443271767810026,94.04800000000003,94.04550000000009,94.99840000000012,92.62587499999991,24.17832570273934,0.988711,-6.2556946242746925
SNYNF,Sanofi,88.458,USD,-1.4395543175487482,408,0.467246907924874,106500129040.56793,USD,Health technology,Buy,89.95437597508855,90.99067969000575,92.24505790461079,3.702227432590857,-4.307659022068368,-6.085571716742753,87.5235999999999,88.7228700000002,90.32459999999978,95.65024899999987,17.699476436929405,nan,9.067004402783253
EQIX,"Equinix, Inc.",1076.81,USD,-0.14929248344801907,111072,0.2340923053577657,106199585467.29584,USD,Finance,Strong buy,1052.7059385407763,1021.052087589072,977.6188599973525,1.5580643031623407,-1.820784478199824,40.54636107340503,1066.268,1076.3115000000005,1041.6721999999993,867.9217249999986,74.46818810511756,4.620998,50.236888039231985
CME,CME Group Inc.,292.2029,USD,1.0069134778250126,569620,0.24746521065844246,105882461793.14784,USD,Finance,Buy,292.77069319628936,293.2915645239388,291.7054566860321,-1.9025413771108217,6.232422017014469,7.330860070892025,295.8205799999994,290.2886450000002,295.66885799999983,282.69203949999996,24.938371596825124,2.979383,17.79430984216348
NOW,"ServiceNow, Inc.",102.4,USD,2.7184271240846707,15562431,0.5110081628452866,105605940086.46005,USD,Technology services,Strong buy,97.50022610179275,102.11845981375318,111.77557828177012,3.5808213635444126,0.8866995073891681,-33.106872223673896,102.12800000000001,93.54250000000015,98.11939999999993,142.75457500000005,60.91249776931771,0.85904,14.104391502070182
CDNS,"Cadence Design Systems, Inc.",378.785,USD,5.6700887128271065,1079797,0.5800284030996958,104474964675.87613,USD,Technology services,Strong buy,337.92035712739056,326.63432716393265,320.2180040025885,9.189835834017975,13.80051074057383,19.982578397212556,354.4490000000001,349.45424999999966,315.25349999999986,322.635375,88.42885490836933,2.053518,8.486982068686055
GLAXF,GSK plc,26.0,USD,1.1830635118306292,2794,1.42456533931576,103749555702.79448,USD,Health technology,Buy,26.624957640305425,26.68770467700532,26.242591967356372,0,-11.864406779661017,2.422690565294459,25.48619999999999,27.040049999999972,27.423472000000007,22.30794350000005,13.813155606897993,0.6251830663,91.03740860452251
HWM,Howmet Aerospace Inc.,258.43,USD,-0.561776136057555,660012,0.324041545494925,103399782636.0284,USD,Electronic technology,Strong buy,252.5835242346917,247.2371176833247,238.86905186835037,-0.6038461538461513,3.3720000000000026,25.76281084237676,257.928,256.096,247.6022,215.86690000000002,59.95221082911892,1.225829,40.55234927777234
BN,Brookfield Corporation,45.46,USD,0.044014084507049134,1035157,0.20011184072013252,101703736055.4179,USD,Finance,Strong buy,44.87521855739848,44.50244208524434,44.35652878065267,-0.698995194408039,-3.132324738972936,-1.3882863340564002,45.115999999999964,45.47050000000005,43.355800000000016,44.89183837455004,91.629821037728,0.6448193215000001,169.9492374738812
BAMGF,BROOKFIELD CORP.,17.0801,USD,-0.5235876528829359,100,0.3125,101605969815.52301,USD,Finance,,15.871289542675573,14.942428844488171,13.953831826830342,0,5.25080108454523,11.585776163379451,16.405620000000006,13.593955,12.575575199999998,12.949921500000002,34.426891911713554,0.6448193215000001,169.9492374738812
SNPS,"Synopsys, Inc.",530.32,USD,5.2263978729314715,793406,0.5604591237378992,101589176361.59674,USD,Technology services,Strong buy,485.41370694168927,471.7682027625513,465.35788469314116,6.2392948364802,12.618390316415391,10.727857351651576,505.10600000000005,501.9010000000003,454.5504000000001,471.3868249999999,81.9545967330665,3.153914,-52.15246968352558
CNQ,Canadian Natural Resources Limited,48.565,USD,-0.2567262271513658,2430814,0.4010873119379862,101305223719.12697,USD,Energy minerals,Buy,46.46830270023716,45.33317251427699,43.34343151261926,1.1770833333333286,9.356000900698044,44.13117673245288,48.88099999999996,47.14174999999999,47.21350000000001,37.452275000000014,14.561599871922924,1.405631583,34.74076146436405
TT,Trane Technologies plc,456.49,USD,1.9770351175051433,400232,0.3390787994418609,100909619804.49394,USD,Producer manufacturing,Buy,461.33642098716626,454.5149807001389,445.7178359136542,-2.080696711641174,-4.784848674467597,16.785202619729844,452.85000000000036,472.04249999999956,454.76880000000057,427.4482000000004,35.31181830839921,4.267589,7.558033114235796
MDT,Medtronic plc.,78.56,USD,0.5246321177223244,2325475,0.25187949288309036,100862008336.2805,USD,Health technology,Strong buy,81.33022173755658,84.2671968519253,87.2722913830451,2.9619921363040698,-5.235223160434262,-18.200749687630157,78.15200000000003,78.22049999999999,83.1772,93.14455000000004,21.931881630374093,1.540023,8.87207075772773
MITSF,"Mitsui & Co., Ltd.",35.5,USD,-1.3368166532336556,1745,0.24957450764456016,99846090087.89021,USD,Process industries,Strong buy,37.16645407467518,36.79073640412847,35.47423829110201,-1.4162732574284866,0.7092198581560284,13.6,36.83620000000003,36.838177500000015,38.033219,30.548954250000044,19.37951444096607,0.559092414144,-10.334498478620226
ADBE,Adobe Inc.,244.3,USD,0.0819336337566641,2128238,0.4817520703458645,98746065451.46294,USD,Technology services,Buy,248.16605729145195,254.33470488881457,267.515697593909,-1.2170959524483405,-4.1208791208791204,-30.33435517216796,250.47999999999993,247.6125,244.88219999999998,305.786875,14.230874531802483,5.824533,13.059885800090878
XIACF,Xiaomi Corp.,3.825,USD,-0.3906249999999917,13905,0.3890021904977717,98500379187.45616,USD,Electronic technology,Strong buy,3.9914427510665873,4.136748687143034,4.394950421409348,7.746478873239447,-8.928571428571429,-26.724137931034473,3.8952000000000027,3.9369300000000003,4.068360000000001,5.260439999999999,17.58033045891943,0.02855483325,68.07200162407587
BNS,Bank Nova Scotia Halifax Pfd 3,79.63,USD,0.25179403248141585,543105,0.2739713105090916,98146685914.03616,USD,Finance,Buy,76.38536958597139,75.2344677036284,73.71682704558208,3.147668393782374,4.776315789473678,7.680865449628118,78.50799999999991,77.47999999999995,73.94760000000001,69.76814999999998,16.18232972101383,1.4231505869,47.001336964270735
FTNT,"Fortinet, Inc.",133.62,USD,3.2133477522014493,1783883,0.33831283210858065,97896481140.15385,USD,Technology services,Buy,105.08941951728521,97.80873315778695,92.68253552168575,9.80359930972143,54.894800904190575,67.08765787170191,129.44400000000005,107.9055000000001,92.24080000000008,84.09165000000004,51.6266130901785,0.744369,6.532208273307267
DUK,Duke Energy Corporation (Holding Company),125.45,USD,0.6337237285416383,713069,0.24232376950517584,97800345085.30565,USD,Utilities,Buy,126.06852021374714,126.33289313775255,125.80490790531499,2.996715927750415,-1.0256410256410233,7.057518347840924,124.26400000000004,125.48049999999994,128.06039999999996,124.07774999999992,19.203980099502488,1.319187,8.965804837364464
ITOCF,Itochu Corp.,12.545,USD,3.336079077429978,25684,1.1128635307982946,97581876672.36227,USD,Distribution services,Strong buy,12.754705487883761,12.779424646705099,12.708872640724769,-6.015882529217866,3.2306375695335885,4.541666666666666,12.681799999999992,12.801367500000003,12.773374999999996,12.385092250000003,15.561760183779981,0.227826174624,-1.7722361211992697
DUK/PA,"Duke Energy Corporation Depositary Shares, each representing a 1/1,000th interest in a share of 5.75% Series A Cumulative Redeemable Perpetual Preferred Stock",24.645,USD,0.10154346060113151,29803,0.4781915269140176,97184464076.0,USD,Utilities,,24.825149154818696,24.854205303213643,24.88622954941782,-0.38399353274049663,-1.380552220888351,-1.4735983624908078,24.631,24.923590000000036,24.83843599999991,25.01148899999997,3.772675086107922,1.319187,8.965804837364464
MAR,Marriott International,367.8975,USD,-0.7185071243523378,282949,0.22351831794188945,97010386803.51404,USD,Consumer services,Buy,354.6447621316522,347.9668278541973,337.9213291807423,3.7324479783454447,-2.1601244614648163,18.466430526485254,365.2155000000001,357.105875,348.32895,308.23838749999993,38.604954983315494,3.055061,8.54233581630561
BNY,The Bank of New York Mellon Corporation,140.1,USD,0.8058713483954559,1097394,0.35751245810999,96161707462.44496,USD,Finance,Strong buy,131.99266502487896,128.60542645600754,124.56108606242675,3.7239949655734073,1.1333285208979955,20.765451254202215,137.82800000000003,134.428,128.27459999999996,116.17109999999997,17.35779861980102,2.185806,31.533660349070292
GMBXF,Grupo Mexico S.A.B. de C.V.,12.34,USD,0.08110300081102828,796,0.06241668626989728,96066902021.67638,USD,Non-energy minerals,Buy,11.723635439607865,11.473630019727553,11.029832558295794,11.171171171171174,7.304347826086955,28.67570385818561,11.90472000000001,11.634985000000006,11.311456000000005,9.6851275,16.23124227755654,0.198119,66.96645358323435
WMB,"Williams Companies, Inc. (The)",78.1036,USD,0.752837977296187,1850172,0.3021259788053345,95520565185.72873,USD,Industrial services,Strong buy,74.66711397898845,73.22212633129364,71.11307903245707,0.171347954341415,9.912186884323104,29.93445350191316,78.11872000000001,75.53218,73.73287200000003,65.2871679999999,34.31767652357309,0.509262,22.09108953382329
AXAHF,AXA,46.36,USD,-1.96658913089448,3111,2.690245589761328,95421286374.05634,USD,Finance,Strong buy,47.067597233832494,46.937965381870605,46.7641699488009,0.45503791982665404,-6.7203219315895435,-6.851516978099263,46.33999999999999,47.84319500000007,46.74191599999997,46.645450000000004,8.712263214784993,2.6484707999999997,46.9467483863275
BNY/PK,"The Bank Of New York Mellon Corporation Depositary Shares, each representing a 1/4,000th interest in a share of Series K Noncumulative Perpetual Preferred Stoc",25.73,USD,0.5274467669466755,14771,0.6116001556845565,95392962906.0,USD,Finance,,25.53378348786796,25.514282745677612,25.522902574931212,0.31189083820663493,0.5078124999999961,0.11673151750973206,25.594999999999978,25.552249999999972,25.398700000000005,25.639744499999995,3.1878383903460406,2.185806,31.533660349070292
STOHF,Equinor ASA,37.43,USD,0,440031,4.756135523019155,94881670458.2175,USD,Energy minerals,Buy,37.54457972206179,36.06934449414119,33.8011940431136,0,-0.8108967564129674,55.16955476328663,38.396400000000014,38.71631,35.442164000000055,26.857868500000006,16.759880685679544,1.382508,-31.960101946209623
FDX,FedEx Corporation,397.31,USD,2.159882749222179,580619,0.48289203441345635,94800848928.97035,USD,Transportation,Buy,381.07176138359324,372.0493882285501,355.9409381073055,6.087954927772293,0.3434777118323055,37.51081576852525,383.5499999999997,380.72249999999997,371.98060000000004,303.58915,21.148809777285695,5.90621,17.954642489388956
CIXPF,Caixabank SA,13.6,USD,5.631067961165045,100,0.029263724686878146,94776017290.79364,USD,Finance,Buy,12.779286095282984,12.533155067829604,12.152714519662812,5.26315789473684,7.936507936507937,9.677419354838703,13.0,12.756149999999996,12.334600000000002,8.054660194999999,13.788357666173617,0.24452935949000001,4.590508053802476
ESLOF,EssilorLuxottica,201.25,USD,-0.8620689655172413,424,0.08138351983723296,92995031211.06042,USD,Health technology,Strong buy,216.7092390832826,230.0471090471889,248.02698211308964,0.26280063271432125,-15.794979079497908,-35.51281332361352,203.67518000000035,206.26014500000028,220.3923319999998,295.5381355000004,34.393426641483586,4.08305915,10.222765343239438
GD,General Dynamics Corporation,343.86,USD,1.5204747424050176,202329,0.21539033450125655,92990117898.1373,USD,Electronic technology,Buy,340.6108352445377,342.05159065694437,342.24534877105094,2.6263952724885127,5.011452130096206,2.175075771082187,341.11400000000003,340.3710000000002,341.60140000000007,341.21625,21.621383703163414,3.917225,10.37337775001735
MCK,McKesson Corporation,765.3,USD,-0.1565557729941351,243701,0.21194021205935726,91992163893.05675,USD,Distribution services,Strong buy,804.673976241343,825.1011243769175,833.3040915577966,1.0630571145592544,-8.976295538613417,-6.442542787286069,764.8679999999999,774.3864999999998,834.1264000000003,816.4903999999991,19.895595568011064,9.604321,49.00157656000032
SNPMF,China Petroleum & Chemical Corp.,0.6029,USD,4.527864850619995,350,0.031243862812661796,90824524707.46892,USD,Energy minerals,Buy,0.5983871678982702,0.6036742093124904,0.6031199481893017,-3.2418552399293845,-1.9834173305153615,5.1447506103941345,0.5882768,0.5899917500000005,0.6211903599999998,0.5662643249999997,14.273898232148463,0.0176352,-16.120063077458617
CHDRF,Christian Dior S.E.,501.69,USD,-0.1512588317245479,18,0.6338028169014085,90510186879.48286,USD,Consumer non-durables,,523.2355699894562,543.6299179181847,562.6703387572297,0,-8.318561429798438,-28.979331823329556,498.52074999999996,531.1666875000001,607.2207949999997,643.6784987499997,17.015286240056543,nan,-1.2990388512299729
PROSF,Prosus NV,45.3096,USD,-0.9626229508196651,27530,2.0529608721914405,90249423559.7394,USD,Technology services,Strong buy,47.88975030021653,49.84227293420967,52.16386452693758,-0.9626229508196651,-5.644314868804663,-27.94274809160305,45.677600000000005,47.35368000000001,56.51541800000005,47.641068000000004,7.317570853923425,1.83,90.7458634677204
SHECF,"Shin-Etsu Chemical Co., Ltd.",45.696,USD,8.981636060100161,902,0.3205515476740467,90185256328.12494,USD,Process industries,Strong buy,44.18247062830816,42.453774825076366,40.301701859657975,-0.8634529439840397,4.7544816835541654,37.72151898734177,43.76079999999999,45.21895,42.674404,35.00423999999998,28.73599153270264,0.425667964656,-11.411713622964498
CMI,Cummins Inc.,653.48,USD,2.3012617802686446,446261,0.4903006366994247,90173094703.92117,USD,Producer manufacturing,Buy,643.6486227144904,621.4164905206925,591.9075540557067,-5.94026628283555,0.6112300041569841,28.02037417964542,659.8919999999999,675.4898999999998,616.9277600000004,518.42179,33.91934889466773,7.264168,-4.155514651012388
ADP,"Automatic Data Processing, Inc.",224.59,USD,2.0515733272747996,848534,0.302990829940222,89776321474.74226,USD,Technology services,Buy,212.85698391780852,214.99676489879158,222.77406088708548,4.31490942870413,10.537454473865536,-12.621094813834949,221.74699999999976,212.97549999999978,206.69400000000007,250.04962499999993,20.93474147332706,2.594385,9.820039308819906
GLCNF,Glencore Plc,7.66,USD,-0.8414239482200584,7961,0.07722371013317476,89596315978.63065,USD,Distribution services,Strong buy,7.491235771047076,7.27900457969114,6.907498996168502,-0.26041666666666113,1.8617021276595822,34.3859649122807,7.639999999999996,7.685765000000001,7.466186000000001,5.797669499999996,269.47236888023326,0.63086,nan
FCX,"Freeport-McMoRan, Inc.",62.25,USD,-0.09629272989889627,3125763,0.24685608571581602,89488100422.23158,USD,Non-energy minerals,Strong buy,61.738455163139285,60.89754590668394,58.90589771729725,-0.16038492381716346,-10.289667099005621,20.34799420009666,60.925999999999966,60.88899999999999,61.26439999999992,52.14835000000003,33.1169867532053,0.562231,55.154766817994215
CMCSA,Comcast Corporation,25.025,USD,-0.21929824561403394,8348046,0.2746325176939446,89395019309.08992,USD,Consumer services,Buy,26.63868030250389,27.355618649497398,27.91541783325493,1.2338187702265362,-14.106744465419608,-10.61608392244844,24.943,25.86325000000001,27.649699999999992,28.538839939949952,4.92133726647001,0.976076,24.843485306032253
ATLPF,Atlas Copco AB,19.03,USD,2.948336489045181,595,0.06262564599143239,89266987648.6256,USD,Producer manufacturing,Strong buy,19.26472094188068,19.277597559745622,19.10290437155818,2.880714055949159,-7.800387596899222,-3.105906313645618,18.461900000000004,18.926054999999998,19.655757999999995,17.483817500000004,33.80176697093822,0.1535618838,-5.163753757816815
TKOMF,"Tokio Marine Holdings, Inc.",46.7464,USD,-6.1694098755519855,3461,1.0650541605120631,88972859084.96143,USD,Finance,Strong buy,45.90201296947487,44.8065354018823,43.55788851539939,-7.52443125618199,3.5013838149009238,17.364800401707264,48.61828000000004,47.058820000000054,45.32583200000002,40.97620050000004,14.443973155840418,0.592064479056,-10.030390006458116
AEM,Agnico Eagle Mines Limited,176.74,USD,-0.5682137834036517,659904,0.34489497125901375,88544880064.40836,USD,Non-energy minerals,Strong buy,191.77772719999652,195.04052980660472,193.54237892875094,-2.890109890109885,-14.815885868517439,3.8181390977443606,177.05,185.98250000000013,196.78419999999977,181.82307500000007,16.73116075691246,3.2949424080000003,131.3305660574122
PNC,"PNC Financial Services Group, Inc. (The)",220.41,USD,0.9341942574529432,357260,0.21346327948811833,88508859492.5939,USD,Finance,Strong buy,217.16514314428105,216.23850780470917,214.08185774404782,3.2026970080067443,-3.8140955705869555,5.595745700186848,216.52000000000007,217.57100000000014,214.90660000000008,206.7092000000002,12.796753348544755,4.343033,21.59906809276713
NOKBF,Nokia Corp.,15.735,USD,10.576247364722411,1617464,0.9201758288920705,87825128078.78058,USD,Electronic technology,Buy,12.382148967512062,11.102627138097377,9.822521295274898,8.367768595041323,51.29807692307691,143.57585139318883,14.263,13.368100000000002,10.81565,7.163000000000002,98.68850595950627,0.06321481620000001,7.262123570069331
NGGTF,National Grid PLC,17.558,USD,4.3504100796386505,397,0.09166685908240782,87360651770.07646,USD,Utilities,Buy,17.236916990944216,17.216183546634074,17.010105046200092,3.477133427628476,3.464938126104897,10.6364209199748,16.814399999999985,17.125850000000003,17.34124,15.940849499999999,20.370232868956684,nan,10.73462745815208
BE,Bloom Energy Corporation,306.64,USD,-0.4027543198648854,5765019,0.6022561370298791,87221872186.47083,USD,Electronic technology,Buy,245.66674782348196,218.6699087504832,190.18291283792183,11.238482188202843,33.97413491786089,238.56685436678814,283.37600000000003,278.127,212.82179999999997,133.1366,nan,0.390582,32.85714285714286
HCA,"HCA Healthcare, Inc.",393.11,USD,0.1401059710617514,476173,0.28783003500820986,87207442439.12679,USD,Health services,Strong buy,440.1894593793957,454.77164265437136,462.20254288012416,-7.464337837201633,-16.21875066601308,-15.60541004723057,401.9640000000001,423.94050000000016,462.2128999999999,462.2801,13.519527327252968,7.376126,29.19984359448315
WM,"Waste Management, Inc.",216.99,USD,-0.3490241102181359,756517,0.3560589373726877,87137920827.08185,USD,Industrial services,Strong buy,223.2475799119663,224.9738719586449,225.37901809938654,-1.0082116788321076,-2.977867203219314,-1.0713960062004169,219.88000000000025,222.0549999999996,226.65119999999976,222.37879999999967,31.40504240599763,1.991478,4.211034357937912
MGCOF,Midea Group Co Ltd.,11.156,USD,-7.999340260597056,63947,6.275342976585346,87100239207.67506,USD,Consumer durables,Strong buy,11.538107282023685,11.494100061945662,11.458609915261636,-7.123114322821265,-1.1868910540301025,-8.811508909596203,11.550400000000002,11.601204999999998,11.305045999999999,nan,13.740921787690576,0.26254200658,3.4366654531341627
ICE,Intercontinental Exchange Inc.,153.0,USD,0.996765463066863,787927,0.2872480909812112,86523417505.39969,USD,Finance,Strong buy,156.3999459459254,157.7803876974751,159.31111970373192,-0.8617896714831935,-4.1293314117425926,-5.169207883971739,153.2559999999998,155.20599999999996,158.13799999999992,162.54452500000008,22.2762546772855,1.929298,42.23616633532139
BSX,Boston Scientific Corporation,57.8,USD,1.1373578302712137,5035831,0.31998791121859854,85911327220.44443,USD,Health technology,Strong buy,59.61199952561226,63.95305966769575,70.12406992457954,7.916355489171013,-7.53479443289074,-39.61554534057668,56.8700000000001,56.004999999999995,61.61319999999998,86.25195,24.236833277423685,0.832746,74.73622508792495
AMT,American Tower Corporation (REIT),183.785,USD,0.0027206442485555845,636434,0.20595770410073733,85624156640.31654,USD,Finance,Strong buy,178.66197675069722,179.15189130795412,180.51805165896332,7.545789689273809,3.8744136099022155,4.864201757389026,182.37300000000025,178.74125000000026,177.6076999999999,184.0623250000003,29.667145555214773,1.54826,58.97402997331144
SLB,SLB Limited,57.27,USD,0.034934497816599346,3130260,0.30035751473630196,85621949736.34377,USD,Industrial services,Strong buy,54.261054555303765,52.56483526458322,50.107794201341015,3.8440616500453393,7.046728971962623,49.10179640718565,57.144000000000005,55.812,52.771400000000085,43.01189999999995,25.111812680873452,0.52021,-22.62595419847327
ELV,"Elevance Health, Inc.",393.215,USD,0.8709147811810533,280962,0.16184563540924113,85391502441.8398,USD,Health services,Strong buy,361.7151620210461,350.58999159322605,344.1796981814318,0.824358974358968,16.377116135906235,12.106913756236628,395.11699999999996,382.5572500000001,336.9731000000007,332.6869249999992,16.729563226997726,6.194663,-8.294186500195076
MHVYF,Mitsubishi Heavy Industries Ltd.,25.395,USD,0.7114643316042495,14326,0.3949624777375261,85330132576.9053,USD,Producer manufacturing,Strong buy,27.903493711205837,28.38944143256299,28.43007070258125,-6.1182994454713535,-3.988657844990547,5.373443983402482,25.756919999999997,27.938797500000028,28.894023,28.03714275000001,40.79555296183264,0.145865653632,27.880891365054783
EPD,Enterprise Products Partners L.P.,39.44,USD,-0.07600709399544246,888038,0.21197631141959664,85329164806.67645,USD,Industrial services,Buy,38.14550335845001,37.513970232599945,36.573491950325874,0.8437739708514403,5.595716198125826,22.866043613707152,39.51199999999998,38.61149999999998,38.0908,33.97345000000003,14.661710037174721,0.740462,1.055636951049994
INTU,Intuit Inc.,311.93,USD,1.5827010127983894,6066337,1.111125886225235,85324394485.00781,USD,Technology services,Strong buy,383.57927841347293,408.3429237910919,447.67088912083136,-20.321312814230662,-23.077112771571596,-52.78080532848925,361.15999999999974,384.9849999999983,402.3518000000002,559.0092750000003,18.88802097525235,3.443781,34.38603629261943
USB,U.S. Bancorp,54.96,USD,0.7331378299120208,1758647,0.23160996123264202,85314399413.50732,USD,Finance,Buy,54.737533311812165,54.56184633342725,54.00288979581112,3.40545625587959,-3.663453111305866,3.0564410275642278,54.153999999999996,54.90849999999999,54.21760000000001,51.84769999999993,11.511876335302249,1.255012,18.199598920551608
UPS,"United Parcel Service, Inc.",100.29,USD,2.0763358778626015,2021522,0.4010731939204989,85247126823.21803,USD,Transportation,Buy,102.10133077333167,102.6220921999659,102.49642404418555,3.583970254079749,-6.2710280373831715,0.9969788519637555,97.95399999999998,100.71599999999994,100.4890000000001,97.7402499999999,16.236299762016547,1.658772,-9.902564252166055
CHGCF,"Chugai Pharmaceutical Co., Ltd.",51.7075,USD,2.482410068377772,1507,0.40566367869929204,85098287191.77454,USD,Health technology,Buy,52.60084658233654,53.535294947822486,53.835910229462314,1.2334198032401793,-7.903642354617507,-3.656605179802494,50.601999999999954,50.907755000000016,53.84765200000006,51.35234550000002,29.88100249205325,0.476100956688,4.159491019369339
KKR/PD,KKR & Co. Inc. 6.25% Series D Mandatory Convertible Preferred Stock,40.865,USD,-0.6201361867704169,7835,0.048653354628619964,85082440273.0,USD,Finance,,42.300835293864274,42.833154763213955,44.040850566585675,-0.9573436742607756,-10.08800880088009,-21.23927917509877,40.937999999999974,42.85000000000005,41.77389599999996,48.45636,13.928559255598351,1.388552,27.19035852083061
JCI,Johnson Controls International plc,139.295,USD,2.8235033586771894,1055067,0.3161859167808339,84986053349.26566,USD,Producer manufacturing,Buy,139.76618229303733,137.51522733576476,133.52667866599856,-2.474970244346443,-0.8152947878097481,15.635895733023405,137.04899999999986,141.42675,138.19709999999995,122.39100000000008,24.91414773743516,1.293988,49.09730926158032
CSX,CSX Corporation,45.725,USD,-0.381263616557728,3213478,0.27028805855817634,84963404758.88889,USD,Transportation,Buy,44.16839918571425,43.0004214019162,41.51633778477912,-0.07648601398600655,4.46652958647475,25.635389476576446,45.96900000000004,45.28124999999998,42.9202,38.01085000000001,27.96807144167839,0.491241,-2.5801453938743832
WEBNF,Westpac Banking Corp. Ltd.,24.865,USD,0.8722109533468555,7549,3.478641537256348,84937343784.94928,USD,Finance,Buy,26.527351310664706,26.73242984596662,26.538738126970728,2.3672293124742665,-9.634394534089257,-2.90901991409606,24.90420000000001,26.91194999999998,27.22872000000002,23.646341000000028,17.761823067519277,0.7482623466899999,14.37204156459396
USB/PR,"U.S. Bancorp Depositary Shares, Each Representing a 1/1,000th Interest in a Share of Series M Non-Cumulative Perpetual Preferred Stock",15.46,USD,-0.5787781350482306,80527,0.5856304652637581,84693479476.0,USD,Finance,,15.839232019548652,15.962792194153712,16.105842635810856,-1.903553299492379,-2.7672955974842735,-5.443425076452602,15.55600000000002,15.801169999999999,15.907392,16.493338999999995,3.2382388672447737,1.255012,18.199598920551608
USB/PP,"U.S. Bancorp Depositary Shares each representing a 1/1,000th interest in a share of Series K Non-Cumulative Perpetual Preferred Stock",21.9499,USD,0.045123062898806944,14178,0.4514840891504342,84693479476.0,USD,Finance,,22.194183169467397,22.339526972934465,22.543649496762693,-0.992783040144349,-1.0820189274448029,-2.87654867256638,21.96297999999998,22.173690000000004,22.14377599999993,23.19608250000001,4.597607976205437,1.255012,18.199598920551608
USB/PA,"U.S. Bancorp Depositary Shares, Each representing a 1/100th interest in a share of Series A Non-CumulativePerpetual Pfd Stock",772.85,USD,0.11010362694300813,111,0.23662332125346408,84693479476.0,USD,Finance,,777.5743262599054,777.910251540497,780.4718460774573,-0.5699361877315704,-0.5724945323555811,-0.019404915912028108,775.3340000000004,780.7819999999957,774.1664579999971,794.0947294999975,161.8805244857777,1.255012,18.199598920551608
USB/PS,"U.S. Bancorp Depositary Shares, each representing a 1/1,000th interest in a share of Series O Non-Cumulative Perpetual Preferred Stock",17.43,USD,0.057405281285866874,16148,0.30398981931543934,84693479476.0,USD,Finance,,17.791123616783334,17.926169551713475,18.10911990899503,-1.8028169014084523,-2.6800670016750443,-4.388370817334068,17.503019999999957,17.775754999999997,17.843905999999997,18.71051400000002,3.650873444765615,1.255012,18.199598920551608
USB/PQ,"U.S. Bancorp Depositary Shares, Each Representing a 1/1,000th Interest in a Share of Series L Non-Cumulative Perpetual Preferred Stock",14.655,USD,-0.034106412005462355,20624,0.6089542014710094,84693479476.0,USD,Finance,,14.98210617157812,15.076466680193658,15.18604351294598,-1.7102615694165042,-2.8183023872679094,-4.58984375,14.73400000000002,14.957500000000007,15.037600000000028,15.509551630000015,3.0696242302375265,1.255012,18.199598920551608
USB/PH,U.S. Bancorp Depositary Shares repstg 1/1000th Pfd Ser B,19.025,USD,0.07890583903207267,14422,0.2663839423419696,84693479476.0,USD,Finance,,18.858201136317202,18.833116883605033,18.87528095898019,0.5018489170628572,2.2849462365591244,6.166294642857125,18.994999999999997,18.902749999999994,18.713299999999922,19.07887549999993,3.9849608311340114,1.255012,18.199598920551608
KKR,KKR & Co. Inc.,94.27,USD,-0.5170958210215376,1033004,0.22855959447091478,84642482529.92517,USD,Finance,Strong buy,97.94065863829188,99.41931732205141,103.22908622253772,-2.239966815306451,-11.574899165181508,-26.8544382371198,94.45199999999991,99.18049999999997,96.32180000000002,116.98300000000016,32.131292818432804,1.388552,27.19035852083061
MNST,Monster Beverage Corporation,86.455,USD,0.15639481000927377,1322016,0.264172112802607,84553691514.41898,USD,Consumer non-durables,Strong buy,81.92286527911897,80.36185711365599,78.61872146322528,-1.182992341981937,14.086830298231721,12.762488587452715,86.90899999999996,82.06275000000004,77.65130000000009,73.72974999999992,41.95622634184218,0.578868,36.0401399617086
EIPAF,ENI S.p.A.,28.76,USD,-1.8430034129692803,434,0.018592536424663814,84117182426.23288,USD,Energy minerals,Buy,27.52888247457147,26.240369204497803,24.54369047174439,0,8.93939393939395,40.22428083861531,28.119500000000006,26.775125000000003,22.78390200000001,17.434465499999998,31.897051118511357,0.87328445868,1.8868168523695046
MELI,"MercadoLibre, Inc.",1652.45,USD,-1.5167769235353743,217205,0.26719154080229673,83774559121.91832,USD,Retail trade,Strong buy,1704.4398071295327,1751.5732502844103,1822.2390214965603,7.301948051948055,-11.71583660123735,-18.500160291978,1632.464,1701.5029999999995,1726.6435000000004,2039.3382250000002,43.63272936591343,8.682762,-6.841315524069561
CIEN,Ciena Corporation,591.66,USD,0.7543892512303441,922321,0.5105296911396139,83659787720.69453,USD,Electronic technology,Buy,518.1683116389522,471.79232225821175,412.87444650678276,4.999201405526266,15.671554252199407,145.50207468879668,560.0200000000002,547.3925,484.23339999999985,272.55817499999995,375.7287102305201,1.457957,191.7191552426825
INGVF,ING Groep N.V.,29.385,USD,3.3954961294862764,2637,1.9692330669852887,83299115860.83649,USD,Finance,Buy,28.722103600193226,28.331194933736093,27.709319506127763,-3.8448952879581064,1.3275862068965572,1.95160031225605,29.399000000000008,27.872850000000007,27.883539999999996,20.01714205999999,11.656542894701559,0.73033789369,nan
AMXOF,America Movil S.A.B. de CV,1.36,USD,2.50998718625161,872,0.06942619883599653,83248317214.32632,USD,Communications,Strong buy,1.2908476487751173,1.2452987011070749,1.185299711825552,0,4.2145593869731925,33.33333333333334,1.3413399999999995,1.2755849999999997,1.1003013999999998,0.9145318500000001,16.806647254395916,0.0238810728,203.85455876821186
MRAAF,Murata Manufacturing Inc.,44.8,USD,2.564102564102558,4434,0.6105503766024543,82627868749.99875,USD,Electronic technology,Strong buy,34.78313350150213,31.606037200886767,28.600235304068335,10.084529192058186,55.01730103806228,108.37209302325579,41.40519999999998,36.814730000000004,30.094101999999992,22.875555000000006,55.80097918138331,0.243385252128,-3.657141237093912
RACE,Ferrari N.V.,349.285,USD,-0.030052376999903076,309155,0.5975605466039433,82578251156.19473,USD,Consumer durables,Strong buy,342.51508626147927,345.93019519205944,354.7700316892895,8.68624949435231,-3.167364364725113,-5.868323182234673,338.98299999999995,336.7152499999998,339.79089999999974,388.3265749999996,33.66117848619785,2.77982217397,8.872330655924301
OVCHF,"Overseas Chinese Banking Corp., Ltd.",18.2,USD,12.833230006199631,206,0.005297672624405298,81793136939.28847,USD,Finance,Buy,16.36007659270959,15.673683332671477,14.880087683622223,12.833230006199631,17.04180064308681,27.272727272727263,16.72599999999999,15.195250000000001,13.408807320000003,9.829684389999997,14.366500478357105,nan,3.6317528876672784
RCRRF,"Recruit Holdings Co., Ltd.",60.102,USD,-2.3715928657288603,1578,0.08250505853258114,81593740065.67363,USD,Technology services,Strong buy,50.96383079593925,49.41439449810691,49.1952629553968,1.5270786175208562,24.172554853105233,2.580645161290311,59.06922000000003,50.79775500000002,46.51061199999998,51.37330699999993,27.454876478424953,0.67171745496,22.927653716688813
ENGQF,ENGIE SA,32.156,USD,-0.2976559593203635,14924,1.860337563261948,81309423652.69324,USD,Utilities,Strong buy,32.01544503758229,31.665002490873604,30.682365759644693,1.534575307862321,-2.2851586240427935,20.660412757973734,31.7432,32.384449999999994,32.633112000000004,27.224591000000014,18.136079632563522,nan,3.5250456672288224
MIELF,Mitsubishi Electric Corp.,38.212,USD,4.290393013100444,4167,1.3470614857438417,80286350666.99388,USD,Producer manufacturing,Strong buy,38.43785387499755,37.33971308755722,35.679451210628095,-8.020412093202372,-2.221084953940622,27.373333333333342,38.45719999999999,40.08855,37.005236000000025,29.679992,30.595159191093018,0.32231895,20.223439291163178
SU,Suncor Energy Inc.,67.54,USD,-0.28052561641812745,686733,0.2215169488450109,80163970189.37427,USD,Energy minerals,Strong buy,65.16661216499398,62.96572494568532,59.55155956016531,-0.6910748419350079,7.112837998572686,52.66726943942135,68.49600000000004,66.91649999999996,65.06440000000002,50.26169999999999,17.87447920783467,1.9428607055,12.754683562320244
NPPXF,NTT Inc.,0.9369,USD,-3.0826523223337174,1154367,4.174121227264329,79856962695.66411,USD,Communications,Strong buy,0.9534084630982984,0.9613310039752722,0.9711194704371537,-0.5836162988115514,-1.1552460832410207,-9.038834951456318,0.934444,0.9504873999999999,0.9632463600000005,1.005163045,11.799913666295017,nan,-0.3344991850034472
MMM,3M Company,153.07,USD,0.969656992084432,875653,0.2144905933833215,79836303816.1599,USD,Producer manufacturing,Buy,148.54959254184251,150.2545649697523,152.54918097907355,4.413369713506139,1.6266100119505966,-4.391005621486571,151.2680000000001,146.19899999999978,146.91439999999983,157.64674999999994,29.530809893120345,2.225062,-34.5232681521904
ABNB,"Airbnb, Inc.",132.33,USD,-1.4301675977653538,1184462,0.3126395886845491,79755938927.10796,USD,Consumer services,Buy,134.99401390756685,133.8136838429691,132.3541686978781,-0.8764044943820132,-9.656938044034806,-2.6555833455936333,133.51799999999997,137.12149999999997,134.09479999999996,128.32947499999997,32.59439887681963,1.25661,2.1538384117957854
DDOG,"Datadog, Inc.",222.945,USD,2.2495872317006063,1547740,0.3021435906111496,79390172676.36978,USD,Technology services,Strong buy,171.72172350295392,157.60653116958076,148.67441487750833,8.679438432290148,72.03873755691023,62.43715846994535,215.439,179.57575,144.9741000000001,141.914475,594.995996797438,0.578271,-18.825823223570197
MDLZ,"Mondelez International, Inc.",61.84,USD,0.5528455284552901,2203172,0.33790416693954056,79380902412.29399,USD,Consumer non-durables,Strong buy,60.039123933580576,59.46975002031433,59.184853307586614,2.197983804329872,10.074759700961202,14.645902855024111,61.62199999999998,61.07149999999999,58.849199999999975,58.93235000000001,30.66091526600228,0.677916,-25.044596402556852
NXPI,NXP Semiconductors N.V.,312.76,USD,4.469236421938671,847211,0.2528226950185295,78962857705.9845,USD,Electronic technology,Strong buy,269.059244213054,253.7591604831652,242.03519322370622,4.951259207060283,36.87527352297593,41.77375852768523,301.6500000000002,290.4759999999998,238.6680000000001,226.19900000000018,29.927181911259535,3.501342,13.848248815294934
NOC,Northrop Grumman Corporation,555.44,USD,0.6998078247942299,204263,0.28469924989135426,78891068869.33406,USD,Electronic technology,Strong buy,593.0625376593073,614.8913652595019,624.613696527212,2.8592592592592694,-9.108165603010958,-2.48424305201987,553.106,558.6209999999995,630.5274,619.6405,17.353107494665416,6.81895,25.97993490059943
MRSH,Marsh,163.685,USD,-0.8690649224806215,1100074,0.4111925819867526,78862529521.64902,USD,Finance,Buy,167.18669756816416,170.28256166602017,174.52556417080277,1.5163731084098195,-8.20200773933038,-11.238544547475732,164.8470000000003,165.17125,170.32530000000045,184.64342500000004,20.480849839216226,2.913696,-1.9711019527033586
VCISF,Vinci SA,141.05,USD,-5.036019659328074,264,0.2881781464905578,78728385755.58978,USD,Industrial services,Buy,149.57331548509353,149.08246876681778,147.39769921703393,-5.036019659328074,-9.774195611846734,-0.2475247524752435,147.45880000000017,149.74486000000002,144.388504,131.90892250000007,13.889322073369987,4.14113965,16.304065595490236
MCO,Moody's Corporation,450.14,USD,1.0710196016794984,197962,0.1942227650602309,78639455764.30905,USD,Commercial services,Strong buy,446.69755633237673,450.8410636637167,458.08850448326933,5.41673497107796,-5.087819174731692,-11.688770305265642,443.5359999999996,448.77675,444.1929000000002,478.8371249999992,32.27712407052868,4.188497,20.48362433153924
BCLYF,Barclays Plc,5.75,USD,-1.5410958904109566,45844,0.8422375402342774,78021580107.65659,USD,Finance,Strong buy,5.842961991128633,5.84443147499475,5.809182513579105,1.3215859030837036,-1.2027491408934756,-8.0,5.719999999999999,5.804999999999998,5.653749999999994,5.631963000000008,9.563479549787973,0.197285439,18.367794117082507
LLDTF,Lloyds Banking Group plc,1.34,USD,-2.898550724637668,666,0.05380513814832768,77905060370.84857,USD,Finance,Strong buy,1.2898614505946528,1.2862672670937285,1.273758579182258,10.6523534269199,-3.9426523297490994,-1.4705882352941189,1.3218000000000003,1.3079800000000001,1.3264500000000001,1.0649065399999997,12.945283955769638,0.0343312385,nan
MPWR,"Monolithic Power Systems, Inc.",1584.395,USD,1.4824659727782215,193260,0.334281380651636,77841328042.72754,USD,Electronic technology,Strong buy,1480.00731698915,1390.9290015767697,1288.1357257693062,1.350685737679751,2.5458558243692826,70.8049223538036,1530.6709999999996,1576.7632499999993,1376.1493,1078.4131499999999,114.14949567723342,5.845609,-63.151159888922514
BAESF,BAE Systems PLC,26.482,USD,0.18916464891041432,18065,0.7108678372146101,77723806377.63992,USD,Electronic technology,Buy,27.57350574426811,27.782779388084098,27.535687892552485,1.834262641799655,-8.619737750172536,12.689361702127657,26.069079999999996,27.04169250000002,28.70479100000003,26.287940749999994,28.89470308439444,0.5209229961,14.336737814628211
RKLB,Rocket Lab Corporation,133.75,USD,6.616181745715421,21604006,0.7169675884842678,77407941232.64249,USD,Electronic technology,Strong buy,100.6386016760225,91.47037692499724,83.18565162447956,0.749500960415807,47.847233736804284,89.36712445136628,130.39,104.76599999999999,85.26780000000004,67.07527499999999,nan,-0.059277,19.985465116279073
LLOBF,Lloyds Banking Group plc,2.0,USD,-6.716417910447767,8000,6.446414182111201,76918170693.6916,USD,Finance,,2.082998586226494,2.08743916184856,2.088045954663842,0,-6.716417910447767,-4.761904761904766,2.0989999999999998,2.097035000000001,2.08299,nan,19.321319336969605,0.0343312385,nan
BAM,Brookfield Asset Management Inc,48.16,USD,-0.7828594973218018,712536,0.2766739745029371,76901235936.08379,USD,Finance,Buy,47.757748529691355,47.84250962552999,48.618209190731044,0.7215309003450776,-1.372107311079258,-8.074059935102126,48.07399999999999,48.09574999999996,46.42700000000006,52.17524999999998,31.218833511189928,0.433953472,13.918809923757516
ORLY,"O'Reilly Automotive, Inc.",92.76,USD,0.4548408057180005,1495086,0.25685801957983945,76871608504.11046,USD,Retail trade,Strong buy,92.42038108012642,92.79491588897027,93.45756173369281,4.4359378518351855,-1.1192836584585835,2.2261406215561057,92.19600000000007,92.73199999999983,92.11140000000016,96.85277500000002,30.30778278768869,0.863721,12.50964967099217
CP,Canadian Pacific Kansas City Limited,86.465,USD,-0.28255103217620847,757085,0.28567328576973217,76758127673.29124,USD,Transportation,Strong buy,84.42965588891758,83.12487387953648,81.51145555012066,1.0459273109734841,4.489425981873116,17.11363944196127,86.37300000000009,85.77524999999993,82.68370000000003,77.43047500000003,26.813814554662457,0.8994763510000001,12.587181014183418
EMR,Emerson Electric Company,136.68,USD,1.319495922905857,879801,0.31347010657258917,76554461199.43544,USD,Electronic technology,Strong buy,137.85606428962458,138.3843846362432,138.40313355409214,3.014772384684956,-6.607447898872557,2.5895068678225757,133.46199999999993,137.5639999999999,136.61339999999998,137.19025,31.533776301218165,1.675671,3.4463007159904335
SHW,Sherwin-Williams Company (The),308.46,USD,-0.2844766276588852,383397,0.1665402835820096,76077222480.86584,USD,Process industries,Strong buy,318.54067140182315,323.82869947120804,329.0243836709783,2.308457711442779,-9.185656244479787,-4.575406032482605,305.46599999999995,313.4335000000002,320.5036000000006,339.73085000000015,29.601266733841943,3.503856,-1.3938568103105617
NET,"Cloudflare, Inc.",215.05,USD,1.1286150952269014,942652,0.2511156394323256,76012914414.44722,USD,Technology services,Strong buy,203.40787595812918,201.12344854976666,199.21890792097494,10.75916769674496,2.8307751159565897,8.119658119658121,209.262,212.10099999999983,208.02519999999996,204.09059999999994,nan,0.269544,-4.503367003366998
ANZGF,ANZ GROUP HLDGS LTD,25.21,USD,-2.229978669769243,300,0.26605179141539553,75876990873.0218,USD,Finance,Buy,25.92590151464392,25.525674821993572,24.592275119191747,0,-10.610761457317613,0.17881978939003262,26.308500000000002,25.469750000000005,21.74483602,nan,18.66880013803508,0.85233868543,-0.12334411998343688
APO/PA,"Apollo Global Management, Inc. 6.75% Series A Mandatory Convertible Preferred Stock",66.6,USD,-1.0989010989011123,28390,0.6217410062174101,75466139468.0,USD,Finance,,65.16987947910789,64.5990127031683,65.10792681800919,-0.5970149253731428,0.030039050765989818,-12.864292022372695,67.53600000000006,66.66300000000001,62.30619999999999,67.74984150000006,43.7956204379562,2.19922,-73.13820391436445
CI,The Cigna Group,284.56,USD,0.9006453443018299,495471,0.3224953370498051,75275339562.37885,USD,Health services,Strong buy,280.9500546648452,279.3874402200895,279.3217179607123,-0.5869200670765814,2.714409471556447,2.855490493746829,285.5300000000001,286.92799999999994,277.17500000000007,282.15680000000003,12.05527736119231,7.55513,30.779203510404905
LITE,Lumentum Holdings Inc.,964.08,USD,-0.043545878693619394,1865455,0.30981943360917585,75005426941.71846,USD,Producer manufacturing,Strong buy,889.2041441466896,816.0535025459378,711.9281138645948,1.1313391972054907,13.441195505089135,154.11987980389057,914.3440000000003,934.6539999999999,847.2180000000002,442.7073750000001,178.92763682930905,2.950563,nan
EOG,"EOG Resources, Inc.",140.785,USD,0.5750821545935183,943828,0.33024317745114135,74986098127.50948,USD,Energy minerals,Buy,136.25684803184237,133.47218585502594,129.3786693970539,1.327911328631063,5.528071358968593,34.080952380952375,141.93699999999995,137.69925000000018,137.98029999999994,119.26997499999996,13.844663631267885,4.82837,-5.629437149088195
KMI,"Kinder Morgan, Inc.",33.615,USD,0.34328358208955817,2307338,0.248010232475909,74787515353.61194,USD,Industrial services,Buy,32.744715473362334,32.36921493654953,31.65832118633418,-0.22261798753338008,5.5747487437186,22.28082939250638,33.75899999999999,32.62924999999996,32.7463,29.329175000000024,22.67606583917971,0.312845,28.168770534324732
ROST,"Ross Stores, Inc.",231.43,USD,6.5564712924167825,2056239,0.6309896775827263,74554750164.42664,USD,Retail trade,Strong buy,221.97487146909927,217.0146856892247,208.50633539297039,8.0993974496707,1.8336305003411881,28.085719032061576,218.00999999999968,221.3044999999999,219.49179999999987,183.47209999999995,32.268994269301025,1.935928,13.418414144289455
COHR,Coherent Corp.,381.01,USD,0.796296296296294,2312255,0.39981613944076666,74540540362.28796,USD,Electronic technology,Strong buy,336.15271148451404,309.9908294053409,277.4297170698135,-0.2591623036649238,7.968488764204144,102.66489361702128,366.7940000000001,351.1575,309.9078000000003,197.9871500000001,181.90107896495752,1.615261,nan
APO,"Apollo Global Management, Inc. (New)",129.28,USD,-1.2375859434682999,780864,0.26976433553141466,74532181133.86584,USD,Finance,Strong buy,126.27631700262012,124.65243016270604,125.1583607495054,-3.4359127576934525,0.8188411448179143,-10.847527756706429,131.52800000000005,130.04499999999993,119.88020000000004,129.34629999999999,85.01348063391859,2.19922,-73.13820391436445
MPC,Marathon Petroleum Corporation,254.505,USD,2.4453568409612316,565975,0.2503508937766875,74299326007.78336,USD,Energy minerals,Buy,240.65200241676538,232.2754447651138,221.76143243779504,0.9740130926403427,14.302074912422528,56.2818544673012,256.771,249.16374999999994,238.84489999999983,199.3036250000003,16.63083538083538,10.68946,114.97787455222308
CVNA,Carvana Co.,67.315,USD,4.542630843298644,5136799,0.5581181609650987,73833497549.9805,USD,Retail trade,Strong buy,71.07477375209143,71.28516372813077,71.65592030865535,0.022288261515602627,-17.289214361192343,-20.182365774995258,65.19700000000002,73.35555,69.56806,73.76602000000005,33.78588636819916,0.385747,248.80952380952377
TRPPF,TC Energy Corp.,18.25,USD,0,450,0.22002738118521414,73727467108.19704,USD,Industrial services,,17.841404920283193,17.69022767134713,17.45512107678849,-0.14062388855146724,4.285714285714286,3.51555853024924,18.192220000000013,17.851934999999994,17.424384,nan,7.956028511762604,0.591034379,-21.54950744946246
TRP,TC Energy Corporation,70.57,USD,0.01417233560089414,917052,0.41086640134953695,73478787422.89401,USD,Industrial services,Buy,65.93295211303555,64.43792382345623,62.46120315521635,3.5813885219433406,16.72179953688388,28.285766224322842,69.98599999999996,66.75700000000003,64.33020000000012,57.25789999999999,30.764763401374626,0.591034379,-21.54950744946246
TRPRF,TC Energy Corp.,17.1766,USD,4.100606060606063,158,0.07528828742971505,73478147073.535,USD,Industrial services,,16.879967806876344,16.68717142892951,16.29486680306897,0,4.100606060606064,1.0388235294117678,16.841160000000006,16.81823,15.343800000000003,nan,7.488083251240633,0.591034379,-21.54950744946246
VOLAF,Volvo AB,36.0,USD,-0.27700831024931144,1,0.00025355612464819085,73149390015.73709,USD,Producer manufacturing,Buy,33.531153998076746,32.000646876476296,30.38358280423632,0,-0.2770083102493114,4.681593486478626,35.262,29.696115,26.505338,22.50560399999999,21.1629760787827,0.578454773,-24.52454140163562
VLO,Valero Energy Corporation,246.33,USD,2.1734621925422077,909618,0.31873129514263526,73143448067.99428,USD,Energy minerals,Buy,240.6058626640851,233.2941139032618,221.56589139692989,-1.4482896579315767,4.200507614213201,50.89127105666157,252.46600000000018,247.28200000000007,242.3316,191.07464999999996,17.888629068568356,9.096777,385.49871311215315
HLT,Hilton Worldwide Holdings Inc.,321.22,USD,-0.4771347130995054,364808,0.28780665371039177,73125213700.63646,USD,Consumer services,Buy,318.34534234741585,314.70906173151104,308.4348574316836,1.9778405663671919,-6.221352874200784,11.974064907449375,320.27599999999995,318.5154999999999,315.49199999999996,290.4255000000003,49.101942860636825,2.2672,3.1910530632847522
CL,Colgate-Palmolive Company,91.06,USD,0.6855373728438794,992300,0.2048905471930057,72865242452.64531,USD,Consumer non-durables,Strong buy,87.97532511762157,87.66248226465103,87.1257000431356,2.997398484334358,10.79206716145517,15.368047637146832,90.35799999999969,87.62650000000032,86.1116000000003,84.03270000000012,35.334290481549026,0.94859,-27.029475889798103
ITW,Illinois Tool Works Inc.,251.74,USD,0.7242027767774986,296927,0.2377752665099046,72425598950.83649,USD,Producer manufacturing,Buy,258.1218895794037,261.0042364763878,262.14432226085916,1.2712205326253103,-7.665786384976518,2.0636529495236178,249.8540000000002,254.7844999999999,261.2194,260.8406000000001,23.37201745427537,2.785898,-5.191535807337499
AEP,"American Electric Power Company, Inc.",131.16,USD,1.1958953784430082,1410156,0.23686533432841603,71364801569.09494,USD,Utilities,Buy,130.95588901481057,130.1767676637863,128.01692037006316,4.15310092908758,-1.1530635315396798,13.617463617463617,129.248,131.79399999999998,132.11399999999995,121.48449999999995,19.399784052419054,1.514158,30.44124172792346
GM,General Motors Company,79.12,USD,2.473772827353984,2821659,0.4271047258385872,71339746703.35345,USD,Consumer durables,Strong buy,77.22974613788377,77.0701914616619,76.19084336891586,5.747126436781625,-0.5905264480462356,-2.812922245424385,75.63999999999996,76.61500000000007,76.17620000000007,72.02789999999995,31.913520490480803,3.174802,-64.28849228641805
MURGF,Muenchener Rueckver Ges,560.72,USD,2.3734754984298547,1671,2.1381957773512474,71194681421.00308,USD,Finance,Buy,597.1681226483096,608.133843172161,616.5049143822816,-1.6280701754385916,-16.563248664494136,-16.348527908936966,568.6268000000005,585.4500999999998,613.9830400000003,629.2595274999998,9.31107280255997,14.240921582010001,59.852461482466666
ECL,Ecolab Inc.,252.55,USD,0.9473179310896174,424404,0.2540218449545237,71077038544.47577,USD,Process industries,Strong buy,259.9973257557257,264.4033410222356,267.61341287585486,1.6870671605733603,-7.137078982203254,-3.3116385911179087,249.26200000000009,254.71099999999993,262.81820000000045,271.8807500000001,34.149144750185926,2.072333,0.5971489199629989
PSX,Phillips 66,177.21,USD,1.8155702384372288,723031,0.30418340690497864,71049697570.93134,USD,Energy minerals,Buy,171.47371187352275,167.91784595991422,162.22270264325311,2.1442158049455293,10.232644936551393,37.37209302325582,178.55599999999998,174.574,172.1813999999999,146.87955,17.4395260495601,6.120263,131.74147053457398
NSC,Norfolk Southern Corporation,315.29,USD,1.2361931672232285,514382,0.45718296997836394,70812240967.21382,USD,Transportation,Buy,309.69895565137716,306.1212085370716,301.8586524824385,-0.6710352214731257,3.7342896624333823,9.13842639066774,315.36999999999966,314.59050000000013,301.5389999999997,293.6673000000001,26.573338165513405,3.146421,-18.973311844405593
DASH,"DoorDash, Inc.",161.675,USD,1.5100144408865455,2680496,0.5352522062038589,70444831023.24135,USD,Transportation,Strong buy,166.01301855562036,170.1322144864797,178.39992278744373,2.4881141045958866,-11.691610225038234,-29.623906324816083,159.799,163.7647499999999,163.59680000000017,210.66687499999986,77.01009812327331,0.465688,174.50313807531379
VOLVF,Volvo AB,34.5,USD,6.153846153846154,1049,2.4863711780042665,70168667240.42319,USD,Producer manufacturing,Buy,34.55477427775829,34.46823004971693,34.025864827017585,6.153846153846154,-4.166666666666667,5.223027068242466,33.56690000000002,34.321369999999995,35.204548000000024,31.5464295,20.281185408833423,0.578454773,-24.52454140163562
CNI,Canadian National Railway Company,114.37,USD,0.1751773670841752,341610,0.3418621233159455,69925817538.68417,USD,Transportation,Buy,110.97929734270537,109.14935003994468,106.90011314682026,1.9794917521176987,3.765196878969339,15.618681763040843,113.83400000000003,112.19150000000005,108.46820000000005,100.64105000000006,20.94585337898386,1.3874135525,10.05730492344155
CTAS,Cintas Corporation,173.215,USD,0.49605476908794943,330942,0.1799795766236364,69301092067.3821,USD,Commercial services,Buy,173.69795208120453,177.0829681375561,181.31436455224485,2.889812889812895,-1.7582168278365393,-7.658065891886133,172.72899999999987,170.02925000000022,174.31449999999978,190.39522499999973,36.553274104712266,1.240429,9.946635730858471
RCL,Royal Caribbean Cruises Ltd.,258.365,USD,-0.750998770743694,1325906,0.4751596789470346,69292197132.58818,USD,Consumer services,Strong buy,268.852114763567,273.88123915640597,279.1083001816358,-1.1950743814295002,-5.016359692658352,-7.229802513464988,254.4730000000001,262.42875000000004,269.2637000000001,294.19857499999983,15.7708882703389,3.936266,37.58860483085296
ET/PI,Energy Transfer L.P. Series I Fixed Rate Perpetual Preferred,11.6053,USD,0.0456896551724145,21004,0.3226832299663398,68857595973.0,USD,Industrial services,,11.730628640134798,11.746251499736088,11.730055795820753,-0.040482342807921665,-3.289166666666669,1.2678883071553129,11.61005999999999,11.782540000000012,11.764631999999995,11.622788500000004,9.751533484581127,0.365432,-10.370537731586094
NETTF,"NetEase, Inc.",22.044,USD,3.1057062675397638,128,0.15984015984015984,68819440079.51987,USD,Technology services,Strong buy,22.26786826306062,23.228475476010498,24.07767578513592,0,8.164867517173708,-19.898255813953487,21.35904000000002,23.815464999999985,26.678526,23.582339999999995,14.823463763030123,0.45841276495,6.6845878762961055
AON,Aon plc,322.09,USD,-0.6569613225587725,300602,0.20626306847277626,68791000107.63423,USD,Finance,Buy,319.79976355167423,322.7680839614799,327.81116026353135,1.442474252779435,-3.5080886758538155,-8.267828662565512,323.53799999999956,317.2434999999999,321.53500000000037,341.8667500000008,17.673364573159354,3.820335,55.29197235784827
ET,Energy Transfer LP,19.985,USD,-0.12493753123439347,2952782,0.27449891487764466,68771566992.52399,USD,Industrial services,Strong buy,19.5398920995552,19.24270313211479,18.849883952357388,-0.5721393034825969,4.9632352941176485,21.48936170212766,20.146999999999984,19.945250000000005,19.396099999999983,17.828225000000018,16.7927064952525,0.365432,-10.370537731586094
ARZGF,Assicurazioni Generali Spa,44.9677,USD,0.5089405453732648,479,0.08779325513196481,68724558548.10149,USD,Finance,Buy,40.627347193975694,38.01819263409715,34.716436134238776,0,11.154863428500809,10.793357478995729,42.143440000000005,34.049995,25.32161872,18.888687180000005,14.1838066168797,1.8237277,27.492352981864883
JAPAF,Japan Tobacco,38.59,USD,-6.9223347805113296,30,0.5769230769230769,68491597167.97108,USD,Consumer non-durables,Buy,38.024969171719306,37.70821885360694,37.21083189017042,-8.684335068622799,2.252252252252256,2.143991529910011,40.189,38.7241,37.82930200000001,31.05210850000002,19.79029981692513,0.6626552522400001,189.52330676486494
B,Barrick Mining Corporation,40.795,USD,-1.1749031007751924,4707653,0.35289229634130537,68346326825.17352,USD,Non-energy minerals,Strong buy,41.49175700550581,41.93063795984136,41.652782748377184,-0.25672371638141045,-0.886783284742456,-7.588628383735419,40.62299999999999,41.23325000000001,41.09229999999999,39.124424999999995,11.29992621650923,0.871708564,179.97248220371966
DLR/PJ,"Digital Realty Trust, Inc. 5.250% Series J Cumulative Redeemable Preferred Stock",20.22,USD,0,285,0.04016007665642702,68267658117.0,USD,Finance,,20.38846135273897,20.483795041997432,20.667913937197554,-0.394088669950748,-0.6876227897838928,-2.788461538461547,20.237019999999976,20.397054999999934,20.343041999999997,21.408698500000014,5.348215938847304,0.484044,251.46416287068885
DLR/PL,"Digital Realty Trust, Inc. 5.200% Series L Cumulative Redeemable Preferred Stock",20.0872,USD,0.13559322033898583,4961,0.21043656786059692,68267658117.0,USD,Finance,,20.11430854520018,20.18428524776519,20.3431686498652,0.18553615960099035,1.1949622166246743,-2.252068126520688,20.077440000000028,20.139414999999886,19.958966000000085,20.99224799999994,5.313090168487317,0.484044,251.46416287068885
DLR/PK,"Digital Realty Trust, Inc. 5.850% Series K Cumulative Redeemable Preferred Stock, par value $0.01 per share",22.38,USD,-0.48910626945308777,1783,0.10453431516245912,68267658117.0,USD,Finance,,22.700449999235115,22.85231308267102,23.07463622160397,-0.5333333333333378,-1.8421052631579022,-6.320636249476776,22.484439999999996,22.725585000000045,22.595833999999932,23.734560000000105,5.919538709762742,0.484044,251.46416287068885
WBD,"Warner Bros. Discovery, Inc. - Series A",27.115,USD,0.055350553505524036,4047034,0.26936278870662833,67981013086.31089,USD,Consumer services,Buy,27.177638708205116,27.16620074831595,26.592355118564956,0.5152728351126903,-0.8592321755027531,-5.8179923584578,27.165000000000003,27.103249999999992,27.246099999999984,23.796375000000012,nan,-0.14828,84.13440799182655
TDG,Transdigm Group Inc.,1213.91,USD,0.3795521450071235,143925,0.37337119491493986,67898331881.38169,USD,Electronic technology,Strong buy,1196.525882773137,1214.206474172251,1241.0432570910195,5.72471215314672,0.4925659790059311,-8.66195646448913,1196.5500000000018,1185.1434999999988,1193.1142000000007,1295.672700000001,37.869126574617695,10.222805,8.239322242219385
DLR,"Digital Realty Trust, Inc.",192.615,USD,-0.8519071395480523,764852,0.42780931718544996,67686081063.499016,USD,Finance,Strong buy,191.31668997445612,187.62288595167834,182.81832339703968,1.4724475819197218,-5.045600197190034,24.55703569580964,190.46300000000005,194.5287500000001,189.56809999999976,172.61877499999977,50.94691459253578,0.484044,251.46416287068885
HOOD,"Robinhood Markets, Inc.",74.615,USD,-1.7189146469968477,10735625,0.5635786393819842,67250894261.704285,USD,Finance,Strong buy,77.04467266478632,79.49140164417088,84.36151050398851,-1.822368421052638,-16.491326245103526,-35.385960962261215,75.52099999999999,77.04774999999985,76.2308,104.53595000000001,36.0859892634328,0.39612,18.0126705096741
MSI,"Motorola Solutions, Inc.",403.715,USD,0.868229062562454,356427,0.2650142155526578,67014901905.877365,USD,Electronic technology,Strong buy,416.51276958735997,422.03660275979445,423.92718263771314,1.6018623379891663,-9.169347762503667,5.32061984764687,401.77499999999986,413.9937499999998,433.72210000000007,428.48132500000014,32.54742460032731,3.849226,3.4787976874754927
CRH,CRH PLC,100.23,USD,-0.7918440067306712,1464908,0.273278504066453,66973704767.20686,USD,Non-energy minerals,Strong buy,108.97457586324865,110.85974716330382,112.42429400125879,-3.2155272305909604,-15.446262864855745,-20.135458167330675,100.92799999999993,109.5605,109.421,115.94719999999994,18.57246094835733,2.028324,14.203787958946137
REGN,"Regeneron Pharmaceuticals, Inc.",635.29,USD,-1.1360276381518648,463253,0.39731298943904747,66603188312.158875,USD,Health technology,Strong buy,706.723993347531,719.9236959718194,722.5556261604428,3.143214326303316,-15.461489327726627,-17.947691314175014,637.5239999999991,694.1184999999987,729.4134000000003,693.338624999999,15.478946060396371,10.852372,4.472156251829569
SPG/PJ,"Simon Property Group, Inc. Simon Property Group 8 3/8% Series J Cumulative Redeemable Preferred Stock",53.82,USD,-0.18545994065282162,500,0.6907031357922365,66559750785.0,USD,Finance,,53.99930795284478,53.9655348826061,54.00107378507224,-0.9387078961899467,0.4104477611940277,0.7487832272557068,54.181880000000106,54.11476499999994,53.850010000000104,53.859282000000015,9.847944227918978,1.63,-18.347253141294775
SPG,"Simon Property Group, Inc.",204.675,USD,-0.10980966325036326,333808,0.2279978782635256,66486661746.8027,USD,Finance,Buy,200.18819938370453,197.92085059173758,194.7906111029981,2.3068079576127207,-0.3529698149951287,10.953000487884216,202.99099999999993,202.40624999999983,196.71110000000027,187.3263749999998,37.45128176977549,1.63,-18.347253141294775
NKE,"Nike, Inc.",44.365,USD,-0.05631899076368231,6169191,0.29975509372554526,65699562722.81956,USD,Consumer non-durables,Buy,45.63593111191067,48.362443259941486,52.03000866175971,5.933619866284621,-4.199956812783417,-30.679687499999996,43.58699999999998,43.540750000000024,46.365099999999984,61.61522500000004,29.185579896059473,0.117362,-49.42272500415904
SFBQF,Softbank Group Corp,1.375,USD,-1.7857142857142794,4855,0.06749317422275111,65551427734.37193,USD,Communications,Strong buy,1.3844815813026548,1.3818494531728032,1.3874169365837472,-1.7857142857142794,4.666209941386915,-8.333333333333334,1.359999999999998,1.388,1.3563840000000014,1.4251794999999998,19.431904553582633,nan,-2.032713307970299
TRV,"The Travelers Companies, Inc.",307.95,USD,0.2343521140513525,369101,0.27132148495000485,65483932729.838875,USD,Finance,Buy,301.2565191626721,299.2805080894481,295.9875964537025,2.667111185197533,2.615794735088292,6.70108450850628,306.7300000000003,302.4735500000003,299.7132200000004,286.99710500000015,9.161906461977864,4.821623,83.00411612256899
BKR,Baker Hughes Company,65.85,USD,0.07598784194528443,1813683,0.2722669241855233,65327724590.528114,USD,Industrial services,Strong buy,64.27281868186269,62.69245244386628,60.141095454958055,2.698066126013708,8.00393636214531,44.02887139107611,66.023,66.43124999999999,63.2307,53.390900000000016,20.996078181296433,0.48957,7.1213880729558
MFC,Manulife Financial Corporation,38.72,USD,-0.8196721311475417,619502,0.23710294283797564,64923489665.308556,USD,Finance,Strong buy,37.95338333463983,37.3759424236159,36.675118431204695,2.40677069558317,0.8595988538681903,6.402857928002193,38.50199999999999,38.929500000000004,37.115600000000015,34.74675000000001,15.470375603555208,0.7915045390000001,35.8905013511072
DPSTF,Deutsche Post AG,57.9,USD,5.177111716621257,7658,1.828994506806783,64804186060.88916,USD,Transportation,Buy,56.04356315032378,55.52642614857144,54.66493474267357,4.3149265831906956,3.0432461292044866,6.063381571716423,55.80375999999999,56.271064999999965,55.39490400000003,47.17830850000008,16.229618612994,0.91724094269,15.294024135682442
RNMBF,Rheinmetall AG,1389.0,USD,-1.768033946251768,181,0.14379915786128544,64646860245.36216,USD,Electronic technology,Strong buy,1534.9643090085779,1625.302563263336,1712.752738607829,2.888888888888889,-17.9073162370936,-26.91397000789266,1412.9,1479.3976250000007,1641.99207,1910.8274534999996,77.10146340685765,8.24773534182,-0.061595264786545735
FIX,"Comfort Systems USA, Inc.",1836.05,USD,0.039230002233932165,128635,0.3400198035400017,64633414380.76842,USD,Industrial services,Strong buy,1763.997952069312,1646.2567403766254,1495.9719367728403,-7.6033897963907995,7.058309037900872,95.6575021312873,1837.364,1900.7785,1666.4289999999999,1148.2198,52.9944207284514,10.378034,107.81259372113385
APD,"Air Products and Chemicals, Inc.",289.92,USD,-0.093042489403488,335817,0.3122624791269888,64559587515.957405,USD,Process industries,Strong buy,293.15444313522175,289.9030955365738,285.2815595333736,-1.7886178861788524,-2.1532230847114393,18.199608610567523,290.87599999999986,298.3085,294.67279999999994,274.9008000000004,30.66638459911149,3.335211,37.39881116746843
KDDIF,KDDI Corp.,17.025,USD,-2.7142857142857224,3655,6.0363336085879435,64398596246.339645,USD,Communications,Buy,16.40804685015661,16.417838616417992,16.416712619761718,0.9786476868327352,2.8700906344410746,-3.2670454545454706,16.538999999999998,16.571999999999996,16.478448000000004,15.755492027499992,14.727230509699497,nan,7.236633294742717
RSG,"Republic Services, Inc.",209.27,USD,0.5670623288000417,715873,0.3726079763287418,64384863612.3698,USD,Industrial services,Buy,209.85700161990604,212.0543543875921,214.3967694792852,0.6734978592389501,2.087906727157423,-0.6079316076941349,211.8099999999999,206.49350000000032,212.36460000000002,218.5021999999998,30.002007110907215,1.834795,5.163809609962764
IMO,Imperial Oil Limited,132.855,USD,-0.7656109949208288,175218,0.41558541359664325,64247711719.49503,USD,Energy minerals,Buy,128.5134331408348,124.90722962273937,119.12533096783503,-1.2670927467300925,6.283999999999992,53.39452719085555,135.32099999999997,131.48075000000003,128.87290000000002,104.1907250000001,31.680929587852372,2.946600838,-35.32530230093818
HKXCF,Hong Kong Exchange & Clearing Ltd.,50.45,USD,-5.6833052907085415,1141,0.04432393375883274,63840982203.96699,USD,Finance,Strong buy,52.421743313323404,52.40597135941094,52.51294879395804,-3.7764638565706594,-1.000784929356354,-7.988327557906247,51.397199999999984,53.606090000000066,52.220860000000066,54.19579900000007,29.38264149428688,0.45160017749,19.58716351586279
NBNKF,Nordea Bank Abp,18.78,USD,3.986710963455163,4143,0.9989390943723779,63711150000.00001,USD,Finance,Buy,18.444058446607354,18.338266927004423,17.964632197699125,0,0.562248995983938,-1.9832985386221242,18.5787,18.755294999999997,17.45703000000001,13.359424894999997,11.886313111405594,0.41239710542,4.056437979256764
MKGAF,Merck KGaA,145.695,USD,-2.355740231887953,292,0.2469762327666413,63344963195.47844,USD,Health technology,Strong buy,137.9415317230984,137.51266821100214,137.66900811306664,2.717851099830788,8.793375099873789,-1.3901955343183385,143.69300000000004,137.26765000000006,132.945122,137.110973,21.653323605884665,2.3197072913600003,-4.042813325539984
RBSPF,NatWest Group plc,7.915,USD,0.7407595967824082,12564,0.48836043207693114,63038196437.78791,USD,Finance,Strong buy,7.822366340594023,7.880318635880407,7.913337836704336,7.616794474356883,-1.4934660858743012,-11.217049915872117,7.767339999999997,7.708819999999996,7.739718000000002,7.8718000000000075,8.589871873623071,0.2398916273,22.587683412425676
NU,Nu Holdings Ltd.,12.8999,USD,-1.976443768996957,26536613,0.40420805225895784,62701243321.10816,USD,Finance,Strong buy,13.767459630180817,14.245527733043682,14.672952640333344,4.031451612903227,-15.020421607378124,-24.385111371629534,12.685979999999994,13.559494999999988,14.121598000000013,15.478349500000004,19.88883749614555,0.212091,47.543221110100085
NNFSF,NONGFU SPRING CO LTD.,5.49,USD,-10.294117647058822,153246,9.383231589710935,61743101328.89915,USD,Consumer non-durables,Strong buy,6.037253238161669,5.866654991584948,5.648717114011602,1.6666666666666639,-14.218750000000002,-10.29411764705882,6.247,5.641239999999998,5.279915999999999,nan,27.92540431712712,0.1219768,30.725038506315865
MPNGF,MEITUAN,9.98,USD,-7.919988190138762,2631,0.46893380387124367,61625550667.99879,USD,Technology services,Strong buy,10.491211028288767,10.661056244024438,11.073061928460048,-1.1881188118811805,-2.156862745098028,-24.679245283018865,10.483679999999982,10.752794999999997,10.715454,13.284789485000006,nan,-0.16804734951000003,nan
BNKHF,BOC Hong Kong (Holdings) Ltd.,5.8138,USD,4.980137233658349,3900,0.14406028368794327,61468037815.24015,USD,Finance,Buy,5.482660809878631,5.263842358627694,4.943317985890614,6.675229357798155,4.003577817531302,6.6752293577981545,5.634360000000001,5.07234,4.012016819999999,3.4445408500000023,11.926546961946945,0.27818980000000004,4.756714925824163
LDNXF,London Stock Exchange Group plc,125.0,USD,-1.4584154513204528,1161,0.4089612173729261,61294737357.12745,USD,Commercial services,Strong buy,123.86269334876083,122.38924686622806,121.36554959399051,-4.394780719869066,-2.0452942559360547,0.8105165530868144,124.03039999999996,128.3398999999999,121.95651999999997,119.62914499999995,39.466199757317604,3.2961480499999998,97.71836647542726
DB,Deutsche Bank AG,32.6,USD,-0.9118541033434565,1112222,0.41015067816236067,61068898280.74114,USD,Finance,Buy,31.87491735460722,32.29367408653938,32.92075370460981,4.453700736943289,-0.30581039755352113,-17.13268937468226,32.14000000000001,31.593,31.134399999999978,35.03267499999998,9.594365436135119,0.90408570944,59.0417610555007
SRE,DBA Sempra,92.2901,USD,0.8084107045330401,575399,0.17380877799288272,60329123338.10454,USD,Utilities,Strong buy,93.01513354522768,93.1075239551468,92.4841417586828,1.4734469488729989,-1.8085966592190654,4.024008115419293,91.36801999999986,92.56815500000006,94.4706619999999,90.24956550000006,31.360256889462775,1.021845,-35.24545074482364
CRARF,Credit Agricole SA,19.905,USD,1.5043345232024563,281,0.8021695689409077,60208127140.09234,USD,Finance,Buy,19.631320886481785,19.698884319636612,19.71376471620922,2.022511071018536,-3.1853267768812,-2.5935894298996702,19.589060000000007,19.42458999999999,20.023732,17.855356499999992,7.557747501373366,nan,20.6886816347226
TFC,Truist Financial Corporation,48.32,USD,0.8978910002088112,1755424,0.24819039735157858,60200885678.33284,USD,Finance,Buy,48.63750039120873,48.638795078899335,48.443244829066685,2.8085106382978733,-5.919003115264795,-1.8982844381281134,47.60599999999998,48.947999999999986,48.045900000000074,47.53175000000008,11.978185423896877,1.075648,18.895340269386065
SNGNF,Singapore Telecommunications Ltd.,3.66,USD,0.7487337590839053,210,0.02236445542551039,60143841114.21701,USD,Communications,Strong buy,3.748887907305027,3.7469236701742603,3.686823973715811,-1.081081081081082,-4.0377556371263745,3.098591549295784,3.72028,3.83412,3.7077800000000014,2.655245660000005,13.907892964855744,nan,45.76031006920681
AFL,AFLAC Incorporated,117.9,USD,0.07639419404125576,839967,0.4428054026279319,60009317735.492744,USD,Finance,Buy,114.29386129257871,113.26690960302622,112.29888719877631,0.7778442601931882,1.8222644442525255,7.045578354821141,118.00200000000004,115.59750000000017,112.62500000000004,110.59655000000001,13.379482523831141,1.778145,37.547803012565346
D,"Dominion Energy, Inc.",68.175,USD,-0.16839947283644616,2312715,0.21574435503616796,59956871560.564125,USD,Utilities,Buy,63.7099317244101,63.176134273577134,62.56053131320445,-0.6774475524475574,10.727627091115798,15.727380750297064,67.97700000000029,64.01024999999952,62.8649,61.29992500000002,20.16773162939297,0.839172,26.82524198994522
SNOW,Snowflake Inc.,172.61,USD,4.270871088558669,2821361,0.42511121164879284,59827125052.90155,USD,Technology services,Strong buy,156.4740588233802,160.8961724293891,170.58848562589426,10.153158902361216,14.01677785851115,-21.50522964984083,167.78199999999993,152.016,153.0528,202.7161,nan,0.319918,-2.261670634509889
TFC/PR,"Truist Financial Corporation Depositary Shares, each representing 1/1,000th interest in a share of Series R Non-Cumulative Perpetual Preferred Stock",18.185,USD,0,39558,0.8436142466267587,59665157598.0,USD,Finance,,18.561659695661522,18.702845724390897,18.87842302782674,-1.2757871878393212,-3.5278514588859555,-5.532467532467539,18.234,18.559699999999985,18.63551800000002,19.43017899999994,4.507932573128408,1.075648,18.895340269386065
TFC/PO,"Truist Financial Corporation Depositary Shares, Each Representing a 1/1,000th Interest in a Share of Series O Non-Cumulative Perpetual Preferred Stock",20.77,USD,-0.09620009620009415,6503,0.16735163401384,59665157598.0,USD,Finance,,21.177830611237738,21.304283443960212,21.451992150248316,-1.0952380952380971,-3.4402603440260435,-3.7088548910523906,20.81,21.22103999999999,21.210216,21.946987499999963,5.14873574615766,1.075648,18.895340269386065
TFC/PI,Truist Financial Corporation Depositary Shares,19.43,USD,0.18045888115493758,3979,0.33940086662799823,59665157598.0,USD,Finance,,19.306094360865334,19.36463124477968,19.57372172684564,0.6735751295336736,1.6745159602302475,-1.967709384460144,19.375999999999944,19.326634999999968,19.159451999999924,20.401014499999942,4.816559246405553,1.075648,18.895340269386065
RLXXF,RELX PLC,33.678,USD,0.5313432835820814,1138,0.0635363742951259,59533725024.566414,USD,Commercial services,Strong buy,34.01514079853389,34.4894711884973,35.6961811564122,4.230757327226014,-6.804660043722509,-18.21162299341866,33.601600000000005,34.40340000000001,34.15601999999999,39.704854,22.316118049839247,nan,17.054367411408677
TEL,TE Connectivity plc,203.75,USD,0.5825146862812889,524160,0.18784164020843197,59473774046.78013,USD,Electronic technology,Strong buy,210.75688209888233,213.43408758845527,215.32693076076808,-0.9142634829548196,-6.010702094289141,-11.56684027777778,200.858,206.32049999999998,212.18839999999972,220.92629999999983,20.813541315517963,2.840026,114.54589287279742
MCQEF,"Macquarie Group, Ltd.",162.44,USD,-3.3584198471011755,105,0.1315624608445057,59375662492.19634,USD,Finance,Buy,159.3946126562224,154.99001031670878,150.6001876864712,0,1.0236700374391996,19.082178725899862,166.72300000000004,150.2150500000001,142.93817800000005,126.72385500000004,18.721793002297435,4.491098375,42.465109438803175
NTIOF,National Bank of Canada,153.25,USD,-0.14009709054181957,1783,0.18909345437576888,59347278815.25512,USD,Finance,Buy,146.75861875099932,142.56166057181872,137.08444758321616,3.5263122340066193,3.365708889788216,21.684929331427664,152.20239999999998,150.64502500000006,142.56340999999998,123.460835325,20.073627971621455,2.2995944110999997,2.153000267152284
GWW,"W.W. Grainger, Inc.",1255.65,USD,1.3225634652938123,64592,0.28316076361170256,59283149186.29594,USD,Distribution services,Buy,1196.966750542224,1167.1157696255991,1134.112778754991,-1.3117562915572747,6.6306037008415775,24.65749344770075,1249.6820000000002,1210.4945000000005,1150.1296000000002,1049.9223000000002,33.625496087536355,11.176582,-4.647581985736291
OKE,"ONEOK, Inc.",94.04,USD,1.5331461887281383,693750,0.199711695476728,59248295479.61046,USD,Industrial services,Buy,89.36128524857577,87.66692136709901,85.38836783062487,1.9624850916187815,10.18160515524313,28.01524639259463,93.56200000000008,90.15649999999985,88.68399999999987,78.12905000000006,16.795256465209317,1.466415,9.310270776799477
KEYS,Keysight Technologies Inc.,345.0,USD,2.2070804325285107,591626,0.297881159099512,59168361202.99215,USD,Electronic technology,Buy,334.16988036513186,315.9710378560194,291.15203773931137,-2.4045261669024045,0.6682034373085176,68.03857581218645,341.8440000000001,350.45100000000036,324.0925999999998,230.33739999999997,56.81818181818182,2.476524,42.6122084693614
URI,"United Rentals, Inc.",943.04,USD,1.1650110493681494,96027,0.19557238634482058,59078208512.0968,USD,Finance,Strong buy,902.0044521290006,879.4694163432171,865.370860035879,-1.2967983002417744,15.52756985875118,16.339949913026306,936.7359999999996,946.7755000000004,839.3362000000001,873.6011999999994,24.072187974627,11.524437,1.443101957108301
F,Ford Motor Company,14.785,USD,8.156547183613755,58359826,0.6598061911217248,58913681190.95209,USD,Consumer durables,Buy,13.026083185775374,12.88008451434328,12.817200131762249,5.682630450321658,15.147975077881622,12.177541729893782,13.55299999999998,12.710250000000027,12.289099999999983,12.667500000000016,nan,0.333253,-212.7644230769231
TRGP,"Targa Resources, Inc.",273.97,USD,1.3802545885139204,236461,0.20831035521672256,58805988703.10495,USD,Utilities,Strong buy,254.63022513424585,245.46098264912771,232.85208973191985,0.8057988078593181,16.582978723404267,49.034433987923634,273.16,259.9910000000001,249.0959999999997,197.95105,27.90799539569518,2.648258,80.38477086472385
KBCSF,KBC Group SA,140.065,USD,3.583049844697529,522,1.3381184311714944,58499893834.52978,USD,Finance,Buy,132.5494359966258,128.21845197690527,121.19972172002755,0,3.583049844697529,5.550113036925403,133.625,125.39425000000001,102.576314,76.52510457000002,13.920511996512728,3.32048774042,9.823618049612278
OXY,Occidental Petroleum Corporation,58.68,USD,-0.2549719530851582,2982273,0.26838301240291174,58365166281.66854,USD,Energy minerals,Buy,57.401514541875024,56.15026898631443,53.97832595274569,-0.3735144312393869,3.6565977742448337,42.28903976721629,59.35600000000003,57.91875000000001,58.88689999999993,48.162424999999764,66.97101118466104,1.707841,-64.53780152177433
CRWV,"CoreWeave, Inc.",106.5617,USD,-0.9465514036066149,11859861,0.4432914868366956,58136905071.03148,USD,Technology services,Strong buy,105.44924553519105,101.60074875975052,98.72410186303829,-0.20911176663388562,-9.922485207100587,44.13864466387122,103.80034000000008,113.54783500000003,101.88913400000003,100.21560850000006,nan,-1.050493,-21.728872558499315
STMEF,STMicroelectronics N.V.,64.93,USD,9.58649789029537,400516,1.1281123955023773,57938877206.1336,USD,Electronic technology,Buy,53.27008487938539,47.66083561246332,42.291076685211195,4.506679542893939,47.534651215632834,132.05861329521088,62.25836,55.393785000000015,42.889342000000006,30.057000999999985,430.3097032975827,0.2441007254,-87.17468771830289
CHBJF,"China Citic Bank Corp., Ltd.",0.92,USD,-14.018691588785048,141,0.015351283084192533,57933099844.0,USD,Finance,Strong buy,0.9570242268717065,0.938333487226881,0.9010853208028556,-14.018691588785048,-19.99999999999999,4.28474268873272,1.0110000000000001,0.9443324499999998,0.7893469799999997,0.6167397349999999,5.737226710167816,0.041148800000000006,-1.1793916018535342
O,Realty Income Corporation,62.045,USD,-0.2972842680379161,1704106,0.3486800080445132,57856496282.12503,USD,Finance,Buy,62.530393353193745,62.54143707139597,62.12112068561748,0.9682668836452382,-3.4319066147859894,10.10647737355812,62.06299999999997,62.609249999999996,62.70610000000002,60.476825,50.977733957768464,0.404628,10.444646098003627
LHX,"L3Harris Technologies, Inc.",310.52,USD,1.367805960891848,197043,0.18330287324553707,57848306081.310356,USD,Electronic technology,Strong buy,320.3523249021354,325.95410409078875,325.5062021133924,2.14809697687423,-9.55640346022777,5.619047619047613,309.06199999999933,309.4009999999997,334.61880000000014,312.6232999999994,33.71223224657742,2.795541,9.161047179985536
STRF,Strategy Inc - 10.00% Series A Perpetual Strife Preferred Stock,101.2,USD,0.4466501240694818,43682,0.6862886805258792,57771291832.0,USD,Technology services,,100.17109728765989,100.23736587525255,100.93070899478995,1.0080846391855527,1.1393164101539082,-0.7843137254901933,100.45300000000002,100.57175000000001,99.02379999999985,105.016875,nan,24.37012,-84.12300328277735
STRC,Strategy Inc - Variable Rate Series A Perpetual Stretch Preferred Stock,99.3199,USD,-0.0001006846556475119,1067307,0.23503870009146258,57771291832.0,USD,Technology services,,99.5635783592688,99.54909632968892,99.33902227890597,0.1107751234754665,-0.15079923595054356,0.1613553852359788,99.08,99.61950000000007,99.69659999999996,98.67094999999999,nan,24.37012,-84.12300328277735
STRK,Strategy Inc - 8.00% Series A Perpetual Strike Preferred Stock,74.05,USD,0.6798096532970768,36274,0.3040626063515002,57771291832.0,USD,Technology services,,76.16924436669997,76.97322463797457,78.73541237002931,-0.6173667964031779,-3.768680961663425,-9.31912809208915,73.80000000000005,76.59899999999996,75.40759999999992,84.3035555,nan,24.37012,-84.12300328277735
STRD,Strategy Inc - 10.00% Series A Perpetual Stride Preferred Stock,73.75,USD,0.1357773251866861,40909,0.5179777229947973,57771291832.0,USD,Technology services,,75.67706269101112,75.86832724580854,76.35695574372748,-1.9933554817275747,-4.60483766653732,-3.657740039190068,74.072,75.8837550000001,75.48560200000007,77.2300505,nan,24.37012,-84.12300328277735
PCAR,PACCAR Inc.,109.44,USD,0.09145783793670598,598519,0.25148235423037074,57596765805.72599,USD,Producer manufacturing,Buy,115.7272201724263,116.82170018661259,116.21890681810345,-1.3165013525698899,-13.51351351351352,-0.31879041807087033,110.29600000000019,114.2329999999996,117.67859999999999,110.50150000000006,23.289070480081715,1.355104,-28.717917602087244
WPM,Wheaton Precious Metals Corp,126.75,USD,-0.3850990254636867,409914,0.23352581226635755,57557115348.81861,USD,Non-energy minerals,Strong buy,133.76072684274183,134.24340178655876,131.90221873418977,-3.725646576278912,-12.350459857547897,6.512605042016807,126.95599999999982,131.53450000000004,133.90519999999998,121.26144999999993,32.24089785960241,1.34447,196.8473199805999
TGT,Target Corporation,126.12,USD,-0.023781212841855835,2458954,0.34192539273626193,57280707957.66469,USD,Retail trade,Buy,123.97695141525179,121.49975444984132,117.50328378610827,3.529798062715491,-4.825868769573242,28.812174445919734,125.048,125.64024999999995,122.93569999999998,105.06742499999999,16.650384178702506,2.248249,-16.743424306708132
MPLX,MPLX LP,56.355,USD,1.3214670981661265,650143,0.33823936127817616,57185320208.69525,USD,Industrial services,Buy,55.828927473338645,55.95715097965943,55.70272009235423,3.2899560117301956,1.121478557329984,5.850864012021027,55.68900000000002,55.44324999999994,56.238100000000024,53.84827499999995,12.221065643094137,1.096171,6.462113866186442
AZO,"AutoZone, Inc.",3468.055,USD,0.8689190211100059,217175,0.7550344028683484,57142516821.47614,USD,Retail trade,Strong buy,3477.6056076970704,3504.923450101162,3549.0592586374814,4.327821213588868,-3.7701897650620295,2.7477476142932025,3407.7229999999972,3475.3362500000067,3463.4702999999995,3740.3168249999994,24.295831383439307,36.216889,-4.258963892238794
MSTR,Strategy Inc,162.74,USD,-1.2799514710342648,6224106,0.4629074363920681,57031847332.360825,USD,Technology services,Strong buy,164.31775238578882,161.2144337476192,168.10025073487353,-3.803753509679327,-6.965842503930257,5.272009832460059,164.93200000000002,175.40549999999985,154.90079999999986,212.54684999999986,nan,24.37012,-84.12300328277735
CVE,Cenovus Energy Inc,30.22,USD,-0.2640264026402701,2266320,0.3148293395683893,56916348737.585144,USD,Energy minerals,Strong buy,28.021308157950433,26.523141621574847,24.64093835604337,-2.0421393841167017,17.931707317073165,78.07896287566294,30.883999999999997,29.59735,27.18054000000001,20.33665999999998,16.70585610640037,1.1158973540000001,75.32494235845182
FANG,"Diamondback Energy, Inc.",200.21,USD,-0.3781658954072702,576191,0.3586522184374271,56321740935.47908,USD,Energy minerals,Strong buy,195.06066285716136,189.94200059515788,182.47805249592764,-1.3014542765590271,4.668548724383107,32.50603924683147,203.7799999999998,201.3650000000001,195.16470000000024,162.14872499999984,225.74134626226183,5.78034,-94.57404178520082
DSDVF,DSV A S,239.58,USD,2.358369648808002,336,0.40995607613469986,56288007872.35482,USD,Transportation,Strong buy,245.88106047699588,248.2943742539702,248.35627740805748,-0.25064326219282684,-10.19162718167095,-4.106628242074924,236.0142,242.44789500000002,247.2597560000001,239.38322999999988,53.04691841178031,2.4319366698,-34.746711844692015
MBGAF,Mercedes Benz Group AG,58.421,USD,0.5784625979168434,28643,1.4968279350745723,56253794372.635155,USD,Consumer durables,Buy,59.67954209862034,61.00774900104065,62.3734768920419,-1.6647029119676775,-1.5818733153638815,-18.051620143077578,58.14600000000003,58.19805499999999,60.05697599999998,64.51865149999998,9.939799521932308,1.62254962571,-39.13707316374543
SMTOF,Sumitomo Electric Industries Ltd.,72.0,USD,4.24811050299713,250,0.041782264264465026,56151694335.93886,USD,Producer manufacturing,Strong buy,65.96168055623215,60.708493630879545,53.17090976408381,0,6.666666666666667,87.5,71.01919999999998,63.64630000000002,41.61198600000001,20.253980705,24.129990439850612,0.534082963104,80.15220124005414
ENAKF,E.ON SE,21.426509,USD,-0.27224109844077293,5956,8.638143582306018,55989137424.496704,USD,Utilities,Strong buy,21.979281163238518,21.83944022913433,21.369338931906338,-0.27224109844077293,-8.90089710884354,5.393551401869164,21.49630180000001,22.31446545000001,21.04417018000002,16.454964044999997,14.1124337363916,0.3600991,-18.102056038634583
TER,"Teradyne, Inc.",357.445,USD,1.133148483476685,754787,0.20867878727557243,55955212780.27139,USD,Electronic technology,Strong buy,348.54818716264026,333.13970188405403,306.0849105059049,5.790517343435539,-8.087015775466384,79.35922524963621,339.5590000000001,352.44725000000005,341.88030000000015,228.43224999999998,66.15676476031834,2.046128,52.929521652986125
WMMVF,Wal-Mart De Mexico S.A.B. de C.V.,3.2,USD,3.2258064516129057,7514,0.6486869140321495,55828232174.44022,USD,Retail trade,Buy,3.2144222524996393,3.220139245770628,3.219351165168153,-1.538461538461533,0,4.234527687296429,3.1500000000000052,3.1672375,3.2036009999999964,3.1797532499999948,19.797764511539132,0.0377203086,9.039945908973676
SCBFF,Standard Chartered PLC,25.4375,USD,-2.1634615384615383,7167,0.5078368573210136,55719147672.34056,USD,Finance,Buy,24.384287027076525,23.906389991708057,23.357202312462693,0.6230221518987297,6.812933025404152,2.5705645161290294,25.493499999999997,25.132150000000014,23.177129999999984,21.959963,12.571331029548892,0.658719,35.46140184605323
ALL,Allstate Corporation (The),216.14,USD,0.792762544301431,422009,0.2455114111793855,55638960218.2091,USD,Finance,Buy,213.78413100628885,212.0299795676489,210.08752155471205,-0.648126867386819,0.41347270615562665,4.395285935085005,219.67000000000013,216.84400000000028,212.74759999999992,206.84690000000023,4.768533941663008,4.669296,209.7751503553855
MARUF,Marubeni Corp.,32.98,USD,-2.885747938751484,2851,0.3050437611007682,55248315812.98823,USD,Process industries,Strong buy,35.395558958251534,35.176745104717895,34.05171193971089,-8.159287106655528,-15.14870844910982,17.785714285714274,34.59264,36.262605,36.428632000000015,30.066853000000023,15.864058826916304,0.648239113056,3.1162043924422123
ALL/PI,"Allstate Corporation (The) Depositary Shares each representing a 1/1,000th interest in a share of Fixed Rate Noncumulative Perpetual Preferred Stock, Series I",18.47,USD,-0.3237992444684418,18366,0.7587500413127541,55201344634.0,USD,Finance,,19.020163959470374,19.15461084869468,19.31808496690493,-2.6870389884088595,-4.051948051948058,-5.184804928131425,18.603000000000005,19.015614999999997,19.09084600000009,19.87704100000007,0.40748969141535923,4.669296,209.7751503553855
ALL/PB,Allstate Corporation (The) 5.100% Fixed-to-Floating Rate Subordinated Debentures due 2053,25.8651,USD,-0.17329216518718019,2725,0.14960772579786213,55201344634.0,USD,Finance,,25.893172883201572,25.92601875551282,25.966172484321774,0.2523255813953529,0.33010085337471146,0.2523255813953529,25.908020000000022,25.888004999999925,25.8890651199999,26.079746025,0.5706422099310996,4.669296,209.7751503553855
ALL/PH,"Allstate Corporation (The) Depositary Shares each representing a 1/1,000th interest in a share of Fixed Rate Noncumulative Perpetual Preferred Stock, Series H",19.92,USD,-0.22539444027046407,40757,0.5339571152140505,55201344634.0,USD,Finance,,20.52585745137785,20.674849805384152,20.85675937795803,-2.2091310751104527,-4.184704184704173,-5.457997152349305,20.099020000000117,20.561574999999984,20.55552999999993,21.437059000000087,0.4394799487273393,4.669296,209.7751503553855
ALL/PJ,"Allstate Corporation (The) Depositary Shares each representing a 1/1,000th interest in a share of Fixed Rate Noncumulative Perpetual Preferred Stock, Series J",25.985,USD,-0.019238168526352465,17234,0.7289261092077993,55201344634.0,USD,Finance,,26.06042140679765,26.126546439213236,26.229517520035674,-0.554917719096822,-0.1728774490972021,-1.2352717597871505,26.01200000000001,26.071665000000007,26.02336599999993,26.545322500000033,0.5732874732771039,4.669296,209.7751503553855
FKURF,Fujikura Ltd.,31.285,USD,11.403899225496309,1694,0.13893901118729685,54905702017.82389,USD,Producer manufacturing,Strong buy,35.32425959320684,33.271336929972406,30.129354651445222,-15.445945945945946,-19.472329472329474,64.58537885203931,30.947000000000003,38.75974999999998,34.502563889400015,17.6144507004,52.32766967684448,0.166453458528,62.92260412905619
CMCLF,CMOC GROUP LTD,2.25,USD,-1.3157894736842022,4310,0.29006770489817346,54895810323.24207,USD,Distribution services,Strong buy,2.388520623142373,2.4205597898473115,2.4084521020518115,-5.857740585774064,-9.090909090909093,-17.127071823204414,2.241999999999999,2.3498250000000005,2.3382140000000002,2.2578594999999986,14.117714292361713,0.051600448240000006,59.49119110570209
MET,"MetLife, Inc.",84.97,USD,0.7947805456702274,1121191,0.36024853621349406,54672824119.88019,USD,Finance,Strong buy,78.74791689218769,77.49373949924392,77.00293003825162,6.6122961104140465,9.596285308912677,7.638712946541679,82.85199999999992,79.95349999999995,75.48319999999991,77.65145000000005,16.43488520531518,2.39409,-15.833428297002946
DVN,Devon Energy Corporation,47.37,USD,0.5518998089577543,2671422,0.20105290979770085,54615280372.35895,USD,Energy minerals,Strong buy,47.61195439833037,46.69151103611522,44.94161782809257,-3.3462558661497663,2.978260869565212,29.14394765539803,48.46200000000004,48.49500000000002,48.26059999999995,39.701024999999966,13.145917744352555,1.537298,-18.007645399108032
HOCPF,Hoya Corp.,162.948,USD,-7.505250610206041,408,0.7799655897533933,54434512910.52136,USD,Health technology,Strong buy,174.2060695858227,171.52417975713956,165.85881980016302,0,-11.919999999999996,5.995813455486414,171.57964000000007,177.3804149999999,160.54548799999995,132.08392950000012,34.74383370936997,1.142328384,21.04126607194413
NBIS,Nebius Group N.V.,215.925,USD,-1.82103396535261,5717143,0.2905327295329652,54337618816.07455,USD,Technology services,Strong buy,172.75620156620903,154.4489948421155,137.11368798856927,-0.710442819699263,32.58320029473167,148.23245387135714,205.05299999999994,183.12324999999998,151.10210000000004,109.62339999999995,72.03983585226705,-0.648108,nan
MET/PF,"MetLife, Inc. Depositary Shares, each representing a 1/1,000th interest in a share of 4.75% Non-Cumulative Preferred Stock, Series F",18.5819,USD,0.010226049515622592,32653,0.3644446329436608,54241721470.0,USD,Finance,,18.971107818772847,19.089719689068854,19.276545977711535,-1.9424802110817854,-3.067814293166409,-6.104598281960577,18.63097999999997,19.01774500000007,18.943648,19.919798999999937,3.5941084311715445,2.39409,-15.833428297002946
MET/PA,"MetLife, Inc. Preferred Series A Floating Rate",22.4,USD,-0.08920606601250279,6509,0.15680105610052228,54241721470.0,USD,Finance,,21.75295592133134,21.678312888995,21.787504355731325,0.2685765443151241,6.921241050119329,3.4164358264081183,22.384999999999998,21.838000000000058,21.406100000000098,22.49385851499994,4.332604785207249,2.39409,-15.833428297002946
MET/PE,"MetLife, Inc. Depositary Shares",22.62,USD,-0.2645502645502589,17261,0.24375536626146685,54241721470.0,USD,Finance,,22.860282716538233,23.01532172216264,23.2344552757343,-1.3089005235602125,-0.8764241893076218,-5.0776332354175295,22.663999999999962,22.81767500000001,22.805469999999996,23.92454449999997,4.375157153633393,2.39409,-15.833428297002946
BFFAF,BASF SE,60.7592,USD,-0.6273837639100618,100,0.007844060085500254,54228935237.13186,USD,Process industries,Buy,61.0076130356205,59.88914753817597,58.22349464533768,0,-3.8772346147761447,16.844615384615384,61.07503999999987,62.04575999999999,57.835904,52.04125949999999,26.818563632024418,0.9452636223299999,152.9176552555015
CMPGF,Compass Group Plc,31.83,USD,0.6641366223908832,9389,3.8688808307235862,54120961108.2057,USD,Consumer services,Strong buy,30.114647175967363,29.9300259074834,30.187435483550686,-2.4816176470588305,10.275776053215068,1.401720293086963,32.367599999999996,30.146900000000006,29.441454,32.44224899999999,26.806467913087417,0.755,38.08582393301547
AAUKF,Anglo American plc,49.99,USD,0,110,0.023859618679912365,53946397852.557945,USD,Non-energy minerals,Buy,49.11173747563731,47.9256487990052,46.152027646564726,0,-1.009900990099006,18.04014167650531,52.622000000000014,50.37856000000001,47.919785999999995,38.179982028299975,nan,0.84,-33.330645047036164
SSUMF,Sumitomo Corp.,44.98,USD,4.048114735137636,525,0.04134021024449781,53688330058.59375,USD,Distribution services,Strong buy,43.35033401510252,41.73703230045699,39.83981160235344,-4.743752647183401,25.236663325537368,30.471356055112384,46.15200000000001,41.886074999999984,40.04294399999998,32.08964399999998,14.319710382407079,0.8492910088319999,1.7041714155873349
ANFGF,Antofagasta plc,54.38,USD,2.2564874012786817,519,0.15360483011720136,53610884881.16437,USD,Non-energy minerals,Buy,51.61969851066566,50.537357681960245,48.60955039057021,1.0592826612153878,7.4215277640598245,20.72908110028196,52.192400000000006,51.99320499999997,49.666236,42.51328399999999,39.593135753053,0.714691,67.34912301564866
PSA,Public Storage,305.36,USD,0.12131545296567249,178034,0.21982418164776643,53604647235.88419,USD,Finance,Buy,299.70507891306767,296.80922802768146,293.69255832119785,4.314556075564512,-1.6648955012398028,17.85411038209185,301.3680000000001,302.6555000000006,293.49619999999965,287.0132499999996,31.51842944582641,2.508451,-3.7895113159018523
COR,"Cencora, Inc.",275.285,USD,3.708936106088015,844159,0.3975121556240083,53559743456.1592,USD,Distribution services,Strong buy,292.3684215667246,305.38638678163346,315.48917594837314,7.114785992217909,-11.486768914182813,-18.356664096328366,266.70300000000015,277.66375000000005,304.3496999999999,326.48527499999994,21.11907264344184,4.363213,51.27485000058027
PSA/PN,"Public Storage Depositary Shares Each Representing 1/1,000 of a 3.875% Cumulative Preferred Share of Beneficial Interest, Series N",14.99,USD,0.10016694490818409,13674,0.8367499296283152,53539695312.0,USD,Finance,,15.1750709934153,15.238670213839608,15.345125633615416,-1.056105610561057,-1.381578947368415,-3.1653746770025855,15.012000000000004,15.181505000000039,15.114419999999969,15.715786500000004,1.5472270677002158,2.508451,-3.7895113159018523
PSA/PP,"Public Storage Depositary Shares Each Representing 1/1,000 of a 4.000% Cumulative Preferred Share of Bene cial Interest, Series P",15.47,USD,0.129449838187711,11127,0.31955956093946547,53539695312.0,USD,Finance,,15.731278219586693,15.80195901608439,15.907644913418146,-1.7777777777777737,-2.581863979848867,-3.1308703819661865,15.49800000000001,15.769555000000016,15.721322000000008,16.295879380000002,1.5967713633970873,2.508451,-3.7895113159018523
PSA/PM,"Public Storage Depositary Shares Each Representing 1/1,000 of a 4.125% Cumulative Preferred Share of Beneficial Interest, Series M",15.9,USD,0.12594458438286885,2654,0.3667468148025316,53539695312.0,USD,Finance,,16.130414287024,16.218884071564425,16.347749289881254,-0.6870705808869532,-2.5137952176578686,-3.2258064516128995,15.919320000000033,16.132939999999977,16.09224800000003,16.739182000000017,1.641154794958868,2.508451,-3.7895113159018523
PSA/PL,"Public Storage Depositary Shares Each Representing 1/1,000 of a 4.625% Cumulative Preferred Share of Beneficial Interest, Series L, par value $0.01 per share",17.92,USD,-0.05577244841047412,16320,0.4559665401024249,53539695312.0,USD,Finance,,18.22828409554316,18.328410581169635,18.4596201224587,-0.7202216066481939,-3.187466234467854,-3.3441208198489614,17.938000000000013,18.21072,18.197772660000002,18.85478412499997,1.8496537060165357,2.508451,-3.7895113159018523
PSA/PK,"Public Storage Depositary Shares Each Representing 1/1,000 of a 4.75% Cumulative Preferred Share of Beneficial Interest, Series K",18.595,USD,-0.6146445750935435,5766,0.3549771290316623,53539695312.0,USD,Finance,,18.730334372753337,18.797853366953223,18.918019781415772,-0.08060182697474783,-0.13426423200860435,-2.490823282642902,18.67500000000002,18.767700000000016,18.626460000000087,19.34033902999994,1.9193253718402608,2.508451,-3.7895113159018523
PSA/PH,"Public Storage Depositary Shares Each Representing 1/1,000 of a 5.60% Cumulative Preferred Share of Beneficial Interest, Series H",22.22,USD,-0.3140421713773005,2210,0.13538265509277694,53539695312.0,USD,Finance,,22.444224219740605,22.560930015231715,22.746327143965797,-1.5070921985815597,-0.08992805755395493,-3.054101221640501,22.317999999999977,22.44036500000007,22.312946000000064,23.365891750000024,2.2934880216343423,2.508451,-3.7895113159018523
PSA/PI,"Public Storage Depositary Shares Each Representing 1/1,000 of a 4.875% Cumulative Preferred Share of Beneficial Interest, Series I, par value $0.01 per share",19.065,USD,-0.02621919244886736,2385,0.205720496144358,53539695312.0,USD,Finance,,19.238199589511115,19.30376856541009,19.419299758024344,-1.2176165803108778,-0.7548152004164476,-1.6761217122227916,19.09699999999998,19.280065,19.14692600000001,19.83901691999995,1.9678374947101145,2.508451,-3.7895113159018523
PSA/PO,"Public Storage Depositary Shares Each Representing 1/1,000 of a 3.900% Cumulative Preferred Share of Beneficial Interest, Series O",15.0575,USD,0.26769126274362687,7573,0.5130202688055495,53539695312.0,USD,Finance,,15.259621854406873,15.336625867927738,15.453590594539408,-0.6105610561056181,-2.2240259740259813,-3.970025510204085,15.054980000000006,15.250610000000023,15.216614000000003,15.824670500000016,1.5541942342825883,2.508451,-3.7895113159018523
PSA/PJ,"Public Storage Depositary Shares Each Representing 1/1,000 of a 4.700% Cumulative Preferred Share of Beneficial Interest, Series J, par value $0.01 per share",18.1,USD,-0.6040637012630391,1368,0.1412522716008591,53539695312.0,USD,Finance,,18.403329191730716,18.494554540395963,18.627784280614648,-1.0388190267905835,-2.4784482758620547,-3.3635878270154778,18.23799999999998,18.44308500000006,18.38883599999999,19.063630000000085,1.8682328169028624,2.508451,-3.7895113159018523
PSA/PS,"Public Storage Depositary Shares Each Representing 1/1,000 of a 4.100% Cumulative Preferred Share of Beneficial Interest, Series S",15.795,USD,0.09505703422053594,5678,0.21349958074668451,53539695312.0,USD,Finance,,16.021605627237484,16.100285132835275,16.22042829860494,-1.219512195121953,-2.499999999999996,-3.0981595092024588,15.792999999999996,16.03093500000002,15.990571999999997,16.621156499999994,1.6303169802751774,2.508451,-3.7895113159018523
PSA/PR,"Public Storage Depositary Shares Each Representing 1/1,000 of a 4.00% Cumulative Preferred Share of Bene cial Interest, Series R",15.44,USD,0,18427,0.6775255078591782,53539695312.0,USD,Finance,,15.677556945115345,15.759030030853813,15.87568616556478,-1.404853128991064,-3.136762860727729,-3.500000000000003,15.450839999999996,15.674819999999992,15.663772000000012,16.257120999999994,1.5936748449160327,2.508451,-3.7895113159018523
PSA/PG,"Public Storage Depositary Shares, Each Representing 1/1,000 of a 5.05% Cumulative Preferred Share of Beneficial Interest, Series G",20.0465,USD,0.08237643534698265,1950,0.1267097696481367,53539695312.0,USD,Finance,,20.248087451030074,20.31030853002203,20.431887155671223,-0.6615460852328937,-1.4429695181907478,-0.9560276679841734,20.087299999999967,20.312824999999957,20.07122800000012,20.876690000000025,2.0691452576819467,2.508451,-3.7895113159018523
PSA/PF,"Public Storage Depositary Shares Each Representing 1/1,000 of a 5.15% Cumulative Preferred Share of Beneficial Interest, Series F, par value $0.01 per share",20.1,USD,-0.34705007436787444,3184,0.19135880376707592,53539695312.0,USD,Finance,,20.412154746480464,20.5036477812131,20.670525447823948,-1.5188633023027864,-1.951219512195115,-2.9922779922779803,20.199,20.496695000000006,20.31397599999997,21.296397754999948,2.0746673823064934,2.508451,-3.7895113159018523
PSA/PQ,"Public Storage Depositary Shares Each Representing 1/1,000 of a 3.950% Cumulative Preferred Share of Beneficial Interest, Series Q, par value $0.01 per share",15.2099,USD,0.1969696969696943,8163,0.8560552036578716,53539695312.0,USD,Finance,,15.429452172085798,15.505858463327217,15.625382994388657,-0.7510603588907013,-1.9980670103092801,-3.7348101265822873,15.207979999999997,15.427090000000002,15.386620000000002,16.029843999999997,1.5699245481663449,2.508451,-3.7895113159018523
THLEF,THALES,260.0,USD,-0.7254298302519406,11,0.015723270440251572,53434932054.40917,USD,Electronic technology,Buy,274.8005634246548,279.7916884318393,282.5806488822818,-1.5561697777441268,-8.771929824561404,-7.146173350951749,259.2399600000002,267.41128000000015,284.698218,285.706003,27.217266000770394,5.1575484000000005,83.69912203798098
CTVA,"Corteva, Inc.",79.72,USD,0.8603238866396667,560263,0.1766263934206532,53318331601.24645,USD,Process industries,Strong buy,80.61445698021004,79.57701712892141,77.66176671677896,-2.8752436647173485,-1.165385569055291,18.98507462686567,79.526,80.95300000000006,81.25499999999998,72.37157499999994,46.817007282123555,2.22515,3.8229376257545398
VST,Vistra Corp.,156.88,USD,5.2320901529380075,3513982,0.6155864628024456,52897185696.184586,USD,Utilities,Strong buy,153.4915427631265,155.81016977933157,159.41933286829894,12.863309352517982,-0.5830164765526082,-4.277259137226183,144.2840000000002,151.01649999999987,154.59319999999974,174.10350000000014,26.196002471320988,2.015188,-6.065501772437812
NTDOF,"Nintendo Co., Ltd.",45.83,USD,-1.0578583765112306,4899,0.3271496113470631,52833206662.60022,USD,Consumer durables,Strong buy,49.17910160805171,52.334512326074304,56.92112332895283,6.210892236384704,-17.363716847668314,-30.38128512836093,46.67069999999999,47.21292499999998,52.74618799999998,71.43775399999996,19.963357477326266,0.453361008336,43.81140237765183
CARR,Carrier Global Corporation,63.555,USD,2.2113219684786105,2194060,0.4210003831497612,52787540398.56078,USD,Producer manufacturing,Buy,63.232914000479774,62.17530093307816,61.31099924716378,-1.5566914498141304,1.9489894128970102,19.666729429485972,63.054999999999986,64.80724999999998,61.1361,59.515999999999984,41.75481243019512,0.812551,-65.07102370516557
NUE,Nucor Corporation,231.535,USD,2.2500441618088676,469273,0.39212512628024565,52730001782.5904,USD,Non-energy minerals,Strong buy,213.01264245887188,202.52319168019662,191.3130177362581,2.1688288765334005,9.680246328754146,40.1713282479719,226.37100000000024,227.30125000000007,198.35870000000014,167.24937500000016,22.941065731327907,4.109104,79.7147385103011
AJG,Arthur J. Gallagher & Co.,204.68,USD,-1.3162335470806565,408267,0.21945513319794066,52582291679.27776,USD,Finance,Strong buy,208.49214032289933,214.04528428325554,223.5558088814209,2.401440864518717,-8.354974478373778,-20.392050095289957,205.26000000000008,203.8625,211.5,250.95454999999987,33.033149349601366,2.858512,-4.688509460083067
ANCTF,Alimentation Couche-Tard Inc.,57.13,USD,-1.1916498036977463,7863,0.23564846032816364,52458487181.24606,USD,Retail trade,Strong buy,57.42168623630602,57.25899168003917,56.73173544192802,-1.3298791018998204,-2.0236666095009426,4.137805322639451,57.25180000000012,57.39971534999997,57.2962361399999,54.60899128500002,19.359461071641224,0.532211,14.346213479119449
VLKPF,Volkswagen AG,104.025,USD,0.9481018554460094,269,2.0852713178294575,52295326832.137535,USD,Consumer durables,Buy,104.05268474448053,105.14618814468375,107.00576927941304,9.904912836767036,-0.9285714285714232,-14.087147552898028,100.96259999999998,102.91684999999984,103.61396200000001,110.02237799999997,7.359317029503731,6.52940400195,-29.46601996186723
ALAB,"Astera Labs, Inc.",304.375,USD,2.1941310770883784,3951554,0.6136573171924071,52172292230.4845,USD,Electronic technology,Strong buy,212.98035732985076,192.61444193266607,178.3083658290791,28.86914388972908,52.90231833823123,77.28689169117861,269.90700000000004,222.36124999999993,173.6801,170.752375,205.15974656241573,0.689561,532.3955669224212
GWLIF,"Great West Lifeco, Inc.",57.688,USD,-0.029460185425865884,249,0.26257513445112307,52146945468.97505,USD,Finance,Buy,53.50987798857895,51.71989528494382,49.836740729965754,2.1026548672566414,11.109399075500772,17.514768792014664,57.21459999999998,54.92729149999998,50.89670659999999,45.26266264999998,17.22424412419222,0.9905548955,17.38710712254484
DBOEF,Deutsche Boerse AG,288.9,USD,-2.5960890087660298,1749,1.7581423401688783,51950357185.56279,USD,Finance,Strong buy,290.43551591736514,286.64308239748647,281.7237211779448,-3.403771566136153,-7.581573896353181,11.200923787528854,295.61845999999986,296.52333999999985,293.62111200000015,274.9909255000002,22.618799168675558,3.6388072135500003,23.901992081839214
EBAY,eBay Inc.,116.935,USD,-0.1664816870144226,1503759,0.26591910908480204,51919138783.02942,USD,Retail trade,Buy,106.24552950014875,101.94451657396394,97.86479592623445,1.1460946284923472,10.44106535700794,34.4080459770115,116.33900000000001,109.57224999999994,101.15319999999996,92.33667499999996,26.548983993642867,1.505279,5.265044691936331
LBLCF,Loblaw Companies Limited,44.46,USD,-0.4344515608904076,20088,0.16842910181207174,51684510944.99951,USD,Retail trade,Strong buy,44.91512932463308,45.15159935153214,45.038138014681024,-5.121638924455823,-2.4358130348913747,-0.6480446927374283,44.42114,44.70868750000003,45.315011,43.479198549999985,26.727791574993226,0.47037865050000005,33.1101364429293
TKPHF,"Takeda Pharmaceutical Co., Ltd.",32.6,USD,4.0901689070532345,218,0.016286279929774758,51679273364.25919,USD,Health technology,Strong buy,33.33057625028982,33.30065986144064,32.75494227549005,1.0551897729668145,-5.567464225711133,3.1972143083254245,32.22246,34.281255,32.363304,28.665365000000005,43.182059504625265,0.37794024,70.72007828022268
AME,"AMETEK, Inc.",225.0425,USD,0.8390464668190178,235022,0.2128255507296471,51580416363.46336,USD,Producer manufacturing,Strong buy,227.68289596142674,225.81129229783986,221.6717539353195,-0.9844684970081008,-4.509483599949081,9.243932038834947,223.97249999999994,230.2036249999998,225.54025000000024,207.95896249999973,33.99741668429163,1.991476,8.401021878684658
ETR,Entergy Corporation,112.565,USD,0.26275941925714946,513874,0.14863631501663718,51535864492.183754,USD,Utilities,Strong buy,111.59244956635591,109.8196541544754,106.79537141701533,2.5275526004189737,0.15570780318533425,21.59987036836989,111.37899999999999,113.15074999999976,111.53929999999995,99.07167500000007,28.672406327211593,1.12904,27.385703624387546
NDAQ,"Nasdaq, Inc.",91.06,USD,0.7189470191350578,769962,0.2828512801470515,51498150295.02644,USD,Finance,Strong buy,89.33709606509039,88.95549185783541,88.98780762825653,0.2973895803502544,3.949771689497726,-6.365038560411309,91.21199999999992,90.49400000000004,87.86020000000013,90.25767500000005,27.433495014008976,0.944557,50.50784438197154
CTPCF,Citic Ltd,1.77,USD,3.5087719298245648,1970,1.1040744269461413,51489764883.27272,USD,Finance,Strong buy,1.581714107291467,1.521244917237912,1.441970001109301,0,23.88885000349968,27.33812949640289,1.6177399999999995,1.472435,1.2019308599999992,1.0647905299999993,6.325685486660288,nan,1.9731758810161621
UCBJF,UCB S.A.,270.35,USD,-4.215272057325567,4139,3.019625009119428,51365475645.08447,USD,Health technology,Strong buy,286.2710492550395,290.1330280084309,290.04920031021805,-3.536002283593794,-3.4291837828183485,-6.108911578801131,278.71049999999997,281.086,295.3292,278.74228249999993,28.688722586162175,4.7916412500000005,66.28532187209156
BAMXF,Bayerische Motoren Werke AG,86.545,USD,0.48182979217462707,15958,5.638470779450216,51363262527.23561,USD,Consumer durables,Buy,91.31602897902687,93.07344035411028,94.87571639862914,-1.5639217470427662,-9.905267541120134,-21.67873303167421,86.32308000000005,91.42007499999993,96.35799000000016,93.9238415,6.695514661970532,2.93500165387,13.571954393896995
PCRFF,Panasonic Holdings Corporation,22.0,USD,1.3918333486957304,9604,0.5808074699436369,51357394042.971054,USD,Consumer durables,Strong buy,19.835506404899895,18.65485211605699,17.284892437032763,4.761904761904762,18.662351672060417,83.33333333333333,21.259600000000002,20.757872500000012,18.609648999999994,13.842327249999999,43.03786277222441,0.27433762401600004,-51.102529412166554
VLKAF,Volkswagen AG,103.34,USD,1.1253547313827241,72,0.13328396890040725,51321954611.18389,USD,Consumer durables,Strong buy,105.33058656476453,106.72607498087908,108.57209376537737,0.23288092422979867,-0.9109214689807295,-15.683834778174397,102.28597999999997,103.53331999999975,104.04572200000003,112.7155919999999,7.310856254063116,6.52940400195,-29.46601996186723
MCHP,Microchip Technology Incorporated,94.48,USD,3.6988255954340956,3527388,0.34550190669726194,51126476430.93053,USD,Electronic technology,Strong buy,87.61143420031432,82.94919837952133,78.44849570061864,-1.3984554372782187,14.562871347156548,44.77474716518541,92.83600000000001,94.70049999999999,80.05220000000013,69.932075,437.61000463177396,0.698952,nan
ADSK,"Autodesk, Inc.",241.47,USD,0.5329114451059582,815628,0.48776234565686344,50985243652.71677,USD,Technology services,Strong buy,240.5183806454129,243.49741137929288,250.5521957019559,2.2744599745870415,-2.3535120708479895,-18.4222972972973,242.58799999999988,240.40400000000008,239.87880000000013,275.9832500000002,46.1569339577559,2.843643,2.090000780579189
EA,Electronic Arts Inc.,201.465,USD,-0.2006241640659836,444546,0.2671997205301992,50517645717.01471,USD,Technology services,Buy,201.5518640854256,201.4775650221685,200.2171058756494,0.6570072445665739,-1.1360290509372841,-1.4359099804305295,201.53499999999977,201.36325000000014,201.98090000000013,196.55820000000006,57.59763279775859,0.824033,-17.434614295156265
XEL,Xcel Energy Inc.,80.9,USD,0.872817955112223,1118342,0.21980259547575864,50503408093.97008,USD,Utilities,Strong buy,80.0725020582721,79.88406884972652,79.33717098663364,3.1361550229474857,1.5183837369808106,9.590896775941497,79.75799999999995,80.16899999999997,79.9414999999999,77.96290000000003,23.289288078993582,0.790418,2.4116277012883596
FAST,Fastenal Company,43.875,USD,0.7925568573397631,1616635,0.26772352293873714,50370035711.6816,USD,Distribution services,Buy,44.609459732515106,44.77659961204836,44.69247758613149,1.0246373474556765,-4.014438853642531,8.979135618479887,43.73099999999998,44.11224999999994,45.02710000000001,44.71357500000002,38.844621513944226,0.324923,12.679569034317636
ROK,"Rockwell Automation, Inc.",452.14,USD,2.7007382169222,402083,0.5870996445568042,50311406601.40497,USD,Producer manufacturing,Buy,424.2361909127116,413.4964767442972,403.4756769434661,1.5451646229169465,9.2653455775737,15.341836734693873,437.4540000000002,434.1029999999999,400.8997999999996,382.94359999999983,46.98046550290939,3.369517,21.16633932618221
DAL,"Delta Air Lines, Inc.",76.275,USD,0.8261731658955715,2785945,0.42556296936390214,50112243053.61633,USD,Transportation,Strong buy,70.79690034867603,69.47748727970377,68.02822420258384,7.338868561778783,8.20683784934035,9.19828203292772,72.80899999999995,70.82824999999998,68.47810000000005,64.71462500000001,11.137475359567791,1.420785,21.407931358471153
SCGLF,Societe Generale,78.25,USD,0.10234105155430254,11,0.002675357525051075,50085546054.55044,USD,Finance,Strong buy,79.31277279015843,78.97076226622026,77.48828077612337,0.967741935483871,-8.10334703464475,-5.552202776101382,77.90100000000004,77.33200499999995,81.20725399999999,52.35323549999999,9.790378855193923,nan,63.91279145112259
HPE,Hewlett Packard Enterprise Company,37.7,USD,10.98027671474832,14302255,0.8531259966728306,50022402346.726524,USD,Electronic technology,Buy,30.412961381140345,28.32385636329758,26.551164752828686,12.269207861822528,30.540166204986164,55.27182866556838,34.217999999999954,31.192499999999995,27.2324,24.006150000000005,nan,0.534685,-109.33696190004947
FSUMF,FORTESCUE LTD.,16.25,USD,0.6191950464396374,350,0.03816585791396325,50006195623.90654,USD,Non-energy minerals,Buy,15.525411898639865,15.256371016820681,14.940866193044258,3.3780774858451594,7.260726072607259,5.863192182410425,16.351999999999986,15.436539999999994,14.806816000000012,13.234489770000014,12.958226306690596,0.571976,5.604702490805192
PRYMF,Prysmian S.P.A.,174.16,USD,-0.8877760072843173,620,0.07077544776886108,49945350491.40468,USD,Producer manufacturing,Buy,159.94865437207528,148.71551870128616,136.88614331240242,-5.1571094047813535,20.00275614965893,65.42160378030538,175.421,167.67625000000007,141.82225400000007,110.35960850000001,32.152291857372404,1.4762704016300001,109.0653439115808
LNG,"Cheniere Energy, Inc.",237.85,USD,-1.0813058847993324,833338,0.4035621293413579,49841913997.22313,USD,Industrial services,Strong buy,249.92218969342142,248.76615913981448,243.75498780870967,-1.26608551266086,-8.166023166023168,22.313072097089364,243.294,252.80850000000063,263.5531999999999,230.18035000000015,38.933084528252465,2.977958,-55.368531790387266
COIN,"Coinbase Global, Inc.",189.145,USD,-2.2809464765447367,3930383,0.4069164710879855,49832330845.0,USD,Finance,Strong buy,192.10266326509654,194.58279342107386,204.70963037167888,-0.5808147174769985,-7.363600744441177,-17.97523797133502,191.37700000000027,196.73575,191.16140000000007,251.14429999999993,71.12586018877148,0.085714,-50.16491136014392
MCHPP,Microchip Technology Incorporated - Depositary Shares Each Representing a 1/20th Interest in a Share of 7.50% Series A Mandatory Convertible Preferred Stock,80.475,USD,3.7182626627142557,8837,0.3840637657980286,49302849996.0,USD,Electronic technology,,75.0491022158503,71.59774368257659,68.38231329062326,0.05594927265943988,15.29369627507163,35.54825669530065,78.97499999999997,80.33475000000001,69.15229999999997,62.855769999999985,372.7420101899027,0.698952,nan
ASMXF,ASM International N.V.,1010.405,USD,0.5783425161383389,12,0.21818181818181817,49166858323.08332,USD,Producer manufacturing,Strong buy,968.2510603214082,919.9870394057557,859.2464289825342,-1.4301532097964598,5.420731389222174,55.161664324818204,1021.5990800000002,992.0969774999988,886.7877389999998,651.9212262500001,43.36201087575504,5.782106602260001,119.88562984379305
EW,Edwards Lifesciences Corporation,85.105,USD,2.2896634615384626,2363132,0.563241665370867,49003456163.50763,USD,Health technology,Strong buy,82.31565458131796,82.07550909230534,81.86591277985305,4.8866157259058465,6.195408035937114,-0.41539901708400395,83.1650000000001,82.17175000000006,81.44449999999996,81.32597500000003,46.2376399000326,0.743214,22.97721654306141
SDVKF,Sandvik AB,39.0,USD,-5.109489051094894,100,0.09959167413604222,48921047912.72583,USD,Producer manufacturing,Buy,40.12158891320102,39.13135387240579,37.174696110325975,0.11551790527532205,-10.75514874141877,18.541033434650462,40.99099999999998,41.543584999999986,36.36733200000001,24.526624535000025,31.379128129476655,0.4389599318,6.807793464567766
RWNFF,RWE AG,65.716,USD,-1.5697082259900574,11486,2.2935761496835,48882267809.701836,USD,Utilities,Strong buy,66.700625476159,65.49867012745956,62.98090533826003,0.8223381405338863,-7.429215382448234,18.381611183167593,65.82999999999997,68.64695,67.27496000000004,54.84310249999999,17.6444809526883,0.7318143,-36.219717115608134
FLEX,Flex Ltd.,133.2636,USD,1.6736095216296665,1231718,0.20049837205905147,48824844599.479836,USD,Electronic technology,Strong buy,109.61364051206364,97.56721838728748,86.75959320933913,-3.578901671369663,56.17438181178952,116.900390625,130.37471999999994,120.55918000000004,91.69107199999999,68.30406800000003,57.1529785135309,0.899222,10.433835369896748
FER,Ferrovial N.V.,67.83,USD,-0.7898200965335764,541267,0.37894582228590723,48717741032.26365,USD,Industrial services,Buy,68.35998973171547,68.13609742159835,67.31708895958454,0.5932077710217877,-3.8417918911256135,4.643628509719231,67.15799999999999,68.41350000000006,67.60399999999996,64.53495,46.82320681058571,nan,-68.71270985641983
MDLN,Medline Inc.,37.05,USD,-0.1347708894878821,23364448,2.3829907819169636,48672144999.79244,USD,Health technology,Strong buy,40.888245800612694,41.957082220061636,42.81442345533255,3.1746031746031766,-22.683639398998338,-11.596277738010022,36.82400000000004,40.53550000000003,42.8952,nan,30.98862495817999,0.324521,-22.06505442930709
HCMLF,HOLCIM LTD,90.1,USD,-7.3997944501541655,616,0.9837112743532417,48542852460.74606,USD,Non-energy minerals,Buy,91.17032875151232,90.80618390195252,90.7876286208643,-6.979145157959947,-2.993109388458227,-8.01617118588697,95.1649999999999,89.72349999999997,93.21248180000012,94.73640344999998,46.98320820138882,2.058858,-66.62144771299785
UOVEF,United Overseas Bank Ltd.,29.3025,USD,2.327489872887272,270,0.23925564909171468,48380614840.273346,USD,Finance,Buy,28.70477542065816,28.573369710361913,28.280699126574962,0,-0.29772031303165064,2.241800418702018,28.309299999999986,29.314375000000002,27.566249999999997,24.122414509999984,13.735027519271926,nan,-17.669491525423716
GFS,GlobalFoundries Inc.,85.86,USD,5.543945912722809,7527425,1.6898829677877822,47773983014.7555,USD,Electronic technology,Buy,66.52701814864463,60.347182214617085,54.50805933091073,20.14272720912334,42.48257550614006,141.58694428812606,74.50400000000002,70.53750000000002,57.045300000000005,42.563174999999994,61.681034482758626,0.43258,nan
DRPRF,DR ING H C F PORSCHE AG,54.0,USD,1.8867924528301887,6000,3.827018752391887,47753026313.98499,USD,Consumer durables,Buy,49.08192506723713,48.67604767036753,48.937053156351986,1.8867924528301887,11.111111111111109,-2.579830416741836,50.31600000000001,46.385569999999994,49.285258000000006,56.200962999999994,134.88679457157087,0.3990478833,-89.42842729514186
GDERF,GALDERMA GROUP AG,202.875,USD,-10.925974710221283,3,0.03333333333333333,47639889999.60642,USD,Health technology,Strong buy,200.90527979880997,198.95589088724495,193.10881125032128,-0.5026974006866138,5.252918287937743,0.9328358208955224,205.51299999999992,208.08495,199.00791400000008,nan,75.87903434846683,2.224,185.5048862613153
EXC,Exelon Corporation,46.03,USD,1.4994487320837921,4114773,0.5901838816092659,47098268633.91113,USD,Utilities,Buy,45.94485719318539,46.275950541599705,46.285461249203784,5.670339761248849,-1.1807642765135191,5.670339761248849,44.96800000000005,45.266500000000036,47.020800000000094,45.75997500000001,16.856483685501885,0.485421,1.3096386436150604
DGEAF,Diageo plc,21.164,USD,-0.6851243547630091,2799,0.6860462266232016,47059961087.90641,USD,Consumer non-durables,Buy,20.49017429818835,20.64730942285266,21.161899112052918,2.0345193327547997,6.824146981627298,-3.799999999999993,21.241920000000018,20.604420000000026,19.815556000000043,22.86166250000001,19.327780453363758,0.632,-30.636144963394337
CAH,"Cardinal Health, Inc.",200.83,USD,0.10966552016350076,346691,0.145153363722407,47035562268.54792,USD,Distribution services,Strong buy,200.6847317639717,203.34191285114005,202.99626734930604,2.821011673151761,-2.0341463414634084,-1.8282250574375425,200.16200000000006,194.7585000000003,204.41679999999994,191.95039999999986,30.708890180127835,2.402771,2.1269286026609975
AMSYF,ArcelorMittal,63.164,USD,12.893655049151024,260,0.019004319828084,46982185104.8506,USD,Non-energy minerals,Strong buy,55.10021247673635,51.63817397285816,46.92433331082002,0,29.967078189300413,14.323981900452491,54.24279999999999,48.39431000000003,35.735746660000004,30.95001266500001,14.451287886655168,nan,174.94910786763285
GRMN,Garmin Ltd.,242.2,USD,1.0092584869463623,124022,0.17088119511845962,46709771686.46425,USD,Electronic technology,Buy,241.06015985318004,239.02456659064106,234.94172353027153,7.22982246424934,-9.59988056136161,18.91785731821083,235.00599999999991,239.82100000000014,244.3345999999999,228.53745000000015,27.00563081897753,2.296881,18.14337654125831
BAIDF,"Baidu, Inc.",16.82,USD,-10.233968064213133,800,0.1389443701478021,46492583447.50451,USD,Technology services,Strong buy,16.189971530769142,15.99443020368785,15.83262063593614,-9.179265658747296,14.033898305084747,-8.36284391174067,18.16552,15.747644999999995,16.81391400000001,13.996050999999989,nan,0.23006143328,-100.32173548619406
DNBBF,DNB NOR BANK ASA,31.452,USD,-0.45575389289782997,1584,0.23657680531700395,46472658597.53172,USD,Finance,Buy,31.579801195914534,31.390343129006883,30.870847871333496,-1.9820493642483148,-3.254383266687162,8.530020703933753,32.02960000000001,31.32331500000003,31.77586599999996,29.17129800000002,10.909950470224512,0.70426182932,1.432625549903745
FANUF,Fanuc Corporation,50.184,USD,6.931452558010697,3098,1.851320664515358,46418065097.170906,USD,Producer manufacturing,Buy,45.96477710702201,43.899964147562464,41.752091564073346,-6.1981308411214995,27.415833037119775,35.632432432432424,48.24779999999999,46.836824999999976,41.595649999999985,36.609653999999956,44.64662497393585,0.320860593024,7.161705177316509
DKILF,Daikin Industries Ltd.,158.25,USD,10.951412746266568,196,0.2211690363349131,46315444953.92145,USD,Producer manufacturing,Strong buy,147.13404848015702,141.09423343863088,135.79822877228233,-0.8707090954647874,13.327126897737049,22.922168712132972,148.516,148.25962500000006,134.90145,126.48294650000001,26.755355380674928,1.854288988656,-1.8100370609193592
GPDNF,Danone,71.7,USD,-1.8802857377452928,5237,0.911432499695435,46258294363.70188,USD,Consumer non-durables,Buy,75.59071475207135,77.54433229396506,79.60528663803201,-1.9420131291028468,-8.906111040528511,-20.43058484075019,73.07877999999985,75.46916750000004,79.030135,84.10588525000003,21.686999318927498,2.207059,1.987862275112016
CRZBF,Commerzbank AG,40.75,USD,-2.8721248957216026,100,0.038792769027853204,45945469426.338165,USD,Finance,Strong buy,41.063524960569886,40.729680801567234,39.80059099417491,-1.5938179183771957,-2.8605482717520925,-3.390232337600758,41.59692000000001,41.195425000000014,39.8879,23.479411699999996,15.017494098148774,0.88185830209,6.759401220693216
ON,ON Semiconductor Corporation,116.8161,USD,6.574308913420314,4151120,0.38321671917627126,45780603451.60993,USD,Electronic technology,Buy,97.28673100025412,88.17677122603442,79.40812125130041,2.2997635519747863,31.66828223624888,111.43185520361992,110.41722000000001,105.94780499999999,83.85552199999998,62.068105500000065,83.26758856654074,0.709901,-2.6912672539363216
CCJ,Cameco Corporation,105.065,USD,-0.25159024019747517,1171168,0.390357623282402,45751393923.71746,USD,Non-energy minerals,Strong buy,112.3411545763177,112.04715718310453,109.35216344369611,-2.15589495250512,-11.643259608106971,12.97311827956989,104.61499999999997,114.24074999999998,113.44350000000011,100.11357500000004,97.83947603209131,0.2775886335,170.61195254337045
AU,AngloGold Ashanti PLC,90.585,USD,-1.3772455089820366,539784,0.2668327755697322,45746101526.453896,USD,Non-energy minerals,Strong buy,97.3646637415587,97.85609577104749,95.74630811921197,-4.476431509016139,-10.665680473372792,3.9832405441083614,91.60899999999997,96.19924999999999,97.29630000000002,86.23882500000002,13.288883020860839,2.306667,nan
EBKOF,Erste Group Bank AG,113.13,USD,-1.9160742153632806,708,0.24464409122322045,45256506155.201324,USD,Finance,Strong buy,115.37581731385572,115.62750182670341,114.81145388736346,-0.1235984815043706,-5.952281985202436,-6.75850427882282,114.54599999999998,115.44104999999999,114.44542999999993,109.54080300000001,11.432320832515067,2.81301169489,28.074470461733576
ERIXF,Ericsson (L.M.) Telephone Co.,13.54,USD,7.545671167593322,3198,0.004189097813993054,45135578008.69927,USD,Electronic technology,Buy,12.160073123266834,11.765336486526213,11.252591241464218,4.394757131842702,15.234042553191482,43.280423280423285,12.720500000000005,11.92214,10.987257999999997,8.751371499999996,17.09259287312095,0.13555852959999998,1581.8541593064651
HPE/PC,Hewlett Packard Enterprise Company 7.625% Series C Mandatory Convertible Preferred Stock,97.71,USD,10.24483809093986,23634,0.12638996067760933,45073236279.0,USD,Electronic technology,,80.61782360298236,75.770898375815,71.73465832605045,12.3103448275862,27.2431306159656,47.375565610859724,89.25,82.578,73.17179999999996,66.18979350000008,nan,0.534685,-109.33696190004947
FITB,Fifth Third Bancorp,49.52,USD,0.7323026851098587,1387944,0.26496355678215805,44880549523.39463,USD,Finance,Strong buy,48.83135969612032,48.6501305261685,48.21138239279087,4.2306882761524,-3.6575875486381237,5.699039487726791,48.615999999999985,49.18700000000008,48.12239999999993,46.70032500000005,16.606861397095813,0.838211,-5.285392116380265
DISPF,Disco Corp.,413.16,USD,-1.544180726336851,165,0.3973031543462557,44812467999.572876,USD,Producer manufacturing,Strong buy,438.1705021689565,432.95269604385476,417.65330513146114,2.7796987954804484,-9.419765591086662,18.092951466300807,403.3603999999999,452.0234750000001,439.300788,361.9166111999999,52.6540056551204,1.909891968,3.3415431889614924
SWZCF,Swisscom AG,863.31,USD,1.997873345935724,1,0.03367003367003367,44719901931.77603,USD,Communications,Buy,855.5559770335271,847.0607247410848,826.2259127462122,0,6.230919447305367,18.982875650346262,858.9349999999998,870.8171,789.4542499999995,646.3283684300003,28.91633918483528,6.6859227601999995,-5.8399908383667665
FITBM,"Fifth Third Bancorp - Depositary Shares Representing a 1/40th Ownership Interest in a Share of 6.875% Fixed-Rate Reset Non-Cumulative Perpetual Preferred Stock,",25.85,USD,-0.5386687187379646,1867,0.13742289743702985,44554277354.0,USD,Finance,,25.962789091939122,25.957463064383912,25.92129746059688,0.1705029838022184,0,-1.071565250669719,25.98800000000002,25.966449999999988,25.980079999999997,25.822035500000002,8.66896944900902,0.838211,-5.285392116380265
FITBO,"Fifth Third Bancorp - Depositary Shares each representing a 1/1000th ownership interest in a share of Non-Cumulative Perpetual Preferred Stock, Series K",18.5548,USD,0.025876010781668308,8976,0.40198844551927987,44554277354.0,USD,Finance,,19.04073354186548,19.19387231765251,19.38235298455534,-0.5637727759914253,-4.651593011305245,-4.356701030927827,18.550960000000032,18.990500000000004,19.19276199999993,19.902914000000088,6.2224756028035815,0.838211,-5.285392116380265
FITBP,Fifth Third Bancorp - Depositary Shares each representing 1/40th share of Fifth Third 6.00% Non-Cumulative Perpetual,23.6,USD,0.6396588486140816,1772,0.1572120588391859,44554277354.0,USD,Finance,,23.771846688903135,23.88884191928776,24.047014955917412,-0.37948661665942063,-2.439024390243902,-4.337251722740171,23.48000000000001,23.619085000000027,23.709053999999956,24.434761500000022,7.914416982460848,0.838211,-5.285392116380265
FITBI,Fifth Third Bancorp - Depositary Share repstg 1/1000th Ownership Interest Perp Pfd Series I,25.545,USD,-0.01956947162426225,10693,0.443993240241325,44554277354.0,USD,Finance,,25.459877510951628,25.481468888857396,25.518308795591352,0.2157708905453247,0.9284867641248636,-0.17584994138334564,25.537940000000056,25.447434999999956,25.42067400000014,25.612748499999967,8.56668567021027,0.838211,-5.285392116380265
LGRVF,LeGrand SA,170.27,USD,-5.536754507628289,454,1.4963744232036915,44548297831.232086,USD,Electronic technology,Buy,171.87168003030055,168.09529252368725,162.75397103570887,0,-4.2889263631253485,16.027257240204435,180.70600000000005,165.54012500000002,152.47956,110.01190580999992,30.547364048741912,1.8310017018200002,14.800689829768546
CHPXF,China Pacific Insurance Group Co Ltd,4.09,USD,-1.4457831325301322,73132,7.494338153161924,44466969334.798195,USD,Finance,Strong buy,4.399313819011645,4.368841862152639,4.186406765609614,0.4914004914004809,-7.0454545454545565,-19.803921568627448,4.184,4.524250000000002,3.5686514999999988,3.596623324999998,5.224036956865738,nan,26.71003861975672
BAYZF,Bayer A.G.,45.005,USD,-0.8918740365558117,643,0.2489835430784124,44213995198.9851,USD,Health technology,Strong buy,45.403758880698796,45.594808978981916,44.8922564061504,-0.8918740365558117,-4.273806054753545,2.587189423296114,44.754999999999995,45.741429999999994,47.17836200000001,38.6709415,nan,0.9249877197799999,29.2178094995192
IDXX,"IDEXX Laboratories, Inc.",558.175,USD,0.9230296345851166,151152,0.2502205437701372,44030520913.8481,USD,Health technology,Buy,564.0733447234093,578.6546134070079,595.3703619771595,4.888567348165963,-2.2220859755456783,-17.494420055282106,551.4209999999997,553.8074999999994,566.2781999999992,640.1115000000004,41.069457729379735,3.955202,25.583286362418328
VTR,"Ventas, Inc.",88.25,USD,0.2840909090909091,799596,0.17940656740366054,43910526753.0625,USD,Finance,Strong buy,86.3414195541315,85.22440573239845,83.4055738939621,0.6960292104062066,7.360097323600971,14.062298048339143,88.2680000000001,87.79199999999999,85.45480000000009,77.97749999999994,159.84423111755115,0.142327,66.84799032940465
WEICF,Weichai Power Company Ltd.,5.22,USD,0.9671179883945807,658,0.047008730192750085,43771761067.06956,USD,Producer manufacturing,Strong buy,4.769816435440539,4.449811267390599,4.054630755182214,1.5564202334630364,20.49861495844875,111.76470588235294,5.24352,5.22023,4.400634,2.916788000000001,28.53167818116651,0.0614821856,-0.02938063352498723
WAB,Westinghouse Air Brake Technologies Corporation,257.64,USD,0.9719391754193406,171587,0.1812502099429399,43715669898.400215,USD,Producer manufacturing,Strong buy,259.92155274437175,255.68458754719867,248.1419257793575,-2.1607868454031056,1.645165108296835,20.60668476734387,257.4779999999999,263.83500000000004,257.4516,224.72769999999974,36.46863985731878,2.600133,10.73544625223361
FERG,Ferguson Enterprises Inc.,224.85,USD,0.4961115580584541,321136,0.22630628781889858,43606923425.90305,USD,Distribution services,Strong buy,239.64193735252695,241.32724708553687,241.1254992093544,0.5455439788937079,-15.786516853932588,0.7573041763756936,223.15799999999962,242.58849999999998,241.53560000000002,239.99635000000043,29.750721109317524,3.299536,-9.199255121042818
FNV,Franco-Nevada Corporation,225.385,USD,-0.2014700673042918,176274,0.22207885125842036,43453934459.26541,USD,Non-energy minerals,Strong buy,235.46270990676635,237.63089570809595,235.11858414435983,-0.4043305346884757,-9.846000000000004,8.05686067695847,224.913,230.28725000000003,240.9762999999999,221.84902499999993,31.955413955350775,2.22533,126.50721479611555
ODFL,"Old Dominion Freight Line, Inc.",208.775,USD,0.5224132119986556,345607,0.22971564225491115,43418577536.17206,USD,Transportation,Buy,204.20961492690338,199.97212731184683,192.66294261690112,2.728435762436656,-7.845950121386009,32.34548335974644,206.977,203.36974999999987,201.5257,169.0466249999996,43.65485948477752,1.450963,-10.34793041391721
UMGNF,UNIVERSAL MUSIC GROUP,23.555,USD,-1.8337153573661231,11133,1.022173254372676,43306521823.344986,USD,Commercial services,Strong buy,22.703476935415658,22.649067953191715,23.104112909771384,-1.6081871345029304,1.0944206008583648,-8.842879256965944,23.988000000000007,22.897074999999926,21.797473999999983,25.008267499999967,24.241716359294998,0.5537011538700001,-16.671330501800462
RNECF,Renesas Electronics Corp,24.33,USD,0.7161485283768608,4195,0.3068045519702776,43236456309.81761,USD,Electronic technology,Strong buy,21.046369162060955,19.768284262870445,18.414184972798896,3.2682512733446503,22.754793138244185,73.90993566833451,23.383400000000005,21.26410000000001,18.500911999999992,14.391080500000008,nan,0.366657612432,-107.54707100039069
WOPEF,Woodside Energy Group Ltd.,22.73,USD,-0.5512775638781992,300,0.4721435316336166,43165385308.89884,USD,Energy minerals,Buy,22.77175101217145,22.112270317130605,20.980126352461713,0.13215859030837504,-4.495798319327732,42.9559748427673,22.4428,23.273725000000013,20.019404000000005,16.241826,15.467305192591425,0.830014,-16.178287801471708
SEMHF,Siemens Healthineers AG,38.6325,USD,-4.185267857142857,1799,0.1423090614246727,43105681133.56773,USD,Health technology,Strong buy,41.02351286023775,42.751813651967126,44.91801169886241,-3.8032963229490115,-7.820329277022183,-23.801775147928996,39.37407999999999,40.12932500000005,42.17772999999997,50.322150500000006,17.91734027386482,0.66815342556,7.2728669266144355
HINKF,Heineken N.V.,78.33,USD,0.7168343566170621,270,0.0358142434572683,43080328683.83087,USD,Consumer non-durables,Strong buy,78.89891949705125,79.75700021247226,80.56614423806505,0,0.6036475725661429,-3.7360206464298957,76.28818000000005,77.84079499999984,82.14601800000017,82.36782417500018,19.81685434740625,2.59426194613,120.8211384701732
MSCI,MSCI Inc.,590.33,USD,1.3720506920355822,119094,0.20109009492741142,42976027783.20494,USD,Commercial services,Strong buy,573.805998749882,569.8943458832914,567.4473059059087,5.050271376456979,-2.9062499999999933,3.282187658554506,583.2920000000006,583.3884999999999,566.2184,565.0274500000005,33.714647964545165,4.850846,20.407096685462793
TTRAF,Telstra Group Limited,3.852623,USD,-10.404116279069765,111946,8.854175729437726,42936151771.11721,USD,Communications,Buy,3.7894743083854023,3.664850165959797,3.5106684275629587,-1.2147948717948718,6.132865013774106,18.54224615384615,4.002924599999996,3.5960311500000004,3.241780780000002,2.758662834999998,29.087568528670914,0.0787790441,46.63484372464042
STT,State Street Corporation,154.465,USD,0.5042618257531432,340764,0.21112134750292275,42750819783.73249,USD,Finance,Strong buy,146.62287922397397,141.85863842885084,136.58955654587405,1.3150990423717666,0.05505894545926154,20.122093475386887,153.3690000000001,151.69825000000006,140.79590000000002,125.98052500000009,15.665980385196605,3.135126,10.73438079087162
CODGF,Compagnie de Saint-Gobain,87.2999,USD,-0.3994295493439952,791,0.12843828142759717,42745711335.6587,USD,Producer manufacturing,Strong buy,89.23385082435544,90.42417811952407,92.53022708364354,0.11456422018347591,-3.268701682771951,-15.488964181994195,87.32198000000002,90.32631000000005,88.87614599999999,94.93634432499995,12.848980763103308,3.8449291000000003,16.29370013115051
YUM,"Yum! Brands, Inc.",155.02,USD,0.4536029030585907,500506,0.30190167424638886,42726798173.87054,USD,Consumer services,Buy,155.81304358101386,156.48096271810425,156.14922288979528,3.037554004652723,-3.522529250684588,2.2964233865646153,153.30999999999997,154.15299999999993,157.09059999999997,152.67945,24.991536216930793,1.582143,23.677074610200584
STT/PG,"State Street Corporation Depositary shares, each representing a 1/4,000th ownership interest in a share of Fixed-to-Floating Rate Non-Cumulative",21.8013,USD,-0.20004577706567925,12218,0.3643879249154494,42536325333.0,USD,Finance,,22.142542636936145,22.249846824508303,22.377610567019772,-1.663058186738838,-2.1046250561293145,-3.3561777431023376,21.895260000000025,22.158259999999977,22.09700600000011,22.720635,2.211107617724318,3.135126,10.73438079087162
PINXF,Peoples Insurance Company Group China,0.7,USD,3.811359928815059,3184145,5.260932170275269,42432760097.228264,USD,Finance,Strong buy,0.7331024943004422,0.7652791620762769,0.7784251982046339,0,0,-30.000000000000004,0.68416,0.81267175,0.7761407,nan,4.816304627799969,0.0617232,9.306656567571236
TTWO,"Take-Two Interactive Software, Inc.",228.6,USD,-3.981854838709685,4518105,1.7587039517252825,42331107179.62954,USD,Technology services,Strong buy,220.41498548823262,218.17105329640395,219.3777058472706,-2.0355688879365763,4.340681911543197,-11.293921344172597,236.71999999999994,226.45250000000004,212.58299999999997,231.89092499999984,nan,0.389719,-4.860726976120603
ELEZF,Endesa S.A.,41.112,USD,2.7800000000000047,1500,2.5020850708924103,42299173886.10066,USD,Utilities,Buy,36.724199531834955,34.679304392038674,32.076458264306645,0,2.7800000000000047,18.512539636782947,38.18639999999995,33.199380000000005,25.577471999999972,22.742835500000016,15.836666599123033,0.63918287216,16.56436790718009
CLS,"Celestica, Inc.",365.92,USD,3.142881303379664,813697,0.46918146243772524,42070958035.49553,USD,Electronic technology,Strong buy,361.648895842073,347.1133492807718,328.89697882360326,2.498599439775915,-10.69240719498206,22.75075478027507,349.794,380.9275000000001,346.7214,295.7414500000001,44.498758613539046,2.287101024,137.55662783391023
CNSWF,"Constellation Software, Inc.",1979.9713,USD,0.35333502280790313,4228,0.5062260536398467,41958622863.22739,USD,Technology services,Strong buy,1872.6835940556678,1889.2764554631194,1982.3236337778385,3.5279111111111074,5.8672309436222045,-17.294431913116128,1978.7362599999992,1854.6965949999953,1826.4329880000014,2377.4702870000046,57.024537458177036,27.865635,2.743313920117976
CMG,"Chipotle Mexican Grill, Inc.",32.5901,USD,-0.6399390243902364,5946249,0.43501762823045226,41804428647.81558,USD,Consumer services,Strong buy,33.32352507152042,33.94110644220466,34.9510289886394,0.5712081468909072,-8.762318029115338,-12.509798657718122,33.028020000000005,32.792004999999996,33.317202,36.87827549999999,29.855349945034813,0.318517,-4.085756963359985
ANNSF,Aena SME S.A.,27.812,USD,0.33189033189034023,200,0.14808233377758034,41717999598.166985,USD,Transportation,Buy,28.518707197734162,28.937376233436915,29.056178827127106,2.77900960827791,-8.90271863740583,-0.607533414337782,27.40999999999998,27.436199999999992,29.126883999999997,28.80257850000001,16.679560921221867,0.5050796441,17.082687806726515
CCEP,Coca-Cola Europacific Partners plc,93.96,USD,-0.20180562931493568,636503,0.3751482462182111,41644728329.67435,USD,Consumer non-durables,Buy,94.37343216620681,94.85695449856036,94.73241756544247,4.353620613060848,-2.4197736005815895,3.6628420123565677,93.13199999999992,93.42649999999988,94.62680000000005,92.83144999999993,19.495798319327733,2.47810094613,44.86894312853191
SSREF,Swiss Re Ltd,153.1785,USD,-2.047256682440198,1644,2.3726367441189207,41613967755.11592,USD,Finance,Buy,158.87486358284784,160.85218053348981,162.83155796344292,-1.9789340312661805,-9.490368707161425,-9.410077473534798,155.86987999999997,160.63463999999993,162.90026399999988,153.35957184999998,9.358815457827895,nan,56.15397382686712
LZAGF,Lonza Group AG,610.15,USD,-5.433889741324538,131,0.34933333333333333,41580740181.976814,USD,Health technology,Strong buy,624.1962641951108,633.9668180300944,645.6163523083701,-1.1406536074790707,-4.0108865797733015,-12.190565828652513,624.6259999999994,622.6504499999991,631.1179599999997,672.9318794999996,nan,10.767700249999999,-150.47333860374277
ASAZF,Assa Abloy AB,37.26,USD,-0.9042553191489453,657,0.5678969660299075,41387524749.92993,USD,Consumer durables,Strong buy,38.0845986564338,38.16681506275234,37.701304121982304,0,-3.9071566731141214,-1.4911167512690358,38.08000000000002,38.85679999999999,36.13734000000001,28.352670999999997,24.918739895571353,0.423858123,14.395339394675316
GMGSF,Goodman Group Sydney NSW,20.24,USD,-10.679611650485445,447,0.658709106984969,41386610199.28168,USD,Finance,Strong buy,20.92613947639377,20.643805528057847,20.485488229730652,0,-4.483246814535171,0.2377179080824003,21.611000000000015,19.995875000000005,20.125099999999975,20.431022229999996,36.555143678059714,0.5071458999999999,89.16901731401452
KR,Kroger Company (The),67.06,USD,-0.01490979573578486,2319517,0.41324050280248764,41346558271.3386,USD,Retail trade,Buy,67.64244707469064,67.97747407510303,67.9082582886836,1.3909888116117353,-2.3729800553210008,7.536882617062224,68.34600000000003,66.92450000000005,69.31559999999998,67.15707499999999,43.36523538541128,1.577021,-57.94397606744629
AIG,"American International Group, Inc. New",77.59,USD,-1.3100992113965926,476243,0.13610300712761517,41138703427.98881,USD,Finance,Buy,76.87707434299708,76.96823129571783,77.29650162232694,2.0518216493489443,-0.0643997939206558,-8.96397981931245,78.02599999999991,76.61849999999981,76.29479999999994,78.22747499999987,13.705574789797216,1.944189,26.484650788685833
HLNCF,HALEON PLC,4.62,USD,0.10834236186348632,5163,0.250136865513282,40926338838.40491,USD,Health technology,Strong buy,4.694010880094928,4.788596994091246,4.856841109578866,1.8743109151047401,-1.4925373134328417,-11.153846153846155,4.552000000000002,4.559872499999991,4.780748999999999,4.8572512500000045,18.567054233159762,0.13858728,26.518607645628062
AMP,"Ameriprise Financial, Inc.",453.05,USD,0.5504139201455974,154067,0.28410559854011097,40727875971.62616,USD,Finance,Buy,460.21892572016594,462.31231219079325,467.02667047620383,-3.6944922730268046,-2.2461485349328894,-7.54081632653061,459.1659999999996,467.7374999999999,455.7174000000003,479.43630000000053,11.268863313575617,10.634167,36.60602642165923
TSCDF,Tesco PLC,6.44,USD,2.222222222222231,27021,6.360127103683653,40686673329.91608,USD,Retail trade,Strong buy,6.377744743684245,6.3457013283034955,6.2660296866113105,4.8672062008435075,-1.360127435363313,8.309927849442479,6.2420000000000035,6.37886,6.387891999999994,5.935908999999997,17.66416634597793,0.22399572,23.38188562010771
HOCFF,Hochtief AG,540.0,USD,-2.463694819738456,14,0.032543003254300325,40638785109.81307,USD,Industrial services,Buy,545.1546486698514,520.1125072390616,484.8417944366995,-6.7357512953367875,1.9582594214623965,33.97841458876069,565.7539999999997,573.394125,514.2177100000001,352.540155,43.70840751042655,nan,-9.622063640624342
SLF,Sun Life Financial Inc.,73.3,USD,0.08192244675041273,64507,0.12969067406098056,40598917319.237854,USD,Finance,Buy,70.09085361965876,68.53260168765293,66.8603724162591,1.4111787493082402,4.237770193401599,17.524450857784192,72.78799999999991,71.71349999999995,67.90839999999992,62.87635000000004,19.063007066560495,1.4032454135,1.2784540473330384
SLFIF,Sun Life Financial Inc.,15.75,USD,0.9615384615384639,282,0.4662698412698413,40545163909.608505,USD,Finance,,15.52967037885554,15.395816613637944,15.392567086017744,0,0.9615384615384638,0.6389776357827454,15.761140000000001,15.045934999999995,nan,nan,4.096075870372822,1.4032454135,1.2784540473330384
DHI,"D.R. Horton, Inc.",142.97,USD,-0.8117108366865461,581361,0.2542577583011608,40543378151.58054,USD,Consumer durables,Buy,144.96628108416888,146.2298924813339,147.6487916441252,4.502594839558509,-12.261429886468237,-0.9491478453651133,140.21599999999995,145.43949999999998,144.20340000000007,153.95800000000003,13.393852524287306,2.971494,-19.23199152542372
DNSKF,Danske Bank A/S,51.0,USD,-4.672897196261682,4368,5.440278988666085,40520576283.379395,USD,Finance,Strong buy,50.81055212377887,49.192467933351686,46.366844437327465,0,-4.672897196261682,2.7925304094569134,51.52347999999999,48.571545,38.666418,22.801370130000013,11.82838186831518,1.1136069879,5.3186849485374985
RBGPF,Reckitt Benckiser Group Plc.,63.5,USD,1.1952191235059761,2145,1.8558574147776437,40518296687.36775,USD,Consumer non-durables,Strong buy,65.74724763952185,68.67873198440337,71.79932167092,1.162975943922251,-5.491888673909805,-23.999744509881282,62.731999999999985,63.80882499999999,72.48014999999998,73.39682918389997,9.686161296239874,2.0899109543,148.5761160160083
CHHQF,China Hongqiao Group Limited,4.125,USD,7.843137254901955,2037,0.7029470632893919,40505017453.84148,USD,Non-energy minerals,Strong buy,4.337093258344913,4.214797132708884,3.8336430057988093,9.27152317880795,-13.249211356466875,-3.3957845433255174,4.007499999999999,4.25675,3.758252000000001,nan,12.431250438597118,0.2924504,0.7219653995694194
XYZ,"Block, Inc.",67.9628,USD,-1.0010196649672312,2737371,0.4845551155774614,40482407542.03315,USD,Commercial services,Strong buy,68.48863018420637,67.00869115806839,66.1532030811517,-2.6041845801089134,-6.309897987317348,3.4126597687157676,69.46056000000002,70.79164,66.21505599999998,67.744214,52.79894344313239,0.863549,-68.69116824362123
BDX,"Becton, Dickinson and Company",146.705,USD,0.31111111111111966,337954,0.10987296111586822,40423159632.28356,USD,Health technology,Buy,150.68966836590477,153.2365820361843,154.7585076045628,1.913858978812104,-6.75924748951315,-3.915784913009144,145.8409999999996,146.66575000000017,152.46930000000017,154.55644517849936,37.1998377158506,3.132429,-24.7442943286772
ASTS,"AST SpaceMobile, Inc.",104.0902,USD,8.168138834043429,18984552,0.7706289064394366,40399964214.53884,USD,Communications,Buy,86.50187932442105,85.86913100820712,84.03937374314194,18.526759280346166,22.950862272619894,40.019101425881075,92.96604,78.44651000000007,84.16440400000002,75.69700100000004,nan,-0.3175,11.190452411864586
CCI,Crown Castle Inc.,91.8,USD,-0.2607561929595927,1266533,0.36294594154908627,40066290816.2777,USD,Finance,Buy,88.40340400884946,87.96471923018822,88.30000896727927,5.931225478882992,7.055393586005828,3.32020258863253,91.74800000000002,89.45899999999986,86.42500000000001,90.58165000000021,18.667642752562223,0.39753,nan
SSEZF,SSE Plc,33.2,USD,1.256557277052599,1934,2.2498836668217774,40019005477.75841,USD,Utilities,Strong buy,34.82745699778883,34.6194098621184,33.63902144737673,0,-8.26195081514229,3.8473568970910352,34.52519999999999,35.216990000000024,34.47902200000001,25.717520499999992,28.405641805370188,1.4805078,-50.33797300329045
ED,"Consolidated Edison, Inc.",108.14,USD,0.6890130353817456,624086,0.2724976147736929,39852804932.72459,USD,Utilities,Buy,108.7103336766683,108.82730294239751,108.00525004066121,1.8651092690278863,-0.7343491830365313,8.54160393455787,107.29800000000034,107.79550000000002,110.29859999999995,103.95554999999975,18.214893294480287,0.733182,9.597563226878343
NAPRF,Naspers Ltd.,52.01,USD,-1.4402122418040648,225,1.9463667820069206,39818259543.413376,USD,Technology services,Strong buy,55.54882780616624,58.03557931616167,60.037392471599354,4.099115327649002,-7.504890627778765,-18.473234579512507,51.68240000000003,57.273350000000015,63.9676052,44.36121409999999,7.199978182723291,2.14,84.78527283758814
SWDBF,Swedbank AB,35.5,USD,6.414868105515589,766,0.2967611963427863,39810919290.42008,USD,Finance,Buy,35.06145764329309,35.26333810697545,35.018249986212126,1.57367668097281,-2.633022490400441,0.2824858757062187,34.656000000000006,35.29230000000003,36.35105999999999,30.834857999999986,11.948857757862207,0.695297967,-2.3331185600900572
PEG,Public Service Enterprise Group Incorporated,79.72,USD,1.5800203873598304,577098,0.1833310195825909,39726184595.24312,USD,Utilities,Buy,79.62281974776548,80.2872799303087,80.83181789016349,3.734547820429414,0.5169587693859495,-1.3244213392746718,78.08600000000007,78.74500000000002,80.42719999999989,81.69314999999999,17.628198040819935,0.82056,23.627665390924015
ALNY,"Alnylam Pharmaceuticals, Inc.",296.57,USD,-1.3111044557585432,198627,0.23609358875519995,39595825133.32911,USD,Health technology,Strong buy,302.4560842058182,312.4855210561799,327.81689490110773,3.284112279724179,-3.8452809389488745,-25.734962688435917,295.2259999999997,296.76575000000037,310.2992999999998,388.34074999999996,70.46593960130205,1.625954,nan
WCN,"Waste Connections, Inc.",155.74,USD,-0.01925916415227652,220248,0.14425839182100872,39570559355.11772,USD,Industrial services,Strong buy,158.87600952249724,160.9120979660734,163.6042662401237,-0.1730658291135067,-1.3367120684193763,-10.944647758462938,156.95600000000002,157.1309999999998,160.11999999999955,169.87640000000013,38.247585816754686,1.3547094635,74.54013585432847
KDP,Keurig Dr Pepper Inc.,29.065,USD,0.9902710215427385,2040308,0.2254395147258624,39544661307.004,USD,Consumer non-durables,Buy,28.40979473184286,28.205309515373955,28.190306470454725,0.1550654720882209,9.06191369606005,4.475197699496769,28.962999999999994,28.904750000000053,27.4941,28.148349999999972,21.624135108994867,0.536175,21.748188405797098
TTDKF,TDK Corp.,20.76735,USD,-0.5204541099827592,6978,1.3511995817438955,39410183870.50946,USD,Electronic technology,Strong buy,17.725257890315255,16.70383075841965,15.888105307871024,5.8478593272171215,17.929301533219768,66.40504807692308,19.468669999999992,18.695282500000005,15.790007000000003,14.825729249999995,32.02354454059835,0.157671606288,10.572495889509582
HSY,The Hershey Company,193.57,USD,1.6702557907453162,595537,0.3287010975726808,39264442378.50413,USD,Consumer non-durables,Buy,193.78488859730643,196.84600404743085,197.6302484414114,3.9302013422818756,2.6412092283213946,6.346851302340923,191.858,188.56900000000022,198.4486000000001,193.59860000000018,36.012353258544024,1.427573,-33.70294538457743
CRDO,Credo Technology Group Holding Ltd,212.7499,USD,10.010807177206686,4381220,0.6565931757842612,39241705297.048454,USD,Technology services,Strong buy,172.5197950382189,160.06508671261946,150.51606558315038,23.806971601489753,14.001661129568102,43.36246630727762,182.87597999999997,184.92674499999998,149.72329800000003,143.11514949999994,117.99118185347457,1.024921,13061.313868613139
PYPL,"PayPal Holdings, Inc.",44.22,USD,-0.1805869074492061,3732509,0.2758695950384539,39006705854.83341,USD,Commercial services,Buy,46.298712880387036,47.194792807103866,49.35513929799649,-0.1129433024621736,-13.294117647058826,-24.629282427134825,44.22200000000005,46.59849999999991,46.626,57.23272500000005,8.295190215352292,1.283635,19.591699383062267
TYIDF,Toyota Industries Corporation,125.5102,USD,-2.470899059756003,210,0.1344172054022915,38968484880.2444,USD,Producer manufacturing,Buy,127.31575706579281,125.59972602840452,121.75565206536538,0,-1.945156250000002,7.687859287859288,127.97460000000001,127.91849500000001,117.52179799999998,85.71748500000004,26.759635835902177,2.165123780688,-17.530182045191562
ORXCF,ORIX Corp.,37.135,USD,-0.36222162597264584,132,0.010246776534881735,38710059810.18089,USD,Finance,Strong buy,34.34006265602596,33.06486212147442,31.423895208001927,-3.745463970969415,29.273132353965046,24.970553592461712,37.6768,34.527950000000004,32.01442,23.888282085,14.762835331073115,0.656807550576,22.85241113315651
JDCMF,"JD.com, Inc.",15.875,USD,0,100,0.025392955994007264,38518269042.98481,USD,Retail trade,Strong buy,14.780036277191503,14.731306104598024,14.900793384040787,0,9.785615491009676,3.084415584415582,15.210400000000003,14.69696,14.700244000000003,16.81252744,24.22884060742575,0.42168864871,-68.0714157181313
CBRE,CBRE Group Inc,131.37,USD,0.2518315018315114,644089,0.26691016229003467,38467313372.53594,USD,Finance,Strong buy,138.90963423095792,141.54980342834017,144.6462900889047,1.2407521578298502,-13.109332627819295,-18.052523236229806,130.42400000000015,139.31750000000017,139.88100000000003,153.48034999999987,29.968519025458527,1.496813,33.86264390631204
ACSAF,ACS Actividades De Construccion Y Servicios SA,144.42,USD,-6.220779220779229,1142,4.499605988967691,38421422165.55797,USD,Industrial services,Buy,128.9011823144674,116.99189850025921,103.25549904225123,-0.39313056072834096,0.7112970711296944,33.22878228782286,146.81199999999998,108.78600000000002,74.71683000000002,40.972323999999986,33.313081746110676,nan,30.74253655068877
LYV,"Live Nation Entertainment, Inc.",164.8,USD,-0.710929027593673,381659,0.1723436448983691,38351068300.16147,USD,Consumer services,Strong buy,161.05034060159664,158.55032598385574,155.93148882313923,-2.340740740740734,7.578823683008038,15.705960822860355,165.14399999999992,162.69799999999995,158.60479999999995,153.10574999999994,nan,0.685972,-160.3588180915534
RKT,"Rocket Companies, Inc.",13.545,USD,-2.343186733958178,7382194,0.3026188517834034,38324624793.33309,USD,Finance,Strong buy,14.698373470698368,15.284998792519342,15.950773398214436,1.5367316341829091,-16.130030959752315,-30.53846153846154,13.351000000000017,14.24325,14.620899999999999,17.649524999999997,229.5762711864407,0.174286,nan
DCNSF,DAIICHI LIFE GROUP INC.,10.415497,USD,6.020938517915313,3100,0.27366302371157686,38264145702.80918,USD,Finance,Strong buy,9.604121415692623,9.193698161271932,8.619734350172578,0,10.862128791910598,14.834586549062845,9.685299400000002,9.13512485,7.433466440000001,4.981224986250002,13.808264034602633,0.17009250648000002,-2.3554504777699248
PBCRF,PT Bank Central Asia,0.31,USD,0,9412,0.44582125466568145,38215264531.25,USD,Finance,Strong buy,0.36062688128772585,0.38759011913951724,0.41877400084404737,0,-17.333333333333332,-33.333333333333336,0.34298000000000006,0.41170375000000015,0.47320350000000033,0.5837709749999965,11.141598117624842,0.0067060083999999996,1.8948881782819302
JBL,Jabil Inc.,361.67,USD,1.475828399876544,247692,0.2301896454063508,38157134599.639824,USD,Producer manufacturing,Strong buy,329.71392125355356,311.36815927422424,290.55257339254973,6.282876370154867,7.977310046275572,56.3707899174197,346.9679999999998,347.0535,310.8805999999999,246.53375,48.47083735391873,3.077534,78.81518404907976
TRI,Thomson Reuters Corp,85.75,USD,0.22206638616175514,345051,0.14507981553116026,37984028421.4522,USD,Technology services,Strong buy,90.2818444711946,94.29459303858904,102.44064716850986,2.3513965146813067,-12.611498828135696,-36.079625240658615,86.80399999999996,89.65725511200017,91.22204004559994,128.21128670404983,25.003382615055866,0.9533817265000001,-27.031719825317918
EQBBF,EQT AB,32.25,USD,0.78125,1502,0.6302186044560063,37980226261.86111,USD,Finance,Buy,32.48892129587648,33.11486364406079,33.56717623430266,0,15.178571428571429,-17.307692307692307,31.560000000000002,33.53612499999999,34.58095,nan,43.57398794244926,0.5343406,9.526266487309615
VIK,Viking Holdings Ltd,85.12,USD,1.454112038140642,1225359,0.26767625101602527,37945306421.11466,USD,Consumer services,Strong buy,81.22737924270689,78.98442201237881,76.07200198877102,0.6503488234598692,2.4924744130042233,19.032303174381205,84.08599999999993,82.51300000000006,78.41800000000003,69.3317,31.69968717413973,1.241048,117.98993343075175
EME,"EMCOR Group, Inc.",853.7899,USD,0.540496938294859,97877,0.30387609125379433,37942660285.789055,USD,Industrial services,Buy,853.326363822384,822.8051002060209,784.3209901463275,-6.09231395323258,0.4340548170803395,38.49433882688813,857.5379800000003,896.0479949999999,823.7095980000001,706.0740495000005,28.571473031128484,7.236752,32.03985595298589
IRM,Iron Mountain Incorporated (Delaware),127.06,USD,-0.2120474357967455,307616,0.2540130068373508,37803487492.88934,USD,Finance,Strong buy,120.28299708619477,115.48030871973872,110.39123648549432,0.9454198776515434,6.424323645196417,53.08433734939759,125.5359999999999,125.17449999999988,114.77800000000038,100.38905000000021,139.51905127923575,0.543268,121.95954179868389
FRFFF,Fairfax Financial Holdings Ltd.,18.5,USD,-2.323125659978887,1000,2.2732439190725167,37760663880.699005,USD,Finance,,18.56892944125121,18.41634776573411,18.080070916342756,0,-1.1752136752136693,-0.5376344086021582,18.657300000000028,18.397309999999997,17.09424799999999,16.431120149999998,0.09192756411290977,79.015,20.29096796634405
CBOE,"Cboe Global Markets, Inc.",359.6875,USD,2.2013695516281193,177759,0.19546147685083576,37642656063.27783,USD,Finance,Buy,330.8160944482106,316.83741216193533,302.00549936470753,0.4461168979865467,19.68837348595768,43.330344690177334,360.35949999999985,342.36487500000015,312.0831499999999,269.88876250000044,30.710498454602895,3.285374,53.54221289984268
ADM,Archer-Daniels-Midland Company,77.81,USD,0.8947095435684618,526079,0.1535743290305894,37501039943.48768,USD,Process industries,Buy,74.77308705167091,72.72405388035651,70.22747763490985,-3.7957467853610205,10.982741406361436,35.46309192200558,78.55600000000004,77.68975000000002,73.32330000000005,65.04027499999998,34.83769867920305,1.424027,-20.382846754357825
MSADF,"MS&AD Insurance Group Holdings, Inc.",25.45,USD,-11.570535093815156,136,0.08443009684628763,37408306323.24474,USD,Finance,Buy,25.958658733961233,25.785741191380534,25.450120185337624,0,5.557859809207797,4.8274157673613995,26.67099999999998,25.861249999999995,26.20622600000001,23.375144000000006,7.641916841837393,0.650170855824,12.756134563735518
FRFHF,Fairfax Financial Holdings Ltd.,1622.01,USD,-0.8975377283558412,2097,0.31642800018107464,37395580365.86239,USD,Finance,Buy,1657.135370060629,1675.1368100783493,1689.2726510088082,2.59392789373814,-10.635273505615567,-14.631052631578948,1619.3220000000017,1641.6589280000007,1696.386917200003,1717.2230300000012,8.059860987393556,79.015,20.29096796634405
HIG,"The Hartford Insurance Group, Inc.",136.36,USD,0.24996324069989956,361745,0.22924993264997,37380476835.36216,USD,Finance,Buy,135.2813286606566,135.46308845077436,135.18938579261643,1.8524051389303993,-1.863979848866481,-0.5977547747485006,136.13000000000005,134.87899999999996,135.67299999999983,134.06615,9.579677258453174,3.30661,41.863501365385005
HIG/PG,"The Hartford Insurance Group, Inc. Depositary Shares each representing a 1/1000th interest in a share of 6.000% Non-Cumulative Preferred Stock, Series G",24.7387,USD,-0.16666666666666533,3842,0.21746513312805651,37287272361.0,USD,Finance,,24.874701519040723,24.904165506930116,24.93618597791435,-0.12636253532498226,-1.1638034358769462,-1.2427145708582803,24.755740000000024,24.90858500000001,24.908345999999984,25.037722050000024,1.737963932191959,3.30661,41.863501365385005
PWCDF,Power Corp. of Canada,59.0955,USD,-0.9793900804289518,6239,0.11105316276345978,37193990633.666176,USD,Finance,Buy,55.42475833808567,53.805297163744875,52.15148564184851,7.779500273572867,12.13567362428842,11.16534988713319,59.112099999999984,57.32321499999997,52.98042999999998,48.75001149999999,20.56532845737622,1.08280875,-0.021775633223334756
UI,Ubiquiti Inc.,612.46,USD,4.460097900428117,90188,0.5565518322371548,37067357308.99265,USD,Electronic technology,Buy,791.8123838735472,791.9359656662746,760.99148450316,-2.0063999999999944,-41.10961538461538,9.587031205267685,597.1759999999999,808.4270000000002,854.7476000000003,675.8026999999998,39.36978517156705,4.033,71.46604649112173
HUM,Humana Inc.,307.93,USD,1.39949947312961,260934,0.13927016995365135,36970536972.021576,USD,Health services,Buy,254.11927084507212,239.09715410901154,233.372661751387,2.4589073001929815,40.44057283590259,20.26636463052647,306.4519999999999,271.29049999999995,220.70859999999985,243.8181500000001,32.95519001701645,6.831339,-33.932220407412906
HLBZF,HEIDELBERG MATERIALS AG,209.578,USD,5.692672348580368,1958,1.7703435804701628,36962239222.317116,USD,Non-energy minerals,Strong buy,214.28050124590982,218.44126891724574,223.52134423795013,6.384771573604063,-3.8200659011849294,-19.26887519260401,202.76600000000002,213.35918999999984,211.58579600000002,235.87544850000003,16.3351521513319,3.6939198,26.609074792383108
BLMIF,Bank Leumi Le Israel,25.0,USD,3.305785123966945,100,0.10964912280701754,36908144386.729225,USD,Finance,Strong buy,24.888453695588655,24.590398375901373,23.905598933054893,0,-1.9415571680721748,9.170305676855902,25.23000000000001,24.594564999999996,23.764166000000003,14.8944655,11.502080285103776,0.52156585082,29.952844767777243
WEC,"WEC Energy Group, Inc.",113.23,USD,0.9990188208010031,492278,0.26031828995127027,36881918662.77282,USD,Utilities,Buy,113.50183362669908,113.59826893862208,113.10459986003116,3.3214709371293005,-1.1264407963674399,7.154348443266776,111.40599999999984,113.31150000000002,114.66060000000014,111.63959999999986,22.577814998703914,0.836436,-2.111920051529289
TKO,"TKO Group Holdings, Inc.",192.345,USD,0.37311485675520717,145092,0.10726945517567801,36762187043.29872,USD,Consumer services,Strong buy,191.2549380290367,193.27291224807658,194.57910652789838,0.9420099711361781,4.404820061879178,-8.376601724384322,193.0789999999999,188.18674999999996,191.47189999999992,196.13032500000008,70.62160375972978,1.555058,58.10983397190294
AHODF,Koninklijke Ahold Delhaize N.V.,42.0,USD,-1.4024330123434772,182,0.3212709620476611,36720585913.84616,USD,Retail trade,Buy,45.02860738426534,45.153238661717445,44.60001560470723,-1.4024330123434772,-11.485774499473134,4.3478260869565215,41.833479999999994,45.527370000000005,44.310398000000006,39.38046999999998,14.432265815879923,0.77248110449,37.82005158729411
SVKEF,Skandinaviska Enskilda Banken AB,18.72,USD,-2.168800627123087,449,0.1652983838309465,36656641867.69593,USD,Finance,Buy,19.511324625553346,19.661767353712357,19.456352409597308,0,-7.8740157480315025,-14.167812929848694,19.252999999999997,20.32279999999997,18.41032799999999,14.234042180000007,11.576559436146356,0.4274808174,-1.8111655685475034
SATS,EchoStar Corporation,126.4,USD,-1.5882902522578575,5474995,0.8871001297322338,36631685947.34351,USD,Communications,Buy,125.91973855735914,122.34220247706352,115.57444230194787,-13.867120954003404,-0.28793436674160444,16.304747883695253,133.92199999999997,127.91649999999993,123.22500000000002,95.213925,nan,-0.501531,-6044.893956111316
PSZKF,Powszechna Kasa Oszczednosci Bank Polski SA,29.16,USD,3.8461538461538534,234,0.1079983384871002,36449999221.350136,USD,Finance,Strong buy,26.769511829020338,26.205592957104873,25.481562903003535,11.425296140619022,7.960014809329872,13.463035019455258,27.22799999999999,27.187999999999995,25.713399999999993,20.335027935,12.609550006154294,0.5609005,15.126523645090694
SYY,Sysco Corporation,76.18,USD,-1.0649350649350562,697443,0.22069835616126252,36427949452.92624,USD,Distribution services,Buy,75.5424791727341,76.75115140771017,77.65360884714565,4.628485098200803,1.3705921490352642,4.45632798573975,75.46999999999998,73.85749999999993,75.84599999999999,78.64092499999992,21.130003051063714,1.512003,-6.740991748363892
PCG,Pacific Gas & Electric Co.,16.47,USD,0.1824817518248028,3988612,0.1996448848442499,36270644515.75182,USD,Utilities,Strong buy,16.700837683348066,16.830782940354844,16.78611641258565,1.5413070283600494,-4.355400696864112,1.7294626312538453,16.296,16.356499999999997,17.117200000000004,16.294224999999997,12.906512028837865,0.360619,17.353319845503044
PRU,"Prudential Financial, Inc.",104.345,USD,0.10072908672295086,367321,0.2361121083361579,36207714258.25359,USD,Finance,Buy,100.37115644601724,100.40728134425386,101.39323152980423,2.3592309201491086,11.99420414296447,-7.552937007176403,103.18900000000026,100.5567500000001,97.92709999999992,104.35672500000034,10.724379991161085,3.342976,53.97287588422402
PCG/PX,PG&E Corp 6.000% Series A Mandatory Convertible Preferred Stock,40.63,USD,-0.5628976994615685,7751,0.22158059490287446,36204577768.0,USD,Utilities,,41.60332115906536,41.92299499595324,41.95493112479279,0.04924895345974668,-3.9025543992431375,-0.5385556915544648,40.567,41.18249999999999,42.45615,41.423725000000005,31.839197555050546,0.360619,17.353319845503044
FJTSF,Fujitsu Ltd.,20.8,USD,1.4634146341463448,2460,0.3899253435622692,36083386523.43565,USD,Technology services,Strong buy,21.510941840494972,22.134561854768823,22.908579721762635,9.994711792702276,-9.209951986032298,-30.17791205102383,20.490699999999993,20.61505,21.299149999999987,24.43818250000001,12.999790427128577,0.103211414352,98.92664345063564
CCL,Carnival Corporation Ltd.,26.045,USD,-0.5156608097784492,7565145,0.2663431174418293,36027474735.017,USD,Consumer services,Strong buy,26.394043004785384,26.850417317810837,27.322071385977893,4.7035175879397055,-5.014587892049598,-15.135223199739327,25.411,25.81939999999999,26.110759999999978,28.56189000000001,11.579672772541349,0.332623,49.77691949124326
EQT,EQT Corporation,57.57,USD,-0.2944232767578831,2170534,0.3817639469394241,36008771081.259605,USD,Energy minerals,Strong buy,58.20336902367853,58.57819099049464,58.36351815319468,2.165039929015082,-1.2690790601955102,7.910028116213681,58.07199999999999,57.72800000000005,60.006200000000014,56.415650000000056,10.912295998635253,0.554706,809.7603035006035
ESLT,Elbit Systems Ltd.,766.25,USD,0.33127324150211757,60333,0.5594340103758583,35847760930.14209,USD,Electronic technology,Buy,803.4801996163482,798.2491459086788,764.0771391897607,1.6341039619062845,-12.672091539022617,31.20269853772131,766.0879999999996,799.82625,857.9982000000003,642.4572749999998,62.619315441232246,2.979255,67.71948091234323
HEI,Heico Corporation,303.69,USD,0.8266932270916365,73179,0.09785695946596489,35790384971.02191,USD,Electronic technology,Strong buy,289.58541614544765,292.81323594748204,298.2027787641464,5.433273156506033,8.95099375762359,-6.04232411360684,298.4640000000003,285.1075000000002,282.9332000000001,311.9603499999999,60.05457889220669,1.332264,25.102666864578683
HEI.A,Heico Corporation,225.51,USD,0.7415680142952855,116916,0.35986688286504714,35760168130.23096,USD,Electronic technology,Strong buy,219.3542288605424,222.7299401520425,227.9211206720457,4.253155193934625,5.744162055706649,-10.628938295089771,221.88400000000001,216.19050000000001,215.7304000000002,241.39560000000017,44.59451442583401,1.32866,25.102666864578683
VODPF,Vodafone Group Plc,1.55,USD,0,2002,0.5853972338372467,35690848100.75893,USD,Communications,Buy,1.5792566543548212,1.5431693464189056,1.484333464487598,7.638888888888896,6.896551724137938,11.111111111111114,1.603000000000001,1.5588200000000003,1.4892799999999995,1.125854174999998,nan,nan,87.37709600443175
PUKPF,Prudential PLC,14.2,USD,-11.801242236024857,968,0.7520198881292728,35593491628.76365,USD,Finance,Strong buy,14.775744511800939,14.296358350101656,13.5582181190748,0,-8.681672025723481,-11.801242236024859,15.61,13.721100000000003,11.356877999999993,10.308188269999995,9.101442058117554,0.56,91.41311532267564
RSTRF,Restaurant Brands International Limited Partnership,77.59,USD,-9.779069767441856,1001,2.5457782299084437,35492307027.134056,USD,Consumer services,,77.72648808953156,75.52494426076184,73.580008597877,0,-0.7927375015982489,14.019103600293912,79.59999999999998,72.52904499999998,71.58609999999999,63.30429024999994,28.35525656960268,nan,-4.103014347563742
DTGHF,DAIMLER TRUCK HLDG AG,46.23345,USD,2.3452649754283397,419,0.9077123050259965,35396349032.07139,USD,Consumer durables,Buy,48.2591916120089,48.28820402180921,47.81880864396671,2.3452649754283397,-8.971352628470175,4.992505961167256,46.73773999999999,49.412384999999965,48.676216000000004,44.519208000000006,22.306785224991383,0.94821527334,-47.32446369419668
BKHPF,Bank Hapoalim B.M.,26.95,USD,3.0691270675972784,943,2.6721450835930862,35297514927.73811,USD,Finance,Strong buy,24.60307990546326,23.43165157983463,21.459103199448883,0,4.255319148936162,12.77330264672036,25.019499999999997,23.144874999999995,15.504101999999998,7.554715999999997,11.858313303278129,0.59682858054,39.256795488933896
IFCZF,Intact Financial Corp.,198.718,USD,-2.25982170304335,10,0.015101177891875565,35284678065.46577,USD,Finance,Strong buy,190.4565918219427,189.77301238610164,190.59620502849276,12.416133959382236,4.073530952131556,-4.042686754551168,197.68948000000015,190.13511999999992,186.4629720000001,193.35541909,14.715124412122716,3.1456134685,57.06207347889218
TEVJF,Teva Pharmaceutical Industries Ltd.,30.19,USD,3.4258307639602603,250,0.7507507507507507,35160445723.51504,USD,Health technology,Strong buy,26.749863457143867,24.43020195128087,22.196836053543976,0,6.452750352609315,-8.069427527405608,29.838000000000005,20.184450000000005,18.68922,12.074843500000002,21.45792838867664,0.60946368064,nan
DLMAF,"Dollarama, Inc.",128.75,USD,-0.5791505791505791,1860,1.7901828681424448,35114084294.40725,USD,Retail trade,Strong buy,127.99833299045743,129.9347221289929,132.10005997489344,2.3775445292620825,3.0,-13.233639065416781,126.912,126.21647500000002,129.07250000000005,136.22634800000012,37.053313954291845,0.7292192187000001,21.357614616817983
AMKBF,A.P. Moeller-Maersk A/S,2416.58,USD,5.387148121497557,38,2.814814814814815,35042263090.44069,USD,Transportation,Neutral,2407.6649984316937,2408.587850547809,2373.279879069361,0,3.715879828326177,6.6494256170809996,2369.0459999999994,2436.737645,2422.397138,1956.6302395000002,22.82495034616034,9.181732,-76.56680905685313
HNDAF,"Honda Motor Co., Ltd.",9.0,USD,3.2702237521514648,27857,0.11086273309648763,35032963623.04768,USD,Consumer durables,Buy,8.627762266350297,8.784037182389726,9.066732731254973,6.382978723404245,7.142857142857138,-4.761904761904755,8.66100000000001,8.373012500000002,8.44249500000002,9.815633250000005,nan,0.24108193886400003,-156.60246734224108
GFIOF,Gold Fields Ltd.,39.0,USD,-11.363636363636363,250,1.1185682326621924,34905944097.88694,USD,Non-energy minerals,Strong buy,44.55321683151719,45.025287706324384,43.655625726833904,0,-17.808219178082197,-22.077922077922075,44.260000000000026,51.06927499999998,45.588781999999995,24.166855499999993,9.330781962593614,2.75,216.9298767414801
STLD,"Steel Dynamics, Inc.",241.08,USD,3.9855072463768155,377427,0.42167288256367713,34766817372.38043,USD,Non-energy minerals,Buy,219.82891804108633,209.47166881924582,198.03444933901258,5.128205128205137,7.548179871520349,40.464953679426685,230.63400000000007,231.7244999999999,204.67899999999995,171.46732499999996,25.823728523072973,4.027005,23.396999537373596
DOGEF,Orsted A/S,26.3,USD,1.1149557862360597,1129,0.4211272333917714,34736047986.97218,USD,Utilities,Buy,25.194198710955604,24.64200594092658,24.385114521786228,-0.5671077504725844,2.5741029641185653,24.239446732927703,25.846920000000004,26.095642500000025,24.79620699999995,24.53020524999996,nan,0.2141875164,-211.2102162184258
PAYX,"Paychex, Inc.",96.61,USD,2.5039787798408484,774915,0.25745385754694977,34614480277.76138,USD,Technology services,Buy,93.31990994836896,94.50925432496886,98.15616287881338,5.723353031297881,3.458984793317631,-13.833392793435609,94.9499999999999,92.90749999999997,92.04100000000008,110.29049999999994,21.296153422241815,1.306766,-5.656649682853286
HAL,Halliburton Company,41.2,USD,-1.811248808388937,2960534,0.31869317513243484,34418387212.61201,USD,Industrial services,Strong buy,39.81018472527561,38.45873309679011,36.424391102341666,-0.8184882041405784,5.613945142271225,45.377558221594924,42.24400000000002,41.349500000000006,39.211400000000005,30.617800000000003,22.60506968067596,0.536194,-23.638344226579523
SHLAF,Schindler Holding AG,346.54,USD,3.6394636252518597,3,0.061224489795918366,34364504098.3528,USD,Producer manufacturing,Buy,352.2437147489184,354.9528136889007,354.95713180309974,-0.18146729268081788,3.444776119402991,-3.645210621437497,341.84934,353.88883500000003,357.328046,264.57658460500016,29.045461158887075,nan,22.836816308856616
QSR,Restaurant Brands International Inc.,75.295,USD,-1.2524590163934404,846917,0.28882470993973575,34360159775.316986,USD,Consumer services,Strong buy,76.71331126506392,75.69031349375821,74.16817411141163,-0.8493547537529577,-4.605346509565444,10.69538371067334,75.90700000000007,77.95174999999996,76.86210000000007,70.02167499999997,29.959812191628206,1.038975,-14.54026115342764
PPRUF,Kering SA,280.16,USD,4.53731343283583,2,0.022573363431151242,34343954975.41129,USD,Consumer non-durables,Buy,287.1988940347026,293.3910878344167,300.12340244480225,-0.5655652902270776,-2.0672972727336236,-21.673879737421856,280.5609999999997,282.0108999999998,295.6622580000001,309.77432749999946,407.6102462484421,4.57093535,-92.81155334965949
CMXHF,CSL Ltd.,71.59,USD,-2.6648538409245326,60,0.018893472305318515,34285308032.118145,USD,Health technology,Buy,84.98552012473495,91.01028808549873,98.59363316605933,-0.041887740854511496,-23.84042553191489,-35.13635951798496,70.85101999999982,80.7280399999999,90.71929399999998,119.90372299999996,23.932884289485607,2.3525,-43.543164122810374
KMTUF,Komatsu Ltd.,37.9825,USD,-4.793833813761126,2035,0.12314078592261797,34277639100.95408,USD,Producer manufacturing,Buy,41.85587356514953,41.892083314301594,41.12109450330766,-8.903945317184311,-9.197944059287584,17.822688215404657,40.38450000000002,42.185499999999976,42.126299999999986,37.968535,14.572527629848285,0.612579877632,-17.35907818441235
CKHUF,CK Hutchison Holdings LTD,8.909,USD,-2.4232633279482982,3257,0.17183798584987786,34121864396.424946,USD,Retail trade,Strong buy,8.364856183645307,8.137911223441552,7.8785665190295555,-4.204301075268817,8.38199513381995,26.011315417256014,9.16585,8.367762500000005,8.070304999999998,6.675081794999995,22.432503419842575,0.4632243,-30.82494189772828
ZTS,Zoetis Inc.,81.345,USD,1.5923566878980964,2750667,0.2761363999474805,34102111201.554142,USD,Health technology,Strong buy,97.61646154292372,104.86531261008666,112.06991383283221,9.62938005390835,-31.6141235813367,-35.644778481012665,79.55300000000001,92.97375000000002,107.9787,127.39482499999993,13.476416891701595,1.865292,8.393341354355604
TRAUF,Transurban Group,10.9,USD,8.457711442786065,886,0.37742279020234293,34010002757.56906,USD,Transportation,Buy,10.368130453955283,10.207900602126811,10.042176141618954,6.862745098039226,10.212335692618803,14.736842105263161,10.528000000000004,10.020869999999992,9.86709800000001,9.261232499999997,106.3522542775072,0.050000300000000004,581.7332361914556
KGC,Kinross Gold Corporation,28.345,USD,-1.1680613668061397,2222007,0.3262922756053826,33945539190.784916,USD,Non-energy minerals,Strong buy,30.38742840308966,30.714053096967124,30.304921963892564,-1.3057103064066853,-13.423946243127682,-0.8048993875765544,28.31899999999998,29.91975,30.693700000000003,28.175774999999998,12.080891147836953,0.7571905655000001,146.90710442171564
RBLX,Roblox Corporation,47.41,USD,2.752492414390975,4077338,0.35104960900430887,33944553425.281536,USD,Technology services,Strong buy,49.95247213659398,54.531006001999586,61.78470275995425,10.719290051377852,-23.912694591558346,-41.79251074278699,46.15399999999998,46.7255,53.06379999999999,88.6194,nan,-0.352705,-16.91286183228886
ADYYF,Adyen N.V.,1074.77,USD,-4.038392857142858,12,0.07425742574257425,33906495826.838524,USD,Commercial services,Strong buy,1090.843364011855,1126.5514071916887,1199.5572011106242,2.106213186395599,-3.3480215827338147,-34.458849643867694,1082.7595000000008,1099.01575,1064.1283880000026,1425.0841654999974,27.21854983695102,19.79589974258,28.69586970172974
ALC,Alcon Inc.,67.815,USD,-0.1692919181510512,920865,0.3899816516589948,33887156814.234303,USD,Health technology,Strong buy,70.64581977375373,72.85372868075599,74.86484438720768,4.443246573232697,-12.677053824362606,-14.049429657794688,67.05500000000002,68.25574999999984,73.24910000000003,77.63697499999995,40.777495336690684,0.7592839541999999,-26.231025787532015
VMC,Vulcan Materials Company (Holding Company),259.885,USD,-0.8375305250305224,264737,0.2786255942725868,33721345991.820534,USD,Non-energy minerals,Strong buy,278.26198843099326,282.0923984124801,285.2279961939742,-3.140024598412289,-11.498382428060612,-8.837870071558857,262.203,280.8012499999998,279.54110000000014,292.06297500000016,30.921757132998593,2.631798,19.161787015638524
NTR,Nutrien Ltd.,70.06,USD,-0.25626423690203964,808405,0.3437395837536683,33708761256.63541,USD,Process industries,Buy,71.73662630588154,71.6614957882856,70.38054859417929,-1.6977690472849638,-4.263459961738186,13.274050121261117,70.72400000000003,72.24449999999997,73.82340000000008,64.92659999999995,14.328187307802583,2.9482615075000003,379.8244679764949
KVUE,Kenvue Inc.,17.555,USD,0.5441008018327541,4338202,0.20497902041968952,33705750381.800682,USD,Consumer non-durables,Buy,17.479875700707268,17.53252055137663,17.62740324092475,2.3615160349854296,1.0650546919976898,1.6502605674580206,17.332999999999995,17.37824999999998,17.40210000000001,17.589549999999996,20.817028341041148,0.318207,53.77461706783371
NHOLF,Sompo Hldgs Inc,36.53,USD,4.466941203385946,400,0.2937504589850923,33686238494.86977,USD,Finance,Buy,34.68094870673454,33.00604503168507,30.640129270206835,-0.10937927262783469,4.466941203385946,14.120587316463617,36.1906,31.256365000000006,24.4686179862,15.426147146650003,8.273821319397616,1.0943379907200002,59.32600800065367
AMKAF,A.P. Moeller-Maersk A/S,2268.655,USD,-4.4776842105263075,1,0.1694915254237288,33642482012.781418,USD,Transportation,Neutral,2339.3249546013276,2360.9562362928914,2344.6241009330092,1.3742794584208458,-2.307891053934753,-5.162907163400427,2291.7110000000002,2358.1766749999997,2414.2842899999996,2007.0122914999988,21.42777715927815,9.053859513599999,-76.56680905685313
FINMF,Leonardo S.P.A.,58.45,USD,-0.10254657323533613,1315,0.23567152944549982,33618902119.60273,USD,Electronic technology,Strong buy,63.10266016355383,64.3433164902394,64.46306232475763,0.7758620689655221,-10.776980613646774,-2.0938023450586263,60.26200000000002,62.05182499999999,66.50473399999998,62.70987099999996,23.448821606710105,nan,29.086893291153228
ACGL,Arch Capital Group Ltd.,96.21,USD,0.0832206387184004,631322,0.27232416324921677,33614771243.19328,USD,Finance,Buy,95.19339066484488,95.24099414269747,94.99280056107713,2.854393842206529,-2.225609756097573,0.45943406077059384,96.28800000000004,94.77800000000002,95.32760000000006,93.41650000000001,7.386394171343462,2.399729,33.58322992195431
ACGLN,"Arch Capital Group Ltd. - Depositary Shares, each Representing a 1/1,000th Interest in a 4.550% Non-Cumulative Preferred Share, Series G",16.5109,USD,-0.23625377643505283,15370,0.37236864738360753,33586820076.999996,USD,Finance,,16.90377736278698,16.989970191779342,17.08564487200777,-1.0137889688249417,-4.284637681159423,-1.4274626865671673,16.58618000000002,16.955300000000012,16.91942000000002,17.39100200000001,1.267602281713281,2.399729,33.58322992195431
ACGLO,"Arch Capital Group Ltd. - Depositary Shares Each Representing 1/1,000th Interest in a Share of5.45% Non-Cumulative Preferred Shares, Series F",19.75,USD,-0.3028773346794484,10501,0.5640695082319448,33586820076.999996,USD,Finance,,20.171322376563413,20.27237550599929,20.418789889744115,-2.3471299945116546,-3.4229828850855712,-3.0436917034855226,19.916999999999927,20.20375999999995,20.138676000000032,20.922538000000003,1.5162798553584178,2.399729,33.58322992195431
WAT,Waters Corporation,341.2,USD,0.06158538373558742,159293,0.18014241262341513,33501011760.340183,USD,Health technology,Strong buy,328.0625078548469,328.191316426189,332.0000447631531,3.3062855758750205,1.372630578168639,-10.009231174996701,337.7919999999998,329.7579999999999,317.5206,338.4113999999994,43.43343050269231,3.007879,-28.76263885740195
SHLRF,Schindler Holding AG,309.362,USD,-3.3243749999999928,49,0.3353867214236824,33459978650.95482,USD,Producer manufacturing,Buy,329.9834987449667,335.2991109990535,338.5998233934563,0,-3.234867252208288,-14.718749569268507,328.26039999999955,342.5043629999999,347.2047672000001,266.8969958400001,25.929364445765636,nan,22.836816308856616
HVRRF,Hannover Re,277.1825,USD,-4.857809737930553,3,0.07672634271099744,33422229444.587074,USD,Finance,Buy,297.47291405337455,299.6740564979743,299.7538679085233,-4.857809737930553,-14.987731942953538,-7.405211291130789,285.6235000000001,304.17387499999995,299.51531,238.59287389499997,10.074030311007133,6.324736451220001,36.2334498343664
VG,"Venture Global, Inc.",13.385,USD,-1.2905604719764063,4221925,0.19196631786997775,33253132832.8879,USD,Industrial services,Buy,12.945679287761099,12.57037111354975,12.040411537664305,-2.0490303695572587,11.541666666666664,95.11661807580174,13.98500000000001,13.024750000000001,13.677400000000008,10.8967,13.971816283924843,0.466428,89.62787015043547
TRPCF,Trip.com Group Limited,50.155,USD,-3.751679140280173,716,0.2490261547022816,33064762264.78879,USD,Consumer services,Strong buy,57.614672784407446,60.3533874880707,61.12038513975157,0,-3.7516791402801735,-34.825547397829894,55.04539999999997,65.890275,63.18536,nan,7.507933617960707,0.8805357311399999,91.5715865939764
SYM,Symbotic Inc.,54.85,USD,7.65456329735034,1938646,0.9985270710253388,33058469570.057903,USD,Producer manufacturing,Buy,54.136889204353736,54.784264180787325,55.426230376057255,15.61973018549748,-14.736514845328768,-9.815850049325878,49.88399999999999,53.827499999999986,54.47220000000003,58.427600000000005,nan,0.128984,24.78134110787171
KMB,Kimberly-Clark Corporation,99.38,USD,0.6583611870758548,785740,0.19799252303186934,32988231925.121433,USD,Consumer non-durables,Buy,98.43255634989687,99.42947551186893,101.61546298162955,3.5208333333333286,2.8778467908902705,-1.7887142998320016,97.73399999999994,97.509,97.68699999999991,108.74937499999994,15.62603185584679,2.015639,-13.319795017172769
ROP,"Roper Technologies, Inc.",326.6,USD,0.7775857812885827,506825,0.45441809692668744,32959607887.6296,USD,Technology services,Buy,341.92561563068523,351.137416870238,368.651583051413,1.8365501543450606,-10.027548209366385,-26.562183796910485,326.7439999999998,338.74699999999984,348.30589999999995,423.59044999999986,20.405740598426775,5.301686,15.44337213831305
NIPNF,NEC Corp.,24.23,USD,-6.5380906460945045,3256,0.2382694728214735,32900852796.631184,USD,Technology services,Strong buy,26.171511772693982,26.946538129348387,28.024450189140886,-3.944499504459865,-15.545486232136636,-29.410050983248365,26.079000000000008,26.7173,26.36643200000001,25.3960902,18.957570240992286,0.122001586944,45.86522920340439
RVMD,"Revolution Medicines, Inc.",154.71,USD,0.637481298380289,662255,0.3595473640966015,32890798350.954273,USD,Health technology,Strong buy,135.06175768478255,125.432958869351,113.90857552098372,6.674481141832729,3.3674082982561777,92.68900236642172,150.08800000000002,145.8265,125.67579999999992,84.59295000000006,nan,-1.934266,-76.93115869521715
Q,"Qnity Electronics, Inc.",156.855,USD,2.680675569520816,500132,0.23199275520133117,32835899486.9672,USD,Electronic technology,Strong buy,142.6206455959104,133.6752257571626,122.03385455073928,-0.7121154576528674,14.176008152569512,92.01248622842452,151.38499999999996,149.82575,133.84490000000002,nan,50.591859114952904,1.048571,nan
EPIAF,Epiroc Aktiebolag,28.388,USD,-2.1575790997449427,902,0.09814802724641465,32809896909.02539,USD,Producer manufacturing,Buy,28.134362848783645,27.56440476911214,26.788518811993832,-5.7503320053120826,4.454052065127415,19.740172093808013,28.26679999999999,28.804254999999994,27.195567999999966,24.545318,38.36118343359024,0.2171374842,1.0397765428543881
LVS,Las Vegas Sands Corp.,49.26,USD,-0.3842264914054698,1343052,0.3224726524125507,32641515335.526794,USD,Consumer services,Strong buy,52.53740387347917,53.61359809722715,54.638053600454974,-3.770267630396561,-14.10636442894508,-24.447852760736204,49.68800000000004,52.02149999999997,53.448200000000064,57.14734999999995,18.232964429803456,0.789851,50.562862238074025
CPRT,"Copart, Inc.",33.865,USD,-1.555232558139525,6929993,0.7451616593831417,32622438706.105816,USD,Retail trade,Buy,33.61292322325195,34.350139957711335,35.78127097253865,4.683153013910357,0.10345846881467247,-13.488312683612213,33.572999999999944,33.31774999999996,33.267499999999906,39.86812499999997,21.24529485570891,0.383875,7.0660934981193035
MITEF,Mitsubishi Estate Co. Ltd.,27.2245,USD,-8.765080428954427,607,0.6942697014754661,32528392244.2629,USD,Finance,Strong buy,28.767794689036435,27.847296421097507,26.11166263145992,-4.726159230096239,-12.093961898611559,5.113899613899616,29.09489999999999,27.612475,22.19589000000001,16.248948725,23.777502925698826,0.246572211744,13.551699852813995
A,"Agilent Technologies, Inc.",114.81,USD,0.017423120480874656,829081,0.4117092373312585,32445573242.553875,USD,Health technology,Strong buy,115.34431195104595,117.42239685492162,120.6172363632991,2.5638735036626805,-6.55977862781802,-15.729594832648273,113.21200000000006,114.08249999999967,114.77159999999999,129.4032,25.314194999338536,1.409501,4.230919495323235
UAL,"United Airlines Holdings, Inc.",99.83,USD,0.19068647129666572,1620452,0.32050622377044646,32401796213.829285,USD,Transportation,Strong buy,96.4979590335578,97.26569608293732,98.29862248443109,6.0216652506372155,3.978752213311106,-11.34103019538188,95.83200000000002,94.63499999999986,93.8336,101.21862500000003,8.906792287858105,1.691486,2.1760137106184336
HBAN,Huntington Bancshares Incorporated,15.95,USD,0.6309148264984206,6256141,0.3544234155565417,32332734091.40378,USD,Finance,Strong buy,16.084980057929904,16.23489946596256,16.39854366931809,3.1694695989650605,-6.065959952885755,-8.227848101265822,15.729999999999993,16.050999999999995,15.999,16.746550000000003,12.212863705972435,0.361219,0.6861460180402538
HHUSF,Hua Hong Semiconductor Ltd,16.53,USD,10.939597315436247,510,0.47811005906065435,32241464968.231644,USD,Electronic technology,Buy,14.705844858485685,13.548270692352764,12.165451079620569,10.939597315436247,36.6115702479339,63.82556987115957,16.587480000000003,13.259140000000002,10.584106000000002,nan,413.3181148253232,0.025566,169.95400643014935
WDAY,"Workday, Inc.",128.31,USD,5.301600328272473,7299051,1.3989259758096935,32168866826.847603,USD,Technology services,Strong buy,128.07574701623594,134.64880239062418,147.8304464751889,4.240799415062148,-1.1479198767334429,-40.3763940520446,126.998,124.20975000000006,125.67950000000006,187.62770000000063,40.066824881338995,2.601315,76.8304803975704
HBANM,Huntington Bancshares Incorporated - Depositary Shares each representing a 1/1000th interest in a share of Huntington Series I Preferred Stock,22.17,USD,0.4986400725294786,3097,0.29583707468047304,32130021025.0,USD,Finance,,22.206923989822975,22.252646923023203,22.338373236175094,0.2709169112758536,1.0022779043280292,-0.09013068949977275,22.178199999999958,22.33163220000001,22.093186980000013,22.678921745000086,16.97549770290965,0.361219,0.6861460180402538
HBANP,Huntington Bancshares Incorporated - Depositary Shares 4.500% Series H Non-Cumulative Perpetual Preferred Stock,16.58,USD,0.24183796856105896,43499,1.086128201030722,32130021025.0,USD,Finance,,16.955937489654715,17.08573915416758,17.2338162037674,-1.660735468564657,-2.413184226015304,-3.154205607476651,16.63232000000003,16.881584999999983,17.040841999999994,17.689309999999978,12.695252679938742,0.361219,0.6861460180402538
HBANZ,"Huntington Bancshares Incorporated - Depositary Shares, Each Representing a 1/1000th Interest in a Share of 5.50% Series L Non-Cumulative Perpetual Preferred St",20.4201,USD,-0.14621026894864458,12981,1.7041918840503603,32130021025.0,USD,Finance,,20.84602424724052,20.952010232793103,21.06722443179884,-0.8733009708737862,-2.9923990498812314,-4.934357541899437,20.44101999999996,20.857909999999947,20.867264000000006,21.42708849999997,15.635604900459418,0.361219,0.6861460180402538
HBANL,"Huntington Bancshares Incorporated - Depositary Shares, Each Representing a 1/40th Interest in a Share of 6.875% Series J Non-Cumulative Perpetual Preferred Sto",25.0201,USD,-0.03955253695566039,10527,0.6395309984508368,32130021025.0,USD,Finance,,25.26865609773353,25.294576484296908,25.334241957201833,-1.3791880173433253,-2.0739726027397314,-0.9889196675900287,25.078019999999977,25.37908,25.231249479999985,25.498087369999926,19.157810107197548,0.361219,0.6861460180402538
MLM,"Martin Marietta Materials, Inc.",534.45,USD,-0.6543115787125642,239175,0.46183398538158094,32091528672.0121,USD,Non-energy minerals,Buy,584.003607562141,596.4369808366034,605.7373579840005,-4.192958554424205,-14.185934489402683,-13.69398465886152,540.5660000000004,583.3285000000003,592.8160000000004,620.9070000000014,12.741381776569877,5.022292,141.1770793804119
SBGOF,Standard Bank Group Ltd.,19.7125,USD,0.03806140573458658,472,0.7543551222630653,31917169383.697556,USD,Finance,Buy,19.633253163271945,19.445959485681414,18.9836929432397,0.7538972655251586,11.056338028169007,2.7361563517915237,18.71999999999999,19.187000000000005,19.259389999999996,16.608975,10.996842504574463,0.9887480000000002,30.179182433252656
TSEM,Tower Semiconductor Ltd.,285.58,USD,2.354754309881364,741094,0.2750920012204963,31915457317.297375,USD,Electronic technology,Strong buy,229.1034576353005,206.4648787431279,181.1886788414202,4.665567161444002,28.98243078451741,137.01551996016264,265.684,235.85850000000005,206.37539999999998,124.34814999999993,132.64282396655827,0.758,19.213732004429676
TGOPF,3i Group,31.2975,USD,2.7748132337246494,1449,0.21505855113762856,31835595793.442997,USD,Miscellaneous,Strong buy,34.46594218223676,36.31576925355208,38.797611748075695,11.141690340909088,-16.662228731194247,-27.869324729200276,29.768099999999993,33.14815000000003,35.30341000000003,46.33551200000002,4.408961009161905,nan,5.616882986695995
TCKRF,Teck Resources Ltd.,65.1,USD,0.4629629629629586,504,1.0132689987937273,31829629481.20253,USD,Non-energy minerals,Buy,59.54063963026692,57.24824505990395,54.505765873710594,0.4629629629629586,11.606377507286123,35.7947434292866,61.931200000000004,56.090700000000005,52.083580000000005,46.45810684,24.037720105593515,0.719368074,453.8008787023556
EXPGF,Experian plc,35.59,USD,1.8020594965675132,956,1.0288420146362462,31823999364.45898,USD,Commercial services,Strong buy,35.88933197438634,36.52404425450044,37.922860791390804,1.8020594965675132,-9.566764070639039,-21.025185842671686,35.34599999999998,36.27740500000006,35.69046199999996,44.621103500000025,22.07390235830403,0.943333,25.89774235205614
ZM,"Zoom Communications, Inc.",107.51,USD,11.121447028423779,6179084,1.0777346023138379,31687662332.00776,USD,Technology services,Buy,97.50906844560087,93.56227154247979,90.34694311153656,8.050251256281413,15.97626752966559,24.605934167825687,99.98800000000001,101.3795,89.8246000000001,85.13745000000017,15.77156101926152,1.4891,104.68111938505884
CICOF,COSCO SHIPPING Holdings Co Ltd.,1.9,USD,-1.5544041450777215,3003,0.13668265773351662,31640747537.925392,USD,Transportation,Buy,1.8560129761207849,1.8462033444276849,1.8242010196284864,0,2.702702702702693,7.954545454545449,1.8040000000000003,1.87475,1.795990000000001,1.615493999999999,6.883509235615212,0.102872,-35.81608504862801
RSNHF,"Resona Holdings, Inc.",13.7125,USD,4.775549188156638,5091,0.4183271842825331,31571277014.15692,USD,Finance,Buy,12.43851217319444,12.13356552767662,11.724872295906305,5.632717832574559,23.092459605026928,37.952716297786736,12.94799999999999,12.42287,11.968847999999994,10.326414499999997,19.148198840626492,0.20573519188800002,16.30731618820552
ADDDF,adidas AG,176.74,USD,7.415263250657913,37,0.021757026931671176,31556763032.41067,USD,Consumer non-durables,Strong buy,170.08450392003272,170.1791509620369,173.69174716720636,5.648873214178981,3.9647058823529466,-9.826530612244893,170.26730000000006,168.12269499999962,162.7894759999999,188.6553374999998,19.61741014120026,2.68910159458,45.49031745837869
FNLPF,Fresnillo Plc,42.61,USD,-4.888392857142852,1641,0.26496802945165665,31399033493.254856,USD,Non-energy minerals,Buy,45.73792368823448,45.98531894931948,44.913891315565714,-7.690641247833617,-15.506642871306761,-12.144329896907216,44.15379999999997,45.99569499999999,45.876244000000035,39.95128699999999,22.34286729681278,1.52245,916.9016948874182
RPRX,Royalty Pharma plc,54.33,USD,1.4565826330532237,1062684,0.3186964766969748,31287679963.53894,USD,Health technology,Strong buy,50.616530309072424,48.95965713243023,46.85095810618915,2.4321266968325777,9.80194017784964,40.40573717534564,53.084000000000024,51.443,49.13080000000004,41.695949999999954,28.453964596208234,1.27574,-22.13205007952368
EL,"Estee Lauder Companies, Inc. (The)",86.355,USD,9.434799138258786,4554223,1.3995782478820584,31242802319.03796,USD,Consumer non-durables,Buy,82.5523930046832,84.75722299307121,87.74275482503703,7.728293413173662,12.514657980456033,-18.236046016190873,79.92300000000003,80.94774999999997,78.07329999999996,93.52717500000006,nan,0.321742,71.24638877424681
MTB,M&T Bank Corporation,212.92,USD,0.2778693543069632,181692,0.2021337902032552,31181084224.077423,USD,Finance,Buy,211.92557193828253,211.83011032863212,210.3914952346121,3.590541986961173,-2.7762557077625627,5.951433121019098,209.70000000000005,211.90699999999993,210.77279999999982,203.80000000000018,11.92074485059878,4.631492,19.65606409775444
GVDBF,Givaudan SA,3373.0,USD,-3.102556736569951,8,0.7339449541284403,31125763088.75035,USD,Consumer non-durables,Buy,3471.518621418583,3547.2792828462007,3676.594144428576,-3.9851978366068885,-5.536332664460739,-14.282083862770012,3411.604159999999,3555.981964999998,3858.723662,4112.872619000001,23.160029494916213,77.334265,12.447610318224356
AXON,"Axon Enterprise, Inc.",385.945,USD,-0.9991278473219737,470320,0.4654081752005682,31107969974.293846,USD,Electronic technology,Strong buy,406.5677642124176,428.40995885105787,463.5491249839222,-1.9747536320227657,-5.838365355291249,-32.688316444878524,393.18700000000007,395.74974999999915,414.19470000000024,573.9315749999996,154.48923224721798,1.82625,-39.52993004623242
MTB/PH,"M&T Bank Corporation Perpetual Fixed-to-Floating Rate Non-Cumulative Preferred Stock, Series H",25.275,USD,0.2578341927806336,5246,0.5303221762820837,31094681633.0,USD,Finance,,25.111506791969706,25.06579462959294,25.02508612690504,0.13866877971473907,0.8177104108496143,2.5771103896103815,25.23799999999998,25.15775499999998,25.00640999999994,24.953444009999902,1.4150705715709382,4.631492,19.65606409775444
MTB/PK,"M&T Bank Corporation Depositary Shares each representing a 1/400th interest in a share of Perpetual 6.350% Non-Cumulative Preferred Stock, Series K",24.81,USD,0.020157226365648075,12953,0.4209400876132538,31094681633.0,USD,Finance,,24.9849946973971,25.027833591325596,25.084383245142707,-0.8393285371702672,-1.7425742574257477,-3.596199801830155,24.790999999999993,24.97,25.003799999999977,nan,1.389036632272007,4.631492,19.65606409775444
MTB/PJ,"M&T Bank Corporation Depositary Shares each representing a 1/400th ownership interest in a share of Perpetual 7.500% Non-Cumulative Preferred Stock, Series J",26.13,USD,-0.15284677111197056,14556,0.2944323640960809,31094681633.0,USD,Finance,,26.346800912781266,26.358832109858653,26.404389687133182,-1.65600301091457,-0.7595898214963893,-1.729973674313655,26.22200000000002,26.508500000000016,26.211736000000037,26.619154499999993,1.462939427701231,4.631492,19.65606409775444
NTRS,Northern Trust Corporation,167.83,USD,0.43085392855005616,256056,0.2983863740897856,31056483727.12902,USD,Finance,Buy,159.3805394827273,155.1130423266146,150.22159627054523,2.4227999511778338,-2.2766973331780576,22.709658550851792,166.21600000000004,164.12399999999994,154.08120000000005,140.08225,17.567935351505255,2.645848,-10.832757751684747
NTRSO,"Northern Trust Corporation - Depositary Shares Each Representing a 1/1,000th Interest in a Share of Series E Non-Cumulative Perpetual Preferred Stock",18.7226,USD,0.17442482611021204,15099,0.4276319516035844,30923249691.0,USD,Finance,,19.072247372146737,19.166134932318812,19.295364936683647,-2.027210884353739,-2.3338549817423146,-3.888090349075978,18.798520000000007,19.075899999999955,19.083560000000023,19.713109499999987,1.9598249801113763,2.645848,-10.832757751684747
TECK,Teck Resources Ltd,62.93,USD,-0.11111111111111156,1627397,0.541429496943067,30811188928.162594,USD,Non-energy minerals,Buy,59.614694450140206,57.58117621660138,54.96398982764575,1.4018691588785004,7.9601990049751254,29.087179487179487,61.353999999999985,61.22400000000009,56.52199999999998,48.018350000000034,23.2364627687404,0.7143098880000001,453.8008787023556
AEE,Ameren Corporation,111.14,USD,1.1835396941005072,495184,0.27808874080472,30758173735.663692,USD,Utilities,Strong buy,110.17028316692002,109.72098789256341,108.54329942943343,3.607718840309504,0.2344877344877391,11.429717264888716,109.20999999999997,110.23250000000004,110.52620000000023,105.07955000000014,19.96479126248473,1.065791,23.498092111101244
DSKYF,"Daiichi Sankyo Co., Ltd.",16.4675,USD,-5.778858532398788,3074,0.17286658231407281,30696107485.962543,USD,Health technology,Strong buy,17.153768737258318,17.697865328381397,18.56199207123714,-6.646825396825394,-8.767313019390578,-27.58355321020228,16.626499999999986,16.678125,17.554180000000002,21.362152499999983,18.630254498813606,0.28302288,-14.92784226522868
BMDPF,BANCA MONTE DEI PASCHI DI SIENA SPA,10.1,USD,-1.1741682974559784,150,0.027133605875330126,30688022446.211327,USD,Finance,Strong buy,10.147815775945142,9.979168050578515,9.809982431998977,-6.04651162790698,-7.66642897628581,-10.540301151461467,10.597360000000023,10.203509999999994,9.730592000000003,15.36321849999991,5.594880146228231,nan,12.605259972242033
DNZOF,Denso Corp.,11.125,USD,-10.20984665052462,12928,1.3050808104261098,30630604278.563515,USD,Producer manufacturing,Buy,12.243947720599555,12.540862977636989,12.903724374215566,-11.354581673306779,-1.1989342806394296,-22.419804741980474,12.010999999999997,12.287500000000003,12.440900000000015,13.869297500000005,10.810045050198598,0.191738430864,6.445107151169763
CQP,"Cheniere Energy Partners, LP",63.17,USD,-2.379848555091937,20706,0.27513719653985674,30577699476.73667,USD,Utilities,Neutral,63.26709796875012,62.58058988472447,61.283154613537775,-0.519685039370076,1.0881741078572567,17.547450688500184,64.126,64.19560000000004,64.32584000000001,57.22731000000001,14.692064378081684,0.923497,2.81696876942943
VICI,VICI Properties Inc.,28.545,USD,0.08765778401122767,3058656,0.4373328548963847,30515466160.212837,USD,Finance,Strong buy,28.39287780861094,28.447417814327245,28.672647748432937,2.42195909580194,0.017519271198327115,1.3671875000000056,28.46699999999999,28.49525,28.143299999999986,29.723474999999972,9.796149490373727,0.712019,16.249102369743866
MTZ,"MasTec, Inc.",385.975,USD,-0.7189340741312239,259874,0.2558781555473416,30499185783.887775,USD,Industrial services,Strong buy,379.96410464361037,356.73216965325514,326.4371724930028,-6.908735709806566,2.0261161481324894,75.43520749056863,385.9069999999995,405.53275,364.9062999999997,256.471175,67.47696718588836,2.223751,111.18289891456841
SVNDF,"Seven & I Holdings Co., Ltd.",11.75,USD,-0.423728813559328,104,0.03820018365472911,30488550598.142258,USD,Retail trade,Buy,12.319163716805136,12.699964807039938,13.073899429432432,0,-9.615384615384615,-19.795221843003418,11.933999999999997,13.073400000000007,13.462110000000004,13.88616305374999,15.439635761316305,0.0964321392,72.1380778340892
GASNF,Naturgy Energy Group SA,31.72,USD,8.001361933946196,788,1.1885369532428356,30466856320.917007,USD,Utilities,Buy,30.135370602496966,29.49125778112661,28.784483661080806,-1.8336557059961351,7.634882931795046,-1.8336557059961351,30.68580000000001,27.88196500000003,27.772523379999992,23.760807359999994,12.421012361431835,nan,24.670464359182755
FANDF,Firstrand Limited,5.43,USD,7.132287659070721,149,0.1259083995267872,30451967518.57549,USD,Finance,Strong buy,5.313774409067838,5.301231369435558,5.183765501762331,0,-0.9124087591241005,2.549575070821526,5.2367000000000035,5.463030000000002,4.756633999999998,4.0681795,11.520297363697697,nan,26.243283762060678
CASY,"Caseys General Stores, Inc.",823.61,USD,-0.1442774005819521,153122,0.3595333078181976,30439826372.770344,USD,Retail trade,Strong buy,800.1463778326133,765.7284624869477,722.4446032501576,-4.583106456433836,4.767659292992255,49.25067502672923,841.7880000000001,844.2014999999996,773.9499999999998,623.2998749999992,47.27549292540826,3.329444,21.409257529931583
EXR,Extra Space Storage Inc,143.205,USD,-0.48988951427974714,201025,0.21393665474268908,30253623761.123203,USD,Finance,Buy,140.85132242974083,140.58203577224447,140.4224616984223,3.8545217202117823,-0.8206939538749041,10.106873750576664,141.78900000000007,141.79399999999993,138.8648000000002,139.47000000000014,32.57620564149227,1.166316,2.1921565892554016
DTE,DTE Energy Company,145.24,USD,1.036521739130441,217051,0.1615953651342315,30214031025.52515,USD,Utilities,Strong buy,144.40903252876194,144.04456014558866,142.7989881283865,2.941384931603945,0.5121107266436049,12.293180763878153,143.2519999999999,144.23550000000006,145.64959999999985,139.4727500000004,23.87049059084559,1.517893,-17.828106852497097
RMD,ResMed Inc.,207.955,USD,-0.4904775576610093,365695,0.2997884073180851,30165202314.641068,USD,Health technology,Strong buy,214.55302207091228,221.71113632046857,229.84931855546378,3.6975167048967887,-6.326576576576571,-13.979317476732156,207.74499999999995,207.92524999999992,218.83010000000016,250.66582500000013,20.046946999055276,2.891652,16.468686142860363
FISV,"Fiserv, Inc.",56.505,USD,1.2271587244715196,3132483,0.47953482741428766,30131518705.40111,USD,Commercial services,Buy,57.92592904830291,59.449911905823086,64.45903352518627,2.1605496293617796,-10.67815365159658,-16.326077298978227,56.285000000000046,57.5012500000001,57.90190000000007,82.02587500000013,9.585404332558653,1.925436,4.271765663140754
CEBCF,China Everbright Bank Co Ltd.,0.4451,USD,8.560975609756103,1124,0.08019406392694065,30083102476.53766,USD,Finance,Buy,0.4310048812336498,0.43533248323571405,0.4338318454688901,0,8.560975609756103,-10.997800439912016,0.41637999999999986,0.44862499999999994,0.440011,nan,nan,0.024983200000000004,nan
KNYJF,Kone Oyj,58.02,USD,0.12079378774805916,346,0.18325300566707273,30064276653.98975,USD,Producer manufacturing,Buy,63.35304308116425,64.32137161783061,64.43653220804173,-3.422331713163322,-11.372489116321699,-17.35042735042735,59.58119999999995,64.0107,63.984521999999934,52.38752484,26.557554172628368,0.6451117296,8.774637703086663
HENOF,Henkel AG & Co. KGAA,73.31,USD,1.0614833195478302,136,0.5377619612495057,30005872077.01787,USD,Process industries,Buy,78.40589412741231,80.17334134720865,81.19512969944812,0,-1.425305902917846,-10.036937500766976,75.19567999999995,83.9947300000002,82.32472200000004,78.0100054800001,12.671806808184014,3.2060435999999997,16.76922631226696
SAABF,Saab AB,55.52,USD,0.6708975521305613,515,0.13303368464558793,29945122949.7305,USD,Electronic technology,Buy,59.747078778410106,61.87467908946276,62.68165551477538,5.752380952380958,-9.414260075053019,-9.811565951916826,54.60999999999997,58.09747500000002,63.983230000000006,61.10760000000001,44.040644056978444,0.35534832839999997,46.878278580648114
VWSYF,Vestas Wind Systems A/S,30.0563,USD,-2.2161854412362763,336,0.14389721627408994,29894501565.733723,USD,Producer manufacturing,Buy,29.446833644874257,28.683433960084553,27.58962001490749,-0.7059795176742627,-2.856173238526183,11.40173683566777,30.647959999999994,30.182200000000012,28.81027199999999,24.684152999999974,30.622871507016793,0.16884001350000002,60.349708354468056
SWSDF,Swiss Life Holding,1055.0,USD,-6.802120141342756,196,1.4904942965779469,29871111324.358677,USD,Finance,Buy,1091.041131032286,1087.1546073646975,1068.4774291754113,-2.9885057471264367,-3.6573672435048588,-10.318094493275991,1099.0518,1102.8190099999997,1009.5718660000003,731.0784525949998,19.187471403961084,nan,17.285370040511435
KUASF,KUAISHOU TECHNOLOGY,6.84,USD,-2.285714285714288,13767,1.9807208114524135,29849725334.36905,USD,Commercial services,Strong buy,6.90024581580139,7.362342072376314,7.801191579452495,-2.285714285714288,18.40465309513918,-37.81818181818182,6.389999999999996,7.342139999999995,8.72675,7.642435999999999,11.566951243768393,0.09459030366,20.8020264476354
NTRA,"Natera, Inc.",208.225,USD,2.226422504786684,429704,0.2731001002650006,29821022401.135918,USD,Health technology,Strong buy,200.19263071655485,201.7271673428163,202.6956014766662,9.592105263157892,0.39294151680246747,-9.052194802358592,201.08300000000017,202.37925000000007,201.4233000000002,201.569825,nan,-0.475171,-11.942436229709456
IMBBF,Imperial Brands PLC,38.604,USD,0,1424,0.3378250142342,29803710904.617283,USD,Consumer non-durables,Buy,38.98817188865268,39.71009862211756,40.385163825892896,3.2744783306580967,4.808757411872028,-10.398291709219208,38.00080000000004,38.10645000000001,39.40437400000003,41.55770949999998,13.733990352480138,2.81015254,-27.3536421830961
DASTF,Dassault Systemes SA,22.25,USD,-0.7369998929297918,303,0.0722857074695231,29765956932.98724,USD,Technology services,Buy,21.975314597095,22.215653548403463,23.209558269333066,-3.260869565217391,3.2482598607888598,-14.455978469819305,22.64168,22.23560000000001,21.06445200000001,27.930065499999902,20.781159023033684,0.3485643127,11.878404731864842
ATO,Atmos Energy Corporation,177.93,USD,0.2648484165445728,341531,0.23782868126252102,29700046533.220448,USD,Utilities,Buy,181.80385473648352,181.6394191038477,179.8974370439131,0.1125302425026822,-3.27788649706458,6.449297038588094,177.52799999999974,182.42500000000027,184.55320000000017,174.85480000000044,21.90285095277956,1.376804,13.394751535455054
HXGBF,Hexagon AB,11.05,USD,6.198942815953882,1040,0.5312627707396813,29662375685.67468,USD,Electronic technology,Buy,10.891887782006071,10.91604594376073,11.006903512898784,0,-0.45045045045044085,-8.37479270315091,10.83499999999999,10.687509999999993,11.27152599999996,10.86489399999995,12.979514965979812,0.07826928179999999,108.26227368941825
RJF,"Raymond James Financial, Inc.",151.71,USD,0.8575987235740065,308388,0.2680892525060888,29565703533.642006,USD,Finance,Buy,152.3431092903542,152.86385120375684,154.3153210793371,-1.3653208503998402,-2.4749292877346325,-5.3173563003182815,151.93599999999986,154.54199999999997,150.0800000000002,160.1985,14.343386593552047,2.918879,1.899843927628668
GBOOF,"Grupo Financiero Banorte, S.A.B. De C.V.",10.5,USD,-7.448215072719265,4896,0.28760750035246013,29538142031.1507,USD,Finance,Strong buy,11.053162243373045,11.061201241700767,10.91071563126159,-3.2258064516129004,-9.090909090909097,13.513513513513514,10.8445,11.117499999999996,11.155850000000008,10.333700999999994,8.878185598611484,0.32090115096000005,18.936103576627687
PGPHF,Partners Group Holding Zug Namen-Akt,1135.04,USD,1.7760414191473906,11,0.39568345323741005,29402116530.85049,USD,Finance,Buy,1132.0626750514127,1139.1698990481523,1159.1492973333775,-0.874630476265341,-5.65666052971711,-8.61375576176004,1136.5375999999999,1130.3844000000001,1095.7309240000006,1244.6086305000008,18.572903293069185,29.2751815,28.84155422349061
NRG,"NRG Energy, Inc.",139.17,USD,1.643295354951797,673797,0.22877538618496096,29362986004.929012,USD,Utilities,Strong buy,145.99888126684786,149.856553948179,152.73144727372315,9.272927135678383,-8.314118189604061,-13.86929075380618,131.856,142.16549999999995,150.26739999999995,158.20105,162.4299719887955,1.849012,-86.50623661332997
MTSI,"MACOM Technology Solutions Holdings, Inc.",383.48,USD,0.7964252858457168,436920,0.29129101080020825,29257905259.808125,USD,Electronic technology,Strong buy,320.6713757129546,293.4561288008552,264.60995645576236,0.5901948954699263,32.481171837214134,119.40725483464928,370.97399999999993,335.707,281.42020000000014,198.83625000000004,166.26777662157477,1.345613,nan
NSKFF,Kongsberg Gruppen ASA,33.23,USD,-6.352158719422851,300,0.06407928743832368,29228840350.4677,USD,Producer manufacturing,Buy,35.45816460069878,36.08395908042535,35.64074289665386,0.7274931797514244,-16.58089619681186,24.22429906542055,32.90560000000001,35.36439,39.405456,32.68037180000001,38.48315308270871,0.17545070291999998,27.22572898472313
BTGOF,BT Group Plc,3.0,USD,7.1428571428571495,6733,0.6692377269971274,29222372158.086563,USD,Communications,Buy,2.9557367463871635,2.8887849542055486,2.806726538508113,-3.2258064516129057,2.040816326530614,27.8772378516624,3.0160000000000013,2.9971075000000007,2.8774129999999984,2.6437747499999995,nan,nan,nan
GEHC,GE HealthCare Technologies Inc.,64.17,USD,-0.2487175501321259,1174744,0.2392153541548717,29190406653.38054,USD,Health technology,Strong buy,66.3034717388384,68.85959373803111,71.39507101050175,5.213969503197244,-11.926983255558602,-22.2935335432308,63.170000000000144,62.70399999999997,68.07700000000004,75.54830000000004,15.362332718871944,1.032222,-12.171993271656852
IBIDF,Ibiden Co. Ltd.,103.8552,USD,7.1655436431364805,538,0.42671319796954316,29128160310.864475,USD,Electronic technology,Strong buy,84.45453616986342,74.49763814072847,63.56405840394793,3.64790419161676,73.26526526526526,122.50712372790572,101.21924,84.29606000000001,61.374316,27.868780225000023,77.03204085906336,0.320919322944,77.90289637092738
CRCL,"Circle Internet Group, Inc.",117.1,USD,1.9324512534818932,6158244,0.32861107828065395,29108252926.055885,USD,Technology services,Buy,106.761154900958,102.46389976189813,101.02748737333873,4.460303300624443,17.158579289644813,44.85403265710043,113.20400000000002,112.21249999999993,107.56420000000001,103.87075,nan,0.183643,-301.4786242365799
WOLWF,Woolworths Group Limited,23.914,USD,5.487428319364797,150,0.23209036051369336,29091364900.865,USD,Retail trade,Buy,23.05373919923044,22.137983596541353,21.23220221406554,0,5.487428319364798,20.777777777777782,24.006800000000023,20.910949999999993,19.907527999999946,21.283575000000024,73.72894530904057,0.40702172782999996,-60.61080629119613
CPNG,"Coupang, Inc.",16.17,USD,2.797202797202805,6178383,0.2756779915137849,29026187600.01399,USD,Retail trade,Strong buy,18.09026521254918,18.81504350869258,19.990266514932873,0.43478260869565394,-21.80851063829786,-31.77215189873417,15.696000000000003,17.7,18.932199999999995,24.31767500000001,nan,-0.047134,-166.3774403470716
AJINF,"Ajinomoto Co., Inc.",30.94,USD,-7.448399641040976,3618,2.0862645600276783,28955558934.32711,USD,Consumer non-durables,Strong buy,30.360190185687593,29.328110386134483,28.081330718934215,-6.242424242424239,6.013363028953238,34.52173913043479,33.211999999999996,31.881719999999994,27.958898000000005,17.414910794999997,35.507925954598086,0.22797144000000003,88.61698260298954
CNC,Centene Corporation,58.505,USD,1.272286653972649,740070,0.15293400310988725,28889593542.725204,USD,Health services,Buy,50.23650392862205,47.069319453583034,44.66471086830773,0.6797453106177992,48.60299720599443,42.07139388052453,58.386999999999965,55.51425000000002,43.8175,39.00062499999998,nan,1.075354,-295.7045441010065
ZS,"Zscaler, Inc.",179.5014,USD,4.965440617507748,1736370,0.4920788642269913,28862156705.867584,USD,Technology services,Strong buy,154.94825522918515,158.3416553411051,171.62939732028644,9.88087659157687,30.650993522090406,-20.826834862385322,174.98027999999996,151.99157000000005,144.29662799999988,224.06460699999985,nan,1.008727,-313.45595353339786
SVNLF,Svenska Handelsbanken AB PUBL,14.396,USD,3.9197285786472325,180,0.1864705272972133,28853241855.32958,USD,Finance,Buy,14.172478883626564,14.27256976454968,14.304563718785966,3.9197285786472325,-1.5994531784005466,-1.0176017601760154,13.9138,13.786505,14.936291999999995,13.530318439999997,11.401870242534793,0.2934429368,-7.2011857317069055
PBA,Pembina Pipeline Corp.,49.62,USD,0.6082725060827193,169201,0.15632573137743774,28840684152.506916,USD,Industrial services,Buy,46.499460901622754,45.42067162421995,44.130537049138,2.1407986825854244,16.396903589021804,30.37309511297949,49.44600000000001,46.95899999999999,45.29639999999999,40.90639999999999,25.882250332662025,0.5213747710000001,-9.903483677891423
VEOEF,Veolia Environnement,39.26,USD,-2.532274081429998,207,0.20987529149346043,28734755393.3625,USD,Utilities,Strong buy,40.32966473437934,39.81099621610185,38.932898522304015,-0.025464731347097314,-4.243902439024395,8.035222894881656,40.257999999999996,40.31807499999998,38.14378200000003,33.77160949999998,20.105079757542732,nan,27.298196472851348
TDY,Teledyne Technologies Incorporated,619.55,USD,2.047371195150868,114124,0.4451694642862716,28703215912.536068,USD,Electronic technology,Strong buy,626.7438056003751,624.2926580254149,614.067521710932,0.21837593011968764,-6.835987428760475,20.769980506822606,612.9860000000002,630.0319999999995,632.1383999999995,581.4804999999999,31.35422096489319,5.784436,12.958400265250475
FICO,Fair Isaac Corporation,1237.66,USD,0.7784382379285215,123015,0.35983681196548445,28702456798.9703,USD,Commercial services,Buy,1130.1225660385574,1170.6457025361071,1252.159116770902,13.109914915783992,17.471857856071694,-26.8102872213976,1212.7920000000004,1102.908999999999,1078.3054000000006,1445.8780999999997,39.21622058371541,11.668289,35.934444588017406
P,"Everpure, Inc.",86.32,USD,9.26582278481012,2844901,0.7983115838003502,28671411386.32607,USD,Electronic technology,Strong buy,75.26587618996876,72.81675507351761,71.73551774167413,7.0834884009428025,22.980481550078352,26.143504310974695,79.26999999999998,77.53650000000002,69.35919999999999,74.55444999999997,158.44346549192363,0.396839,78.09741745668516
FTS,Fortis Inc.,56.46,USD,0.4090343233149636,132430,0.22394301366453156,28647802977.564972,USD,Utilities,Buy,56.18164067101603,55.968843743354796,55.28713671450469,2.6363636363636416,0.5879208979155501,8.41013824884793,55.90199999999997,56.27749999999984,56.44419999999997,53.076249999999966,23.15216779258291,0.564060289,6.121637237345439
BIIB,Biogen Inc.,193.405,USD,2.0768459386710307,283514,0.2175568368905381,28553756503.152214,USD,Health technology,Buy,188.10124999299904,185.90248507761808,182.20655673458538,1.1267973856209157,2.1658170676949866,10.283971032673772,190.6290000000002,191.29624999999996,185.7133999999995,169.21414999999976,20.75584078299224,3.181257,-7.97665369649806
TWLO,Twilio Inc.,187.9,USD,2.509547190398251,574936,0.21920140499721985,28518309660.452263,USD,Technology services,Strong buy,170.03652858831632,157.87567697158588,147.1203706077359,-4.61928934010152,23.529025047662866,31.53657682884145,190.83199999999988,183.3485,151.492,126.66294999999998,291.45338917325887,1.322482,nan
SAXPF,Sampo OYJ,10.72,USD,8.12991728868268,2100,0.6484283332304083,28468833976.42087,USD,Finance,Buy,10.46076175829978,10.575103588820012,10.666771589894438,0,-1.2127243908732246,-4.0715883668903805,10.142800000000024,10.691032299999984,10.588130920000028,10.926091147500015,14.893118741460336,0.18782188251,60.55444627508684
ICTEF,"International Container Terminal Services, Inc.",14.09,USD,8.488931665062553,10292,6.015898994622399,28456906683.34813,USD,Transportation,Strong buy,12.905965306226447,12.498877448693301,11.942794512214533,1.8063583815028903,27.396021699819162,43.48268839103869,13.285500000000003,12.78887499999999,12.271269999999998,10.291796499999998,27.611776586934834,0.133728,19.539171170174356
STLA,Stellantis N.V.,7.545,USD,-0.19841269841269418,15677787,0.8416935781327338,28398579972.797684,USD,Consumer durables,Buy,7.633781939059617,7.803756018712531,8.169624863381793,0.5329780146568959,-13.573883161512033,-33.230088495575224,7.479000000000001,7.515250000000011,7.477700000000026,9.243575000000003,nan,0.26013326662,-239.01536807298166
MTRJF,MTR Corporation Ltd.,4.55,USD,3.1746031746031673,300,0.060500947848182954,28322945358.850822,USD,Transportation,Buy,3.7354456375662917,3.620201719829406,3.563036686874391,3.1746031746031673,22.972972972972965,3.1746031746031673,3.9520000000000004,3.5762899999999958,3.416436000000001,4.7797692000000005,15.02230293634055,0.17865399999999998,-7.152816605925228
KHC,The Kraft Heinz Company,23.88,USD,1.444350042480883,3971265,0.29771951870805036,28316369900.569244,USD,Consumer non-durables,Buy,23.15095531386762,23.207933452041456,23.508446144313698,4.006968641114975,8.397639582387642,-1.6879374228077404,23.51600000000006,23.060500000000037,22.599,24.471749999999993,nan,0.527474,-320.42971760119667
DOV,Dover Corporation,210.0,USD,1.0733022091736004,133978,0.19268277740017897,28278896150.839867,USD,Producer manufacturing,Strong buy,215.2007436326739,214.19428917534069,210.79525460077193,-0.45034368333727837,-5.226103438938538,7.592991085152163,209.426,218.03100000000003,215.3302000000002,196.98254999999972,26.163007998405302,2.721553,-51.647279233257635
VRSN,"VeriSign, Inc.",310.28,USD,1.421893897296756,284636,0.38075913983931753,28235479323.515965,USD,Technology services,Buy,281.54931781878634,271.5527903478452,264.039507185549,4.152260749890889,14.63829158353652,27.645219680763518,305.4300000000001,286.4717499999997,269.7156999999999,257.22277499999984,34.31048400473278,2.443413,10.549735339779707
IQV,"IQVIA Holdings, Inc.",169.085,USD,0.6338531127246743,887310,0.5644415380524601,28220286186.022373,USD,Health technology,Strong buy,170.2165509814912,174.0078986661814,179.9631152898015,-0.062060405461309635,-5.184209050636463,-24.987800008872718,170.91899999999995,169.10924999999992,169.37369999999999,196.10012499999996,20.959045045491735,3.038006,9.947529812606458
REPYF,Repsol S.A.,25.725,USD,-1.700420328620559,548,0.791907514450867,28156043151.972477,USD,Energy minerals,Buy,25.468157007625184,24.74001292783624,23.464252788574303,-1.700420328620559,3.52112676056338,33.70582120582122,26.051000000000005,26.231739999999995,23.45394,16.38612200000001,10.025934155005398,1.43156235595,139.59191662570169
SKFOF,Sika Finanz Ag,175.198,USD,-1.747479165965648,52,0.20875150541951024,28111656794.314507,USD,Process industries,Buy,179.9074974656165,181.8643959014901,186.49991448939565,-0.02282609936200598,-12.16736519140914,-14.666601724221906,180.55939999999987,174.51770000000005,184.92859799999985,220.25254149999984,21.358097436021342,4.2193879999999995,-3.9856033126807584
DXCM,"DexCom, Inc.",72.825,USD,1.2865090403337929,2353446,0.2898150449932942,28101198567.241997,USD,Health technology,Strong buy,64.97385761094489,65.19359968298258,65.97932807065199,17.858876840912774,15.30240658644713,9.297613687528152,69.64099999999999,62.36425000000001,63.4723,67.95747500000002,31.147085240152265,0.607354,75.51985586667665
FTI,TechnipFMC plc,70.42,USD,-1.3863604537179597,1689039,0.517033962500261,28076589540.50301,USD,Industrial services,Strong buy,70.72336787301646,68.52838124379089,64.40645862036617,-1.1926476778448074,-3.547459252157243,58.211637834194576,72.28399999999996,73.31999999999994,71.42660000000001,52.49015,26.941617568291377,0.791932,37.96780153074689
OTIS,Otis Worldwide Corporation,73.13,USD,2.0940946530783195,1491676,0.4016334090705991,28061154717.612595,USD,Industrial services,Buy,76.32555848954918,78.67380484091605,81.3128724856704,2.78285312719605,-7.8270733551802465,-16.154551708323783,71.61999999999985,74.5207499999999,77.51790000000008,86.30132500000005,19.386050950348594,1.012442,-1.0674009965906157
TPR,"Tapestry, Inc.",138.77,USD,-0.24441089785062425,420813,0.15741582375927676,28037746404.704693,USD,Retail trade,Strong buy,139.63309219378664,140.01595194120605,137.37772034786087,5.96365302382407,-8.426818001847685,7.3904968271165545,135.29400000000007,137.37250000000006,142.31340000000006,126.33439999999999,44.583306560431794,1.245968,-18.09809493737501
CNP,"CenterPoint Energy, Inc (Holding Co)",42.71,USD,0.565104779844601,1236703,0.2642342700868089,27939579918.2211,USD,Utilities,Buy,42.449138139253165,42.28546004122406,41.777555683878546,2.225945428434657,0.352443609022553,11.42708061570572,42.32799999999995,42.562749999999866,42.81050000000005,40.23082500000002,26.154317207593387,0.368894,9.788893370982919
RDDT,"Reddit, Inc.",144.455,USD,-3.7223407091442144,4629210,0.9955915725372769,27808891436.478607,USD,Technology services,Strong buy,152.41278476216212,155.2766515392622,162.09431487682505,-7.990445859872604,-10.469079191969254,-37.77026444999569,151.04699999999997,156.61525000000003,149.05990000000017,192.60302499999986,40.960387898034995,0.942871,445.5909653465347
IPXHF,Inpex Corp.,23.2125,USD,-7.464620291010574,29,0.030233527939949958,27794813197.35557,USD,Energy minerals,Buy,24.177170770872834,22.697365231095713,20.74587691253998,-7.464620291010574,-6.212121212121218,22.17105263157894,25.140499999999996,21.864125,17.047322,13.450421499999955,11.54731477903409,0.5728368,-14.72073477976802
ARES,Ares Management Corporation,125.005,USD,0.8186144043874511,663451,0.29809247165441183,27754663054.64977,USD,Finance,Strong buy,119.89667043655744,121.14118528576995,126.50456816685255,2.245215115327982,2.8763064768331743,-23.15896238013278,123.18300000000004,121.39775000000012,113.83950000000003,146.00929999999994,57.8700060182399,1.324374,24.846838515778522
NVZMF,NOVONESIS A S,59.6,USD,6.542724347515201,4279,3.820535714285714,27749470801.30133,USD,Process industries,Strong buy,59.59018697938714,59.601874269655724,59.98890460873365,4.232249038125222,0.7062958331925234,-3.6378334680679063,59.07800000000002,60.178005000000006,58.39576200000001,63.283733500000054,40.57304773556579,0.7640385230100001,37.98639874940684
ALPMF,"Astellas Pharma, Inc.",15.4,USD,5.949330076882068,10248,2.960822836010632,27731675952.151714,USD,Health technology,Buy,15.653959790025347,15.584937082366281,15.14412767472285,-1.5974440894568689,-9.144542772861351,16.88804554079696,14.937050000000005,14.844512500000004,15.542854999999998,12.247077749999999,15.07313171671302,0.29308368,445.72180091815505
IR,Ingersoll Rand Inc.,70.85,USD,0.8110415480933312,1628807,0.45457534199474997,27726215555.350735,USD,Producer manufacturing,Buy,77.1013379811043,79.46068937200644,81.08665126163704,0.45370764213808756,-17.395359682872805,-11.248903920831774,70.00200000000004,74.76349999999982,79.66460000000033,81.9542,47.74902277935031,0.823747,-26.64623294443346
LDSVF,Lindt & Sprungli AG,11654.43,USD,-1.6503797468354404,2,0.9090909090909091,27691717985.835598,USD,Consumer non-durables,Buy,12519.718635402272,13030.804076859944,13517.797198385064,-1.6503797468354404,-7.504523809523807,-18.324716303793654,11760.885999999999,12646.248699999996,13771.884095999996,13405.831371499999,29.35542283653262,98.26598799999998,24.430144763614557
TPL,Texas Pacific Land Corporation,401.06,USD,1.0277595848657322,74772,0.21717296403976813,27662884164.965183,USD,Miscellaneous,Buy,418.27078567075864,422.07130378251986,413.7673026072819,4.475356882359073,-10.078249366606128,40.23076923076923,396.3500000000003,410.3185000000003,444.9712,363.86812019749993,54.9675863108699,2.260908,9.453803573303722
AMRZ,Amrize Ltd,50.04,USD,-0.8912655971479557,1235469,0.4937464474241554,27658908453.868088,USD,Non-energy minerals,Strong buy,53.087616500797914,54.064753581976014,54.44529330871944,2.2058823529411726,-12.394957983193274,-8.53591665143484,49.69199999999999,52.43549999999999,54.66240000000004,53.636100000000006,23.940292794947855,0.975734,-6.147007318934949
ARES/PB,Ares Management Corporation 6.75% Series B Mandatory Convertible Preferred Stock,41.325,USD,0.571915307860792,3564,0.024133555257309473,27529304205.0,USD,Finance,,39.88954483892831,40.15221492896481,41.52394291513909,0.2304147465437933,2.9008964143426454,-17.842942345924442,40.79499999999998,40.377750000000006,38.093900000000005,46.542083000000005,19.13105874728022,1.324374,24.846838515778522
NTAP,"NetApp, Inc.",139.12,USD,12.24333373673808,3510346,1.3511624548425198,27452607102.259876,USD,Electronic technology,Buy,116.94560804165573,112.71007478681626,110.23078426029102,16.025186606063137,23.77224199288256,29.233627496516487,124.64500000000001,116.58324999999984,108.16890000000004,109.97562499999982,23.271218761500116,2.269199,10.629556978422587
FSLR,"First Solar, Inc.",255.47,USD,2.647862423657989,952147,0.3811457570175434,27451110804.26254,USD,Electronic technology,Strong buy,221.61252064488966,218.2721027422685,218.47306988255454,8.909920279660659,34.91946131502509,-3.9080719175505956,239.512,221.96600000000004,205.60120000000018,225.551425,16.50472264933521,3.201337,31.587180141120463
PPL,PPL Corporation,36.435,USD,0.7326513685374635,2547283,0.34077564227065305,27411885539.6587,USD,Utilities,Strong buy,36.94834290013758,37.14015121875223,37.07184374831733,3.449744463373093,-5.412772585669784,4.100000000000007,35.645000000000024,36.668250000000015,37.71729999999999,36.674799999999976,22.403615569083197,0.365847,21.429104756215946
EIX,Edison International,71.21,USD,1.2656427758816846,634422,0.23036260481834028,27401176726.84258,USD,Utilities,Buy,70.2932436001809,69.7585558633692,68.20962346183153,2.622856319354364,0.6928733031674136,17.955938379990055,70.07799999999993,69.537,70.96740000000003,62.50714999999993,7.726611835680648,1.182043,30.755916236308956
TTNDF,Techtronic Industries Ltd.,14.95,USD,-14.326647564469916,7073,3.4981947672980858,27307804681.355553,USD,Consumer durables,Strong buy,15.323180432144113,14.98633005408861,14.489521104676443,0,4.912280701754381,31.25548726953467,15.7636,15.1446,14.269454000000001,12.49371299999999,22.824263912832354,0.383333,6.806466426099157
SGGKF,Singapore Technologies Engineering Ltd.,8.75,USD,7.652559055118109,250473,9.358998311088525,27266996532.628265,USD,Electronic technology,Buy,8.533456788161626,8.383135610148289,8.06820488165751,0,-1.5748031496063055,32.575757575757585,8.563799999999999,8.528399999999992,7.550191999999998,4.486661635000001,76.53544089487161,nan,-30.11936284397501
HRSHF,HAIER SMART HOME CO LTD.,2.6125,USD,0.48076923076922046,53030,3.6506701729989466,27236603707.048058,USD,Consumer durables,Strong buy,2.693394032062274,2.789141998281614,2.8978255954849135,4.499999999999993,6.471858825447277,-22.073079791200605,2.625,2.6683749999999984,2.8868499999999977,3.0913705000000027,9.263951517190407,0.09286447681,-2.2849162378771495
GELYF,Geely Automobile Holdings Ltd.,2.50395,USD,0.01797483523068838,16069,0.21299524144055776,27161051373.32496,USD,Consumer durables,Strong buy,2.765929124110014,2.700546376042743,2.6008646910931974,-7.261111111111113,-18.702922077922075,11.783482142857137,2.5668899999999986,2.8021549999999973,2.821942000000001,2.4193515000000003,12.340018676872935,nan,-28.896341388417373
CW,Curtiss-Wright Corporation,733.985,USD,0.9774653312788931,74350,0.29301993796726533,27114261852.65105,USD,Electronic technology,Strong buy,715.1773794387661,701.433923161033,676.9038898007273,2.6337132070195115,0.5844707559063732,32.34493328525063,720.5610000000004,723.9187499999997,710.4291000000003,609.3317750000001,53.759979491686806,3.574374,21.446361857320756
AONNF,Aeon Co. Ltd.,9.749,USD,3.7127659574468104,20351,2.3091499114963914,27030228300.051224,USD,Retail trade,Buy,12.711750602670886,12.312760987359372,11.410325638717271,5.394594594594601,-18.75833333333333,-32.95048143053644,12.103800000000001,11.2634599635,9.175602582,nan,56.28743033285868,0.018172320000000002,133.2434240760977
BAP,Credicorp Ltd.,337.74,USD,-1.8197674418604624,96831,0.2083375019767438,26861507949.074654,USD,Finance,Strong buy,329.2352505291108,327.8022021014606,321.1023904662467,11.801118871859392,0.12747917346061688,16.96623376623377,326.93200000000024,323.22604999999993,330.19602,297.3539050000003,12.976075672643587,7.316351752319999,34.10360248959235
ANPDF,Anta Sports Products Ltd.,9.675,USD,-3.2499999999999933,114,0.07999438635885202,26856838641.333553,USD,Consumer non-durables,Strong buy,10.113570306845816,10.226190902296587,10.366776492571999,1.3386123680241386,-3.249999999999993,-3.249999999999993,10.059000000000015,10.339025000000003,10.507893999999997,10.439914999999983,14.467013683596857,0.3674,-11.406029941745045
HMRZF,Hennes & Mauritz AB,16.8,USD,-0.2967359050445146,252,0.3125775241875465,26842588188.95355,USD,Retail trade,Buy,18.493389213297682,18.312925926314513,17.751871294065708,0,-13.402061855670093,-15.15151515151515,18.444399999999995,18.486030000000007,16.169296000000006,14.817557750000008,19.85231015661204,0.3023317778,33.84204487133358
DUAVF,DASSAULT AVIATION,346.68,USD,7.915953307392998,80,0.1701041888156496,26833939750.063637,USD,Electronic technology,Buy,351.49780179423163,356.8562589258727,357.721408810951,11.140319943577085,-1.5113636363636345,7.331269349845204,325.3208999999998,345.5054500000001,368.77130000000034,345.9589589999998,23.575305754607765,6.8418829,20.64036367599505
CFG,"Citizens Financial Group, Inc.",63.28,USD,0.796431984708506,703605,0.2072050844868605,26759967851.63683,USD,Finance,Strong buy,62.557872157660036,62.01712388807096,60.861569382063,3.652743652743659,-3.902809415337879,8.244953814574068,62.276000000000025,63.154499999999985,61.98660000000004,57.3771,14.985672673881641,1.234862,34.463762578015526
FE,FirstEnergy Corp.,46.21,USD,1.5604395604395624,1384364,0.36073995515440677,26729306370.50308,USD,Utilities,Buy,47.01267749969289,47.57384649468182,47.58464671801542,4.240920369952634,-5.558961782137746,3.009362460989749,45.30800000000004,45.9191,48.555240000000005,46.66710999999993,25.112765610564644,0.587259,-2.111926800723473
NVT,nVent Electric plc,164.8961,USD,0.8107232377575331,477565,0.2735458249758081,26667074171.265648,USD,Electronic technology,Strong buy,151.5174269686215,141.92800995050692,131.84433222583888,-3.8562766019474095,18.374802584350306,60.34237650719563,161.8492200000001,161.48630500000007,139.82012200000017,112.76793050000002,55.453356201237554,1.154248,-15.083671254783255
CFG/PE,"Citizens Financial Group, Inc. Depositary Shares Each Representing 1/40th Interest in a Share of 5.000% Fixed-Rate Non-Cumulative Perpetual Preferred Stock, Ser",18.5,USD,0,41733,1.2298647334453188,26548526892.0,USD,Finance,,19.021944553271247,19.142071269738228,19.27801854584149,-2.580305423907312,-3.1920460491889036,-3.495044340114771,18.639000000000063,19.07149999999999,19.069367999999937,19.722275999999987,4.38108319321761,1.234862,34.463762578015526
CFG/PI,"Citizens Financial Group, Inc. Depositary Shares, Each Representing a 1/40th Interest in a Share of 6.500% Fixed-Rate Reset Non-Cumulative Perpetual Preferred S",25.44,USD,-0.1961553550411815,3868,0.19124278142552015,26548526892.0,USD,Finance,,25.29537979325659,25.280748420907617,25.286649294236575,-0.5473025801407233,0.6727344677483249,0.15748031496064055,25.482999999999997,25.31125,25.176150000000035,25.3450835,6.024581428943567,1.234862,34.463762578015526
CFG/PH,"Citizens Financial Group, Inc. Depositary Shares Each Representing a 1/40th Interest in a Share of 7.375% Fixed-Rate Non-Cumulative Perpetual Preferred Stock, S",25.8646,USD,-0.059505409582687935,11419,0.43519520709788556,26548526892.0,USD,Finance,,25.96118928642002,26.00162020597608,26.082793120951074,-1.2047364400305591,-0.5207692307692332,-2.3240181268882214,25.89292000000001,26.016735000000022,25.90559399999997,26.367571500000004,6.125133208610605,1.234862,34.463762578015526
BRDCF,Bridgestone Corp.,21.0,USD,3.0042918454935656,105571,7.112894314858983,26504676269.533813,USD,Consumer durables,Buy,21.43475148178475,21.683375813548892,21.879336368433577,7.913669064748197,5.474635861376192,-10.102739726027394,21.738499999999988,21.22337499999997,21.101150000000004,20.498385249999984,12.699769802533254,0.40045128,24.051115531193183
WNGRF,Weston George Ltd. (Canada),70.21,USD,1.4854427581051717,279,0.19476439790575997,26385258321.639366,USD,Retail trade,Buy,70.34355510849991,70.28911074530964,69.68321261607305,1.4854427581051717,0.5873925501432616,2.646198830409339,69.7924672,70.55849679999996,70.91095672000002,59.238448119,34.003126443395416,0.861894,1.9533381611682405
RYAOF,Ryanair Holdings Plc,25.3,USD,-1.3549078857588466,10890,4.9358654761365175,26350196041.960785,USD,Transportation,Strong buy,27.7316668385655,25.84184453055928,23.58499794059359,0,-29.181245626312105,-27.79989441091277,31.9428,22.472199999999994,18.851922000000005,nan,10.817976011299823,0.77049358978,51.54293064963608
ES,Eversource Energy (D/B/A),70.045,USD,0.5960074680453917,738472,0.3509850744651267,26342523757.93573,USD,Utilities,Buy,69.03867320466586,69.32242835968168,69.40004083439634,4.5135780364070515,3.7857460364498547,3.326449328809552,69.12299999999998,68.70074999999999,69.00809999999998,69.22437499999992,14.98320819696678,0.944755,101.83490199464642
MTSFF,"Mitsui Fudosan Co., Ltd.",9.575,USD,-7.932692307692317,181,0.046757943683802636,26306648608.398434,USD,Finance,Strong buy,10.658696172936365,10.869115724386022,10.932737880980941,0,-14.317673378076075,-19.7737746124843,10.600000000000001,11.31235,11.001439999999981,9.410480670249976,15.053725521650248,0.194442585264,6.941394755002175
XYL,Xylem Inc.,110.53,USD,1.6835326586936508,513823,0.29064560144146523,26272261452.750504,USD,Producer manufacturing,Strong buy,115.87070280997982,119.43903490221344,123.64136242987303,2.1062355658198624,-8.251016850668215,-18.90087313816127,108.41800000000003,113.08700000000003,118.65780000000014,134.88094999999998,27.46018732453852,1.337197,8.283116324114927
VEEV,Veeva Systems Inc.,160.4,USD,1.3458014784861283,894775,0.44901696009734526,26177072179.286026,USD,Technology services,Strong buy,166.2362816765234,173.15829663889633,185.66927783811886,1.5125624960445636,-4.807121661721065,-28.203750951166015,162.1579999999997,162.4230000000005,168.1016,228.3176500000001,29.61157879190666,2.135394,25.105085685251066
MDB,"MongoDB, Inc.",324.98,USD,2.3559055118110295,564493,0.3367942328179711,26160870164.44907,USD,Technology services,Strong buy,291.30575211833417,293.41039171740084,301.1208625892984,4.1903113077490275,21.3653508608134,-23.081656804733722,327.2599999999995,292.1270000000003,268.49699999999996,322.38359999999994,nan,1.187003,50.323913771920026
CINF,Cincinnati Financial Corporation,168.34,USD,-0.017817901051256836,88534,0.14383921409791317,26039964562.02269,USD,Finance,Buy,164.27013856022987,163.53661899294013,162.70334994326504,1.1537074870808894,1.3180860668071006,3.0737203036982677,168.14799999999997,164.3110000000001,162.66010000000017,160.9692999999999,9.625754066958288,1.753008,90.77878017650458
FTAI,FTAI Aviation Ltd.,253.63,USD,2.9091941897265223,509569,0.45956091405877464,26018119304.5239,USD,Electronic technology,Strong buy,249.29739626255187,247.75382155672708,240.35473809389322,6.652369538707369,6.5672268907563005,28.076554057466037,238.804,248.29900000000015,246.21529999999998,211.38647499999988,50.44150988425282,1.681286,2363.5962763351295
MGDDF,CIE GENERALE DES ETABLISSEMENTS MICHELIN SA CLERMONT-FERRAND,37.8375,USD,0.3048578434621301,226,0.07333138648236477,26016967716.391827,USD,Consumer durables,Buy,37.31345418265781,37.15936184534951,36.95568052319533,-1.9436345966958213,-0.07262643602272127,6.352329421685048,37.75149999999998,37.8,37.303352000000004,36.02776850000001,13.822268946867348,1.49266885,0.7351722615206722
SNMRF,Snam S.p.A.,7.75,USD,3.554249064671299,281,0.07950430058850158,25976035639.149467,USD,Utilities,Buy,7.19237272842531,6.781715620664699,6.324224482296528,0,5.131787783007994,17.069486404833835,7.8180000000000005,6.378055000000006,5.3942359999999985,5.3925365,17.45172280941815,nan,14.332029492695831
ALMMF,Aluminum Corporation of China Ltd.,1.33,USD,-6.007067137809185,2731,0.9795201032961516,25939352314.06221,USD,Distribution services,Strong buy,1.4899752597340339,1.515156493266307,1.5026121345414307,-1.4814814814814827,-5.6737588652482165,-15.822784810126581,1.390999999999999,1.5190649999999997,1.5822220000000002,1.2142277450000003,12.933688202618965,0.10875040000000001,2.190717551498712
DOW,Dow Inc.,35.955,USD,0.12531328320802482,2980601,0.3246942073553203,25914258907.34085,USD,Process industries,Buy,37.38139885679943,36.34689062144239,34.477292106013735,-6.537561736417989,-6.610389610389615,52.67515923566878,36.887000000000015,38.474500000000006,38.67459999999992,28.69177499999998,nan,1.175832,-1097.6005998500375
FOXA,Fox Corporation,64.09,USD,-0.2645502645502672,411738,0.12772511847606138,25777801380.01852,USD,Consumer services,Buy,63.06174183878846,62.85134398221722,62.89970797782634,-0.8662026295437003,-0.6818534015186699,-12.36154792834677,64.58000000000001,64.13199999999986,61.99879999999999,63.34904999999996,16.91519966217108,1.396198,-5.790939380376943
KHNGF,Kuehne & Nagel International AG,217.0072,USD,-4.413904892788547,19,0.5523255813953488,25765420319.142685,USD,Transportation,Buy,227.7431726704403,227.1356707617385,224.97694306299124,-0.4554128440366919,-7.317331511061748,1.7427915045243658,225.5910400000001,227.22415499999994,223.03433200000018,238.4858174999999,24.44341831250088,2.7770893423999996,-22.151104654245632
STZ,"Constellation Brands, Inc.",149.5175,USD,-0.8701849764635682,426257,0.2175495862006876,25746297364.582516,USD,Consumer non-durables,Buy,150.91798523430273,151.51926539324955,151.50793830364955,3.615731115731116,-5.001906093144402,8.032875722543357,149.11549999999977,148.6478750000004,152.76595000000006,148.08038750000017,15.591630516392758,3.275606,nan
AIVAF,Aviva Plc,8.58,USD,0.775193798449621,327,0.4185867895545314,25735256385.26837,USD,Finance,Buy,8.483607140810339,8.494576015410752,8.490714974025984,0,-1.0517575422086978,-1.8306636155606424,8.472799999999987,8.413275000000004,8.635269999999997,6.7040126399999975,24.024009225219544,0.41401607,22.463735987834752
ROL,"Rollins, Inc.",53.44,USD,0.7921539041870891,635194,0.22456931744636535,25729417868.239902,USD,Commercial services,Strong buy,54.49010840605339,55.327039668571,56.24669611724345,-0.2985074626865741,-2.4105186267348437,-10.56066945606695,53.61600000000011,54.09099999999999,54.251600000000046,57.863749999999854,48.8259479214253,0.338134,11.094194072269596
AVB,"AvalonBay Communities, Inc.",184.6,USD,0.26614523925912803,383579,0.38624563989785476,25680086461.893433,USD,Finance,Buy,178.68975568983157,177.21155157076646,177.44801934026287,1.8370386715948497,6.8596237337192445,2.0002210188971183,185.15200000000044,184.17449999999948,174.34599999999887,180.7492000000006,22.912606898606132,1.263645,0.3237575802856513
FOX,Fox Corporation,57.22,USD,-0.7114350164844763,184909,0.2094271613467697,25662298753.76401,USD,Consumer services,Buy,56.567850501960216,56.47920271782597,56.601540385230365,-1.7007387046899192,-0.6769658045478225,-11.901462663587381,57.862000000000066,57.57349999999999,55.740299999999976,57.04902500000003,15.102008498508802,1.396507,-5.790939380376943
HRNNF,Hydro One Ltd,42.776,USD,-0.1959869342043772,140918,1.658787744666425,25656265514.606808,USD,Utilities,Buy,42.43759221855517,42.113029071475665,41.43373005856393,1.437040550154142,0.6257351211479778,7.423405323957818,42.485200000000006,42.7273,42.58102999999995,38.806944500000036,26.045244759724888,0.4009845755,16.242273971710603
NWWCF,New China Life Ins Co. Ltd.,6.415,USD,1.667247773305017,1638,0.8236122284794851,25611253436.465385,USD,Finance,Buy,6.7482290868701975,6.754751004127729,6.560869770613988,1.744647105471853,5.509868421052632,-11.517241379310345,6.27402,6.676054999999989,6.574201999999998,5.0006045000000015,3.952145035065649,0.543752,38.359921537182984
YZCHF,YANKUANG ENERGY GROUP CO LTD.,1.7925,USD,-6.640624999999997,3000,2.3183925811437405,25590985099.203617,USD,Energy minerals,Strong buy,1.722341952783004,1.611332134527273,1.5424422887194158,0,-1.3755158184319072,48.1404958677686,1.8524799999999992,1.5306449999999998,1.4978140000000004,1.5813805599999995,15.233362363830311,0.0837672,-48.97132005195612
EXPE,"Expedia Group, Inc.",212.62,USD,-2.521547771868696,554562,0.3375503438550428,25518997699.8709,USD,Consumer services,Buy,230.60310720230262,234.25938570647466,236.4214195081742,-1.3547369397791535,-22.635811228759593,-24.874567168397988,215.66400000000007,231.82299999999995,237.19240000000002,238.67287500000003,18.726604955125552,5.152799,33.764137606032044
AMADF,Amadeus IT Group SA,58.486,USD,-4.550053856448092,1561,0.2318431605525026,25479496038.14145,USD,Technology services,Strong buy,59.085572275422244,60.13322712674017,62.39182094320753,-4.59365110436854,0.3534660260809814,-22.159816865417376,60.28640000000013,59.13307000000001,58.63042,69.97258549999998,16.62321462692907,1.02389416484,12.882495029332647
RYLPF,Koninklijke Philips N.V,26.654,USD,2.5173561030019758,105,0.028482300284823004,25375087164.766323,USD,Health technology,Buy,27.233629014932273,27.590692527388036,27.670871823643388,2.5173561030019758,-8.906356801093647,-3.0763636363636366,26.278299999999952,28.187825000000004,27.89071,25.707854199999964,22.918404524581103,0.41530926169,nan
FN,Fabrinet,707.78,USD,0.6412899739786982,207839,0.2491865191171005,25359573102.650562,USD,Electronic technology,Strong buy,664.4976235718179,630.1089115445063,585.6466437428417,-1.2859135285913565,0.7085941946499742,52.295907389077755,690.2540000000001,678.0214999999997,630.1616000000001,482.71415000000013,60.85655572083265,3.8076,29.62884529647794
NTOIF,Neste OYJ,33.0,USD,-0.6323396567299032,100,0.18907165815844207,25342991450.881527,USD,Energy minerals,Buy,31.47889571205739,30.14114363326964,27.997558941725607,-0.6323396567299032,7.667210440456775,43.840990323424286,32.72200000000002,30.664359999999988,24.594414000000057,18.833573500000004,30.61009404193563,1.07364243631,nan
FTAIM,FTAI Aviation Ltd. - 9.500% Fixed-Rate Reset Series D Cumulative Perpetual Redeemable Preferred Shares,27.0,USD,0.41542232123265144,1982,0.4450432244302234,25282599392.0,USD,Electronic technology,,26.98005497288867,26.99955372105356,26.99156063685891,0.3717472118959161,0.7650681097219566,-0.5524861878452987,26.83426000000001,26.890040000000035,26.93868599999995,26.875350500000028,5.369714808480172,1.681286,2363.5962763351295
FTAIN,FTAI Aviation Ltd. - 8.25% Fixed-Rate Reset Series C Cumulative Perpetual Redeemable Preferred Shares,25.44,USD,0.03932363350374189,9658,0.19011661325501372,25282599392.0,USD,Electronic technology,,25.397370031075653,25.40246346660469,25.41930016561301,0.03932363350374189,0.355029585798816,0.11806375442739526,25.438000000000002,25.410505000000043,25.318428000000043,25.467656500000007,5.059464619545762,1.681286,2363.5962763351295
POPMF,Pop Mart International Group Limited,19.025,USD,-1.168831168831176,438,0.030926743159752867,25232125849.394096,USD,Consumer services,Strong buy,20.6983662547599,21.867138376837435,23.447936023911975,-4.91065850306136,-5.816831683168321,-20.72916666666667,19.620499999999996,20.11574999999999,22.074682,nan,14.212288741032479,0.6436848000000001,308.8341222234282
QBEIF,QBE Insurance Group Ltd.,16.878498,USD,10.487405409651487,4679,2.356585243011836,25216889500.582066,USD,Finance,Strong buy,15.211558639861279,14.729734167327594,14.199022035157515,0,8.89353548387097,24.380972733971998,15.7999796,14.309244899999992,12.921473959999998,9.459666699999998,11.661263755453145,0.649629,35.15498019983362
EXXRF,Exor NV,78.56,USD,-0.7892909010544926,436,0.06528607579773295,25157257735.83976,USD,Finance,Strong buy,79.3015930801096,80.13073189408112,81.69588596807732,3.3684210526315814,-4.19512195121951,-9.597238204833145,77.99550000000004,78.5508649999999,78.8260559999999,87.41808850000002,nan,nan,nan
WRB,W.R. Berkley Corporation,67.54,USD,0.10374981473248465,474739,0.27912245043146644,25143571028.80955,USD,Finance,Buy,66.76758933552314,67.18131558549301,67.93766925526553,1.5791848398255548,0.3939056112969165,-3.196216138741565,68.1059999999998,66.80149999999999,66.58919999999999,70.68769999999994,14.338180660227154,1.093817,9.226452719936926
WRB/PH,W.R. Berkley Corporation 4.125% Subordinated Debentures due 2061,15.4834,USD,-0.1393099000322552,7629,0.5869183899556869,25117511657.0,USD,Finance,,15.82745448431773,16.001667324080188,16.218011575483256,-1.5050890585241794,-2.742462311557791,-5.47374847374847,15.621680000000001,15.769665,15.886365999999999,16.925663,3.2869971340622017,1.093817,9.226452719936926
CAJFF,"Canon, Inc.",26.0,USD,-0.31248202749074383,120,0.027518517669181553,25093067504.885715,USD,Electronic technology,Buy,26.70927345066286,27.342296152736342,27.990317958334163,5.263157894736845,-1.328273244781789,-13.333333333333334,26.385299999999994,26.561857500000023,28.419192999999993,30.17559075000003,11.959575282090597,0.49800960000000005,82.29760799583988
CTSH,Cognizant Technology Solutions Corporation,52.855,USD,1.0225535168195652,3121294,0.3668739534542748,25046371024.34786,USD,Technology services,Buy,54.71727204476319,58.11789831056567,62.118212728605236,10.206422018348615,-11.56934917182534,-36.311603807687675,51.75,51.16700000000018,56.66260000000009,69.25432499999992,11.47574796995093,1.376474,-3.03783078250983
TW,Tradeweb Markets Inc.,106.11,USD,0.39738858927050974,771183,0.5248403955255009,25044721278.57309,USD,Finance,Buy,112.35727453163564,113.61283725217106,114.24925188883249,-3.833605220228389,-7.786564699747974,-1.109040074557314,108.35599999999974,110.4915000000002,116.65539999999993,113.72697500000005,26.188360728565083,0.958583,66.45304412127186
BNCZF,Banco BPM Societa Per Azioni,16.53,USD,11.657502600613348,680,0.21901571759855706,24985789858.1084,USD,Finance,Buy,15.1258549551936,14.769476996089226,13.959924074194502,0,12.83276450511946,12.448979591836746,15.296960000000002,14.79874,11.63426042,nan,10.163901382789684,nan,23.12013494443565
HUBB,Hubbell Inc,470.66,USD,2.0998741810924564,359297,0.528947025947328,24870511732.299145,USD,Producer manufacturing,Buy,495.91791579775264,496.12652185652604,489.90007507602587,-1.788285374454853,-15.27577764976958,5.12139012351194,465.466,496.180500000001,504.42560000000014,467.2024000000006,27.809388755945527,5.361725,14.464553828673447
SMECF,SMC Corp,396.68,USD,-2.4613341857434388,245,0.1386687797147385,24822314857.63459,USD,Producer manufacturing,Strong buy,435.4205841340999,430.2336091280346,419.1345980823265,-2.9817436529569847,-12.120339396087637,10.374379164985609,406.29559999999975,465.33767,435.1110639999999,380.8374970000001,23.857610489891474,4.369024714176,2.035849978941864
EQR,Equity Residential,65.88,USD,0.1824817518248028,767711,0.28486195432018113,24683375884.81204,USD,Finance,Buy,63.77155691099148,63.1421905524615,62.82164873880896,2.953586497890285,6.343825665859552,5.712451861360711,65.81799999999998,65.41949999999999,62.38239999999999,62.50245000000002,26.57094458336694,0.417489,-3.2655768405446484
TEFOF,Telefonica S.A.,4.37,USD,-8.768267223382043,4726,0.9218045992705144,24670318902.137222,USD,Communications,Buy,4.534063500848231,4.49208630297299,4.488197940443343,-9.896907216494837,-5.920344456404726,12.454966546577456,4.626740000000001,4.4818950000000015,4.329734000000004,4.7016630000000035,nan,0.1277771,-97.93986827752367
LNVGF,Lenovo Group Ltd.,1.9845,USD,18.125,430290,3.0492540740341796,24617045427.98818,USD,Electronic technology,Strong buy,1.5592822909171087,1.4644845975095657,1.396205315343105,36.86206896551724,39.263157894736835,67.46835443037973,1.7228999999999992,1.5900900000000022,1.3753939999999991,1.347542000000002,18.63496815857217,0.035123,-11.583046396148667
AIBRF,AIB Group PLC,11.65,USD,0.9532062391681214,868,0.3650893796004206,24579564998.193554,USD,Finance,Buy,11.114018860548416,10.918047346776373,10.649445203483399,3.463587921847252,3.2343819229065147,7.077205882352937,11.394999999999998,11.275644999999995,10.847137999999994,9.713887500000002,10.578042085529479,0.45302790000000004,15.062575790793185
OMVJF,OMV AG,74.73,USD,5.283178360101437,100,0.40096230954290296,24437563529.467255,USD,Energy minerals,Buy,69.13237477565019,66.2928309320206,62.900566057487715,0,6.680942184154185,34.64864864864866,70.98600000000003,62.36840000000001,56.658835999999994,48.274835655,8.958404802699858,2.63385309976,147.01310667176105
CCOZF,"China Coal Energy Co., Ltd.",1.36,USD,-22.28571428571428,100,0.051559680329981955,24392438421.713364,USD,Energy minerals,Strong buy,1.5434094604776019,1.4838019557656985,1.4003195189972442,0,-9.333333333333327,1.492537313432837,1.6245,1.3861250000000003,1.2209102999999997,0.8668270750000004,8.929616343761236,0.10581120000000001,-20.276638937082826
AWK,"American Water Works Company, Inc.",124.785,USD,0.7305456893768172,313303,0.18189781644009584,24368078845.488255,USD,Utilities,Buy,128.56113842267433,130.11591172782852,131.40605166425235,-0.28368227585105,-5.808423913043473,-4.181064270905316,124.00300000000011,126.67735000000009,131.97374000000008,133.93398499999998,22.08076017907384,1.576728,2.885595688901837
ALFVF,Alfa-Laval AB,58.95,USD,0.5972696245733812,281,0.6428734843285289,24365586827.07377,USD,Producer manufacturing,Buy,55.842916516071725,53.200926851880666,49.59659583473417,0,0.5972696245733813,7.671232876712334,57.564,48.88925,40.06681541999998,25.88236053,28.310937484781974,0.5799364064,12.687904624234895
CLPHF,CLP Holdings Ltd.,9.6268,USD,-3.004534005037797,141,0.013975201451042195,24321632601.188972,USD,Utilities,Buy,9.46401246165844,9.259162517950957,9.02703481503138,-3.004534005037797,1.3347368421052563,8.900452488687778,9.752360000000001,9.251965000000004,8.666586,8.076285000000006,18.086609828253412,nan,-11.001029259659415
WTW,Willis Towers Watson Public Limited Company,257.29,USD,-0.3640165743716832,152231,0.19269000466564207,24300520562.57317,USD,Finance,Strong buy,268.30912370853224,277.5428803747451,287.8751663026562,3.345919023136252,-13.434492968171726,-21.430970775948943,256.12600000000003,259.45649999999995,277.78560000000004,312.35979999999984,15.061083761144054,3.133323,nan
CMTDF,"Sumitomo Mitsui Trust Group, Inc.",34.8952,USD,2.1821376281112856,496,0.6931246506428171,24288277465.040497,USD,Finance,Buy,33.73321246527902,33.00529789374044,31.852361472349454,0,1.9433245690914573,13.739243807040427,34.19564,32.873704999999994,29.815711999999998,21.684583500000002,12.270237164822905,0.617911114416,18.857120331829297
JBHT,"J.B. Hunt Transport Services, Inc.",257.52,USD,-0.6596458743201158,259678,0.24121727975447071,24283931518.808468,USD,Transportation,Buy,244.6696699337209,235.86923475956652,224.27751405545465,-1.2841645263924646,1.6619951837669178,32.4452901998097,259.5239999999999,249.64350000000005,231.92659999999987,191.31662499999956,39.86562843475703,1.701695,17.295540383497958
PGPEF,Publicis Groupe S.A.,96.6575,USD,-0.6092544987146542,100,0.003702565507640244,24243483389.79718,USD,Commercial services,Strong buy,92.62068899855883,94.13377789323445,95.76756749824928,-0.6092544987146542,8.239081746920496,-1.8207211782630817,90.89886000000003,95.584865,98.50419200000006,82.18899325500003,12.612803659810108,4.0307867,13.077308556109662
SYF/PB,"Synchrony Financial Depositary Shares Each Representing a 1/40th Interest in a Share of 8.250% Fixed Rate Reset Non-Cumulative Perpetual Preferred Stock, Series",25.58,USD,-0.4669260700389144,14423,0.5824650674420483,24218657227.0,USD,Finance,,25.845249232559503,25.85737612974345,25.871515015031683,-0.9295120061967544,-2.217125382263004,-2.5894897182026018,25.661999999999985,25.97550000000002,25.805318000000014,25.995762999999982,2.6479783027266515,2.106997,32.616723638510216
SYF/PA,"Synchrony Financial Depositary Shares, each Representing a 1/40th Interest in a Share of 5.625% Fixed Rate Non-Cumulative Perpetual Preferred Stock, Series A",19.6896,USD,0.1505595116988734,13006,0.2930388074767029,24218657227.0,USD,Finance,,19.859932875925725,19.78402348068679,19.72302341997833,-1.3547094188376863,-1.9442231075697194,0.45714285714284303,19.739919999999977,20.09248500000003,19.672420000000013,19.802405499999953,2.038218670420902,2.106997,32.616723638510216
SYF,Synchrony Financial,71.92,USD,-0.11111111111110875,981186,0.2543475398691958,24191747607.85889,USD,Finance,Strong buy,72.61997438088409,72.66544013773878,72.90992807277564,1.2957746478873262,-8.089456869009581,-14.08433878867518,71.28199999999997,73.01849999999996,71.52419999999998,74.29080000000006,7.444980435187678,2.106997,32.616723638510216
UTHR,United Therapeutics Corporation,568.59,USD,0.48067577358757796,96210,0.26675376390087663,24134789062.2411,USD,Health technology,Strong buy,560.9885357625402,548.330776483856,527.8792178985209,-0.247368421052626,-0.8872542183795702,16.02220091007408,566.4360000000001,572.0465,564.336,476.0332250000001,20.985362396935184,7.165744,8.12927016154779
EJPRF,East Japan Railway Co.,21.31,USD,-7.70097020097021,23,0.21120293847566557,24109112202.14627,USD,Transportation,Buy,23.43667647750086,23.708719930829957,23.566743670238857,-7.70097020097021,-4.116985376827908,-22.761870242841614,22.95560000000001,24.172400000000014,23.276493999999953,20.194465141649996,15.42093542322989,0.44773195929600007,4.565579661079551
FUJIF,FUJIFILM Holdings Corp.,20.0,USD,-2.200488997555009,396,0.19997980002019997,24080852050.782227,USD,Health technology,Strong buy,19.543415619001177,19.783300618703272,20.174007995361315,0,0,4.712041884816746,19.00200000000002,19.09294999999998,21.23608999999999,21.407949549900014,nan,0.33609360000000005,nan
AKRBF,Aker BP Asa,38.05,USD,-2.35828479047449,312,0.05426936390043659,24048444527.470753,USD,Energy minerals,Buy,36.53093487304166,35.219629418516746,33.37853282023864,3.763294245977626,2.83783783783783,49.73535603958836,38.3743,37.769274999999986,36.47115399999994,28.767373499999984,42.719064028913266,0.970805,-66.34150267965958
PPG,"PPG Industries, Inc.",107.3,USD,0.628340992216076,377681,0.2428423643581293,23917168729.064053,USD,Process industries,Buy,107.67741753034494,108.33929160620372,108.66244415007675,4.529956161714555,-4.64764951568471,4.144423954188096,104.7360000000001,106.56349999999983,106.56260000000012,107.46495000000016,15.372713076118568,2.247911,18.227243470307247
RF,Regions Financial Corporation,27.945,USD,0.8480692890653172,4145089,0.36815642978104673,23847691509.11855,USD,Finance,Buy,27.453812906841282,27.39822887519929,27.25091624630314,4.780652418447688,-2.119089316987742,3.156146179401995,27.39900000000001,27.59474999999994,27.04250000000003,26.832524999999936,11.588703657626276,0.633025,16.40278045954817
IONQ,"IonQ, Inc.",63.72,USD,8.201732042791644,36158742,0.9892010585508971,23784759564.464592,USD,Electronic technology,Strong buy,48.0864486835945,45.05274717516811,43.93684346375923,22.987840185292406,34.82860770207364,38.49163225385786,54.565999999999995,50.69300000000001,40.95919999999999,47.336375,nan,-0.539798,88.51160917997584
XPO,"XPO, Inc.",201.41,USD,-1.061060077614578,357347,0.2914777979085535,23647545078.404774,USD,Transportation,Strong buy,205.3672240041052,200.3595477423521,190.5734578854656,-1.0318903247997615,-12.76042794646338,48.609164022725594,203.69400000000005,207.43700000000004,204.75139999999993,161.8879999999998,69.00911395874734,1.460268,-10.196923076923074
RF/PE,"Regions Financial Corporation Depositary Shares, Each Representing a 1/40th Interest in a Share of 4.45% Non-Cumulative Perpetual Preferred Stock, Series E",16.3701,USD,0.06173594132030154,22993,1.0089472598742382,23647147315.0,USD,Finance,,16.627857959070376,16.76099033046407,16.944259675894095,-0.42518248175182793,-2.0927033492822855,-5.429809358752155,16.36501999999997,16.586265000000036,16.641106000000004,17.51776548,6.788629012192088,0.633025,16.40278045954817
RF/PC,"Regions Financial Corporation Depositary Shares, each Representing a 1/40th Interest in a Share of 5.700% Fixed-to-Floating Rate Non-Cumulative Perpetual Pref",24.25,USD,-0.49240869922035696,29112,1.2357742903594153,23647147315.0,USD,Finance,,24.381374378276526,24.3652975288664,24.341370464497274,-1.1011419249592151,-1.2219959266802474,2.841391009329948,24.34200000000001,24.52500000000004,24.30570000000002,24.349366499999977,10.056398772497305,0.633025,16.40278045954817
RF/PF,"Regions Financial Corporation Depositary Shares Each Representing a 1/40th Interest in a Share of Non-Cumulative Perpetual Preferred Stock, Series F",25.47,USD,0.15729453401493965,15916,0.5776147081986013,23647147315.0,USD,Finance,,25.558850674349078,25.52744885104495,25.509694769644675,-1.2024825446082321,-0.2740798747063441,0.07858546168958576,25.486000000000008,25.64308000000001,25.436230000000005,25.55662000000002,10.562328937546653,0.633025,16.40278045954817
VNNVF,VONOVIA SE,27.75,USD,-2.665731322343043,65535,9.567292953181799,23543890921.06326,USD,Finance,Buy,27.28206123502805,27.700232917210982,28.346701518221376,6.854062379668853,-2.340313214851308,-3.5453597497393106,27.053999999999984,27.985874999999993,29.778420000000004,30.50789044499999,5.875600532902867,0.49233213596000003,nan
TERRF,Terna Rete Elettrica Nazionale SPA,11.7,USD,-3.5051546391752635,162,0.42475091767173573,23499052241.82721,USD,Utilities,Buy,11.14851885777282,10.689364784747026,10.122531329597418,-3.5051546391752635,0.5154639175257621,9.701555511799942,11.732059999999999,10.162255,8.860273999999997,7.708577269999999,nan,nan,nan
NHYKF,Norsk Hydro ASA,11.995,USD,-1.0517632501546814,8940,0.45399607958642685,23493593804.16239,USD,Non-energy minerals,Buy,11.196034975452433,10.71185691398837,10.052212649758642,3.7181150021616927,3.2271944922547333,52.41423125794154,11.720999999999998,11.513874999999986,10.934793999999995,8.438443500000005,37.38800943864491,0.23847631886,-30.713919121245304
KEY,KeyCorp,21.615,USD,0.5816658911121453,1656974,0.1741872792828838,23435538429.057934,USD,Finance,Strong buy,21.30246969517247,21.120107405336856,20.80988846957751,2.6353276353276343,-2.766531713900144,4.774600096946192,21.301000000000023,21.526750000000014,20.967099999999977,19.87737499999999,13.239617787578094,0.425368,nan
BESVF,BE Semiconductor Industries N.V.,290.0,USD,-7.519612220167097,2,0.005543237250554323,23410127339.86687,USD,Producer manufacturing,Strong buy,277.7867727422566,257.40963990319597,232.94273716344588,-2.9938116741930054,13.50293542074364,44.27860696517413,305.42320000000007,269.64177,214.94121726,130.082712815,132.58773628718228,1.24831140879,-7.934851738567971
LUNMF,Lundin Mining Corp.,27.344,USD,-0.6756265891754447,22674,0.4224383827581646,23366368720.113354,USD,Non-energy minerals,Buy,27.00333589262768,26.394289606343403,25.09716925151645,-4.089793055068398,-0.8197315923104791,24.574031890660603,27.532820000000008,27.134630000000023,26.364311999999995,20.780471479999978,16.30366926263963,0.30069,nan
NRSCF,"Nomura Holdings, Inc.",8.115142,USD,-2.2272048192771106,56900,2.338676531031648,23351303273.87926,USD,Finance,Buy,8.154980824947407,8.04604648328983,7.800808362668747,0,4.819710669077765,-8.303480225988691,7.988128399999996,7.839282100000001,7.136792840000003,5.363553005000001,10.822499864904492,0.185612063904,1.25774662262337
AER,AerCap Holdings N.V.,139.855,USD,0.20419861001647674,231280,0.19956376920115299,23338519885.72039,USD,Finance,Strong buy,141.66504149796532,141.37374753673356,140.08231753518297,-1.3438205417607232,-1.8147992137040214,-3.6213906691475595,138.939,141.95625000000013,140.5103,135.08347499999994,6.12568930703564,3.998,103.25932124924326
KEY/PJ,"KeyCorp Depositary Shares each representing a 1/40th ownership interest in a share of Fixed Rate Perpetual Non-Cumulative Preferred Stock, Series F",21.125,USD,0.16595542911332453,14652,0.2945830258896098,23300010217.0,USD,Finance,,21.37644878974935,21.459076846110754,21.555512403266096,-1.0538641686182735,-2.1990740740740806,-0.8215962441314587,21.184999999999967,21.32907000000001,21.38160599999995,21.903263500000023,12.939483033198579,0.425368,nan
KEY/PK,"KeyCorp Depositary Shares, each representing a 1/40th ownership interest in a share of Fixed Rate Perpetual Non-Cumulative Preferred Stock, Series G",20.945,USD,0.5520883341334709,11068,0.5133652138016762,23300010217.0,USD,Finance,,21.322763398697127,21.43793176624456,21.551624204061515,-1.1095372993389963,-2.626685262668532,-1.712810886907548,21.01400000000005,21.251900000000003,21.37082200000001,21.91961949999999,12.829229449957124,0.425368,nan
KEY/PI,"KeyCorp Depositary Shares Each Representing a 1/40th Ownership Interest in a Share of Fixed-to-Floating Rate Perpetual Non-Cumulative Preferred Stock, Series E",25.29,USD,0.07914523149980046,6520,0.2707258941843759,23300010217.0,USD,Finance,,25.12319552754918,25.090286820932125,25.06208884862451,0.5166931637519834,0.7168458781361996,1.9347037484885146,25.274999999999956,25.153425,25.037669999999963,25.023556999999983,15.490628445424475,0.425368,nan
KEY/PL,"KeyCorp Depositary Shares each representing a 1/40th ownership interest in a share of Fixed Rate Perpetual Non-Cumulative Preferred Stock, Series H",25.067,USD,-0.05183413078149173,21076,0.8833008528739967,23300010217.0,USD,Finance,,24.949283878612846,24.95016651058165,24.968971811325414,0.9544905356423758,-0.2109872611465001,-1.311023622047238,24.97739999999999,24.995600000000014,24.80467800000002,25.055596999999974,15.35403650618645,0.425368,nan
EXE,Expand Energy Corporation,97.29,USD,-0.3074085459575747,512680,0.22254088051406476,23274574071.29788,USD,Energy minerals,Strong buy,99.02303734695197,100.88479059238952,102.74270775623921,0.2989690721649549,1.7677824267782554,-11.538461538461537,98.61399999999999,98.12899999999988,101.14279999999975,104.79417499999981,7.250005588965148,1.171128,nan
DG,Dollar General Corporation,105.62,USD,0.4852059746931835,889193,0.21483829630536833,23260303880.014652,USD,Retail trade,Buy,114.48445282047967,119.30322019329078,122.22217370407039,3.630298273155419,-15.470188075230089,-20.45788304401852,105.00999999999999,109.85350000000001,117.47179999999989,121.19589999999991,15.421679710314217,1.891305,33.925184301609335
INSM,Insmed Incorporated,107.175,USD,-2.1500958641468126,833544,0.18804773484715312,23230444284.241302,USD,Health technology,Strong buy,123.94875609694269,132.3503638543205,139.6527767047546,-0.17231743666170107,-24.731371585083217,-39.03236816656237,107.83500000000012,120.01224999999985,137.33369999999994,155.99710000000005,nan,-0.796754,3.4235749117201912
BG,Bunge Limited,119.7,USD,-0.6309148264984152,551795,0.3748488159479712,23223967851.8612,USD,Process industries,Strong buy,122.38818108144127,120.87411918124938,116.90676588905563,-3.1553398058252355,-5.792538957972611,34.19282511210762,121.40199999999996,124.60600000000008,124.59339999999992,103.58664999999993,27.858589149812644,1.99279,-45.54452935883299
DRI,"Darden Restaurants, Inc.",202.5,USD,2.7553661135637117,571228,0.6179285027294291,23193339104.011265,USD,Consumer services,Strong buy,198.77644482563198,199.095107644167,198.9232584020809,4.419120301139583,2.6928343222272946,9.732307358838197,196.8639999999998,196.15299999999942,197.49879999999993,196.02925000000013,21.426530806589845,3.632782,6.63800690542279
MKL,Markel Group Inc.,1851.8631,USD,-0.08561871105236257,18694,0.28752701237378203,23173677223.089455,USD,Finance,Buy,1872.366494214224,1902.8713324811083,1934.1198061375114,0.3768801730165671,-6.092134888438133,-13.598787867477238,1857.9946200000002,1825.2346550000007,1886.1696619999996,1983.0517154999998,13.402758045687099,29.24116,1.828667025329986
LPLA,LPL Financial Holdings Inc.,288.84,USD,0.3543881592662017,178938,0.176590738248132,23102248931.962475,USD,Finance,Strong buy,304.7823149453004,310.7581637400298,319.28784128734424,-3.3979933110367977,-11.81265838243825,-19.320689366218826,288.6939999999996,308.0079999999994,306.6680999999994,339.6623,25.786753086750405,5.355923,-22.47300664451827
HPQ,HP Inc.,25.255,USD,15.31963470319635,32352823,1.9609048836708451,23096964163.9484,USD,Technology services,Buy,21.538826873065467,21.077596036925897,21.2352033617655,20.548926014319807,20.090347123157382,12.0452528837622,22.023000000000003,21.20274999999997,19.978500000000047,23.09752500000003,9.538107107787596,0.710672,-4.858066834351411
CMS,CMS Energy Corporation,74.56,USD,1.2493210211841415,650611,0.3052743868750186,23033044154.93319,USD,Utilities,Buy,74.81268687664496,75.01826928078036,74.76364703242909,3.2400996953752474,-2.036526080672707,6.651408954369913,73.31799999999988,74.07549999999995,76.01279999999997,73.59129999999996,20.634876705504663,0.783082,6.908692822060485
TELNF,Telenor ASA,16.832,USD,-2.423188405797097,200,0.08722958827634333,23032065893.133057,USD,Communications,Buy,17.062161483865324,16.982871160755828,16.73934595771718,-2.423188405797097,-3.4308663224325815,10.955833882663155,16.9964,17.52935,16.02110400000001,14.092479500000003,13.206234299916012,0.23135908993999998,81.25225905198887
OLCLF,"Oriental Land Co., Ltd.",14.05,USD,-1.6106442577030717,27350,1.5186429384491518,23031757495.118725,USD,Consumer services,Buy,16.486017431377878,17.79479759628328,19.378100927186935,0.3571428571428622,-16.51812240047533,-21.288515406162468,13.844000000000003,18.17220000000001,22.019896,29.101423492,30.008164185605892,0.10299744,-7.1174050403013
HLAGF,Hapag-Lloyd Aktien,131.0,USD,-2.2388059701492535,35,0.7070707070707071,23024597874.243217,USD,Transportation,Neutral,136.8760888893571,139.27288247800138,141.04213357018838,-2.9629629629629632,-5.755395683453237,-11.285800581315028,133.64399999999992,137.6178100000001,147.06352399999977,148.48392749999985,80.43671353832266,0.5429945945,-89.55509290597855
ARLUF,Aristocrat Leisure Ltd.,38.24,USD,-2.721953701348258,421,0.13148032479700186,22991562415.962265,USD,Consumer services,Strong buy,35.61409138868322,35.573541476960756,36.23137049790709,-2.721953701348258,18.536887786732812,0.7907221929362264,38.582,34.07824999999999,35.752498,40.86936599999999,23.306567593275823,0.93663276262,22.574626865671636
NI,NiSource Inc,47.79,USD,0.16767973171242567,702913,0.1868610283158473,22912400816.42465,USD,Utilities,Strong buy,47.194630587996606,46.811668095907194,46.081023975910114,2.3340471092077006,1.0145846544070953,14.439655172413797,47.297999999999966,47.51300000000003,47.23119999999995,44.12840000000011,23.779668607254813,0.235255,8.281249999999996
CGMBF,"China Minsheng Banking Corp., Ltd.",0.45675,USD,-7.838983050847458,7200,0.04866518823627219,22904958897.69652,USD,Finance,Buy,0.4522052869015096,0.4324342725574706,0.425257301302942,0,-7.838983050847458,0,0.49515000000000003,0.3976621000000004,0.4370800399999996,nan,5.251966771004589,0.0705408,-2.447668132847926
BCE,"BCE, Inc.",24.555,USD,0.6765067650676472,742247,0.2760331453833498,22898170418.279465,USD,Communications,Buy,24.282576418729683,24.401516096461943,24.42564329345511,3.4766118836915263,2.39783152627189,3.15059861373661,24.183000000000195,24.05325000000003,24.446900000000024,24.250824999999892,5.062009035527187,0.48970089200000005,1551.9721373615198
PAAS,Pan American Silver Corp.,54.195,USD,-1.1040145985401404,1122120,0.20433923503426157,22864003802.5689,USD,Non-energy minerals,Strong buy,55.806155547863014,55.61554921036733,54.1515440961101,-4.38426252646436,-5.104184906321133,2.448015122873349,54.37700000000001,55.86374999999997,55.11069999999997,47.93197500000003,17.473843721084126,1.125637917,268.102187123853
BOUYF,Bouygues SA,59.342,USD,6.634321653189579,236,0.07855145786180269,22823016235.8072,USD,Industrial services,Buy,50.58216545139368,47.497174219117866,44.33838923520887,0,16.242899118511268,16.242899118511268,52.52040000000001,42.563750000000006,37.29487,36.26608957499995,16.352606381050396,0.9409041000000001,20.846929795949347
CHD,"Church & Dwight Company, Inc.",96.16,USD,0.5437055625261356,274176,0.1484675636581971,22784496769.04391,USD,Consumer non-durables,Buy,95.31150887124556,95.25727972415736,94.73786333372391,2.0915171461938624,3.0543350123245037,15.134099616858238,96.08999999999997,94.94649999999999,94.82580000000014,91.6444499999998,31.718177919978892,0.89382,30.076800961084633
RL,Ralph Lauren Corporation,376.06,USD,0.30941584422513335,338798,0.36554874769143486,22772364113.740788,USD,Consumer non-durables,Strong buy,358.7079766780862,357.49319661034906,353.87983443935923,15.15448449030836,-3.348839600092517,5.932394366197183,345.3519999999998,350.77450000000033,354.5279999999998,341.60645000000017,24.887494705633205,4.190304,30.138661613986734
TSN,"Tyson Foods, Inc.",65.98,USD,-0.7371746652625167,291491,0.11777927135573824,22771578606.687828,USD,Consumer non-durables,Buy,65.1731059796052,64.32495968395345,63.05798147262459,-0.6474928474627204,2.2470168913683604,12.651528086050885,66.36200000000001,66.31700000000004,64.45620000000001,59.2207249999999,50.63310567109202,1.070143,-50.367549038278426
ICHGF,InterContinental Hotels Group Plc,153.0,USD,6.7217248462823616,106,0.559957739038563,22761352616.09082,USD,Consumer services,Buy,143.50335614707504,140.69978665190854,137.1953962091509,0,5.517241379310345,9.266202463845739,145.86270000000002,139.7358200000001,132.49407600000006,100.49447858999999,31.44783359368577,2.622,26.276993355481725
CMS/PC,"CMS Energy Corporation Depositary Shares, each representing a 1/1,000th interest in a share of 4.200% Cumulative Redeemable Perpetual Preferred Stock, Series C",16.7765,USD,-0.46573716997924525,9442,0.6169266052048691,22748838138.0,USD,Utilities,,17.07029478155763,17.179422398051333,17.33673584227738,-1.0819575471698242,-2.8012746234067376,-3.91466208476519,16.8723,17.117575,17.049470000000035,17.93668294999998,4.642985636398859,0.783082,6.908692822060485
BCEFF,BCE Inc.,15.3,USD,-0.9708737864077579,1000,1.5384615384615385,22731994325.079002,USD,Communications,,14.843661546038696,14.344750094274426,13.796249372146333,0,1.3245033112582851,0.9900990099009924,15.274019999999998,13.381330000000002,12.387413999999996,nan,3.1540923739998354,0.48970089200000005,1551.9721373615198
CPAY,"Corpay, Inc.",347.3,USD,-0.04604846601046687,86433,0.161175189839994,22700192725.762966,USD,Commercial services,Strong buy,326.44885777121766,322.2408839730653,318.9943764169923,5.806726785279065,4.845283018867928,15.1334327863418,347.3760000000005,326.0070000000001,313.67080000000044,308.99134999999933,20.760728568268902,6.569865,17.324402987691553
CLNXF,Cellnex Telecom SA,33.68,USD,0.35756853396900307,1877,0.08801586817783237,22694914078.851254,USD,Industrial services,Strong buy,33.49670512193533,33.37330706242018,33.30287276132622,2.996941896024455,-0.9703028521023179,2.9733241611251136,33.546000000000014,33.19317500000001,33.22756000000001,34.270691,nan,-0.0116161,-911.1052053044277
HLMAF,Halma PLC,60.05,USD,0.6199731903485212,8094,0.2520349000143237,22680985599.791847,USD,Electronic technology,Buy,58.74121356308669,56.952541426220726,54.71563466016663,-2.2544152356148857,-1.103425559947302,24.378624689312336,59.88460000000002,61.344025,56.90905999999999,49.99694300000003,48.834074873948715,0.755434426,21.542269685951993
FCNCO,"First Citizens BancShares, Inc. - 5.625% Non-Cumulative Perpetual Preferred Stock, Series C",21.2301,USD,0.33128544423440476,4192,0.34617734982740683,22668297344.0,USD,Finance,,21.533370226685943,21.652243341572472,21.791237540649437,-0.42166979362101353,-1.88284228769497,-0.04661016949151716,21.213999999999984,21.47124,21.551286000000037,22.194119500000088,0.12209830966815066,40.417579,-0.41648458829477975
FCNCB,"First Citizens BancShares, Inc.",1607.704,USD,1.1134591194968524,134,1.9115549215406564,22668297344.0,USD,Finance,Buy,1621.725652989096,1632.505691782323,1643.8258826166361,0.6072590738422998,-5.038157117542827,-10.434317548746522,1596.542799999998,1617.9308500000016,1627.7948079999987,1656.7187549999987,9.246208960236856,40.143234,-0.41648458829477975
FCNCP,"First Citizens BancShares, Inc. - Depositary Shares Each Representing a 1/40th Interest in a Share of 5.375% Non-Cumulative Perpetual Preferred Stock, Series A",20.445,USD,0.4174852652259374,4543,0.5068558869141256,22668297344.0,USD,Finance,,20.993043828217147,21.091114675261792,21.175621066724872,-1.1363636363636336,-4.862726849697525,0.6151574803149606,20.467000000000034,20.99766000000003,21.190863999999983,21.520815499999983,0.11758305147716404,40.417579,-0.41648458829477975
FCNCA,"First Citizens BancShares, Inc.",1989.29,USD,-0.009550234232063382,20882,0.395116016370768,22666132468.50723,USD,Finance,Buy,1956.1050113906927,1955.7061201691347,1957.2737662335358,3.2308786059376344,-3.424554453522862,-6.887190312811554,1964.128,1959.3275000000006,1932.3784,1942.9607500000013,11.440782023624731,40.417579,-0.41648458829477975
L,Loews Corporation,109.82,USD,0.5861879465103373,190085,0.25078351294816575,22597537929.448433,USD,Finance,,108.26206730350076,107.99794734257272,107.06588075165548,3.117370892018773,-1.3917572057107042,4.590476190476184,108.72999999999993,107.57200000000023,108.11459999999997,104.1410999999999,13.95106582992454,nan,29.317255881193326
WSM,"Williams-Sonoma, Inc.",191.82,USD,-0.06251953735542594,247124,0.17784415240663243,22585398892.641758,USD,Retail trade,Buy,184.69810059670314,186.714534907995,188.48021799695212,14.103860567485563,-5.781226975784669,5.0032844317932925,180.98599999999988,180.02750000000026,183.95880000000005,192.94295000000002,21.469824498567334,2.039747,1.1365179986416176
FIS,"Fidelity National Information Services, Inc.",43.68,USD,0.13755158184319644,1737727,0.23330546877539382,22577280736.2641,USD,Technology services,Strong buy,45.16427277168375,47.16575335074229,50.435042669168794,4.572659803686848,-8.523560209424083,-34.31578947368421,43.372000000000014,44.5115,46.36440000000002,58.89975000000006,8.447925732521034,1.47698,223.4392593519329
LYB,LyondellBasell Industries NV,69.82,USD,-0.37100456621005296,934543,0.23007735635087564,22536834629.396976,USD,Process industries,Buy,71.48410841056952,69.35684843793014,65.91437072038833,-6.092804303967722,-2.744114779217179,60.211106011932074,71.67399999999998,73.21050000000004,73.98200000000003,56.271750000000196,nan,3.193463,-177.06509973712693
SZKMF,Suzuki Motor Co.,11.5,USD,4.927007299270065,196,0.0333815890317636,22529506530.762856,USD,Consumer durables,Strong buy,11.749296026451889,12.14132816477918,12.634597247435167,3.603603603603607,-5.737704918032781,-23.179692718770877,11.2705,11.456425000000003,11.884219999999997,13.748712500000003,8.020573080731848,0.397855398672,-0.25628895570742316
VRSK,"Verisk Analytics, Inc.",171.92,USD,0.18648018648018252,620587,0.35358805957223266,22525277353.678318,USD,Technology services,Buy,175.81983695478655,181.85736801385002,191.4244561725686,5.066308134205214,-5.745614035087729,-22.537622780931788,171.2819999999996,172.70699999999948,180.15100000000024,216.03047499999985,26.184166438210116,1.935066,-3.8513355201499517
PFG,Principal Financial Group Inc,104.26,USD,0.32717474980754757,180444,0.17435023271143288,22521451398.350845,USD,Finance,Buy,98.70641384900313,96.51087469625672,94.09353195645267,3.751617076326013,8.570238467145689,18.06137470275167,102.90599999999999,101.05600000000005,95.0988,88.21944999999994,14.905358266140563,2.320396,49.93890806199224
SGSOF,SGS SA,113.05,USD,5.654205607476633,5,0.030012004801920768,22477652357.247997,USD,Commercial services,Buy,111.78188451695111,112.52007391322309,112.68500682482747,6.968822444055443,-5.547664800735233,0.5425115617218067,110.39959999999999,108.50199500000004,112.47232999999993,103.33839550000002,25.894265265214514,2.2141009767999997,28.31444971197185
CHWRF,China Tower Corporation Limited,1.285,USD,-8.214285714285714,250,0.38610038610038633,22462887704.139786,USD,Communications,Strong buy,1.3448460320873288,1.3503712940086918,1.3562926791525358,0,7.08333333333333,-5.424302642231552,1.3407200000000004,1.3562154499999997,1.3986461799999999,1.2054710949999994,13.86240827292991,nan,8.26064081904827
STRL,"Sterling Infrastructure, Inc.",731.2,USD,-0.35024598988783084,177922,0.3118668999565649,22437569533.33061,USD,Industrial services,Strong buy,639.9723760712247,573.0850023226848,509.2218645623171,-14.747752684536373,51.23686605443866,136.3054648870504,743.204,720.048,549.4871999999999,397.8167499999999,65.37151439836214,4.984286,30.73659357613726
KUBTF,Kubota Corp.,19.7,USD,11.362351611079694,140,0.13886133703630232,22422207177.737564,USD,Producer manufacturing,Strong buy,17.158589921603323,16.799873784923903,16.135282249053304,12.738926404944484,28.33876221498371,27.922077922077914,17.502800000000008,17.647149999999996,14.746817999999994,14.091380999999997,16.29741295225835,0.356973400752,6.047915657404658
ULTA,"Ulta Beauty, Inc.",514.32,USD,2.037496280130947,180402,0.2568180960793679,22403991257.3859,USD,Retail trade,Strong buy,530.871656980298,546.8861344499904,558.683320384923,4.804988384888136,-10.14204098747313,-15.145515739457528,494.584,514.3007500000008,526.4895,567.1459000000004,20.059204137269358,6.882596,1.0463219124636425
CAOVF,China Overseas Land & Investment Ltd.,2.045,USD,-2.6190476190476266,525,0.2042483660130719,22382287896.014423,USD,Finance,Strong buy,1.7945993441024288,1.7460277859760047,1.721488731222879,0,29.841269841269842,39.115646258503396,1.9039999999999992,1.6983749999999997,1.7159500000000005,2.0722030000000022,12.702962278624947,0.0705408,-19.213648145139434
WST,"West Pharmaceutical Services, Inc.",316.37,USD,0.07591813494448774,225757,0.33238946975695616,22350778595.01474,USD,Health technology,Strong buy,295.2298846356678,284.4808672919607,275.69757920114307,3.9494003614259836,14.697458579559882,14.939146230699365,309.26799999999986,307.2389999999998,277.65900000000033,264.61985,42.292627498161885,2.083843,17.468318650774957
SURDF,"Sumitomo Realty & Development Co., Ltd.",23.915,USD,-21.590163934426233,303,0.4472984942426927,22333096608.580807,USD,Finance,Strong buy,29.051060001386784,28.61757076760436,27.264446261539202,0,-24.658181589061815,-7.234290147401094,29.8242,28.974062500000002,23.520764999999994,17.467468999999998,16.626553877766764,0.6332105226720001,6.534614746273809
