Symbol,Description,Price,Price - Currency,Price Change % 1 day,Volume 1 day,Relative Volume 1 day,Market capitalization,Market capitalization - Currency,Sector,Analyst Rating,Exponential Moving Average (8) 1 week,Exponential Moving Average (13) 1 week,Exponential Moving Average (21) 1 week,Performance % 1 week,Performance % 1 month,Performance % YTD,SMA 5,SMA 20,SMA 50,SMA 200,PE Ratio TTM,EPS Forecast Next FY,EPS Growth YoY TTM
NVDA,NVIDIA Corporation,224.045,USD,-0.23822245970256697,55575157,0.5434019478067679,5399484544022.877,USD,Electronic technology,Strong buy,219.82037859690197,216.53102206332298,211.79492013196034,2.140414862092543,5.363525206922499,18.020912898043026,226.07699999999983,221.70325000000003,215.95649999999983,199.46812500000007,28.32212474401436,9.274498,125.14871211043119
AAPL,Apple Inc.,340.255,USD,1.290485829959508,15832370,0.4215520589249625,4965742808066.239,USD,Electronic technology,Buy,326.26652598824904,320.01511723373216,311.2357165509273,0.6954617422056563,9.653561069932318,24.976584452076178,338.3850000000004,329.35524999999996,321.81569999999994,287.76252499999987,39.005307624408196,8.82979,32.60922440789274
GOOG,Alphabet Inc.,341.115,USD,0.6209256364119107,7585618,0.41576455119036787,4194430884673.584,USD,Technology services,Strong buy,342.13419006542443,343.6595749926664,342.53320837755524,-2.877114059563811,-0.6017250422518788,7.407349097893523,342.677,338.80325000000005,342.00389999999993,336.787775,17.136893189251104,20.600102,112.01789423230548
MSFT,Microsoft Corporation,516.675,USD,3.7645853834876286,28694086,1.2702279228461606,3836593618358.9673,USD,Technology services,Strong buy,489.45127938351516,473.43464679817754,458.2662994308178,3.7572921791692147,5.90857845649276,6.666184956181542,502.96099999999996,500.0657499999999,475.8217000000002,432.06342500000045,28.791500886020927,19.734472,31.54908515130189
AMZN,"Amazon.com, Inc.",249.555,USD,0.0701740315983685,21271428,0.5778748026708342,2691778756054.256,USD,Retail trade,Strong buy,255.67474460916057,254.84087245733173,251.91479183263567,-1.3304602245769337,-4.485695148789579,7.873692400795368,252.327,254.30025000000006,256.1726999999999,240.847275,20.072631629747598,12.771716,89.7295812477109
META,"Meta Platforms, Inc.",752.66,USD,-3.2060597487107683,18585925,0.7179272083921726,1917406033013.7576,USD,Technology services,Strong buy,647.5058685735052,631.2947421999801,623.9752290135525,9.299758938166182,27.502498687130498,13.570485495492088,750.4379999999998,660.9090000000004,615.7662000000001,626.4771500000006,28.35123193346316,31.225836,-3.857269092594742
AVGO,Broadcom Inc.,352.325,USD,0.560851695399011,10220164,0.40930692625675497,1681869078143.5442,USD,Electronic technology,Strong buy,366.83808505276426,372.4451574103729,374.4180481748044,0.06958645762326873,-1.342685931899646,-0.12756005952802457,356.9750000000001,358.00749999999977,376.61519999999945,368.3483250000001,44.97842516468366,11.673888,100.12263042256397
TSLA,"Tesla, Inc.",372.4099,USD,-1.4632216753982126,37113693,1.0778286859580275,1470850639026.1128,USD,Consumer durables,Buy,361.19297939317363,363.60105592192605,370.12239847897087,0.9240921409214073,7.8604859964665375,-18.65227173438183,376.9339799999995,365.69924500000013,348.2544979999998,395.62349950000026,346.0093840007433,1.700748,-37.67083622886263
MU,"Micron Technology, Inc.",1082.08,USD,0.1434481226805322,15412579,0.6401196498663763,1222093682432.394,USD,Electronic technology,Strong buy,992.3641086538217,955.7086225635924,886.2143975204302,9.887632462184479,16.88811113271544,266.6514188903007,1074.922,994.1325000000003,941.6111,661.0971750000001,24.496910946049653,73.766324,697.287150515315
LLY,Eli Lilly and Company,1183.38,USD,0.1260692619448518,1089171,0.4868374937249616,1113983126338.3232,USD,Health technology,Strong buy,1165.5729116174978,1157.1858032606733,1133.6804579371646,2.9026086956521833,-4.102106969205826,9.938684503901897,1170.2579999999994,1150.8034999999995,1177.4100000000003,1070.0944499999996,40.21121950722245,36.579478,95.1428306190653
AMD,"Advanced Micro Devices, Inc.",629.73,USD,0.07469090677939601,13328289,0.5301228393433415,1028018482329.4325,USD,Electronic technology,Strong buy,534.2855758124243,512.9737270823186,478.77457824617585,15.046495058187336,32.55520239122656,187.67930561900414,622.578,528.0587499999998,504.69470000000024,364.7489250000001,161.61426921596305,7.627591,124.2848097622748
BRK.A,Berkshire Hathaway Inc.,757465.68,USD,-0.22844046364593634,134,0.4983265154332466,970936515251.0302,USD,Finance,Buy,758166.4359277763,754403.7182038468,749487.2565834961,-0.7189609817668433,-0.5872273407354842,0.9954240000000069,757902.9499999998,761735.8985,759265.7518000011,738961.5384000003,12.69694661056625,33247.814093,36.30277029708534
JPM,JP Morgan Chase & Co.,341.945,USD,0.9998227788279745,3810136,0.4149749462645686,908953500719.5339,USD,Finance,Buy,349.83824508863364,346.1088534768783,339.01911338766035,-1.7088734944953845,-4.082748948106594,6.029457364341083,342.01499999999976,351.20575000000014,353.32149999999984,321.25542500000057,14.648716960116523,24.768951,19.772185022704537
WMT,Walmart Inc.,107.98,USD,0.36248722000185946,10434136,0.464504646085506,856685874043.2435,USD,Retail trade,Strong buy,108.23650730850738,110.04368628836315,112.31311204955243,1.6378012048192858,2.341010330774333,-3.091765761723126,108.73199999999997,107.10700000000011,109.38360000000017,118.5675,39.121770950327885,2.890179,4.131140119218296
V,Visa Inc.,367.8156,USD,-0.04467634110549501,2484655,0.35352813726297594,686729164897.0989,USD,Finance,Strong buy,367.5376795991075,362.28312195215403,354.7227303884066,-0.20197525504666394,-4.249596501275569,5.129219424357622,365.86112000000014,371.4452800000002,368.0061120000004,336.8652779999998,31.565922607553873,13.225656,15.026505167767343
XOM,ExxonMobil Holdings Corporation,160.425,USD,-1.0577278894782132,5494666,0.37079358787857347,659653497662.9717,USD,Energy minerals,Buy,159.6958206800629,157.23163685001612,154.08394550788321,-1.27692307692307,1.5348101265822858,33.58730951786161,160.16099999999992,162.47424999999998,159.42230000000026,147.99232499999982,20.644592577340816,11.986758,10.170981370686484
INTC,Intel Corporation,124.51,USD,-2.260774001098984,68051540,0.5709413634960566,658172988760.9341,USD,Electronic technology,Buy,105.9651461988006,103.60139043555505,98.84543444396624,13.402249647069542,43.43643799320315,229.65316388668253,124.02799999999999,104.6180000000001,99.08250000000005,79.20937500000004,nan,1.53562,55.48626858150668
JNJ,Johnson & Johnson,271.1,USD,0.15516477020837,1991142,0.31755404811868626,653323448728.3627,USD,Health technology,Strong buy,266.7774352418398,262.37558282039686,255.63798859890238,0.6123585080720112,-0.3198882229657699,31.08016632820812,269.92200000000037,269.63499999999976,264.96700000000004,240.3231750000001,31.421683395535364,11.528649,-7.724064171122985
MA,Mastercard Incorporated,568.1,USD,0.35684002261164177,1108438,0.41195516532405113,497661259851.8031,USD,Finance,Strong buy,567.1643915196213,558.9988904218516,549.1754179683132,0.5575714665014563,-5.217144668568661,-0.4573250862960196,563.5280000000004,572.7885,568.831799999999,532.1460499999998,31.253954194609644,19.955543,22.61557038106353
ABBV,AbbVie Inc.,264.6375,USD,-0.18199305974653587,1021585,0.2659055970253951,467645498398.8352,USD,Health technology,Strong buy,257.99768951608223,253.21258913676553,246.48030530444356,0.5117930798738912,0.01417233560089414,15.693582233103077,264.9055,260.09587499999986,257.0541500000001,230.5633374999999,74.8239934403981,14.049866,68.31485271022699
PLTR,Palantir Technologies Inc.,191.29,USD,-0.6750090866607878,11275019,0.4404098302058325,459681010742.9096,USD,Technology services,Strong buy,172.6712766619417,164.8596222243456,158.37637002686543,7.963652782481085,12.12778429073857,5.510204081632642,188.75,178.48349999999996,163.95919999999998,152.031725,163.00809544098848,1.594534,289.99667663675643
CSCO,"Cisco Systems, Inc.",106.93,USD,-0.03739366177432181,5204320,0.24782553606453173,421580797425.4036,USD,Electronic technology,Strong buy,110.63580064613791,110.81104044713464,108.46950763920704,-3.099229723606695,-4.10725495471258,39.51334072672713,107.64600000000004,109.07225000000003,112.45129999999993,96.98410000000005,32.121721890113854,5.099027,27.475683541395412
ORCL,Oracle Corporation,138.21,USD,-0.9531317185036435,15638359,0.48635101879071585,417910544059.7978,USD,Technology services,Strong buy,146.79488556255043,149.4082451981137,154.53460960574012,-8.14780354888017,-5.979591836734689,-30.009621714690834,144.01400000000007,148.69000000000017,142.26740000000012,164.54515000000004,21.669122950048607,8.13733,47.65377225270272
COST,Costco Wholesale Corporation,922.8801,USD,2.9448621274317275,3348477,1.3328047188258278,409277769571.9539,USD,Retail trade,Strong buy,924.9243449020652,934.3834696547244,944.4013046842641,3.4126229094881944,-3.9247017426971276,7.169577536753604,904.3900200000005,912.2035050000004,934.4475020000001,960.4150755000001,44.44894450143767,22.785295,14.029393350248773
CVX,Chevron Corporation,204.12,USD,-0.743982494529541,4229380,0.3499189847757633,403294413587.15967,USD,Energy minerals,Strong buy,203.50564474979976,199.54662017324702,194.92020590653337,-3.2996186370419514,2.7122226135963445,34.143856997338425,204.27200000000008,209.25500000000017,201.07759999999953,185.2422000000001,19.56934404540487,16.351035,34.62660368104495
BAC,Bank of America Corporation,56.54,USD,0.9102266642869856,16098660,0.37877634717885766,395369993564.2345,USD,Finance,Strong buy,60.019796441225225,59.741951310016105,58.59823280201527,-1.7037552155771973,-9.376502644654593,2.743957841177536,56.54599999999988,60.02049999999999,61.53639999999998,55.302800000000104,13.01205928380742,4.609499,27.24983161039038
LRCX,Lam Research Corporation,313.7,USD,2.1291834874332474,3710034,0.3616261412404609,392539416472.3652,USD,Producer manufacturing,Strong buy,307.40483744302026,308.78680818976255,302.2706477157188,14.317991326846675,-0.28924700422746413,76.3845937587855,308.2759999999999,296.3550000000001,304.5536,270.92470000000003,54.42306691417567,9.473139,38.61340900346286
AMAT,"Applied Materials, Inc.",484.9,USD,2.245651027938846,2781987,0.4158914883507383,384815385131.9677,USD,Producer manufacturing,Strong buy,479.7391082046257,486.1046624978998,477.0620064836161,14.989684365292035,1.0755826072455847,81.55608806350158,474.0460000000004,451.8045,490.2438,421.416475,41.81181664539716,12.811121,38.26930872499227
KO,Coca-Cola Company (The),87.67,USD,-0.48808172531213695,6162345,0.39678499040107085,377204449228.94794,USD,Consumer non-durables,Strong buy,87.63913585125111,86.51759548353932,84.67434924727752,-0.14806378132117934,-4.923544084155723,25.51181102362206,87.9179999999999,88.26549999999997,87.47879999999988,79.60597500000017,26.41378686993462,3.305468,17.602664493498224
CAT,"Caterpillar, Inc.",816.24,USD,1.3647935423781445,1031746,0.4229750179552413,375205012397.28973,USD,Producer manufacturing,Buy,827.6997182789844,838.2640733581906,834.3362215924569,1.9293447720376187,0.004900759617736292,41.318236119046375,811.6039999999996,803.0345000000003,829.1265999999995,789.5389249999996,35.110419050404765,27.248557,18.21556423399235
MRK,"Merck & Company, Inc.",148.37,USD,0.2635491282605858,4058240,0.3771784788702297,366054244302.2556,USD,Health technology,Strong buy,143.64102914602984,139.35104502983228,133.7829258504724,0.8770737013869948,-3.874311629413664,40.59509144319151,148.96799999999993,147.86599999999999,140.37520000000004,121.66775000000008,118.59163935736551,2.741493,-80.7110590339341
DELL,Dell Technologies Inc.,568.195,USD,6.002574530801103,7035227,0.7539310017537896,361265643775.9342,USD,Electronic technology,Strong buy,515.271887516141,478.67396507301055,427.76805832478476,-4.2071988535783404,26.383513501490295,342.5194704049845,555.6550000000001,529.4417500000001,475.8279,282.9368250000002,32.984157944538296,25.893573,153.3204905738066
UNH,UnitedHealth Group Incorporated,377.89,USD,0.7679795205461175,2467854,0.5187504160706448,339192126182.3775,USD,Health services,Strong buy,388.8977739319751,391.00292014540565,386.08098555768714,0.6927975698792842,-4.652688416218807,14.202390486408076,374.94000000000034,384.9609999999999,399.407999999999,355.43467500000025,24.30004501318243,19.952299,-32.64203819448956
PG,Procter & Gamble Company (The),145.88,USD,0.1372872048325018,2887842,0.40174161737225794,338831427320.3012,USD,Consumer non-durables,Buy,145.8428523525047,146.11821285577028,146.62622546403685,-0.38240917782026923,0.4129955947136525,1.9355740339598781,146.6500000000003,145.9790000000002,145.96359999999996,147.52729999999985,22.03658665538754,6.975601,1.73974518573163
GE,GE Aerospace,325.865,USD,1.9028707236225022,2657058,0.5273301908818206,338105302771.3907,USD,Electronic technology,Strong buy,334.7045303711367,337.43659743464985,335.1693130737229,3.9010936453783165,-7.366820171698211,5.20258272800646,320.73500000000024,324.3272499999999,344.7133000000003,323.2780249999997,38.40890607135701,7.919278,18.431815961025716
MS,Morgan Stanley,196.89,USD,0.2903422982885051,2854674,0.4868760576266477,309228807228.38,USD,Finance,Buy,208.7773659535332,209.1627374020318,205.99471281352967,-2.5779317169718,-9.26728110599079,10.293252667843038,199.58000000000015,208.18650000000017,211.92620000000016,193.59175000000002,15.908503280436959,12.876914,40.22978086972287
PANW,"Palo Alto Networks, Inc.",377.38,USD,-3.216044316782935,3206641,0.45465579603368933,308696850630.74963,USD,Technology services,Strong buy,353.97205665680787,340.52561386367665,316.9088878971614,0.6145437579150855,14.200118019094887,104.19890698555272,381.3860000000001,361.04800000000006,356.57559999999995,245.24619999999993,736.3512195121951,4.188674,-67.97075182801076
NFLX,"Netflix, Inc.",71.1883,USD,-0.7413552704963757,13649563,0.3680470507862202,296423810776.4686,USD,Technology services,Strong buy,75.17385677151636,76.42960906250867,78.89368544481873,-0.11463448856461048,-13.237903717245581,-24.372357378094122,71.95765999999999,76.7479149999999,75.5377659999997,84.71289150000004,22.427162749669208,3.596993,35.26804738770987
PM,Philip Morris International Inc,189.585,USD,-0.9999999999999959,1367165,0.2971462966564448,295489745210.88,USD,Consumer non-durables,Strong buy,188.59274392936857,187.2840987837785,184.63120661704224,0.843085106382983,-2.776923076923073,18.298390116061412,189.927,189.18325000000013,190.06550000000007,176.94367500000033,27.251361957193577,8.390724,32.011992637431455
HD,"Home Depot, Inc. (The)",293.825,USD,0.5630091039769943,3916201,0.7718412318931369,293146150017.461,USD,Retail trade,Buy,315.52436859719865,321.79857042983735,327.65274905123135,-1.6254854693986935,-13.435759950505265,-14.443991497539534,297.05500000000063,309.029250000001,327.23410000000075,340.77192499999967,20.561005990035266,15.00623,-2.9250730249303722
GS,"Goldman Sachs Group, Inc. (The)",932.63,USD,1.0115998223743388,1008169,0.4078507823819388,271555192394.2639,USD,Finance,Buy,996.427356852365,1004.2833521262576,996.2096429171339,-1.7208312257629448,-12.098963242224317,5.501131221719457,940.2320000000002,987.7699999999995,1020.6572000000001,959.3066999999994,14.39372659898571,69.445325,42.76881720430108
ANET,"Arista Networks, Inc.",207.65,USD,0.9479824987846462,2746650,0.523470823970121,261893286250.78925,USD,Electronic technology,Strong buy,195.33884628410078,188.6414048492045,179.70802692468993,2.6192241166296077,8.771378434299786,54.904886236478916,205.4859999999998,196.63299999999995,190.255,157.044355,65.46755785358471,4.108193,24.726700747149035
CRWD,"CrowdStrike Holdings, Inc.",254.36,USD,-2.044903146301075,5012522,0.3723623277772364,260448072872.10104,USD,Technology services,Strong buy,220.89893466863978,208.69709476112334,192.5854059751486,3.0083407563365485,39.21203830369357,114.69198312236287,255.18599999999998,230.39450000000002,212.67579999999998,150.1226375,7124.929971988796,1.252918,nan
SNDK,Sandisk Corporation,1774.535,USD,1.1926757222203324,6095336,0.6410383057590051,259825650705.22916,USD,Electronic technology,Strong buy,1660.6730148708934,1610.6466064522135,1505.5429803044174,9.188715235047995,21.91340849289283,626.2267239615308,1799.6810000000005,1663.6254999999994,1516.6936000000005,1107.89525,24.344481683351006,212.534441,nan
RTX,RTX Corporation,188.33,USD,-0.14845448279518642,1746399,0.416282569261066,253823298617.74017,USD,Electronic technology,Strong buy,199.67560810399002,200.08093251333898,198.25120929390047,-2.419689119170978,-10.489543726235738,2.632152588555865,190.89199999999997,197.5065,207.6208000000001,194.68165000000005,33.16252861419264,7.246374,24.774794568704138
GEV,GE Vernova Inc.,951.005,USD,-0.4224953928631228,927411,0.368070161262349,253284567692.57047,USD,Producer manufacturing,Strong buy,964.0072203995674,974.6650708189123,968.4467442665505,1.7150282896777402,2.8252466549533715,43.832332612410944,950.8729999999999,931.0267499999994,972.7721000000004,910.3010749999999,27.222282652255057,30.640133,735.9407527936638
TXN,Texas Instruments Incorporated,276.3,USD,2.0875669684093974,1962704,0.29163929628459395,252330328477.39667,USD,Electronic technology,Buy,271.5337517416247,273.0480236901959,269.633681177904,5.937158522324258,6.065259117082538,57.91729774526334,272.37,263.10700000000014,270.97159999999957,246.22324999999952,42.03368171238191,8.511696,20.161231354197135
WFC,Wells Fargo & Company,82.74,USD,0.681431005110718,5354810,0.3823631082755145,250205700328.12943,USD,Finance,Strong buy,86.26931128981414,85.91183756949486,85.24394969074334,-4.080686297240911,-2.6473702788563362,-11.31832797427653,83.30199999999994,87.046,86.81119999999999,85.02600000000005,12.020921109981112,7.296297,18.045551210811553
TMO,Thermo Fisher Scientific Inc,672.205,USD,-0.9117174486652141,1335779,0.51501892911315,248545978364.48038,USD,Health technology,Strong buy,621.4176200755254,597.952265185722,574.1386080355114,2.3750780524207715,8.03159603362101,15.99741156169112,666.6349999999995,632.4312499999994,604.2005,540.2109250000002,36.15910533506902,25.109719,7.601479432074029
KLAC,KLA Corporation,187.72,USD,0.3260114371225403,4154687,0.43274917965718557,244975815296.12973,USD,Electronic technology,Strong buy,187.867471863936,191.56107493722848,190.6068470071554,10.099706744868035,2.3499263944168813,49.018424875566595,186.996,178.3905,188.88440000000014,175.93523499999992,51.18193963519372,5.501763,20.65993354607363
MRVL,"Marvell Technology, Inc.",263.755,USD,1.8555705734697847,8042050,0.46818501464588547,231286776841.92944,USD,Electronic technology,Strong buy,236.43410850136127,228.63580930032813,214.31339572952322,8.917210608939925,9.852083333333326,203.94858196910303,260.6689999999999,232.9797500000001,220.6058,162.5208250000001,86.85007738154039,4.207219,nan
C,"Citigroup, Inc.",134.41,USD,1.74867524602574,4892583,0.44150517131174866,225464286347.1336,USD,Finance,Strong buy,134.80209161352403,134.2486731912809,132.1218651229855,1.5564790328673987,0.6514901902051854,14.674515826294687,133.19199999999995,134.7425,134.09340000000006,125.42019999999988,14.509008085147725,11.193992,36.96699982257968
AMGN,Amgen Inc.,413.52,USD,1.8421830361540639,885667,0.2751455410113698,223562157219.54645,USD,Health technology,Buy,403.22364487920623,396.2971821379478,385.6059391255168,9.249425378457634,-6.231292517006807,25.777899443379873,405.80999999999983,404.84249999999895,404.67349999999965,362.11779999999953,25.687663063734625,23.076657,31.702528020944104
LIN,Linde plc,468.095,USD,-0.009612509078472053,726099,0.3697000150863883,215782516419.99014,USD,Process industries,Strong buy,477.5374673732005,484.45674212141085,488.39652281813767,2.11942056808762,-4.186879541500355,9.809280285258529,465.67300000000006,470.63174999999984,484.0425999999999,484.47080000000045,30.222685657468265,17.879893,10.101512738853511
IBM,International Business Machines Corporation,226.885,USD,-0.07707213952259816,2639155,0.43549883618575197,213756160912.87518,USD,Technology services,Buy,234.64536684369426,238.24499109301254,243.24744581960948,-4.610048349800296,-1.6536627654963147,-23.751512300040332,230.0030000000001,235.18824999999987,230.6880999999999,257.7217749999998,20.139092305097684,12.309159,82.7337312658146
QCOM,QUALCOMM Incorporated,203.48,USD,4.746216410995572,11837898,0.724171444044253,213701585226.7384,USD,Electronic technology,Buy,179.89195094288416,178.617833907252,177.4620503805199,6.3447266645761395,27.095565271705187,17.07844739295043,197.49600000000004,181.22950000000006,170.27179999999993,169.1387,23.549835655756677,10.53828,-16.66602368735774
AXP,American Express Company,309.94,USD,1.4002486422822653,1647519,0.4578523877581216,209305526399.49112,USD,Finance,Buy,323.8256832274303,326.93633177427125,328.500903197188,0.025818111405145575,-7.827276512222682,-16.119079837618404,307.2440000000005,319.52049999999974,332.0139999999997,334.08382499999993,18.804756704283463,17.648442,15.718377892608398
STX,Seagate Technology Holdings PLC,914.63,USD,0.9614535499823424,1970958,0.476387096088068,207980474535.32397,USD,Electronic technology,Strong buy,866.2261886298209,851.4916456529085,807.0765306893903,12.267242754912903,10.783672480620151,224.37138702698866,908.3149999999998,848.9022500000001,849.7026999999999,635.2505749999999,65.92403056076114,36.156756,104.84275800974459
APH,Amphenol Corporation,84.085,USD,1.2096774193548332,4684523,0.3857020185648347,207350843213.84274,USD,Electronic technology,Strong buy,81.146093995354,80.05263170189714,78.16993891147276,7.347121154091658,5.720751870245801,22.64439906651107,82.58300000000003,80.70949999999995,80.37569999999995,73.70070000000004,42.0993341010364,2.643019,59.36328093832282
VZ,Verizon Communications Inc.,47.045,USD,-0.5811496196111551,6875807,0.2917235968277074,195461406990.94928,USD,Communications,Buy,48.28926444060818,47.916855103630525,47.443153728691,-0.9578947368421017,-6.489763466507654,15.391219033603136,47.00299999999997,49.30174999999993,48.08809999999994,46.27215000000021,12.251302083333334,5.006083,-10.788960133816568
CRM,"Salesforce, Inc.",233.93,USD,-1.8008563512719302,4336989,0.3502415614989078,192524390986.9014,USD,Technology services,Strong buy,227.51340167255668,216.431778585657,207.9917630413695,-4.225179119754348,17.00010003000901,-11.724528301886789,235.88599999999997,248.10299999999992,213.68020000000013,201.25930000000028,21.32063434196136,16.752914,59.33315907176673
ADI,"Analog Devices, Inc.",393.44,USD,2.830558532186818,1251812,0.36316810919053105,190647427364.1061,USD,Electronic technology,Strong buy,379.5533842442181,379.65639318000916,375.7282822049458,8.348364888123925,4.953717288660067,43.032682589886214,386.9300000000003,368.9315,373.18370000000084,356.4769999999998,46.689134665590736,12.868242,114.37875241681084
GILD,"Gilead Sciences, Inc.",149.75,USD,0.04008283786492236,2699877,0.4286029357241407,185683275977.901,USD,Health technology,Strong buy,144.7838865419,141.79121956301964,139.05203412498145,-0.5379914984059526,1.1824324324324325,22.25487794922035,150.80799999999994,148.50074999999998,141.45529999999988,135.98812499999988,nan,-0.440237,-152.8405474220242
DE,Deere & Company,681.51,USD,-1.9325409387860912,629497,0.4862629483093457,183752404770.2105,USD,Producer manufacturing,Buy,659.0150447834345,642.7910729902517,623.7380868183354,-0.4746188445586775,7.808273352843474,46.24678111587983,694.7559999999994,681.8809999999996,640.6742000000003,582.7564499999994,37.87955423394381,18.11997,-5.943518537880851
SHOP,Shopify Inc.,142.62,USD,-1.7497933314962744,3662238,0.32145743789511483,183501174224.82285,USD,Commercial services,Strong buy,137.30915797630564,134.54340763816893,131.6757152591633,10.738411367342197,-6.41425243610355,-12.066095320303344,143.15599999999998,137.7899999999999,137.96139999999997,129.93089999999998,98.24695794021693,1.8788665415999999,-19.900471515478106
DIS,Walt Disney Company (The),105.335,USD,-0.21314892004547983,3084806,0.3581273089490068,181880559314.81393,USD,Consumer services,Strong buy,104.4713961422056,103.74912617875304,103.37608165403427,0.27607215955066117,-5.359389038634325,-7.144746121297606,104.48100000000002,105.81775000000009,103.4706999999998,103.99912499999976,21.726620188936096,6.912083,-23.99034240561896
TMUS,"T-Mobile US, Inc.",165.855,USD,0.3054127608103995,2165551,0.3583398699241187,177907959903.58057,USD,Communications,Strong buy,175.95399789819575,178.82905236153908,182.88735125675814,0.6676580376923276,-8.31674958540631,-17.995055624227447,164.90900000000016,175.90674999999985,178.82989999999975,192.06927500000032,17.356837875172673,10.924998,-9.885985345014564
BLK,"BlackRock, Inc.",1079.67,USD,0.5794401229680028,208704,0.389592425437975,175420659748.93536,USD,Finance,Strong buy,1096.9387189541185,1091.5117452820366,1081.4974579597433,3.106556907385829,-8.16868105230031,0.7681251399985083,1074.188,1088.4669999999999,1108.2503999999997,1061.3609750000005,26.858264425803757,56.224057,-2.840666020529752
PEP,"PepsiCo, Inc.",128.34,USD,0.14826375341396622,4028863,0.39939846899581555,175170164134.75177,USD,Consumer non-durables,Buy,135.2872381104246,137.67723299925552,140.5011215188246,-2.9271613342409837,-10.056766416707545,-10.389610389610386,129.4899999999997,135.22599999999989,137.83659999999944,147.80634999999967,16.832137657875066,8.550827,39.01002734731084
ABT,Abbott Laboratories,101.03,USD,-0.039576531117039716,3856540,0.42406961394758735,174820624350.1777,USD,Health technology,Strong buy,104.4934905368037,103.66241475421899,103.08272683371071,-0.7856230973190584,-12.452339688041597,-18.981555733761027,102.45200000000015,104.99950000000013,107.00059999999993,104.64320000000005,32.65563384834185,5.517003,-61.310089540293134
T,AT&T Inc.,25.36,USD,-0.3536345776031429,13265870,0.33602560381120067,173776507631.71396,USD,Communications,Strong buy,25.133527478884655,24.832738357081702,24.766951887532805,1.1164274322169105,-1.7815646785437678,2.299314239612748,25.333000000000002,25.731249999999996,24.75910000000005,25.15002499999995,8.38652071827772,2.341594,72.38057234066811
SCHW,Charles Schwab Corporation (The),99.83,USD,0.3417428887325394,2814009,0.298382498461278,172639578561.1171,USD,Finance,Strong buy,105.1389636994934,103.97420230139183,101.93588114112399,-4.633167749331303,-7.778290993071596,0.0601383181317052,101.21000000000004,106.01750000000001,106.66500000000002,98.2833500000001,18.153549607215595,6.49598,48.05481517378779
SCCO,Southern Copper Corporation,203.08,USD,0.744121440619109,430155,0.46932859024015156,171469317912.95486,USD,Non-energy minerals,Buy,196.73902247321024,193.0839660236069,188.01032438864507,3.185813728977191,-6.809838472834056,42.73590683996388,202.16000000000014,199.9255,194.80135935520005,180.22815758269985,30.416223583506824,7.672106,55.917519032273155
ETN,"Eaton Corporation, PLC",437.39,USD,-0.5931818181818213,798475,0.35012045002914405,169882273329.93286,USD,Producer manufacturing,Strong buy,423.67137101028777,419.2723931315125,411.9721080525241,6.2967823466511055,6.170352210112377,35.32687726246094,438.8140000000006,413.88599999999997,419.04980000000023,386.81785,44.50311854542494,13.553116,-1.1197633707593861
MCD,McDonald's Corporation,236.88,USD,-0.059066745422333464,4235087,0.6078201321076735,167626116684.08502,USD,Consumer services,Buy,255.4611280553523,261.9391528942305,269.8970053989389,-4.587747210698035,-11.776536312849164,-22.40820203740706,242.08999999999992,252.3395000000002,262.52219999999994,291.83675,19.23851601585342,12.895552,5.462051716901772
WELL,Welltower Inc.,231.2,USD,-1.031633919780842,1082781,0.3933462433666612,166636229195.32208,USD,Finance,Strong buy,233.59121560724878,232.06603957321784,227.5856258218065,0.6968641114982553,-4.447016035708389,24.56225418889067,231.56599999999986,234.7760000000002,237.1745999999998,213.07314999999969,nan,2.84054,-145.4237568148026
WDC,Western Digital Corporation,456.01,USD,1.2657946747795938,3870992,0.5146835012351565,164410265895.07315,USD,Electronic technology,Strong buy,466.56936310376165,474.1005228828604,463.34901940065214,6.67025345325676,1.3637121422617373,157.34198645598195,458.55599999999987,449.997,473.9216,393.2601249999999,18.862796844687303,20.387885,370.6348433819378
UNP,Union Pacific Corporation,272.845,USD,-0.4469661035501755,767277,0.2875126439283176,162090534262.45358,USD,Transportation,Strong buy,286.00999759334564,285.57883000788246,280.9615779235386,-2.988444444444435,-11.623424999190227,17.936027663713006,273.29700000000037,284.4447500000001,292.8780999999999,263.82562499999995,22.0950383441172,13.065728,7.263409337676438
PFE,"Pfizer, Inc.",28.43,USD,0.0703977472720858,12591064,0.3765124368802883,162041712181.18445,USD,Health technology,Buy,27.53342857089299,27.098323111516105,26.738981358675,2.85817655571635,-0.03516174402250901,13.811048839071255,28.13800000000008,28.045499999999997,26.977400000000042,26.33480000000002,37.64565677966102,2.974856,-59.82765040693653
NEE,"NextEra Energy, Inc.",75.9,USD,0.3702724147051059,9852427,0.8382283951379312,158325756556.22983,USD,Utilities,Strong buy,81.82179913489789,83.52435206321778,84.98810110190274,-5.912978802528816,-9.814638783269952,-5.655686761963949,77.48600000000003,81.05900000000005,84.33360000000012,87.53399999999999,17.02977405820189,4.028315,55.29809401024427
DHR,Danaher Corporation,224.225,USD,0.20333378022075527,2795927,0.5934668336030317,157627057691.32065,USD,Health technology,Strong buy,210.08768143049627,205.9206962945844,202.4679474195252,5.4481753197893195,5.156403883130894,-2.0038459857523745,221.29700000000008,211.38374999999965,205.88329999999988,201.80177500000028,39.81197066813444,8.50597,19.62321056879488
BA,Boeing Company (The),199.23,USD,1.2347560975609646,3300580,0.42186430925665963,157465416568.9163,USD,Electronic technology,Strong buy,209.1277173843935,212.52416593876683,215.17674301670226,1.219326322206969,-5.92596090282369,-8.672931469172594,198.96599999999975,204.9619999999996,214.3954000000001,221.08730000000068,90.73230713179706,-0.994718,nan
IBKR,"Interactive Brokers Group, Inc.",89.9451,USD,0.13927855711423218,1511660,0.3821754730649544,153024426034.97488,USD,Finance,Strong buy,91.26126082670083,90.50299010204206,88.27665258898503,0.039039039039038936,-7.871453446686469,37.50970799571932,91.2830199999999,91.10125499999992,91.241502,80.74825050000001,35.80902141890278,2.701896,31.735459170294224
COP,ConocoPhillips,127.37,USD,-1.523117365084273,2747523,0.36141872004385106,153014356151.91714,USD,Energy minerals,Strong buy,128.89387738794474,126.19340748994517,122.8839496612087,-4.117735621800661,-2.090860173725881,36.064523021044764,127.52000000000001,133.26100000000025,127.1322,115.76442499999997,16.874892354164736,10.398357,1.262443317502483
BX,Blackstone Inc.,118.18,USD,0.8275744390410487,2521810,0.6685041932049515,146760279685.67786,USD,Finance,Buy,129.05390408573456,129.24335858014985,128.92714756161968,-4.908271644673314,-17.397078353253644,-23.82364316101585,121.01599999999992,129.18949999999992,133.58699999999996,129.41659999999982,26.51142966103596,6.017528,20.325532431775855
TJX,"TJX Companies, Inc. (The)",130.04,USD,-1.2079313226468156,5339180,0.519914138670614,143040624138.68024,USD,Retail trade,Strong buy,136.07396998246892,140.9881227670355,145.27834025390047,2.8634709697832545,-6.580459770114941,-15.145187601957591,131.002,129.37949999999998,143.2291999999998,153.13515,24.05163963230806,5.282981,23.37585286265203
ISRG,"Intuitive Surgical, Inc.",402.55,USD,0.7584100921105401,1579450,0.6779133599728743,142212073367.90012,USD,Health technology,Strong buy,384.5640887415153,388.2013009147367,400.6970404080603,5.514927524835527,9.243127357594506,-28.97596951197995,400.822,378.9249999999995,373.8772999999996,450.8846749999996,46.13700702570745,10.799172,21.753509530853165
UBER,"Uber Technologies, Inc.",69.41,USD,0.27448714244437694,6897294,0.3948276157763024,141774104640.17032,USD,Transportation,Strong buy,72.71878050208366,73.11595226961848,73.67268440096136,-2.0946470131885175,-14.89700833742031,-15.394929302779142,69.756,72.57500000000012,73.29720000000016,75.15032499999984,15.256621606769974,3.365995,-22.807404516687306
NOW,"ServiceNow, Inc.",136.56,USD,-0.8854695892001734,4282391,0.3585776137994594,141203038749.17465,USD,Technology services,Strong buy,131.1148281065623,125.90768133681622,121.94720818416192,-2.254670388662233,11.632469549579012,-10.791742879540115,137.95999999999995,138.80000000000013,125.80539999999998,116.63643000000023,85.28070942359334,4.072535,0.7740717432347375
GLW,Corning Incorporated,156.34,USD,1.420694129095036,2649735,0.3064830705762766,134669442375.71678,USD,Electronic technology,Strong buy,157.6283626670377,160.14812316191492,159.68482693634945,2.855263157894739,6.353741496598642,75.84073782476663,156.7279999999999,153.227,152.76959999999994,148.85030000000003,71.70901752132832,3.288196,130.83112758073054
VRTX,Vertex Pharmaceuticals Incorporated,525.43,USD,0.5838661510777509,314254,0.3040369007574268,133175973618.06184,USD,Health technology,Strong buy,517.4559802361566,508.39005490700384,496.03777274153475,1.7604679087422856,-4.439473301324036,15.646872386318611,517.972,526.8325000000002,514.2913000000003,471.8475250000001,30.568694185065592,18.665348,22.86012451484244
PLD,"Prologis, Inc.",133.235,USD,-0.4371543864892987,1350046,0.3946949081618635,129141377111.2687,USD,Finance,Strong buy,137.56896458882437,138.90025772491109,139.1861768282333,-0.10122216390491932,-7.0820838273240625,4.301706591514027,134.54300000000018,136.21925000000005,140.39469999999994,137.902975,29.667112001781344,3.68,22.353902738046575
CB,Chubb Limited,334.3,USD,-0.1612710548321478,761583,0.4810004375584843,128972883498.26816,USD,Finance,Buy,340.2800385607475,340.3228208810478,337.7499268726325,-1.505553755045524,-2.4738899585740013,7.678928042259884,335.47599999999954,339.14300000000026,344.91839999999945,329.3142000000002,11.830654950437236,27.694077,24.675593990602046
BMY,Bristol-Myers Squibb Company,62.665,USD,1.8943089430894295,5116021,0.38550944660798214,128006710384.54536,USD,Health technology,Buy,63.72322482325208,63.01256284288914,61.771409485987206,-0.07175889012916872,-7.485052041042297,17.769216312723167,62.03700000000013,64.34424999999993,64.34970000000004,59.13487000000001,13.804687844208486,6.954193,83.16587983698503
NEM,Newmont Corporation,121.41,USD,0.09068425391591049,2021528,0.29135885422825886,127928780595.59804,USD,Non-energy minerals,Strong buy,120.51215982742445,116.96899160358457,113.57809159852414,-2.0887096774193576,-8.466525934861272,20.219823744925243,123.314,125.12449999999998,115.49759999999996,111.03610000000002,15.330900458373845,9.447552,42.18029048995494
FTNT,"Fortinet, Inc.",174.29,USD,-2.451446801365644,1379919,0.2865167517491379,127878946049.99684,USD,Technology services,Buy,162.89052478447869,157.32237167457836,147.5171922436771,1.061115621013559,15.042904290429037,117.94422908590721,176.238,166.67550000000003,161.58140000000014,116.1818000000001,61.412966878083154,3.449623,13.261763179949714
NET,"Cloudflare, Inc.",350.59,USD,-2.293629117663458,2122760,0.6490460054727828,124837989624.55563,USD,Technology services,Strong buy,308.5383922456982,293.47628491014797,275.0481156043089,3.72485207100591,28.036666423197715,76.2644544997486,353.28199999999987,317.4499999999998,299.7599999999999,231.59314999999992,nan,1.261463,-72.17134416543573
COF,Capital One Financial Corporation,200.915,USD,2.1896139565637447,2312181,0.591219437057408,123258299425.86725,USD,Finance,Strong buy,208.52428406946552,207.8811290324578,206.41169554764548,-0.1912568306011025,-7.0870329263781064,-17.77573153263761,199.8189999999999,207.93675000000002,212.04749999999993,206.70732499999983,12.443562222456196,20.433266,731.4160659114316
PH,Parker-Hannifin Corporation,974.61,USD,-0.03794949639992662,330570,0.5614950644758785,122910414908.68018,USD,Producer manufacturing,Strong buy,973.4074490186757,971.2283790423886,961.1005386009342,5.347298787210588,-4.922590652345686,10.54888215877769,968.7640000000004,953.9089999999997,987.8598000000013,942.8162500000002,34.210646401179424,35.249055,5.019759057463465
BKNG,Booking Holdings Inc. Common Stock,163.17,USD,3.6592338479130877,5050841,0.5135068237861977,122602757922.32877,USD,Consumer services,Strong buy,181.62662870678022,183.52158007653523,183.66773111535284,-3.535323677209588,-23.91233387736069,-23.848984186425085,161.84399999999982,177.80599999999953,191.23299999999978,183.89507600000002,18.04698387417878,10.454342,57.21166385561022
SNOW,Snowflake Inc.,338.84,USD,1.4491017964071782,2113163,0.5500305564867352,119542747863.92012,USD,Technology services,Strong buy,323.32280525587214,306.1342477974539,282.7035134443519,0.06792475118867172,9.501034126163384,54.0882219190541,336.726,332.2604999999999,317.0912000000001,225.0597500000002,nan,2.21536,23.458070116217392
LMT,Lockheed Martin Corporation,517.3801,USD,-1.2067786900897604,673976,0.5649089215370563,119406547318.72697,USD,Electronic technology,Buy,539.8458174146858,544.4636586314332,547.5395505712985,-3.650024209467773,-7.445420393559934,7.062617692705633,524.7000199999997,533.4670050000003,557.265802,561.9949005000003,19.06801580340097,30.443945,52.76697088614012
PGR,Progressive Corporation (The),205.05,USD,1.4245437008458346,1452060,0.44221941606547205,119154548914.52739,USD,Finance,Buy,213.41592589353186,213.30270852575913,212.618932293525,-4.209100252265715,-7.6767221972084565,-4.334235327050477,205.90600000000026,215.2144999999999,214.13380000000026,209.68007499999982,10.280050535434967,18.029865,12.29942911191433
SPGI,S&P Global Inc.,402.97,USD,-0.06943583384996224,737418,0.4687029854520021,118795551081.41763,USD,Commercial services,Strong buy,416.81000379325934,417.626644561254,418.59557645613285,0.3911310413552691,-6.418801235456675,-18.354273487074686,403.9260000000003,419.02099999999916,421.5900000000002,425.9907299010003,24.53887234573765,17.87405,26.218823258137665
MO,"Altria Group, Inc.",68.7,USD,-0.261324041811836,3096315,0.3710314547782529,114711401114.61674,USD,Consumer non-durables,Buy,68.93725084212969,69.15920175990966,69.03514665827039,-0.9229881742140187,0.45328264366135734,19.146722164412083,68.74000000000001,69.095,68.9608,67.13250000000001,14.46711731631815,5.678953,-8.228814378200786
CVS,CVS Health Corporation,88.85,USD,4.467960023515576,8178935,0.9569080600600472,113636518512.67842,USD,Retail trade,Strong buy,93.61967580784386,94.6235010260269,93.75859636621499,-1.3764013764013865,-4.616210413311874,12.071140262361242,86.89199999999995,92.62350000000004,97.06399999999994,87.50745000000008,23.456268644895587,8.023222,5.683276602868143
MDT,Medtronic plc.,88.19,USD,-0.361541068805793,8493259,0.8251949710209263,112807166837.55856,USD,Health technology,Strong buy,89.84573423762701,88.65791481687192,87.82643703007282,-4.4321629822280055,-3.173034694773826,-8.173677634319043,89.70400000000011,91.69,89.45279999999997,88.95975000000003,21.711514315960514,5.976223,12.151416422773199
VLO,Valero Energy Corporation,383.25,USD,0.1018649114558811,2512814,0.5170985860412254,110348194713.99272,USD,Energy minerals,Buy,364.9909363624162,343.169877913699,316.5974181039284,-6.978155339805825,14.133833646028762,134.7626339969372,382.4719999999999,382.493,346.49139999999994,254.67040000000006,15.897740094245703,48.009912,899.6350970310168
MPC,Marathon Petroleum Corporation,391.61,USD,0.16881954214094513,1050505,0.27508798321900585,109973778905.56987,USD,Energy minerals,Buy,374.6613824847248,351.47927400131823,323.282208797623,-6.81942560734765,11.636591693035717,140.47282775560333,392.5999999999998,395.269,356.5394000000001,256.31665000000004,13.482639307293729,56.546785,330.27183171616923
ACN,Accenture plc,177.21,USD,-0.11273321684233618,2857292,0.5583502566976228,108442268632.73904,USD,Technology services,Buy,177.9339221084981,175.39216781135912,177.45503337521794,-6.029271396754695,-2.818755141211948,-34.07120800625024,181.59400000000002,185.46049999999983,175.35120000000003,197.9813999999998,14.152118704978518,13.864556,-0.3414327441164492
SBUX,Starbucks Corporation,94.36,USD,0.7581420181526896,3644972,0.4828134829369888,107570401753.19167,USD,Consumer services,Buy,100.51823674967487,101.53821569328439,101.33620836571723,-2.116182572614114,-11.08598351001178,12.039895511754928,94.43200000000003,99.74600000000012,103.24400000000006,98.4868250000003,54.4081185492706,2.614849,-24.99351267191419
HOOD,"Robinhood Markets, Inc.",119.315,USD,-1.2456546929316301,10035129,0.43947605860462063,107274002924.93773,USD,Finance,Strong buy,111.56145331082232,107.0939539290242,102.74794498546818,5.271748720663485,8.364742745561049,3.322710819376854,122.07699999999997,114.7067499999998,104.24589999999998,94.62735000000002,52.836329820210786,2.152404,14.69930922389272
LOW,"Lowe's Companies, Inc.",188.47,USD,-0.010610642474407253,1607090,0.492970411683315,105741853498.35071,USD,Retail trade,Strong buy,201.54235458018124,206.78944305144466,213.36989206994673,-2.498706673564414,-12.37621460783858,-21.958592132505174,191.07599999999996,197.03699999999998,207.0627999999998,233.1546100000004,15.93772726503966,12.277789,-2.844326136251599
ADP,"Automatic Data Processing, Inc.",263.5,USD,0.1482269773098652,601363,0.24066847039053405,104678730469.34932,USD,Technology services,Buy,268.2270815701616,262.5989810909888,255.16410890532273,-2.9858988991568842,-6.191035636726116,2.5172158891958247,265.9739999999998,273.39449999999977,270.13260000000014,238.02620000000027,24.07954015845891,12.258692,9.619738344719813
SYK,Stryker Corporation,272.55,USD,1.0379981464318855,1447097,0.511767493901463,104542828934.97775,USD,Health technology,Strong buy,297.5661574244008,305.9801337558266,313.8673255857377,-1.9674843536436122,-17.190775681341712,-22.412320655887033,272.9960000000001,288.04750000000024,315.2963999999998,332.13922499999956,28.23971900158528,14.990284,27.708308522885172
SPOT,Spotify Technology S.A.,507.67,USD,-0.7254878954984512,453195,0.3083705985939452,104520288280.24734,USD,Technology services,Strong buy,515.2823578700587,510.2722676622531,507.4649871452402,-3.7464687257076648,-7.696363636363633,-13.349149996586329,509.5040000000001,532.2054999999999,515.7306000000001,502.9816999999997,31.607488622001412,13.90887590815,285.97793958618695
APP,Applovin Corporation,311.9686,USD,-0.1604634044868456,1989541,0.3777737865029097,104400602233.37279,USD,Technology services,Strong buy,333.79719885823926,359.32635800119533,390.0916303175281,-3.531772782089739,0.8725708927474373,-54.34850812883211,319.7177199999998,318.53893000000016,343.4445719999999,466.40651799999944,23.978770503143686,15.756679,93.2791585577823
FCX,"Freeport-McMoRan, Inc.",72.27,USD,0.2635960044395085,5351229,0.5505261141910403,103780984185.58185,USD,Non-energy minerals,Strong buy,70.9307963868538,69.35508128736215,67.16920473713542,1.7887323943661915,-8.91101588101841,39.71967133881101,72.68799999999993,72.64000000000001,69.61799999999998,63.01330000000001,35.68536440845349,2.965785,53.400999848507794
BNY,The Bank of New York Mellon Corporation,149.89,USD,-0.19974698714961808,1949364,0.43612616964413176,101700988755.57333,USD,Finance,Strong buy,156.50512428965482,154.6712978641609,149.99824182832774,-1.556548009982927,-8.63151478207865,29.2043789328506,150.73000000000002,157.6185000000001,158.70119999999991,136.05425,17.45057862015973,9.248255,31.18795246968262
PSX,Phillips 66,254.255,USD,-0.6311798960409618,1912230,0.4922665018287097,101453058148.46107,USD,Energy minerals,Buy,245.7336367589351,232.47878637918552,216.6497940444297,-6.6063032618278035,8.62812953943433,97.09689922480621,257.027,258.27224999999993,235.74269999999996,181.110225,14.471879286694103,28.029201,322.8171929149018
MCK,McKesson Corporation,865.36,USD,-0.4601085856262078,224315,0.24175897369131244,100892634435.66081,USD,Distribution services,Strong buy,869.4118077327969,858.9779106230654,848.7210619006777,-0.850156969683077,-4.437131435386615,5.789731051344745,878.5840000000004,891.3870000000003,873.3416000000007,845.8367999999989,23.156666613147518,44.626637,49.10940866650705
EQIX,"Equinix, Inc.",1012.29,USD,-2.171518033167114,400159,0.8302260637194288,99884360207.63313,USD,Finance,Strong buy,1036.0554442637324,1040.0704885989896,1032.9804625009983,-1.016442012936533,-4.916261987732841,32.125143573143994,1040.2459999999999,1031.547,1044.9419999999998,980.8598749999999,65.14721498214112,17.232726,52.11304833041284
TT,Trane Technologies plc,453.645,USD,3.4443836366123866,787737,0.6932473208442029,99812416573.9558,USD,Producer manufacturing,Strong buy,451.41480249356584,455.2826595702523,455.96436390124535,7.788720848728208,-1.0221892522854716,16.05735775685632,440.0830000000002,438.07074999999975,455.9831000000007,446.2254750000004,34.36314055220998,15.277994,4.751362803208827
PWR,"Quanta Services, Inc.",647.96,USD,0.6930846930846988,358530,0.4287264541549205,97416498959.6974,USD,Industrial services,Strong buy,644.3035193641086,647.5064453451063,641.854618932339,4.909008483906491,5.704823895985257,52.47911519002236,642.3200000000006,626.5634999999994,641.4034,600.5627499999997,74.21287123042916,16.724751,35.41417869938117
DDOG,"Datadog, Inc.",270.29,USD,5.203954538377706,3441355,1.044814613872893,97054398328.03915,USD,Technology services,Strong buy,240.5245513911046,236.0745973532698,224.93665588594195,13.348150633229897,22.6027397260274,96.93260473588344,254.24499999999998,232.07325,242.74629999999993,181.72884999999994,552.1756894790603,2.532391,41.43311181739381
VRT,"Vertiv Holdings, LLC",251.7,USD,2.6090501426824204,2755706,0.5151173153438267,96901528552.72563,USD,Electronic technology,Strong buy,264.0993245503173,271.2249228644738,273.7459537528558,2.238108777773261,-1.9134094540353161,48.52624435724189,250.01999999999998,254.45649999999995,265.91439999999994,262.75255000000004,56.95343259265963,6.723175,111.13128224727693
SO,Southern Company (The),82.7,USD,-0.22921944746048706,2691352,0.43659726948748745,95135022468.55833,USD,Utilities,Buy,87.78443155864511,89.51648610445902,90.88607352886196,-4.204795551951808,-8.02935943060498,-5.127910978547664,83.93400000000005,86.64550000000004,90.52820000000007,92.20912499999991,19.95463758324486,4.591376,7.0047248973690355
CME,CME Group Inc.,262.965,USD,-2.210776839834907,1206806,0.683590140014629,94556758458.54274,USD,Finance,Buy,270.7454645507453,269.6355042064981,270.38769429717894,-3.2825775129648065,-5.547573722208272,-3.4086943745523444,269.08299999999934,276.0992500000003,268.7706,278.60262500000005,22.30085568662703,12.249739,14.121324739175051
ABNB,"Airbnb, Inc.",157.12,USD,3.784926349164422,3254303,0.5971349037571096,94081208417.02942,USD,Consumer services,Buy,168.03217582630208,164.51290956634674,158.3192431133645,-5.043362644668056,-17.435627955859175,15.580403119023105,157.3479999999999,170.65124999999992,167.9896,142.711525,35.71314922150245,5.322205,6.145049218297618
HCA,"HCA Healthcare, Inc.",431.25,USD,1.8347973930291823,590731,0.3616843380838214,93366272296.59605,USD,Health services,Buy,419.22866424997244,416.46374930797634,419.21482235882826,0.4846564298529683,0.8771929824561403,-7.417346500644055,431.06000000000006,421.29500000000024,410.89900000000017,447.23475000000036,14.438094472846338,29.468998,25.46742221531456
CEG,Constellation Energy Corporation,262.9084,USD,0.49246999464871466,905875,0.2952864925209518,93150382817.9162,USD,Utilities,Strong buy,271.2517417169181,272.2433484041836,275.6937241293666,1.0214793467819296,-5.496621135873479,-26.561899441340792,262.79568000000006,274.25167,271.9306679999998,290.35736699999984,25.6046357615894,12.060054,7.150310973828108
HWM,Howmet Aerospace Inc.,232.545,USD,1.379806434737114,1133841,0.4002735091639479,92739271584.28976,USD,Electronic technology,Strong buy,249.82237484065615,255.43828153534645,256.0329177977469,2.9962795641775117,-12.619772291737124,13.166090807338545,228.6869999999998,236.87375000000003,263.1075000000001,247.63077499999977,50.155289550307344,5.334403,35.486981677917065
USB,U.S. Bancorp,59.35,USD,1.6267123287671281,3236945,0.35689660548404495,92470359752.6644,USD,Finance,Strong buy,61.53804800034347,61.33075997659204,60.33581877239075,-0.835421888053467,-4.963971176941555,11.28820551284456,59.22199999999998,61.291499999999985,62.696,57.54739999999999,11.842052755497027,5.231648,19.95117514719256
ADBE,Adobe Inc.,236.09,USD,-1.1886326539153742,1769118,0.3400734967259873,91886228065.2155,USD,Technology services,Buy,252.5225492211157,251.29623191833159,252.06422451660333,-6.157833231312252,-10.973264451902407,-32.67555428815855,240.69600000000008,259.7275,257.4304000000001,262.68697499999996,13.17091675918126,24.483349,11.656430253273378
MAR,Marriott International,351.53,USD,0.0056897385565081535,613137,0.38395270959947836,91667178715.07259,USD,Consumer services,Buy,349.18843388646206,353.3338003534115,354.20084218299456,5.3020998711919205,-1.8250876237554703,13.195942682337776,349.0839999999999,339.4095,352.79820000000035,347.7995499999999,36.43477539851993,11.718387,8.838426568298985
GD,General Dynamics Corporation,338.07,USD,0.5293050640815881,654498,0.5285053822118999,91467271527.33113,USD,Electronic technology,Buy,360.7486005554231,363.25278120625774,361.8827422537795,-4.897603240688653,-10.57532072477186,0.45462649313602327,342.9960000000002,356.4099999999993,373.55040000000076,355.3951499999998,20.611259465193694,16.998338,10.135098839707785
JCI,Johnson Controls International plc,149.765,USD,3.0304072647220504,1672613,0.49770824186361184,90718878541.68462,USD,Producer manufacturing,Buy,145.72620566367013,144.84783796238528,142.87106349092716,6.178660049627774,4.93623878923766,24.327577619126675,146.52899999999988,142.85575,145.02589999999998,136.7616500000001,26.034767492394607,5.073155,70.84942084942087
PNC,"PNC Financial Services Group, Inc. (The)",225.76,USD,1.0835497447837321,752921,0.3904116049348019,90065520232.38469,USD,Finance,Strong buy,239.17662068757036,239.85095332564921,237.2000912113223,-2.471055814757214,-7.75139950149144,8.158865520049826,226.86800000000002,236.89550000000023,244.97079999999983,227.75205000000005,12.417085592968638,18.98315,24.22383164799126
CDNS,"Cadence Design Systems, Inc.",324.34,USD,0.7267080745341538,1416039,0.5399022323465507,89320967361.56479,USD,Technology services,Strong buy,314.3870934622356,322.11629190179184,327.1350716195608,15.042741105948272,-1.2663622526636302,2.7367754197022447,310.65600000000006,299.4672499999998,318.33910000000003,325.52022500000004,64.52986351518045,8.139418,35.99761891877266
MELI,"MercadoLibre, Inc.",1755.875,USD,0.09947951406109529,440575,0.5433241758817711,89017244354.65059,USD,Retail trade,Strong buy,1841.6368373278003,1832.714060760208,1826.1010912695433,-3.797686816167087,-12.003417878209277,-13.399176345836105,1791.259,1879.295499999999,1870.7127999999998,1845.1309750000007,47.78216205184026,37.703278,-9.254677097532534
EMR,Emerson Electric Company,158.63,USD,1.5947226847700842,994368,0.44863863075270444,88483811718.18254,USD,Electronic technology,Strong buy,153.53610749449422,151.6472047335529,149.0598314830424,7.47289972899729,1.9604062218794078,19.06477520078061,155.0539999999999,151.20149999999995,152.81439999999995,144.09599999999995,34.66337434171711,6.561688,-1.699102117970537
DUK,Duke Energy Corporation (Holding Company),113.13,USD,-0.08831581736289722,2296634,0.5554928702362856,88207713572.74113,USD,Utilities,Buy,119.2709897679181,121.02811451065106,122.44342187330292,-4.06207598371778,-6.9654605263157885,-3.4562211981566917,114.71600000000005,118.36949999999997,122.1532,124.03654999999992,16.972724817715367,6.710651,8.975868157739853
MMM,3M Company,169.99,USD,1.4744508118433612,1307683,0.45061050643566136,87667655070.39876,USD,Producer manufacturing,Buy,169.75821936696568,168.56490568166896,166.13535718284956,3.782166732806265,-5.822714681440438,6.177389131792639,168.4159999999999,167.18999999999983,173.44359999999983,160.66794999999985,30.182883522727277,8.938861,-21.668984700973585
KKR,KKR & Co. Inc.,96.61,USD,1.0142199916352979,1578032,0.45404544707104183,86720576705.95567,USD,Finance,Strong buy,101.78376038695778,101.73243280312633,101.82332648048704,-0.922982258229931,-10.08841321544905,-25.03879577901924,97.74599999999992,102.26699999999997,103.86979999999996,104.13380000000019,30.797921514871373,6.625777,50.4364089775561
CSX,CSX Corporation,46.755,USD,-0.41533546325878656,5343001,0.4590747167375066,86612463183.69392,USD,Transportation,Buy,48.72598144898673,48.68270984129442,47.759874544549774,-1.8370774721813983,-8.806319485078994,28.465448550625084,46.695000000000064,48.342249999999964,49.8247,44.053774999999995,27.001039501039504,2.007571,6.402851173651228
ICE,Intercontinental Exchange Inc.,154.275,USD,-1.6918371248327286,1361553,0.4979718358239612,86609127850.1448,USD,Finance,Strong buy,155.0770382931213,153.37115638525881,152.6278330363376,1.1838394438250193,-4.272151898734172,-4.378951283004833,155.17099999999996,157.35875000000004,154.25149999999994,155.24149999999992,21.787484641782825,8.095145,35.9202242014742
ELV,"Elevance Health, Inc.",395.79,USD,-0.6177024482109176,598789,0.5068399682652085,85834697560.6965,USD,Health services,Strong buy,401.86836922901193,397.7487345431612,389.9344622187568,-4.555319764637789,-0.8045112781954836,12.841054882394873,400.86800000000017,406.8059999999999,396.67160000000104,364.8321250000001,17.591370321479527,27.168012,-4.238366624246124
BE,Bloom Energy Corporation,288.1,USD,8.04425276579788,13973308,0.7321671158053727,84853325791.80687,USD,Electronic technology,Buy,253.9028513763675,246.576555283047,236.30774698456577,1.329487900956679,34.66392446480323,218.09649994479415,275.8719999999999,256.4655,229.66320000000005,202.95274999999998,392.560294318027,2.698799,15514.893617021275
LITE,Lumentum Holdings Inc.,945.95,USD,1.8201584431240938,3183763,0.6720201502849386,84851710106.52318,USD,Producer manufacturing,Strong buy,899.2998165059416,877.3308937509547,840.4974021923349,3.307996417884376,7.494318181818187,149.34103010174496,942.4300000000003,911.9110000000001,859.1515,729.2504750000002,nan,21.548783,-34971.96776929601
HPE,Hewlett Packard Enterprise Company,63.46,USD,-0.09445843828715723,10233276,0.4786712433444659,84240911845.125,USD,Electronic technology,Strong buy,57.01856192539403,53.58749793316287,48.840089515023514,2.852512155591569,18.83895131086143,161.36738056013178,62.41799999999997,57.38949999999996,53.95539999999999,35.90830000000001,33.08999895713839,3.82045,142.2076281889366
WMB,"Williams Companies, Inc. (The)",68.86,USD,-2.4369509776140537,3706000,0.49899885157555185,84227314890.01787,USD,Industrial services,Strong buy,71.98916409624829,72.38283281635977,72.29550983231093,-3.4898388227049684,-3.232152894884763,14.556646148727333,70.636,72.77700000000002,72.6072,70.94784999999987,27.487924633747156,2.447432,26.392532795156416
MNST,Monster Beverage Corporation,42.965,USD,0.6913522381064019,4109860,0.4336356622468338,84170655162.75685,USD,Consumer non-durables,Buy,44.87069887367004,45.11203969785758,44.615150590413876,-3.784570596797666,-12.208827135267663,12.077735750619544,43.56299999999996,44.15025000000003,46.041700000000034,42.26653749999998,39.87100965107647,1.160447,34.5822405395279
DASH,"DoorDash, Inc.",191.76,USD,2.2556390977443557,1501248,0.3629778581156408,83094194343.33833,USD,Transportation,Strong buy,201.8999747035931,199.06706380740385,194.94769349592949,-1.439144736842111,-17.733113108389286,-16.52809820223741,190.9200000000002,204.77174999999997,205.55930000000026,187.76244999999983,100.69313169502205,2.613845,5.953043284744631
WM,"Waste Management, Inc.",206.775,USD,-0.5698211194460484,1014643,0.46729398509530756,82651108898.06586,USD,Industrial services,Strong buy,216.5823756956588,219.4755555990641,221.54618087692162,-2.629967978903752,-6.597253591110304,-5.728549284216284,207.46700000000038,214.5827499999995,223.05689999999973,225.04197499999984,29.269587373487155,8.112941,4.823871561266581
MRSH,Marsh,172.205,USD,1.3387865591714267,1645971,0.5205871326874418,82178163758.72769,USD,Finance,Buy,179.98836123734137,180.01519808315456,179.2838412481646,-0.8949125230202455,-11.202495745887688,-6.618404641830695,171.0490000000002,179.27025,184.80270000000056,177.49207499999986,21.07204914221385,10.447998,-1.9073111593907066
BN,Brookfield Corporation,36.79,USD,0.43680043680042746,1906240,0.40979702617256486,82128212305.86234,USD,Finance,Strong buy,39.64746349533549,40.75496965108361,41.741720436792576,-0.8890086206896506,-12.67505340612391,-20.195227765726685,37.26799999999994,38.48000000000005,41.07840000000004,43.72550000000004,70.1268420924218,2.7128891471,78.2519800695957
SNPS,"Synopsys, Inc.",426.64,USD,0.4071450424795748,1405188,0.719847558222113,81759857842.30713,USD,Technology services,Strong buy,409.64421515740963,415.1317332118935,423.65199420447794,10.81558441558441,5.317205628239932,-10.91994821898359,415.14000000000004,403.61899999999997,400.7221000000005,445.29617499999995,75.37010210931703,15.1379,-55.681346643178706
REGN,"Regeneron Pharmaceuticals, Inc.",789.46,USD,-0.824099896987506,249945,0.3320840681756521,81278845455.49323,USD,Health technology,Strong buy,780.6900898659424,763.2454302949086,745.8099748729976,0.26926105621459656,-4.629249317451489,1.9644817565385904,797.8739999999991,801.9574999999986,776.8142000000008,735.6931999999988,19.51061584505389,54.509225,1.954010824539639
MCO,Moody's Corporation,467.78,USD,0.0920081309510966,353808,0.4932932870408474,81019495630.66049,USD,Commercial services,Strong buy,479.87949650993676,478.9844919126804,476.1526844098809,1.691304347826081,-8.692002888875871,-8.228046770776123,469.09,479.3294999999998,485.17819999999983,472.0867250000008,29.662462508164182,16.93174,34.02768924810688
CTAS,Cintas Corporation,200.395,USD,1.3734318089842186,1444424,0.6243881419924264,80298496131.62242,USD,Commercial services,Buy,199.46306864275485,196.91553219792212,193.73359461057643,1.2300464740351598,-2.1890862944162364,6.831751785904679,197.14499999999975,199.36025000000015,202.27889999999968,187.8444999999996,39.506939515811055,5.53899,12.714990444869107
SHW,Sherwin-Williams Company (The),329.51,USD,2.843320848938831,1084362,0.6073813195580715,79991240914.90912,USD,Process industries,Buy,333.0362994871796,333.89117610972596,333.69826467022295,3.6032070429177736,-6.389204545454548,1.9365815931941195,325.2059999999998,326.7600000000002,338.5526000000006,333.28194999999994,30.379104972986923,12.106092,7.709876665806048
UPS,"United Parcel Service, Inc.",93.455,USD,1.5263443780554058,3010325,0.5487004466941934,79509791665.46817,USD,Transportation,Buy,100.91374877316602,102.70884508396684,103.72359905880114,-6.46549567132063,-11.071462555904466,-5.886203423967774,94.38900000000004,99.78624999999997,104.10530000000013,105.14072499999992,17.397010368770825,7.188636,-20.137071836346333
EPD,Enterprise Products Partners L.P.,36.775,USD,-1.3281459618996632,3019480,1.0592095203273282,79414778495.8881,USD,Industrial services,Buy,38.18966739091381,38.11343092363688,37.80375984006333,-4.974160206718357,-3.9064541416253054,14.5638629283489,37.618999999999964,38.600249999999974,38.447700000000005,36.72647500000002,12.78285654697765,3.002543,7.479358912093255
MRNA,"Moderna, Inc.",197.8,USD,1.5296170824350777,10293513,0.6594925550922253,78968858126.40591,USD,Health technology,Buy,138.87083828611756,118.84957639167081,99.76891596374675,24.90922294843865,28.274967574578483,563.0908481394571,186.04599999999996,155.639,110.0882,64.25047500000001,nan,-8.321423,-6.204860141255336
AMT,American Tower Corporation (REIT),168.225,USD,0.5769460719837399,1141317,0.4081265354356585,78386127255.88606,USD,Finance,Strong buy,173.5846760144603,174.27463985433127,175.47325099645798,-2.8724018475750546,-6.54166666666667,-4.014036288942141,171.2230000000002,174.65875000000025,173.05449999999996,177.28167500000046,23.13038815328136,6.969845,164.01786038407087
ECL,Ecolab Inc.,279.59,USD,1.532483567563631,434726,0.38960282425885795,78377067065.28864,USD,Process industries,Strong buy,277.1608619122321,276.25289028291473,274.8740225469563,3.563358891728691,-3.73902564985368,7.040581929555891,275.57599999999985,276.48300000000006,278.0632,273.4295499999999,37.50771377210163,8.154269,-0.31693389855440474
ITW,Illinois Tool Works Inc.,273.81,USD,0.6654411764705891,466079,0.3705948334955537,77981084657.90736,USD,Producer manufacturing,Buy,274.6924658223101,274.41928248930253,272.644496177697,2.3206278026905753,-3.250768524080417,11.011554834786132,271.4440000000003,270.0685000000001,279.72479999999996,268.45185000000015,24.81736608356748,11.439008,-3.183629056318995
WBD,"Warner Bros. Discovery, Inc. - Series A",30.845,USD,0.016212710765236723,14149043,0.2234616116852458,77442645803.90775,USD,Consumer services,Buy,28.473587072745563,28.035767283720165,27.591321209178435,9.925160370634355,6.730103806228375,7.137895102466134,30.815000000000005,28.860750000000003,27.739099999999997,27.63995000000001,nan,-1.140649,-521.58940397351
CMCSA,Comcast Corporation,21.76,USD,-1.6719385449615793,19372384,0.5449024331619408,77218327608.74109,USD,Consumer services,Buy,24.257987053985328,24.587559368135157,25.054766408436777,-3.992940657401269,-19.734415344891175,-22.277961484614497,22.357999999999993,24.58450000000001,24.856899999999996,26.80674330954993,7.046175765818276,3.465994,-49.000049543375226
MDLZ,"Mondelez International, Inc.",60.105,USD,-1.2405520867564945,2820988,0.3523633853489356,76712492111.86566,USD,Consumer non-durables,Strong buy,61.51004132050869,61.495359063571854,61.19965201843112,-2.569298103420329,-4.580092078107644,11.4293659621802,60.73100000000001,61.678750000000015,62.09570000000001,59.48327499999996,22.04636320287569,3.048672,-0.4418638621092528
SLB,SLB Limited,51.53,USD,0.19443904335990944,4262350,0.33009996429218846,76477905245.93466,USD,Industrial services,Strong buy,53.158732594531855,52.80133672180491,52.05714885715395,-0.4828118964851294,-1.9410085632730658,34.15777141369436,51.74200000000002,54.77900000000002,52.663800000000094,50.236699999999935,25.012134744199592,2.478146,-29.425870101397646
MSI,"Motorola Solutions, Inc.",457.645,USD,0.6012178233056993,252902,0.28027332472904354,75737399001.66763,USD,Electronic technology,Strong buy,459.46988619951264,452.8095774620973,445.00994339157273,-0.3776829639949527,-5.163088527851462,19.389804862777833,458.2109999999999,467.39274999999964,457.2823,428.988325,36.045824734960064,17.710264,2.1851634244689984
TRV,"The Travelers Companies, Inc.",362.365,USD,-0.006898645106094888,369124,0.25124930716943755,75580287353.48405,USD,Finance,Buy,367.29391498542753,360.7548548522256,349.2743421723585,-3.869213423530967,-2.5979087707980444,25.555247565919405,363.65700000000015,369.61125000000027,372.61750000000035,318.1905800000001,9.70291329727414,34.084827,65.14110353488454
ROST,"Ross Stores, Inc.",235.38,USD,-0.008496176720480132,880584,0.4429185290230331,75192874612.66566,USD,Retail trade,Strong buy,233.42784316770977,232.92626307218953,229.4243748922474,3.0582981238643514,-2.936082474226806,30.3394429370397,233.70399999999972,229.80249999999972,237.91469999999984,216.57132499999992,28.44093232319571,8.485218,31.42299080558334
INTU,Intuit Inc.,276.72,USD,-0.1479450077580804,2035803,0.5298115086039071,73949545128.17322,USD,Technology services,Buy,313.8824454129987,319.6630994461845,336.6681584392952,-11.564212780236797,-14.451331674215124,-58.11080835603996,287.42399999999986,319.4714999999983,324.6684000000003,403.4337000000006,16.772738844237555,23.079624,20.323815775079325
EOG,"EOG Resources, Inc.",140.22,USD,-1.8479630407391954,1612463,0.45458038659812705,73549481205.5947,USD,Energy minerals,Buy,143.34377395999755,142.17231607186724,139.69236495189048,-3.349875930521101,-2.625000000000001,33.542857142857144,141.16399999999993,145.33450000000022,144.6035999999999,131.23184999999995,10.90790282304802,16.942147,24.99538130937449
GM,General Motors Company,83.105,USD,3.1463323817798323,4154523,0.528920491792885,72920609796.62877,USD,Consumer durables,Strong buy,84.42653930753328,83.80323660064215,82.48486084665656,-3.545728876508812,-3.3438008839264945,2.0820538017442667,82.96899999999994,84.99225000000007,85.39990000000006,80.70737499999997,41.91717946131343,13.557467,-68.57106623125456
BAM,Brookfield Asset Management Inc,44.44,USD,-0.3140421713773005,1321870,0.5298646154961119,72803032381.34454,USD,Finance,Buy,48.028375008638506,48.35965009597996,48.49312734271924,-1.8551236749116682,-15.10983763132761,-15.174651651078454,45.30199999999998,47.528499999999966,49.47580000000004,48.74454999999998,26.36139647540299,1.8202514302,10.931106900430727
NOC,Northrop Grumman Corporation,508.98,USD,0,285105,0.34506305248001096,72307244635.0,USD,Electronic technology,Strong buy,530.2458443100107,538.7119905326746,551.902431010501,-2.807057745187888,-6.279001252117555,-10.64098737688513,513.7800000000001,523.3499999999997,541.3454000000002,600.1006749999998,16.13867759108882,28.943937,15.966068289956544
CMI,Cummins Inc.,523.19,USD,0.4068551250311867,444687,0.3685645602756184,72024685402.36282,USD,Producer manufacturing,Strong buy,568.6070175778224,588.38618470631,598.6506546199474,-0.3390669943044312,-9.603123866129884,2.4958370065628497,525.9640000000002,542.6595,594.1590000000007,603.2047400000002,26.735789952424515,29.573306,-7.964331234156232
APO,"Apollo Global Management, Inc. (New)",121.58,USD,0.7374264644958162,950894,0.32385153140781964,71798245276.10805,USD,Finance,Strong buy,127.86280373663524,127.89892851981804,127.5344360758958,-3.779035257805394,-8.846903583745688,-16.15750637887042,123.7380000000001,128.69400000000013,128.93979999999996,127.41094999999994,45.98683712837582,8.767614,-50.116981132075466
CI,The Cigna Group,270.52,USD,1.8907721280602567,895026,0.6256302867281609,71482342503.34071,USD,Health services,Strong buy,278.0633948424679,279.62387110593016,280.54218774287057,-1.5789856654296848,-3.2820879513764774,-2.2193305862792028,270.5000000000001,278.4244999999999,280.32860000000005,279.9060999999999,11.187619673866742,30.510317,32.04187280888568
TGT,Target Corporation,157.27,USD,0.7172590457893081,1783514,0.5431236322093691,71447247540.39186,USD,Retail trade,Buy,155.75322032008611,151.31026624144573,144.66927208857717,-1.5893873975345674,-3.9132427065831683,60.62710652640182,157.28200000000004,159.181,153.79320000000007,127.28787500000004,16.32007139447523,10.132283,12.33563368460318
CVNA,Carvana Co.,64.61,USD,0.6699906512932262,2340973,0.32343225012353016,71100966318.33328,USD,Retail trade,Strong buy,68.2763792938404,68.52912532173676,68.85638837282222,-2.0169851380042436,-14.829949907724757,-23.389774236387783,65.06400000000004,69.4435,68.86840000000001,72.6790050000001,29.970312644957787,1.619303,169.87981972959443
HLT,Hilton Worldwide Holdings Inc.,314.155,USD,0.6487681414795045,795255,0.4590761512059469,70705268186.68158,USD,Consumer services,Buy,315.3855735118622,318.2178026853867,318.7794387898335,3.95942949799794,-4.899497487437187,9.511276885000163,309.805,309.61825,317.9433000000001,315.0380250000004,46.16057128583393,9.04184,4.542242703533027
NSC,Norfolk Southern Corporation,313.07,USD,-0.03193153878086111,245293,0.21248006480783604,70318144759.2451,USD,Transportation,Buy,325.26750767812905,325.8797113482176,322.8655505468627,-1.7449706556193711,-10.732514042941458,8.369967807816128,312.86399999999963,323.0645000000001,333.71639999999985,310.97715000000017,26.72659598080896,12.985703,-20.859119530848844
ORLY,"O'Reilly Automotive, Inc.",86.15,USD,-0.1043599257884847,2258297,0.3115008635839447,69691972523.4143,USD,Retail trade,Strong buy,87.25207084204008,87.9880250002081,88.94259343927747,1.8201158255525425,-4.585225384870972,-5.058408640070519,85.39800000000007,86.17199999999983,88.44600000000008,91.16805000000001,27.397042455080303,3.287014,12.468257090740005
ET,Energy Transfer LP,20.085,USD,-1.2051155927201056,8383480,0.9923899895162837,69158671413.83449,USD,Industrial services,Strong buy,20.80248653671625,20.5962030664041,20.234943689844155,-4.448144624167454,-4.357142857142853,22.09726443768998,20.44099999999998,21.175750000000004,20.86309999999999,19.20207500000001,13.761562178828367,1.690305,12.650509416486564
CL,Colgate-Palmolive Company,85.835,USD,0.6036099390529778,1768617,0.2951999852184443,68425326230.65605,USD,Consumer non-durables,Strong buy,88.60864159987146,89.25096444245374,89.33646394537203,-1.463666628400879,-6.232248197509299,8.748257950082333,86.07899999999968,87.89025000000032,90.23230000000036,88.28515000000012,33.955061513509236,3.867289,-28.947664286918883
KMI,"Kinder Morgan, Inc.",30.635,USD,-1.967999999999995,5286056,0.37780768044573004,68218079329.79953,USD,Industrial services,Buy,31.393510320425456,31.57933001185768,31.635200830999292,-1.8108974358974286,-0.7933937823834114,11.440523826846139,31.249000000000002,31.39625,31.665100000000002,31.365950000000016,19.76196619790995,1.537919,27.19067935674433
FDX,FedEx Corporation,285.585,USD,2.1624812191457248,1028939,0.6189255681339699,67589529865.59948,USD,Transportation,Strong buy,309.86930951696087,312.47866880478153,310.28059119445584,-6.491274025081053,-14.449403870349295,22.746101419740512,289.6709999999995,308.70375,315.97189999999927,297.4080817754998,15.406214597831363,17.690825,9.927059242127733
HON,Honeywell International Inc.,212.11,USD,0.15109306388404628,1041983,0.2874570431614413,67226141786.56589,USD,Producer manufacturing,Buy,215.80545946830827,220.44768289552616,224.22047685447288,2.7216814373577436,-2.0367633474967652,3.4026770766384415,210.95999999999944,208.10949999999994,223.5226000000002,230.12882468400036,7.843115503936164,8.321159,53.73390557939914
MPWR,"Monolithic Power Systems, Inc.",1362.3,USD,2.002920145258508,231521,0.27020743629780997,66947513467.690765,USD,Electronic technology,Strong buy,1301.3844287731658,1320.6691696953085,1324.3503359193892,14.911599973007622,4.708540859619996,46.862080303577486,1342.3239999999983,1239.0979999999995,1303.7214999999997,1273.1057250000003,83.48244925973134,27.420919,-57.50593725261448
SPG,"Simon Property Group, Inc.",205.0525,USD,0.17220322423059134,328300,0.2734327630251608,66345045767.868614,USD,Finance,Buy,210.9437123462509,212.54102658213645,211.41392513688552,0.4962262301509592,-6.36872146118721,11.157640808803604,204.96849999999986,207.12312499999967,217.45605000000026,203.35276249999984,38.90939278937382,6.705816,-25.407991394318557
DLR,"Digital Realty Trust, Inc.",178.81,USD,-1.209944751381214,877454,0.4394922659080123,66338280812.01133,USD,Finance,Strong buy,185.65103082026764,186.48948789439444,186.043414207932,-2.390960205251376,-6.8406793789725935,15.629849974133485,182.648,184.29500000000002,188.22259999999972,180.57434999999978,86.97830528261504,2.719923,-46.11977460359062
NU,Nu Holdings Ltd.,13.58,USD,0.14749262536872842,38945726,0.608791865505529,65597981364.731575,USD,Finance,Strong buy,14.146624317625838,14.11545534049205,14.13453851404549,-1.3798111837327487,-10.775295663600529,-20.398593200468927,13.795999999999989,14.430499999999984,14.386400000000023,14.800400000000003,18.48121937942297,0.872276,56.40698169433802
RCL,Royal Caribbean Cruises Ltd.,243.47,USD,1.8788183111557493,1481597,0.4076063751350804,65116558555.97267,USD,Consumer services,Strong buy,267.555976712819,275.20214153196144,280.1541533931351,-2.6120000000000005,-16.90443686006826,-12.578096947935368,239.57800000000003,255.27999999999992,284.3716,287.10199999999975,15.036994947935321,17.775356,22.036223309239748
RSG,"Republic Services, Inc.",212.32,USD,-0.1880406167732257,394259,0.2298047476547919,65015140749.42535,USD,Industrial services,Buy,217.61299292826413,217.04383767626177,216.39800079591646,-2.9261155815654742,-3.6616906393212005,0.8406554262645366,213.1899999999999,219.81150000000042,217.6028000000001,215.2027499999998,30.074080369410332,7.27582,4.356116596700759
URI,"United Rentals, Inc.",1043.7275,USD,2.158965223604491,182291,0.4406190047900043,64964196206.08836,USD,Finance,Strong buy,1044.1403868940376,1045.4948129206352,1027.8500254812363,4.632237950116287,-1.7695970937291192,28.76145770364795,1034.0695,1012.0028750000007,1066.2467499999998,942.2432374999999,25.076643081099913,49.47657,7.655638525983063
NBIS,Nebius Group N.V.,237.58,USD,-2.4231969771644395,8950063,0.5363317755931257,64587364410.14303,USD,Technology services,Strong buy,224.2596268546555,218.81362577245184,207.12331053366006,9.034167833130637,10.24593967517402,173.1275507271369,235.3179999999999,222.00449999999992,215.58000000000004,164.10532499999997,nan,-2.046206,-114.14427157001417
AEP,"American Electric Power Company, Inc.",117.725,USD,0.13183635281109224,1580336,0.3460711082734448,64089183736.76532,USD,Utilities,Buy,122.81743852931245,124.77391696636694,126.11413353970845,-2.392007296244097,-4.226326065733816,1.9793832293832265,118.79900000000006,121.82574999999989,125.16289999999994,126.93999999999993,20.400824870897306,6.3833,-15.46518611839503
ALAB,"Astera Labs, Inc.",368.81,USD,2.3022939724279525,1971206,0.4435220829202421,63983044201.61024,USD,Electronic technology,Strong buy,320.42399855690246,315.5762739196987,300.67778867431247,22.928471435237658,30.496780128794846,114.81783498849637,358.79600000000016,303.4200000000001,305.11349999999993,236.23214999999993,181.59034958148695,3.994019,256.1283534981589
BSX,Boston Scientific Corporation,43.845,USD,-1.868845120859447,8365269,0.389267371178398,63541467518.76198,USD,Health technology,Strong buy,45.670864107857774,47.05367932694618,50.449852763062964,1.7757660167130933,-6.712765957446811,-54.19452569995821,44.357000000000085,45.19324999999999,46.87629999999996,62.95317499999997,17.779084384250435,3.274236,46.7741935483871
TEL,TE Connectivity plc,218.6,USD,2.307296298029675,503373,0.2706370764294506,63287588062.33632,USD,Electronic technology,Strong buy,210.0753048971434,209.41586041464882,209.81569641249382,6.374695863746957,7.977278340330948,-5.121527777777783,214.02999999999997,207.57999999999998,208.02699999999962,214.90369999999973,21.42864144765863,11.446939,110.62705180352239
APD,"Air Products and Chemicals, Inc.",281.77,USD,-0.9560968751098553,339824,0.251594864036573,62746100089.79418,USD,Process industries,Strong buy,292.9917299449998,294.10893349671835,292.98590016319105,-0.7817176661150136,-7.16591987348445,14.876875407697318,284.1099999999998,293.57300000000004,297.6232,284.7466000000004,nan,13.454105,-103.09207216272551
MET,"MetLife, Inc.",98.205,USD,0.9820051413881731,1398616,0.45684236430498154,62407011783.91758,USD,Finance,Strong buy,96.42647221038857,94.56531841630355,91.59936687894663,1.357209206316439,2.3395164651938356,24.404611097035723,97.04299999999992,96.86424999999994,96.2878999999999,83.40162500000002,18.79233801523212,10.066122,-11.437626044367619
TER,"Teradyne, Inc.",398.09,USD,2.679907144699506,889376,0.3318351595144509,62237688745.48557,USD,Electronic technology,Strong buy,377.71612371841036,374.40703206514104,364.4169237621111,10.814497272018695,8.717262473714383,99.75412715138744,391.03200000000004,363.3059999999997,368.99070000000034,329.68929999999995,54.61742148805685,9.218135,152.82528009989946
KEYS,Keysight Technologies Inc.,363.28,USD,1.6054147787659987,718013,0.6141989446747649,61846514612.96168,USD,Electronic technology,Strong buy,338.4872872458379,334.6259561098507,326.7213514618205,8.685115931189221,12.425339646581865,76.94218498855388,352.7060000000002,332.12000000000046,329.4855999999998,298.59005,50.03787826613958,11.458355,131.29440249769027
TDG,Transdigm Group Inc.,1114.31,USD,0.8169875506658921,107224,0.24222309220286253,61595184634.24837,USD,Electronic technology,Buy,1160.02669699926,1184.5315057312437,1207.1647622278779,3.4488841026402635,-7.295341098169722,-16.15614395461352,1109.3880000000015,1125.5224999999991,1190.2160000000006,1252.6678500000016,33.790008339019025,41.123341,9.481962989768064
MSTR,Strategy Inc,158.8,USD,-1.7387537899882444,14435696,0.5713998866090123,61015011259.102776,USD,Technology services,Strong buy,134.57992419595587,129.0899565649545,130.56708313929866,16.26885341924147,28.833360376440048,2.7233326864609664,163.68800000000002,141.10099999999997,117.66760000000002,136.5425250000002,nan,-23.453594,-955.7415004313606
NXPI,NXP Semiconductors N.V.,237.03,USD,2.984880083420231,1216092,0.3234875706112495,59770474002.72836,USD,Electronic technology,Strong buy,236.87284347744233,242.89953695464644,246.89933662082225,2.4507261410788326,5.46384872080089,7.445434147004833,234.52200000000016,228.01649999999978,236.01780000000025,245.48532500000016,20.229408300688736,15.083744,39.66719511759026
TRGP,"Targa Resources, Inc.",277.82,USD,-1.8823944905527052,490303,0.39838233224574454,59573223307.601135,USD,Utilities,Strong buy,283.6256832722706,279.5697002145642,271.3895264219724,-2.7070565575205805,-2.2655315556180953,51.12876026763857,283.09799999999984,288.64300000000003,281.9291999999997,245.8877000000002,26.523208523475834,11.270513,49.97780673243511
NTRA,"Natera, Inc.",410.51,USD,0.42075393233688946,1174232,0.6275580698524392,59172622427.04952,USD,Health technology,Strong buy,342.98673148875054,319.7007972071739,294.27062751678943,12.22866203729018,23.169011971556294,79.30115745796026,394.32599999999996,350.2377500000001,316.46250000000026,244.5499,nan,-1.347542,28.01767211907642
AON,Aon plc,278.92,USD,1.0250280705567174,766296,0.3199046968750454,59166027638.322586,USD,Finance,Buy,317.0948545746816,325.5845306360899,330.26698204956176,-5.209855564995746,-21.349011645940834,-20.56277056277056,282.7059999999997,306.85650000000004,337.68800000000056,333.6733500000007,15.379271177375513,18.767696,51.84785156904115
AJG,Arthur J. Gallagher & Co.,230.805,USD,1.6180161141196723,715048,0.5037439399797332,59155319954.389984,USD,Finance,Strong buy,244.96491315388963,243.83202548157098,241.08675792200862,-3.831249999999997,-13.762890449858013,-10.231029520438726,230.92700000000005,247.27624999999995,251.65929999999997,233.43802500000012,38.188722327012805,13.191187,-8.900712961427725
GWW,"W.W. Grainger, Inc.",1248.865,USD,-2.392006065011295,210212,0.7896220585721879,58822714965.752914,USD,Distribution services,Buy,1291.502731203393,1295.7190550916084,1279.7946065712001,-0.8955283101218173,-4.630393279877815,23.98389722817886,1269.0830000000005,1282.3302500000007,1313.3912999999998,1200.216375,31.698931663523506,46.493011,-0.5866737992742951
PCAR,PACCAR Inc.,111.48,USD,0.7319056654920053,1659899,0.3930261924566061,58679161336.59962,USD,Producer manufacturing,Buy,121.18088411400025,122.29649619996906,121.943671927651,-5.010224948875252,-14.213158907272017,1.5393023043993057,112.57400000000023,119.63849999999991,126.39420000000013,120.78562499999998,23.467497473896938,5.94766,-18.58504147528622
COHR,Coherent Corp.,299.295,USD,2.988541344069372,3437292,0.5098078807526439,58611608774.99442,USD,Electronic technology,Strong buy,304.99372916718926,308.89768822447917,307.0072755833515,-2.1047983514866067,4.564511057541137,59.199468085106396,304.4830000000001,290.56124999999986,296.8361000000002,286.1742750000001,72.78043917029399,9.442466,nan
COR,"Cencora, Inc.",306.47,USD,-1.0972343240713773,508355,0.43186541596976474,58482804612.776886,USD,Distribution services,Strong buy,313.5299531234254,311.51338227902943,310.54211212100114,-0.30902348578491595,-6.674990103230902,-9.10789489293552,311.908,320.8704999999999,317.48699999999985,319.12739999999997,22.7846877857658,17.875464,38.36887530989928
TFC,Truist Financial Corporation,47.745,USD,1.1975413310724836,4223280,0.4691373886340512,58326544285.1668,USD,Finance,Buy,49.93308759281864,50.21691107055979,50.134982677593136,-1.51608910891089,-5.249057352649342,-3.0656786113085066,47.799,49.49775000000001,50.89470000000009,49.87107500000012,10.961247072868359,4.642538,18.367346938775523
FAST,Fastenal Company,50.715,USD,-0.029568302779407578,2912309,0.4372157010799603,58195344349.945305,USD,Distribution services,Buy,49.59589794521297,49.027391406633804,48.20716838858679,3.373420301671425,0.009859988168019243,25.968703427719834,50.43299999999999,49.46674999999995,49.40559999999996,46.01535000000003,43.15802910390605,1.269009,13.569150478399544
FIX,"Comfort Systems USA, Inc.",1647.81,USD,0.26895624288816683,137139,0.42560923796645816,57993566646.50895,USD,Industrial services,Strong buy,1663.3285508784068,1678.1723604754075,1661.495027532072,3.453666499246609,5.27657453904243,75.59782608695653,1634.9639999999993,1603.0850000000005,1664.4812000000006,1538.7523,40.541019301029635,49.007236,108.88515440711674
ALL,Allstate Corporation (The),228.56,USD,0.611876568208837,833950,0.33509264842611325,57793213941.91205,USD,Finance,Buy,248.62730093994836,247.4465238741097,242.14423240043976,-9.088739509168288,-11.506891745392588,10.39412673879444,230.75,249.85700000000003,256.45079999999984,224.2658999999999,4.564389930224106,35.467295,135.47341938821094
MPLX,MPLX LP,56.94,USD,-1.793721973094169,1149107,0.7886285276859704,57729089800.896866,USD,Industrial services,Buy,58.59018968427643,58.340372075024916,57.851753837794334,-2.981768614755495,-2.248927038626613,6.949661908339586,58.39600000000003,59.015999999999906,58.78380000000003,56.75229999999996,12.255967627370369,4.285736,10.254402202287725
AME,"AMETEK, Inc.",250.85,USD,1.2553483490756379,775199,0.524086759727342,57510184766.02325,USD,Producer manufacturing,Strong buy,242.49628010776595,240.73320678631936,237.37670724661245,6.894788426300766,3.2262046829348603,21.77184466019417,246.336,238.096,242.5784000000003,229.03809999999984,36.666471774782934,8.343994,10.327366553781657
BKR,Baker Hughes Company,57.5,USD,0.3665561179961614,3191489,0.3408919025434384,57078760067.50742,USD,Industrial services,Strong buy,59.66005154917855,59.97690421085666,59.8907123733179,2.0408163265306096,-6.972981718168585,25.765529308836395,57.58199999999997,59.94749999999998,60.62630000000002,59.13947500000002,18.476863753213365,2.643682,1.8091405764386397
CRH,CRH PLC,85.495,USD,1.8282515483563733,2544565,0.5171068160537802,56878496413.12888,USD,Non-energy minerals,Strong buy,91.87885468120001,95.24588639166474,99.10876274346697,-0.3438629210863757,-11.84264796865333,-31.876494023904378,85.97299999999991,89.12875000000001,94.54470000000003,109.42372499999996,15.07662193380006,5.871715,18.52726626674749
AFL,AFLAC Incorporated,113.33,USD,-0.5964389088676492,819771,0.35540683838566056,56817239832.1405,USD,Finance,Buy,117.01454195882097,117.73114139112937,117.47231600045546,-1.9382192610539024,-2.679261485616148,2.896313782458687,114.47,115.875,119.95760000000001,114.95475,12.145145906786835,7.010224,110.97696081756314
OXY,Occidental Petroleum Corporation,56.76,USD,-2.222222222222221,4795573,0.5020711441203773,56739417518.66667,USD,Energy minerals,Buy,58.382287668075264,57.77802598432348,56.77126147840042,-3.8780694326841645,-1.7142857142857177,37.63336566440348,57.146,59.74399999999997,58.36879999999993,53.637574999999764,16.816282997066924,6.308052,98.32540102238676
GRMN,Garmin Ltd.,293.26,USD,-0.6033080260303788,284792,0.31706397635669453,56555932768.68716,USD,Electronic technology,Buy,282.39106622498315,276.39343333761263,267.5468542832397,7.32296431838975,2.2310534755629843,43.987823439878234,288.1719999999999,280.20000000000033,283.4082,244.34165000000002,30.241719259167592,10.169199,19.64318762260799
NUE,Nucor Corporation,247.7,USD,-0.10485562187450367,374502,0.28679527330218296,56197105323.84255,USD,Non-energy minerals,Strong buy,251.92582092658853,248.83206720193837,240.4747098584799,-2.580036183434281,-0.486119480936888,49.95762198813414,246.13999999999993,254.356,255.54900000000012,212.78875000000014,19.761300719608126,18.840221,126.28899480069322
DAL,"Delta Air Lines, Inc.",85.17,USD,2.9120347994200055,4247002,0.5069028268574012,56009751149.78504,USD,Transportation,Strong buy,82.85172177905129,82.75643932984212,81.22957236210806,7.239989926970536,0.7332939089296329,21.932712956335013,83.21999999999998,79.95399999999995,84.05380000000002,75.442,14.14948582061037,6.199109,-12.686577989236861
OKE,"ONEOK, Inc.",88.22,USD,-3.246325948672963,1630542,0.4074273657302167,55614698017.88901,USD,Industrial services,Buy,92.43319369172374,91.93341510656003,90.67921388486768,-4.760876605851233,-3.479212253829329,20.092567383610135,90.36600000000007,94.11099999999973,92.7503999999999,86.40600000000003,15.240036623075992,5.709794,12.846755170867707
LNG,"Cheniere Energy, Inc.",268.75,USD,-2.725495873751257,1227095,0.6118970606531533,55506052344.60965,USD,Industrial services,Strong buy,271.98769854117177,268.1915067350517,262.403998791684,-0.11892815995837261,-2.340201315454776,38.20322945592923,273.3159999999999,278.6385,271.7172,244.9546500000001,19.99747008750521,9.757611,-21.674311258239555
PSA,Public Storage,287.945,USD,1.189555805454031,385894,0.4268571311635439,53803183599.88654,USD,Finance,Buy,303.9869818348232,307.67187620043075,308.0372381460395,-4.18441368294955,-10.711960060777084,11.132767271323802,289.1230000000002,297.4587500000005,312.50769999999926,299.31677499999955,27.458113610573392,10.038503,14.418670623663427
D,"Dominion Energy, Inc.",60.745,USD,0.5711920529801305,2815968,0.5578942075539813,53426804571.94826,USD,Utilities,Buy,64.80347346496515,65.62718034418721,65.74375251052419,-5.100765505389795,-9.443947525342876,3.114921066032933,61.51300000000028,64.23124999999997,66.9517,64.30437500000002,21.125021735350373,3.58795,-0.6529850746268628
NKE,"Nike, Inc.",35.76,USD,-0.6390664073353819,28690887,0.7806764525112518,53049916483.88552,USD,Consumer non-durables,Buy,38.22336395192212,39.75640517305415,42.147385710419734,-1.4061207609594846,-9.238578680203048,-44.125,35.99999999999998,37.09900000000004,39.68260000000001,49.49330000000005,17.04317986845868,1.68441,-2.8296207104154196
O,Realty Income Corporation,55.315,USD,-0.17144919689586513,7109081,0.7331601407907193,52340052874.778564,USD,Finance,Buy,59.5138006715898,60.57615621519805,61.23796726574712,-3.2616299405386533,-12.128673550436861,-1.8367346938775575,55.90299999999995,58.89674999999996,61.67270000000001,61.890675000000016,40.458601521357515,1.520759,33.38536585365854
FANG,"Diamondback Energy, Inc.",186.465,USD,-1.346489603724664,893120,0.196030548210824,52214739469.26382,USD,Energy minerals,Strong buy,195.57245522355709,195.19611246106658,192.76469814577214,-5.31887884634914,-5.792451876926188,23.40911347165691,186.9789999999999,197.77850000000015,199.15690000000018,183.9432249999999,36.126126126126124,20.848077,-63.303828516583124
CTVA,"Corteva, Inc.",78.165,USD,-1.6173694147262385,1724100,0.38033560994230503,52151372077.63197,USD,Process industries,Strong buy,81.60775448125958,81.66581008001265,81.07693092334262,-2.8402734617774974,-5.9499458548911,16.664179104477622,79.497,83.41175000000005,82.46369999999997,78.50412499999992,51.675922253074184,3.769256,-26.404904393519196
NDAQ,"Nasdaq, Inc.",93.27,USD,-1.3537810682178752,1085174,0.3261161232615056,52135819673.27594,USD,Finance,Strong buy,93.96981048420714,93.21985682683916,92.1649162643906,1.3804347826086913,-5.242304175556244,-4.092544987146534,94.48999999999992,94.30449999999992,94.84839999999986,90.67810000000014,27.17974122858142,4.129092,31.852762621993403
DVN,Devon Energy Corporation,47.205,USD,-3.4662576687116573,6343813,0.41500357509558955,51925501619.83619,USD,Energy minerals,Strong buy,47.430046390583314,46.77343800194433,46.00200652996439,-2.8103767757875273,2.1532135901320006,28.694111232279166,47.73300000000005,48.69575000000002,46.68309999999993,44.36234999999998,11.178337161666153,5.14242,-5.407342696503363
COIN,"Coinbase Global, Inc.",194.92,USD,-2.153506350082837,4431238,0.3752958683956609,51427108040.0,USD,Finance,Strong buy,180.55869513607294,176.7721741087128,178.10697154062817,9.410344924363608,7.305257363060821,-15.470847156269654,198.8760000000003,184.3875,170.43600000000006,187.40215000000015,nan,-3.122227,-137.16237133348812
CAH,"Cardinal Health, Inc.",220.355,USD,-1.0174288024436324,706856,0.3393822742889379,51025257562.159485,USD,Distribution services,Strong buy,229.87748127445437,228.86842688519613,225.33476166160597,-2.1905100093213203,-7.3749474569146765,7.716185168890842,222.40699999999998,233.23575000000037,232.72869999999983,217.3720249999999,30.445866032939097,12.544151,12.39381939591583
F,Ford Motor Company,12.755,USD,1.230158730158739,25766581,0.5216170438273079,50861781940.7627,USD,Consumer durables,Buy,13.716999513523223,13.84352588963937,13.820446468261835,-5.797636632200874,-8.43503230437903,-3.2245827010622077,12.912999999999977,13.611249999999988,13.98729999999999,13.526150000000014,nan,1.850104,-320.88809493428613
SRE,DBA Sempra,77.47,USD,-0.34731155132492414,1238483,0.35261774077943914,50657661869.38385,USD,Utilities,Strong buy,83.11971582008752,85.12761862707812,87.01200103479897,-4.944785276073621,-7.905373276271999,-12.68034265103697,79.27799999999986,82.31300000000007,85.42999999999998,90.31141500000005,22.450517286347697,5.11731,-16.443895588164086
CIEN,Ciena Corporation,356.32,USD,-0.5886784030354639,1023245,0.3775046351302568,50529215344.08794,USD,Electronic technology,Strong buy,369.28037031523183,385.41148980733317,394.3978907233294,0.1264506701885488,-7.982336079332703,47.850622406639005,361.03600000000006,348.514,376.85540000000003,387.780225,79.51086713973312,7.166445,362.8589134476348
AU,AngloGold Ashanti PLC,98.73,USD,0.24367956137679878,723513,0.2879752416590276,49859387103.80506,USD,Non-energy minerals,Strong buy,101.60731662675327,99.35985448671923,97.13234905231272,-2.9203539823008837,-17.587646076794652,13.332950697354084,100.49800000000002,104.79699999999995,98.13219999999997,96.57475000000001,13.213152928895491,8.949335,9056.985294117647
EW,Edwards Lifesciences Corporation,86.46,USD,0.8515105563979818,1682683,0.4720566276177369,49835548062.298836,USD,Health technology,Strong buy,87.78657490166853,87.68806312774622,87.02686236187917,-1.7834829035556143,-4.24188725218741,1.1701380762930027,87.22600000000013,87.97100000000006,88.32219999999998,85.06154999999998,51.30548302872062,3.001079,15.046422719825225
BDX,"Becton, Dickinson and Company",182.68,USD,1.924900965240204,848839,0.43007653318304995,49759621320.14709,USD,Health technology,Buy,179.39825816065854,175.04031691929734,170.04673967970294,1.6243880729862128,-3.082391638813731,19.6459862451279,181.62599999999946,182.94650000000016,177.52980000000017,161.87159044624934,55.100440369186224,12.670374,-40.38122639812983
STT,State Street Corporation,181.02,USD,-0.03865481252415549,882625,0.3496220675071539,49726510088.76923,USD,Finance,Strong buy,185.74946588505682,182.36194456327794,175.09363086567234,-0.5493901769036369,-6.275240757999367,40.77299945563419,181.34200000000018,187.40249999999997,186.88920000000002,153.71580000000012,15.96071101079213,13.648205,27.095263175588595
WAB,Westinghouse Air Brake Technologies Corporation,287.62,USD,-0.8992867725596987,289098,0.37196216998904563,48582138472.35702,USD,Producer manufacturing,Strong buy,285.4602699365411,282.80763911715354,276.79029845057636,3.100691830662787,-3.583520498809962,34.64095122179571,288.63199999999995,283.24950000000007,289.08399999999995,259.62159999999955,38.73565695200129,10.862538,10.817264640916962
HUM,Humana Inc.,403.6075,USD,6.123133151030717,1235808,1.2735798306164219,48465313443.253845,USD,Health services,Buy,392.22952969030956,381.0951081725675,359.91481524384517,4.884878251604691,3.489102564102568,57.63454928917356,381.8574999999999,392.7353749999999,386.84994999999986,290.23118750000015,38.22257893440916,9.158053,-18.957127726526167
A,"Agilent Technologies, Inc.",171.735,USD,-0.6393196019439885,1318255,0.47929204443304896,48417047111.124596,USD,Health technology,Strong buy,154.05433916902967,148.6692606077136,142.99118150125557,10.08653846153847,12.650049196457873,26.053288314738698,167.81900000000005,154.69374999999962,148.72590000000002,132.07287500000004,33.812092693587445,6.202199,19.1074736768051
TEAM,Atlassian Corporation,190.56,USD,-1.0643268781475579,936128,0.30296091830432786,48238133738.85219,USD,Technology services,Strong buy,171.69355787453725,155.25114616675248,139.54600071957222,-1.5041091642115039,17.644153599209787,17.528062168496373,192.51400000000007,188.7862499999999,154.3582,111.85139999999997,nan,5.493254,80.95723014256619
CRWV,"CoreWeave, Inc.",87.44,USD,-2.984577832020413,17609782,0.49659823880283654,48226357573.98602,USD,Technology services,Strong buy,87.09733653470178,88.36957036302154,90.11369057797671,9.53275710885632,0.6329842329381944,18.274043013661558,87.33200000000008,86.19250000000001,85.75980000000003,92.18237500000006,nan,-4.058694,-47.0942608136873
ROK,"Rockwell Automation, Inc.",433.8,USD,0.20095627468643995,193438,0.2837082268903151,48172917942.720535,USD,Producer manufacturing,Buy,435.191234991418,438.803340604194,437.149373691415,5.69402821431182,0.5143889892951544,10.663265306122451,430.34000000000015,424.66899999999976,439.9783999999996,422.9837499999997,40.65909346530199,13.228273,25.185680594177896
EBAY,eBay Inc.,107.91,USD,0.07419085597699925,1408138,0.24197999145316823,48019950815.60465,USD,Retail trade,Buy,108.08351613829095,107.96695250006054,106.71184375050252,-3.2110503184142063,2.071509648127126,24.034482758620683,108.48200000000006,107.21749999999979,107.89370000000001,100.48669999999998,22.340227315073594,6.14079,6.7398846485316035
VMRK,Vivmark Residential,61.335,USD,0.4668304668304729,1484643,0.229712353411952,47459741349.66708,USD,Finance,Buy,64.24727644237296,64.92061818286544,65.07204090430199,-1.2636831938184105,-9.307999408546495,-1.5805519897304228,61.47700000000005,63.97324999999999,65.67689999999997,64.05827500000007,26.91902567478604,1.2675,-12.81472411418075
FITB,Fifth Third Bancorp,52.19,USD,1.4185775359502466,3303210,0.4831709940072127,47330722810.252625,USD,Finance,Strong buy,54.253201567124165,54.37176903592668,53.75124083956282,-2.045795795795802,-5.298493921248415,11.398078975453567,52.28199999999998,53.62299999999999,55.52379999999996,51.596400000000024,17.76318028657976,3.059872,-8.564404195064261
AZO,"AutoZone, Inc.",2886.305,USD,0.8580414082292246,282065,0.6388193533965468,47119955292.03076,USD,Retail trade,Strong buy,2942.250613361572,2996.414750751802,3083.7417724420766,2.159962906331395,-4.221793046692761,-14.48770631438298,2857.8749999999973,2904.4742500000075,2978.3216999999986,3312.1998249999997,18.891260410039713,170.714252,5.448444312237702
PYPL,"PayPal Holdings, Inc.",54.95,USD,4.467680608365022,12610175,0.9657460378042435,47007573798.38688,USD,Commercial services,Buy,54.625994932434544,53.81891601107069,52.79589228759543,4.36847103513771,-11.120097048119693,-6.3405488324527,53.114000000000054,53.45124999999992,56.78909999999998,50.45172500000006,10.383990324653237,5.386996,13.295366960691968
ETR,Entergy Corporation,98.285,USD,0.12734311328443357,1300073,0.44196548966873594,46958359980.45615,USD,Utilities,Strong buy,104.53390647994026,106.26337990199549,107.103150615597,-4.688712179984492,-7.635560567615826,6.1737063843577875,99.68299999999999,104.01274999999978,106.96629999999992,106.0850750000001,25.130401431858857,4.399153,-2.653325368379127
CARR,Carrier Global Corporation,56.2,USD,2.4239110625114004,3830962,0.46039256143895124,46327068214.06233,USD,Producer manufacturing,Strong buy,58.91580986759363,60.68325960997153,61.823127924972304,2.873878821160535,-4.794172454684056,5.818113349651673,55.209999999999965,56.65850000000004,60.751399999999975,61.571425000000026,39.60256500598971,2.89506,-43.37642646237332
VST,Vistra Corp.,137.95,USD,0.007249528780622666,3475110,0.7890553158858554,46300875675.988106,USD,Utilities,Strong buy,143.79167186479313,146.16443038148734,149.27641573046392,-3.7972035287144053,-1.0401721664275587,-15.827689303801332,139.00999999999988,142.48499999999996,145.59260000000017,155.6404500000001,23.28584450221127,8.463894,-6.008345364832065
XYZ,"Block, Inc.",76.65,USD,-0.11727912431585771,1716056,0.4537667852864945,46051087158.39523,USD,Commercial services,Strong buy,78.9529786782733,78.34119342383455,76.57217118863574,0.130633572828228,-6.524390243902432,16.631162507608046,76.70199999999998,79.02650000000003,80.15379999999996,69.87620000000001,136.4607441694855,4.056619,-87.9842556741609
MDLN,Medline Inc.,35.005,USD,0.9953837276399482,4356005,0.47107827140341024,46021334795.25678,USD,Health technology,Strong buy,34.86022230428539,35.845300513898245,37.15862492400881,8.846393034825889,-2.001679731242991,-16.475781436411346,34.070999999999984,34.01825000000004,35.6856,nan,41.04713883677299,1.491746,-46.20915857196922
WDAY,"Workday, Inc.",189.805,USD,-0.6204513325305002,594260,0.2233592775286194,45743006315.785225,USD,Technology services,Buy,185.91001578672243,177.39469262735344,169.607386449866,-4.773730684326704,0.8635349133808056,-11.80065055762081,190.66500000000002,193.31825000000006,180.94070000000013,158.08392500000005,38.520314973413974,11.084453,127.87772279517178
VEEV,Veeva Systems Inc.,280.87,USD,2.194003784019804,959297,0.54479537624988,45475336406.266556,USD,Technology services,Strong buy,255.3821781269517,240.20109303007328,225.88241340456275,6.632498101746404,17.092591820569474,25.719529116870333,269.73600000000005,270.0325000000005,241.67639999999994,199.89984999999996,46.2101643605732,9.235162,24.69687955193567
VTR,"Ventas, Inc.",86.045,USD,-0.9040654151790817,992365,0.22951626353772206,45117382645.49413,USD,Finance,Strong buy,89.4346527004945,89.7396597929129,88.97803802487515,-1.471430207259815,-8.404300617415366,11.212356210417472,86.68100000000007,89.14225000000003,91.86150000000012,85.73507499999994,157.82281731474689,0.582831,26.057803468208096
CCEP,Coca-Cola Europacific Partners plc,101.46,USD,1.146446017346218,604094,0.2970849534197542,44968858716.56764,USD,Consumer non-durables,Buy,103.72460343457507,103.58192319649791,102.4056603708084,1.7295833959993927,-8.147745790331342,11.937334510150036,100.85999999999993,103.91949999999981,106.13980000000004,98.50499999999992,19.601251883621188,5.09547632985,42.72872663100424
IQV,"IQVIA Holdings, Inc.",271.31,USD,-1.348992800523591,478781,0.2661900778214335,44657625871.75369,USD,Health technology,Strong buy,255.50419164065823,242.88964835754962,228.9291971965089,0.6902950454629853,6.43364324663607,20.362894281531435,270.8319999999999,265.698,247.6117999999999,204.76300000000006,33.65419204386172,12.968094,16.773614148934634
RKLB,Rocket Lab Corporation,74.08,USD,0.6385002037766593,15462174,0.7230319449285737,44333900708.9102,USD,Electronic technology,Strong buy,70.53320119508957,74.03583539696444,77.12163917405175,8.256612596814248,11.566265060240953,4.8846099391193585,71.97399999999999,65.89650000000002,69.48839999999997,81.09174999999996,nan,-0.276757,38.885245901639344
LHX,"L3Harris Technologies, Inc.",237.75,USD,-0.12182826415728115,788849,0.47970458163000035,44272523436.21135,USD,Electronic technology,Buy,258.26722148180914,268.8901722863347,280.7152990467207,-4.911410630724313,-8.550657742903306,-19.132653061224488,240.36399999999935,251.07449999999972,269.927,311.8166499999994,24.01321105365223,11.933786,10.543180930050802
ADSK,"Autodesk, Inc.",211.6,USD,0.11828720132481667,927314,0.41918372378429175,44224401277.50934,USD,Technology services,Strong buy,224.15080664323918,226.11260721574175,229.27005685061144,-3.616653001730891,-13.727728625596288,-28.513513513513512,215.71399999999994,224.8385,233.7225000000001,241.23245000000003,27.410036529443765,12.59312,60.05888329082955
RVMD,"Revolution Medicines, Inc.",205.9,USD,3.0221154808365815,1730462,0.6952720303015887,44131870202.65836,USD,Health technology,Strong buy,200.07140492999346,193.4679103256617,180.38425611221552,4.517766497461932,-1.6338620294286201,156.44538547764353,196.42400000000012,202.57300000000004,200.3585,142.77512500000003,nan,-9.682181,-95.67340777410264
AMP,"Ameriprise Financial, Inc.",499.165,USD,2.8887972791920116,375715,0.49671214016744225,44092851922.83542,USD,Finance,Buy,536.2084031249832,529.7448206579894,518.0755782307383,-8.275450202131573,-10.75502395766288,1.8704081632653102,507.03899999999993,541.8107499999994,546.7531,493.08992500000005,12.040954659925319,46.473846,28.977620972132762
XEL,Xcel Energy Inc.,69.29,USD,-0.38815411155836116,3728908,0.6285360555397532,43280911787.55564,USD,Utilities,Strong buy,74.57809491951816,75.97010892784722,77.03677826862085,-5.419055419055417,-10.269360269360261,-6.136548360877794,70.68399999999991,73.91449999999995,76.68839999999989,78.18392500000004,18.966933099748168,4.115791,1.3426542387927207
KDP,Keurig Dr Pepper Inc.,31.605,USD,2.3477979274611442,3698688,0.3506821585115814,43008906135.29728,USD,Consumer non-durables,Strong buy,31.48707600952028,31.289182390647802,30.87868942130866,0.9260737665655409,-1.2652296157450722,13.605319913731128,31.274999999999995,31.75525,31.191199999999995,29.38935,32.03101246579507,2.292431,-12.456747404844288
FERG,Ferguson Enterprises Inc.,221.44,USD,0.5768269973202572,649091,0.461458968505824,42838168413.48413,USD,Distribution services,Strong buy,227.0080283070794,229.93483401670525,232.40457752289933,3.8454323766647853,-5.609548167092922,-0.7707474457788129,220.01799999999966,220.91799999999998,232.49480000000005,237.87580000000034,19.821690715743493,11.364804,37.48477054284554
WAT,Waters Corporation,435.07,USD,1.108528933302343,403650,0.5376819613529685,42744803095.43198,USD,Health technology,Strong buy,412.28615796455654,401.44446374781955,388.4265997902401,1.3605759150105945,6.179377669310553,14.748780166161156,427.12,416.0344999999999,403.6336,362.3948999999995,108.63713543747502,14.573043,-63.8963263466306
TWLO,Twilio Inc.,278.245,USD,-7.146432623640132,2976156,1.0188998758760164,42731539233.63169,USD,Technology services,Strong buy,239.97998476641436,228.7784412775743,213.60369451647728,11.911273780316137,26.434770754759853,94.78123906195312,283.83900000000006,246.80124999999992,227.44449999999995,172.120575,38.717195892355214,5.929551,5800.328407224959
FLEX,Flex Ltd.,115.21,USD,2.4999999999999893,2009544,0.5702525549138773,42558914920.125,USD,Electronic technology,Strong buy,115.10275323278007,116.7206521839041,114.6786330166356,5.166590597900499,4.755410074559001,87.51627604166667,113.19399999999992,110.42300000000009,115.21379999999998,98.52420000000001,44.48606069966793,4.698182,13.732378902990646
MCHP,Microchip Technology Incorporated,78.35,USD,4.900254384790463,4589067,0.532748806487121,42544730449.13709,USD,Electronic technology,Strong buy,76.82264506872698,78.38677615521634,79.27795343869018,9.595747657014968,6.729328429369293,20.058228623965658,75.83399999999995,73.29099999999997,76.12580000000014,78.60710000000006,117.13260577066825,3.640811,nan
P,"Everpure, Inc.",125.81,USD,3.2244830981293133,4173815,0.3551484197760272,41923321189.58566,USD,Electronic technology,Strong buy,103.25475041804201,96.96896829196241,90.57658525031417,19.420977693402953,21.95618456766189,83.85211164693847,116.37799999999997,101.95399999999995,96.02139999999997,77.09244999999997,171.66052667485332,2.777491,79.9852652259332
EXC,Exelon Corporation,40.145,USD,-0.13681592039800922,3981237,0.6368659919360375,41439833853.078476,USD,Utilities,Buy,43.13639708020431,43.99600365571639,44.70964193391407,-5.574503116547095,-9.019830028328604,-7.839761248852155,40.96300000000002,42.73500000000003,44.46980000000008,45.71740000000002,14.707821945411249,2.857229,3.6177966745121837
ILMN,"Illumina, Inc.",273.125,USD,-0.2829499817451542,2243625,0.38428608077406096,41241874080.608795,USD,Health technology,Buy,225.3650304507519,211.45506265593818,195.23401184435806,9.631517681531733,23.709122203098108,107.96847635726793,257.73699999999997,227.30874999999992,210.85820000000004,159.30357500000002,50.90012858979854,5.352904,-32.04022442595337
PRU,"Prudential Financial, Inc.",119.15,USD,0.33684210526316266,463450,0.3107956993573849,41106750000.0,USD,Finance,Buy,119.32122859445923,117.75115243846483,115.06362728740753,1.8724350205198461,-0.5840634125990727,5.563923097368655,118.33600000000028,118.90700000000011,120.53439999999992,108.74360000000037,10.792572463768117,14.399076,144.26399982299708
IDXX,"IDEXX Laboratories, Inc.",516.445,USD,0.5950641812267601,189694,0.38953843676997735,40686116834.384636,USD,Health technology,Buy,531.7125022431259,540.8259777034338,552.5037485549797,1.9675011846469814,-5.0879385440979075,-23.66266093151818,517.731,522.3892499999989,546.684999999999,592.3988250000003,36.29753797063558,14.771362,18.42736095620182
MSCI,MSCI Inc.,552.54,USD,-0.6365990504963454,219645,0.3635086892387559,40169657547.896515,USD,Commercial services,Strong buy,562.7787232112464,567.6382313614669,570.8560144319792,1.1181670113280775,-1.3550425794012162,-3.3294259670731643,554.4340000000004,556.7145000000002,565.3078,572.9317000000007,30.22201315998184,19.712877,21.125612826288588
LYV,"Live Nation Entertainment, Inc.",170.34,USD,-0.42090494563311054,514180,0.2684460742802786,40137872052.36303,USD,Consumer services,Strong buy,173.72854708243153,174.03542164817324,172.07364976652892,1.3928571428571448,-9.787098824277084,19.595590816541456,169.88999999999993,172.38799999999992,178.12779999999998,163.0763999999999,nan,-0.341286,-148.655692133953
CRDO,Credo Technology Group Holding Ltd,211.945,USD,8.151757922130935,9022294,1.0089340423538544,39835469838.624405,USD,Technology services,Strong buy,202.6184734760178,206.5325045502901,203.2154289797204,23.86476535561918,-4.957399103139016,42.820080862533686,196.32299999999992,180.60924999999992,209.97879999999986,176.17324999999997,75.63521518806651,6.296477,312.1488454184439
CMG,"Chipotle Mexican Grill, Inc.",31.375,USD,-1.9837550765385756,6829797,0.4955163326638585,39702486687.97251,USD,Consumer services,Strong buy,34.39245031968355,34.45793876538802,34.51362988173974,-6.649806605177029,-15.65860215053764,-15.771812080536913,32.37300000000002,35.31425000000006,34.780300000000004,34.94434999999998,28.941057098053683,1.149675,-4.172191284363114
DHI,"D.R. Horton, Inc.",141.285,USD,0.6661916636978997,1566330,0.5273412071973576,39517599033.20926,USD,Consumer durables,Buy,143.22467046917308,145.0374568094954,146.5588856929842,1.3595924809872366,-6.060908305073463,-2.123458500762088,141.03099999999986,140.7552499999999,144.84270000000024,148.95142500000006,13.441121068554141,10.456022,-15.746358980113653
CBRE,CBRE Group Inc,135.52,USD,-0.7397641543982941,1016699,0.4895458952978413,39243246661.05677,USD,Finance,Strong buy,142.40977533847277,142.68079269906187,142.82277915886922,-1.3395457192778124,-10.352583184494264,-15.463788908988828,138.54400000000018,141.56450000000012,144.83020000000008,145.86624999999987,31.074016325781894,7.834381,22.18642310817247
ADM,Archer-Daniels-Midland Company,81.1,USD,-0.9526135808500258,1375487,0.37451915832674093,39086921820.7279,USD,Process industries,Buy,82.64064680727077,81.62301911510018,79.70379732244703,-7.557278012082536,2.7622909275215313,41.190807799442894,82.17000000000003,84.42999999999999,82.52980000000004,73.89382499999996,22.1997153180773,5.379333,60.792253521126774
NTAP,"NetApp, Inc.",198.435,USD,0.6058608801460116,561696,0.25918902466710797,38976406610.12262,USD,Electronic technology,Buy,191.12130091731123,183.28560100511876,171.21940126052746,0.12867090523766042,5.798144593730006,84.3334881560613,196.6129999999999,190.57149999999993,187.4146000000001,136.3490499999999,28.007762879322513,9.999303,25.18552547883242
AIG,"American International Group, Inc. New",74.25,USD,-0.7618283881315067,1014459,0.25588847261224257,38824814554.57098,USD,Finance,Buy,75.94087623003605,76.36719505386722,76.67896227350599,-1.2107503991484787,-3.0045721750489838,-12.88278775079198,74.87399999999991,75.60799999999983,77.06799999999993,77.30017499999984,13.602887292979627,8.040603,1.1714116251482827
SYY,Sysco Corporation,78.76,USD,0.7289934774267903,3402572,0.5936238178085714,38743145561.19248,USD,Distribution services,Buy,81.02521596792624,81.16707355518663,80.87864331970567,-0.1014713343480445,-5.902031063321383,7.993966817496226,78.23800000000003,80.3074999999999,82.15619999999998,79.74747499999995,21.553281155930165,5.068344,-2.142359809329979
YUM,"Yum! Brands, Inc.",138.75,USD,1.026649191786804,1246150,0.4947535832165482,37865025579.21035,USD,Consumer services,Buy,145.2453682589985,147.785056350766,149.97553100459882,2.4023026679951256,-11.069093705935142,-8.44001583740266,139.152,144.38549999999992,147.7121999999999,154.24894999999998,17.449976733364355,6.552749,57.04100173803127
ED,"Consolidated Edison, Inc.",102.74,USD,0.029208450978484218,925881,0.48156192163533235,37862743518.62506,USD,Utilities,Buy,106.34390577342279,107.22530586390619,107.70825951554127,-3.6210131332082547,-4.214059295170623,3.1215497340158582,103.15200000000027,105.97900000000016,107.91339999999998,107.73899999999979,16.872495565919987,6.104983,10.407600812300547
TTWO,"Take-Two Interactive Software, Inc.",201.73,USD,-0.6158242191348902,1409699,0.532224725471028,37719563011.12631,USD,Technology services,Strong buy,219.28548282521575,223.63639029492384,225.47915356681958,-4.302656546489573,-13.26425316020295,-21.72057197182825,205.2959999999999,213.13849999999996,229.3413999999997,225.59159999999972,nan,6.945867,92.76511480231275
UAL,"United Airlines Holdings, Inc.",114.1,USD,2.617141829301193,2294580,0.5812749751747621,37035009055.61832,USD,Transportation,Strong buy,113.82056343776043,114.40634325048264,113.34323106286662,5.932596787670597,-3.664302600472816,1.3321492007104796,113.12199999999999,109.37074999999993,116.33480000000003,109.00807500000002,10.664149391554666,9.577942,7.196601576980504
HEI,Heico Corporation,309.22,USD,0.9434270231449885,287898,0.6117699057689304,36656059830.25711,USD,Electronic technology,Strong buy,325.19479898166327,329.52763320670635,329.1004912550733,4.823892335333407,-16.42702702702702,-4.331415135202029,307.38400000000024,312.7735,339.23760000000016,322.36659999999983,51.47232625884312,6.311764,31.659690109360284
PAYX,"Paychex, Inc.",101.375,USD,-0.21163500344522435,1984796,0.48125038840413115,36087518718.97701,USD,Technology services,Buy,114.24679320337387,113.28620435290692,111.01915608119982,-12.99030126169428,-18.133731728983285,-9.583481983589015,107.39899999999997,116.83225000000004,118.37099999999998,104.17942499999992,20.134861364900296,5.959758,12.930937801404108
ODFL,"Old Dominion Freight Line, Inc.",173.6775,USD,-0.7160006859886799,571071,0.3272273389147213,36013179323.78366,USD,Transportation,Buy,189.8958433345993,197.2642393488504,200.8595162016699,-0.6023579236536261,-12.155429669718274,10.096671949286852,175.7994999999999,181.9228749999998,202.12875,199.27876249999946,33.42458767152287,5.834442,1.4843460088670244
VIK,Viking Holdings Ltd,80.17,USD,0.8174044265593634,4189166,0.8727064629904522,35768414025.47435,USD,Consumer services,Strong buy,87.87342487682595,89.67305610143475,89.12883275176011,-4.673008323424487,-13.329729729729728,12.11019437840861,81.41199999999992,84.59400000000008,93.78280000000002,83.71730000000001,26.583327806883744,3.246043,62.43671226974038
ROP,"Roper Technologies, Inc.",359.43,USD,-1.2609197296851753,243726,0.23737639507061659,35547939090.535355,USD,Technology services,Buy,383.3191936934606,380.70719999058684,377.70405697243865,-3.881119816037858,-11.772285489888075,-19.170058237582353,363.8209999999998,389.9322499999998,390.8530999999998,371.4010499999997,14.895133585018254,22.218238,69.57863076079778
AXON,"Axon Enterprise, Inc.",433.02,USD,-2.6921348314606783,458955,0.37085369760824394,35177423927.243454,USD,Electronic technology,Strong buy,500.2016563111733,506.85368115739027,506.4352207454018,-4.960273912470924,-28.896551724137932,-24.47808570382127,448.0019999999998,487.09799999999984,538.4464,500.5250000000002,179.33405118860264,7.713503,-40.31097817219983
UI,Ubiquiti Inc.,573.47,USD,1.8397826357194886,42167,0.3411586140385795,34711209948.44875,USD,Electronic technology,Buy,575.7251680561533,583.9558059943341,602.5405126190302,-4.5806988352745375,-0.3371509010965991,2.6105782994560607,575.4060000000002,575.061,565.8498,657.3339500000003,36.170118828367436,17.714,34.80826460335006
KR,Kroger Company (The),58.615,USD,-0.5176510522742697,5897379,0.7258074371884925,34617354641.95138,USD,Retail trade,Buy,58.63967463060297,59.11364332989216,60.28184997154567,-3.14771976206213,0.28229255774165807,-6.00545221295702,58.68499999999998,58.80375000000005,57.98329999999999,63.582975,31.72494046330375,5.190835,-53.23242039183922
RKT,"Rocket Companies, Inc.",12.205,USD,2.3051131601005896,20862600,0.501469531239514,34560195795.84618,USD,Finance,Buy,13.195712601410493,13.531725707676674,13.99851949280976,-2.2426912294753656,-13.378282469836762,-37.41025641025641,12.27700000000002,13.074249999999996,13.568500000000002,15.745999999999986,81.20425815036594,0.61571,nan
OKTA,"Okta, Inc.",197.25,USD,-4.54413472706155,2638784,0.5789424827862406,34483393871.05837,USD,Technology services,Strong buy,168.33178344137272,156.59565430620933,142.52818613472022,3.9306602033826903,54.1015625,126.33390705679861,199.43999999999988,181.12124999999992,158.23409999999993,109.177775,119.16268954268108,3.928091,95.17745548873954
MLM,"Martin Marietta Materials, Inc.",484.57,USD,0.931056029993745,695206,0.7648376620769102,34414319180.473335,USD,Non-energy minerals,Strong buy,515.781979445852,531.0884408026305,548.4903423644549,-1.0485904779407993,-9.535233223496904,-21.74888978603149,490.826,503.32750000000016,528.7727999999997,593.0559500000003,11.910286346319282,18.07456,125.40291081945053
TKO,"TKO Group Holdings, Inc.",181.01,USD,-2.188479412082574,327516,0.2667705133855646,34259710523.42245,USD,Consumer services,Strong buy,187.56394251986686,189.04327366474953,190.73720002154957,-3.1617804408303,-5.9101777731572955,-13.776020578288009,187.02799999999996,188.55350000000007,188.5293999999997,197.22075000000012,62.615884876158844,4.640149,33.093922651933696
EL,"Estee Lauder Companies, Inc. (The)",94.515,USD,-0.8965083359547068,1426778,0.50962048511632,34195391693.01179,USD,Consumer non-durables,Buy,94.65112996017866,92.73340222566554,91.1769757618038,0.7085775173148708,-9.520390580126358,-10.509870756994742,97.06900000000005,98.41574999999997,92.67269999999989,92.39247500000005,189.94172025723472,3.319549,nan
KVUE,Kenvue Inc.,17.765,USD,0.8801817149347027,7313969,0.2956181249826429,34122543468.04884,USD,Consumer non-durables,Buy,18.357840631624214,18.467132416119615,18.434406401869172,-0.19662921348314685,-8.522142121524206,2.8662420382165665,17.714999999999996,18.16224999999998,18.782500000000006,18.02572500000001,20.594713656387665,1.175875,17.18516505909524
ALNY,"Alnylam Pharmaceuticals, Inc.",252.84,USD,1.3021355022236467,484444,0.37523459714354984,33832299377.987736,USD,Health technology,Strong buy,248.69293409921153,254.78911944085505,267.6943539378502,2.609472018181083,5.9948017104049685,-36.685531126358484,248.98200000000003,249.69000000000023,244.2299999999998,306.9365249999999,42.688547839740664,6.67407,nan
HIG,"The Hartford Insurance Group, Inc.",124.53,USD,-0.9229055613016124,669786,0.3607592973136713,33731691970.13852,USD,Finance,Buy,133.89194294903373,134.99830953749594,135.36335302570853,-5.83742911153119,-10.132063217146563,-9.22146085435195,127.25400000000005,134.1939999999999,137.90979999999993,136.1157000000001,8.048265031118925,12.738302,40.27124298548596
BIIB,Biogen Inc.,228.21,USD,0.8172822053366293,388158,0.37700630432071497,33718939929.67366,USD,Health technology,Strong buy,217.14879144593004,213.0827305306113,207.36953037119054,4.181693677242637,4.043950031913925,30.13058105719336,225.3060000000002,219.2814999999999,212.96959999999933,193.95132499999983,40.415471257039634,12.41747,-45.98105806945374
STLD,"Steel Dynamics, Inc.",234.55,USD,-0.2763605442176774,273579,0.2663740351841291,33617604124.794853,USD,Non-energy minerals,Strong buy,238.97043539913173,238.98523927254516,234.454943418736,-4.257490407380185,1.3481398262973705,36.66025753073473,233.60399999999987,237.77925000000005,243.82849999999996,215.46680000000015,21.276306240928886,17.247605,60.82161405146758
MDB,"MongoDB, Inc.",416.45,USD,-1.1746559088751753,736347,0.5438669820101054,33547688589.532276,USD,Technology services,Strong buy,390.9944784799249,379.62442801612855,365.0182082698791,5.0421227866619605,6.447696338424171,-1.4319526627218961,420.23999999999944,396.3865000000002,386.1398,344.7314999999998,587.7081569291561,6.558068,nan
EME,"EMCOR Group, Inc.",760.485,USD,1.133703920421296,163133,0.43321672574058834,33544919367.661575,USD,Industrial services,Strong buy,769.460403014136,776.7411971121657,779.0630782890133,4.012172604800662,2.3229999192702007,23.359233065144043,755.691,748.9312499999994,770.5833000000009,769.2056750000002,23.597393530370027,32.949496,33.73516474396216
RBLX,Roblox Corporation,46.92,USD,-3.9115297972557785,6238466,0.5408889804426016,33518520077.984028,USD,Technology services,Buy,44.513566490278606,44.976490347217144,47.62896375829458,-1.3249211356466781,20.184426229508205,-42.394106813996316,49.17199999999999,45.81899999999999,43.28859999999999,56.66850000000002,nan,-1.447041,0.7500350483667568
RPRX,Royalty Pharma plc,58.22,USD,-0.1200892091267804,863914,0.30298103395415793,33479489759.30485,USD,Health technology,Strong buy,59.09989610737009,58.328347350048304,56.52357693307397,-0.6993006993007056,-6.157317859445519,50.45871559633027,58.223999999999975,59.92599999999999,59.45530000000008,50.593174999999974,30.992813414958743,5.342697,-18.219416630387464
HSY,The Hershey Company,166.49,USD,-0.23370086289548558,418558,0.27880723807191776,33452155866.49844,USD,Consumer non-durables,Buy,173.91518355932254,176.56698755145075,180.08963546785893,-0.9695455626933116,-10.853501820518304,-8.511924387295299,167.63599999999997,172.06050000000005,177.32640000000026,191.4825500000003,24.323574100046752,8.493429,-9.041620156274913
JBL,Jabil Inc.,317.67,USD,2.2466123788985866,800713,0.629066633313923,33287714025.416073,USD,Producer manufacturing,Strong buy,316.7999730683348,320.2743497010739,318.63724838530277,6.173128342245999,2.3157691316670954,37.34705348264085,309.95199999999977,305.17950000000013,317.6222,299.69595000000004,39.64581227301659,12.758785,55.77091312039503
PEG,Public Service Enterprise Group Incorporated,66.69,USD,0.19531249999999317,1477514,0.41689563966562887,33239631511.335934,USD,Utilities,Buy,72.12511227716985,73.95462525073,75.76220299774562,-5.162116040955626,-9.215899809420087,-17.45265503156332,67.79800000000009,71.20050000000005,74.23779999999992,79.1665,16.582952058882036,4.368585,1.5555555555555636
IRM,Iron Mountain Incorporated (Delaware),111.52,USD,-2.2526075904987355,563478,0.3563274366586653,33199817401.599438,USD,Finance,Strong buy,117.1454599283152,118.64214038038399,118.3685169683459,-2.517482517482526,-7.659186884159974,34.361445783132524,115.14399999999993,114.51700000000001,120.31459999999996,111.60354999999998,79.59460423952608,2.487129,920.4661325564457
WEC,"WEC Energy Group, Inc.",101.03,USD,0.1288404360753176,1527162,0.5180236661160775,32920561867.12061,USD,Utilities,Buy,105.65155517121153,107.52619252875515,109.17563731547685,-2.9584093746998352,-5.35831381733021,-4.391028674174317,101.8819999999998,104.51100000000008,107.77260000000011,111.33609999999985,19.56656466669249,5.601056,-1.0217187110625514
DXCM,"DexCom, Inc.",87.01,USD,-0.5258945924316838,910770,0.1940205490037852,32834159167.361843,USD,Health technology,Strong buy,86.04016716191177,83.55743667088198,80.22811198915072,-0.9279817819527443,-1.3156402404445917,30.5868227525139,88.18199999999997,87.59649999999998,85.13960000000002,72.57339999999995,34.34514881187337,2.667616,77.35928311397369
KMB,Kimberly-Clark Corporation,98.1,USD,0.905163546595346,2001064,0.465088075125707,32626004285.33841,USD,Consumer non-durables,Buy,102.78992767715751,103.95469019028329,104.41906592085621,0.38882635833418133,-12.197959548952923,-3.043779029548373,97.93399999999997,101.33125000000005,106.34609999999996,102.76747499999992,16.718076313502277,7.375649,-19.11699840105862
ACGL,Arch Capital Group Ltd.,94.88,USD,-0.14733740265207385,2112692,0.44697699220221326,32375818329.050724,USD,Finance,Buy,97.26075502506465,97.46561129598271,97.18468128220735,-1.6481807815901353,-5.685884691848906,-0.9293098047405248,95.15800000000003,96.85575000000007,98.85360000000004,96.35290000000006,7.414063904104772,9.390477,32.18712556294673
QSR,Restaurant Brands International Inc.,71.19,USD,0.39486673247779036,1842767,0.4767147278980638,32356670418.15104,USD,Consumer services,Strong buy,75.21982981800795,75.44438697466174,75.20124457660711,-2.479452054794524,-12.327586206896557,4.66039400176419,71.64600000000007,75.8059999999999,75.70480000000005,73.63919999999996,21.04158661661691,4.046439,28.374122557389498
NTRS,Northern Trust Corporation,175.53,USD,0.5902578796561612,400747,0.3823358467035009,32114206641.698677,USD,Finance,Buy,181.8744378622393,180.47829223213162,176.0544737925564,-0.7968802984062375,-6.108585183204059,28.339548146523352,175.27400000000011,181.3662499999999,183.42930000000007,161.95452499999996,15.067340789891587,11.484018,36.923203497802106
RMD,ResMed Inc.,222.01,USD,0.05408085087205577,209711,0.1595116961882203,32025457327.27248,USD,Health technology,Buy,221.936241881263,219.3590870053472,218.865047726774,-2.7167959335699647,-4.985876915175899,-8.165460186142713,222.35600000000005,226.24599999999992,220.70679999999996,226.45420000000001,21.27388412963069,12.098831,9.756944079258734
EXPE,"Expedia Group, Inc.",266.45,USD,1.7956064947468917,1134693,0.41885403310159575,31979032642.450806,USD,Consumer services,Buy,287.22612939089834,284.01905675688664,276.02261158339735,-6.324708198565606,-21.40117994100295,-5.854709914493673,269.7920000000001,287.2829999999999,297.9855000000001,260.35122500000006,16.618330370786165,20.871407,96.19323813369553
MTB,M&T Bank Corporation,221.42,USD,1.2622336046830656,278369,0.24675379357508856,31976648772.6259,USD,Finance,Buy,234.51778520878213,235.172710762706,232.59948364370476,-2.0308835892217174,-8.071078634891649,10.181130573248398,222.00800000000004,231.8414999999999,241.68299999999982,223.53490000000014,11.690972258888877,19.341887,22.687551418336348
ZS,"Zscaler, Inc.",195.41,USD,-8.959187476705177,4696943,1.2499404228639417,31862519375.831207,USD,Technology services,Strong buy,178.66106567767994,171.72818353347262,168.18656460717196,-1.8040201005025143,21.331222253267512,-13.809985885673958,208.3619999999999,187.05825,173.89360000000008,167.4454749999998,nan,4.879845,-47.39000745712155
VMC,Vulcan Materials Company (Holding Company),245.365,USD,1.516342573438155,784685,0.6598703847503873,31794085998.06676,USD,Non-energy minerals,Strong buy,260.34904941938566,267.4336975969307,273.63574810742205,1.4743589743589733,-10.708177153462646,-13.93117721341377,245.10699999999997,252.85024999999968,268.7409000000002,285.3638750000002,28.961874409820588,9.105273,18.428225953003338
EQT,EQT Corporation,50.755,USD,-2.1496047811837187,4446217,0.5057101914522384,31748063480.16156,USD,Energy minerals,Strong buy,52.474584144477724,52.917118793628354,53.61021917371717,0.8945432859556761,-5.431339668343579,-4.864104967197749,50.92499999999998,53.06825000000005,52.98090000000003,55.67747500000006,11.7728242716645,4.066412,131.89715453714166
HBAN,Huntington Bancshares Incorporated,15.685,USD,2.449379490529066,24714769,0.6582296593508894,31690208841.639126,USD,Finance,Strong buy,16.607829791936602,16.791740295986408,16.85961740214598,-1.1034047919293755,-7.897827363476221,-9.752589182968922,15.621,16.359,17.023199999999996,16.98000000000001,12.091427690410116,1.355926,-3.4102755026061105
VG,"Venture Global, Inc.",12.675,USD,-4.195011337868478,9443781,0.6227890689674433,31688675920.969387,USD,Industrial services,Buy,13.851833700048939,13.65859200361122,13.296709088407386,-11.979166666666664,-8.018867924528292,84.7667638483965,13.149000000000012,14.413749999999993,14.015500000000008,11.886649999999992,9.632922936616508,1.696455,147.3308270676692
RJF,"Raymond James Financial, Inc.",160.21,USD,0.913328294280686,496282,0.3336078656603887,30818270872.386055,USD,Finance,Buy,169.4562720463762,168.61080006824037,166.25776968536806,-2.418077719576074,-8.131200183496748,-0.012482057042989336,160.35599999999982,169.99000000000004,173.33960000000016,161.02095000000006,13.964819915623584,12.150555,12.601462433135408
BAP,Credicorp Ltd.,387.555,USD,1.1866530899976544,119841,0.41307390045498416,30779230833.381966,USD,Finance,Strong buy,382.0535709799869,378.927483032213,370.7677370714888,1.3613181639858725,1.2210091934809892,34.21818181818182,387.8270000000001,379.9337499999998,382.8507000000001,348.1717800000006,14.338382194071597,29.461639259610003,27.602160284009358
CNC,Centene Corporation,61.95,USD,0.04844961240310261,1813921,0.3590836277656974,30602989042.415215,USD,Health services,Buy,64.64268672119279,63.81704307573605,61.28614361015399,-7.385259381073401,-4.692307692307688,50.4371053909665,62.847999999999956,65.33549999999994,65.08499999999998,52.22845000000006,nan,4.870457,-358.10710577065714
CCL,Carnival Corporation Ltd.,22.325,USD,2.455254703992658,15223721,0.640704197994491,30577419003.706974,USD,Consumer services,Strong buy,24.05967027799761,24.99211312117187,25.817830121716888,0.858369098712436,-14.822586798931711,-27.256435320951457,22.100999999999992,22.763250000000003,25.419299999999993,27.545939999999984,10.054494685642226,2.215093,20.346883468834697
SUNB,"Sunbelt Rentals Holdings, Inc.",74.62,USD,2.584547704151787,2264796,0.5033571948357167,30576655386.428658,USD,Finance,Buy,74.35785612992588,74.69004741664716,74.51810867042683,0.6474237928243917,-1.725273278019231,2.219178082191787,73.932,71.86800000000001,74.96960000000001,nan,nan,4.192019,nan
CQP,"Cheniere Energy Partners, LP",63.0,USD,-1.0056568196103088,39364,0.3608624984071776,30495635358.375237,USD,Utilities,Neutral,65.80643374240655,65.46633597813951,64.59531066739011,-5.149051490514908,-7.011070110701107,17.23111276516561,64.60199999999998,67.2015,66.6424,62.13641000000001,11.339501061953275,4.690348,34.31486316603809
ON,ON Semiconductor Corporation,77.525,USD,5.980861244019138,6537274,0.5008284851396121,30181390679.674637,USD,Electronic technology,Buy,77.51736011491606,80.76063431563013,82.52979923476934,10.52894211576847,6.842613009922827,40.31674208144797,74.01899999999999,72.39574999999998,77.73470000000002,79.87107500000005,49.91951062459756,3.197862,44.896435902220546
MTD,"Mettler-Toledo International, Inc.",1505.17,USD,-0.9202514564065443,62135,0.23644390797809353,30158426717.54063,USD,Health technology,Buy,1390.1257660773988,1363.5030924512193,1337.763051987308,7.143263905696114,8.121484652793255,7.5989906138526235,1487.5720000000001,1383.7175000000016,1387.122,1315.7919499999996,33.87649641804952,47.32709,12.537359553407695
GEHC,GE HealthCare Technologies Inc.,66.595,USD,0.3238927387767451,2665805,0.6779657870286044,30080044492.468136,USD,Health technology,Strong buy,67.26277507150677,67.42927458438268,67.92594099101161,3.633675692499212,-9.713937093275497,-19.35698716396222,66.02900000000002,66.658,68.40639999999998,71.752725,15.303566504274288,4.923888,-10.913669212029383
IR,Ingersoll Rand Inc.,76.112,USD,1.7812249264509143,1984000,0.3742850405834213,29531413707.865417,USD,Producer manufacturing,Buy,76.85273894190412,77.86883314709657,78.74885173345129,5.24336283185841,-3.8747158373326744,-4.65739696855819,74.65440000000002,74.24859999999981,79.84104000000032,81.69770999999999,31.361819605257736,3.543521,89.48313554028732
RDDT,"Reddit, Inc.",152.22,USD,-0.3273965426925092,1534656,0.30036989008401577,29286598577.00602,USD,Technology services,Strong buy,156.83465227261317,159.43969241560393,162.04536411525206,-0.30781321632064895,-5.453416149068324,-34.43879748471014,154.26399999999992,153.8770000000001,159.56120000000016,170.67654999999985,35.39259224813411,5.377264,263.03705579471597
ZTS,Zoetis Inc.,70.47,USD,0.2846164792941552,2222137,0.5149839741398501,29119865862.510605,USD,Health technology,Buy,73.83525234614929,76.20733030428649,81.51909010540898,-2.887066767725486,-8.266076542567033,-44.24841772151899,71.30799999999998,73.68599999999999,74.91580000000005,99.55079999999998,11.592748568796472,6.253119,4.590502408809359
CCI,Crown Castle Inc.,67.61,USD,-0.029572674848434163,1714506,0.43218242133078594,28765041423.458824,USD,Finance,Buy,74.0548127431119,76.10771486273198,78.65258289937725,-8.00108858348074,-11.667102168800636,-23.90545863815419,70.21200000000003,73.78649999999986,74.93980000000002,83.58920000000029,14.902574501851523,1.921685,nan
TDY,Teledyne Technologies Incorporated,613.27,USD,0.2042416914479919,114487,0.3748771687633248,28428543217.509705,USD,Electronic technology,Strong buy,622.1120027995212,627.0716109961805,627.223899035181,1.4910799986760652,-2.5488233144237284,19.545808966861596,613.6320000000003,607.0609999999996,636.9629999999994,621.1471499999999,29.629146495830554,24.730969,14.031501875898703
SMCI,"Super Micro Computer, Inc.",43.07,USD,3.7581305709467654,41346616,1.0381815572558644,28295498334.724403,USD,Electronic technology,Buy,38.310640242326905,36.55202186254412,35.11576900912494,7.139303482587058,13.267587113740964,43.75834445927904,41.751999999999995,38.98150000000002,35.028200000000005,31.79294999999996,13.100742182747293,4.337859,98.09592672933236
HPQ,HP Inc.,31.305,USD,0.5298651252408451,7609270,0.4656346897908149,28230567190.660885,USD,Technology services,Buy,31.406992954285503,29.858885000319408,28.05574231838772,-9.88773747841106,6.407205982324942,38.88642413487134,31.919000000000004,32.469249999999974,29.899500000000003,23.467625000000044,11.935262495710854,3.25732,-4.5489282724989994
EXR,Extra Space Storage Inc,132.97,USD,0.559630946078809,447348,0.2648849768778984,28092512720.65719,USD,Finance,Buy,139.82774679599547,141.59752715079293,142.45788785046082,-3.9927797833935026,-8.176230923278782,2.23742887897893,134.29800000000003,137.67649999999986,143.6414000000002,141.72072500000016,29.77118036897725,4.652043,-2.9317801490883015
KHC,The Kraft Heinz Company,23.555,USD,-1.2782900251466878,6796296,0.4281996693026177,27932078685.95201,USD,Consumer non-durables,Buy,24.638944056287333,24.673761947047105,24.562074712733526,-4.364596021112462,-3.4631147540983562,-3.0259365994236287,23.91500000000007,24.73675000000005,25.28009999999998,23.981275,nan,2.048265,36.07490402642621
FTI,TechnipFMC plc,70.495,USD,-0.6412966878083133,978718,0.29435338514603504,27645625910.381252,USD,Industrial services,Buy,73.845636979382,73.31215153386054,71.60270814518695,-3.3918048513087493,-5.2741198602526165,58.38013929454056,70.96299999999992,74.99874999999992,74.54610000000002,66.38622500000002,24.566141622525787,3.107209,35.896950179958324
DG,Dollar General Corporation,125.1599,USD,2.1463315106504464,966590,0.40619618217864517,27612375196.27136,USD,Retail trade,Buy,124.41066903091216,123.4268369718213,122.69452264519323,-0.4613488150151118,2.5900819672131092,-5.742440787739581,122.56598000000001,125.65849499999997,124.38259800000002,127.08154950000004,16.266151146923125,7.901681,42.337859336268444
CFG,"Citizens Financial Group, Inc.",65.555,USD,1.2745249497914457,1889460,0.4632495460328033,27610245790.38638,USD,Finance,Strong buy,68.94263652448399,69.00032245103901,68.02860874970801,-2.331644815256254,-6.43020268341421,12.136503592199805,65.54899999999998,68.36974999999998,70.6091,64.99237499999998,14.250467370983872,5.302524,40.27566018174057
WTW,Willis Towers Watson Public Limited Company,295.645,USD,0.6862377822429542,224942,0.3908155173959485,27457125339.449375,USD,Finance,Strong buy,315.08886497908514,311.71857738123003,306.5471750240967,-4.735129213121091,-14.634885802558255,-9.718447491373269,299.36300000000006,318.88775000000004,323.56510000000003,299.65389999999996,18.239220694292783,19.820222,1032.8045286183522
AEE,Ameren Corporation,98.98,USD,-0.22177419354838593,916524,0.5321514094559523,27401945202.294758,USD,Utilities,Strong buy,104.78520374257661,106.4293723204232,107.48253176817009,-3.462401248415095,-7.736763609246829,-0.7619811509925716,100.28199999999998,103.86950000000006,107.2128000000002,107.80100000000014,17.4232956045697,5.391736,24.769936966023163
WSM,"Williams-Sonoma, Inc.",231.58,USD,1.2770051605003132,286272,0.2377364216014671,27275301737.935623,USD,Retail trade,Buy,229.93506755984586,227.76549144201306,222.58710938850004,5.077362856753949,3.383928571428577,26.76811911539304,229.5839999999999,226.14100000000053,232.83579999999998,207.72575,23.691290959498307,9.509088,7.441277657481413
ARES,Ares Management Corporation,121.58,USD,1.2238781117309123,660689,0.2796115438195657,27228781335.411537,USD,Finance,Strong buy,130.2595623750916,130.14516502966254,129.77309823523473,-2.4080911863862577,-14.350123282846067,-25.26432259650849,122.91200000000008,131.41450000000003,133.64200000000005,131.3112249999999,55.43750854954175,5.858944,25.463386727688775
PCG,Pacific Gas & Electric Co.,12.275,USD,-0.3652597402597397,20658993,0.5502655526948431,27034053560.00406,USD,Utilities,Buy,14.679474188703585,15.403304857641958,15.920768372834573,-7.637321294206162,-32.77656078860898,-24.18159357628166,12.564999999999992,13.593250000000008,16.011700000000005,16.601449999999996,8.95397184331461,1.653886,26.79430262671107
HAL,Halliburton Company,32.435,USD,-0.9920634920634792,5536455,0.5285696635895257,27022582202.263893,USD,Industrial services,Strong buy,34.44325802289402,34.79905833693711,35.01512656731376,-4.1802067946824195,-2.772781774580327,14.449541284403677,32.88900000000004,35.24825000000002,34.1657,35.34952499999999,16.989681001519042,2.34243,-10.677022411453711
GFS,GlobalFoundries Inc.,48.985,USD,4.11264612114772,3124135,0.7303651600200893,26880569140.52072,USD,Electronic technology,Strong buy,50.03331983767594,52.9249739328778,54.90736863364232,6.028138528138521,7.176457717973967,37.8306133933596,47.79500000000004,45.6497500000001,49.0607,54.018875,38.233687168279744,1.938093,nan
CBOE,"Cboe Global Markets, Inc.",257.065,USD,-3.9260754195163865,850435,0.8721844901950971,26845559609.255074,USD,Finance,Buy,281.2303210283505,284.62259120699565,286.3336318091383,-4.836560174730685,-16.888134497251865,2.436740386531185,266.35300000000007,282.98325000000006,288.75169999999986,286.662925,20.023289687887026,14.013136,50.504091346041115
ATO,Atmos Energy Corporation,156.935,USD,0.32924178493799694,486024,0.4227718739064254,26520216316.415836,USD,Utilities,Buy,164.54758059620528,167.36561346862314,169.99554408353546,-2.524844720496893,-6.4415166328842295,-6.11127729584206,157.0409999999996,163.14375000000024,168.7727000000001,174.75537500000047,18.682960511434658,8.453338,15.998287623940136
ZM,"Zoom Communications, Inc.",90.53,USD,0.1992252351964658,980035,0.3083890823716527,26415180114.486446,USD,Technology services,Buy,95.2108296622434,95.47550825323299,94.64124168302699,-1.7793208202235007,-4.905462184873951,4.925822902178952,90.9260000000001,94.24600000000001,97.00920000000002,91.06912500000017,8.384814159619891,6.145141,184.39837741017806
NVT,nVent Electric plc,163.145,USD,0.16269646365423304,657229,0.332145455298919,26406314522.563946,USD,Electronic technology,Strong buy,159.09974136380546,158.07233641733498,154.4187668912044,6.833213280073343,6.470665013378595,58.63963438350837,162.1930000000001,155.13725000000008,156.79570000000018,139.056425,45.06892455592696,5.145153,3.016591251885366
ECHO,EchoStar Corporation,90.385,USD,0.005532197388813525,2190215,0.629122140776935,26285389415.184338,USD,Communications,Strong buy,91.66298712897162,94.12116768171083,97.4916082289341,-3.8457446808510585,5.349962119004608,-16.83382407066618,92.86100000000002,91.33124999999998,89.71880000000006,109.03967499999999,nan,24.414977,-2120.0623052959504
SYM,Symbotic Inc.,43.455,USD,-1.3283378746594026,555848,0.29565016383019316,26281658835.548702,USD,Producer manufacturing,Buy,42.348288397928044,42.91851416833556,44.512479411596956,-2.785234899328869,7.80203423468121,-28.551463334429467,44.043,42.27600000000001,42.0242,50.91444999999998,481.76274944567626,0.205,nan
DGX,Quest Diagnostics Incorporated,237.41,USD,0.34659114924552736,329742,0.2714837575086943,26203738916.53844,USD,Health services,Buy,236.44403373588023,230.9906338104563,223.31471274085084,-3.6954405322083455,-2.7446642906886307,36.9857480814725,237.32799999999983,239.31650000000013,235.7264000000003,204.78549999999984,25.183511541072644,11.191212,12.727794518582284
CPAY,"Corpay, Inc.",398.99,USD,-0.3322342126298921,204984,0.4801110759262417,26197524005.32889,USD,Commercial services,Strong buy,399.24716735605267,390.48430614141984,377.2128725405943,-1.0466010267602417,-2.7802144249512595,32.269186142880834,396.92800000000057,405.4255000000003,398.9674000000005,344.70879999999937,24.252647191120513,27.384829,11.781212841854936
VRSN,"VeriSign, Inc.",289.66,USD,-0.7605865424146808,299780,0.4000382183420285,26156299321.868988,USD,Technology services,Buy,290.6089974322782,287.1575774813005,282.15780405971395,-4.101969872537655,-1.0453675867723429,19.16241566562449,296.4840000000001,293.8289999999998,287.86089999999984,264.86304999999976,31.438991034797144,9.789784,9.963478385410445
TSEM,Tower Semiconductor Ltd.,231.71,USD,6.641200294550813,1367771,0.5501244462742094,26142667521.159103,USD,Electronic technology,Strong buy,226.75702971045106,227.75523872840623,222.43503755939196,2.977645437980542,8.068653514295047,92.30641547016351,229.984,214.23025,225.4213,193.93062499999988,91.39352344890152,3.892275,45.74040009197516
WST,"West Pharmaceutical Services, Inc.",370.89,USD,-0.7253747323340568,210854,0.2938564198918835,26101667143.31627,USD,Health technology,Strong buy,353.04903092842903,346.69841086000673,335.6222437146971,1.1729725306200418,6.586774721958777,34.74659400544959,370.6459999999999,353.6039999999999,350.4528000000002,299.7811999999999,47.41383718551851,8.970011,17.17546960663891
CTSH,Cognizant Technology Solutions Corporation,57.75,USD,1.0145181039006441,2452327,0.36301023966849566,26013152517.675354,USD,Technology services,Buy,58.41319792496277,57.07486174850735,56.84116577787314,-6.674208144796384,-6.341226078494968,-30.413302807567174,58.424,61.09500000000016,57.46410000000014,61.60302499999999,12.393501727579029,5.759,-5.379117085651624
AWK,"American Water Works Company, Inc.",130.645,USD,-0.672850300311709,527067,0.3011374693201637,25962948480.680683,USD,Utilities,Buy,135.16183176304804,134.64989720472792,133.89809491017917,-4.534161490683219,-4.971632237416337,0.31866697381557285,132.60499999999993,137.25574999999998,136.24570000000006,131.984985,22.617027906654666,6.086943,3.9987037070377944
Q,"Qnity Electronics, Inc.",123.8025,USD,1.220259995094426,411375,0.2427281851454776,25900539987.503986,USD,Electronic technology,Strong buy,126.92589012346602,130.0957250275536,130.6766710931692,4.846290650406501,-2.6097388294524935,51.55159750275432,123.4585,120.571625,128.58605,124.58731250000001,44.332342619780846,4.5525,-26.24461875709796
ROIV,Roivant Sciences Ltd.,35.855,USD,-0.7611403265984104,4041505,0.4374270782146681,25898891860.664402,USD,Health technology,Strong buy,36.76549387963594,35.75573814989787,34.0861308953596,-10.608327100473703,-2.897765741367638,65.15430677107321,37.20300000000001,37.91474999999999,36.432900000000004,29.802749999999975,nan,-1.37773,37.23526044647968
DOV,Dover Corporation,191.65,USD,2.0011708978657827,693391,0.52556082403307,25811464377.406464,USD,Producer manufacturing,Strong buy,196.0722937583238,200.1743093669586,203.5275383931054,1.1879619852164731,-5.730447614363012,-1.8085869453837489,188.23999999999995,190.13050000000004,199.64420000000015,210.25224999999966,23.069515498043938,10.689517,-49.914086757302634
VICI,VICI Properties Inc.,23.42,USD,0.6446067898581956,4969813,0.47238261313739777,25787235900.446926,USD,Finance,Strong buy,25.003605119672383,25.61294115125243,26.281587116004996,-2.5790349417637164,-11.085801063022013,-16.832386363636356,23.68399999999998,24.718000000000004,25.754200000000004,27.55929999999996,9.082447839913133,2.762843,-1.3542463657230337
CPRT,"Copart, Inc.",27.715,USD,-1.1590584878744625,6402453,0.6040200891056212,25658867210.05617,USD,Retail trade,Buy,30.20957174388055,30.55919910797575,31.314316643371875,-6.494601889338734,-16.015151515151516,-29.19913143441053,28.464999999999993,30.904500000000002,30.503499999999917,33.78394999999998,17.869116698903934,1.629616,-2.3299748110831326
INSM,Insmed Incorporated,117.28,USD,-3.5129576306046864,1850009,0.8620751277577474,25611782991.54982,USD,Health technology,Strong buy,120.35385288104939,119.44662625735877,120.90461191509678,-5.335378158043426,-4.565058182114086,-33.28403208373627,119.79799999999997,123.13099999999989,119.22199999999994,135.1140749999999,nan,-1.597123,28.022864356852285
LVS,Las Vegas Sands Corp.,39.035,USD,0.9961190168175886,1951367,0.32274275179781126,25283016242.01384,USD,Consumer services,Strong buy,43.05530362228915,44.63625447418405,46.59221361796998,-3.641076277462359,-16.62750961127724,-40.130368098159515,39.36700000000003,42.05324999999998,44.66930000000005,52.43702499999993,15.208244048778585,3.101937,29.605130276711776
INCY,Incyte Corporation,124.4799,USD,0.03206364513018558,507766,0.32100623924165134,25231796631.539543,USD,Health technology,Buy,122.84525398289821,120.04927348297717,115.83562599729629,-2.6359796636683566,-3.638411518810966,26.697099236641225,125.02798,124.90449500000004,123.25619799999997,106.25179949999998,15.864587581566068,3.76232,78.375920705647
LH,Labcorp Holdings Inc.,310.66,USD,0.5534876193558946,423114,0.4779391664908294,25194526521.872604,USD,Health services,Strong buy,315.1191428510816,308.6624719281067,299.55217213018744,-3.5217391304347747,-7.4948634725902865,23.616250845569223,311.22400000000005,320.6619999999999,316.915,279.21637500000014,25.68966657845991,18.35052,33.345095271700785
FFIV,"F5, Inc.",444.87,USD,-0.3762176687940895,195606,0.3268299619027537,25191733770.828754,USD,Technology services,Buy,414.48542131995674,405.0492721767669,389.8277387310755,1.307130007059415,16.281562026242884,73.89281945041628,450.168,417.9340000000003,407.4839000000001,340.53107500000004,35.43905489480686,17.333083,10.691674161860927
DTE,DTE Energy Company,121.03,USD,-0.123782802442652,914716,0.4497834665105753,25184897780.150764,USD,Utilities,Strong buy,132.79916003562604,136.27004992034284,138.86985247597917,-6.367012223425646,-11.05313441610935,-6.424926550177828,123.32799999999995,131.241,137.332,141.12794999999994,19.122479934272892,7.713907,-8.93892525717574
OTIS,Otis Worldwide Corporation,66.13,USD,-0.8248350329934182,1489231,0.2885522326797086,25173663703.92306,USD,Industrial services,Buy,69.77392384365073,70.9394003594917,72.75085302442193,-3.7409024745269392,-7.7298730291614435,-24.18023389130934,67.16999999999982,69.21699999999989,71.12060000000008,78.64912500000007,16.976433742362786,4.041085,2.9847984137475154
CPNG,"Coupang, Inc.",13.995,USD,0.8285302593659829,7170455,0.5331748365357708,25156176871.67831,USD,Retail trade,Strong buy,15.280690361662492,15.828442142832483,16.635211722357386,-2.6096033402922756,-15.692771084337362,-40.949367088607595,14.277000000000001,14.941749999999999,15.662900000000006,18.412275000000008,nan,-0.507853,-314.45115810674724
SN,"SharkNinja, Inc.",178.575,USD,0.9240420481519108,685251,0.27205467939717937,25156137658.905132,USD,Consumer durables,Strong buy,170.99497317779324,165.33904416567933,156.07742229278767,6.892733149766543,-3.206135833920549,59.24291064740502,172.10299999999998,172.50524999999993,172.21569999999997,133.22517500000023,36.48706632340321,6.5675,33.76882499248366
ATI,ATI Inc.,184.53,USD,-0.9022071854358019,559775,0.3307632546383375,25127523876.324795,USD,Non-energy minerals,Strong buy,198.1961434723875,196.6103363990862,189.3346340003329,-0.09745005684587019,-14.963133640552995,59.98786197329634,186.12800000000001,195.74100000000004,202.82980000000003,164.99900000000005,53.94825317935974,5.05327,18.23775450240244
FOX,Fox Corporation,56.32,USD,-1.538461538461543,263904,0.19451568429381522,25065543807.015385,USD,Consumer services,Buy,57.39489910632165,56.77335748172952,56.28678507724646,-2.8798068632522877,-9.85915492957746,-13.287143956889919,57.14000000000008,58.70400000000005,56.922199999999954,56.897950000000016,14.68770374233929,5.97659,-21.89155055813575
LPLA,LPL Financial Holdings Inc.,317.67,USD,4.924692826000801,707893,0.8314209522735695,25014063017.307278,USD,Finance,Strong buy,340.2040794660634,337.32368828358057,332.7383310438995,-3.7188579741771175,-11.726456776058019,-11.267841680399982,312.5319999999997,340.7662499999995,348.0286999999995,329.1326999999998,25.332131863925614,23.750327,-14.22982483738808
CINF,Cincinnati Financial Corporation,162.965,USD,0.39117846362347736,153776,0.1959806231831048,25011549495.15311,USD,Finance,Buy,169.9066078979606,171.01423716587843,170.696272540413,-4.081812831077105,-5.208818054909251,-0.21736468283124527,164.10900000000004,169.07075000000003,173.13050000000024,167.5402499999999,7.6841648630934705,8.36986,83.98615412643468
FE,FirstEnergy Corp.,43.2,USD,0.023153507756436945,2223275,0.623288848498961,24997245201.35217,USD,Utilities,Buy,45.76392458324965,46.329962256745695,46.750319211009405,-5.08623530704163,-7.335907335907324,-3.7004012483281246,43.947999999999986,45.5155,46.90139999999996,47.4563099999999,23.053524734510916,2.73043,-17.27806471549022
FISV,"Fiserv, Inc.",46.7,USD,1.5658982166159332,3450106,0.5036465958813369,24833505746.200527,USD,Commercial services,Buy,50.34701136323907,51.409881084180526,53.615490270320784,-5.408142596718644,-10.51925656255987,-30.845550125869984,46.24000000000005,49.70200000000007,51.517600000000044,57.31490000000009,8.957857786814493,7.24573,-12.858957643833776
WRB,W.R. Berkley Corporation,66.8,USD,-0.7281914103135816,1071987,0.21923624202273076,24797999946.387276,USD,Finance,Buy,69.26148832050336,69.4945610353361,69.484497407682,-4.2979942693409745,-2.3106171395144757,-4.256843915723088,67.74400000000003,69.0509999999999,70.51240000000003,68.89879999999992,13.737789203084834,4.874673,10.669822700685069
PFG,Principal Financial Group Inc,114.965,USD,0.7139728427507646,501523,0.3441768429224222,24614540815.82584,USD,Finance,Buy,114.47372646916757,112.77286600213017,109.74368615050682,-0.729643381400569,2.9783231816553233,30.1834446835013,114.61899999999996,114.8115,113.46900000000004,101.04257499999999,16.31658127421621,9.592981,41.87994603411126
HUBB,Hubbell Inc,464.49,USD,-0.2983600927277381,200944,0.42268823440198083,24540200289.14933,USD,Producer manufacturing,Buy,467.7872012023546,474.091695637436,478.84135199611114,4.636074880043248,-0.36038355106506353,3.743327451812474,462.0780000000001,453.9985000000003,474.40899999999993,487.39314999999965,27.502353589001192,20.476669,9.655239579275419
EXPD,"Expeditors International of Washington, Inc.",187.81,USD,2.2596101491887217,379236,0.3334678391919589,24413540914.847275,USD,Transportation,Buy,186.40954304265952,181.98217822898349,175.662035371265,-0.7294254453195177,-0.8656637635259892,25.9286576371195,187.83199999999988,189.11649999999992,183.90099999999987,161.78994999999983,27.326960292170472,7.720561,12.143265073019503
SW,Smurfit WestRock plc,46.5,USD,1.0869565217391304,1608771,0.34970595954649836,24314345947.076084,USD,Process industries,Strong buy,45.96134277133418,45.731922501555125,45.07073733027182,2.876106194690259,-6.682721252257673,19.72193614830071,46.16999999999997,45.08300000000001,46.682000000000016,43.09365000000006,49.44704381114419,2.220446,42.24776887006504
AFRM,"Affirm Holdings, Inc.",71.765,USD,0.2724605281542649,1374613,0.3296451444108338,24215036046.86035,USD,Finance,Strong buy,73.21600810258055,73.03392055490339,71.71720174986325,1.5494552143766787,-6.750259875259867,-4.313333333333333,70.849,71.76674999999997,73.79500000000002,66.75597499999998,12.99925734055464,1.986734,4209.679937548791
CNP,"CenterPoint Energy, Inc (Holding Co)",36.675,USD,-0.3938077131993567,2472484,0.3688249007481667,24158568155.939705,USD,Utilities,Buy,39.16965550682107,40.048106077490125,40.71614589042906,-4.117647058823537,-5.985644706485519,-4.317766762327162,37.29900000000002,38.69124999999997,40.30729999999995,41.3991,21.616762937639983,1.911025,18.23820475294446
PPL,PPL Corporation,31.8699,USD,-0.3131060369095954,4163003,0.7755182243577636,23983527000.157547,USD,Utilities,Strong buy,33.999124538218034,34.58421193920318,35.144314274223696,-4.43808095952024,-9.073038516405125,-8.943142857142854,32.40398000000001,33.74349500000002,34.757998000000015,36.13314949999997,18.92961511047755,1.951896,26.567433468651323
XYL,Xylem Inc.,102.5,USD,-0.15585427625170134,1111586,0.43092261476715504,23932399535.042862,USD,Producer manufacturing,Strong buy,109.28076782005246,111.534597338452,114.20401111401439,-4.553496601173294,-9.39626977813135,-24.79272140289089,105.77799999999998,107.24500000000005,113.95060000000018,121.92390000000003,24.34737167153614,5.663771,9.421947289078346
ASTS,"AST SpaceMobile, Inc.",61.489,USD,0.7025876187356614,4625272,0.48867100597201146,23929520677.382935,USD,Communications,Buy,62.924818022248104,65.98660913680791,69.79524412929243,-2.1888173069275507,0.9091655042258061,-17.28679042238365,61.621800000000064,60.77395000000001,62.787979999999976,81.52267000000002,nan,-2.095959,-12.655962095288231
SYF,Synchrony Financial,73.47,USD,2.683438155136271,1363173,0.4551426833129141,23904997340.9086,USD,Finance,Strong buy,76.17707364425593,76.07398220460342,75.59602663122533,-1.050505050505052,-8.925251022685016,-12.232708159120769,72.67200000000001,75.84700000000002,76.84459999999996,74.97365000000006,7.53468910562102,9.356284,18.484270386526852
PPG,"PPG Industries, Inc.",107.5,USD,1.1098570353649426,769132,0.4445645673834392,23897250259.852337,USD,Process industries,Buy,110.06692829957694,111.48073087592995,112.10209467117286,2.880658436213997,-6.05610416848729,4.3385421721828585,106.7440000000001,107.84599999999982,112.17200000000015,111.89085000000017,15.435865772583032,7.903396,23.48268586322452
ES,Eversource Energy (D/B/A),63.43,USD,-0.5799373040752311,1544539,0.5897748266403631,23892478704.513165,USD,Utilities,Buy,68.71014027525915,69.64393498200877,70.09491089851792,-7.630697538954423,-10.674552879876082,-6.431627083640665,65.08199999999997,68.46999999999997,70.9734,70.23644999999992,16.4279609437725,4.646638,66.18317982267368
GH,"Guardant Health, Inc.",177.28,USD,0.47038821195806885,1053618,0.5126604682325997,23790296072.676,USD,Health technology,Strong buy,166.41890586322828,159.64820077327005,149.04958871570804,-3.125683060109289,7.6315949244126,73.29423264907136,176.21399999999988,168.62750000000005,162.75639999999999,122.06074999999998,nan,-3.204651,-4.599796760117153
VLTO,Veralto Corp,96.9,USD,0.7276507276507306,704120,0.38793729445306746,23623574886.73909,USD,Producer manufacturing,Strong buy,95.63350801941738,94.73209003844262,93.8463060915412,2.0000000000000058,-1.9230769230769145,-2.338238258415635,95.99000000000007,96.0299999999999,96.21959999999989,93.07295000000005,24.42405605686344,4.381649,11.103643339214205
TW,Tradeweb Markets Inc.,100.65,USD,-0.4746366063482545,575571,0.43920017892433416,23554943767.070606,USD,Finance,Buy,103.35130645078299,103.70572569769611,104.79769724413897,-1.381540270429156,-6.083792105999809,-6.197576887232051,101.23999999999975,103.42450000000015,103.39739999999992,108.40802500000007,24.027787724700996,4.018983,61.45307380998266
RF,Regions Financial Corporation,27.645,USD,1.412325752017601,5807343,0.6357125315052925,23551591346.948822,USD,Finance,Buy,29.522723403893075,29.680921954622164,29.471601333979653,-3.5751656784094945,-10.039049788480316,2.0487264673311176,27.751000000000005,29.212249999999965,30.365700000000025,28.704824999999925,11.24420401854714,2.641033,14.59867623753147
TPL,Texas Pacific Land Corporation,340.82,USD,0.7597930524759773,172071,0.3538819640735905,23507949769.562572,USD,Miscellaneous,Buy,362.8982275243156,371.5201327048881,379.85554265869825,-1.9401697109161526,-7.758807294767036,19.19755244755244,347.37000000000023,360.9120000000006,373.811,395.89580208625017,43.450324455946664,9.302526,17.272672906138798
FWONA,Liberty Media Corporation - Series A,86.155,USD,-0.6629770552288744,84021,0.40139344258379267,23466526591.791595,USD,Technology services,Strong buy,88.70471873059365,88.70793594362503,87.91462145477293,0.7778687565797243,-10.987705341460899,-3.6189730394898754,86.66100000000004,87.99874999999992,90.8513999999999,84.61792499999989,53.26429675425039,1.81296,52.752856738124464
FCNCA,"First Citizens BancShares, Inc.",2099.99,USD,2.0983746833719783,21539,0.3271311212734709,23374663010.47853,USD,Finance,Buy,2151.866144957459,2142.9440585332613,2116.6964363433085,-0.8765387810588402,-3.1459274974633358,-1.7056491436649015,2077.176,2137.909,2168.7998000000007,2060.3415500000006,11.231322489172417,194.207757,10.347745875154256
ULTA,"Ulta Beauty, Inc.",544.75,USD,-0.7343562083166247,132340,0.2653599051489727,23292134655.644794,USD,Retail trade,Strong buy,534.094427597092,527.2039467707382,526.032293978748,-0.24172725108503487,1.7824779058687175,-10.125057744341055,549.8119999999998,545.1995,528.4262999999999,556.9935750000001,19.847269839072254,28.996682,5.199190513058345
AER,AerCap Holdings N.V.,149.45,USD,2.771283179755193,629768,0.5516771118051761,23079573517.11697,USD,Finance,Strong buy,146.26154643748643,146.25100423028195,145.44194297735348,5.298386528570409,1.1848341232227488,2.990834539314985,145.37000000000006,143.63150000000002,147.67660000000006,144.16674999999992,7.350228941557196,18.720007,26.695329781599515
ENTG,"Entegris, Inc.",150.25,USD,1.0899549216174425,474709,0.21960077641072553,22958201213.079464,USD,Producer manufacturing,Strong buy,143.57709793055545,142.84126394433125,140.34842636707077,9.735612036225543,7.405818857673897,74.38486536675953,148.81199999999995,138.585,139.5191,130.53219999999996,75.24916111584115,3.91804,2.647542669134273
RBRK,"Rubrik, Inc.",110.74,USD,-2.6889279437609863,2070119,0.5939236382623092,22956893384.908787,USD,Technology services,Strong buy,96.82938014911271,91.32942913334676,85.07353614485106,2.017503454629201,22.364640883977895,42.61429491307146,112.98799999999997,99.58500000000006,92.26460000000002,71.1304,nan,0.503246,46.36243667787664
CHD,"Church & Dwight Company, Inc.",96.27,USD,0.9860484632329778,396602,0.2423431766166289,22835620199.2869,USD,Consumer non-durables,Buy,97.22712594889278,97.51437548916113,97.29434969733308,2.40399957451334,-6.1695906432748515,15.26580459770115,95.84599999999993,96.519,98.67540000000028,95.72909999999976,30.975900125486664,3.776676,46.592141880099994
DRI,"Darden Restaurants, Inc.",200.7,USD,-3.155761436016223,914008,0.6432323366533168,22787830968.19629,USD,Consumer services,Strong buy,209.61900489307183,209.3247984507126,207.86193908313768,-2.851057650418711,-8.652314414455427,8.756909071204072,209.2959999999999,211.9214999999994,211.6555999999997,203.67990000000023,19.60592769154122,11.282647,9.742814567051546
GPN,Global Payments Inc.,85.9,USD,0.691595358105736,921347,0.3669200368581905,22730717992.36432,USD,Finance,Buy,86.92396221386662,84.91944016017263,82.22355794611603,1.0707142016707976,-8.285287209054015,10.695876288659809,85.05599999999995,88.23650000000006,87.79319999999981,76.45247500000022,26.9515562248996,13.647263,-44.26120564523181
ROKU,"Roku, Inc.",152.53,USD,-0.5217504728363733,956731,0.5197286785868835,22652021294.20817,USD,Technology services,Buy,152.62860289134383,148.98565881219128,142.25143373001117,-1.1086618257261462,-4.477705410821646,39.73707113737346,153.58599999999987,155.1932500000001,152.3114999999999,122.11642500000008,65.1642670995856,2.899841,nan
TPR,"Tapestry, Inc.",113.53,USD,1.2575811630395972,905626,0.29979626621356004,22636937741.665806,USD,Retail trade,Strong buy,124.18471631221486,129.0866504824776,132.56181677387562,-1.875540190146933,-12.917082150801567,-12.14208326884383,112.36400000000017,117.5185000000002,133.08540000000005,138.7549499999999,15.593709223267632,7.979291,1049.7946936197093
IOT,Samsara Inc.,38.595,USD,-1.8438453713123126,2064521,0.36612824814478434,22601433050.30684,USD,Technology services,Strong buy,38.86172760563281,38.02032324871855,36.86583489073159,-4.515091538842165,1.3790386130811625,7.506963788300836,38.66100000000001,39.525250000000014,38.758500000000005,33.731524999999976,250.61688311688312,0.773258,nan
CRCL,"Circle Internet Group, Inc.",88.5056,USD,-4.832688172043009,7757066,0.45557197102878216,22578920431.65268,USD,Technology services,Buy,86.49969250781251,84.6104540357968,85.00566601268903,1.2591956981866026,-1.3425482109017866,9.48243443839683,92.46112000000001,91.97628,79.58311200000004,86.08842799999991,53.26528647087145,1.072401,nan
BIP,Brookfield Infrastructure Partners LP Limited Partnership,34.67,USD,0.6678281068525087,422681,0.4971765407754844,22562844214.906506,USD,Utilities,Strong buy,37.05143445428187,37.51381538910072,37.61765455047548,-2.4479459763646525,-11.102564102564099,-0.9145470134324101,35.188000000000024,36.23399999999999,38.3584,37.209199999999974,57.7544561052807,0.604573,2994.329896907216
PHM,"PulteGroup, Inc.",119.83,USD,1.3961753257742353,574472,0.3307232651467124,22462438545.323654,USD,Consumer durables,Buy,122.88200566134628,123.99856857070883,124.43450510958797,1.9135907467256337,-8.316755929609787,1.1650485436893165,119.59600000000003,120.70850000000007,125.77300000000002,124.90829999999998,12.240540982266895,10.119185,-26.81384239288892
TROW,"T. Rowe Price Group, Inc.",105.29,USD,0.9782295962405393,503530,0.30769319139673873,22460024246.49995,USD,Finance,Buy,108.19156276230208,108.7292735937336,107.99953142545186,2.3823415013613407,-7.069726390114732,2.752024982921838,104.58599999999998,106.74475000000014,111.28209999999984,103.87622500000003,10.560787971795103,10.19628,11.482723918148286
RIVN,"Rivian Automotive, Inc.",15.385,USD,0.6213211249182514,11624467,0.5094850814766674,22275335584.56573,USD,Consumer durables,Buy,15.744066308414457,15.874166491096762,15.93028857016535,-0.38847523470379086,-7.6530612244897975,-22.219413549039437,15.238999999999999,15.619750000000005,15.9725,16.235524999999992,nan,-2.264342,20.201582982933463
PS,Pershing Square Inc.,55.4,USD,5.967865340474364,208636,0.18349182203907086,22159999537.98011,USD,Finance,Buy,44.105871512410424,41.872363798473216,39.0917748917749,26.13843351548269,31.936175279828518,130.83333333333334,51.455999999999975,42.97800000000002,39.6172,nan,nan,0.505655,nan
CASY,"Caseys General Stores, Inc.",596.505,USD,-0.3915838690824125,227443,0.3204167617005025,22046923476.081356,USD,Retail trade,Strong buy,697.7907934520885,732.1488706591924,746.3850919720776,-1.9156300614152606,-27.47571399044365,8.095790370222705,592.5669999999999,655.6917499999993,770.7198999999997,730.7052749999991,28.718717803048538,21.369227,33.36029997174925
KEY,KeyCorp,20.62,USD,1.8271604938271655,9773280,0.5736282336176649,22004190495.818275,USD,Finance,Strong buy,21.65903401020828,21.881475576288448,21.870988036301686,-1.3397129186602756,-6.315311222171743,-0.04847309743091619,20.492000000000033,21.324500000000008,22.115599999999972,21.61614999999999,11.993253068109114,1.83153,nan
VRSK,"Verisk Analytics, Inc.",168.875,USD,0.13341239252890263,749801,0.5640501909214821,21980097270.69152,USD,Technology services,Buy,180.21070262538763,182.45423501418074,185.07886395950501,-3.9391353811149097,-9.653862615022463,-23.909615211318375,170.65699999999958,180.20124999999953,187.10430000000025,191.26857499999963,25.948832206515057,7.711862,0.3778823166499536
IFF,"International Flavors & Fragrances, Inc.",85.76,USD,-0.10483401281303342,737279,0.42965459926210126,21881660470.70379,USD,Consumer non-durables,Strong buy,83.98311952482942,82.67901149558323,80.79144519640825,2.0345032718619964,-1.9100995081779728,26.9954094476529,85.342,85.20250000000007,83.192,75.85504999999993,79.56949341250696,3.442613,nan
MTSI,"MACOM Technology Solutions Holdings, Inc.",285.235,USD,0.10353056783884884,475315,0.3321513321203053,21783661236.334164,USD,Electronic technology,Strong buy,281.98631824998245,287.4130015895238,287.88814244433246,4.642673710470332,6.7975887374569535,63.196589998855714,280.96299999999997,268.05124999999987,273.7608000000002,270.5005750000001,91.73903254856555,5.512437,nan
SOFI,"SoFi Technologies, Inc.",16.68,USD,-0.7142857142857202,23918922,0.4665029050651849,21543393869.892857,USD,Finance,Buy,17.43337569313951,17.53756115654833,17.811771010749954,-0.8912655971479417,-12.07169214549288,-37.43435858964741,16.831999999999987,17.341999999999995,17.586000000000002,19.21862500000001,35.16761543327008,0.590725,-4.336425978217027
ARXS,"Arxis, Inc.",49.89,USD,-2.7485380116958997,463923,0.43145144640204636,21493925702.896492,USD,Electronic technology,Strong buy,51.44768307863517,49.83702786032317,45.96836213373403,0.5238766874874028,-5.565019875070978,31.289473684210527,50.91600000000001,51.413,51.7007,nan,nan,0.47484,nan
L,Loews Corporation,104.94,USD,-0.12372703911677496,419418,0.3527523553451505,21452644781.592274,USD,Finance,,109.1132617832967,109.92807732790376,109.93896386203696,-2.499303168261635,-5.612520237452787,-0.057142857142859306,105.54199999999987,108.04200000000026,111.73719999999999,108.95629999999987,12.853993140617344,nan,29.801577206817598
DLTR,"Dollar Tree, Inc.",114.04,USD,0.47577092511013763,1007142,0.3205286659736967,21397358819.192955,USD,Retail trade,Buy,120.61644671511239,120.79063365251885,119.4409259741816,0.04386349679797471,-14.851041588889718,-7.057864710676443,113.61400000000008,119.94900000000004,125.01759999999994,117.60955000000001,13.928209387251611,7.878761,nan
RGLD,"Royal Gold, Inc.",252.52,USD,0.011881658679552116,165167,0.221409807009235,21395479545.840225,USD,Non-energy minerals,Strong buy,245.7814783862088,239.79887433532085,235.7662049199062,-0.6022436528242476,-4.348484848484845,12.732142857142861,253.238,255.3109999999996,235.88399999999973,240.6205250000001,27.528916700280174,10.447473,34.28537967178557
MKL,Markel Group Inc.,1720.575,USD,-0.8445566293805415,45026,0.6294270349158243,21317852402.957287,USD,Finance,Buy,1801.9648553928182,1828.1777545430343,1855.4783377610947,-3.2857793291850013,-4.888059701492535,-19.724214190068718,1747.135000000001,1785.8657499999995,1844.1852999999994,1938.751725000001,9.492701889740495,98.627767,8.703805992214209
JBHT,"J.B. Hunt Transport Services, Inc.",225.92,USD,-1.4095570586951858,896821,0.6023265190137094,21217262652.271435,USD,Transportation,Buy,255.691582407245,260.4786223492786,258.74549762773654,-4.594594594594604,-13.810468487715557,16.19307223493712,232.65600000000003,254.16050000000004,267.0479999999999,242.64194999999953,32.029034819099465,7.578118,28.1843458665746
PKG,Packaging Corporation of America,237.32,USD,-0.3317794296753687,238796,0.4288709710731742,21144807926.096844,USD,Process industries,Buy,239.01827633969427,238.3891440301844,235.3859181784034,2.068728226742937,-4.267849939491736,15.231852391357128,238.58999999999975,234.60499999999996,242.8902,225.75235000000015,30.84882360587547,10.477782,-23.22431911857167
RL,Ralph Lauren Corporation,353.34,USD,0.42062183823110366,331333,0.49996770829057946,21036121041.117485,USD,Consumer non-durables,Strong buy,356.8080848180754,362.94083429721076,365.6693057538659,6.155926092834596,-2.9925323962222805,-0.46760563380282394,345.7099999999999,342.2005000000003,365.0276,365.3675000000003,22.276862552249813,18.921331,26.61185392137298
NRG,"NRG Energy, Inc.",100.035,USD,2.2330097087378666,1432467,0.513742359856463,21028405012.051453,USD,Utilities,Strong buy,113.113483467479,119.02692570763652,125.98963299398778,-5.377412031782068,-12.242301956311955,-38.08949127367249,100.92700000000004,108.45925000000003,118.0543,142.5810750000001,26.458685992382563,8.889553,59.993229232787435
BG,Bunge Limited,109.255,USD,-0.8665275383359027,643523,0.30285975040353974,20989974867.796978,USD,Process industries,Strong buy,114.8343340363421,115.31031539830946,115.46404305863524,-8.057729529580074,-1.3944043321299655,22.483183856502233,110.71099999999993,117.86875000000006,115.16829999999986,115.77352499999989,21.186177742442162,9.500768,-48.493323079074315
LUV,Southwest Airlines Company,42.715,USD,2.8038507821901475,4484781,0.6393601273616244,20896527490.94308,USD,Transportation,Buy,41.94537493679636,42.592294363073904,42.866323847788706,5.443100469020009,2.3113772455089903,2.902914960250555,41.83099999999999,39.82574999999996,42.76570000000002,43.47437499999998,25.913006551807815,3.212071,147.8796992481203
SNX,TD SYNNEX Corporation,260.99,USD,0.5858095348209741,884570,0.6044102123508713,20868433703.32578,USD,Distribution services,Strong buy,260.1204175570241,256.18588665322164,247.05321274747013,-1.9313869161687847,3.8972929936305816,72.84105960264901,274.2379999999999,263.1939999999999,256.8352,212.81286000000003,18.670415200160242,20.822619,63.39154218388386
AMRZ,Amrize Ltd,38.15,USD,2.471125436475965,2331369,0.5979134507617727,20865211313.117107,USD,Non-energy minerals,Buy,42.4524645242648,44.79257571301576,47.20177928949118,0.5402556331532437,-15.419576543620437,-30.268689453482,38.17399999999999,40.48449999999999,44.882400000000054,52.71885000000001,17.51687405298682,2.517251,1.5243333954876082
OMC,Omnicom Group Inc.,75.78,USD,1.445783132530118,1104754,0.2975224755568565,20789937346.898796,USD,Commercial services,Strong buy,80.10571641006509,80.22555816444027,79.6830455218789,-2.1688613477923995,-13.788395904436864,-6.154798761609905,75.38000000000014,80.06099999999991,82.40600000000012,78.40402500000015,64.95799759986285,10.440041,-83.26303405928094
THC,Tenet Healthcare Corporation,255.66,USD,2.452512623226739,231621,0.2727614451089098,20585486268.564316,USD,Health services,Strong buy,256.3690398354187,246.8189858050685,234.84228475472793,-2.971649777980194,-6.135036898336825,28.556343339870264,256.9339999999999,262.03049999999996,255.58199999999997,212.00709999999995,9.859203813181855,21.216998,66.00366178428763
VTRS,Viatris Inc.,17.89,USD,2.6980482204362737,4891876,0.6013892419039517,20548289864.89839,USD,Health technology,Buy,16.926799882788693,16.712697896209516,16.304401358113846,4.072134962187314,6.997607655502403,43.12,17.342000000000002,16.875500000000006,16.8852,15.160724999999992,nan,2.517774,87.72002200220021
UTHR,United Therapeutics Corporation,478.7,USD,1.3743885135850595,257647,0.2977694709292018,20531772860.095295,USD,Health technology,Strong buy,501.18461806564454,510.42888022218426,516.292810583817,-3.8890115847170086,-7.15671062839411,-2.320076723733345,486.2040000000003,496.93100000000015,511.88,524.4654500000001,17.122417955825807,26.110297,9.163357502918695
BRO,"Brown & Brown, Inc.",61.15,USD,1.3591911155312453,938947,0.36587513290024626,20461423618.602684,USD,Finance,Buy,66.89909440685804,67.15075199850273,67.39919862404265,-5.4283946798639,-16.04887424492038,-23.34210856211608,61.984000000000016,67.114,69.30199999999999,68.41065,19.336579812800405,4.490759,-8.806736259299848
XPO,"XPO, Inc.",173.5,USD,-1.4876220758573726,603163,0.5345021381397064,20314502252.02419,USD,Transportation,Strong buy,187.22848445514109,192.43746066055365,194.60958403105002,-0.9307371666761808,-9.578903481342504,28.015937430827123,176.31000000000012,181.73150000000004,194.7282,191.82609999999974,51.01740766878382,5.489165,17.642175176421745
USFD,US Foods Holding Corp.,93.73,USD,-0.09592837348112257,798589,0.2706188222083722,20276678225.353874,USD,Distribution services,Strong buy,98.84431988975746,98.85823704959068,97.27486770299564,1.825095057034228,-14.111610006414361,25.006668444918645,93.97999999999992,97.9375000000001,101.57259999999985,91.73355000000005,28.824035918568182,4.786898,39.00739537468472
STE,STERIS plc (Ireland),207.925,USD,-0.40475164056138274,159501,0.21947666358483917,20272710124.056618,USD,Health technology,Strong buy,217.25255749611463,219.12118124607488,221.01960608823643,0.8170093095422819,-11.396855158307401,-17.95564850254508,208.487,216.1967499999997,224.27530000000036,229.29767499999957,25.41435451145281,11.206146,24.045182321279654
EIX,Edison International,52.5,USD,-0.07613247049866606,1855633,0.4183431412795369,20202733506.13818,USD,Utilities,Buy,61.12730774278237,64.36415281772311,66.46480076118137,-4.597492276939853,-28.571428571428573,-13.036276296173593,53.70999999999994,56.27949999999994,66.89440000000005,68.29654999999994,5.408245256196304,6.131584,42.63841542259315
EXE,Expand Energy Corporation,87.03,USD,-1.794177386594452,1554769,0.38742674957950474,20147774961.743397,USD,Energy minerals,Strong buy,91.94375037592772,92.68039140314902,94.00905964355645,-1.4494394745781918,-8.601134215500943,-20.86743044189853,87.47399999999999,93.43249999999983,93.49869999999976,99.14217499999984,7.512105858285931,8.603227,2897.490297542044
DOW,Dow Inc.,27.675,USD,-3.0987394957983123,5044787,0.5753765068700517,19990778450.0105,USD,Process industries,Buy,29.387996202672095,30.05841344820846,30.71916729956974,-5.771195097037794,-7.7807397534155305,17.515923566878982,28.270999999999997,29.43075000000001,30.09909999999994,31.906725,nan,2.35572,-30.144223904041116
CW,Curtiss-Wright Corporation,538.695,USD,-1.0133955642123418,97852,0.20090647312148074,19896401343.76258,USD,Electronic technology,Strong buy,600.637109535401,630.9884017814899,652.4708078208567,-5.194382358635009,-12.059846221656299,-2.8678326721961724,549.2690000000003,563.8372499999999,644.2037000000005,677.0411000000005,37.07110120153599,15.300788,22.603017110458644
SITM,SiTime Corporation,659.93,USD,2.594676947950989,329375,0.6035092309657082,19844778079.946068,USD,Electronic technology,Strong buy,629.1246271959938,624.504360883499,605.6467860171649,7.039397920620243,11.420081379054178,80.52083048390185,636.824,595.63925,600.6820999999998,521.3802249999999,1337.515200648561,11.222944,nan
CDE,"Coeur Mining, Inc.",19.2801,USD,1.7956705385427645,23168844,0.6089482628379486,19818691282.290173,USD,Non-energy minerals,Strong buy,19.45335351860204,19.007166557491452,18.708087954119005,-5.858886718749997,-8.168135270302454,4.216756756756761,19.510019999999997,20.253005,18.645402000000004,19.248150500000012,15.834510512483575,1.087,212.20512820512818
RS,"Reliance, Inc.",386.88,USD,0.28773621587993203,74096,0.24958837589701718,19751985283.309746,USD,Non-energy minerals,Buy,394.09196811152117,392.3280634987738,384.26085953721196,-3.2969230384682677,0.46482640421720134,33.02616648901421,385.7759999999997,391.53699999999986,399.92399999999986,354.6079000000003,22.500741533432983,23.458541,25.544700487747875
CHTR,"Charter Communications, Inc.",112.7,USD,-4.125903870693317,1810861,0.5642928111118687,19735481942.241604,USD,Consumer services,Buy,136.52925442957988,141.10524636554743,149.76997632354374,-14.120246894764907,-27.355936573417548,-46.192408689424674,117.49399999999996,137.45549999999997,142.06139999999846,177.35514999999995,2.927957184796446,40.748542,4.731715280801037
CMS,CMS Energy Corporation,62.805,USD,0.055759120599006826,2237837,0.6372682903269781,19694211034.20702,USD,Utilities,Buy,67.46750343539782,69.14184233164575,70.66067072814549,-4.63862739143638,-8.766705403834985,-10.163066800171645,63.53899999999982,66.45474999999996,69.43449999999994,73.00047499999998,18.872828895967306,3.870872,-1.7942513132267004
LEN,Lennar Corporation,81.67,USD,0.24548913710568657,2381048,0.4045835039524939,19625468572.36455,USD,Consumer durables,Buy,82.4896262003568,84.13070121528133,86.91086153210115,4.370607028753996,-6.416867193766466,-20.71643529754393,81.15999999999997,81.18900000000008,83.79639999999999,95.1989999999998,15.423111060751987,4.890548,-47.695058228548284
AMCR,Amcor plc,42.385,USD,0.676959619952486,1208519,0.34733864462342956,19596520622.91532,USD,Process industries,Buy,43.82848329079736,43.82487604994593,43.487885998429846,0.6291547958214638,-10.258310395934785,1.5209580838323307,42.53499999999999,43.626250000000034,45.09430000000005,42.78082499999989,17.77745155607751,nan,32.20583342575136
CRS,Carpenter Technology Corporation,394.895,USD,-1.4855931146314183,377869,0.47053123337237934,19570430631.745502,USD,Non-energy minerals,Strong buy,459.84406730662266,477.42873631993336,477.4550749790634,-3.5147087568412805,-19.489693979489903,24.733882940080235,398.7390000000001,434.70824999999985,498.1020999999997,439.57825000000025,37.50759849549789,13.337362,41.99552234780028
WWD,"Woodward, Inc.",329.44,USD,1.0924266601202903,176304,0.18534166745686514,19452055937.975697,USD,Producer manufacturing,Strong buy,344.64025336173495,354.0284619860751,358.873465021353,2.94356602712331,-3.1543052003410113,8.411214953271028,326.57000000000005,331.3114999999999,355.5154000000004,362.72735,36.63782557441225,9.467344,42.25055765610414
STZ,"Constellation Brands, Inc.",113.845,USD,-0.3195867262061071,690791,0.2970782992140396,19441976304.834995,USD,Consumer non-durables,Buy,125.18916360673042,129.3159929078055,133.83491496505272,-6.331248971532011,-15.820023661638574,-17.742052023121392,116.12099999999971,123.05125000000032,128.92890000000003,144.0884750000003,10.860792581709946,11.728812,nan
SNA,Snap-On Incorporated,369.49,USD,0.4840771259960375,86594,0.27144535545505044,19112654329.2635,USD,Consumer durables,Buy,383.14478481404785,386.42264833440953,385.80633529771205,-0.4392110368613913,-6.694444444444442,7.238426933681613,369.80000000000007,376.6534999999998,393.92699999999996,378.9281500000004,18.847203448187916,19.7984,4.492687190857923
FSLR,"First Solar, Inc.",177.56,USD,3.1366171003717502,2155999,0.8438204292934512,19082335891.360134,USD,Electronic technology,Strong buy,203.64140718444298,210.90777879140646,216.65352593020185,-12.146850724852806,-14.395911676791046,-33.212969231926586,188.46200000000005,199.64549999999994,210.83859999999996,226.3689499999999,10.946034251051081,17.547765,38.72032564821782
BBY,"Best Buy Co., Inc.",90.93,USD,-0.07692307692306943,1396051,0.38593828287181114,19070540389.516155,USD,Retail trade,Buy,88.25706797283004,85.4961548898015,81.90201950206163,-3.46108928761014,6.737880032867718,34.87095817264907,92.15400000000004,89.7465,87.31480000000003,72.58415000000002,15.132805219012116,6.807459,65.59098299666547
NI,NiSource Inc,39.315,USD,0.49846625766871244,2491750,0.42739431983986814,18853904388.824387,USD,Utilities,Strong buy,41.45273528751844,42.528497218871614,43.515527761244044,-3.1172991621488433,-3.1888697365181033,-5.854885057471265,39.61699999999997,40.74725000000003,42.35569999999997,44.901775000000114,20.821417222751826,2.05424,0.32410605175070367
DINO,HF Sinclair Corporation,105.8525,USD,0.05907930806314396,1125421,0.3453647886638011,18818864509.345848,USD,Energy minerals,Buy,101.88890394896708,95.75512271435838,88.12969768216072,-8.669111302847282,15.057065217391312,130.11413043478262,106.75249999999997,107.71662499999995,97.46005000000001,69.63096250000001,10.102357320099257,16.12506,nan
BR,"Broadridge Financial Solutions, Inc.",164.355,USD,1.0420509037255583,380000,0.35504432494815186,18740052897.572758,USD,Technology services,Strong buy,166.52950040044067,164.5809544886829,164.72191714675606,0.4983490277607911,-10.545365481957221,-26.354348702782634,163.6209999999999,170.3117499999998,167.07829999999984,172.8170749999997,17.077263564763822,10.555144,35.666760642796724
LYB,LyondellBasell Industries NV,57.84,USD,-3.888334995014949,1733930,0.439810181017351,18684514160.111668,USD,Process industries,Buy,61.7432912235086,62.123360159168946,62.33002545824386,-8.970727101038708,-6.574059118074614,32.721431849472246,59.49400000000001,63.129499999999965,62.608999999999995,61.68630000000003,nan,9.199615,-247.10743801652893
FICO,Fair Isaac Corporation,864.38,USD,0.9223799738464387,235384,0.6129156405143426,18668563548.740097,USD,Commercial services,Buy,1007.4210729239434,1053.652109514774,1106.257732204816,-10.439936175062686,-22.823214285714286,-48.884407727834514,887.8960000000004,987.5959999999986,1084.4880000000012,1246.7042000000006,24.975367892445096,42.943828,35.366545286716125
WES,"Western Midstream Partners, LP",45.11,USD,-0.52921719955899,730539,0.8497784703338457,18638305175.48269,USD,Industrial services,Buy,47.21589356653651,46.79867354873557,45.92670599272247,-4.52910052910053,-6.020833333333335,13.655832703451757,45.750000000000014,47.711000000000034,47.63960000000003,43.47884999999999,14.206979087931469,3.713213,-2.286505616248655
IP,International Paper Company,35.11,USD,0.6594036697247616,1683404,0.3087160074389488,18593199240.336296,USD,Process industries,Strong buy,36.875262322189414,37.320186368633365,37.58148450370769,1.32756132756133,-14.198435972629525,-11.1589068825911,35.34600000000004,35.62850000000008,38.69579999999991,38.15397500000011,nan,1.342998,-6527.811860940696
SSNC,"SS&C Technologies Holdings, Inc.",78.75,USD,0.3184713375796179,396981,0.2527494181550892,18479081153.694267,USD,Technology services,Strong buy,79.37104746356384,77.73939403847078,76.21956584859653,-1.5009380863039434,-4.475982532751089,-9.60743801652893,79.32599999999992,80.88849999999995,79.21580000000006,74.9732999999999,22.612416011026244,7.10598,9.698554194097083
NTNX,"Nutanix, Inc.",68.14,USD,-0.6560723137483639,731218,0.2836430508348606,18436651791.80551,USD,Technology services,Strong buy,65.93979291062692,62.9549100058652,59.39092601295454,-2.182026988228533,4.827543767884073,31.595210505986866,69.13999999999999,68.15150000000003,64.31410000000005,49.93747500000002,13.201332920024798,2.326458,702.6123464468977
IONQ,"IonQ, Inc.",45.49,USD,1.1338372610049023,22121158,0.8490378465637025,18429731619.84327,USD,Electronic technology,Strong buy,41.604584731391185,42.39264470592466,43.291577754506065,11.631901840490803,10.789089137847052,-1.1301890893283983,42.85199999999998,39.4895,39.6656,43.63437499999995,nan,-1.388,-125.36928720134827
ITT,ITT Inc.,205.61,USD,-3.9070897789409664,870309,0.9423036362604824,18381534418.965088,USD,Producer manufacturing,Strong buy,204.50893691982134,203.21245068547128,201.18200962029638,1.375603983828035,-0.49845141308554625,17.55188382596765,209.16600000000017,202.5799999999999,204.00360000000023,196.24779999999996,40.375061364752085,8.261928,-19.95190040554559
FIS,"Fidelity National Information Services, Inc.",35.535,USD,1.5575878822520566,3267907,0.5500032760460344,18325611194.760784,USD,Technology services,Buy,38.94921799847033,40.123363979706745,41.95778094172985,-1.7012448132780138,-11.53846153846155,-46.5639097744361,35.068999999999996,38.149750000000026,40.71949999999997,47.61782500000007,5.456346159751865,6.20311,2338.2628229127663
GFL,"GFL Environmental Inc. Subordinate voting shares, no par value",41.97,USD,0.43072505384063103,1235317,0.42072227412636876,18299616982.22566,USD,Industrial services,Strong buy,41.95204318970469,41.3207621131517,40.883341147436354,-2.847222222222231,3.2726377952755863,-2.576601671309191,42.15200000000001,42.40750000000001,41.38699999999995,40.778950000000066,nan,0.5679288545,87.87859681633327
U,Unity Software Inc.,41.29,USD,-0.313858039594405,10902682,1.0361036932562375,18171271042.860695,USD,Technology services,Strong buy,40.936049506297,38.84109150519356,36.3593076875438,-1.6670635865682373,-6.752484191508587,-8.650442477876114,42.626000000000005,42.35549999999999,40.1036,32.07510000000001,nan,-0.686276,-27.864387678437264
NDSN,Nordson Corporation,325.64,USD,0.7362494586401026,127248,0.33660001396680556,18137942587.706367,USD,Producer manufacturing,Buy,315.36539476013405,310.14494809136903,302.53090708971416,4.284890796131427,-2.924429870323447,35.01948751969483,320.868,316.004,311.3551,284.7893500000005,32.94817572900014,11.938333,24.235110742388816
GIS,"General Mills, Inc.",33.845,USD,-2.828021820269881,5416739,0.5383319460455879,18096486994.52785,USD,Consumer non-durables,Buy,36.68799969389541,36.86895547793053,37.262210371569054,-7.2231359649122755,-14.532828282828287,-27.183734939759034,35.07100000000002,37.337750000000014,37.63409999999995,39.145124999999915,nan,3.082753,-131.6363429826388
GPC,Genuine Parts Company,130.29,USD,0.7968435710970146,204092,0.200711812367912,17961748894.84326,USD,Distribution services,Buy,131.06265160708685,128.5601735873265,125.42532857062965,0.06143921357805397,-5.88702687084658,5.823586744639366,128.86999999999998,132.80299999999997,131.48220000000006,120.03230000000003,521.9951923076923,7.738872,-95.70055465600991
LSCC,Lattice Semiconductor Corporation,126.405,USD,3.4241531664212093,686554,0.3486215956655907,17953334964.415318,USD,Electronic technology,Strong buy,121.19469170408242,122.63926584678683,121.44253547064545,14.310906131307652,7.881710335410088,67.37950211864408,122.01100000000004,115.02625000000008,121.40570000000011,111.16217500000005,488.23870220162223,2.132308,13.056768558951969
WCC,"WESCO International, Inc.",368.285,USD,1.9248332549193372,108494,0.2545943922777368,17947579481.09865,USD,Distribution services,Strong buy,352.27678691241,348.44770123311383,340.757114867612,8.175943604053469,8.137827759344638,49.80069147854385,362.571,347.51725000000044,347.4828999999999,316.0903200000001,25.45197583933434,16.831983,13.292254210349114
EVRG,"Evergy, Inc.",77.855,USD,0.2510945145506147,803370,0.394081783117424,17946592875.165596,USD,Utilities,Buy,80.96654436521946,81.74868952109577,81.97395684902608,-3.6448019801980114,-4.437216153185215,7.638600857182366,78.49299999999981,80.4202500000001,82.3835,80.96412499999998,19.723608542548074,4.255644,8.627332269249818
TOST,"Toast, Inc.",30.865,USD,2.5074726004649586,5489901,0.6503956923552048,17932565363.901527,USD,Technology services,Strong buy,31.947693341219157,31.492604107033323,30.88189163174215,0.34135240572170633,-15.066042927903148,-13.712608331003645,30.047000000000004,32.071250000000006,32.95030000000004,29.915599999999987,39.434010476555514,1.385814,128.25896762904637
FTAI,FTAI Aviation Ltd.,174.26,USD,-0.154701197501868,797953,0.5660227459494177,17897737776.277195,USD,Electronic technology,Strong buy,195.75440076802715,205.2608883758615,214.17122556327186,-10.887241114804407,-13.436987730366106,-12.003231833560577,183.45600000000002,187.45499999999987,202.3013999999998,235.81347500000004,37.95852574714647,5.956667,13.859126984126977
PR,Permian Resources Corporation,21.365,USD,-2.2196796338672904,5675172,0.45499260561212806,17894405763.5897,USD,Energy minerals,Strong buy,22.19319400600474,21.738483896210827,21.03928316336543,-8.067986230636834,-6.865736704446394,52.389443651925816,21.630999999999982,23.038250000000012,22.116899999999998,19.207225,14.180937209611045,2.148024,-2.149769435604347
DD,"DuPont de Nemours, Inc.",131.545,USD,1.017508831208715,354489,0.31996537587395235,17764227490.266277,USD,Process industries,Strong buy,133.4135415623192,135.1334448058429,135.9506552896653,2.4573564919386257,-3.707634872996139,8.428123969666991,130.84699999999998,130.22425,136.20870000000002,137.458725,312.458432304038,7.251605,nan
ZBRA,Zebra Technologies Corporation,372.58,USD,2.048753766091471,288237,0.48341083908812443,17627006487.554913,USD,Electronic technology,Buy,348.34555914313785,331.3117269984972,310.82957412761164,6.5945698509426975,2.934025859210964,51.25238501197579,364.2299999999999,353.4054999999998,339.761400000001,264.5475499999998,34.093758292841386,21.13077,3.257963017206364
MKSI,MKS Inc.,260.48,USD,0.969067369563532,338772,0.2571275101889884,17613021140.474148,USD,Producer manufacturing,Strong buy,274.59320912530507,285.18694286720057,287.32594886572633,6.740974470352013,-3.568784244039681,58.30801021028323,259.69399999999996,253.9655000000001,282.7796000000001,269.42195000000004,41.53392330383481,13.130949,59.397636294319476
SBAC,SBA Communications Corporation,165.64,USD,-0.2889477486154696,497491,0.5202095389647131,17572434334.79581,USD,Finance,Strong buy,180.61395093057135,183.74197267656265,187.2104208779049,-8.339328205411999,-11.719874220540431,-13.814454446121031,170.88199999999983,181.97400000000022,181.83540000000016,192.0210999999996,17.83722082229545,7.700492,14.116129032258062
TSN,"Tyson Foods, Inc.",50.761,USD,-0.7411028549080911,1328919,0.36653306655234036,17502423834.286777,USD,Consumer non-durables,Buy,54.015475890676726,55.42367650238546,56.853289476252804,-2.495197848636188,-10.945614035087715,-13.332764213761306,51.42020000000002,52.70055000000001,55.913619999999945,60.19552999999984,30.663887882082882,3.592439,-26.43647513664845
ESS,"Essex Property Trust, Inc.",271.09,USD,-0.20614761641818605,236539,0.4095960230887487,17422531075.26998,USD,Finance,Buy,277.7525566338833,279.13104664933627,277.7664251581946,0.46323747405870147,-7.4272640349679016,4.659871824569529,272.4720000000001,275.1464999999998,283.06020000000007,268.0446000000001,42.191682749175115,5.621696,-48.34674534331261
EWBC,"East West Bancorp, Inc.",127.14,USD,1.2099984078968284,222092,0.23603784776317652,17419687762.793983,USD,Finance,Strong buy,129.12625872977526,128.91491291667708,127.22800358528539,1.0732172668733557,-2.3727251785302843,13.103816386442492,126.112,127.87350000000006,130.4016,121.44680000000004,12.208096481794438,10.650495,21.704783162520016
ZBH,"Zimmer Biomet Holdings, Inc.",91.13,USD,1.6055301594380618,771486,0.33195116085836257,17381925812.541084,USD,Health technology,Buy,94.94439006332384,94.41684526119143,93.53360090212264,-3.094427903020003,-8.430466237942122,1.2893186617761438,92.00000000000017,95.647,96.08339999999993,91.40714999999989,22.17706609559038,8.53186,0.06331271611552519
EFX,"Equifax, Inc.",147.75,USD,-0.7056451612903302,2036102,1.2002133160297495,17358394541.970768,USD,Commercial services,Strong buy,168.19265841543057,170.96036517620112,174.23952768304977,-8.161362506215811,-22.122074636306134,-31.764651549438877,154.05400000000014,169.5780000000003,176.63219999999978,184.4356000000002,25.962957756378714,8.560546,11.283194493331768
CF,"CF Industries Holdings, Inc.",114.6675,USD,-3.1851570415400148,1413324,0.5577873115309396,17353564176.387794,USD,Process industries,Buy,123.89472925771044,122.5668826833529,119.89664722055385,-13.601943942133813,-9.030146767155886,47.99625709860609,119.52149999999997,130.01837499999996,125.34054999999998,111.55858750000014,8.505039941256314,14.857386,76.22078736864118
IREN,IREN Limited,43.865,USD,-4.951245937161422,30712229,0.8627306667556883,17262520686.701954,USD,Technology services,Strong buy,43.27811677089031,43.51668804388395,44.08304878427496,-1.868008948545863,6.468446601941745,12.445526788003088,46.56699999999999,43.27250000000002,41.201199999999965,45.592250000000014,nan,-1.901611,-427.0100709922404
CDW,CDW Corporation,137.65,USD,-1.2978631865767978,377277,0.2626465259102705,17208650504.071774,USD,Technology services,Strong buy,143.42366321499762,141.16231395485812,138.49461443869646,-7.741286863270766,-4.1301016854715185,0.3279883381924323,143.42200000000003,147.78400000000005,142.3730000000001,132.03387499999982,16.54526659935574,10.959032,3.423584694562535
CHRW,"C.H. Robinson Worldwide, Inc.",146.63,USD,0.2941176470588282,605317,0.4064003061512226,17133899503.599998,USD,Transportation,Strong buy,153.34926041303297,158.2477468866325,162.68204209111474,-4.475570032573293,1.925483108577771,-9.13428766189503,148.98000000000002,150.66624999999996,156.93589999999998,172.44467499999985,27.98175642151063,6.235138,19.290657439446353
PAA,"Plains All American Pipeline, L.P.",24.225,USD,-1.6842532467532434,2091116,0.8189048681135037,17092347246.334213,USD,Industrial services,Buy,24.78065780628928,24.368986790267375,23.7105034969725,-4.437869822485207,-1.9230769230769145,34.58333333333334,24.56899999999999,25.41149999999999,24.672400000000035,21.9395,6.70941117819753,1.601684,299.22600619195043
MEDP,"Medpace Holdings, Inc.",612.305,USD,-1.3350199004173577,111716,0.42572504844453507,17090445747.587189,USD,Commercial services,Buy,594.1398315708477,577.6316988040593,557.0440342703698,-0.5045416876553872,0.7312539071496621,9.602441556581818,620.887,603.3847499999997,593.4394999999997,522.4213500000004,35.91358053655847,17.602426,26.790561393332286
TPG,TPG Inc.,44.375,USD,1.7075406830162672,571766,0.21630617277225064,17063285791.92929,USD,Finance,Strong buy,47.7169574130304,47.27957288558768,46.93582686084444,-4.136962626917259,-16.004164300586783,-30.93385214007782,45.014999999999944,48.64149999999997,48.350000000000044,48.36209999999996,66.96091745888035,2.847791,nan
SMTC,Semtech Corporation,182.76,USD,4.733524355300854,1730206,0.462473735688543,17056190778.31152,USD,Electronic technology,Strong buy,158.8800295690208,150.5638281298157,140.80253414371785,0.2358361213184766,39.61802902979372,142.45157866808174,175.65800000000004,158.67274999999992,140.95949999999996,114.24829999999996,121.4836479659665,3.477716,537.1876323591698
MTZ,"MasTec, Inc.",211.7,USD,-0.11795234725171032,580840,0.36308318408024887,17000557013.564518,USD,Industrial services,Strong buy,248.04620029975422,270.17507765913496,287.71110713710453,0.5557402745451895,-13.34779583316279,-3.7771010408617802,217.15199999999953,228.3350000000001,265.87840000000006,305.59835,33.723078883649805,9.339875,86.28445947950976
IEX,IDEX Corporation,230.49,USD,0.8708971553610544,162423,0.28067824657617574,16991700221.05838,USD,Producer manufacturing,Strong buy,227.60341442027774,226.10896340234302,222.07339048475635,4.152733845458652,-0.4061703322818985,29.466943773521322,227.3759999999996,224.93150000000023,229.03499999999946,209.58449999999982,33.11542771759432,8.832192,12.346456184526994
FTV,Fortive Corporation,56.08,USD,1.1544011544011554,672801,0.3051719354181301,16937116267.17749,USD,Electronic technology,Buy,57.48504402286641,58.30583536289036,58.59626069855147,1.7785843920145132,-6.06365159128979,1.3555033435749142,55.76400000000001,56.189500000000166,58.9107999999999,58.25834999999997,33.10898571259889,3.01645,-23.54428094249345
TSCO,Tractor Supply Company,32.4,USD,3.053435114503808,4720211,0.517359847454061,16881699529.58015,USD,Retail trade,Buy,33.17249137950469,33.416842091147714,34.66862810264162,-0.7504977791392389,-8.319185059422763,-35.1610966579948,32.25999999999994,33.52850000000001,33.36939999999999,40.43135000000001,16.917293233082706,1.936497,-5.799026117751223
DT,"Dynatrace, Inc.",58.31,USD,-0.6305385139740924,3740321,0.4717440723003042,16851714651.039879,USD,Technology services,Strong buy,52.30083232251868,49.945027273830455,47.54288366991035,1.9227407795839913,18.830242510699005,34.57189014539581,57.82000000000005,54.190000000000126,49.94100000000005,42.23730000000006,115.87837837837839,1.984706,-69.03194042710321
BEN,"Franklin Templeton, Inc.",33.125,USD,1.7665130568356464,2115894,0.5139817447177896,16830047060.119051,USD,Finance,Buy,33.55482377631497,33.22507102378238,32.318719550849416,0.5006067961165023,-5.599886007409528,38.13594662218515,33.03100000000002,33.499249999999996,33.648300000000006,29.30327500000002,22.583174256885737,2.902478,181.2655800575264
APG,APi Group Corporation,38.405,USD,1.5199577055247235,855802,0.25323244183471844,16750737471.721123,USD,Industrial services,Strong buy,39.33182166560324,39.9886497827523,40.53112110335252,3.0730005367686615,-4.725874472835527,0.3789858860428728,37.85499999999999,38.273250000000054,39.95429999999998,41.877824999999966,nan,1.724027,-299.9401913875598
NVR,"NVR, Inc.",6277.09,USD,0.6671488527766121,13635,0.3204171650542018,16727566749.587317,USD,Consumer durables,Buy,6278.865378464436,6319.263299669307,6401.947359485549,1.0606628982114614,-1.8353415852809807,-13.862255686971942,6256.411999999998,6247.923499999999,6303.214599999999,6723.597000000006,16.27870127027547,360.034709,-18.614432631103945
AKAM,"Akamai Technologies, Inc.",115.8303,USD,4.909247350783441,26912908,4.267947252920405,16646739040.47229,USD,Technology services,Strong buy,111.42249868156519,113.36498846738837,114.08891258967584,8.000279720279714,9.729348237968921,32.6807560137457,116.08606000000012,108.85601499999991,113.31120600000035,111.14005149999996,41.784315140146454,6.679402,-1.7160078000354546
RVTY,"Revvity, Inc.",148.675,USD,-1.330634457127685,910774,0.35611357485206474,16590106509.372015,USD,Health technology,Buy,131.21673127064622,124.77411256514434,118.0635683957533,1.4846416382252636,20.589666639630142,52.95781893004116,145.67300000000006,135.24924999999993,123.63870000000011,104.98697499999986,70.60932750759879,5.355492,-10.658520027155461
BMNR,"BitMine Immersion Technologies, Inc.",27.5,USD,-1.8908312522297577,21856978,0.5104285977992464,16588725840.082054,USD,Finance,Strong buy,23.748350972415423,22.243213731953606,21.592557478842178,10.75312122432542,13.448844884488457,-1.7857142857142858,27.999999999999993,25.361500000000024,21.540200000000013,21.923250000000003,nan,-21.885,-196.1904431170996
DOCN,"DigitalOcean Holdings, Inc.",140.785,USD,-0.5544960090414612,1136473,0.3619993170106676,16553436968.130785,USD,Technology services,Strong buy,127.01129915024651,126.34097612393275,122.52054420363139,3.5488378934980793,24.953403745451315,189.44284539473685,143.14500000000004,125.57925000000003,124.0327,103.207675,64.18281285616595,1.461039,72.28243795161794
OVV,Ovintiv Inc. (DE),59.94,USD,-0.9419930589985132,1545046,0.4608673521861942,16513685390.739712,USD,Energy minerals,Strong buy,62.113197619031155,61.27444936508888,59.566152265941206,-4.811815150071465,-5.546801134572965,53.299232736572876,59.83599999999994,63.51000000000001,62.76140000000009,54.24995000000006,16.75846450638857,7.552192,58.28207284152764
CLH,"Clean Harbors, Inc.",312.07,USD,-1.2655424431296864,141029,0.34838482727988895,16473316460.295631,USD,Industrial services,Strong buy,313.867311286894,310.7201487818139,304.9219711949367,-1.6110725770855707,1.3214285714285692,33.26073960201553,313.11400000000003,316.29200000000003,314.27060000000034,289.0594499999998,37.84914676595796,9.801294,15.793834702619211
LNT,Alliant Energy Corporation,63.245,USD,-0.10266940451746144,1163456,0.5065492745665771,16398461111.233059,USD,Utilities,Buy,67.40881263772974,68.83343184964173,69.81372518026177,-4.894736842105266,-7.455370207784615,-2.7149669281649094,63.96699999999994,66.48600000000006,69.13840000000002,70.32980000000013,20.040877115153048,3.424636,-2.475354615408382
RGA,"Reinsurance Group of America, Incorporated",248.86,USD,1.4058106841612066,111161,0.36208712227691986,16250972907.958765,USD,Finance,Buy,245.30427405439437,240.59677943418683,233.79941329471924,1.7665821542488025,1.7000408663669904,22.42227469500197,246.39400000000018,247.90549999999968,244.12919999999988,217.6876500000001,10.940776660614349,29.555162,97.91092046532266
J,Jacobs Solutions Inc.,138.08,USD,2.032069755412695,314573,0.3943714626068409,16160691814.365477,USD,Technology services,Strong buy,141.6903008118756,139.5414331902745,137.02968228659068,-4.097791359911083,-8.343843345502817,4.085632443841411,140.282,143.90249999999997,142.51960000000017,133.07269999999997,48.46953103060938,7.255178,-28.810255641352413
CNH,CNH Industrial N.V.,13.035,USD,-1.8448795180722832,6996017,0.4340392076292293,16133757461.821539,USD,Producer manufacturing,Strong buy,12.607828562179021,12.138724467379394,11.726039189335994,-3.5872781065088715,12.954939341421154,40.01074113856068,13.442999999999994,13.398250000000015,11.852899999999977,11.034225000000008,52.22355769230769,0.446417,-62.02069385270846
AS,"Amer Sports, Inc.",27.56,USD,2.9510646245797503,4236470,0.5639847154200703,16035015185.818455,USD,Consumer durables,Strong buy,29.926662571437728,31.25607819066293,32.43950671019742,4.47308567096285,-13.087354146956804,-26.7605633802817,27.266000000000027,28.01149999999999,31.777800000000017,34.91790000000002,28.804347826086957,1.303571,132.23300970873785
NWS,News Corporation,31.71,USD,0.4752851711026683,289521,0.21278026530120886,16007337030.361217,USD,Consumer services,Buy,32.625316741599676,32.25927257949817,31.678404886583124,-4.054462934947039,-9.709567198177668,6.9838056680161955,31.94599999999999,33.26450000000001,32.94319999999999,30.121075000000022,30.867322106492747,1.321115,26.23494716146475
RBC,RBC Bearings Incorporated,503.54,USD,-0.061526247891237916,125763,0.3319561108320534,15941696187.074764,USD,Producer manufacturing,Strong buy,516.5155118134711,530.9362579427094,540.2381790247299,1.4342693686797479,0.9725480759590172,12.014770983026727,500.0179999999996,492.50850000000116,529.1376000000005,547.7979500000004,49.75740867004615,14.936,27.276729006049464
BURL,"Burlington Stores, Inc.",252.535,USD,-0.9006004002668507,827027,0.5264409545724297,15863035885.871916,USD,Retail trade,Strong buy,276.6976254984121,291.65916158954474,301.36720195878775,5.583660841207455,-19.57484076433121,-12.082230887063087,254.66899999999995,249.38675000000012,309.5303,310.835175,22.653958286611346,11.904492,31.537027422476054
TIGO,Millicom International Cellular S.A.,93.72,USD,2.9890109890109877,526930,0.725258151188377,15701926823.444838,USD,Communications,Buy,94.32660689576984,93.21439773108185,90.11486229570902,-1.118379404937753,-1.6579223504721914,67.35714285714286,93.22200000000001,94.56400000000006,94.75800000000002,79.27834999999999,23.62847922549415,4.062078,-29.71239212489588
STRL,"Sterling Infrastructure, Inc.",512.57,USD,-0.22385735420072747,208586,0.3654350247604979,15678755850.142258,USD,Industrial services,Strong buy,535.1312605803748,562.6602662627419,574.8645147487041,0.47830945053222795,5.5669975697161975,65.64974307597842,513.5000000000003,490.02599999999984,539.1023,534.6084250000004,36.92574795945567,19.799,50.9208924067148
INVH,Invitation Homes Inc.,26.455,USD,-0.1698113207547234,2676278,0.4479539602046636,15624937548.651697,USD,Finance,Buy,28.106985058033157,28.486662182772836,28.570907416352608,-2.163461538461542,-12.574355584930611,-4.391037224430804,26.821000000000033,27.764749999999946,29.105500000000006,27.851450000000018,47.25794926759557,1.006013,24.788230049041456
NLY,Annaly Capital Management Inc.,20.58,USD,-0.09708737864079188,9119298,0.8344965329124414,15511442978.391262,USD,Finance,Strong buy,21.929535240251443,22.159194331804695,22.25971980919094,-3.1984948259642674,-10.909090909090922,-8.001788109074665,20.994000000000007,21.898500000000006,22.54280000000002,22.491699999999987,5.157765469537104,3.094556,297.10390127388536
LDOS,"Leidos Holdings, Inc.",123.54,USD,0.15403323875152974,458648,0.33886744118760537,15503307479.678963,USD,Technology services,Buy,128.72851096119865,128.73201828307256,131.67491180387032,-5.333333333333328,-8.025610482430007,-31.213808463251667,124.62399999999971,130.411,129.05859999999998,148.89799999999997,11.513513513513514,12.384713,1.4695591322603239
CRBG,Corebridge Financial Inc.,34.705,USD,1.80404810794953,2174105,0.44165716391218496,15470535444.23907,USD,Finance,Strong buy,33.69296963741153,32.75557757706294,31.670686920192903,-0.3016374604998678,8.69088631381146,15.375664893617023,34.265,34.10924999999999,33.11590000000002,29.351725000000023,19.728838610653174,4.577324,nan
JAZZ,Jazz Pharmaceuticals plc,237.3925,USD,0.4708396817335413,811341,1.0772896692570504,15410234661.321632,USD,Health technology,Strong buy,243.58564423973152,241.85136803923606,234.82846551186424,-2.9268043344919232,-7.77292152292151,40.054572271386434,238.11649999999977,242.5993749999997,248.79625000000047,210.2011875000001,16.371219121967368,24.95482,nan
HST,"Host Hotels & Resorts, Inc.",22.425,USD,0.9680324178298058,3343744,0.37475632389472463,15363913804.703962,USD,Finance,Strong buy,22.579410551809136,22.73133468781884,22.532011260033638,2.6785714285714324,-2.457590256633309,26.338028169014088,22.275000000000006,22.09300000000002,23.09759999999999,21.260199999999983,15.04326826323204,1.37813,57.82953943885653
SUN,Sunoco LP,74.61,USD,-1.6088619279968335,229467,0.2878579846917814,15281966030.091654,USD,Distribution services,Strong buy,75.2469354546541,73.93656092258173,71.8294914540867,-4.724811646022223,-0.10710938545989865,42.114285714285714,74.60800000000002,76.50699999999998,75.62740000000002,66.06679999999997,16.368662381255348,8.637534,123.93023827069516
JHX,James Hardie Industries plc.,26.195,USD,0.36398467432949755,4075047,0.22311310455062974,15206787685.393677,USD,Non-energy minerals,Strong buy,27.720071670923648,27.31339588474004,26.379179837173044,1.1780610274237147,-13.94546649145861,26.119402985074633,26.627,27.960749999999997,28.2471,23.771225000000022,105.4549114331723,1.329587,-67.61408083441981
SOLV,Solventum Corporation,89.0,USD,0.4628061857997478,229149,0.24899399575768447,15149912200.361214,USD,Health services,Buy,87.73132554027742,85.72183266046594,83.12116370710481,1.586576874785984,-2.7109750765194622,12.317011610297836,88.70999999999998,89.65149999999998,87.14359999999996,77.77846999999998,10.878466747338443,7.160429,276.8621309134461
TEM,"Tempus AI, Inc.",83.7851,USD,1.8787694552529246,5762321,0.7223601201603315,15117744432.081816,USD,Technology services,Buy,67.75954290719174,63.411673784508075,60.290479108623096,2.9300982800982727,24.162863070539412,39.15479156286331,79.56702,69.048255,59.347702,56.24842550000003,nan,-0.221008,-21.60770075149878
PTC,PTC Inc.,138.535,USD,0.8187177061349247,317792,0.17342465005866464,15031914590.373444,USD,Technology services,Strong buy,139.20574884920646,138.62940575979403,139.5182978250571,3.145707691162232,-7.060915067757953,-20.53745554663302,138.32499999999987,139.50424999999996,140.0390000000003,145.96297499999918,13.392788089713845,8.189994,143.8529904052429
WPC,W. P. Carey Inc. REIT,65.945,USD,-0.007581501137239823,516535,0.29534082108333276,15023383408.656326,USD,Finance,Buy,69.18367481651063,70.27141068464577,70.92203841872606,-0.7450331125827884,-8.090592334494783,2.478632478632477,66.29500000000002,68.46974999999995,71.1065,71.02607499999998,22.58545105829166,3.117038,91.85228990078191
BALL,Ball Corporation,56.7,USD,0.07059654076951333,880290,0.4426558324126108,15008679259.516415,USD,Process industries,Strong buy,60.5860257222175,60.89183591391972,60.66724554775169,-7.246850973335514,-11.805879608026135,6.860158311345647,58.372,60.75500000000003,62.3314,59.87220000000006,16.128573460389703,4.023207,64.14530513143762
KIM,Kimco Realty Corporation (HC),22.32,USD,0.314606741573035,1740658,0.3421346165423985,14972018686.737976,USD,Finance,Buy,23.42347338746822,23.76114018101162,23.82963049647836,-0.6675567423230911,-7.193347193347195,10.331191300049431,22.373999999999956,23.139499999999998,24.22160000000002,23.21637499999997,26.16647127784291,0.845355,2.91988416988417
JLL,Jones Lang LaSalle Incorporated,324.65,USD,0.07706535141800247,157862,0.4545164007916651,14936400132.252003,USD,Finance,Strong buy,346.1105479789872,343.7875478517073,337.98549629542055,-3.182035070976982,-17.007515721662667,-3.501471331331935,329.7079999999998,345.3555000000002,353.98520000000013,328.1882999999998,15.555896290830333,25.008397,79.38097366430587
APA,APA Corporation,42.555,USD,-2.5755494505494503,3222712,0.4839543532145422,14909208249.09581,USD,Energy minerals,Buy,42.089816445628884,40.71286959133817,39.01071871091791,-6.080335466784379,4.614287821426822,73.1285598047193,43.20900000000002,44.144499999999994,40.88230000000001,34.920400000000015,8.999492450196675,6.075416,58.661879676542625
FN,Fabrinet,414.81,USD,4.129430665729488,356432,0.4697142551407942,14864658458.201729,USD,Electronic technology,Strong buy,436.2388058108901,462.55333517621904,487.9179824738169,7.186046511627907,-3.442737430167602,-10.743641606059304,403.8779999999999,400.9609999999998,455.0790000000002,533.3791500000001,31.80155937349065,18.2021,42.246286723810755
H,Hyatt Hotels Corporation,157.535,USD,-0.9400741998365116,266765,0.3423832952529541,14864488332.376406,USD,Consumer services,Strong buy,167.05882573623362,171.00885689054343,172.34501981146764,1.1136071887034564,-11.98178567437702,-2.012191329228098,157.7190000000001,161.14175000000012,172.83049999999994,169.36997499999998,195.38013146471536,3.570984,-80.90422508525957
VNOM,"Viper Energy, Inc.",41.095,USD,-1.308837656099908,967713,0.4075195163094262,14761113728.609509,USD,Miscellaneous,Strong buy,43.098680471684744,43.426249337041725,43.638724622285054,-3.9836448598130803,-6.4321493624772375,6.3810509966347295,41.23100000000008,43.680749999999975,43.56590000000008,43.733600000000024,321.8089271730618,2.621183,-96.30860842920738
LECO,"Lincoln Electric Holdings, Inc.",269.6,USD,1.2012012012012183,178488,0.4035549590629841,14694751582.408411,USD,Producer manufacturing,Buy,267.7480827504376,267.4637598249308,265.959649386197,4.992600669834119,-3.8242009132419987,12.506781287818733,264.5419999999999,265.37549999999993,269.07150000000007,263.48407499999985,26.95029789275861,11.222585,12.502389815450027
SGI,Somnigroup International Inc.,63.59,USD,2.0542449045097113,1324171,0.42696849053788793,14640909875.847055,USD,Consumer durables,Strong buy,66.02851161421412,67.49066601564344,69.68018476550425,-1.7915057915057861,-1.1656823127137084,-28.806538289296903,63.372,65.67999999999998,66.46120000000002,77.18824999999998,25.352842676022647,3.097857,75.6319585463203
UNM,Unum Group,92.47,USD,1.492701130501591,655149,0.25756882570727546,14638629266.2081,USD,Finance,Strong buy,92.58670242045302,91.16191315531994,88.92454560332678,-3.5565289945765506,3.0191622103386737,19.702265372168284,92.9839999999999,94.02000000000001,91.0958000000001,82.35469999999998,21.577915713819014,8.666004,-48.71469602680708
EQH,"Equitable Holdings, Inc.",53.61,USD,1.9007793195210039,1137964,0.3071175143270265,14637414896.41836,USD,Finance,Strong buy,51.908348838502796,50.42578881817175,48.75132568355466,-0.7038340433413642,9.408163265306122,12.484263533361315,52.91199999999991,52.59249999999995,50.90000000000003,45.193229999999915,nan,7.186143,-366.9731429954029
LAMR,Lamar Advertising Company,143.55,USD,-0.11133532809129258,223707,0.4182831705283572,14577458038.556469,USD,Finance,Buy,149.64310430808507,150.59418012106738,149.4687376091167,-1.8595747590073144,-6.022913256955802,13.784083703234,144.53799999999998,148.06349999999995,153.29580000000016,142.0737,26.2014711519156,5.917944,27.705647886995642
TLN,Talen Energy Corporation,302.6375,USD,0.8758041398620039,318672,0.4120026783173558,14500651439.492641,USD,Utilities,Strong buy,317.1053885047997,328.54442835649286,338.74310242249317,3.0044926993635297,-2.135073082395557,-20.590511925690752,299.4995000000005,300.9621250000005,324.61375000000015,352.9190375000002,nan,20.556885,-224.49463225216994
OWL,Blue Owl Capital Inc.,9.295,USD,0.4864864864864857,10319374,0.5983355197870427,14491762532.583244,USD,Finance,Strong buy,10.474098171904911,10.491335791626106,10.573646223027044,-6.300403225806452,-21.02803738317757,-38.23920265780731,9.609000000000002,10.64174999999998,10.849500000000003,11.10737499999999,117.5094816687737,0.885531,42.266187050359726
ARMK,Aramark,54.815,USD,0.9112665684830585,505459,0.2108975669000066,14450605966.370674,USD,Consumer services,Strong buy,56.9239733203367,56.35889883747864,54.56915099586435,-3.494718309859154,-7.485232067510553,48.71134020618556,55.59500000000004,56.871250000000046,57.68669999999995,47.96107500000004,38.23057609150509,2.276354,6.0659860926172575
ROL,"Rollins, Inc.",30.015,USD,-1.2664473684210462,5143107,0.6311520087249581,14441579488.061352,USD,Commercial services,Buy,34.97213323402772,37.49391963021486,40.92706621425186,-9.045454545454543,-17.38232865400495,-49.76569037656904,31.623000000000086,34.04274999999997,36.573100000000046,50.36302499999984,27.246732026143793,1.170929,9.06930693069306
EXEL,"Exelixis, Inc.",58.28,USD,0.5694564279551307,888214,0.4305087358161434,14440717229.60483,USD,Health technology,Buy,56.40931470208962,55.27923375714159,53.54413422757747,-0.008578536501665013,3.0774672798019136,33.91544117647058,57.665999999999976,57.36350000000009,55.56539999999992,48.652150000000034,18.30516992273384,3.512993,52.70023980815349
WY,Weyerhaeuser Company,20.02,USD,-0.5958291956305908,3900730,0.5389697470857591,14429134741.868916,USD,Finance,Strong buy,22.405412614270904,23.003106597823997,23.459963495392707,-7.09976798143852,-17.984432609586236,-15.63421828908555,20.77600000000001,22.103000000000005,23.54719999999993,24.253699999999984,30.616302186878727,0.328587,70.19781363872984
PFGC,Performance Food Group Company,91.535,USD,1.3452170062001811,490701,0.3107648745844312,14419786335.212908,USD,Transportation,Strong buy,98.34071859683303,100.32072529611598,100.57649885462898,0.8370965965414593,-12.900770621253926,2.3133661153330274,91.44900000000003,94.48775000000012,103.63869999999993,96.91035000000016,40.004807482190465,5.663686,5.204837004000183
PNFP,"Pinnacle Financial Partners, Inc.",95.055,USD,1.2515977844056363,314726,0.3038679767472824,14364011611.253942,USD,Finance,Strong buy,99.27606344017947,99.64658643274679,99.15844491138378,-1.4054558655741,-5.942014644765481,0.04736343542785149,94.68500000000004,98.06274999999992,101.42229999999999,96.98472500000004,13.051627076754086,10.192768,-3.4648215895233556
EG,"Everest Group, Ltd.",371.19,USD,-0.20701150661360948,151733,0.31665519554266486,14232439585.504597,USD,Finance,Buy,372.9573534765159,369.9504860385886,364.2870492890859,-3.0936716791980006,-1.0714000159910402,9.76107398426873,371.178,375.2215000000002,374.9610000000008,347.12080000000014,7.855723383046672,53.883993,146.14074294019287
FLUT,Flutter Entertainment plc,81.935,USD,0.05495176456221969,1467369,0.48075852284036197,14218926730.814323,USD,Consumer services,Strong buy,95.0754754372391,98.2307518463351,104.4886285853459,-11.038043478260871,-19.253157063930544,-62.17009475387104,85.03899999999999,95.40174999999986,98.48469999999958,124.08270000000014,nan,4.773554,-311.80179292680526
CG,The Carlyle Group Inc.,39.855,USD,1.1035007610349952,877604,0.24430352392029872,14201644068.542236,USD,Finance,Buy,43.820523844210754,44.78680926974643,45.93321096504161,-0.5613772455089856,-18.596813725490204,-32.734177215189874,40.056999999999974,43.25774999999997,45.888699999999965,50.05062500000006,41.28768258572464,3.657376,-71.83825889080141
DOC,"Healthpeak Properties, Inc.",20.09,USD,-0.8880118401578674,2606206,0.44614919539175574,14194132204.224472,USD,Finance,Buy,20.632016879742906,20.630853390092895,20.31182648456945,-2.190847127555985,-7.248384118190214,25.249376558603498,20.431999999999995,20.537500000000005,21.162000000000003,18.802900000000005,57.43281875357347,0.448259,49.04132935662548
ASND,Ascendis Pharma A/S,225.77,USD,-2.1369744256610224,264663,0.23476435127856685,14082820405.745905,USD,Health technology,Strong buy,246.5311581173861,247.33046876204372,244.797880540531,-5.198404366995589,-10.706375573485204,6.0749859049050965,230.95200000000008,250.93675000000007,251.32869999999994,235.06925000000004,17.202703423472848,15.9115801787,nan
WMG,Warner Music Group Corp.,26.91,USD,-1.3924514474166325,539103,0.26511793280962465,14076884097.758518,USD,Commercial services,Strong buy,27.633576173209786,27.782424414059342,28.073411831016667,-3.444564047362759,-4.0983606557377,-12.259537006847086,27.28799999999999,28.112750000000084,27.38519999999996,28.60429999999997,21.281138790035588,1.490955,123.7261146496815
ONTO,Onto Innovation Inc.,286.53,USD,2.430915525685466,230948,0.2612980862790106,14061244102.193542,USD,Electronic technology,Strong buy,281.9091510069583,282.99729533687173,277.3608663371463,11.51630730909939,-1.7454221246828172,76.21771217712177,281.67200000000014,266.9415,280.62860000000006,249.90175000000016,107.23428143712573,8.103636,-33.86629705714922
NBIX,"Neurocrine Biosciences, Inc.",137.81,USD,-0.8133007053404315,573402,0.4369629428673326,14008273404.349863,USD,Health technology,Strong buy,151.59978586120567,154.05826077898178,153.89185153629185,-9.709755618161562,-10.051563213889436,-2.6696800621512824,140.49000000000007,150.84700000000004,158.94800000000004,147.60897499999982,20.18957484836942,7.036244,101.47584049115972
OHI,"Omega Healthcare Investors, Inc.",46.135,USD,-0.4208935894668688,601568,0.2901980538233143,13979505329.571444,USD,Finance,Buy,46.903134055056924,47.12637831003124,47.06926616813294,-2.111181837470835,-2.0904074702886235,4.425079221367131,46.386999999999965,46.72074999999994,47.77169999999999,46.46067500000001,16.478551273350714,2.654151,74.66467028510824
CRL,"Charles River Laboratories International, Inc.",292.56,USD,-0.6385002037766593,384278,0.3410381785832447,13966484662.901236,USD,Commercial services,Strong buy,276.1107624250623,262.28076905812065,244.4344098804485,4.017634928535879,-0.2080704028379485,46.184979763153954,285.68999999999994,282.6819999999998,269.03840000000037,207.48815000000022,nan,11.334509,-266.286706424096
EQX,Equinox Gold Corp.,11.95,USD,1.8755328218243723,7315536,0.49024481286783134,13951144817.700665,USD,Non-energy minerals,Strong buy,12.0626812606243,11.907375001275334,11.972488588168742,-3.706688154713947,-12.132352941176473,-16.95621959694233,12.129999999999999,12.364499999999994,11.473800000000015,13.201350000000001,14.080822744240413,1.15863,nan
WSE,Wise Group plc,11.62,USD,2.8318584070796327,1228993,0.695733510243503,13868852553.023006,USD,Commercial services,Strong buy,12.140473145221334,12.249178618910586,12.329036110400727,-0.6837606837606844,-11.567732115677332,-1.8581081081081134,11.484,12.143000000000004,12.346399999999994,12.362257499999993,nan,0.582809,nan
YUMC,"Yum China Holdings, Inc.",40.41,USD,-1.4149792632349485,702911,0.5715827243065226,13838733595.53037,USD,Consumer services,Strong buy,43.2550529461858,43.99316712634418,44.76544645365917,-1.9412763892259264,-15.336266499057198,-16.300745650372836,41.05999999999999,42.535499999999956,44.99320000000008,47.42460000000009,14.834257185859549,2.956916,12.575419456153403
SWK,"Stanley Black & Decker, Inc.",91.52,USD,1.4971720084285176,518114,0.31940812764143417,13821043283.767105,USD,Consumer durables,Buy,93.22368233211998,92.38733949200382,90.03411848354676,2.646926873037236,-7.434004248002436,22.336586017912033,90.85200000000002,92.14349999999988,95.26700000000015,83.44955000000049,22.315964009655946,5.59393,30.0409043345911
PAG,"Penske Automotive Group, Inc.",209.78,USD,0.8703178343030256,217621,0.6125911936690756,13774757434.583351,USD,Retail trade,Buy,212.24304818850868,207.43837451793698,199.41055003703482,-1.7561935091087904,-4.684447271570722,31.92880950883593,209.88600000000005,214.993,215.4133999999998,177.69295000000002,15.44805849908319,13.603442,-5.429234015585708
MAA,"Mid-America Apartment Communities, Inc.",118.53,USD,1.083063278185226,564924,0.44053254370963174,13752081956.893568,USD,Finance,Buy,125.65328963827523,127.90587457142432,129.52616448554107,-1.6838088918380898,-10.238546005301028,-14.424951267056525,118.31599999999996,124.08099999999997,129.32720000000006,131.42705,34.628531362295135,3.663088,-29.495973140538425
CACI,"CACI International, Inc.",621.36,USD,0.7360332025550343,107648,0.437176578758631,13731806333.80059,USD,Technology services,Strong buy,610.3898696496314,592.4468510434558,575.9828793843733,-2.46138390053999,1.9408396633471758,16.46860356138707,620.1900000000002,624.6715000000003,593.6848,561.5522,25.72024637393205,32.710379,8.109656227904525
ARCC,Ares Capital Corporation,19.12,USD,-0.05227391531624679,2653078,0.5593132349795977,13728597019.433353,USD,Finance,Strong buy,19.490228423875728,19.40385941843481,19.31746355021001,-2.622867328749684,-4.064224786753631,-5.533596837944652,19.240000000000038,19.628500000000024,19.527399999999947,19.22734999999998,14.2124433211923,1.905516,-34.09914764377388
IVZ,Invesco Ltd,31.064,USD,1.2516297262059985,4168639,0.8804601414083568,13714749500.657888,USD,Finance,Buy,31.32710576021718,30.753735386517448,29.799006245331896,2.8268785170473327,-5.090131377940718,17.533106318577374,30.942800000000013,31.58019999999999,31.35188,27.726269999999996,nan,2.809947,-175.02685284640174
TTMI,"TTM Technologies, Inc.",129.5801,USD,2.047645298472187,946230,0.5090274736474202,13651117382.362402,USD,Electronic technology,Strong buy,127.58536613890202,131.78691266995378,133.0670838847955,11.476342050929107,12.19056277056276,85.45885215400025,126.77402,120.90800499999997,124.53430200000001,123.99655049999997,58.485331287235965,4.84,148.6365166647963
SUI,"Sun Communities, Inc.",111.48,USD,0.3149464591019604,257095,0.22452913682456876,13578370319.799154,USD,Finance,Strong buy,117.08038823521701,118.89426183659381,120.76932863011861,-2.637554585152835,-11.21376234469576,-9.798527388947326,112.48799999999997,116.53050000000003,119.68660000000004,124.63125000000005,nan,-6.076971,-166.36077557562254
MAS,Masco Corporation,68.84,USD,2.2730649234883393,964262,0.370812680916746,13574382805.66632,USD,Producer manufacturing,Buy,71.23173186622861,72.05400259160893,72.03001791641414,1.7740981667652318,-6.161395856052339,8.136977693999382,68.40200000000002,69.60299999999997,73.13560000000003,70.00897499999992,15.867235219545927,4.529007,15.220162532533058
RNR,RenaissanceRe Holdings Ltd.,325.985,USD,-1.3422310998123606,130069,0.38143569546493605,13545295088.553162,USD,Finance,Buy,325.19179827237014,322.10847698388636,316.5631193494414,-0.4413157010658746,-1.042741788598143,16.406584773603768,327.479,328.29624999999965,325.24850000000026,302.5457249999999,5.600895497256982,43.403117,48.472225056631494
CHKP,Check Point Software Technologies Ltd.,131.93,USD,-3.1990608261794597,592382,0.4299741129427665,13470135678.65016,USD,Technology services,Buy,132.6941406730713,132.86724463663006,135.32048571816082,-2.964107090320683,4.029332912789791,-28.974427994616416,136.152,135.69175,132.41430000000003,147.17714999999984,13.513125953846627,10.443284,27.25293918302442
TYL,"Tyler Technologies, Inc.",328.85,USD,0.6119014838610983,204886,0.27416345995715585,13467155662.172861,USD,Technology services,Strong buy,337.04970519098083,333.7446295608193,335.31755062532943,-3.523440708795397,-3.9601647148155723,-27.024388078911738,330.3479999999995,349.86700000000076,334.1531999999997,348.7612500000008,43.5793798038696,13.080909,7.9048218269175825
W,Wayfair Inc.,98.14,USD,0.4812122453158584,1142097,0.4528405440413069,13442054941.856457,USD,Retail trade,Strong buy,98.49302139893798,95.75476162711347,92.35418044858108,-5.087040618955517,-4.699941736259471,-7.419461346162913,101.52199999999998,100.41299999999998,98.87859999999996,88.1383,nan,2.844712,-2.663498812054533
ICLR,ICON plc,173.74,USD,-0.09200690051753685,597681,0.5654913118585511,13404772487.361357,USD,Commercial services,Buy,167.42832642293422,163.81081654627314,158.5650535250118,2.501474926253693,4.738365083192678,-5.5504213101386135,169.63999999999982,166.74199999999996,167.354,146.8881750000001,315.3748411689962,10.588592,-94.52907761976643
TRMB,Trimble Inc.,57.48,USD,-0.3640145605824248,772014,0.3424186167319379,13403176888.748829,USD,Technology services,Strong buy,57.82326623324755,57.674712564770566,58.496618967498094,0.26164311878597346,-2.3113528212100722,-27.111336545777334,58.30800000000001,58.52699999999999,57.66080000000002,63.27172499999986,nan,3.669212,-141.84954316454613
SWKS,"Skyworks Solutions, Inc.",89.04,USD,1.4007516228220065,2958182,0.3599030827732245,13398095809.18893,USD,Electronic technology,Buy,79.01260423832693,75.26521017333671,72.17746309731021,-3.269961977186302,35.422053231939174,38.75642823749416,89.40000000000019,81.18149999999991,71.75219999999999,65.33384999999994,46.12276612276612,5.040243,-23.08152043987568
REG,Regency Centers Corporation,72.94,USD,0.027427317608332447,542981,0.3815728039681587,13356812175.796762,USD,Finance,Buy,75.17557071265804,76.14687491817747,76.6445205372025,0.12354152367879673,-5.137208999869948,6.218144750254836,73.00800000000002,74.37449999999991,76.91839999999998,76.1992249999999,24.613619491125057,2.489478,38.2053912881261
MLI,"Mueller Industries, Inc.",60.36,USD,0.5664778407197539,682591,0.283867748655374,13350509193.376875,USD,Producer manufacturing,Strong buy,62.02626458641896,62.54678825928878,62.556791259190966,-0.016564518800725545,-1.7578124999999973,4.882710686359691,60.10800000000002,61.248000000000005,63.54499999999999,62.23912499999997,15.732679977063025,4.165,21.80455901962029
AMKR,"Amkor Technology, Inc.",53.585,USD,1.6986145378629782,1529791,0.4055898984242933,13313325197.850447,USD,Electronic technology,Strong buy,53.38133377344105,55.83470837784224,57.32762351709507,10.40486247038221,10.03080082135523,30.535931790499404,53.27500000000001,49.52624999999997,52.8333,57.06409999999998,24.045321965447613,2.567734,81.84414524683802
ULS,UL Solutions Inc.,65.94,USD,0.197538368029168,440927,0.3757415519996509,13313165048.545507,USD,Commercial services,Strong buy,72.8408463880759,76.93402900540843,80.26159026917222,1.8693032596941042,-11.311365164761261,-16.160203432930714,66.02000000000012,69.51899999999995,76.66139999999997,83.72534999999985,26.663970885564094,2.317381,52.38153921991496
CPT,Camden Property Trust,98.31,USD,0.9239297813366243,881208,0.744263199213176,13295381235.749308,USD,Finance,Buy,104.06385632729078,105.83569656769188,106.77377055446921,-2.2374701670644392,-8.59985124581629,-10.31746031746032,98.30600000000015,102.4410000000001,107.33720000000007,107.07009999999985,32.53681946053285,1.139812,110.85136078157711
VICR,Vicor Corporation,287.315,USD,4.077012243715132,479849,0.4249708183439698,13247155931.551147,USD,Electronic technology,Strong buy,230.1044970725099,231.34828136942096,229.3141261772737,30.82369547400054,46.81400102197241,157.77408935941145,267.755,209.19824999999997,212.71020000000019,211.5218750000001,92.22411247351864,3.578,114.63313813296591
TXT,Textron Inc.,76.795,USD,1.0194685609050327,861569,0.46036394211815856,13207735185.611288,USD,Electronic technology,Buy,81.94346768181097,84.11376809422745,86.0062119524188,-5.378265155248885,-6.790872678723145,-12.244314935435956,77.38299999999997,79.50725,84.6014999999999,89.83437500000008,14.492904053748019,6.466118,19.88235294117647
TRU,TransUnion,68.87,USD,1.9692034350014778,874883,0.3488221511513348,13195492599.578917,USD,Commercial services,Strong buy,76.04402606047229,76.31924275980616,76.12246208402216,-5.696289196220726,-18.255192878338274,-19.918604651162784,70.12800000000007,76.874,79.07380000000008,75.94460000000001,18.16623143678616,4.848634,90.78556690654723
ALLE,Allegion plc,154.925,USD,1.6034889821616092,340607,0.29577073046661606,13174324157.128479,USD,Consumer durables,Buy,154.74061631904752,152.94510337333355,151.17817374447918,0.9546461618662866,-3.2021243361449545,-2.703636249450467,153.3610000000001,154.01074999999977,156.9788999999999,150.44967499999993,20.32469662184323,8.956091,5.885703172751004
AIZ,"Assurant, Inc.",266.69,USD,1.8444970594974353,190269,0.38858790941383514,13154154098.656992,USD,Finance,Strong buy,278.3884224690679,275.82959133315927,269.2396946055464,-5.569718858437794,-6.473785726810444,11.292409130743229,268.79600000000016,279.68250000000006,281.2994000000007,249.50529999999995,12.655710943543067,22.29462,52.56584758401992
WSO,"Watsco, Inc.",316.965,USD,-1.0133974579182425,306642,0.6279659699711188,13079033285.77688,USD,Producer manufacturing,Buy,321.663405363765,332.63154703060303,346.1480904634851,3.4076079864282898,4.271662609382182,-6.43652035304189,321.1629999999994,313.36325,323.3554999999998,372.91792499999974,27.566488667791475,12.077537,-11.972806822792649
GEN,Gen Digital Inc.,21.835,USD,-5.3532726484612025,19916948,1.656819226866253,13070147761.150196,USD,Technology services,Buy,27.472212248837486,27.2671656062327,26.619315379204878,-27.67472673070553,-24.420214607130493,-19.812706573632024,25.514999999999986,29.2275,28.443199999999987,24.74952499999995,12.674870842282465,2.928501,79.82254697286012
ALB,Albemarle Corporation,110.4,USD,1.98614318706698,1165083,0.44756087671582717,13027758435.325636,USD,Process industries,Strong buy,122.43223261018345,128.69461777453725,135.68981092879343,-4.083405734144213,-16.723240552161112,-23.210683730959172,112.36799999999994,121.24600000000001,124.08360000000002,156.01574999999994,nan,11.478245,99.60973099314884
HALO,"Halozyme Therapeutics, Inc.",114.19,USD,-0.8939420239541757,1321899,0.44123806976506885,12960336882.631054,USD,Health technology,Strong buy,105.29357804628734,98.92447701272742,91.72720408444671,4.07400656215822,4.454811562385661,68.64569487520308,113.68599999999995,109.66299999999998,99.74930000000002,77.13139999999993,34.11711980878398,8.414286,-23.547819730921223
CSL,Carlisle Companies Incorporated,325.84,USD,3.727756024575806,291117,0.4635587802316703,12940453693.891066,USD,Producer manufacturing,Buy,340.9234691639396,345.77325194807446,348.67240047833684,1.9524405506883453,-10.775212902872484,1.694703660934412,322.0659999999998,331.8084999999996,349.1466000000001,352.23470000000106,18.57156699021379,20.996774,-2.518557205084889
AVY,Avery Dennison Corporation,170.34,USD,0.7869356842790443,184008,0.2070763231010942,12909751236.049704,USD,Process industries,Strong buy,171.46485354923595,170.74806347787603,170.25431833099893,-0.6763848396501437,-6.107375151581956,-6.252063841496966,170.68599999999984,171.6514999999999,172.47479999999996,172.9849999999998,18.643900837300937,10.186211,2.413352463794099
SJM,The J.M. Smucker Company,120.82,USD,-0.6904487917146174,387949,0.29109004065816907,12906377135.132334,USD,Consumer non-durables,Buy,122.01667565846049,119.93654198389878,116.74386658440548,-1.6604265017092676,-10.370919881305651,23.33605553287056,121.17600000000023,124.51350000000009,122.12359999999995,108.1792000000003,56.65119332301777,10.834264,nan
GRAB,Grab Holdings Limited,3.16,USD,1.6077170418006517,45443232,0.5246272419409574,12888811929.62058,USD,Transportation,Strong buy,3.262291777243493,3.3669438296167216,3.507252766046578,13.261648745519718,-11.97771587743732,-37.363726461843406,3.110000000000004,3.1642500000000036,3.3934999999999973,3.888724999999998,22.815884476534293,0.149199,422.64150943396237
LII,"Lennox International, Inc.",372.57,USD,1.3024090488879279,278038,0.60793464939756,12876271228.237427,USD,Producer manufacturing,Buy,398.5142427697933,422.98676270684615,447.31886940146234,3.675979519145141,-4.917823601469983,-23.681838666065797,369.602,372.9284999999999,419.6097999999996,490.1393000000005,16.84221470806285,23.599337,-5.415644053737405
GL,Globe Life Inc.,167.47,USD,0.08964857757590586,163973,0.39004210769694064,12869976535.733505,USD,Finance,Strong buy,172.71907065040554,172.21040303914629,168.95796556295664,-2.3612406716417977,-3.02837290098436,19.938408651435942,169.02600000000007,171.718,176.15079999999995,156.6782000000002,11.119373750921248,15.732901,20.325157785411843
MKC,"McCormick & Company, Incorporated",47.765,USD,-0.11501463822668281,1030124,0.2940042314959529,12866080807.383833,USD,Consumer non-durables,Buy,50.89299979469722,51.3509442376957,52.21758662871306,-2.6792991035044778,-11.90520103282921,-30.00439624853458,48.597000000000214,50.989249999999984,52.207099999999954,55.99062499999993,7.94957144045935,3.084435,108.65020661874499
QXO,"QXO, Inc.",12.355,USD,0.7748776508972319,11930704,0.565009136601051,12818198117.490622,USD,Distribution services,Strong buy,13.09879386482932,13.927726883049685,15.092798218942015,6.877162629757785,-10.66522053506869,-35.81818181818182,12.374999999999996,12.499249999999995,13.552299999999986,18.676374999999993,nan,0.268502,-307.70985401459853
BBIO,"BridgeBio Pharma, Inc.",65.55,USD,-1.1013880506940312,1053026,0.320194181877846,12814565666.385786,USD,Health technology,Strong buy,72.62881655271518,73.85143152154168,73.7859304214636,-2.7303754266211655,-17.805642633228842,-14.35850535667626,66.67000000000002,71.4315,77.8726,73.75597500000002,nan,-2.782606,12.833414753297514
IESC,"IES Holdings, Inc.",321.2,USD,0.21840873634945043,103107,0.40859456578381625,12799405365.375353,USD,Industrial services,Strong buy,332.193680215168,332.5230818114389,324.7453926022288,-0.11195422316208908,2.5575529231456913,61.585672602877544,320.8379999999998,319.2935000000001,333.82710000000014,287.87345,28.544260488593846,11.57,82.836948574214
SMMT,Summit Therapeutics Inc.,15.93,USD,-2.747252747252743,2050413,0.3458826035935362,12708151015.186813,USD,Health technology,Strong buy,15.888007723893327,15.62574601087734,15.7311407393307,-10.177614885819,7.999999999999998,-10.253521126760566,16.55599999999999,16.584249999999994,14.822799999999999,16.386149999999997,nan,-1.188426,-11.097875719674398
RPM,RPM International Inc.,99.6,USD,0.9016310404214372,301280,0.3644132907313618,12707377644.477762,USD,Process industries,Strong buy,103.57588069570083,104.83436653801463,105.59118410389964,1.2297997764000344,-6.933283498411514,-4.387059614092356,99.68199999999999,101.17149999999988,106.48160000000003,106.21245000000006,19.287747632603264,5.989389,-3.4911320014203726
TOL,"Toll Brothers, Inc.",137.64,USD,1.2654502648616828,649977,0.5511502021393649,12683113346.328135,USD,Consumer durables,Strong buy,140.92952908027704,142.86240303050067,143.71583578134153,3.8009049773755597,-8.90800794176043,1.7972043487907539,136.38,137.16549999999992,144.4104000000001,144.4275499999999,11.052225862401233,12.73293,-8.472483537158991
DOCU,"DocuSign, Inc.",67.78,USD,-1.7538773735323872,1193715,0.332386020482429,12668247706.82273,USD,Technology services,Buy,64.16806902596988,61.05001511044462,58.28797208946014,-4.5217636286800875,15.056866406382627,-1.2097361900597556,68.31799999999998,67.44849999999998,61.3853999999999,53.69830000000018,41.22871046228711,4.622408,24.01931200965601
SEIC,SEI Investments Company,105.35,USD,0.5439969459820511,391810,0.3556558087604559,12644020496.972227,USD,Finance,Strong buy,105.59698136896976,103.21327957856808,99.59136131546369,0.47687172150691465,-5.072986123625887,28.80547744223008,104.81999999999996,107.1320000000001,105.57150000000014,90.46357500000005,18.596317805510935,6.352373,6.380861172140525
BWXT,"BWX Technologies, Inc.",137.7,USD,-0.7066628208826206,602652,0.5376172959023645,12616345808.559992,USD,Electronic technology,Strong buy,154.59885101459008,162.79295823178134,171.60638010882832,-5.98757424728614,-8.765652951699474,-21.102389274050314,142.03400000000013,150.24249999999998,160.18100000000018,190.74929999999986,35.646793859535585,4.742535,20.519780356919995
GGG,Graco Inc.,77.795,USD,0.8360337005832741,482638,0.30250751210671245,12599198213.421062,USD,Producer manufacturing,Buy,78.0274960152513,78.27737511964915,78.87808897573618,1.6662310507057054,-1.3880086195969057,-5.243605359317896,77.5089999999998,77.15674999999999,78.9975,81.96027500000035,24.442314942817646,3.283333,12.853242562847916
CORT,Corcept Therapeutics Incorporated,116.175,USD,-1.9702978651590648,447196,0.17337047547278187,12558331417.078516,USD,Health technology,Strong buy,110.83679293372143,104.90771667143206,95.70317880852258,-0.5351027397260274,-5.217426776535854,224.8741610738255,115.77799999999984,113.56600000000017,110.78839999999998,69.1992000000001,277.4659660855027,2.06032,-62.739165257631036
PEN,"Penumbra, Inc.",318.8,USD,-0.28775178280996366,120216,0.23602985439171106,12557348218.361067,USD,Health technology,Buy,320.190655347927,320.8421995392381,321.1228942097966,-0.12218427895610337,-0.9937888198757728,2.6004119464469566,319.2259999999998,319.855,321.54060000000027,326.48665000000005,78.2888435942143,4.708007,7.97030359273498
COKE,"Coca-Cola Consolidated, Inc.",187.605,USD,-1.078302135512795,244813,0.375106623145577,12487794686.385208,USD,Consumer non-durables,,190.12891120038788,189.20424233159284,187.05125252225633,-5.211701697655617,-4.677099740866832,22.37769080234832,189.125,193.12825000000004,189.72850000000005,181.53404999999998,25.671533545888693,nan,21.71313413943573
MAIR,Madison Air Solutions Corporation,24.88,USD,2.0927369716864916,1053059,0.42918060848124223,12482858765.794006,USD,Producer manufacturing,Strong buy,26.95915801779177,29.06866544798614,32.61615613037101,5.111956062526393,-9.822399420079742,-22.250000000000004,24.737999999999982,24.976000000000006,28.50100000000001,nan,nan,1.082029,nan
DTM,"DT Midstream, Inc.",122.22,USD,-2.02805611222445,202158,0.21538666102411105,12468309591.747175,USD,Industrial services,Buy,129.29534446542806,132.15332424426828,133.88366244285285,-2.8226127057326846,-4.975897994091126,2.3789579494052635,124.56199999999994,127.44950000000001,132.5078,134.34419999999997,26.806158705092773,4.721801,22.56781096266029
CNA,CNA Financial Corporation,45.945,USD,-0.3578399479505512,202878,0.27803641424873926,12432760911.303514,USD,Finance,Buy,48.34612081380413,48.59609748228062,48.4339629768827,-4.0413533834586515,-6.69171405361495,-3.517429651406966,46.88499999999995,47.91475000000004,50.16970000000009,47.67792499999999,10.109800642520794,4.2,41.211198458813655
BWA,BorgWarner Inc.,60.71,USD,3.8132694938440563,1245699,0.46097995973406947,12364585017.904243,USD,Producer manufacturing,Strong buy,64.65590059711873,64.88471984992204,63.902039794775746,-4.52901399591131,-6.829343155309999,33.57535753575357,60.834000000000024,63.70300000000001,64.78520000000003,59.028149999999954,30.834476103407994,5.220563,110.21780909673289
HAS,"Hasbro, Inc.",87.62,USD,0.9330722267019954,792862,0.45848499559216876,12358315597.715702,USD,Consumer durables,Strong buy,90.12613814118251,90.02702503708156,89.70217697775546,-1.2843623253717897,-9.87451141740382,6.853658536585371,87.11600000000003,90.18599999999996,91.6534,90.18417500000007,15.749078817291274,6.139249,nan
JBS,JBS N.V.,11.525,USD,1.4524647887324025,3060711,0.6339283654201241,12342457481.835388,USD,Consumer non-durables,Strong buy,12.59400164453106,12.860098458306917,13.21491012683902,-3.5983263598326336,-18.413597733711047,-19.04427266338722,11.665000000000003,12.508249999999986,13.035300000000005,14.347025000000007,10.756953518760502,0.735892,-18.413036856533658
GDDY,GoDaddy Inc.,97.43,USD,-3.3528419799623013,1647316,0.4792414368026676,12339285607.193731,USD,Technology services,Buy,96.20722601456957,94.46265466282385,93.75804200935644,-0.05129257283545051,1.3628797336662528,-21.179516220370513,99.526,99.15200000000004,96.29040000000013,94.1785000000001,14.446058952612539,7.401519,20.188897799162422
MOG.A,Moog Inc.,388.46,USD,1.4918354016982311,227358,0.7993553347839707,12335647019.787954,USD,Electronic technology,Strong buy,382.4499065028744,382.04037783364333,372.8423707237711,9.001627476289348,2.6097522320249342,59.42707050808503,376.68799999999976,368.57650000000024,391.19400000000024,338.95862000000056,33.04102271857377,11.519928,78.61114487117162
NXT,Nextpower Inc.,81.0,USD,1.28798299362261,654195,0.30027313956831575,12290091526.772541,USD,Electronic technology,Strong buy,87.59605378976264,93.32422626336437,98.83305568890614,-2.6091138631718187,-5.063291139240499,-7.985913892991027,81.69000000000003,82.29349999999997,91.07399999999993,107.97657500000001,20.993701889433172,4.679953,5.139384690846653
GNRC,Generac Holdings Inc.,207.94,USD,4.993688462509461,773113,0.380397259729366,12281754693.509518,USD,Producer manufacturing,Strong buy,204.21056803088013,210.02750993759074,214.2617504500581,-0.7541046200840075,2.433497536945812,50.70300043484564,203.30799999999994,190.2704999999999,201.1704000000001,211.40709999999999,47.93342707636984,9.699284,-27.948113207547177
HL,Hecla Mining Company,18.265,USD,1.8115942028985466,15733306,0.35662945555217673,12269850787.101448,USD,Non-energy minerals,Buy,18.7232590597779,18.33186305564669,18.074867516111997,-5.264522821576766,-10.90243902439024,-7.048346055979634,18.371,19.417749999999998,18.04469999999998,19.213475,23.41966918835748,0.73161,398.3386581469649
FIVE,"Five Below, Inc.",222.65,USD,0.12141379620469928,533872,0.45456925664960546,12257781203.827232,USD,Retail trade,Strong buy,233.2939971188925,229.28825763582753,223.52676186374293,-5.27950310559006,-13.791768304487544,16.922672968360242,228.17200000000003,239.56299999999987,232.73660000000015,213.69377500000024,19.976313735341883,10.249321,125.47996196718655
AIT,"Applied Industrial Technologies, Inc.",333.12,USD,0.33130534305163023,73013,0.23174882392542445,12236794480.44624,USD,Distribution services,Strong buy,331.3520362108995,330.50242024086646,324.6001813220845,3.986265022631491,-1.4321221446324937,28.682350214393324,329.758,323.2205000000001,337.8298,301.4543500000001,30.401095140314855,12.0325,8.195507282152557
SANM,Sanmina Corporation,227.575,USD,2.566702722192173,458951,0.7379206456064032,12197418306.797817,USD,Electronic technology,Buy,208.90402601823627,208.19444080437665,204.8043619882364,15.076355177993529,18.900208986415873,47.87199480181935,219.31699999999992,203.31674999999976,200.95670000000007,187.0892749999999,40.72784866760921,12.098333,19.620226066107215
AUR,"Aurora Innovation, Inc.",6.075,USD,0.24752475247525693,18482093,0.5173233147888049,12175187552.487625,USD,Technology services,Strong buy,6.2924902194505075,6.2891201031834045,6.172361334874755,-6.610299769408143,5.285961871750444,57.38341968911918,6.284999999999997,6.234250000000003,6.331000000000005,5.511200000000005,nan,-0.492727,1.1927582534611276
EHC,Encompass Health Corporation,122.94,USD,0.7622326038849213,478073,0.5487649565835943,12128446915.259897,USD,Health services,Strong buy,120.31315326926082,117.81325419054417,114.92022279675285,-0.2757949383517224,2.2880439304434645,16.266313599394746,122.29599999999982,121.91100000000014,119.42360000000004,107.81655000000005,20.018562845000243,6.113152,20.07625378824911
BAX,Baxter International Inc.,23.385,USD,-0.40459965928449254,3076626,0.403148171962693,12089950561.64949,USD,Health technology,Buy,24.22075274755512,23.854435005643598,23.065121978250545,1.4533622559652966,-11.721404303510747,21.165803108808294,23.393000000000004,24.291250000000012,25.09649999999997,20.710375000000102,nan,2.053674,-626.1393596986817
BF.A,Brown Forman Inc,26.595,USD,0.7386363636363648,40341,0.2175254051943822,12086483157.889772,USD,Consumer non-durables,Buy,27.20874457486593,27.360655088987983,27.456014536955912,-0.7278835386338197,-8.387874612469867,0.2828054298642507,26.656999999999954,26.91074999999998,27.75210000000001,27.460474999999942,17.142580894675778,1.707816,-13.06248248809191
TWST,Twist Bioscience Corporation,183.24,USD,-0.42927783513557144,1937323,0.8110737613280201,12063132624.27126,USD,Health technology,Strong buy,142.4344207510411,127.8046689131614,111.15843476177147,15.945330296127574,23.810810810810818,477.49763630633475,171.24,144.95949999999993,126.28489999999996,73.17415000000007,nan,-2.157,-53.16848050695688
MANH,"Manhattan Associates, Inc.",206.4,USD,-1.5408099985689023,192637,0.2905264199315328,12034146831.877117,USD,Technology services,Strong buy,202.08071763171736,192.6244315338717,182.09874182293797,-2.4021184036315417,-1.6065214282309217,18.89400921658987,208.56800000000004,211.73700000000014,198.27100000000007,160.49934999999996,59.086224665063554,5.497456,-2.647567025249434
DKS,Dick's Sporting Goods Inc,135.26,USD,1.508442776735453,1363250,0.4099929222274479,12028255047.95242,USD,Retail trade,Buy,152.97206024659917,168.12050580471518,181.7994446435745,9.424803818461282,10.987117420201843,-32.02331892652528,131.68800000000005,131.7474999999997,169.1280000000001,201.58465000000004,14.525187659067235,11.555894,-34.9976964637228
MDGL,"Madrigal Pharmaceuticals, Inc.",519.765,USD,1.2772549248845404,78073,0.34811218707000413,12008717543.763634,USD,Health technology,Strong buy,525.2915726932848,522.3799180467797,517.4545653897486,-2.8621888315765966,1.886736974163955,-10.6963678224116,517.3570000000002,531.8332499999998,527.0649000000001,512.030975,nan,-6.019753,-0.28488254432803495
HUT,Hut 8 Corp.,97.34,USD,-4.136300965136894,1903265,0.41861117991072716,11998076731.383493,USD,Technology services,Strong buy,95.0137761650774,94.9606523916116,92.34259766778099,4.285408185129634,15.5988361736239,103.42737722048066,102.27400000000009,92.58475000000003,93.53669999999998,79.08817500000004,nan,-4.669556,-479.26734216679654
SAIL,"SailPoint, Inc.",20.995,USD,-5.085895117540687,1877381,0.30786211278227926,11986289939.887434,USD,Technology services,Strong buy,18.880847688664375,18.067264136638467,17.309299672646212,3.0176643768400493,20.938940092165907,1.9422189851905907,21.243000000000002,19.64225,18.336200000000005,16.071949999999994,nan,0.321522,70.23900654928978
GWRE,"Guidewire Software, Inc.",145.61,USD,-3.5695364238410505,512348,0.42197139115867033,11938952409.659008,USD,Technology services,Strong buy,155.77979851276496,154.96633535757277,153.9417841697155,0.4345426955442295,-20.196207387920637,-27.528369500298613,149.868,161.49550000000005,164.40060000000003,152.5068999999998,89.37515344954579,4.189335,103.98146988856894
WTS,"Watts Water Technologies, Inc.",357.54,USD,0.8860045146726985,57951,0.28310763278227224,11935775718.186062,USD,Producer manufacturing,Buy,359.2718491177575,355.7018814525193,347.0359402672328,1.7472965281730346,-4.321764029007995,29.755035383777898,354.82799999999986,355.4174999999999,360.50439999999946,321.76555000000025,31.20793945900652,12.858125,23.210195192773014
IT,"Gartner, Inc.",188.62,USD,5.186259201427622,503056,0.4552193641610128,11911160220.935312,USD,Technology services,Buy,181.39905807264992,175.51770206160555,172.61638349582174,0.15930331350892704,-1.1632781387549773,-24.66951555573305,181.70599999999993,185.69600000000003,177.1868,174.27885000000003,16.9240293940835,14.465515,-31.447674347082632
CR,Crane Company,205.91,USD,0.659953070003908,143465,0.33818146931026444,11901670750.974482,USD,Electronic technology,Strong buy,206.14699974424033,206.37156414615993,204.20471277710925,4.105364275241421,-1.299012558719206,11.96237289978794,203.20600000000002,201.28450000000012,210.4587999999999,196.63190000000031,35.93041111188664,7.025572,8.120141876084833
BJ,"BJ's Wholesale Club Holdings, Inc.",94.065,USD,2.4226916376306558,755895,0.5102998691466094,11881791524.201982,USD,Retail trade,Buy,92.9629589968274,92.81755202395851,92.84327981165438,0.863178211451847,-0.5655391120507364,4.481839386871039,91.83300000000004,91.9622500000001,93.60649999999995,93.48607500000001,20.551671400480664,4.722267,5.100002296263983
GME,GameStop Corporation,23.475,USD,-6.175059952038362,10765672,1.1216034012268565,11843161357.805756,USD,Retail trade,,21.15854057654533,21.075369387468722,21.325130675481486,2.510917030567698,30.271920088790246,15.868706811451133,23.896999999999988,21.13375,20.26770000000002,22.210124999999984,15.564911815409099,1.8,106.1790840738209
ARW,"Arrow Electronics, Inc.",232.205,USD,2.144459596181762,162980,0.3225402349053921,11820493659.268112,USD,Distribution services,Buy,219.21526976606606,214.85050387141587,206.65059023813131,7.537164821933036,14.150526005309226,108.83622627934169,225.45700000000005,216.15375000000012,213.4742999999999,177.24302500000002,14.838423147952893,21.806,76.91568498880774
ALLY,Ally Financial Inc.,38.72,USD,-0.05162622612287849,1235277,0.3215543036925966,11778611985.205988,USD,Finance,Strong buy,41.700003489804814,42.354200932419246,42.640176047040306,-4.3241907585866075,-9.553842560149505,-14.826220853497585,38.999999999999964,41.19999999999998,42.75359999999994,42.82480000000003,9.119600546422346,5.214441,175.80875665843834
NVMI,Nova Ltd.,369.1075,USD,0.6290894220283546,157905,0.23211922700717974,11739891801.696224,USD,Electronic technology,Strong buy,381.51282907434063,399.9987648793083,416.44431587580294,5.628290979853485,0.4346820494680485,9.853422619047624,366.8794999999999,357.29537500000026,384.53705000000014,441.64973750000036,46.02337905236908,10.675963,9.600273317389815
BMRN,BioMarin Pharmaceutical Inc.,60.55,USD,-1.3039934800326067,780244,0.39932674094107334,11720890936.064384,USD,Health technology,Strong buy,63.36629452860364,62.51873117344248,61.22558653077713,-7.203065134099621,-7.726302956415737,1.8845700824499367,62.30800000000001,64.55225000000002,63.995,58.52847499999998,163.25155028309516,5.01165,-89.01492714133396
CCK,"Crown Holdings, Inc.",107.68,USD,1.8732261116367115,536246,0.46686707783779163,11711330913.020247,USD,Process industries,Strong buy,112.6567233422356,112.39690876188467,110.89510661754431,-3.1915850040456686,-10.816630776875924,4.696159455517757,108.29599999999996,112.39250000000015,116.18380000000006,107.18389999999994,15.494416944860136,8.40618,45.86822828117456
FPS,"Forgent Power Solutions, Inc.",38.275,USD,-1.7329910141206784,3420633,0.2331927993163398,11652016169.11874,USD,Producer manufacturing,Strong buy,36.59525474869549,37.82075607615318,37.679667087042276,-3.1012658227848138,18.5718711276332,47.21153846153845,38.675,33.58075000000002,35.08010000000001,nan,142.33915953886205,1.35,nan
LULU,lululemon athletica inc.,100.01,USD,-1.6036993309720537,2086039,0.4351354683219584,11583764471.758461,USD,Consumer non-durables,Buy,107.23010310098947,112.21479470737769,120.25054657443941,0.36630036630037544,-15.371271419504964,-52.19864257719147,101.79200000000006,105.06700000000001,113.70209999999939,147.36942500000004,8.197272220582931,9.58248,-16.471659489398405
AHR,"American Healthcare REIT, Inc.",52.31,USD,0,1006205,0.26105824057946236,11484234369.0,USD,Finance,Strong buy,53.68250114708463,53.56602007906979,52.863857849861205,-0.9280303030302934,-8.436898302117976,11.70190049113817,52.062000000000026,53.76100000000001,54.992800000000024,50.92700000000003,77.58825274399288,0.597196,nan
CSGP,"CoStar Group, Inc.",28.34,USD,1.741159576377668,4539737,0.6683022963520033,11483299832.405674,USD,Technology services,Buy,30.07103377488056,30.789420819087898,33.003460513128125,-3.2764505119453955,-12.287217579696694,-57.77082402026523,28.452999999999992,30.204,30.411899999999978,41.06270000000001,155.97138139790863,1.366399,-28.717143978030606
ELS,"Equity Lifestyle Properties, Inc.",59.081,USD,-0.7875734676742135,813458,0.4613635309228212,11465531724.928816,USD,Finance,Strong buy,61.889533899105636,62.657015857709304,63.144423406423904,-3.0823490813648258,-9.440527283874912,-2.232334932980302,59.80220000000001,61.30204999999999,63.66241999999999,63.732005000000036,28.709363914670295,2.076988,11.382333838493189
AFG,"American Financial Group, Inc.",138.22,USD,-0.14448779078167073,131877,0.26794704979279754,11461405520.091608,USD,Finance,Buy,141.59796269456797,141.0710767050449,139.66491766947428,-2.887655448605363,-4.013888888888889,1.2081716335944979,139.59800000000004,141.84300000000002,142.9704000000001,135.20059999999995,12.079000262169012,12.33845,25.54582757334387
TECH,Bio-Techne Corp,72.59,USD,0.027559597629888705,1455327,0.4262442312166134,11383435797.732811,USD,Health technology,Buy,71.74217565093063,70.0476382940514,67.46568899502616,0.24858444966165838,0.3594635697497651,23.43138921952049,72.54,72.36,72.20659999999995,61.71512500000001,62.66401933701657,2.0475,155.43550165380375
DVA,DaVita Inc.,178.345,USD,2.1039674815366185,252429,0.30869472596218167,11378410744.740084,USD,Health services,Buy,186.8587894173568,190.3870621005562,188.7655696427066,-3.052293976951516,2.8695852800369117,56.883356790992245,180.44299999999993,182.35324999999997,195.29230000000007,168.64432499999992,15.040945240484763,14.773145,16.519919026748696
AGNC,AGNC Investment Corp.,9.595,USD,-0.2598752598752451,25018173,0.5367320651221964,11374694332.220375,USD,Finance,Buy,10.28611892345804,10.43363348510129,10.5217892846732,-3.0808080808080778,-12.133699633699628,-10.494402985074625,9.837,10.229249999999984,10.59630000000001,10.745225000000012,5.032782585890375,1.578033,487.157376039421
RMBS,"Rambus, Inc.",104.41,USD,-0.133907221425156,970332,0.2722639268591277,11324476117.381348,USD,Electronic technology,Strong buy,95.1621285680262,98.85875910089239,102.79456174586404,19.352994970278914,16.52901785714286,9.421504925592114,102.92600000000007,89.56200000000003,93.18659999999993,107.76142500000006,47.79145878152607,3.037143,3.388386730396084
AA,Alcoa Corporation,42.87,USD,0.4451733833177079,2140723,0.5138002006168078,11313797080.888004,USD,Non-energy minerals,Strong buy,47.482115608820806,49.53500113136792,51.77532507876449,-8.699818975614953,-15.276679841897241,-20.787139689578716,43.784000000000006,47.616,47.84240000000003,58.08510000000001,8.793846153846154,6.472537,25.044887908479964
PSKY,Paramount Skydance Corporation,10.055,USD,-1.2278978388998036,9494077,0.29891932880705846,11281166239.823183,USD,Consumer services,Buy,10.168343503847193,10.097953220923863,10.20697560935915,-5.0070854983467274,-5.409219190968965,-24.962686567164184,10.042999999999996,10.563500000000003,9.775999999999977,10.667924999999999,nan,0.509367,-2130.4347826086955
FROG,JFrog Ltd.,90.95,USD,-3.4501061571125264,945258,0.6009052693971724,11214254264.221869,USD,Technology services,Strong buy,90.17904991900045,87.74937619807139,82.85094756358129,-4.248039164078535,3.2056737588652515,44.410924102889815,91.88600000000008,91.85249999999999,88.91749999999998,67.77187500000001,nan,0.980067,51.508817766165905
GLPI,"Gaming and Leisure Properties, Inc.",38.525,USD,-0.012976901116020135,1321448,0.3588366771312248,11207694337.82637,USD,Finance,Strong buy,41.28856644208116,42.36789953461638,43.394611337365134,-3.6875000000000036,-10.427807486631016,-13.562934709445821,39.17900000000004,40.75025000000011,42.66169999999997,45.2444,11.29765395894428,3.227259,30.98256126603672
FIG,FIGMA INC,21.0248,USD,-1.4770384254920377,6044380,0.46360771337363654,11206420674.536718,USD,Technology services,Buy,23.38191711765237,23.38931225086834,23.958156353748944,-10.551797489895767,-19.22858240491741,-44.671578947368424,21.650959999999987,23.68824,24.484096000000044,24.970989000000003,nan,0.286007,-1737.8941742383752
ELAN,Elanco Animal Health Incorporated,22.415,USD,0.2908277404921598,2388301,0.41980664610084284,11199024109.240267,USD,Health technology,Strong buy,23.368601171788555,23.595391107398974,23.6264955907029,-1.5590689503733002,-10.411670663469227,-1.8177836180464266,22.53900000000001,23.29774999999999,24.06250000000001,23.77717500000001,nan,1.137181,-146.3504067835453
WTRG,"Essential Utilities, Inc.",39.46,USD,-0.7045797684952217,526321,0.2033757560113821,11197903830.055359,USD,Utilities,Buy,40.37255960977646,40.09545504888268,39.77162112829381,-4.662962068132399,-3.165644171779139,3.190376569037654,40.0479999999999,41.1334999999999,40.48059999999991,39.15014999999989,20.155276330575138,2.232747,-16.251015955854044
BTSG,"BrightSpring Health Services, Inc.",56.545,USD,0.9371652981078161,869495,0.31115137513774205,11188232824.182077,USD,Health services,Strong buy,59.3999565988232,60.01363364538763,58.74575554392718,0.551258113274655,-1.145104895104897,50.70628997867803,56.151000000000025,58.62475000000002,61.83920000000001,51.75124999999999,42.23242960639331,1.818109,352.94316644113667
AEIS,"Advanced Energy Industries, Inc.",279.34,USD,0.47117217566449754,175953,0.2965315750605609,11187690347.453367,USD,Electronic technology,Strong buy,285.8574169353495,293.91967942013935,299.1116779793151,8.79420470478267,0.7974596759643415,29.533967076280998,274.5940000000002,271.10200000000003,290.3948999999998,303.5113249999999,52.08748997743758,11.244505,143.32577132486387
FRHC,Freedom Holding Corp.,174.66,USD,-0.9695526450076588,63481,0.8237278678526708,11141152825.131823,USD,Finance,,164.77533831896125,160.78964698589851,156.2266319055543,4.900900900900899,2.170225212050312,43.16393442622951,173.81,168.0319999999999,160.65440000000012,143.53689999999978,69.09565630192262,nan,87.5639979223863
FHN,First Horizon Corporation,23.485,USD,1.3157894736842093,2481275,0.4619079756039107,11126656763.894737,USD,Finance,Buy,24.479827539222953,24.66001314337355,24.63812223747723,-2.3492723492723546,-4.181966544267654,-2.3898586866167886,23.391,24.178749999999972,24.94470000000001,24.419450000000026,11.276227973303884,2.140506,34.32441148016769
PNW,Pinnacle West Capital Corporation,91.32,USD,0.26350461133069264,556051,0.5065566652825699,11067731733.011858,USD,Utilities,Buy,96.69021800127767,98.41177052265124,99.3464626311174,-3.620052770448556,-6.76875957120981,2.9537767756482416,92.18400000000022,95.48800000000013,99.1740000000001,98.8966499999999,17.51270495733052,4.715736,7.42686444169757
FNF,"Fidelity National Financial, Inc.",41.18,USD,0.8819206271435558,1381446,0.501431940884255,11044179835.901518,USD,Finance,Strong buy,45.141111579985136,46.36916031995957,47.53632386940431,-3.378695448146405,-13.012251795521763,-24.315383201617347,41.77199999999999,44.092500000000065,47.55959999999994,49.95135000000007,14.333449356073789,5.132594,-27.175483511191096
AMH,American Homes 4 Rent,30.615,USD,-0.17932833387676317,2149278,0.5793336917783289,11015736455.58575,USD,Finance,Strong buy,32.14748004289018,32.433337401981234,32.428575018299036,-1.5278224509488627,-11.746901124243298,-3.8473618090452306,30.947000000000003,31.883750000000003,33.125499999999995,31.678799999999978,24.21498062168789,1.088682,13.757423070001803
TXG,"10x Genomics, Inc.",84.4,USD,0.344786588990615,1959668,0.6152797972246808,10996574619.859709,USD,Health technology,Buy,67.06875665985035,59.68869315345779,51.318283072902965,8.706852138073163,32.516878630868284,417.47394236664627,80.78600000000002,70.70150000000001,60.33979999999997,32.90114999999999,nan,-0.739402,16.021076616348623
JEF,Jefferies Financial Group Inc.,47.575,USD,2.8871107266436002,882209,0.32449783993385933,10968524740.342775,USD,Finance,Buy,51.38944907182349,52.14325930357501,52.4866699865471,-0.4290498116366645,-9.36368832158506,-23.488259890640073,47.206999999999994,50.75224999999996,53.21090000000001,53.028575000000046,13.257628535599835,3.621891,36.0156161164386
LFUS,"Littelfuse, Inc.",429.2825,USD,1.9286019565010926,75180,0.3680976188226262,10903237485.163862,USD,Electronic technology,Buy,424.11517572239194,424.4744538978575,417.62012772424146,6.0952251495230145,5.490367130289484,68.94234553325464,420.2584999999998,412.99587500000035,423.2203499999998,382.4590875000003,nan,16.59,-110.53256904637831
EGP,"EastGroup Properties, Inc.",202.01,USD,-0.2419753086419798,148486,0.23634140211574944,10862747450.43827,USD,Finance,Strong buy,202.08721720289844,202.6337942215304,201.71745312501383,0.13879938531700844,0.30287984111220717,13.840518455903073,202.6239999999996,199.91299999999973,204.08780000000002,196.2516199999999,35.45839111126713,5.980671,22.85911453278988
UDR,"UDR, Inc.",33.715,USD,0.4918032786885433,1669518,0.38559858956739673,10831422971.291805,USD,Finance,Buy,35.84629319220628,36.55044914241501,36.944023985712334,-1.273792093704232,-11.87924725561943,-7.806945583811858,33.809000000000005,35.19424999999997,37.105299999999936,37.039224999999995,21.484101191614098,1.094552,309.3114241001565
HUBS,"HubSpot, Inc.",216.52,USD,-2.2747788409460155,341522,0.16041110694804955,10797029395.322983,USD,Technology services,Buy,225.53334263541086,224.586114034815,229.17507705823425,-5.860869565217388,-6.523334628502347,-45.734335839599,219.17,235.57249999999948,231.37420000000057,250.72135000000054,76.64153481292698,13.293641,nan
AR,Antero Resources Corporation,35.01,USD,-2.99251870324191,2674252,0.5548759162059459,10763439273.59102,USD,Energy minerals,Strong buy,36.49030989614752,36.458525520641984,36.40613429497191,-0.9618104667609714,-6.789137380191704,2.3684210526315645,35.02600000000001,37.47099999999996,36.634000000000015,36.373700000000014,10.051102434542948,4.258578,142.66406576564023
HRL,Hormel Foods Corporation,19.515,USD,-1.638104838709674,2427082,0.5547531677518501,10740096531.844505,USD,Consumer non-durables,Buy,21.696230858551765,22.356858284777584,22.800872393112478,-5.542110358180056,-18.14177852348993,-18.004201680672267,20.013000000000012,20.92274999999999,23.188700000000022,23.258325000000045,31.359472923027482,1.486,-54.62632154575282
GSAT,"Globalstar, Inc.",82.74,USD,0.3395585738539912,209499,0.3487009952090418,10720074356.398981,USD,Communications,Buy,82.29880701842725,81.65744520595868,79.75341567427868,0.41262135922328785,0.890135349347628,33.4516129032258,82.652,82.15750000000001,81.88009999999997,73.60724999999998,nan,-0.620333,-29.915406306075372
DECK,Deckers Outdoor Corporation,78.66,USD,-0.02541942043722703,1380136,0.3861341368309981,10712064696.90442,USD,Consumer non-durables,Buy,85.91224248340056,90.14098096111151,94.21031586259271,-1.6750000000000043,-11.408942448473937,-24.590163934426233,79.19800000000025,81.38049999999987,90.18360000000003,101.85639999999984,11.162513481296473,7.52012,8.21585429527934
RGEN,Repligen Corporation,189.235,USD,-0.7421977445580865,598144,0.6153153596146214,10679594086.173485,USD,Health technology,Strong buy,171.02390166248796,163.3323918312892,155.28495340458824,5.658849804578459,5.066348342679473,15.718828349538319,186.3750000000001,175.17275,165.00829999999993,142.826525,257.9187678887829,2.061635,nan
SF,Stifel Financial Corporation,70.67,USD,1.0871120011443358,937187,0.6587869351431714,10671293490.037764,USD,Finance,Buy,77.50764534832368,77.80384053692516,77.63495382760816,-6.09885729471167,-11.095735312617931,-15.446321290957558,72.28199999999995,77.4315,80.21999999999998,78.3505280246001,12.6431229426077,6.52386,62.1301775147929
XP,XP Inc.,20.635,USD,0.5604288499025438,3366940,0.523651970685854,10668615710.336504,USD,Finance,Strong buy,18.92933585575122,18.364538344270297,18.061378323389608,2.3307711381105998,14.068546158098407,23.12052505966587,20.804999999999996,19.821499999999993,17.91239999999999,18.138900000000007,10.760285758982114,2.0403942390000003,20.428284350665656
PINS,"Pinterest, Inc.",18.785,USD,0.34722222222222904,3699542,0.22729194335974878,10638189634.756945,USD,Technology services,Buy,20.51301009758575,20.96174567038812,21.262093860900528,2.0369364475828355,-20.301230377598642,-28.246753246753247,18.740999999999996,19.629249999999992,21.934100000000004,21.419875000000026,54.75080151559312,2.023965,-87.73503967970258
UHAL,U-Haul Holding Company,61.235,USD,0.7320282941273241,56401,0.42187960487636306,10615592248.870129,USD,Finance,Strong buy,65.96003113091186,65.87738367610353,64.24892579738349,-4.11055433761353,-10.186271633910247,21.13748763600396,61.820999999999934,64.36175000000001,69.08049999999994,57.79092499999999,420.28140013726835,1.1125,-89.74954270437597
AES,The AES Corporation,14.87,USD,0.1346801346801318,2744709,0.35296157348099744,10608832234.339394,USD,Utilities,Buy,14.791716583355004,14.760350780367146,14.712100572792249,0,0.9504412763068485,2.4810475534114365,14.835999999999999,14.806000000000003,14.777399999999993,14.660499999999997,5.557216533373196,2.288875,88.92889924451038
SCI,Service Corporation International,77.76,USD,0.012861736334411724,581664,0.5774432937331165,10598034462.954597,USD,Consumer services,Strong buy,80.52994944557184,80.59469473373908,80.39579547185238,-1.163530010172948,-7.886940033183221,0.1481767813426039,77.80600000000008,80.20649999999998,81.99140000000013,79.91265,20.285922988625693,4.190335,4.0555947662739555
DKNG,DraftKings Inc.,21.335,USD,0.30559473436766,9423412,0.6714207035659779,10591847833.311235,USD,Consumer services,Strong buy,23.563906546750154,24.06984385503338,24.666819681527254,-4.541387024608503,-16.594996090695847,-38.32032379300376,21.52499999999996,23.35225000000003,23.952900000000085,26.105825000000017,nan,0.118475,42.920625191541525
FRO,Frontline Plc,47.545,USD,-0.8859703981655143,1934623,0.4004298494818939,10584605778.51772,USD,Transportation,Buy,45.87941615817667,43.829870681317864,41.36559716061075,-7.111458435088406,13.337306317044096,124.16313059877416,48.161,48.136249999999976,43.390499999999996,35.379824999999975,7.12028633899422,10.065567,524.5230078563412
COO,"The Cooper Companies, Inc.",55.29,USD,-0.1625135427952391,2800037,0.5771777691046512,10513686958.314192,USD,Health technology,Buy,62.97494778559255,65.34409613515213,67.17340811054638,1.4588494357280517,-23.863949325254755,-32.647094652210995,55.23000000000019,60.353249999999875,68.38389999999987,71.98222500000016,18.867731367731366,4.542298,44.2693974005514
TXRH,"Texas Roadhouse, Inc.",159.88,USD,-1.0337356855462803,799214,0.6405237841180935,10494672114.537914,USD,Consumer services,Buy,181.63302675248556,184.64683812840624,184.54072101833384,-4.572042497314072,-21.53513937966235,-3.5356582599251922,163.58600000000052,177.65925,193.26389999999978,179.84082500000034,25.6004611541664,6.595572,-4.7523182040019565
UHS,"Universal Health Services, Inc.",178.06,USD,0.6045539296005386,298556,0.3362579471794489,10492018242.917002,USD,Health services,Buy,172.58333581732947,170.21198442062447,170.528290861156,-1.684059411407438,1.072827382641775,-18.253603893122758,178.09400000000016,174.67649999999995,170.07000000000028,182.0091000000002,7.251062859376781,22.590288,29.3490513363463
MOD,Modine Manufacturing Company,197.145,USD,0.09900990099010998,721243,0.6177492450752594,10470904110.359407,USD,Producer manufacturing,Strong buy,198.87154476722623,207.2512523666245,213.34889243737763,5.79286289240677,4.221294142524854,44.71482052411365,196.157,187.06225000000006,198.62530000000004,212.99587500000018,74.29621254946298,7.513995,-23.959766162310856
ERIE,Erie Indemnity Company,224.56,USD,2.5575447570332455,67440,0.307561946779561,10457842122.902813,USD,Finance,Buy,242.28859716176234,242.8771616119624,244.34663105932995,-7.884157847239314,-12.90722928948184,-21.20701754385965,227.92400000000006,244.36850000000004,245.19479999999996,250.4875750000002,20.503643103668672,12.68,-7.666756592702501
ALGN,"Align Technology, Inc.",146.92,USD,0.8892703862660858,489288,0.5185973045633548,10437174516.58685,USD,Health technology,Buy,156.95600527381995,161.4834259512054,164.91870104555989,-1.7388978063135518,-7.510229776518733,-6.847577986304851,148.17700000000013,152.32875000000016,163.09960000000012,170.7729750000001,25.487032700147452,11.291788,-2.7613778212610978
RRX,Regal Rexnord Corporation,156.71,USD,3.705909602276483,584656,0.45817403397310114,10435611290.51565,USD,Producer manufacturing,Strong buy,166.23553712420255,174.8161831842906,181.3396451808856,5.6282016716095935,-4.105984579610807,10.475854776172023,152.72399999999988,155.82050000000004,174.6264000000001,188.5077999999999,32.284048536288914,10.628059,29.057215782197165
KNX,Knight-Swift Transportation Holdings Inc.,63.94,USD,-2.3816793893129806,2736305,0.6780004002630725,10406618429.144428,USD,Transportation,Strong buy,68.45677543325935,69.34632132777564,68.85890551264367,-4.066016504126043,-5.776598880047159,22.046192021378122,66.06400000000001,67.72050000000003,69.80600000000003,64.79299999999986,243.2103461392164,2.314902,-74.09852216748767
JKHY,"Jack Henry & Associates, Inc.",147.985,USD,0.15905245346870636,306877,0.24313386516745328,10375614570.317398,USD,Technology services,Buy,156.13541669158255,154.9203249133335,154.13490885401188,-5.028237710178398,-14.355576132878047,-18.65380386983288,148.94500000000008,159.05075000000062,157.87259999999972,158.6769999999998,21.221659759367878,7.366593,11.760557736998164
HII,"Huntington Ingalls Industries, Inc.",263.255,USD,-1.0319548872180468,158006,0.31376319641862843,10373457508.839869,USD,Electronic technology,Buy,284.6061688281977,292.6852600891945,303.6780528218332,-5.0066755674232315,-9.580972007556237,-22.58799658893757,269.22099999999966,280.3377499999999,295.2040999999999,345.5533249999998,15.695258422812989,18.659297,25.6208807669263
QRVO,"Qorvo, Inc.",117.54,USD,1.0314595152140302,395289,0.26337882391319734,10369570523.359465,USD,Electronic technology,Buy,107.21893850128802,102.9285394486473,98.90621739066592,-2.666445842994368,24.328326634228898,37.63466042154567,117.824,109.75999999999976,99.89000000000004,89.88357500000028,27.273360094670164,7.648126,402.999533146592
UMBF,UMB Financial Corporation,136.23,USD,0.9185865619675387,360617,0.46611090150465556,10346672662.891693,USD,Finance,Strong buy,140.20173076787367,140.0563218293366,137.81130142712618,1.5807918872567115,-5.605598669623062,18.33738707435718,134.56199999999998,138.47124999999994,142.85410000000005,129.68410000000011,11.345598094492516,13.249503,37.85490407687627
AVTR,"Avantor, Inc.",15.265,USD,-0.74772431729519,3256558,0.3466232482612734,10324617550.470743,USD,Health technology,Buy,14.406092865665254,13.539708731996138,12.57957554603215,-3.8122243226212897,7.273366127898806,32.508680555555564,15.089000000000002,15.049250000000006,13.947099999999994,10.636225000000001,nan,0.812773,-184.09136047666337
DDS,"Dillard's, Inc.",660.455,USD,1.3294159161693302,72338,0.4228670170975345,10315944520.044088,USD,Retail trade,Neutral,629.6208080481388,616.336023475566,606.367919166327,4.547037500197873,5.3088526053957645,8.92486063924531,649.4369999999998,641.13075,617.3751000000007,605.1631750000005,15.1238038099469,39.417239,20.41520869351818
NYT,New York Times Company (The),63.67,USD,0.9833465503568669,1535980,0.35362236613233466,10268925248.777798,USD,Consumer services,Strong buy,67.57420082117211,68.8941611492059,70.27110312050962,-8.716845878136198,-7.3486612339930115,-7.8448400636850515,64.91800000000005,67.61950000000002,68.70480000000002,73.752765,26.57012894879606,2.838287,23.367998352553553
BPOP,"Popular, Inc.",160.72,USD,0.7080644150635976,164176,0.28026698564642305,10250480220.897049,USD,Finance,Strong buy,165.96531473159132,165.46738463806724,161.9441176502795,-0.15530844256693793,-5.458823529411766,29.071635078702222,160.392,164.74949999999976,169.81260000000003,149.29022500000008,10.85139423401526,15.943648,43.684516880093135
CHYM,"Chime Financial, Inc.",27.02,USD,-0.18470631695604253,1837118,0.21328152863878713,10229369163.441448,USD,Technology services,Strong buy,29.473826606485765,28.011397450341253,26.300166753959886,-11.814621409921674,-18.146016358679187,6.967537608867767,27.817999999999994,31.514499999999998,29.194400000000005,23.475325,nan,0.458247,97.70790140520617
KRYS,"Krystal Biotech, Inc.",345.1925,USD,0.06739911873840908,95286,0.31210121819244246,10217295594.965229,USD,Health technology,Strong buy,344.1727383238079,340.4278316914111,330.0427847047021,1.5272058823529397,-2.5898072635945506,40.52780491776584,343.3265,348.5466249999999,343.3170499999998,299.1541875,43.26045817981302,7.607273,62.32479606159854
VSAT,"ViaSat, Inc.",74.07,USD,0.47476939772109916,352564,0.20506915712507193,10203573282.55955,USD,Electronic technology,Strong buy,74.5803127066057,73.61056667215081,70.67031592179427,-0.8300977373142383,2.448132780082982,111.14595210946408,74.56800000000003,72.59599999999998,75.31459999999998,60.00515000000002,nan,-1.42,94.73331169533701
AXSM,"Axsome Therapeutics, Inc.",194.74,USD,-0.6580625414477335,569469,0.923314365040491,10200640319.954905,USD,Health technology,Strong buy,209.4935749768641,212.72439005947905,211.51551645869344,-8.163169063900025,-4.7633020344287855,6.223749522718592,198.56200000000018,206.15625000000017,214.2869000000001,198.845375,nan,-2.689023,25.865672819056634
BIO,"Bio-Rad Laboratories, Inc.",379.01,USD,-2.2010631160654457,123341,0.41871427853677284,10181082444.25894,USD,Health technology,Buy,366.6599392854712,352.9612626613286,336.97508884823526,-1.0546925988774365,-3.5843296871025263,24.995053096761414,380.46600000000024,379.95950000000016,359.01659999999987,306.1797,45.91834262175915,9.640487,-29.659204213289247
ENSG,"The Ensign Group, Inc.",173.89,USD,0.35203139427515306,99485,0.2720231869791987,10134732125.608147,USD,Health services,Strong buy,174.2332748607201,174.41838693939084,175.4244963212771,-0.58884061285159,-2.7188811188811264,0.17282101503541847,174.68399999999986,173.54350000000014,176.3819999999997,181.82125000000005,27.24694453149483,7.794301,15.21519352975158
DCI,"Donaldson Company, Inc.",87.315,USD,0.825635103926101,169292,0.22555728806305883,10120773721.953463,USD,Producer manufacturing,Buy,89.79911117912498,90.090634443895,89.9613881101506,1.5054638456173004,-8.215074109113843,-1.6169014084507067,86.55500000000002,88.44475000000011,91.84750000000004,91.31297499999995,22.67097678766163,4.326667,26.25885129819041
BXP,"BXP, Inc.",63.355,USD,1.7424120764412936,499540,0.31525948290225025,10115358211.93817,USD,Finance,Buy,65.76119742459213,65.89820466247993,65.40301844693846,-0.5416012558869795,-11.76183844011142,-6.2379754328844115,63.28500000000001,65.08724999999987,67.49230000000001,63.102274999999906,34.03986675263271,2.12335,9299.999999999998
FORM,"FormFactor, Inc.",129.39,USD,0.271233725976437,542728,0.4748294328666329,10108040410.21567,USD,Electronic technology,Strong buy,117.49454012670752,117.25758562302569,115.56148932992717,13.499999999999988,20.02782931354359,123.66464995678477,127.002,111.02175000000004,112.00590000000005,106.40442500000005,88.70835047305636,3.04709,159.21450151057402
EVR,Evercore Inc.,262.05,USD,1.9927606741135737,625943,1.1101144000801626,10077872736.036663,USD,Finance,Strong buy,286.6220585967806,298.18833517329375,308.04721701696815,0.2333231334149379,-9.328396941282303,-23.161505981703026,262.21599999999927,276.9570000000001,298.38379999999984,326.83655000000005,14.818312391852615,19.546178,60.841488703750876
WMS,"Advanced Drainage Systems, Inc.",133.04,USD,3.2598571872089326,383179,0.45193274938189026,10031926427.81745,USD,Producer manufacturing,Strong buy,135.18283195490739,137.7110066064405,139.98656250642415,6.100964989233584,-6.402138736457011,-8.273579702151132,129.84600000000003,130.37600000000026,138.2665999999999,146.15445000000022,22.966044640853454,6.258743,4.580083766608902
CART,Maplebear Inc.,43.325,USD,0.15025427646787987,1350142,0.2903005395452892,10029739755.383728,USD,Transportation,Buy,46.883639623797485,46.5504211902357,45.56315075824389,-4.633502091129203,-15.90644409937888,-3.8290788013318413,43.903000000000056,47.47475000000004,47.49009999999992,42.62612499999998,23.853438308649455,2.333149,4.849044622755878
CLX,Clorox Company (The),82.8852,USD,1.3266503667481668,1260455,0.4050738068897143,10023391107.108309,USD,Consumer non-durables,Buy,91.47762573306096,93.85606514297189,96.21385685287848,-1.409301772332575,-21.12181195279787,-18.01661721068249,84.13103999999996,89.23176000000008,97.06430399999988,101.9127760000007,17.22576220462622,5.788971,-26.25068971859481
GMED,"Globus Medical, Inc.",74.48,USD,0.28275212064091554,833574,0.5057377482331541,9999826949.798306,USD,Health technology,Strong buy,77.7664071751341,79.06443177452877,80.29596165428224,0.7303218826075281,-9.721212121212115,-14.498909424865108,74.43800000000007,76.26749999999996,79.64139999999992,84.95035000000003,19.044696737240464,5.000397,50.93203658677782
SSB,SouthState Bank Corporation,102.84,USD,0.9224730127576032,318665,0.4993960984527991,9972861131.461824,USD,Finance,Strong buy,104.90635370398861,104.22302825729315,102.80934290990206,-0.11655011655010718,-3.2913296971976678,9.392617806616315,102.36799999999997,104.7345,106.01579999999996,99.49103500000001,10.79787066494472,9.451907,41.60756501182035
MOH,Molina Healthcare Inc,190.19,USD,-1.613987895090789,343274,0.6092895922686601,9927918019.677202,USD,Health services,Buy,199.98619175629568,199.97187304948628,196.71314974731544,-7.432103572471531,-4.590147486706133,9.304597701149424,192.37200000000067,199.7060000000003,201.52079999999944,181.09974999999983,nan,5.240921,-100.92903989348588
VIAV,Viavi Solutions Inc.,40.19,USD,7.950577491270485,5106088,0.9102678061207202,9916875632.184261,USD,Technology services,Strong buy,38.56044294006574,39.37908297645664,39.37808620503827,12.51399776035834,6.576504905860506,122.65927977839333,37.28999999999998,36.16549999999999,38.05279999999999,36.16860000000001,nan,1.643738,-204.1015625
ONON,On Holding AG,30.095,USD,-1.198292843072889,7757580,0.524072263844394,9912465692.797276,USD,Consumer non-durables,Strong buy,30.241320053959083,31.794878247801485,33.66575398061304,6.136483865279486,3.7400896242674846,-35.74935952177626,29.485000000000003,28.04975000000001,31.79569999999998,38.47032500000002,20.172263556538642,1.7209930122,226.7411300919842
DRS,"Leonardo DRS, Inc.",36.985,USD,-1.6094706038840223,342559,0.2943720094162195,9870982537.788506,USD,Electronic technology,Strong buy,39.0691281493087,40.44054337519745,41.413137578389644,-0.040540540540542076,-3.028316727844785,8.396834701055107,37.41699999999994,37.07349999999997,41.4596,42.143699999999995,30.85168501835168,1.380476,28.84780739466897
AM,Antero Midstream Corporation,20.795,USD,-2.048987282147898,943034,0.34900136286965144,9870845850.569714,USD,Industrial services,Buy,21.72970148600331,21.848476396431927,21.786053340624033,-1.9103773584905548,-4.126325495620099,16.82584269662922,21.112999999999985,21.847249999999995,22.030100000000015,21.20877499999998,24.95799327892463,1.09265,-11.39940450871969
CGNX,Cognex Corporation,58.53,USD,1.438474870017328,935463,0.5895179128211259,9846141862.392376,USD,Electronic technology,Strong buy,61.94344744351939,62.23105917013577,61.22136781296016,-4.8447406925703085,-2.238182729246695,60.66428767499314,59.07600000000002,60.57149999999997,62.198799999999984,55.14749999999998,56.6711851278079,1.680764,44.54863540937718
WTFC,Wintrust Financial Corporation,145.93,USD,1.115576496674067,107566,0.24208044337229223,9845308811.598255,USD,Finance,Strong buy,151.9182772111018,153.12412978399385,152.74201387779763,-1.3052887866901168,-4.10067687454819,4.526896354129355,145.14800000000005,149.5325000000001,155.02790000000002,149.84502499999996,11.724581207568393,13.136314,17.676256748196543
CFR,"Cullen/Frost Bankers, Inc.",157.89,USD,1.0754753216823367,196265,0.3608073820052408,9812672027.673325,USD,Finance,Buy,160.86736740217995,159.3293356816296,155.79900346330302,-1.0466282276259813,-3.678623718887263,24.83396584440226,156.64999999999992,160.33199999999997,163.21800000000007,145.87649999999988,14.932473329802525,10.992853,13.85622604126288
OC,Owens Corning Inc,123.51,USD,2.3111332007952337,290842,0.2663639519112151,9763302956.256462,USD,Process industries,Strong buy,134.1487069420267,135.29736094041107,133.98123093546403,-0.2342487883683296,-16.383454065398418,10.011579228645239,123.072,129.44350000000003,139.9422000000001,126.05885000000004,nan,10.029611,-314.5313117996045
ONB,Old National Bancorp,25.49,USD,1.5942606616181692,1954787,0.43887981983805213,9751709545.85811,USD,Finance,Strong buy,25.766242935662827,25.704920927549807,25.382636642220074,0.7111813512445663,-0.6625097427903418,14.253697893321382,25.11999999999994,25.48649999999997,26.08839999999995,24.375725000000024,11.352097621804576,2.610422,33.31354271804312
BRKR,Bruker Corporation,64.0,USD,0,1630306,0.6382192530893115,9750996094.0,USD,Health technology,Buy,59.27745180727224,57.949302186098244,55.60171431570031,0.9941612750512901,13.757554212584434,35.621953803771994,62.092000000000006,58.590999999999994,58.47339999999999,48.85705000000003,nan,2.123919,-234.26226379079975
PAYC,"Paycom Software, Inc.",220.0725,USD,-0.3339975544585894,214165,0.2564530270593778,9745972644.78692,USD,Technology services,Buy,213.89727333444316,200.42965877181686,185.55443320666006,-2.540852929453971,-2.974825853099375,38.03706956030859,222.68250000000003,226.83312499999997,205.52465000000004,153.4378624999999,23.38833094213295,12.090225,27.296463648908244
AMG,"Affiliated Managers Group, Inc.",376.77,USD,1.6347009792020724,145419,0.5050294920914519,9743247053.542282,USD,Finance,Strong buy,364.2435536876377,358.86608223658936,348.1566937864679,6.6611935228173405,2.9060716139076246,30.483116883116878,367.7179999999999,360.30999999999983,362.68599999999947,321.1499500000001,13.149867374005304,36.951304,115.62311860325106
FDS,FactSet Research Systems Inc.,273.8,USD,0.9400921658986218,185793,0.2644074396070228,9737845982.529034,USD,Commercial services,Buy,278.7654066926013,273.16304555020133,266.30346385000223,-1.4079435382233152,-6.062373486122076,-5.111765725177612,276.9999999999999,285.8939999999992,280.7982,249.64555000000027,18.044617260355224,17.840647,9.523534549339184
RYAN,"Ryan Specialty Holdings, Inc.",37.95,USD,3.293413173652697,879627,0.364696716681846,9708171663.098803,USD,Finance,Buy,40.295785025072135,40.20136749379291,40.11602619793845,-4.624277456647389,-13.276965265082257,-25.965665236051493,37.872,40.046,41.79720000000001,40.47555000000001,55.70233377366799,2.160821,2862.1739130434785
MSGS,Madison Square Garden Sports Corp.,401.17,USD,-0.3304347826086917,94755,0.3108437576681683,9660343927.313393,USD,Consumer services,Strong buy,395.76310357977906,391.00285397251713,379.2514166674768,1.949174078780182,-0.8893939768263375,55.3537544049878,399.03599999999966,393.1645000000002,396.5884000000002,340.85039999999987,1290.3505950466388,-0.8613,nan
FRT,Federal Realty Investment Trust,110.31,USD,-0.03624830086088994,391906,0.4263081744292763,9642807823.54282,USD,Finance,Strong buy,115.0281340050537,116.31989118449832,116.17025692781617,-1.3680257510729623,-6.294597349643218,11.031706089582295,110.228,113.915,118.17539999999997,112.23630000000036,22.271350696547547,4.261305,25.62138581718576
HSIC,"Henry Schein, Inc.",86.07,USD,0.6313574184496575,690076,0.5356261610746985,9592203632.188353,USD,Distribution services,Buy,86.97350077844007,86.1142249518176,84.36056256719368,1.4497878359264376,-4.334778259419813,13.773959021810953,85.85599999999992,87.68850000000005,87.79619999999998,80.04045000000002,25.081594591444222,5.384536,10.347932342915946
DAR,Darling Ingredients Inc.,60.76,USD,-1.5873015873015939,1045364,0.43081779525872277,9588105526.666666,USD,Consumer non-durables,Strong buy,63.34494404802941,62.567632512018385,60.84782312955182,-8.328304164152087,-1.6510197474911024,67.61379310344827,61.75000000000006,65.02850000000005,63.706399999999995,55.57177499999999,16.32718869242758,6.722717,470.41692213366036
DPZ,Domino's Pizza Inc,289.09,USD,-1.3445722280995114,347991,0.4372316390001619,9564522577.566666,USD,Consumer services,Buy,316.75593785223947,322.51015491198166,330.3572142098253,-2.5386015777762894,-16.815814462060832,-30.623950083993286,294.3210000000009,317.61674999999923,333.67199999999997,357.0394249999996,16.390180292550173,18.972835,2.40302831497728
BSY,"Bentley Systems, Incorporated",31.64,USD,-0.8150470219435675,908664,0.2851093775238686,9558218791.637619,USD,Technology services,Strong buy,33.21875944391218,33.406432873763514,33.79947700192341,0.44444444444444625,-12.693156732891834,-17.302665969681126,32.016,32.98299999999999,34.212199999999996,34.78032499999998,34.8726992174584,1.39956,15.934065934065938
FCFS,"FirstCash Holdings, Inc.",218.68,USD,1.0536044362292056,116762,0.3156969480176945,9484544839.996302,USD,Finance,Strong buy,219.41751840470548,217.8595854760303,214.31228904961043,-0.3735763097949855,-4.58571490902744,37.422233394080315,217.708,220.54800000000017,214.96009999999995,201.08717500000014,24.9344370709904,11.301825,34.81622676894226
ALSN,"Allison Transmission Holdings, Inc.",114.785,USD,1.8139081071491945,276601,0.3043783891684822,9478720265.809607,USD,Producer manufacturing,Buy,121.64524452934681,121.47928657396234,120.2353025697117,-4.202136538140541,-13.114071606994184,17.008154943934763,115.271,122.6027500000002,122.37970000000007,117.12052500000007,18.222733767264643,8.142492,-28.496832928462773
AYI,Acuity Inc.,316.44,USD,2.258846340281147,219558,0.633916517203905,9472804826.91304,USD,Producer manufacturing,Strong buy,324.7789842411087,325.9184546073858,323.8370114879835,5.698443449796247,-6.959513098703366,-12.896033471881973,309.8359999999998,316.2564999999998,332.55020000000013,315.6927,20.991044776119402,19.814944,18.78683770920667
PODD,Insulet Corporation,136.46,USD,0.5008101340403645,573244,0.40884775049363575,9464073315.933424,USD,Health technology,Buy,143.1531414735546,148.42515700141416,159.47631094145393,-3.3911504424778705,-3.4048276350251307,-52.196454844811875,137.72799999999984,141.18199999999985,148.31300000000002,197.43644999999998,27.052852781412316,6.5018,53.510453756961574
FLS,Flowserve Corporation,74.3,USD,-2.2882693319305747,673179,0.44648375118538763,9444479497.131771,USD,Producer manufacturing,Strong buy,75.7130596019813,75.76019260729757,75.51273280279419,0.053864799353611686,-7.93060718711277,6.2795022171363195,75.63599999999997,75.38099999999991,76.15960000000004,76.33795000000008,26.054634077918433,4.116589,29.30534143466038
GLXY,Galaxy Digital Inc.,24.16,USD,-4.088924176260425,2457832,0.487979806976301,9443880539.947598,USD,Finance,Strong buy,24.172465740289265,24.33706751585385,24.64861619913536,6.1278278058422995,1.2573344509639595,5.548274355613803,25.675999999999995,24.645000000000003,23.09650000000001,24.999750000000027,nan,-0.729058,71.4400987279286
MUSA,Murphy USA Inc.,512.05,USD,-1.3923124325989866,87160,0.3165184423922635,9411657829.971788,USD,Retail trade,Buy,532.043594758355,538.5574862226139,535.422104883411,-2.4778120595741426,-5.170657629127557,27.144737168822765,510.93799999999993,518.2064999999999,554.7929999999999,502.2363,15.590319113630759,34.90641,35.93962120459587
MTCH,"Match Group, Inc.",40.755,USD,-0.1102941176470456,1073643,0.2739620638468842,9355349999.110662,USD,Technology services,Buy,40.92798327352462,39.98737910270345,38.72672605781015,-7.185151446139819,-3.447050461975831,25.59322033898305,41.38100000000003,42.13325,40.24629999999999,35.316975000000006,14.390381695561597,2.782247,39.471092287993685
APTV,Aptiv PLC,44.8,USD,2.7994492886645226,1509314,0.34083323592965464,9301973632.822395,USD,Producer manufacturing,Strong buy,47.643925442594956,50.23623444214946,53.18588426263957,3.0832949838932264,-3.531438415159347,-31.16656767271875,44.34599999999996,44.85800000000002,49.062000000000026,59.64450574854998,42.49667994687915,5.750689,-75.87201318319143
ARWR,"Arrowhead Pharmaceuticals, Inc.",65.84,USD,-0.34811563493263176,826668,0.2907877533059173,9300194315.86136,USD,Health technology,Strong buy,77.03692278285655,78.12524424003267,76.84062275456489,-2.933805100987756,-25.562464669304692,-0.6938159879336256,67.904,76.623,82.20920000000002,72.59082499999998,nan,-3.550846,-77.55877463785323
KYMR,"Kymera Therapeutics, Inc.",111.8175,USD,-3.4474570417062487,397954,0.50090235781099,9297694200.620283,USD,Health technology,Strong buy,114.02575427217454,111.0265002430319,105.57172591199514,-6.0830673609944625,-11.424667300380229,44.56043956043956,116.56550000000001,116.81687499999995,114.65434999999991,92.46728749999998,nan,-3.845869,6.7318757192174905
ESTC,Elastic N.V.,88.51,USD,-3.0346187554776467,989632,0.5548895961845285,9292778033.388914,USD,Technology services,Strong buy,84.2856256351604,79.47908557988266,74.41458958833492,-1.0950944239579727,11.967109424414938,17.325026511134688,89.99999999999999,89.5234999999999,79.57740000000001,64.70762500000005,24.78508022738092,3.3594,nan
OGE,OGE Energy Corp,44.615,USD,0.7565492321589902,1158791,0.7129482886370307,9216623712.085817,USD,Utilities,Buy,46.17695646275565,46.63425731521073,46.8908500512297,-3.0740821203562874,-3.1161780673181223,4.656345296739384,44.75300000000004,45.930250000000036,46.834100000000035,46.618475000000025,19.540557112824107,2.425364,-6.226384097256455
TTC,Toro Company (The),97.12,USD,0.28913672036348737,307482,0.302934319699243,9193706715.23668,USD,Producer manufacturing,Buy,95.4549416065183,95.20267746915765,94.43067448635365,5.553744158243668,-2.8799999999999955,23.421019189223546,95.6900000000001,94.88749999999995,95.87579999999998,92.86970000000036,26.00476611240528,4.633985,13.265398962787742
PTGX,"Protagonist Therapeutics, Inc.",142.03,USD,3.414882772680936,399663,0.5255251760646026,9190517114.710499,USD,Health technology,Strong buy,143.28447902308574,138.96929119525032,131.1100911032089,-0.7407925082116167,-5.540037243947866,64.120637855327,141.62399999999994,144.619,144.60060000000007,110.02737499999999,136.94918522803974,4.670262,45.53746842548413
SNAP,Snap Inc.,5.425,USD,-0.09208103130754869,12438346,0.3813074913574852,9174747641.390423,USD,Technology services,Buy,5.3767233574411835,5.309057412850998,5.344973005190406,-3.8120567375886503,-9.128978224455611,-34.08262454434995,5.492999999999998,5.553249999999996,5.260100000000002,5.683775000000008,nan,-0.048069,42.927278306228914
JAN,"Janus Living, Inc.",29.795,USD,-1.3410596026489985,575779,0.26025605827055487,9173606236.03841,USD,Finance,Strong buy,30.232954735588013,29.80054045839202,28.65136224211303,-2.9162593678722697,-5.29243483788938,29.543478260869573,29.88699999999998,30.542250000000006,30.544500000000006,nan,nan,0.134073,nan
ZIONP,Zions Bancorporation N.A. - Depositary Shares each representing a 1/40th ownership interest in a share of Series A Floating-Rate Non-Cumulative Perpetual Prefer,17.5602,USD,-0.2261363636363816,4444,0.7691642002873116,9168789646.0,USD,Finance,,18.020916630857773,18.184334385005208,18.444305675858203,-2.1715877437325966,-2.614839421685157,-12.461615154536394,17.54365999999999,17.842819999999957,18.116597999999943,19.061973999999974,2.236968152866242,8.009558,43.201138312233205
GKOS,Glaukos Corporation,155.17,USD,0.18724173553718496,379119,0.450027758828073,9152537686.06973,USD,Health technology,Strong buy,166.13965785406958,162.54735452794748,154.71426698923923,-3.381070983810714,-13.847093442896021,35.55516729274045,156.98599999999988,169.61699999999988,171.24839999999998,133.72169999999983,nan,-0.306772,-96.75336431114599
AAL,"American Airlines Group, Inc.",13.805,USD,3.4082397003745326,60102674,0.7655346954438526,9138494864.519476,USD,Transportation,Buy,13.813203485736887,14.059485852403585,14.107023371210328,6.437933693138004,-2.0921985815602833,-10.182173064411188,13.537,13.154750000000002,14.164899999999996,13.891100000000028,nan,-0.165818,-163.46104397017228
ORI,Old Republic International Corporation,37.735,USD,-0.5403268318397425,587389,0.3735696257403323,9110470995.70651,USD,Finance,Buy,40.49741750683423,40.78112849478377,40.85900631573015,-6.271733730750121,-10.538169748696065,-11.936989498249714,38.38700000000004,40.53424999999997,41.79209999999996,41.19432500000002,8.264345159877355,2.9835,29.326460091769093
QGEN,Qiagen N.V.,44.16,USD,-0.8976660682226338,831507,0.4729799602666054,9100261364.33752,USD,Health technology,Buy,42.95944042933044,42.30189202831349,41.92241286055121,-0.3160270880361187,1.8215356237030187,-6.6902506072193875,44.17999999999992,43.33500000000018,42.750200000000184,42.72876906644993,22.42990654205607,2.425457,9.469001946066173
R,"Ryder System, Inc.",236.52,USD,0.11428571428571861,74167,0.3037815928023337,9069800889.984,USD,Transportation,Strong buy,246.34629401025498,248.6991235486769,246.42359234451789,-2.029657857675411,-4.590560709963693,23.62533974492997,236.88200000000046,241.55000000000024,252.99020000000067,230.74834999999987,19.438349071722676,14.673182,3.8793508234229437
LLYVA,"Liberty Live Holdings, Inc. - Series A Liberty Live Group",96.0,USD,-0.4407570650764814,18989,0.11141373224561832,9066885149.867771,USD,Consumer services,Strong buy,96.52501347402249,96.78912703543777,96.1499528111826,2.192889078134982,-7.701182578598216,17.259069256137774,95.619,95.80500000000008,98.32639999999999,92.85972499999997,nan,-7.69,nan
CAI,"Caris Life Sciences, Inc.",32.06,USD,-0.6507592190889396,1763566,0.2795090613018489,9060001738.446856,USD,Health technology,Strong buy,26.123228280578356,24.118487733115316,22.667903883268426,5.843512710465511,15.740072202166075,18.302583025830263,31.620000000000005,27.50399999999999,23.018400000000007,21.13217500000003,86.11334944936878,0.121033,nan
IBRX,"ImmunityBio, Inc.",8.545,USD,-1.0995370370370443,3674244,0.2950770040808753,9056301575.145832,USD,Health technology,Strong buy,8.11087363734228,7.97697830739348,7.738546982038714,1.0047281323876958,4.589963280293758,323.019801980198,8.711,8.249249999999998,7.8366,7.030524999999999,nan,-0.96,-96.55242344352058
JXN,Jackson Financial Inc.,133.22,USD,2.3588167499039514,272471,0.23969300547112432,9022822919.880753,USD,Finance,Buy,132.0964442771176,128.46118173139317,123.81223153855994,3.2713178294573635,1.8657287046949058,25.12444820137128,130.908,134.96249999999995,130.93500000000003,115.24019999999986,183.0196455557082,27.07525,nan
RRC,Range Resources Corporation,38.54,USD,-1.5329586101175305,1526206,0.5182826174289928,9006008547.38835,USD,Energy minerals,Buy,39.70250324570338,39.67273428007755,39.62689716641296,-1.3565395444074766,-5.353634577603143,10.366552119129432,38.51799999999999,40.5225,39.94179999999997,39.338899999999995,10.635538261997405,4.080289,82.40712775596496
CYTK,"Cytokinetics, Incorporated",64.76,USD,-1.3706975327444282,972544,0.4574044289043193,9003157326.010967,USD,Health technology,Strong buy,71.70963467409679,73.0502670803932,72.94219237335017,-7.722998005129669,-16.878449493004737,2.5332488917036233,66.276,70.55400000000002,75.13830000000002,70.04575000000003,nan,-6.053118,-41.03370172218533
HLI,"Houlihan Lokey, Inc.",128.45,USD,0.7530002353125687,370572,0.4048524345585688,8978338898.544592,USD,Finance,Buy,132.43514475383444,134.30583252517297,138.20172517091817,-2.349095332218339,-0.2097576134244952,-26.25021530688408,129.892,133.2095,132.2134,150.77269999999996,21.575543797766016,6.935941,0.3742855697739075
LTH,"Life Time Group Holdings, Inc.",40.105,USD,0.6146512794781672,926879,0.22093795566953128,8961942037.001505,USD,Consumer services,Strong buy,41.78464718321577,41.12696397548103,39.32964870139929,-2.063492063492078,-10.897578315929797,51.91287878787878,39.54699999999998,41.37275,43.01830000000002,33.419055000000014,21.928481600962325,1.596099,79.02310101801095
VMI,"Valmont Industries, Inc.",463.755,USD,-0.34275276673472166,159726,0.8352974707209739,8952724193.27593,USD,Producer manufacturing,Strong buy,482.35628820080126,488.91394679926856,489.1938127193293,-2.4802859846493566,-2.276845920431559,15.10710119387426,467.45499999999976,473.2397500000002,483.5578999999996,473.1157249999991,18.054495764295503,23.099448,139.09672254749557
SOLS,Solstice Advanced Materials Inc.,56.26,USD,0.4463488662738797,793207,0.3835837470249793,8939119334.512053,USD,Process industries,Strong buy,60.59235156880141,63.07433069395505,65.15862272133546,-4.368519462859085,1.88337558855487,15.976087404658834,57.365999999999985,60.09899999999997,59.73480000000001,68.95467500000001,42.68912664086805,2.888952,nan
TGTX,"TG Therapeutics, Inc.",57.47,USD,-0.08692628650904774,454523,0.2273426272165222,8796878144.638212,USD,Health technology,Strong buy,54.78804210664763,53.070260906535175,50.12545624115738,0.8599508599508635,3.5495495495495475,94.41813261163735,57.25200000000001,55.80375,53.606200000000015,40.71474999999995,20.93243489346203,1.00331,633.6985569214324
CTRE,"CareTrust REIT, Inc.",37.2071,USD,-0.30251875669882994,578828,0.25031126308573104,8791784562.20403,USD,Finance,Strong buy,38.71970314154173,39.1620606835155,39.29327543241133,-2.3179312155421536,-6.749122807017549,3.1096023278370404,37.361419999999995,38.44635500000001,39.90454199999997,39.05028549999995,23.450838270515565,1.537886,32.349015682349005
VOYA,"Voya Financial, Inc.",96.955,USD,0.9001977312935736,341518,0.24867057450869945,8783768937.170153,USD,Finance,Strong buy,99.99708098448667,98.14562921873653,94.52722905367251,-2.8214894256790597,-3.170877858783579,30.193366456291123,97.79699999999995,101.16624999999996,100.23410000000001,83.70592500000006,16.349364271019528,9.124281,18.72509960159362
SIRI,SiriusXM Holdings Inc.,26.005,USD,-2.3469770935035674,2675874,0.5787463310004834,8765424315.568531,USD,Consumer services,Buy,28.05805274308043,28.203642541777228,27.80236742761201,-6.254506128334533,-9.263782274947665,29.442508710801388,26.576999999999998,28.176999999999964,29.041499999999942,25.516199999999998,10.243028202300298,2.980215,nan
EAT,"Brinker International, Inc.",209.27,USD,1.2384500024188487,348460,0.18382920248692225,8740164101.208939,USD,Consumer services,Strong buy,212.23075083530347,206.01263704014355,195.10314206321794,4.5200279692338485,-15.874738703971692,44.383882986063206,206.77800000000008,215.30750000000006,218.49699999999996,168.48299999999992,19.208069830838284,13.250304,31.088544236021708
BAH,Booz Allen Hamilton Holding Corporation,72.445,USD,-1.8626388512598215,613275,0.41259890112218967,8714044843.606676,USD,Commercial services,Buy,74.20412047709698,73.94482315205677,74.69195529218209,-8.076386245400341,-1.8759311932818707,-14.001661918328589,75.11500000000017,75.55625,74.01549999999999,78.36467499999999,11.376234669681693,6.409309,-21.793753914549225
AAOI,"Applied Optoelectronics, Inc.",102.22,USD,1.1778679600118753,4312480,0.6194411097011808,8679120669.675938,USD,Electronic technology,Strong buy,111.16097192810017,116.13012427440096,117.60653310342167,1.1378252696151239,-7.5684962474003115,181.24914018434447,103.99600000000002,103.274,111.71659999999994,107.01475,nan,0.74,76.82331945270673
ESI,Element Solutions Inc.,35.615,USD,3.2318840579710204,2227473,0.47087117550466107,8679051499.505653,USD,Process industries,Strong buy,35.68835248225929,36.58411695683371,36.93842840307252,6.536045468142394,-0.09817671809255706,41.38547042477173,34.83899999999996,34.34274999999999,36.07049999999997,35.744375000000005,48.52840986510424,1.812943,-25.906108026249374
ARE,"Alexandria Real Estate Equities, Inc.",49.74,USD,-1.4659270998415113,708875,0.34711763942278995,8667073485.81062,USD,Finance,Buy,51.29006937343224,51.079025265906296,51.05139105555685,-12.275132275132277,-5.741898806139854,1.9471203115392557,51.85400000000004,52.08399999999987,51.192399999999964,50.25909999999941,nan,1.510062,-4488.115064345193
MP,MP Materials Corp.,48.66,USD,-1.2981744421906705,2598330,0.5399573487870364,8666423382.231237,USD,Non-energy minerals,Strong buy,51.25452840623688,52.23193800658799,53.513419960377426,-2.660532106421295,-19.570247933884303,-5.477855477855478,49.57800000000001,51.625000000000014,50.92040000000003,56.99414999999998,nan,0.035543,43.46421069639684
TTEK,"Tetra Tech, Inc.",33.83,USD,0.5648038049940479,894727,0.3951894785158037,8661983031.50119,USD,Industrial services,Strong buy,34.95124656583193,34.241332752924215,33.53050570519387,-6.443584070796456,-8.020663404023933,0.6246281975014898,34.757999999999996,35.76824999999997,34.94470000000001,33.05074999999999,20.348872180451124,1.57707,106.08652535019216
SPXC,"SPX Technologies, Inc.",172.5,USD,0.011595547309838958,302713,0.4363141326845355,8639810844.199327,USD,Producer manufacturing,Strong buy,193.86032618398315,200.63027927842003,205.43299730540423,-4.315509207898825,-15.087373861678564,-14.4514977187066,174.88400000000007,185.79650000000012,201.21640000000014,212.6193,30.232924969767073,8.406974,27.513073794305647
SAIA,"Saia, Inc.",323.345,USD,-2.9635075925814776,229972,0.7322195448733296,8625114798.375399,USD,Transportation,Strong buy,355.45027099341013,369.66364132907563,380.0141002652066,-5.332884412694687,-5.886718863695889,-1.1207608330020378,339.3669999999999,345.12225000000046,365.8069000000004,388.76380000000006,31.18532092395236,11.350106,-4.220629260812543
PNR,Pentair plc.,53.85,USD,1.5462945502545735,821241,0.30736104938871817,8596503663.858194,USD,Producer manufacturing,Buy,59.84870388319661,63.271884073300065,68.20928512060887,-3.3907427341227137,-13.757206918641891,-48.33045480713874,54.67999999999988,57.318,61.935200000000016,82.32674999999985,13.551601781714774,4.651147,8.53545285698678
PBF,PBF Energy Inc.,72.23,USD,0.45897079276773056,934040,0.18946996970760518,8561916547.917106,USD,Energy minerals,Buy,71.57659151130653,67.21013648083134,61.32043138819951,-5.680334290937575,10.918304668304668,164.28832784485917,71.70400000000002,74.3495,70.23519999999996,47.06665,6.386666077191742,20.111887,nan
RIOT,"Riot Platforms, Inc.",22.815,USD,-2.8321976149914785,10959947,0.6384412855972204,8561532586.672486,USD,Technology services,Strong buy,21.813322796072576,21.63819555730101,21.229470047986403,0.7729681978798618,9.11047345767576,75.3651037663336,24.019,21.54125,21.006200000000003,19.204025000000005,nan,-2.553149,-701.7460659624919
BRX,Brixmor Property Group Inc.,27.895,USD,0.5950234403173428,1419814,0.3942097221132065,8560203070.047059,USD,Finance,Strong buy,29.05361763983281,29.525585996921215,29.72992266523789,-0.21463065641208628,-5.504742547425474,6.8364611260053625,27.863000000000067,28.550749999999994,29.862900000000046,29.333174999999994,19.90367463432037,1.052069,28.22506861848125
MXL,"MaxLinear, Inc",94.29,USD,10.526315789473689,3153748,0.9776168001341121,8551460065.105265,USD,Electronic technology,Strong buy,78.27228731537697,76.48447141290409,72.11590440676719,23.919043238270472,43.88829543720434,428.82781828379143,87.466,71.91499999999999,71.453,51.723,nan,1.75,51.948786299931335
WLK,Westlake Corporation,66.89,USD,0.19472738166566123,301067,0.48680817073624266,8548311297.632414,USD,Process industries,Buy,72.56631346372637,75.35290163984352,78.95714650798908,-4.483792660288448,-10.178595407546661,-10.299047874480346,67.72800000000012,71.37749999999997,74.38420000000008,88.48511499999987,nan,3.02244,-1710.041525103813
ALV,"Autoliv, Inc.",116.615,USD,2.365695224719095,570560,0.7706335873387883,8540558361.778659,USD,Producer manufacturing,Strong buy,120.19051124729255,120.48616346843397,120.2348711641485,-0.3460946846692883,-5.98597226701065,-3.790941341473475,116.49100000000001,119.1572500000002,120.66010000000004,119.18307499999996,13.731851206386962,10.126197,-7.086433260393877
IDCC,"InterDigital, Inc.",330.54,USD,0.7651739170197994,100216,0.40998401235810356,8529917649.295311,USD,Technology services,Strong buy,328.0130856288212,321.1816614331394,316.2416407966867,2.2868636855949385,-4.210739849885523,3.7834782881723164,329.116,332.81599999999986,320.83729999999997,318.01252500000015,38.138203971431544,9.0725,-38.22946660204693
KTOS,"Kratos Defense & Security Solutions, Inc.",45.425,USD,-3.3921735431731306,2077600,0.5233269406976068,8527241440.754464,USD,Electronic technology,Strong buy,49.675987691411066,51.69805334546006,55.17697049573019,-5.737704918032788,-13.311068702290079,-40.6596995427825,46.83300000000003,47.83524999999993,51.59529999999999,69.78189999999994,261.21334100057504,0.83232,86.58798283261801
CUBE,CubeSmart,37.855,USD,0.6514224940175417,1151836,0.3848248376723389,8523516987.337943,USD,Finance,Buy,39.68761168444633,40.00434617202731,40.05787887526094,-5.24405506883606,-6.761083743842375,6.6338028169014,38.37700000000008,39.31575000000005,40.55969999999994,39.288324999999865,25.88022150816982,1.568642,-10.854461238420292
WAL,Western Alliance Bancorporation,78.015,USD,2.301337529504321,602758,0.4952769570061758,8511504473.100708,USD,Finance,Strong buy,79.50203182667138,79.85165177431544,80.07965979506011,-1.3716814159291957,-2.4812499999999993,-7.312581679933469,77.25500000000002,78.67074999999997,80.29990000000005,81.33582499999997,8.789630230514433,8.985894,16.700852003786686
PRI,"Primerica, Inc.",276.25,USD,0.6521897544268821,63641,0.27623868140205854,8502242526.839067,USD,Finance,Buy,292.33693692216815,293.2244443042723,290.2881158315922,-3.8260687926472667,-7.255086282145979,7.244070033774613,277.31600000000003,288.1495000000001,302.0290000000001,276.33939999999996,11.090101808138227,25.249165,23.365541286766344
AVT,"Avnet, Inc.",103.225,USD,2.2941234763650753,478115,0.3362611729836795,8471983168.391636,USD,Distribution services,Buy,95.41637174837359,92.67973643044998,88.42527674759198,10.036243470845317,17.688975031353326,112.39711934156377,99.80299999999997,94.15875000000004,92.25719999999993,75.15967500000002,25.868334001603845,11.612,46.114976199194444
COLB,"Columbia Banking System, Inc.",29.695,USD,1.7649074708704613,1024536,0.36612890908389834,8400783373.122688,USD,Finance,Buy,30.442450838247954,30.584939395440838,30.45003980914336,-0.5192629815745431,-3.179002282360617,5.86452762923351,29.39299999999998,29.872000000000032,30.897199999999984,29.819674999999982,11.848615433724362,3.029862,-0.5002382086707934
FR,"First Industrial Realty Trust, Inc.",61.255,USD,-0.1711212516297211,268691,0.22574830044568087,8393830758.393743,USD,Finance,Strong buy,62.273996575412696,62.593016623125074,62.44029880799697,-1.6141985223257236,-4.259143482338222,7.126617698495982,61.515,61.611249999999984,63.41449999999995,61.38717500000001,22.305367416794116,2.545086,34.28194220331523
WYNN,"Wynn Resorts, Limited",81.44,USD,1.5587978550941513,1327914,0.554277115517037,8386194037.185683,USD,Consumer services,Strong buy,89.94004446206209,93.12847761298507,96.40799215544365,-1.678135941084149,-17.729063541771893,-32.17854763491006,81.78199999999995,87.1287500000002,94.4921,104.27397499999994,19.506119613901465,4.622215,23.166558499026475
PCVX,"Vaxcyte, Inc.",56.21,USD,-1.2126537785588711,448848,0.302743154557932,8364345159.252549,USD,Health technology,Strong buy,58.16512349886639,57.6249073118624,56.65211836226995,-6.890839821103191,-7.905300237568601,22.64891992144884,57.50899999999998,59.35500000000006,58.478500000000004,54.8248250000002,nan,-8.206667,-83.87235260446478
ADC,Agree Realty Corporation,67.21,USD,0.04465614766297547,560618,0.3491585430952503,8359533504.335366,USD,Finance,Strong buy,71.51564230359907,72.9476442322329,73.99687675322286,-1.5526585615936757,-9.566738428417654,-6.808097615085982,67.29000000000003,70.30149999999996,74.14160000000007,75.19645,36.20448179271708,1.899142,10.717480765789942
REXR,"Rexford Industrial Realty, Inc.",37.44,USD,-1.4477494077388897,922743,0.28440276261276876,8348675905.819425,USD,Finance,Buy,37.35024162509579,37.007954327587775,36.771012233769376,-2.296450939457209,-0.2663825253063437,-3.3806451612903285,38.105999999999995,37.722,37.421399999999934,36.77855,nan,-1.195,-234.26552621792487
KNTK,Kinetik Holdings Inc.,51.08,USD,-2.778835173201372,583036,0.3957648848300264,8294326328.673774,USD,Industrial services,Strong buy,52.577632997698345,51.80755105953416,50.497921176812994,-4.398278120905861,-5.547337278106509,41.69209431345354,52.43400000000004,53.87350000000002,52.539799999999985,46.46529999999998,18.497863402621856,1.389041,281.67242570836214
VIRT,"Virtu Financial, Inc.",53.34,USD,1.2913026965438794,948532,0.8976605871022686,8278380300.8158,USD,Finance,Buy,59.3935604279033,59.12650066643351,57.244742520738264,-6.289529163738577,-17.83733826247689,59.22388059701494,54.287999999999975,59.928499999999985,59.71200000000002,49.28038500000003,8.853405922188289,7.166751,36.75943160666454
AGCO,AGCO Corporation,118.12,USD,1.6435762843128914,368091,0.35105550503492283,8272147057.913775,USD,Producer manufacturing,Buy,117.25993000458928,116.10370653980789,115.52080043846733,-2.5814432989690683,6.500766387160768,12.656175488793524,119.31199999999987,122.05249999999985,113.63580000000015,116.22759999999997,16.347657601550065,5.632032,443.1481620687063
RHP,"Ryman Hospitality Properties, Inc. (REIT)",121.115,USD,-0.7009920472247306,170135,0.27533370263506984,8262379595.026236,USD,Finance,Strong buy,123.77885271370428,123.3264035113535,120.6380364788584,1.1314295257180942,-7.939343265430227,27.96090861067088,121.41099999999987,122.39374999999993,126.13369999999998,109.85127499999999,29.74483029618351,4.164267,-1.0041088230288726
KMX,CarMax Inc,57.87,USD,2.6792051100070937,1574559,0.5919534713809586,8212394695.745918,USD,Retail trade,Buy,58.97677233037484,57.4845239581265,54.993819481612476,-2.130898021308989,-10.639283508338492,49.264895537786934,57.278,59.84150000000001,59.40419999999998,47.806049999999956,38.08740292220613,2.764225,-57.98003263364584
NEU,NewMarket Corp,892.88,USD,-0.047016679726850905,90119,0.7730115446935497,8211287202.379761,USD,Process industries,Buy,884.9123673341531,863.5817398247673,831.2144605155783,-2.4249510966374217,-3.8714956289565516,29.60575973988272,889.938000000001,889.7554999999984,879.9352000000016,741.6709499999992,19.222803504919376,nan,-7.931171866173245
DY,"Dycom Industries, Inc.",272.015,USD,-0.03123851525175905,223204,0.3561366819154896,8204232993.568999,USD,Industrial services,Strong buy,325.9998853973041,350.98563055125663,368.9249159913195,-5.537227392693428,-16.792083448043815,-20.075512722571546,279.7249999999998,289.74425000000036,356.80010000000004,390.54337499999997,24.76060004733383,17.052896,23.491456834532357
PB,"Prosperity Bancshares, Inc.",68.09,USD,1.1738484398217033,448925,0.3151360197048374,8182836849.026153,USD,Finance,Buy,71.17028586722354,71.4911682529199,71.35137902988492,-2.6590421729806994,-8.029985817518732,-1.6040462427745656,68.28599999999996,70.62399999999992,72.4606,70.72880000000005,11.797217457594817,5.81029,5.186710648612203
MGM,MGM Resorts International,32.505,USD,-3.5173642030275905,7010018,1.3629052024874335,8178021774.808995,USD,Consumer services,Buy,39.59874054314977,40.93451901797462,41.29337238366389,-15.196973649882587,-24.98269097622893,-11.26126126126126,36.33500000000002,39.272750000000016,42.44809999999998,39.89827499999998,19.67257761907644,1.840426,-8.95917130420408
OSK,Oshkosh Corporation (Holding Company),132.34,USD,1.6670507797495706,339839,0.4468773981728257,8170638388.424523,USD,Consumer durables,Buy,146.04300484654146,146.59371221941456,146.13790188717206,-8.699551569506717,-15.046860957760945,4.823762376237626,135.88400000000001,146.20249999999996,149.46419999999992,146.87154999999996,15.149850035487786,10.702705,-12.33214909375564
CNM,"Core & Main, Inc.",42.64,USD,2.4507448342143276,973031,0.35161284878892385,8122665881.172515,USD,Distribution services,Buy,43.45361711297537,44.37061693516498,45.67814233937962,-0.5365057149521738,-1.273442926603374,-18.267203373586355,42.61799999999998,42.527999999999984,43.87479999999996,49.53574999999998,17.60819293029402,3.109741,7.808743655952285
TKR,Timken Company (The),117.17,USD,-0.017066302585541447,416303,0.4419695882949715,8119510543.234066,USD,Producer manufacturing,Strong buy,122.7555671368506,124.53749175984353,123.28916690539225,0.26527468766045037,-5.017833981841762,37.976919453603394,116.47200000000002,118.5565,126.83,113.822025,31.780948247802975,6.282234,-16.14047857337822
LINE,"Lineage, Inc.",35.58,USD,-1.658374792703155,574654,0.6686618362153527,8101922649.671641,USD,Finance,Buy,38.538401391613725,39.39661232949454,39.737123860309566,-5.1200000000000045,-13.870733478576627,2.006880733944942,36.600000000000094,37.80675,40.281100000000016,38.78399999999995,nan,-0.699085,72.1732745961821
CBSH,"Commerce Bancshares, Inc.",56.33,USD,1.0222381635581068,359133,0.30521243204420756,8079534157.112625,USD,Finance,Buy,57.66783314867014,57.42549128095392,56.67251227210325,-1.8812053649190008,-3.561034069508643,7.582123758594345,55.98200000000004,57.46875000000013,58.48010000000005,54.17690000000003,13.809080211806236,4.243244,3.34937927539904
SNEX,StoneX Group Inc.,66.93,USD,-3.7255466052934256,478101,0.5269621998823734,8072877842.298763,USD,Finance,Buy,69.23589787454978,70.30643444931395,69.86014915080075,1.4705882352941375,-3.905240488155059,58.20193791762545,68.19799999999995,68.32300000000001,69.6617006865999,63.88298729449999,17.34342204140862,4.365,47.982974154459704
OSCR,"Oscar Health, Inc.",29.48,USD,2.1129199861447847,2643694,0.43248939280425797,8061866181.267752,USD,Health services,Buy,30.907416602192505,29.959216275257987,28.009616703492576,-8.560794044665018,-3.62863680941484,104.01384083044984,30.167999999999996,31.436999999999976,30.696199999999997,21.576800000000002,21.530820917323986,1.908954,nan
SM,SM Energy Company,33.84,USD,-3.589743589743584,1708292,0.3570669829276745,8048981208.184616,USD,Energy minerals,Buy,35.03454672349241,33.97074257997758,32.47273810495464,-8.218063466232694,-2.8981348637015723,81.64251207729471,34.38399999999999,37.02649999999999,34.5952,28.004299999999997,6.670740602022513,7.437574,-28.25564292583584
BOKF,BOK Financial Corporation,132.04,USD,0.9480122324158872,88165,0.3120647455149431,8023657515.809478,USD,Finance,Buy,136.1291583712527,136.57204087843576,135.58866895495595,-0.2493012011785242,-5.055008269216942,11.004623791509028,131.521,134.33924999999996,139.05349999999996,132.16292500000017,12.424253829651096,10.613271,27.078799473873012
LNC,Lincoln National Corporation,41.82,USD,1.0388982846098083,499450,0.2353771947232717,8006327720.809375,USD,Finance,Buy,42.83716894336778,42.206763887748686,41.23779471690107,-0.19093078758949475,-1.6231474947071225,-6.106870229007631,41.396000000000036,42.97799999999997,43.460800000000006,39.530550000000005,3.6168961461288314,7.947067,101.7413152338911
AOS,A.O. Smith Corporation,58.62,USD,1.5944540727902852,561316,0.37400638437951855,7966960460.771228,USD,Producer manufacturing,Buy,59.374350785319685,59.943437636066044,60.865688602217,3.004744333157619,-6.14793467819405,-12.585744109752467,57.83600000000005,58.178499999999886,60.331399999999924,64.63145000000002,16.342802977501464,3.73225,0.04183633625258149
ACM,AECOM,61.715,USD,5.459671907040328,1600545,1.0329118874457786,7942500016.518539,USD,Industrial services,Strong buy,65.14762184271868,67.1594037808115,70.76349482789257,-2.8874901652242233,-1.8683415487358834,-35.48505122308174,61.37699999999986,64.15174999999999,66.78810000000003,80.91297499999985,22.532768629741867,3.978942,-44.29846860954627
NNN,"NNN REIT, Inc.",41.165,USD,-0.036425449247208766,933484,0.4277060200367783,7900856622.802573,USD,Finance,Buy,43.91686536828818,44.6287708950934,44.863352203493776,-0.926594464500597,-10.70498915401302,4.188812958744625,41.38099999999994,43.300749999999965,45.645099999999836,44.18172499999995,20.281322362910775,2.059974,-3.513025289979087
GTLB,GitLab Inc.,47.395,USD,-2.519539284245155,2146415,0.5796054773198943,7896717751.48478,USD,Technology services,Buy,44.63203944186986,41.518779355375116,38.363928796671516,-6.463390566410102,16.421026774748224,24.789362822538198,48.72699999999998,48.162750000000024,41.8905,32.11227500000001,nan,0.866354,-829.7619047619047
S,"SentinelOne, Inc.",22.665,USD,-5.483736447039204,6718579,0.6899740306420452,7888533455.458924,USD,Technology services,Strong buy,21.08557441700624,20.247926074411208,19.17961341708619,-2.010376134889753,13.211788211788209,50.099337748344375,23.67899999999999,21.770749999999996,20.993899999999993,16.463675000000002,nan,0.319146,23.480830428852858
ATR,"AptarGroup, Inc.",123.81,USD,0.34851677743557047,132220,0.3008919117150088,7871979179.072378,USD,Process industries,Strong buy,127.31454164697453,127.56812849143391,127.36546855051562,-1.3387520918001377,-8.288888888888888,1.700344997535738,124.15599999999995,126.04699999999994,130.54039999999998,126.70980000000002,22.369776139628165,5.517143,-4.529694857951115
HESM,Hess Midstream LP,37.925,USD,-1.4166883285677194,1018658,0.7633392038014616,7819314583.765271,USD,Energy minerals,Buy,39.41647995265,39.38472494306315,39.138525379834434,-4.5911949685534665,-2.8560450819672183,9.673221515326775,38.78500000000001,39.74975000000001,39.93850000000005,38.088824999999986,13.079390260725617,2.947861,7.6317743132887905
UGI,UGI Corporation,36.42,USD,0.13747594171021243,587982,0.27000820932742525,7811906380.914491,USD,Distribution services,Strong buy,37.00935382971854,36.73597684827969,36.498314826965796,-4.183109707971577,-4.983042003652483,-2.306866952789698,36.69799999999993,37.71799999999998,37.006199999999986,36.69805000000002,12.154991155758768,2.805,57.932742989668995
PRAX,"Praxis Precision Medicines, Inc.",279.45,USD,-0.8304056212072932,247927,0.4613529212983019,7802241059.621525,USD,Health technology,Strong buy,321.2618605932934,324.29737402463525,320.60779192076757,-10.650338918020207,-24.15524494504003,-3.8070978623799534,288.5760000000001,324.4309999999997,335.65039999999976,316.1303,nan,-13.595501,-5.316222902154806
AVAV,"AeroVironment, Inc.",153.445,USD,-3.219804478082635,863142,0.5278897668615603,7798182707.330999,USD,Electronic technology,Strong buy,156.47689742990826,160.41896503176122,169.52310977489185,-7.323186567614906,4.740614334470985,-38.23908231032401,156.997,151.81100000000004,158.70459999999994,203.9364999999999,nan,3.279947,-538.0373831775701
WULF,TeraWulf Inc.,15.585,USD,-4.32780847145487,17996088,0.6228886170219736,7776427454.5119705,USD,Technology services,Strong buy,16.88685823575562,17.686257391289633,18.18439109029326,-6.95522388059701,-3.1987577639751583,33.14822725331056,16.600999999999996,16.119750000000003,16.846,18.057625000000005,nan,-2.994165,-1179.5811518324608
ZWS,Zurn Elkay Water Solutions Corporation,46.77,USD,0.36480686695279335,225662,0.23973861222469106,7757463233.369741,USD,Producer manufacturing,Buy,47.577454875782784,47.995015788266834,48.172301091404634,2.1625163826998732,-4.3558282208588865,0.55901956568481,46.65199999999997,46.67499999999997,48.58119999999994,48.29087499999994,28.71791722952229,1.830509,60.9129532654876
RAL,Ralliant Corporation,69.47,USD,-0.7145919679862799,465384,0.3108666249491668,7686161421.526654,USD,Electronic technology,Buy,66.95615208883547,65.94317534953332,63.63889053526989,2.7831236121391707,11.659697651978139,34.97278382581651,69.46799999999996,65.83899999999997,67.02040000000001,56.24199999999998,nan,2.859849,nan
CBC,"Central Bancompany, Inc.",32.08,USD,0.24999999999999467,445332,0.1921963032167586,7683324962.3775,USD,Finance,Buy,32.10725729598709,31.62569715603244,30.625736431793058,1.3906447534766047,-2.2249314233465527,33.77814845704753,31.79,32.06624999999997,32.333099999999995,27.4898,17.60799165706131,1.906,nan
HNGE,"Hinge Health, Inc.",95.145,USD,3.4409654272667884,505073,0.2630268936592236,7677670804.402152,USD,Technology services,Strong buy,89.67175465724172,85.26737301786105,78.60221640121509,-0.25684033965824987,6.545352743561029,104.87726098191214,93.60099999999997,92.21474999999997,87.19290000000002,59.98829999999999,73.26736485445865,2.318917,nan
PCTY,Paylocity Holding Corporation,144.105,USD,0.32372598162072086,398849,0.5810904801741076,7645773890.561195,USD,Technology services,Strong buy,143.71752751489674,139.27986822867214,134.33076363152588,-0.07973928720011725,-3.70531239558972,-5.037891268533779,144.291,147.97625000000008,144.48860000000002,125.18659999999988,29.153937971636083,8.830307,23.061793556739516
CDP,COPT Defense Properties,33.78,USD,-0.08873114463176911,226409,0.25553073961132206,7638128576.081632,USD,Finance,Strong buy,35.34760135184389,35.42925389129015,34.979121190317606,-1.9163763066201993,-10.159574468085106,21.59827213822894,34.056000000000054,34.927000000000014,36.40940000000001,32.9948,23.53842937774371,1.44545,13.008898338451846
GAP,"Gap, Inc. (The)",21.705,USD,0.0691562932226695,1970302,0.3448522949220459,7624317948.795987,USD,Retail trade,Buy,21.288945532594308,21.30612733973072,21.660586462316832,4.300816914944736,5.415250121418157,-15.806826997672625,21.476999999999954,21.55375000000002,20.753899999999977,23.604574999999972,6.4845243785850855,2.407796,43.84185646755479
APLD,Applied Digital Corporation,26.085,USD,-3.603104212860303,9900268,0.6108691397801488,7602971746.303215,USD,Technology services,Strong buy,27.672706585086452,28.984997214841695,30.189144342459834,-3.2814238042269115,-8.441558441558435,3.0620308178585627,27.420999999999992,26.193750000000023,27.6112,32.218625,nan,-1.008642,18.887368901048795
EMN,Eastman Chemical Company,66.445,USD,0.385254570176757,383996,0.32089841796267665,7599807853.79808,USD,Process industries,Buy,69.1765275948134,69.97427866439341,70.50673415140253,1.3035523707882142,-8.263150628192756,3.4807662357888174,66.31900000000005,68.32125000000003,70.3191,71.07465000000003,17.30924531742517,6.363271,-46.07052542849115
SYRE,"Spyre Therapeutics, Inc.",86.105,USD,-1.131013893673211,245235,0.1811448612282706,7592201896.068033,USD,Health technology,Strong buy,91.80589039070492,90.86591442334041,85.7211363345789,-7.234432234432223,-6.822854669408065,162.83577533577537,89.07300000000004,89.48575000000008,97.12010000000008,66.262325,nan,-2.738706,28.51287096245286
THG,Hanover Insurance Group Inc,217.905,USD,-0.011471573441015777,91513,0.2438039955796489,7587499990.505575,USD,Finance,Buy,223.13685103544307,219.85291854601968,213.48385890005324,-4.828354297693923,-3.9304294153954644,19.833369995600528,219.00499999999994,225.6197500000002,224.54729999999992,194.43392499999987,10.394743118828412,20.289211,37.99164006187672
LEVI,Levi Strauss & Co,19.675,USD,-0.22819472616631922,1292727,0.5238865091079254,7571934543.313894,USD,Consumer non-durables,Strong buy,21.069770220546694,21.65154271790202,21.945695873539798,-0.8816120906801043,-7.149598867390281,-5.499519692603264,19.78099999999999,20.219250000000006,22.12550000000003,21.82412499999997,16.100654664484452,1.541599,20.72712902588421
KNSL,"Kinsale Capital Group, Inc.",332.32,USD,-2.4052157058529846,97487,0.4809503464784313,7569726485.124548,USD,Finance,Buy,356.7322182343436,355.32580601723896,354.01853263421526,-7.421439714731443,-14.29308299375871,-15.007672634271103,344.44600000000037,362.0999999999999,365.13979999999975,356.62153999999975,13.469356322677658,21.229085,28.788653874261378
MHK,"Mohawk Industries, Inc.",124.78,USD,4.444630451159289,600638,0.5262824475404686,7541471770.5434,USD,Producer manufacturing,Buy,127.11235483990856,124.89115398295039,121.70419526206089,-1.4064475347661196,-7.233662924689607,13.92312608417785,120.48000000000006,126.4695,126.89539999999992,114.8478500000001,16.542928355517844,9.83985,0.2445377704534548
PCOR,"Procore Technologies, Inc.",49.525,USD,0.05050505050504763,890742,0.380178844222032,7525588090.437878,USD,Technology services,Strong buy,53.6959096459608,53.30888934102938,53.28082248960493,-4.741296403154459,-16.736718224613313,-32.14823948486094,50.525000000000084,54.92925000000001,54.92249999999999,55.47037500000002,nan,1.681067,72.92211186617877
SFD,"Smithfield Foods, Inc.",19.095,USD,0.44713308784848654,587797,0.24729694810111746,7518989081.575486,USD,Consumer non-durables,Strong buy,21.420826954200543,22.449893611656336,23.320881579923846,-2.675840978593283,-14.063906390639065,-14.563758389261753,19.29099999999999,20.593749999999975,22.93549999999997,24.511049999999997,7.109613522972671,2.223888,15.982208403506492
SARO,"StandardAero, Inc.",22.635,USD,2.0513976555455447,2241322,0.5209822235069669,7490361482.354825,USD,Transportation,Strong buy,24.5873898807565,25.41481572813656,26.09270977026772,0.15486725663716877,-10.285374554102255,-21.433530024297113,22.610999999999997,23.575249999999986,26.0779,27.602774999999994,23.30142063001853,1.546779,144.62352052379754
IONS,"Ionis Pharmaceuticals, Inc.",44.98,USD,2.670623145400581,3144680,0.5860666214774813,7474971225.721066,USD,Health technology,Strong buy,53.19630829610061,56.849170048367306,60.86093426473293,-3.7860962566844987,-29.165354330708666,-43.69053580370556,44.67400000000005,51.97599999999998,54.85559999999996,71.25827500000007,nan,-3.600144,-87.54657881946319
NFG,National Fuel Gas Company,78.585,USD,-0.5001266143327554,334730,0.32522838761028794,7469119891.939097,USD,Energy minerals,Buy,80.94093943128892,81.18694906592843,81.68265082457594,-1.2627214474180295,-4.362906170135095,-1.8055729101586997,79.23500000000003,81.46325000000004,81.74649999999995,83.629125,10.9320442373235,7.272,169.00048647232722
ZETA,Zeta Global Holdings Corp.,29.75,USD,0.608725059181602,2391364,0.48070917832852245,7467654339.423402,USD,Technology services,Strong buy,28.682128723914474,26.989109815861383,24.99240636190806,-3.252032520325203,8.934456243134388,44.839337877312566,30.077999999999996,30.668999999999993,27.43059999999998,20.966150000000006,nan,0.970637,92.81997918834547
CHWY,"Chewy, Inc.",18.545,USD,1.2281659388646364,5414249,0.4991904800953401,7453740715.604258,USD,Retail trade,Strong buy,21.157741752127887,21.552486393829884,22.304124077171583,-11.182950191570868,-24.306122448979583,-43.734830097087375,19.116999999999987,21.43325000000002,22.23489999999997,24.889649999999993,28.35626911314985,0.780543,84.5372460496614
IDA,"IDACORP, Inc.",128.85,USD,0.9084501527136006,273055,0.45897752337204223,7452947619.289685,USD,Utilities,Strong buy,135.6259225310163,138.03280319298875,139.47707391113926,-3.047404063205426,-6.785791796281557,1.9302270390000773,129.2000000000001,133.52700000000002,139.15679999999986,139.6741499999999,21.317252332737738,6.377243,6.241541138628657
MORN,"Morningstar, Inc.",198.13,USD,0.8757191589022957,95686,0.2999667386336883,7432563540.67578,USD,Commercial services,Strong buy,199.45290040057452,195.4419736719816,191.95064197315347,-1.9692246796299133,-6.937529356505405,-8.3198371199852,198.31200000000007,203.42374999999984,199.53239999999977,186.87797499999976,18.783477593121034,12.315837,12.230544974783475
CHRD,Chord Energy Corporation,135.84,USD,-2.9852878160262866,354154,0.4729525352787357,7430159181.380946,USD,Energy minerals,Strong buy,141.40985601807526,139.19569455529916,135.6263233602935,-7.383923092656975,-2.2311789261551707,46.72715489306547,137.78000000000003,146.16650000000004,141.29530000000003,124.61655000000002,9.106266591585554,20.628255,281.93409632076197
VFS,VinFast Auto Ltd.,3.17,USD,1.2779552715654963,183277,0.47403290196012504,7416329037.964857,USD,Consumer durables,Strong buy,3.1668063646784628,3.191085431529193,3.2463593799000683,-2.1604938271605025,1.2779552715654965,-5.089820359281435,3.2210000000000027,3.1464999999999983,3.133700000000002,3.386674999999999,nan,-1.33,-29.11998820754717
SLAB,"Silicon Laboratories, Inc.",221.065,USD,-0.1422892763573935,65368,0.2508149721589549,7376223018.288101,USD,Electronic technology,Buy,219.7406921162065,218.65388629805355,214.94062860346497,0.5480760483944256,1.1785436404412049,66.43954223761482,221.30699999999987,220.16124999999982,218.8885,200.56584999999998,nan,2.907218,63.222884090345
MOS,Mosaic Company (The),23.09,USD,-2.532714225411572,6449166,0.769241770305978,7340210964.451244,USD,Process industries,Buy,23.83794412810424,23.63625717211399,23.71858261983641,-8.95110410094637,-7.0450885668276975,-4.190871369294612,23.989999999999966,24.90350000000001,23.608600000000006,24.567499999999924,nan,0.428705,-168.4390789786022
CIFR,Cipher Digital Inc.,17.585,USD,-2.845303867403318,26053533,0.7310524935964559,7298315561.928453,USD,Technology services,Strong buy,17.913673596307277,18.46592875304606,18.72150849179445,-1.207865168539325,9.906250000000005,17.468269873079493,18.404999999999998,16.926,18.202399999999997,18.361525,nan,-1.286245,-522.4881463084218
SSRM,SSR Mining Inc.,35.765,USD,-0.15354550530429847,1152916,0.4536047900064017,7292816660.660107,USD,Non-energy minerals,Strong buy,34.909870193847325,33.65397049468248,32.200426198403804,-1.7984623833058788,-6.88622754491017,59.38057040998217,36.559000000000005,36.602500000000006,33.0686,29.157249999999987,32.99049903145466,4.079509,41.490472461498314
COMP,"Compass, Inc.",9.485,USD,2.0990312163616824,8440205,0.4835007043414479,7281109473.088805,USD,Finance,Strong buy,10.646651258566164,10.699732589552642,10.508171206873953,-8.357487922705317,-18.792808219178085,-10.687382297551787,9.547000000000006,10.316749999999995,11.313300000000003,10.132224999999998,177.95497185741087,0.177139,nan
CMC,Commercial Metals Company,65.73,USD,2.3512924322641,398873,0.3587800472769009,7271337759.9123335,USD,Non-energy minerals,Strong buy,67.35538745905878,67.94894582357274,68.28107370018887,-1.4394961763382723,-2.1874999999999982,-6.233951497860186,64.71799999999999,66.75699999999993,68.49179999999997,70.03460000000007,12.387862796833774,6.374599,1609.9581050596196
AAON,"AAON, Inc.",88.075,USD,4.5152486056722525,1086092,0.9058575913985852,7262104388.150587,USD,Producer manufacturing,Strong buy,85.6549162713556,90.65997327060265,95.17686549481657,14.621290994273815,14.175525019445168,13.192391723428864,82.0749999999999,78.04550000000017,85.58700000000007,97.73125000000007,46.071559345085525,2.352368,30.331333515134972
NTSK,"Netskope, Inc.",17.77,USD,-4.308023694130322,3575232,0.41225837317374187,7260603728.515884,USD,Technology services,Strong buy,15.469997485376323,14.567974240351658,13.918567657245378,1.7172295363480294,34.621212121212125,0.11267605633802577,18.372000000000007,16.17050000000001,14.750100000000021,12.890999999999998,nan,-0.148729,-124.09391932570739
APPF,"AppFolio, Inc.",204.735,USD,0.14919532358264775,60497,0.20796636621771206,7251174579.85621,USD,Technology services,Strong buy,206.7594758068645,200.1693523018471,194.21404093553696,-6.760633937517078,-6.007253695712047,-11.9192049561177,207.05699999999996,216.03224999999966,203.50160000000008,186.48862499999996,46.67282177540693,6.9,-20.83378451543044
VLY,Valley National Bancorp,13.115,USD,1.1959876543209826,3434132,0.44429980027331023,7247417542.066358,USD,Finance,Strong buy,13.830671312071493,13.929880061212737,13.829458370583243,-3.7784299339691896,-7.510578279266569,12.094017094017103,13.093000000000007,13.595499999999998,14.151199999999996,13.305725,11.072182355424228,1.27588,51.664532650448145
HQY,"HealthEquity, Inc.",87.59,USD,-1.1399548532731274,737881,0.8091505783673029,7245032466.6149,USD,Finance,Strong buy,95.1554595092151,95.05316447379441,93.75073421179331,-7.673658690840098,-16.093495545550336,-4.502834714348011,90.57000000000009,94.55899999999988,99.07539999999993,88.87119999999999,31.63464316671482,4.72375,67.61305163750833
TRNO,Terreno Realty Corporation,66.2,USD,-0.346229113352407,217539,0.2610917391101356,7213834821.658889,USD,Finance,Buy,66.79292987946619,67.08550880368928,66.83053974395827,0.42475728155339976,-3.017872839144451,12.700034048348657,66.28599999999997,65.87149999999998,68.51059999999998,65.20500000000007,17.832130158388104,2.11,47.77485868959479
SSD,"Simpson Manufacturing Company, Inc.",175.77,USD,1.244167962674959,193365,0.5304639931087552,7203877930.735615,USD,Producer manufacturing,Strong buy,180.46927558715643,183.29137946041075,184.65290709720466,1.889745521998736,-6.4605396200308585,8.166153846153852,174.9799999999999,175.74499999999964,185.08919999999995,184.43535000000037,19.196409069066448,9.222,16.600448247758752
ACA,"Arcosa, Inc.",146.69,USD,0.11602511602510747,240836,0.34127138313138555,7203477832.5535755,USD,Non-energy minerals,Buy,145.04112673235036,142.86771011524056,138.48624642985385,0.8525266414575519,0.9219126246990048,37.26022270047721,146.5060000000001,145.64949999999996,145.32679999999993,126.28808999999993,54.88662725435905,4.28,42.46268656716419
ZGN,Ermenegildo Zegna N.V.,12.61,USD,1.1226944667201186,337316,0.28035850608335805,7200521986.538092,USD,Consumer non-durables,Buy,12.909790241618552,13.088471703787848,12.990117943185929,2.188006482982168,-8.224163027656484,22.66536964980545,12.490000000000006,12.361000000000006,13.490799999999997,12.095049999999997,36.75313319731856,0.45747068035000005,-15.304862996790916
FIGR,"Figure Technology Solutions, Inc.",32.02,USD,-1.9595835884874266,3252242,0.7053992100854171,7184579320.732395,USD,Finance,Strong buy,33.63754452008087,33.24835722337825,33.31358886327948,-7.01321330042108,-20.93827160493826,-23.287014853857208,34.34799999999999,35.139250000000004,32.83779999999999,36.7822,37.80847797850986,1.2182,nan
STAG,"Stag Industrial, Inc.",36.91,USD,-1.0190399570930613,1412305,0.9160064078063214,7116555795.152587,USD,Finance,Buy,37.48691115899607,37.74210302543153,37.921174411787256,-1.4419225634179071,-0.5925127928898625,0.6270447110141681,37.17200000000008,37.29050000000002,37.88340000000001,38.04230000000005,28.307385535700586,1.097368,3.189300411522634
PLXS,Plexus Corp.,265.8,USD,1.6016207331524015,109896,0.4655091347314647,7084127679.10401,USD,Electronic technology,Strong buy,255.17699371604192,255.53199282292186,251.41687574620062,7.711634315354378,9.572099925797675,80.53385858860288,261.4,248.33199999999997,253.158,229.1032000000001,39.210479730925826,8.691433,15.340638399237735
AUGO,Aura Minerals Inc.,84.275,USD,1.4505838449500572,303397,0.24430416991241172,7061337361.192069,USD,Non-energy minerals,Strong buy,81.52768147160292,78.26723965997188,75.2551285374371,-5.457706977787744,-4.493427017225736,64.80883934682704,86.921,85.90449999999998,75.72960000000003,71.91217499999998,23.91255000993105,7.007259,nan
MSA,MSA Safety Incorporated,182.77,USD,0.36241831859864726,72070,0.27099893961841304,7050953909.845862,USD,Electronic technology,Buy,183.48254513501877,181.93895628540974,179.68610422781705,2.146090649974852,-3.1066108254254283,14.067278287461786,180.7760000000002,183.40299999999976,184.4962000000004,176.0232999999995,22.73032534076211,9.099577,14.6474656020532
AXTA,Axalta Coating Systems Ltd.,32.94,USD,2.107873527588344,1044953,0.4467686485132196,7049818574.341599,USD,Process industries,Buy,34.284727194664285,34.18501854783936,33.63315695674829,1.698054955233088,-11.093117408906881,1.0739490641300837,32.50600000000001,34.091000000000015,35.022800000000004,32.10899999999998,20.294498182490294,2.651509,-20.225105671876545
DBX,"Dropbox, Inc.",32.41,USD,-0.7654623392529089,2263141,0.42875790133298264,7047315230.644518,USD,Technology services,Buy,33.96478877827319,32.919630510479166,31.510561316890644,-13.917662682602929,-5.784883720930239,17.25759768451518,33.839999999999996,35.257999999999996,33.945000000000036,28.068150000000063,17.998556117065583,3.058993,10.168247170388492
NOV,NOV Inc.,19.765,USD,-0.678391959798985,1437658,0.44617622138683766,7045789884.871859,USD,Industrial services,Buy,20.342731698231468,20.2214007296365,19.935256202240264,-2.7312992125984237,-0.2774974772956595,25.731552162849873,20.054999999999986,20.824749999999995,20.452899999999993,19.317075000000017,75.87332053742803,0.915818,-78.59842260926717
PRMB,Primo Brands Corporation,19.435,USD,0.5431971029487865,1197054,0.31645637718735314,7034376279.036731,USD,Consumer non-durables,Strong buy,21.56001775995647,22.067563154762897,22.202012791247277,-6.786570743405289,-16.40860215053764,19.087009803921557,19.727000000000015,21.106249999999985,22.548899999999993,21.05972500000001,71.08632040965618,1.326,nan
OKLO,Oklo Inc.,37.81,USD,-1.2535910159310444,4959133,0.511332653781285,7033327681.744059,USD,Producer manufacturing,Buy,40.4640945224399,43.37622334312646,48.059060137555036,-5.238095238095229,-15.959102022671704,-48.89849979726989,39.10999999999989,39.14299999999999,41.242799999999946,60.92594999999999,nan,-1.001081,-132.91201982651796
CELH,"Celsius Holdings, Inc.",27.795,USD,-2.2335561027083997,3942802,0.57391671818785,7033109274.876364,USD,Consumer non-durables,Strong buy,29.164594892982,29.82434690193993,31.314930431476814,-3.1533101045296084,-21.14893617021276,-40.13568813267283,28.561999999999994,29.162999999999947,29.479500000000066,36.83617499999997,120.22058823529413,1.440746,-36.255858836504004
CLF,Cleveland-Cliffs Inc.,12.295,USD,-1.6400000000000006,5472902,0.3782088482193418,7014789779.996799,USD,Non-energy minerals,Buy,12.002476883214827,11.786382221942954,11.584847251804058,-3.188976377952751,6.542461005199315,-8.993338267949666,12.45300000000002,12.164750000000037,11.746699999999992,11.421924999999987,nan,-0.180143,52.62541022034692
FSS,Federal Signal Corporation,114.35,USD,1.392090796240462,147089,0.3174313716434679,6980108109.786309,USD,Consumer durables,Strong buy,117.33786889370268,117.91627715200453,117.60358827035735,-0.3312124117493329,-4.389632107023411,4.696941952023435,114.23200000000001,115.199,119.56120000000004,115.5384,24.63112547119009,5.231016,29.12691569549134
MAAS,Maase Inc.,15.78,USD,12.473271560940843,151029,0.1808983146628619,6977530505.734854,USD,Technology services,,16.259160106383533,15.832643864662643,14.674075006623148,-2.0484171322160156,6.621621621621611,192.2222222222222,15.125999999999996,15.999999999999996,16.866000000000003,10.531183499999997,nan,nan,nan
LAD,"Lithia Motors, Inc.",315.81,USD,2.0058139534883654,126223,0.3539872397111407,6942488047.978488,USD,Retail trade,Strong buy,344.1311895777411,341.352055238184,333.05956069248555,-1.3250000000000028,-15.218558694017831,-5.483716475095783,312.1799999999999,347.50749999999977,359.20920000000007,313.18870000000027,10.462446703837324,36.171173,-10.572470573596386
ESE,ESCO Technologies Inc.,267.59,USD,-0.3092168988898148,78744,0.2577545008183306,6932605952.084307,USD,Electronic technology,Strong buy,280.84220992080213,288.2953104271297,290.5658070481513,2.1376493491621047,-4.062387952671203,37.29283185386629,265.2840000000001,267.3869999999998,291.50020000000023,281.00090000000046,48.810696435737476,8.357803,23.50635306839687
AWI,Armstrong World Industries Inc,163.63,USD,0.9251834947264541,124907,0.33687258973618345,6915466265.43132,USD,Producer manufacturing,Strong buy,167.43256793227397,167.75018346724775,168.30803865598642,2.660141790576579,-9.39143917160419,-14.293945107898592,163.08400000000006,165.3645000000004,170.97859999999997,172.80674999999974,22.416603876977874,8.435449,8.054297302898426
AXS,Axis Capital Holdings Limited,94.74,USD,0.021114864864860666,193614,0.2886272681168343,6912829610.495776,USD,Finance,Strong buy,99.85085316174673,101.25457792649325,101.99852779059941,-4.793488091649091,-4.697716527512324,-11.21731796457689,95.80399999999995,98.63799999999995,102.67519999999986,102.77645000000021,6.728167543728828,12.284135,35.40560812370181
POWL,"Powell Industries, Inc.",189.32,USD,-1.2002922450683704,412239,0.7484811192528829,6897412799.436801,USD,Producer manufacturing,Buy,195.68477714109045,205.91814561925375,211.79108581969783,6.6111048541502315,-0.2634074386260668,75.29647159276787,190.60400000000007,180.85350000000003,198.81939999999997,205.80335601810003,36.25916917242832,5.384617,8.781615900662528
HIMS,"Hims & Hers Health, Inc.",29.405,USD,0.4269125683060109,5623946,0.5423876550458546,6860581100.437671,USD,Health services,Buy,29.1097581383322,29.260411158633477,29.257531793933428,1.8884268884268944,-5.267396907216488,-10.893939393939391,29.37100000000001,28.47425000000003,29.634700000000002,27.758175,nan,-0.589301,-177.97246558197747
IMVT,"Immunovant, Inc.",33.21,USD,-2.3235294117647034,778646,0.45495573295664493,6859614788.015293,USD,Health technology,Strong buy,37.67345681216255,37.55685741228256,36.18768757683023,-11.487206823027723,-23.7253100597152,29.827990617670064,35.24399999999999,37.75350000000002,39.76860000000003,31.517125000000007,nan,-2.936084,1.2756536407084698
ALKS,Alkermes plc,40.77,USD,-0.049031625398372206,1248247,0.46680476317393893,6839708258.727139,USD,Health technology,Strong buy,45.38729704049949,45.74262492459355,44.56903241090528,-12.341431950118245,-17.184643510054833,45.555158871831495,42.231999999999985,45.222999999999985,48.13059999999999,38.78724999999999,105.8961038961039,-0.528458,-81.51881720430107
CAG,"ConAgra Brands, Inc.",14.265,USD,-2.760736196319014,4365528,0.4021170148310175,6826738937.447853,USD,Consumer non-durables,Buy,14.967390623984597,14.934501134047132,15.0177212934542,-5.341738553417383,-11.562306261624293,-17.208357515960532,14.670999999999998,15.191249999999993,15.2591,15.697024999999948,nan,1.443555,-266.5292868739853
NE,Noble Corporation plc A,42.6,USD,-2.6063100137174224,432885,0.36712056406056026,6800758488.4362135,USD,Industrial services,Buy,44.08985018138903,44.07697636009701,43.845756535387885,-3.0716723549488085,-6.043228936921046,50.903294367693945,44.039999999999985,45.21249999999998,44.064800000000034,42.78944999999998,46.054054054054056,0.537192,-52.02530989056584
MBLY,Mobileye Global Inc.,7.985,USD,3.8361508452535746,3422318,0.5195199686847525,6788747923.69831,USD,Technology services,Buy,8.371474678172062,8.517661454723331,8.717996893310215,-1.904176904176907,-7.794457274826788,-23.95238095238095,7.791000000000004,8.142250000000002,8.4147,9.004125000000009,nan,0.491043,-36.48789592139211
RYTM,"Rhythm Pharmaceuticals, Inc.",98.52,USD,0.2136100091547083,542370,0.7343986494116768,6783306880.712847,USD,Health technology,Strong buy,102.97437840228812,102.92206437808139,101.62086937255668,-0.8454106280193271,-12.975885522480345,-7.214164626106622,98.63399999999994,101.39900000000003,106.3830999999998,99.2524749999999,nan,-2.980922,-3.3095908563856176
CAMT,Camtek Ltd.,145.29,USD,0.1171444321940377,164636,0.4603590574713415,6780418880.439567,USD,Electronic technology,Strong buy,147.81612967416683,150.28246654426255,152.28810940979488,-0.6360279031596272,-0.9206219312602253,31.424694708276796,147.69199999999987,142.05049999999997,147.35890000000018,154.73897499999998,240.50653865254097,3.60825,-77.69531826908876
TAP,Molson Coors Beverage Company,35.9552,USD,-1.0861072902338476,1655973,0.20976834660578894,6773408067.883664,USD,Consumer non-durables,Buy,39.26681528684893,40.041631980525935,40.943295203064366,-7.2123870967742,-14.757705073494552,-23.51584769198043,36.67303999999999,38.73575999999993,40.622703999999786,43.514275999999974,nan,4.70741,-327.2976113113172
MSM,"MSC Industrial Direct Company, Inc.",121.02,USD,0.24020541704629508,271851,0.33947843018058915,6758519197.932742,USD,Distribution services,Buy,121.13672208563692,119.87526436805933,116.52679463773441,-0.5914243469689493,1.399245915374949,45.526695526695526,121.76999999999983,120.20249999999983,121.88199999999985,104.30245000000006,29.284936479128852,4.633796,16.559485530546635
KEX,Kirby Corporation,127.95,USD,-1.8110659197298744,215225,0.48523748511145526,6755759776.12923,USD,Transportation,Strong buy,136.53340497829976,137.3598134647157,136.9121255780979,-7.181719260065282,-6.455622166983475,15.582655826558264,131.28000000000003,137.48199999999994,138.16899999999993,134.05324999999993,19.657095450984006,7.122245,23.236396682949007
GLBE,Global-E Online Ltd.,40.18,USD,-1.7123287671232945,603314,0.34237535908002875,6748929985.551371,USD,Retail trade,Strong buy,38.9128904841356,38.28247630800849,37.346626373242344,5.681220410310353,2.2652074319165196,1.0309278350515378,40.708,38.36649999999999,39.1376,35.55895000000001,45.836185261236594,1.211754,nan
GTES,Gates Industrial Corporation Ltd.,26.635,USD,1.4280274181264279,541431,0.3244212477159541,6742681440.132712,USD,Producer manufacturing,Strong buy,26.359182336344933,26.39809528326404,26.21287758489897,3.7188473520249294,2.1280674846625893,23.310185185185183,26.171,25.72724999999998,26.6133,25.23677499999997,18.86331444759207,1.676276,81.51433346188455
VCTR,"Victory Capital Holdings, Inc. Class A Common Stock",109.28,USD,2.9971724787935976,156637,0.18474775680624644,6721765830.199434,USD,Finance,Buy,108.71250925340152,105.1049261363581,99.24618295937712,4.694385897681554,-6.446365893331051,72.52920745184717,106.88199999999995,109.90299999999999,108.61489999999999,83.52129999999997,20.025288156713273,8.009143,34.7132735935224
DUOL,"Duolingo, Inc.",143.59,USD,-2.8155668358714023,282203,0.26596493635475843,6718003532.080947,USD,Technology services,Buy,141.42946928919932,137.50178600781894,135.45644337622406,-1.9863481228668918,-0.11130434782608459,-18.751768234029303,146.88999999999993,148.8195,140.9108,128.7769000000002,17.22094961681918,2.750347,246.51124132485563
FLR,Fluor Corporation,50.23,USD,-0.7900454276120988,1246169,0.5773005270974801,6717813502.532292,USD,Industrial services,Buy,52.95043085817562,52.428827580829044,51.42619086772609,-8.03734895642622,-2.181110029211304,24.888115365489803,52.538,54.328999999999965,52.73939999999986,48.66904999999993,nan,2.704727,-152.5275023879319
ALGM,"Allegro MicroSystems, Inc.",35.99,USD,2.448050099629944,1140901,0.4695041112540642,6708610121.1642475,USD,Electronic technology,Strong buy,38.16491751088265,40.15174666460172,41.1653689343855,7.208817396484962,-4.052252732604629,33.296296296296305,35.447999999999986,35.17999999999999,39.60989999999998,40.039124999999984,479.2276964047936,1.027662,nan
NCLH,Norwegian Cruise Line Holdings Ltd.,14.595,USD,2.85412262156449,12389785,0.6615458145298976,6701846263.961946,USD,Consumer services,Buy,15.9997304481153,16.826279459329257,17.65025999168974,1.7073170731707388,-16.120689655172402,-35.19094138543517,14.284999999999965,14.902250000000018,17.238499999999963,19.577724999999997,9.223331648129424,1.537596,13.899085870582311
FAF,First American Corporation (New),65.61,USD,0.015243902439032191,373036,0.4052676670416208,6698780743.960977,USD,Finance,Strong buy,70.50314807733163,70.65136157468538,70.00656535269127,-8.05773542600897,-10.430034129692833,7.030995106035893,67.55999999999997,71.37699999999998,72.77000000000005,67.26360000000001,9.08134593823965,6.9825,299.0224235060201
MATX,"Matson, Inc.",223.99,USD,-0.36918423627790414,126128,0.3664025629122566,6698075695.348902,USD,Transportation,Strong buy,222.63443227443256,216.4998600394295,206.48744681783566,-4.923808311048854,0.9691669671835582,80.491539081386,226.4440000000002,227.675,219.06559999999993,179.92605000000015,14.97579696191699,16.33565,1.1325755782897002
CHE,Chemed Corp,509.18,USD,2.7297488146877895,137143,0.802670985255033,6654962453.66896,USD,Health services,Buy,513.7223052822926,506.220369559387,492.28098896705245,0.9276511397423205,-6.496988394299974,19.064655676370872,499.83200000000096,511.66749999999973,523.166400000001,453.0801999999999,25.575496386038406,25.493765,2.3551730520081344
VSXY,Victorias Secret & Co.,83.325,USD,-0.5786898938074209,299489,0.1812360705584291,6646338279.656664,USD,Retail trade,Buy,81.42941295798899,80.16519561271913,76.25163358051384,8.439614783966684,-4.880136986301361,51.66545322169641,83.18499999999997,79.35425000000001,84.97349999999999,65.53502499999999,18.828380973901254,4.706729,147.6358345923564
QBTS,D-Wave Quantum Inc.,17.495,USD,0.08581235697940828,11445030,0.697734798483562,6641567665.25572,USD,Electronic technology,Strong buy,17.98508043952408,18.679362580790198,19.425964190641874,-3.235619469026534,-6.593699946609714,-35.071441825941726,17.408999999999992,17.011249999999997,18.209299999999992,21.058825000000002,nan,-0.295259,32.81813009671913
BROS,Dutch Bros Inc.,37.965,USD,-1.4152168267982201,1817326,0.4024886478475149,6632705252.382629,USD,Consumer services,Strong buy,46.71892240663242,50.3805168523525,53.09566185802159,-6.120178041543013,-25.39791707604637,-38.127444589308986,38.56300000000002,43.23075,51.880099999999985,56.13007500000003,53.51705666760643,0.957559,50.6476959014653
PPC,Pilgrim's Pride Corporation,27.745,USD,1.7791636096845174,668302,0.4973623797650697,6606321379.807593,USD,Process industries,Buy,29.45350037027881,29.637296573257977,30.415417156777853,-5.404023184452769,-14.578201970443338,-28.950064020486547,28.219,29.84725000000001,29.30559999999999,33.87394999999999,12.130552640783492,2.375714,-55.971355971355976
NPO,Enpro Inc.,311.96,USD,0.24743725698125962,114264,0.6697238672649777,6603469735.297278,USD,Producer manufacturing,Strong buy,309.0003258447291,311.8555730666311,308.90090681849597,6.612897713680313,1.9643732636051614,45.98717768730403,305.1119999999997,296.09799999999984,313.63319999999993,286.67609999999996,152.1607648034338,9.588732,-48.68085106382979
OMF,"OneMain Holdings, Inc.",57.195,USD,0.9264160931709875,289281,0.3080208334997053,6579796421.57279,USD,Finance,Strong buy,61.22377560118595,61.05589237460609,60.47516492999896,-5.9911242603550345,-9.358161648177498,-15.492021276595754,58.127000000000024,61.357749999999974,62.372299999999996,59.88197500000003,8.625265793005685,7.00453,19.86587371884095
GATX,GATX Corporation,185.39,USD,1.0960846330025036,79834,0.29169498337535166,6544267032.350747,USD,Transportation,Strong buy,179.8907818103861,179.45721634488837,179.07065439554682,3.3850100379210315,2.994444444444437,9.639836773315974,183.57599999999996,178.7095,179.29479999999978,179.51179999999982,18.375458420061452,10.215474,15.354272189890352
TEX,Terex Corporation,57.115,USD,0.8742493818438795,371643,0.37612300106569346,6528244551.445868,USD,Producer manufacturing,Strong buy,61.80890380709205,62.810327895090246,62.918320460716465,-1.8811200824600565,-11.76425150625676,6.637415982076176,57.931000000000004,60.101749999999996,63.63849999999998,62.09469999999994,29.630109981323926,5.042071,-28.130942172178518
PACS,"PACS Group, Inc.",41.22,USD,-0.5788712011577473,298851,0.39076416268548814,6526593362.40521,USD,Health services,Strong buy,43.01674634850238,42.716005540467044,41.402439465023974,-2.2064056939501775,-6.74208144796381,7.092751363990637,41.46399999999997,42.73000000000002,44.33300000000004,38.741449999999986,24.70186372625397,2.367539,103.6241610738255
LNTH,"Lantheus Holdings, Inc.",99.85,USD,0.1303650220617684,386055,0.41802591456399446,6520192433.63919,USD,Health technology,Buy,100.78353570321934,100.44506241767736,97.99641142090007,-0.9326322055759618,-0.8933002481389635,49.47604790419161,99.96399999999994,100.49550000000012,101.38480000000007,87.16950000000003,24.13176402349131,5.414,9.907827980981214
Z,"Zillow Group, Inc.",28.74,USD,2.1321961620469008,2455671,0.5868513303797406,6495465219.876333,USD,Technology services,Buy,32.178287375823,33.2726837076783,35.65141895021929,-4.088102786584353,-20.38781163434904,-58.074398249452955,29.42600000000001,32.04399999999998,33.303799999999995,43.91079999999998,127.56324900133156,2.236598,nan
PATH,"UiPath, Inc.",12.455,USD,-1.1507936507936474,32116841,0.6384102852017899,6490994329.49881,USD,Technology services,Buy,13.944016803524079,13.679839222019964,13.263194954181849,-10.169491525423728,-23.565510892911945,-24.515151515151516,12.987000000000004,14.808249999999997,14.460899999999988,12.805775000000004,18.53146853146853,0.786722,1782.6330532212885
VNO,Vornado Realty Trust,34.75,USD,1.076207097149498,404394,0.2902002569358101,6488538802.196045,USD,Finance,Buy,36.42135657951533,36.59043421573733,36.11508579011219,-0.34413535990822325,-13.059794846134599,4.511278195488722,34.83,35.495499999999936,37.77539999999995,33.3837,1401.2096774193549,-0.279084,-99.38629052214797
IFS,Intercorp Financial Services Inc.,56.035,USD,1.0550045085662647,91492,0.4315308231922584,6469111897.5175,USD,Finance,Strong buy,55.66253531991764,55.391585428844145,54.26892792962936,2.2536496350364956,1.955967976710327,32.095709570957084,55.683000000000014,55.149250000000016,56.35049999999998,50.54552499999999,10.190775833848615,6.00671625506,22.155821651522896
RNG,"RingCentral, Inc.",77.23,USD,-3.244800801804046,738322,0.4278144709162333,6449180995.910424,USD,Technology services,Buy,68.01796615606521,62.72676106523041,56.636584180176115,2.9047301798800893,21.335428122545178,166.40220765781308,78.66200000000006,73.40649999999997,64.274,43.0423,61.508442179037914,5.033308,nan
HXL,Hexcel Corporation,85.28,USD,-0.1989467524868364,567212,0.6102809287909108,6449167690.749679,USD,Electronic technology,Buy,92.50564207694735,93.92196748075925,93.47409625472856,-3.2667876588021727,-9.651446127767771,14.82428975360173,85.95400000000005,89.9729999999999,97.36899999999996,89.59521500000008,42.98603760270175,2.402586,84.24034175334324
ACT,"Enact Holdings, Inc.",46.83,USD,-0.8888888888888925,133667,0.2808006959358297,6438360411.297778,USD,Finance,Buy,48.096518489437635,47.482655314824704,46.36681765016989,-2.7616279069767407,-5.641748942172082,17.840966280825356,47.49800000000003,48.694000000000045,48.446799999999996,43.52427500000003,9.871832707955647,4.801518,7.784240661637735
MAC,Macerich Company (The),22.695,USD,0.24293286219081145,1185360,0.3707998670781201,6435380118.87522,USD,Finance,Strong buy,23.40330133572097,23.577363575073026,23.29805867337108,1.3622152746761935,-6.796714579055446,23.00813008130082,22.677000000000003,22.91375000000001,24.1877,21.660175000000002,nan,-0.153294,45.78130273371583
TXNM,"TXNM Energy, Inc.",58.38,USD,0.3610108303249112,506955,0.25869782814866904,6429141392.888086,USD,Utilities,Buy,57.964457078443125,57.926754305947966,57.98047172136277,-0.20512820512820076,1.442224152910522,-1.0508474576271143,58.413999999999966,58.11749999999999,57.83340000000015,58.44259999999986,32.42973002999667,2.919075,-7.316068578489414
ENS,EnerSys,178.195,USD,0.6012533167729903,179431,0.31738785046150375,6426642713.292807,USD,Producer manufacturing,Strong buy,185.037189199532,189.643122355793,191.5733781076043,0.8289481129406459,-8.688188572892653,21.42759795570698,178.63099999999997,178.46575000000016,186.5298999999998,188.66687499999992,19.062162364544665,13.368333,6.6404289299566575
UBSI,"United Bankshares, Inc.",47.015,USD,1.0423382763808284,513486,0.41197466082168205,6404034537.213089,USD,Finance,Buy,47.354040400128376,47.03863941659272,46.23357966125904,0.05320280910831789,-1.1251314405888468,22.626499739175788,46.61100000000003,47.136249999999976,47.77069999999999,43.883700000000026,12.83160480349345,3.711667,29.442521020278388
PL,Planet Labs PBC,17.595,USD,-0.14188422247447294,11046582,1.126602041912161,6401905565.991487,USD,Technology services,Strong buy,19.489342613614568,21.655199057699797,23.724956234212364,2.894736842105248,-17.81877627276974,-11.382523293880643,17.114999999999995,17.54725,20.40089999999999,27.321324999999984,nan,-0.053299,-262.4588002636783
ETSY,"Etsy, Inc.",69.535,USD,0.8045810379820131,1342523,0.3897939890586629,6382044542.691286,USD,Retail trade,Buy,75.32205000109452,75.40160922624479,73.48074277046057,-4.4192439862543,-17.25963826749168,24.30282445477297,72.16699999999997,75.14925000000007,79.52190000000003,65.25997499999998,40.90775385339452,3.321603,35.9404990403071
URBN,"Urban Outfitters, Inc.",74.39,USD,-0.5215298208077033,523690,0.540773578105945,6372260621.683472,USD,Retail trade,Buy,76.25409893554357,75.59346809507906,74.52520800641871,-1.49629237288135,-5.71609632446135,-1.1953778722273949,74.64400000000005,77.33150000000009,76.40240000000011,72.33699999999999,11.60711499453893,6.358143,25.425652667423382
MTDR,Matador Resources Company,51.465,USD,-2.8412308854068256,815030,0.43222117285023354,6369011030.041722,USD,Energy minerals,Strong buy,55.376026887658554,54.98100836065485,54.45184605312915,-10.48008349278135,-6.068625661617075,21.465659664857224,52.501,57.712250000000076,54.62610000000002,52.81157500000003,8.838531290787937,7.986829,-14.615441014737145
BLDR,"Builders FirstSource, Inc.",59.12,USD,1.4413177762525673,862435,0.16861413893784713,6361102038.789292,USD,Retail trade,Buy,64.61373820533623,68.06808794054812,72.96857914595583,3.2303125545660802,-15.191507674652126,-42.540577315579746,59.190000000000055,61.25600000000013,67.31420000000008,86.8331500000001,64.29581294181621,3.121857,-86.04047427469675
AMRX,"Amneal Pharmaceuticals, Inc.",19.9,USD,0.479676849280479,1203211,0.36926793270926844,6355142954.142893,USD,Health technology,Strong buy,18.187113963114566,17.636733260794006,16.802235432591072,9.823399558498883,10.555555555555548,57.31225296442686,19.738999999999994,18.093749999999993,18.080499999999994,14.807550000000003,41.52754590984974,1.023771,7387.5
LB,LandBridge Company LLC,81.815,USD,-0.8182810037580279,70652,0.31382979668491406,6306742802.3882885,USD,Commercial services,Strong buy,83.19830590342161,81.02429507391233,77.98421369904145,-5.020896215463202,-5.284788145404026,64.02365677626302,84.17499999999993,85.80474999999994,82.0437,69.64642500000004,92.57184883457795,1.884103,74.42273534635878
JOBY,"Joby Aviation, Inc.",6.285,USD,-0.23809523809523303,14235165,0.6112414803489902,6246501111.788095,USD,Electronic technology,Buy,6.8569650695639615,7.321025732590683,7.983843212726254,-0.5537974683544326,-12.465181058495816,-53.271375464684006,6.336999999999998,6.47025,7.16050000000001,9.801825000000003,nan,-0.890731,7.325141776937619
FNB,F.N.B. Corporation,17.655,USD,1.2327981651376136,2511098,0.5454912853401995,6232232432.287844,USD,Finance,Strong buy,18.30056456550198,18.37321916970706,18.27313113058782,-1.7529215358931427,-4.257049891540131,2.944606413994184,17.585000000000004,18.06824999999999,18.59830000000001,17.882199999999997,10.51268310110754,1.690422,30.448966910051254
DOX,Amdocs Limited,57.875,USD,0.04321521175453514,303429,0.3699242081403832,6225671410.907519,USD,Technology services,Buy,59.27731934660036,59.08530993240345,60.03095463933484,-4.638325918602732,-6.968333065423567,-28.283767038413885,58.471000000000004,60.850750000000005,58.53390000000003,65.2067500000004,13.836425361002199,7.416,-15.478499838344648
INGM,Ingram Micro Holding Corporation,26.97,USD,2.3529411764705785,526102,0.21540285462356518,6204095579.894116,USD,Technology services,Buy,27.684668547049828,27.757719503069055,27.414941223357197,-0.7726269315673321,-7.605344295991785,25.500232666356446,26.965999999999973,27.30399999999999,28.1234,25.678105000000006,14.681545998911268,3.430971,61.537108688005624
WFRD,Weatherford International plc,84.98,USD,1.0103411387139054,563248,0.5185416228601393,6177059404.725307,USD,Industrial services,Strong buy,88.23940516765056,89.42767643313063,90.41409400900261,4.027420736932313,-3.145657624800537,8.089544645128466,83.994,88.89150000000004,88.59569999999992,93.14869999999995,16.790152727560113,4.974841,-22.193697156033817
ST,Sensata Technologies Holding plc,42.36,USD,3.1660983925961936,545093,0.43396291006478876,6164899157.938625,USD,Electronic technology,Buy,43.32776535872231,43.80908824916403,43.56554220411025,0.18921475875117855,-0.16497761018147605,26.22169249106078,41.785999999999966,41.93400000000002,43.942800000000034,40.99215000000002,69.95871180842279,3.765542,-19.949762030671593
HR,Healthcare Realty Trust Incorporated,17.97,USD,0.7851934941110521,2372324,0.5187750132070564,6158674008.78912,USD,Finance,Buy,18.949537311428216,19.244359340021163,19.309513251195728,-1.6420361247947495,-7.371134020618555,6.331360946745565,18.04200000000001,18.689000000000004,19.61399999999999,18.775550000000006,nan,-0.077621,77.63043855087537
LOAR,Loar Holdings Inc.,65.34,USD,-0.1375515818431964,304555,0.39593460939491704,6121604588.756535,USD,Electronic technology,Strong buy,68.2264480721144,68.82657795663411,68.77710586462617,1.2238574748257263,-10.9080992637033,-4.543462381300218,64.664,66.2945,70.03760000000001,67.43680000000002,91.98930029564973,1.370234,51.224185650415166
XE,"X-Energy, Inc.",15.0601,USD,-4.197837150127229,3272498,0.4764945772991088,6119913961.780821,USD,Producer manufacturing,Strong buy,16.816177854558017,18.256120906064044,19.972346753246754,-7.493243243243248,-21.130662477088237,-52.96658338538415,15.978019999999997,16.608504999999997,17.580201999999996,nan,nan,-0.666692,nan
CAVA,"CAVA Group, Inc.",52.38,USD,-2.11175481218463,1810163,0.424725059867936,6118308465.271912,USD,Consumer services,Strong buy,60.23012383867759,64.1661557601809,67.70416829214564,0.6243396407645814,-24.086956521739125,-11.12996267390566,52.72999999999998,56.28300000000003,62.50940000000012,72.28795,93.53571428571428,0.546426,-52.83018867924528
LQDA,Liquidia Corporation,68.315,USD,-3.7138830162086043,568003,0.4320337325288725,6114799437.612685,USD,Health technology,Strong buy,70.17997532576815,70.10550838977319,66.86501892850748,0.3451821386603987,-2.6019389791844922,97.78517660683266,68.36500000000001,67.885,75.62719999999999,53.8759,50.07329766180458,3.068,nan
SGHC,Super Group (SGHC) Limited,12.03,USD,0.4173622704507423,999960,0.3781451781611516,6112402455.485809,USD,Consumer services,Strong buy,13.186588472306608,13.282442693774684,13.129087110433629,-5.4988216810683515,-13.45323741007195,-0.6606110652353433,12.181999999999988,13.258500000000023,13.601799999999994,12.190200000000006,16.536082474226802,0.840268,175.8816837315131
INGR,Ingredion Incorporated,96.725,USD,0.2435485542543263,232406,0.3880293044720892,6099863339.995078,USD,Consumer non-durables,Buy,100.31628150621066,101.26819761802376,102.82254431558853,-2.001013171225946,-7.75796299828343,-11.60208371412905,96.995,99.91924999999978,102.04050000000002,107.57902500000002,10.536951501154734,10.53366,-10.412335919582285
WEX,WEX Inc.,178.92,USD,-3.510758776896952,342221,0.613856154095346,6097881029.870893,USD,Commercial services,Buy,186.2277822420039,181.08629082608,174.42295229946888,-8.354248834707782,-9.604405597938674,19.646917212785876,183.48599999999993,190.86549999999974,188.0352000000001,161.22130000000004,17.816990470120793,20.076186,26.891924335662566
ANDG,Andersen Group Inc.,53.81,USD,0.8244332021735148,140827,0.3371202618309398,6079908537.350385,USD,Consumer services,Strong buy,52.15086984736964,49.39514018536093,45.235440215632714,-2.7295733911785938,2.4562071591774544,108.40433772269559,53.79,54.828499999999984,50.572999999999986,nan,6.288345350644494,1.870656,154.67559523809527
QLYS,"Qualys, Inc.",175.65,USD,-3.9849130862577855,265066,0.34764331601145443,6076612045.726467,USD,Technology services,Buy,168.56117362028576,160.97337817947908,150.33999403992442,-1.5635507733691953,0.8265885999655574,32.4660633484163,181.546,176.07400000000007,170.68219999999994,126.92400000000015,30.42454055739352,7.83303,15.010558189569304
