Symbol,Description,Price,Price - Currency,Price Change % 1 day,Volume 1 day,Relative Volume 1 day,Market capitalization,Market capitalization - Currency,Sector,Analyst Rating,Exponential Moving Average (8) 1 week,Exponential Moving Average (13) 1 week,Exponential Moving Average (21) 1 week,Change from Open % 1 week,Performance % 1 month,Performance % YTD,SMA 5,SMA 20,SMA 50,SMA 200,PE Ratio TTM,EPS Forecast Next Qtr,EPS Growth YoY TTM
NVDA,NVIDIA Corporation,215.33,USD,-1.9042412646348588,169266663,1.0098842542853859,5210986044312.0,USD,Electronic technology,Strong buy,205.99501517970876,199.79355378799616,194.0195652298824,-6.325314308087177,7.1346833175779905,13.43008402033345,220.24799999999996,214.7455,196.80779999999984,187.03239999999997,32.97650770314558,2.071507,110.33338701884364
GOOGL,Alphabet Inc.,382.97,USD,-1.2098230408089556,20442112,0.7577202511715074,4620520527317.0,USD,Technology services,Strong buy,364.68837558908274,349.7374766075025,333.1268495317392,-3.2134147111970317,13.63420568512256,20.848848217103207,388.8279999999997,385.4830000000001,341.14019999999965,296.19165000000015,29.214057410501105,2.879032,46.187815730487436
GOOG,Alphabet Inc.,379.38,USD,-1.0665762641145413,13382754,0.7778558644542957,4620520527316.999,USD,Technology services,Strong buy,362.0153632744484,347.6439869891644,331.6726299144883,-3.2502390819254074,13.286650641264913,19.455902263925193,385.152,382.2885,338.8414,296.02865,28.940201844520217,2.878558,46.187815730487436
AAPL,Apple Inc.,308.82,USD,1.2557788779959946,43670051,1.009808480067596,4535749525015.0,USD,Electronic technology,Strong buy,285.1524827069053,277.820800024629,271.4144761783566,2.8577138289368453,15.30878948547532,13.430423683678905,302.57400000000024,289.3484999999999,270.55280000000005,261.5496999999999,37.35801125022682,1.884595,29.004822172630675
MSFT,Microsoft Corporation,418.57,USD,-0.12407836025674242,22390244,0.6805584446721452,3109319912503.0,USD,Technology services,Strong buy,411.88877420067035,412.51413506633065,420.61129892423065,0.46805242187124685,-1.7867827351971584,-13.587332390557098,419.936,416.61349999999965,400.4410000000002,460.40125000000046,24.929571592783844,4.239158,29.74746147782946
AMZN,"Amazon.com, Inc.",266.32,USD,-0.7971392386202736,27534593,0.7652253377644351,2864833447537.0,USD,Retail trade,Strong buy,254.7126219491265,246.2056985757652,239.09468165579116,0.930400015159261,5.498336238314053,15.120601711766227,264.79800000000023,267.0954999999999,241.92360000000025,230.55460000000005,31.82714485461955,1.814364,36.47513577870922
AVGO,Broadcom Inc.,414.14,USD,-0.10372192874544874,14086441,0.7945805257783332,1960815461934.0,USD,Electronic technology,Strong buy,400.6259665775325,384.9980554978445,369.8214726379174,-1.725160769796644,1.7593002113125873,17.394940117638725,415.6500000000001,419.0899999999996,377.0406999999995,349.84492500000016,80.78573657927589,2.386929,147.2579945015193
TSLA,"Tesla, Inc.",426.01,USD,1.9528538949383674,46102788,0.8553444968817456,1599975861491.0,USD,Consumer durables,Buy,405.54728516224384,402.85778793843775,402.99673895637653,1.607555990173399,9.918208323657662,-6.944080384447361,415.0439999999993,409.25849999999963,388.3344,410.0276749999998,389.1923990498812,0.441889,-39.80422349318082
META,"Meta Platforms, Inc.",610.26,USD,0.4741677368369053,11688608,0.9141245893261766,1549098121757.0002,USD,Technology services,Strong buy,620.3969696117775,624.6135482916515,632.347569075135,0.18962247888294673,-9.504637764975424,-7.91655664114075,607.3039999999999,619.1047500000006,617.8139000000002,669.4294250000004,22.185948099728794,7.178764,7.29342195593833
BRK.B,Berkshire Hathaway Inc. New,486.38,USD,1.3333888912037954,4342154,0.9582214592815673,1048580917138.0001,USD,Finance,Buy,480.29161190420575,481.9167234564253,484.626687542484,1.0911811776442957,3.736723115642192,-2.910412008942827,483.2199999999999,478.0369999999992,477.9620000000001,490.24670000000066,14.47852541585797,4.922593,-10.480916050876308
BRK.A,Berkshire Hathaway Inc.,728641.0,USD,1.427364359321647,356,1.567591369440775,1048580917138.0,USD,Finance,Buy,720841.8974224271,723322.1202886659,727398.0507960446,0.8499653979238754,3.389996452642781,-2.8478666666666665,723693.6099999994,717507.5450000003,717267.6374000007,735569.8869499997,14.460102058444223,7380.20015,-10.480948284775364
LLY,Eli Lilly and Company,1065.0,USD,2.24163586617385,3472905,1.1731738043560767,1002954584656.0,USD,Health technology,Strong buy,980.8198253316352,975.8921847728703,970.7184181085777,6.435074604491259,17.497793468667258,-1.0590858416945457,1027.004,973.896,943.3311999999999,928.254549999999,38.3355530758432,8.80512,130.14091274344932
WMT,Walmart Inc.,120.27,USD,-0.8818196802373557,30330571,1.2857733686468256,958671027456.0,USD,Retail trade,Strong buy,126.90495505824218,125.9365615446367,123.3809524796444,-8.553832116788332,-7.484615384615388,7.938074938299303,127.99999999999997,129.5935,126.98700000000017,114.78215000000002,42.36798534540459,0.742632,21.780351780351772
MU,"Micron Technology, Inc.",751.0,USD,-1.4565017714210764,36001838,0.6674695272426033,846928240601.0001,USD,Electronic technology,Strong buy,605.3621760949735,541.8057214015782,474.6819462832172,0.07195586706819332,62.227550601602836,154.46844557390935,725.0740000000002,668.7470000000001,519.0095999999999,322.55575,35.45580299603896,19.407871,409.11691183540046
JPM,JP Morgan Chase & Co.,306.38,USD,1.115511551155114,5978568,0.7328789515084821,820948738674.0001,USD,Finance,Buy,303.40480736376674,303.19448346017197,303.1852507657352,2.81208053691275,-2.690169922185176,-4.998449612403102,301.5579999999997,305.44950000000006,301.6571999999999,305.5515500000005,14.675199019034936,5.425618,2.4753228521923547
JPM/PC,"J P Morgan Chase & Co Depositary Shares, each representing a 1/400th interest in a share of 6.00% Non-Cumulative Preferred Stock, Series EE",25.0,USD,0,104919,0.6324555507666155,820948738674.0,USD,Finance,,25.10897704765032,25.132307851513026,25.16262913447836,0.12014417300761368,-1.3806706114398477,-0.6359300476947541,24.96799999999998,25.098999999999993,25.115300000000012,25.287910499999953,1.1974671175529519,5.425618,2.4753228521923547
JPM/PJ,"J P Morgan Chase & Co Depositary Shares, each representing a 1/400th interest in a share of JPMorgan Chase & Co. 4.75% Non-Cumulative Preferred Stock, Series GG",19.19,USD,0.15657620041754247,80156,0.9767831813329564,820948738674.0,USD,Finance,,19.66900114632412,19.805918768608986,19.9617908033232,-1.3367609254498611,-4.097951024487757,-5.421389847215367,19.191999999999958,19.620800000000038,19.75102000000006,20.40397300000008,0.9191757594336459,5.425618,2.4753228521923547
JPM/PL,"J P Morgan Chase & Co Depositary Shares, each representing a 1/400th interest in a share of 4.625% Non-Cumulative Preferred Stock, Series LL",18.65,USD,0.26881720430106,266785,1.6725786996286014,820948738674.0,USD,Finance,,19.131618556979614,19.269344204109426,19.420559885270837,-1.47913365029055,-4.014410705095219,-5.329949238578684,18.668020000000052,19.072005000000008,19.22490199999995,19.843783499999997,0.893310469694502,5.425618,2.4753228521923547
JPM/PM,"J P Morgan Chase & Co Depositary Shares, each representing a 1/400th interest in a share of 4.20% Non-Cumulative Preferred Stock, Series MM",17.27,USD,0.05793742757820399,129106,0.698168784599253,820948738674.0,USD,Finance,,17.70227905569819,17.83915000751557,17.991328639086426,-1.2013729977116754,-4.055555555555558,-5.83424209378408,17.31000000000003,17.64549999999999,17.753406000000027,18.407848999999988,0.8272102848055791,5.425618,2.4753228521923547
JPM/PK,"J P Morgan Chase & Co Depositary Shares, each representing a 1/400th interest in a share of 4.55% Non-Cumulative Preferred Stock, Series JJ",18.32,USD,0,442760,3.0318842246974347,820948738674.0,USD,Finance,,18.83604263837886,18.968481543208707,19.114362837192335,-1.822079314040728,-4.384133611691023,-5.906522855675391,18.391999999999996,18.790499999999977,18.920199999999962,19.521061999999983,0.8775039037428032,5.425618,2.4753228521923547
JPM/PD,"J P Morgan Chase & Co Depositary Shares, each representing a 1/400th interest in a share of 5.75% Non-Cumulative Preferred Stock, Series DD",23.96,USD,-0.3327787021630545,112848,0.9659187689431712,820948738674.0,USD,Finance,,24.395472834142886,24.51881727797838,24.635382413372316,-0.6221484861053446,-3.113627173473512,-4.006410256410256,24.03000000000001,24.344999999999935,24.495200000000033,24.903824000000032,1.1476524854627492,5.425618,2.4753228521923547
AMD,"Advanced Micro Devices, Inc.",467.51,USD,3.985853777886523,34758372,1.033768837676165,762322095855.0,USD,Electronic technology,Strong buy,369.6247025384396,328.80628310766815,292.376990181095,8.849825378346914,60.537747025393614,113.57240749200548,439.9440000000001,405.8959999999999,303.18880000000007,230.87634999999997,153.43792050937017,1.60043,123.34701656648583
XOM,Exxon Mobil Corporation,154.92,USD,-0.23826389336081172,12948454,0.7374678530279013,642135222801.0,USD,Energy minerals,Buy,152.81865333705858,150.95332268311645,146.4420740293082,-1.5224231637161176,3.7190774277775773,29.00324756432674,157.90599999999995,153.05100000000013,155.65460000000007,131.10299999999995,26.14198207927642,3.495504,-21.597914957796423
ASMLF,ASML Holding N.V.,1645.196,USD,3.6670447385003095,480,0.7822685788787483,628439868716.3608,USD,Electronic technology,Strong buy,1503.7539580068787,1454.3466465142203,1382.953886363805,8.68993036745371,11.226222734230062,46.23964444444444,1542.1232000000007,1500.7658749999987,1436.2776300000003,1177.1696295,55.05828711462098,7.970391319999999,24.817063462931433
V,Visa Inc.,328.88,USD,-0.6764919062575528,7464251,0.9670117571668462,619650994379.0001,USD,Finance,Strong buy,319.9605609408573,319.13532878312515,321.1789358025946,1.3716364084702366,5.745795955113985,-5.999371195015294,330.6600000000001,324.57950000000034,313.6530000000003,330.95979999999975,28.9127816508277,3.224008,15.69616648189022
INTC,Intel Corporation,119.84,USD,1.130801687763716,82656866,0.604638994190294,602315821594.0,USD,Electronic technology,Buy,94.621070529511,82.11583702636564,70.1007747131585,5.61381863047502,76.40391550747037,217.2888535875033,115.25400000000002,109.05749999999996,76.445,47.173550000000034,nan,0.209378,85.99601994499474
JNJ,Johnson & Johnson,234.34,USD,1.126310792732928,5464729,0.6887858688061153,564107232576.0001,USD,Health technology,Strong buy,230.85716591364613,230.67821222964514,226.8398370412677,3.365533059856202,3.6077460429746204,13.306256648293207,230.86200000000053,227.18424999999996,233.3635000000001,210.74487500000055,27.095088335954124,2.848954,-3.8584243933347526
ORCL,Oracle Corporation,192.08,USD,1.217263002582074,10875803,0.6456774628415121,552430901438.0,USD,Technology services,Strong buy,178.48302595411477,174.70257099630976,177.26948011786834,1.0947368421052697,3.1689762595337876,-2.729528535980142,187.61600000000007,184.16250000000014,167.2104000000001,207.97925000000015,34.486597123723,1.952085,30.860861801607076
TCTZF,Tencent Holding Ltd.,56.0,USD,-1.7543859649122806,6398,0.7625563157016518,505975743003.55237,USD,Technology services,Strong buy,60.89097928414062,63.1507122503436,65.93341649481424,-2.0944788279310473,-13.700107874865155,-29.824561403508767,57.61738999999994,59.66112250000001,62.77682900000001,74.04897392500001,15.745340920162873,1.0911356510599999,20.382521282675853
CSCO,"Cisco Systems, Inc.",120.41,USD,1.8697123519458494,22237164,0.6469213088652085,474588180442.0,USD,Electronic technology,Strong buy,100.06568351149674,93.86322016108099,88.32686849538699,1.3552188552188549,33.900472616068946,57.100919825167985,117.44400000000003,101.80899999999994,89.89389999999996,77.88380000000002,39.254743430918694,1.163165,25.71311475409837
COST,Costco Wholesale Corporation,1028.24,USD,-2.114331952972539,2051733,0.977097557838297,456181269880.99994,USD,Retail trade,Buy,1016.3758526354532,1005.7939295136692,992.0204757185365,-2.0723809523809518,2.3144739198790014,19.404510300299606,1064.6980000000003,1026.5420000000001,1007.9912000000003,957.3212250000001,53.4753462344565,4.976374,12.251891462731184
MA,Mastercard Incorporated,498.54,USD,-0.21616428485648773,1959481,0.6107072432451397,440501915027.0,USD,Finance,Strong buy,500.3538741624885,505.7236538390911,514.7108222348272,1.4344137215406236,-2.64221688441034,-12.645651907273399,500.338,500.09400000000034,501.8413999999995,543.4101,28.85236414144337,4.764649,21.205106621773286
CAT,"Caterpillar, Inc.",879.89,USD,1.6097927132051433,1988833,0.8168844687899287,405309917730.0,USD,Producer manufacturing,Buy,839.7921824580282,802.0839719576771,752.0166861221243,-1.5033806474723572,8.294153846153844,52.338163749372384,868.4999999999993,881.3951500000003,798.7682600000003,625.9407149999995,43.77431519457131,6.120328,-2.04958774340682
LRCX,Lam Research Corporation,305.35,USD,1.0289835892006398,7859185,0.9177042646122732,381861876200.0,USD,Producer manufacturing,Strong buy,272.6600240037873,258.06909851019196,238.82330612602735,4.307576689212275,16.67494555041842,71.6896260894012,290.204,280.0880000000001,255.80680000000012,188.52465000000004,57.6338687453993,1.664497,47.59583240472476
CVX,Chevron Corporation,191.43,USD,0.2198837757185571,7218280,0.7324608930726407,381251548117.00006,USD,Energy minerals,Strong buy,189.31461192012807,187.6375069602565,183.2634073025245,0.13600460323273492,2.221391573663692,25.804225676075323,193.42799999999988,189.25350000000012,193.29939999999962,169.2569000000001,33.21995661605206,4.973861,-33.93295269542089
ABBV,AbbVie Inc.,215.7,USD,0.5594405594405542,5407981,0.9884157197545007,381097211637.0,USD,Health technology,Strong buy,209.80162000227793,211.5479256059633,213.63596002803794,2.53363122118172,5.132329287907589,-5.7007956631984,213.13400000000019,207.32049999999995,208.31399999999994,219.23254999999986,106.38717632552405,3.763958,-13.546819034623924
NFLX,"Netflix, Inc.",88.6,USD,-0.7838745800671924,23847194,0.7384150062445014,373076726484.99994,USD,Technology services,Strong buy,90.91059276482032,91.8496353114726,93.56318339128634,2.433666685935591,-4.792606920266503,-5.87485392542229,88.99399999999994,89.1974999999999,93.68199999999983,101.88137000000005,28.62959252916276,0.787837,46.23854078064454
BAC/PK,"Bank of America Corporation Depositary Shares, each representing a 1/1,000th interest in a share of 5.875% Non- Cumulative Preferred Stock, Series HH",24.53,USD,0.12244897959184137,34109,0.609715332707691,367603373785.0,USD,Finance,,24.756716322404863,24.784855088086534,24.802949275652697,-0.4464285714285692,-1.722756410256409,-0.244001626677506,24.550000000000015,24.801856349999962,24.760256540000064,24.899698634999936,6.0865465733710495,1.097647,20.322436184505147
BML/PJ,Bank of America Corporation Depositary Shares (Each representing a 1/1200th interest in a Share of Floating Rate Non-Cumulative Pref,20.0756,USD,-0.24546583850930961,5771,0.43751516254245515,367603373785.0,USD,Finance,,20.04679500528322,20.048760116400594,20.14168188481476,-1.348402948402948,1.9065989847715845,1.1365239294710328,20.14512000000004,20.17477999999992,19.876384000000044,20.488014499999952,4.981291251054539,1.097647,20.322436184505147
BML/PL,Bank of America Corporation Depositary Shares (Each representing a 1/1200th Interest in a Share of Floating Rate Non-Cumulative Pref,19.64,USD,-0.25393600812595585,5850,0.47557109178115603,367603373785.0,USD,Finance,,19.622928590556374,19.62623968409344,19.68212366401888,-0.05089058524172017,0.3064351378958237,1.6037247801345178,19.681899999999946,19.633474999999965,19.57751799999996,19.916852500000005,4.873207284998264,1.097647,20.322436184505147
BAC/PL,Bank of America Corporation Non Cumulative Perpetual Conv Pfd Ser L,1196.0,USD,-0.053483085974069054,1758,0.22071285985110042,367603373785.0,USD,Finance,,1209.648910021658,1215.2073279163403,1222.1191802936103,-0.06684491978609246,-3.236245954692557,-4.381196034537893,1195.4579999999976,1212.636249999999,1209.1500999999976,1243.8077119999937,296.75946603146247,1.097647,20.322436184505147
BAC/PO,"Bank of America Corporation Depositary shares, each representing 1/1,000th interest in a share of 4.375% Non-Cumulative Preferred Stock, Series NN",17.27,USD,0.2030751378009872,139854,1.8268362869716401,367603373785.0,USD,Finance,,17.550646882812458,17.661328819235024,17.78652599113097,-0.6329113924050601,-2.1529745042492863,-4.953219592735289,17.26300000000002,17.490754999999957,17.604654000000025,18.137944319999953,4.285147139099797,1.097647,20.322436184505147
BAC/PQ,"Bank of America Corporation Depositary shares, each representing 1/1,000th interest in a share of 4.250% Non-Cumulative Preferred Stock, Series QQ",16.79,USD,0.35863717872085304,369144,1.4051499783599959,367603373785.0,USD,Finance,,17.07664618802064,17.18009016977491,17.295541321191845,-0.709639266706097,-3.727064220183498,-4.926387315968295,16.749999999999993,17.011499999999963,17.125600000000023,17.630377854999995,4.166046350057069,1.097647,20.322436184505147
BAC/PP,"Bank of America Corporation Depositary Shares, each representing a 1/1,000th interest in a share of 4.125% Non-Cumulative Preferred Stock, Series PP",16.45,USD,0.30487804878049213,98524,1.6306278125615474,367603373785.0,USD,Finance,,16.70168169656829,16.791803120496226,16.889585963725448,-0.8438818565400877,-2.2578728461081345,-4.69293163383547,16.419999999999987,16.64437999999999,16.74085,17.162541500000003,4.081683291151804,1.097647,20.322436184505147
BACRP,Bank of America Corp.,214.77,USD,10.706185567010316,5,0.28089887640449435,367603373785.0,USD,Finance,,214.16106194659818,217.94992856775912,220.15333857558227,7.385000000000005,-0.10697674418604175,-12.338775510204078,202.95600000000013,217.064,219.46330000000006,219.35097499999986,53.29015929730535,1.097647,20.322436184505147
BAC/PM,"Bank of America Corporation Depositary Shares, each representing a 1/1,000th interest in a share of 5.375% Non-Cumulative Preferred Stock, Series KK",21.52,USD,0,51401,0.8050034533036605,367603373785.0,USD,Finance,,21.912752710371223,22.01896717020277,22.13234727540509,-1.1937557392102918,-2.9756537421100098,-2.4036281179138372,21.574000000000044,21.883509999999944,21.91930199999998,22.46730700000007,5.339685375415613,1.097647,20.322436184505147
BAC/PE,Bank of America Corporation Depositary Sh repstg 1/1000th Perp Pfd Ser E,19.22,USD,-0.4145077720207349,11656,0.7185171030001911,367603373785.0,USD,Finance,,19.333460002642447,19.420684940371732,19.610275624011585,-1.233299075025704,-0.9788768675940303,1.9628647214853974,19.29602000000002,19.344729999999892,19.242722000000075,20.25797549999995,4.768994094585876,1.097647,20.322436184505147
BAC/PN,"Bank of America Corporation Depositary shares, each representing 1/1,000th interest in a share of 5.000% Non-Cumulative Preferred Stock, Series LL",20.115,USD,0.5749999999999922,102817,1.1872194099063313,367603373785.0,USD,Finance,,20.441902759505133,20.555366529471478,20.667557382263798,-0.8624938393297227,-2.685050798258361,-3.4325492078732593,20.084999999999997,20.379044999999905,20.466117999999973,20.96081471999997,4.991067440821795,1.097647,20.322436184505147
BAC/PS,"Bank of America Corporation Depositary shares, each representing 1/1,000th interest in a share of 4.750% Non-Cumulative Preferred Stock, Series SS",18.75,USD,0,93596,1.5688207026136396,367603373785.0,USD,Finance,,19.17364677724755,19.300083462355932,19.429879740055952,-1.419558359621449,-4.4342507645259985,-4.918864097363078,18.788000000000025,19.124000000000017,19.280212000000027,19.795854499999997,4.6523745719815395,1.097647,20.322436184505147
BML/PG,"Bank of America Corporation Depositary Shares (Each representing a 1/1200th interest in a share of Floating Rate Non-Cumulative Preferred Stock , Series 1)",19.24,USD,0.05200208008319298,1093,0.14622073578595318,367603373785.0,USD,Finance,,19.274955532213543,19.29477849148838,19.384216620200267,-0.05194805194806007,-0.824742268041238,3.943814154511058,19.30799999999996,19.326750000000022,19.242024000000065,19.75954950000012,4.773956627462657,1.097647,20.322436184505147
BAC,Bank of America Corporation,51.8,USD,0.6020586521654596,26683681,0.7414463647503805,367603373785.0,USD,Finance,Strong buy,51.297092067669155,51.3080370584704,51.35492238857882,4.1834271922767465,-3.4842556362958907,-5.869525713247326,51.18199999999988,51.72700000000005,50.83659999999997,51.73637500000007,12.852960150861,1.097647,20.322436184505147
BML/PH,Bank of America Corporation Depositary Shares (Each representing a 1/1200th interest in a Share of Floating Rate Non-Cumulative Pref,19.35,USD,0.20714655618851735,6805,0.34894930620365716,367603373785.0,USD,Finance,,19.307468360970518,19.313691978575456,19.37390018090769,0.36307053941908857,0.20714655618851735,4.368932038834964,19.32799999999997,19.33560999999998,19.27044400000001,19.68339100000004,4.801250558284949,1.097647,20.322436184505147
BAC/PB,"Bank of America Corporation Depositary Shares, each representing a 1/1,000th interest in a share of 6.000% Non-Cumulative Preferred Stock, Series GG",24.61,USD,-0.16227180527383023,100813,0.9702924746582277,367603373785.0,USD,Finance,,24.94753916278382,25.00204267119854,25.04996986243571,-1.204335608189485,-2.6503164556962093,-1.9912385503783354,24.706000000000017,24.98624999999995,25.028345999999953,25.211918999999916,6.10639670487817,1.097647,20.322436184505147
IDCBF,Industrial and Commercial Bank of China Ltd.,0.874,USD,0.4597701149425292,2000,0.03383258958023906,360675989170.41,USD,Finance,Strong buy,0.8683708079774941,0.8527912515393467,0.8343859914058451,-4.761904761904758,-1.907968574635243,9.373044675259663,0.8919839999999992,0.8573353500000002,0.8219742200000006,0.7057172700000003,nan,0.035313599999999994,nan
UNH,UnitedHealth Group Incorporated,388.47,USD,1.566094959213556,5602085,0.7853809374816259,352786836032.00006,USD,Health services,Strong buy,357.07019875251086,342.0036813233268,332.8437022562735,-0.3923076923076853,10.713064295485646,17.39977938621014,386.92400000000015,379.63149999999973,330.6479999999992,324.0340750000004,29.338861700199384,4.83114,-44.64988148934658
RHHBF,Roche Holding Ltd,448.625,USD,5.525303727051409,42,1.9178082191780823,352471847537.4496,USD,Health technology,Buy,423.375879638291,423.01767175937573,419.69361130059264,5.902695812284593,7.713085234093637,5.5588235294117645,426.8920000000003,422.05540500000035,420.2148219999999,388.76214400000003,22.173231348624352,12.811410000000002,78.0470861833516
KO,Coca-Cola Company (The),81.48,USD,0.38191450043119657,8244439,0.5834687339477679,350566282178.0,USD,Consumer non-durables,Strong buy,78.83092908843642,77.89123782802284,76.62125021508672,0.7542970199084943,8.78504672897196,16.64996420901934,81.46399999999996,79.51124999999996,77.44229999999993,72.76507500000011,25.654104089921603,0.931987,27.166079436258816
AMAT,"Applied Materials, Inc.",432.16,USD,1.123174840883567,4892570,0.5602064974619546,343117502234.0,USD,Producer manufacturing,Strong buy,408.24311381879494,389.15375770840535,362.14085670373964,-2.0733724592689895,8.07512441543502,61.8091957465928,421.37000000000023,416.2245,388.9843999999998,287.2447249999999,40.6050925490933,3.359522,29.538345443701996
RHHVF,Roche Holding Ltd,425.0,USD,0.5550639530206749,453,0.21077610273590175,338801722406.50226,USD,Health technology,Buy,413.61895958747556,414.7212059419185,411.9127298375177,1.1615728839379214,6.25,6.082919401941942,416.142,407.59264999999994,402.7188539999997,389.13221100000015,21.00556884517214,12.811410000000002,78.0470861833516
PG,Procter & Gamble Company (The),144.44,USD,0.7252440725244016,4618184,0.6138733409896514,336342862736.0,USD,Consumer non-durables,Buy,145.74925423865497,146.8775344621734,148.09524817489228,1.6467276565798759,1.3649601740411896,0.9293550415763986,142.79399999999993,144.74200000000025,144.86419999999995,149.85854999999995,21.124989030918186,1.424693,8.592211422400094
PLTR,Palantir Technologies Inc.,136.88,USD,-0.38933158679910973,27577594,0.7877595750718077,328144117832.99994,USD,Technology services,Strong buy,139.93511038675035,142.93261944510192,147.0026426237063,3.305660377358487,-7.737934753302788,-24.500827357970223,136.369,137.42574999999994,142.6439,162.63319999999996,154.21360973411447,0.341023,287.59825327510913
ACGBF,Agricultural Bank of China,0.748975,USD,-0.13666666666667382,4883,1.720517247454283,323895969452.5843,USD,Finance,Strong buy,0.7266542207227235,0.7213455195135966,0.7099574101055548,-0.13666666666667382,0.8992321163949868,9.515280011697616,0.7485950000000001,0.7357696499999997,0.7137636599999999,0.48572895499999996,6.351175364086072,0.0272209,4.890422600980622
MS/PI,Morgan Stanley Depository Shares Representing 1/1000th Preferred Series 1 Fixed to Floating Non (Cum),25.055,USD,0.019161523660487626,42494,0.6361405814696773,317081583956.0,USD,Finance,,25.069632928335775,25.09294153219014,25.11809516532901,-0.0598324690865599,0.05990415335463486,0.09988014382740143,25.049170799999978,25.082617699999965,25.07046507999998,25.193472270000115,2.269248535019156,2.754338,29.550841292563295
MS/PL,"Morgan Stanley Depositary Shares, each representing 1/1,000th of a share of 4.875% Non-Cumulative Preferred Stock, Series L",19.73,USD,-0.15182186234818387,24378,0.6613188941667323,317081583956.0,USD,Finance,,20.26169477309621,20.371805390573908,20.480871251129383,-2.0843672456575595,-3.520782396088014,-3.662109375,19.798000000000002,20.25850000000002,20.31735339999994,20.806298350000098,1.7869596326452981,2.754338,29.550841292563295
MS/PK,"Morgan Stanley Depositary Shares, each representing 1/1,000th of a share of Fixed-to-Floating Rate Non-Cumulative Preferred Stock, Series K",23.56,USD,-0.16949152542374024,67875,1.4832337226708041,317081583956.0,USD,Finance,,24.001155138761767,24.116855646278605,24.22819287971396,-1.2573344509639595,-3.020124559042066,-4.032586558044814,23.646999999999995,24.037249999999965,24.026879999999952,24.518386500000034,2.133845359610908,2.754338,29.550841292563295
MS/PF,Morgan Stanley Dep Shs Rpstg 1/1000th Int Prd Ser F Fxd to Flag,25.26,USD,0.0396039603960458,40676,0.6062593340030465,317081583956.0,USD,Finance,,25.252232956307868,25.261395570802375,25.274873429431967,-0.23696682464454472,0.1872064982865851,0.4373757455268509,25.256000000000046,25.250080000000132,25.256342000000004,25.32130450000001,2.287815525626976,2.754338,29.550841292563295
MS/PQ,"Morgan Stanley Depositary Shares, each representing 1/1,000th of a share of 6.625% Non-Cumulative Preferred Stock, Series Q",25.59,USD,0.3529411764705877,15776,0.31988515279504115,317081583956.0,USD,Finance,,25.615818660359405,25.711689611956935,25.8279374472272,0.15655577299412582,0,-2.4399542508577987,25.48699999999999,25.538749999999975,25.591600000000042,26.088842499999995,2.317703851971271,2.754338,29.550841292563295
MS,Morgan Stanley,201.03,USD,0.2593386863498131,3738520,0.7096991290442715,317081583956.0,USD,Finance,Buy,188.17603624047555,183.51601384270757,178.80806271914074,4.366109438272244,4.877921535893152,12.612385513822376,196.31600000000017,192.384,180.28460000000007,169.61035000000007,18.20742498482941,2.754338,29.550841292563295
MS/PP,"Morgan Stanley Depositary Shares, each representing 1/1,000th of a share of 6.500% Non-Cumulative Preferred Stock, Series P",25.18,USD,-0.1190003966679934,46155,0.7775451104196603,317081583956.0,USD,Finance,,25.25003731751837,25.31099288070842,25.38898074091915,-0.27722772277227836,-0.15860428231561916,-1.2936103488827981,25.156300000000016,25.241625000000006,25.26164999999995,25.581061499999947,2.280569870755631,2.754338,29.550841292563295
MS/PA,Morgan Stanley Dep Shs repstg 1/1000 Pfd Ser A,19.59,USD,-0.2037697401935769,35679,0.5543919076401945,317081583956.0,USD,Finance,,19.546041012154788,19.5831797422459,19.732772872343222,-0.457317073170731,1.4500258933195296,1.4500258933195296,19.628000000000082,19.537999999999997,19.406588000000013,20.347086499999953,1.7742797366204455,2.754338,29.550841292563295
MS/PE,Morgan Stanley DEPOSITARY SHARES REP 1/1000TH SHARES FIXED/FLTG PREFERRED STOCK SERIES E,25.42,USD,0.07874015748032728,44800,0.9571054396916753,317081583956.0,USD,Finance,,25.393027924280265,25.41167420415615,25.44018145635698,0.2365930599369175,0.35530990919859223,0.47430830039526084,25.39999999999994,25.38311999999997,25.38947599999996,25.533839000000043,2.3023068353696643,2.754338,29.550841292563295
MS/PO,"Morgan Stanley Depositary Shares, each representing 1/1,000th of a share of 4.250% Non-Cumulative Preferred Stock, Series O",16.97,USD,0.29550827423166165,44386,0.27981911931304176,317081583956.0,USD,Finance,,17.288565026727532,17.39700409408218,17.511544276238165,-0.7602339181286699,-2.91762013729978,-3.96151669496323,16.97000000000001,17.235754999999966,17.369304000000014,17.848763500000004,1.5369845395839181,2.754338,29.550841292563295
CICHF,China Construction Bank Corp.,1.18,USD,0,8043,0.22598282721571628,316887629715.7833,USD,Finance,Strong buy,1.0893899754780885,1.064911515855117,1.0419625439709013,7.7625570776255675,2.430555555555558,17.261254099175193,1.1403999999999992,1.12445,1.0754551999999997,1.0141193099999997,6.225760226789883,0.0448777,2.8443148205674262
GE,GE Aerospace,302.84,USD,0.3579003181336109,3504021,0.7400213189909696,315964258137.0,USD,Electronic technology,Strong buy,295.02974274029964,297.47577939467317,298.6779981189927,6.863333215709795,5.648002790859933,-2.2308313155770865,295.208,292.43100000000015,293.9586,300.1743000000001,37.32314518116834,1.858427,26.528193612774466
BABAF,Alibaba Group Holding Limited,16.424,USD,-4.087829946274231,1723,0.06719418456366678,315227018890.57654,USD,Retail trade,Strong buy,16.98842944554933,17.321378525330662,17.734236409794498,-0.4606060606060637,0.7607361963190109,-4.788405797101452,17.087799999999994,16.9407,16.507718,18.814327499999994,21.3146726852014,0.18420972117,-17.35061036113446
HD,"Home Depot, Inc. (The)",313.07,USD,-0.22627318503409383,2966858,0.5452147444002093,311826402453.0,USD,Retail trade,Strong buy,322.5274006455195,331.09872154658837,340.8935346232647,4.618212197159563,-8.978049135048698,-8.840229449960695,307.93600000000055,314.6890000000009,326.4596000000007,366.03524999999973,22.23271668501225,4.731021,-4.46937986336777
HBCYF,HSBC Holdings Plc,18.1288,USD,2.7290448343079734,21933,1.5346669745376686,311517394783.3125,USD,Finance,Buy,17.365874331886527,17.121154796397906,16.680454364522067,3.415858528237291,2.1271801343007652,12.952024922118365,17.681199999999997,17.554224999999995,17.025644000000003,15.285337,15.199691726829455,0.445374,8.839871595954788
MRK,"Merck & Company, Inc.",122.41,USD,5.63513979979289,14754581,1.6923896358854784,302331221547.0,USD,Health technology,Strong buy,116.00244364486088,115.37409353114101,112.98185994299764,9.85371982410481,8.707428622174852,15.995451530370506,115.61800000000002,112.8015000000001,115.69840000000003,102.30494999999986,34.45063604638073,2.106356,-48.270440251572325
PCCYF,"PetroChina Co., Ltd.",1.41,USD,0.714285714285715,12764,0.13330061042155117,299100726535.04987,USD,Energy minerals,Strong buy,1.3764427618638593,1.3415526885522506,1.2853473243301028,8.461538461538453,6.818181818181807,28.181818181818162,1.4140000000000006,1.4312599999999993,1.3841519999999996,1.13719775,11.568716192734515,0.04659438237999999,-2.990429085349199
PM,Philip Morris International Inc,188.99,USD,0.28122678552478036,2385628,0.4554308682249655,294552043334.0,USD,Consumer non-durables,Strong buy,175.36175740334608,172.79940442240206,170.73851499332713,-0.23227577469249733,19.727589483687055,17.927118432547122,189.8299999999999,177.99,168.81960000000007,165.45672500000026,26.614186534480577,2.061861,45.92400797320346
GS/PD,"Goldman Sachs Group, Inc. (The) Dep Shs repstg 1/1000 Pfd Ser D Fltg",19.35,USD,-0.10033333963190068,135724,1.0962502271671748,294042735760.0,USD,Finance,,19.252616784176908,19.346340357139844,19.520039358987866,1.202928870292889,0.20714655618851735,-0.769230769230762,19.2234329999999,19.13885824999993,19.22832329999993,20.04235182500008,0.35360937402917325,13.687008,26.993564617230493
GS,"Goldman Sachs Group, Inc. (The)",996.73,USD,0.866247710414206,1924864,0.8944138814664071,294042735760.0,USD,Finance,Buy,932.0775027816788,914.1161072047892,893.741604203208,5.169139215396629,6.1480298189563385,12.752262443438916,968.424,942.2514999999994,896.0686000000007,848.5028999999998,18.214629011684643,13.687008,26.993564617230493
GS/PC,"Goldman Sachs Group, Inc. (The) Depositary Share repstg 1/1000th Preferred Series C",19.8,USD,-0.30211480362537124,13100,0.7261318788523791,294042735760.0,USD,Finance,,19.65679472167936,19.724898218836657,19.88769555766646,0.5076142131979768,-0.0504795557798991,-0.8016032064128263,19.73903999999998,19.559474999999978,19.576290000000018,20.416165500000044,0.36183284784380515,13.687008,26.993564617230493
GS/PA,"Goldman Sachs Group, Inc. (The) Depositary Shares each representing 1/1000th Interest in a Share of Floating Rate Non-Cumulative Preferred Stock Series A",19.515,USD,-0.2300613496932421,40050,0.7866298459737515,294042735760.0,USD,Finance,,19.4816579315051,19.555860371669503,19.727042781047274,0.025627883136847794,-1.1398176291793205,0.5927835051546495,19.455999999999992,19.40874999999995,19.43796000000008,20.349254999999978,0.35662464776120495,13.687008,26.993564617230493
AZN,AstraZeneca PLC,187.03,USD,-1.433465085638998,2120800,1.2622210710452866,290055136104.25525,USD,Health technology,Strong buy,188.67973870700797,189.7109562157344,188.23363947630062,1.962601537371201,-4.843551259221577,1.064519615259915,186.56000000000023,184.99749999999995,191.23179999999985,178.40726649999996,28.50193158762266,2.495819,29.767648087677678
CTATF,CONTEMPORARY AMPEREX TECHNOLOGY CO LTD,86.1966,USD,0.8147368421052674,350,0.2563726926457662,283555043227.06854,USD,Producer manufacturing,Strong buy,84.03737578775107,81.30755861870759,77.27071518704395,-0.9234482758620648,-4.828751242133145,31.357208168241385,86.59132000000002,84.81867999999997,80.69462400000003,nan,35.06176888355616,0.71227232331,nan
TXN,Texas Instruments Incorporated,309.21,USD,3.626126880927643,7130188,1.018324705508403,281409797571.0,USD,Electronic technology,Buy,270.5610024345845,252.09019516988022,234.5584419797998,0.21390374331549772,30.7967259575728,76.72677392621381,303.0780000000002,290.7875,242.03909999999948,200.72642499999958,52.89891023557388,1.905795,10.750487883438492
GEV,GE Vernova Inc.,1038.74,USD,-0.4866739476154823,1475829,0.6904528407707058,279130211444.0,USD,Producer manufacturing,Strong buy,1011.594603463045,962.6183787152642,894.9045665746353,-0.9780743565300277,-3.477178114778478,57.101589558220766,1026.226,1063.5549999999994,986.3395999999999,741.0127499999996,30.26358341758175,3.115488,389.82617878753274
LVMHF,LVMH-Moet Hennessy Louis Vuitton,544.498,USD,-2.2144336695349343,2348,0.6591432260962327,269642963737.82098,USD,Consumer non-durables,Strong buy,550.9571738000167,566.2244186223472,587.0058835189498,1.8934091844754766,-3.503996313821386,-27.559635468635662,542.9154199999997,538.0639300000021,546.0483720000019,633.034968999998,21.207302885529412,12.58213372,-1.2521334096479337
NVSEF,Novartis AG,145.78,USD,-2.2004561921373953,261,0.3900762217904648,266136727603.37186,USD,Health technology,Buy,147.40737980696176,148.4547482840038,147.16770319248639,-1.6926293074381218,0.1855542574393583,4.419454193825648,145.4275,146.4005099999999,152.0880620000001,126.88964599999977,20.752860952284074,2.179939,9.675179222387847
RY,Royal Bank Of Canada,189.71,USD,0.2801564647425738,677874,0.6999433539383468,264950858397.94324,USD,Finance,Strong buy,179.1471233971333,175.35738155386417,170.82826336659807,3.18176873708256,6.548722269025552,10.786031301097873,186.88600000000002,181.74699999999999,173.24719999999988,160.00585000000018,17.7518753338992,2.7961139269,26.4557125365949
BACHF,"Bank of China, Ltd.",0.67,USD,0.49497525123745023,4237,0.44167161814220635,257123198833.12427,USD,Finance,Strong buy,0.6400637982910358,0.6292077352880507,0.616737560422031,0.49497525123745023,2.5035340770704253,15.517241379310358,0.6651299999999999,0.657845,0.613825819999999,0.5803080449999997,5.739829350075953,0.029428,4.854735561515836
TOYOF,Toyota Motor Corp.,19.5,USD,3.0655391120507307,36575,3.2674629479081982,254151117187.5,USD,Consumer durables,Strong buy,19.931314080017117,20.415248365761503,20.734638745652745,2.631578947368421,-9.090909090909088,-7.582938388625599,19.188199999999988,19.138785,20.23111799999999,20.803818,10.486727658350953,0.442322462064,-22.622851784370432
NSRGF,Nestle S.A.,97.75,USD,-1.0687610064166118,18937,2.302062945988986,251434975535.09775,USD,Consumer non-durables,Buy,98.94397835469604,99.0575673451532,98.89077017814388,-2.2069710672696017,2.1234361532635084,-2.5190474290956923,99.43824000000014,99.06596000000015,98.57263600000009,97.23395299999999,22.099258956118632,2.687085,-4.280172410629131
QCOM,QUALCOMM Incorporated,238.16,USD,11.597394686284616,30375373,1.0874934111686698,251020643860.00003,USD,Electronic technology,Buy,185.93883711165614,173.2449583779483,165.83260514024613,15.181119117860417,74.29742388758784,37.032647096054035,210.66600000000003,194.89499999999995,156.56339999999994,160.55485,25.90554093153784,2.207956,-6.380855397148674
KLAC,KLA Corporation,1888.38,USD,2.507898250985248,723627,0.7632927278722458,246674392512.99997,USD,Electronic technology,Strong buy,1770.5264018454718,1693.1850810832793,1589.2355827030826,3.7068222556406885,4.158324094451713,49.90593073008868,1811.4119999999996,1807.865500000001,1692.2719999999993,1328.3375249999997,53.384483168048135,9.932792,28.557358579709614
RYDAF,SHELL PLC,44.25,USD,1.3281428898557321,702,0.16075108770322877,246566050039.18875,USD,Energy minerals,Buy,43.37648181328107,42.83510901266991,41.744894442534694,5.306996668253205,0.5681818181818182,21.315969842357774,43.804999999999964,43.60487500000005,44.63531199999998,38.86543949999999,13.979873910067424,1.353879,44.464702042498494
SFTBF,Softbank Group Corp,42.1,USD,2.682926829268296,139605,4.318098867312915,240328035009.76776,USD,Communications,Strong buy,35.025585316380116,32.70449415240943,30.909803307896826,20.285714285714292,23.82352941176471,49.822064056939496,38.035000000000004,36.766059999999996,30.352034000000007,29.450271375000003,7.66487252264577,0.13793032968,325.63050279147217
LIN,Linde plc,517.58,USD,0.5966842238246195,1454181,0.7722248001147891,239432266340.0,USD,Process industries,Strong buy,503.2020948665786,496.262299795501,486.60320201364493,2.2037044350539126,4.254119163678859,21.417847424228224,511.13,505.62349999999986,499.9506000000007,464.6209999999999,34.352350864151646,4.481912,9.33896472398204
IBM,International Business Machines Corporation,253.84,USD,0.34391429813812097,19072282,2.014362087934012,238580469410.0,USD,Technology services,Buy,239.37092123857568,244.96901014210067,253.1140457826625,16.147334706016924,-0.2632509528112795,-14.692835058475602,235.37800000000001,228.43300000000028,237.93140000000014,269.96925,22.445244179569027,3.02242,94.53513374043176
RTX,RTX Corporation,177.01,USD,0.5852937833844762,4321324,0.7431687260349918,238376412317.0,USD,Electronic technology,Strong buy,181.36023776786743,184.82759533275166,185.49082662493595,3.104613233923569,-5.717861993661622,-3.536784741144419,175.65600000000003,175.40199999999987,187.59260000000003,180.27775000000005,33.17403201019528,1.657595,56.45672061928219
WFC/PL,Wells Fargo & Company 7.50% Non-Cumulative Perpetual Convertible,1181.245,USD,0.36066270178418786,4738,0.9747767765296464,233798478888.0,USD,Finance,,1187.3662955251602,1192.1807704265814,1198.6195290648357,0.03853352416601828,-2.2512309156357446,-2.855744796335447,1177.1319999999973,1187.3755000000012,1182.2849020000012,1219.9039750000047,182.41757393251484,1.704033,16.344460814258504
WFC/PZ,"Wells Fargo & Company Depositary Shares, each representing a 1/1,000th interest in a share of Non-Cumulative Perpetual",18.71,USD,0.4833512352309337,176364,0.8835592864553875,233798478888.0,USD,Finance,,18.986613413704486,19.104899641865178,19.226754813032226,-0.31965903036760107,-2.2976501305482913,-4.247697031729777,18.623999999999995,18.896405000000012,19.032362000000017,19.55250424499997,2.88935217357733,1.704033,16.344460814258504
WFC/PA,"Wells Fargo & Company Depositary Shares, each representing a 1/1,000th interest in a share of Non-Cumulative Perpetual",18.5299,USD,0.5966340933767625,67446,0.7134583466883309,233798478888.0,USD,Finance,,18.83696410654871,18.933916248850572,19.03501989576077,-0.7504017139796483,-2.730183727034117,-4.485051546391738,18.424100000000003,18.763775000000013,18.86382399999996,19.32534250000003,2.861539649447919,1.704033,16.344460814258504
WFC/PC,"Wells Fargo & Company Depositary Shares, each representing a 1/1,000th interest in a share of Non-Cumulative Perpetual",17.32,USD,0.7562536358347818,60612,0.762219505938099,233798478888.0,USD,Finance,,17.53160356359279,17.621099286324476,17.723725309786587,-0.05770340450085407,-2.036199095022621,-4.3093922651933765,17.243999999999993,17.47449999999999,17.520191999999984,18.004329499999997,2.6746969345996447,1.704033,16.344460814258504
WFC/PY,"Wells Fargo & Company Depositary Shares, each representing a 1/1,000th interest in a share of Non-Cumulative Perpetual",23.57,USD,0.5975245411865154,31598,0.8948613018790444,233798478888.0,USD,Finance,,23.807591054032784,23.90353307214837,23.997128046765326,0.2978723404255331,-1.6277128547579323,-2.964182791272124,23.404299999999964,23.754319999999957,23.80983200000005,24.303209499999983,3.639873368851826,1.704033,16.344460814258504
WFC/PD,"Wells Fargo & Company Depositary Shares, each representing a 1/1,000th interest in a share of Non-Cumulative Perpetual",16.85,USD,0.6571087216248686,97112,1.07368362862434,233798478888.0,USD,Finance,,17.195910832703245,17.29684420907591,17.39260426292256,-0.5899705014749137,-3.2721010332950646,-5.230596175478063,16.79699999999996,17.13135,17.25254200000002,17.65350599999999,2.602115666743881,1.704033,16.344460814258504
WFC,Wells Fargo & Company,76.4,USD,0.6322444678609114,8735496,0.5228740956370469,233798478888.0,USD,Finance,Strong buy,78.04613287649013,79.62496068919198,81.19325735839745,4.1865539342697495,-6.315144083384416,-18.113612004287237,75.40999999999991,77.3725,79.01299999999998,84.07430000000004,11.798316732298664,1.704033,16.344460814258504
SMAWF,Siemens AG,304.32,USD,0.3164556962025249,5819,1.275453170549942,231972234489.43558,USD,Producer manufacturing,Strong buy,291.8826731214139,286.5807354287724,282.76371414495554,-0.2229508196721334,7.934030856534848,6.823925863521482,299.21360000000016,302.3650650000001,276.78243200000003,278.99303349999997,26.904610980163216,3.09147888,-15.273050717717544
LRLCF,L'Oreal Co.,419.2,USD,0.8419533317296126,1580,1.5493233967444597,223193932756.2627,USD,Consumer non-durables,Buy,424.0372054957474,426.07857101551747,428.69640620530106,0.7777096630726176,0.5806420653582264,-3.8796661469320406,416.8200000000008,424.27502500000054,417.2899059999989,437.0259630000002,31.18548860293404,8.545333719999999,8.615986865506477
SNDK,Sandisk Corporation,1478.69,USD,-4.1206297333748285,9656821,0.7413733959893113,218978849562.0,USD,Electronic technology,Strong buy,1194.1839220982538,1032.5339449683709,854.7881824072807,3.2842764044786845,60.37678550124186,505.1524452629426,1425.9579999999996,1338.083,1005.0655999999998,456.5402250000001,51.40212256362303,32.991608,nan
C,"Citigroup, Inc.",125.09,USD,-0.1038172815844078,6335423,0.7140524973989543,214517769230.0,USD,Finance,Strong buy,123.35425947110969,121.0509627945569,117.71041733975953,1.4435163409293659,-5.524715833994183,6.722975855302456,123.50199999999998,125.936,121.71400000000001,109.75750000000002,15.500619578686493,2.65345,27.480096044483766
KXHCF,KIOXIA HLDGS CORP,392.34,USD,12.097142857142849,5911,0.716432744285264,214251476451.41708,USD,Electronic technology,Strong buy,274.8778363388023,232.87701645848225,186.02539944903583,11.857448325017812,72.59370051029386,406.17984776157914,346.64400000000006,258.90909999999997,183.94144,nan,61.73137796392219,10.226457360000001,88.7454330367697
BHPLF,BHP Group Limited,42.0,USD,0.9494051195769815,261533,1.585342493820066,213388977539.046,USD,Non-energy minerals,Buy,39.989349714335404,38.54559547628733,36.666791809910244,0.9494051195769815,4.607721046077214,48.46235418875928,43.32500000000001,40.74277000000003,38.21940200000004,30.294313355000035,20.18241733750379,1.398128,-1.0764221517754036
AXP,American Express Company,311.78,USD,0.6716176945431012,2211911,0.7846850141587776,212735729152.00003,USD,Finance,Buy,314.8552371283252,318.1233893476624,323.2509342219252,-0.7986254732890158,-5.837939053486769,-15.621109607577814,310.57000000000045,315.0119999999997,312.0749999999996,336.74727499999995,19.447355289421157,4.39824,11.993629104931163
PANW,"Palo Alto Networks, Inc.",260.58,USD,3.028625652380198,6629097,0.7337003854964145,212633269043.0,USD,Technology services,Strong buy,207.3827387440035,195.26740909841502,188.78099284879983,9.072643937966967,48.47863247863247,40.99886369785184,249.56800000000007,212.4194999999999,183.97749999999994,187.5793,144.18990703851262,0.794725,2.0959267837975206
MBFJF,"Mitsubishi UFJ Financial Group, Inc.",18.878,USD,1.836817262306129,480,0.0032965991459061044,211093796000.0,USD,Finance,Strong buy,18.019466077519287,17.852254529870763,17.576022287733473,-3.6222080408423665,15.46106751640662,11.737200355134659,18.76669999999998,18.257975000000005,17.692069999999987,16.674517499999993,14.116619740720978,0.33023928336,25.681559619459094
TMUS,"T-Mobile US, Inc.",191.47,USD,0.2985856469355648,3974123,0.8625123808691653,207209737511.00003,USD,Communications,Strong buy,194.6562810572387,197.81456491906954,201.70974571930662,2.9131953775866632,-0.6589187506485473,-5.330037082818294,191.32000000000005,191.66799999999995,198.15979999999985,213.1434500000002,20.364166214649607,2.60569,-8.355183001120901
SAPGF,SAP SE,176.595,USD,0.7674750356633374,3141,0.7405049862083599,206185072876.4739,USD,Technology services,Strong buy,174.91256932213963,181.07065775454586,192.67871834033951,4.977351357135208,1.7779955045818732,-26.984619201190778,176.96500000000032,171.74764499999975,172.63254999999998,227.0897404999999,23.935097617762374,2.04425988,40.32944821149316
PEP,"PepsiCo, Inc.",150.57,USD,1.1555256970104124,7775461,1.0856654896144136,205794332910.0,USD,Consumer non-durables,Buy,153.80801881439515,154.43980720611725,153.94451067556378,0.3866924461630669,-2.9050459455102344,5.1319648093841606,149.6279999999997,152.72700000000003,154.08859999999942,150.6507999999998,23.64812866140001,2.227794,-6.377190918715445
TTE,TotalEnergies SE,91.6,USD,-0.8121277747698972,961002,1.0259221483640473,203960151027.46854,USD,Energy minerals,Buy,89.74841135032148,87.17346931428457,83.1149607344383,-0.844338601428882,2.232142857142857,39.954163483575236,92.56399999999995,91.54550000000003,90.2076000000001,72.10130000000001,13.347580999812054,2.953855,13.176951225257834
VZ,Verizon Communications Inc.,48.35,USD,0.16573441060699873,14723376,0.7544735351196576,201888275245.0,USD,Communications,Buy,47.563241507462685,47.340264191766956,46.633052945707476,3.7553648068669525,5.383609415867477,18.592102035810637,47.78800000000001,47.423999999999936,48.07559999999993,44.18680000000025,11.781476156826432,1.278802,-2.501663023852507
MCD,McDonald's Corporation,282.27,USD,-0.6721092265465638,3059029,0.7415787788589653,200554481120.0,USD,Consumer services,Buy,290.98717675430726,297.41591509746837,302.3432895786897,2.338481618446809,-6.548584671412027,-7.540371450096641,281.99799999999993,282.6110000000002,298.44619999999964,307.9772999999998,23.26867750950053,3.346929,7.012173606210305
ABLZF,ABB Ltd.,110.0,USD,5.38417321325925,2072,0.5615937118850792,198033495981.86157,USD,Producer manufacturing,Buy,100.00600777037909,95.6104578675469,90.63386176059129,6.796116504854369,13.343637300360642,43.86607376405965,103.62800000000004,102.936115,93.76567599999997,79.86630150000005,nan,0.751844,nan
HESAF,Hermes International SA,1866.5,USD,-0.4034660127428122,287,2.7729468599033815,195317351466.6698,USD,Consumer non-durables,Strong buy,1948.556082184043,2025.6829424665823,2126.2155970198073,1.6313284763740534,-3.772787263878581,-25.106331755075832,1855.3052400000029,1892.145169999999,1952.7938059999944,2336.7845200000006,36.896940311955426,nan,11.395855258297342
NONOF,Novo-Nordisk A/S,43.8,USD,-0.6408438722849339,26734,1.6637727699881133,194647196920.35986,USD,Health technology,Buy,42.58962023978417,42.870685973320455,44.56483206630954,-3.524229074889871,13.046844754161828,-14.536585365853663,44.097816000000066,44.22379900000006,40.08949759999999,48.939433400000006,10.35997522064228,0.8062005948000001,24.473615497595326
ANET,"Arista Networks, Inc.",154.03,USD,3.6610808264351555,10562343,0.8709202253909907,193954980597.0,USD,Electronic technology,Strong buy,150.2632517658309,147.22879964533763,143.41328352341463,7.698224024611935,-11.680045871559635,14.904886236478918,145.2799999999999,153.05305000000004,147.06542000000007,139.80075499999995,52.74277496233393,0.88317,23.546831373212623
ADI,"Analog Devices, Inc.",397.07,USD,3.3471278727779117,6108492,1.201593694777098,193407653005.0,USD,Electronic technology,Strong buy,385.5772928146552,368.213071690871,346.609080725558,-6.987584914499879,4.2698458548882625,44.35234667539172,402.4440000000001,406.9419999999999,365.0098000000008,294.74762499999974,59.00701420674078,3.301696,83.19222497481829
DELL,Dell Technologies Inc.,295.19,USD,16.76819620253164,15291248,2.226910310286251,192589188475.00003,USD,Electronic technology,Buy,229.61777139612906,207.51979996996462,186.65073734349923,20.682747342600166,37.29128877726618,129.89875389408098,252.84199999999993,234.406,201.09820000000002,150.26830000000004,33.860218630633526,2.906929,40.20875550837916
TD,Toronto Dominion Bank (The),111.87,USD,0.6840068400684053,1137254,0.8903934769795829,189003917334.8638,USD,Finance,Strong buy,105.46302824354797,102.58073445265627,98.91935221145724,3.4875115633672618,5.637393767705381,18.506355932203387,109.77000000000005,107.6210000000001,101.8993999999999,89.83085000000004,12.372945297241246,1.6621302250000003,178.61071281530073
BCDRF,Banco Santander S.A.,12.6,USD,1.6129032258064457,4608,0.1242487239429556,184889762473.7054,USD,Finance,Strong buy,12.188085290562935,12.04878997525957,11.814564894483118,2.7732463295269154,1.6129032258064457,4.080621179580372,12.059199999999992,12.0612,11.794499999999994,11.180460499999995,10.109007546451155,0.28280915999999995,42.236139397705216
NEE,"NextEra Energy, Inc.",88.55,USD,-1.271044709555135,10761459,0.7552468680277654,184657000859.0,USD,Utilities,Buy,92.33938041755202,91.7870849068454,90.15318555974942,-2.815123744718211,-3.075744308231176,10.068365444375381,89.12200000000004,93.64350000000007,92.84600000000005,84.73625000000004,22.480895681535454,1.081024,47.29815638906547
AMGN,Amgen Inc.,339.3,USD,0.5571691067512285,1567235,0.6164259773380408,183123003299.00003,USD,Health technology,Buy,339.92626117113514,342.86566047327676,341.8871476040596,4.225222319494999,-1.392077654102114,3.202846975088977,332.6859999999998,333.37399999999906,343.86379999999974,327.2189499999996,23.59658395460109,5.585927,31.258158449643542
IDEXF,Industria de Diseno Textil Inditex SA,58.63,USD,3.8618246235606724,749,0.19527074588732174,182481519168.5504,USD,Retail trade,Strong buy,59.869982636215425,60.38694850390989,60.54218351458663,1.0905642484589857,-7.977241514616435,-11.59862791661955,57.92750000000003,59.396750000000075,59.86426,58.99121650000001,24.791306607611347,0.5206306559999999,nan
RTNTF,Rio Tinto Ltd.,133.439,USD,5.954422740987768,568,1.8352180936995153,182377007461.66006,USD,Non-energy minerals,Buy,123.22419830905152,119.01356637415971,113.29599177459622,-0.307060141949945,5.485375494071141,38.7532494540917,126.2598,119.05039999999997,113.67120000000001,86.6466770000001,21.220436373221656,4.203117,-5.208519584484585
STX,Seagate Technology Holdings PLC,812.73,USD,0.2800878513436791,2534548,0.7366720614629509,182237621564.0,USD,Electronic technology,Strong buy,674.2905860620181,599.2659610373191,519.9583260810517,1.464419475655433,40.12344614748022,188.23279072241726,769.6899999999998,748.6322499999999,579.1611000000001,353.36650000000003,77.14570479354532,5.053711,52.226685547495876
RTPPF,Rio Tinto plc,104.535,USD,3.499999999999997,361,0.22938111577074596,180140127429.15585,USD,Non-energy minerals,Buy,99.8045106371771,96.83316730769978,92.56771554405978,-1.5214319359397166,5.516301604925814,27.078774617067822,104.60700000000001,102.00366500000003,96.79661600000003,74.51763499999997,16.828078420342557,3.814,-10.306158212328349
DIS,Walt Disney Company (The),103.0,USD,-0.5599536590075288,5700791,0.7119479409975459,178860669312.00003,USD,Consumer services,Strong buy,103.15177533772538,103.40227667870866,104.44510224571242,0.3018794429837397,-1.9327811101590033,-9.203102961918193,103.37200000000003,103.96299999999985,101.3165999999998,108.49002499999972,16.48,1.869912,27.6526214742346
SBGSF,Schneider Electric SE,316.0,USD,3.1223893065998274,1293,0.8548760330578512,177979682110.6411,USD,Producer manufacturing,Strong buy,314.01212976402496,308.30915745761126,301.4162588733456,0.31746031746031744,-5.0389460525050405,13.66906474820144,307.7129399999999,318.19272,303.790718,286.67256200000014,36.87159877579754,5.2606,10.360674450376802
T,AT&T Inc.,25.26,USD,-0.31570639305445264,25280796,0.6979147070066037,175515041376.00003,USD,Communications,Buy,25.80772760961137,26.154608633078453,26.329816947121486,4.878555117292923,0.4373757455268509,1.8959257765228013,24.988000000000007,25.301500000000004,26.58240000000003,26.540949999999953,8.473666554847368,0.587082,83.06312945222302
T/PC,"AT&T Inc. Depositary Shares, each representing a 1/1,000th interest in a share of 4.750% Perpetual Preferred Stock, Series C",18.38,USD,-0.0543773790103402,127395,0.9959791821235828,175515041376.0,USD,Communications,,18.61505774625064,18.727129952231934,18.866875464565553,-0.5411255411255488,-1.3419216317767042,-3.870292887029299,18.380000000000017,18.60500000000003,18.654000000000018,19.292273499999997,6.165716202616571,0.587082,83.06312945222302
T/PA,"AT&T Inc. Depositary Shares, each representing a 1/1,000th interest in a share of 5.000% Perpetual Preferred Stock, Series A",19.585,USD,-0.17838939857288552,62859,0.817173128798466,175515041376.0,USD,Communications,,19.907216611096572,20.018665358843418,20.13920645282821,-0.8856275303643759,-1.9278918377566252,-3.2361660079051267,19.648000000000053,19.89253499999991,19.95981400000001,20.475953999999973,6.569942972156995,0.587082,83.06312945222302
TJX,"TJX Companies, Inc. (The)",158.27,USD,0.5144163597104041,4845113,0.6924128187561326,175174929303.00003,USD,Retail trade,Strong buy,155.62001923546117,155.80596271213022,154.73582409960216,6.802078412848379,-0.7089084065244639,3.2756933115823883,155.17400000000004,153.70349999999993,156.55959999999988,150.0243000000001,30.744575457953733,1.192224,21.384107521810904
BLK,"BlackRock, Inc.",1073.0,USD,0.8695652173913043,450943,0.7304958863509272,174728291356.0,USD,Finance,Strong buy,1053.129039074241,1046.3099856468536,1047.6145746706766,-0.906891265399599,1.7331614077669877,0.1455984469498941,1062.1000000000001,1068.24275,1022.5900999999993,1079.0136750000004,27.676823433215798,12.534896,-5.828957020641935
BA,Boeing Company (The),219.02,USD,-0.2686580756796154,4646990,0.5906217028078485,172653974675.00003,USD,Electronic technology,Strong buy,222.79296514242884,222.23724080687904,221.30747741895365,-0.6621915820028935,-3.5366659326139622,0.39880815952326587,219.2899999999998,227.41999999999956,217.9994000000002,219.56895000000063,112.60668380462725,-0.278569,nan
BA/PA,"Boeing Company (The) Depositary Shares, each representing a 1/20th interest in a share of 6.00% Series A Mandatory Convertible Preferred Stock, par value $1.00",69.89,USD,-0.24264915786468985,203728,0.1717279407550068,172653974675.0,USD,Electronic technology,,71.0583929024869,70.95682063192078,70.79540337015405,-0.7808063600227104,-2.700821383822912,0.6190613302620311,69.874,72.24350000000001,69.66899999999998,70.50320949999995,35.933161953727506,-0.278569,nan
MRVL,"Marvell Technology, Inc.",196.33,USD,2.9576800041952986,19823141,0.7798986067418815,171897353824.0,USD,Electronic technology,Strong buy,158.6088252771694,141.78203346519334,125.6190611516797,8.008934269304415,27.769100611740217,126.34309430481903,183.804,171.22950000000012,137.49960000000004,95.90685000000006,63.516661274668394,0.795182,nan
SMEGF,Siemens Energy AG,201.032,USD,-0.8815698649048331,8252,1.1279541819871786,171263568856.92447,USD,Producer manufacturing,Strong buy,198.97040126358354,192.24840149062,181.48996046934724,4.285936608393422,-3.1171084337349346,43.59428571428572,200.33856000000006,207.505515,192.77600000000007,151.77570000000003,68.47616688462635,1.3261966799999998,1156.3335310399368
ALIZF,Allianz SE,451.37,USD,-1.5121099716343023,136,0.6868686868686869,170931141145.6358,USD,Finance,Buy,443.0278799292049,440.037937676339,436.72675979918716,4.0070971012489025,0.4405972540555015,1.0160463711031087,445.8279999999995,447.0665325,434.82009500000015,431.39393475000014,13.886859297155882,nan,nan
CRWD,"CrowdStrike Holdings, Inc.",663.46,USD,2.3494747234777806,2781646,0.7995367040805678,168874801359.0,USD,Technology services,Strong buy,520.8473398404457,490.7502564792183,473.82299853712,12.54718021357264,45.70970504908529,39.9704641350211,639.5019999999998,536.6625000000001,462.8274000000002,465.2051000000003,nan,1.068038,-781.7640047675804
DTEGF,Deutsche Telekom AG,35.25,USD,4.770396790013366,66938,7.4871370408482845,168587011820.62436,USD,Communications,Strong buy,34.40070361017487,34.76225711272181,34.907184844002785,5.728854229154158,10.328638497652584,8.128834355828218,34.069,32.999500000000005,35.13804000000001,34.4963825,16.820877079698526,0.6394036,-21.039392916282
GLW,Corning Incorporated,194.05,USD,1.1256449007243865,9630933,0.6195265898789711,167006771089.99997,USD,Electronic technology,Strong buy,173.7273621020126,161.28390767226577,145.6187420833914,0.4191678741461407,15.505952380952387,118.2544145765381,184.20200000000003,180.0834999999999,162.38779999999988,109.89309999999998,93.13654907607392,0.757504,298.67967853042484
WDC,Western Digital Corporation,484.28,USD,-0.4481355095999685,4492768,0.6821365139065562,166922660965.99997,USD,Electronic technology,Strong buy,421.01291602352177,380.273007073378,332.3388959774332,-0.21737562714413897,21.5059024249495,173.2957110609481,468.96799999999985,460.99350000000004,379.37139999999994,221.42075000000006,28.90861444236842,3.270022,218.5112653294039
GILD,"Gilead Sciences, Inc.",134.36,USD,2.957854406130279,5973641,1.068291939063355,166817322340.0,USD,Health technology,Strong buy,133.99087569124927,134.90341539327972,134.12521959199944,3.234729158663087,0.5011593986087336,9.690586986692807,131.14400000000003,131.75349999999995,135.85859999999985,128.31599999999995,18.281764497782135,-6.586246,54.53876400950438
TMO,Thermo Fisher Scientific Inc,448.28,USD,-0.24256180875448555,1686092,0.6528421146454426,166590467618.0,USD,Health technology,Strong buy,468.9094278946707,482.85186985718553,497.3743407386273,2.244320773652033,-14.87600167103415,-22.643658326143232,447.8500000000001,458.90949999999964,479.3590000000002,526.63565,24.64607146195165,5.721053,6.7355597415629465
BUDFF,Anheuser Busch Inbev SA NV,83.57,USD,2.6910788891619535,90319,1.4167419593670394,165789020257.21875,USD,Consumer non-durables,Strong buy,77.87091114321105,76.03094262583295,73.84920640084967,2.5147203140333625,14.448253147429654,31.337419456231324,81.58598000000003,77.92692000000002,75.65300400000002,67.10847450000004,23.601259321400253,nan,29.175750071893496
APH,Amphenol Corporation,132.06,USD,5.766458433445462,17734864,1.3666891370013623,162464764680.0,USD,Electronic technology,Strong buy,134.56468641441174,135.72292785848384,135.37641481326523,5.302607447571969,-10.848578950921484,-3.6901983663944007,124.178,133.0605,134.99859999999998,132.93315000000007,37.94827586206897,1.153061,68.63733281643728
APP,Applovin Corporation,481.68,USD,-0.8664512543991396,3830316,0.8718251453324147,161815574151.99997,USD,Technology services,Strong buy,465.5670649460109,466.59815378760806,477.0869622883719,-2.9829402404882277,-0.014530358069536725,-29.514026076649547,483.82599999999974,473.8194999999998,448.29220000000004,534.0252249999998,42.49042889151568,3.738543,104.69844709281328
UNP,Union Pacific Corporation,265.88,USD,0.16576250753465857,2597449,0.9357627592541549,157856467399.0,USD,Transportation,Strong buy,261.464031301709,257.1658371727185,251.88319586276654,-1.8892988929889314,4.991312588848517,14.925437648584396,268.7620000000003,266.99000000000024,254.56599999999983,238.13339999999988,21.887631199835354,3.139433,9.43890880916774
SCHW,Charles Schwab Corporation (The),90.15,USD,-0.2875788076540105,7067503,0.6949708977188237,156783067803.00003,USD,Finance,Strong buy,91.25778275253678,92.3702693907329,93.38620803439478,-0.9340659340659277,-2.212821347217694,-9.64217700711636,90.97399999999998,90.72200000000007,92.65299999999999,95.40330000000006,17.877682148098202,1.502439,53.293813649490815
SCHW/PJ,"The Charles Schwab Corporation Depositary Shares, Each Representing a 1/40th Interest in a Share of 4.450% Non-Cumulative Perpetual Preferred Stock, Series J",17.45,USD,-0.2572163475278748,67231,1.0985708823404456,156783067803.0,USD,Finance,,17.996942828196747,18.14887701524963,18.353947001230427,-1.8007878446820498,-4.383561643835621,-7.180851063829794,17.562000000000005,18.075499999999984,18.084100000000024,18.99403050000005,3.460516400269702,1.502439,53.293813649490815
SCHW/PD,"The Charles Schwab Corporation Depositary Shares each representing 1/40th interest in a share of 5.95% Non-Cumulative Perpetual Preferred Stock, Series D",24.22,USD,-0.37021801727684023,54555,1.0547695186979673,156783067803.0,USD,Finance,,24.62245576976902,24.710251207258214,24.800997891772145,-1.06209150326798,-2.886928628708911,-3.313373253493021,24.264719999999993,24.72868500000001,24.683081999999942,25.050454500000047,4.803077777337087,1.502439,53.293813649490815
EADSF,Airbus SE,198.7,USD,1.3827236083473542,848,0.15567631076516375,156422237230.84235,USD,Electronic technology,Strong buy,202.42911512308177,205.15119566404056,209.33696608639724,1.3827236083473542,0.38902642348304034,-18.11250772717907,199.1119999999999,203.37580000000014,198.3535079999999,221.60347749999994,27.109434105539407,1.6789283199999998,20.885299878592313
FRCOF,Fast Retailing Co. Ltd.,497.36,USD,7.833401990330202,457,0.06247607590091322,156323975771.4855,USD,Retail trade,Strong buy,458.22426300269024,444.91092815525263,427.16105840159423,6.612934342243472,5.426488044768531,32.188704318936885,464.61749999999967,461.9854999999999,441.43323200000043,351.8259289999997,49.82970153174193,2.384000647344,12.77318482897237
ISRG,"Intuitive Surgical, Inc.",438.1,USD,-0.3865393360618437,2010239,0.8487937583497022,155158743152.99997,USD,Health technology,Strong buy,451.90151156340886,463.1340653098227,476.1845883556865,3.8262373949828863,-5.041616091555399,-22.703694555206596,441.68600000000004,445.38349999999963,458.1971,495.9728749999997,53.142968048715396,2.510496,20.922932496259573
IBDSF,Iberdrola S.A.,22.91,USD,-0.7150595882990213,6416,0.5110640263816093,153024151618.69632,USD,Utilities,Buy,22.925476354275606,22.849794152518264,22.529966734932984,1.1925795053003514,-3.312935218400507,6.163113994439304,22.685,23.086000000000023,23.123035999999992,21.33744200000001,21.759185385335147,0.27232856,25.04558913213052
WELL,Welltower Inc.,216.17,USD,0.07407064487755038,2292008,0.6177743296578944,152597520762.0,USD,Finance,Strong buy,211.50622525825293,208.33148508040296,203.5430437417645,1.531163402376587,4.7386016764378125,16.46463013846235,216.2799999999998,215.57200000000003,208.71299999999982,191.01519999999974,nan,0.671958,-164.84476067270379
ABT,Abbott Laboratories,87.41,USD,-0.41016292582887026,9519416,0.8011275248815632,152251826334.0,USD,Health technology,Strong buy,91.78555763313933,96.61085238079912,102.6188630254835,3.004949328305441,-5.625134960051833,-29.903769045709705,88.05800000000013,87.5490000000001,96.06460000000001,117.51325000000004,24.351581000139294,1.28074,-53.436936527909296
ETN,"Eaton Corporation, PLC",391.35,USD,2.579224659904074,2354562,0.8705322481464381,151961202593.0,USD,Producer manufacturing,Strong buy,396.2449282819792,388.9743275137257,379.88982858051224,-1.7227091233268772,-6.220795092377365,21.082268494167895,381.2600000000004,404.79150000000016,390.11060000000026,364.1704500000001,38.25737579916711,3.070082,3.25426466135056
SCCO,Southern Copper Corporation,179.67,USD,0.3070567217507721,1041787,0.7405351803187707,149903294044.0,USD,Non-energy minerals,Buy,178.85558256970515,177.50452126971342,172.11698493111498,0.6441855254313115,-3.4083665222403803,24.78460556761309,174.75599999999997,176.64452865199996,175.65820645039966,150.55023748235004,30.432426023476005,1.736953,36.79417966125258
PIAIF,Ping An Insurance (Group) Company of China Ltd.,8.22,USD,-0.48426150121064343,152,0.015254611509202945,149772356985.61185,USD,Finance,Strong buy,8.123665991646671,8.137765920665808,8.098039725519302,10.632570659488573,11.989100817438704,-0.9041591320072248,8.22,8.196935000000002,7.991674000000002,7.423473390000005,7.909908931717319,nan,6.443512636076183
PFE,"Pfizer, Inc.",25.9,USD,-0.19267822736031104,22320028,0.6883927526410346,147615593480.00003,USD,Health technology,Buy,26.280200880667532,26.417931762900615,26.353969554454547,2.2906793048973078,-5.301645338208419,3.682946357085661,25.726000000000074,26.067500000000003,26.80580000000003,25.802749999999996,19.857394771141607,0.68014,-5.382662314109543
CRM,"Salesforce, Inc.",180.07,USD,2.1326073393454656,10184791,0.8328741051223995,147306948711.0,USD,Technology services,Strong buy,181.28936553348444,186.72761231866946,196.50475285285495,4.152929608421544,-4.319872476089264,-32.049056603773586,179.07600000000008,178.7999999999998,181.94720000000015,222.38000000000022,23.061062445571437,3.127647,22.754283917623017
SMFNF,Sumitomo Mitsui Financial Group Inc.,38.4675,USD,3.161279422452385,2863,0.03276227269242259,146823084580.07492,USD,Finance,Strong buy,36.31324210616019,35.71820246140689,34.79832211005865,-0.7287760742608254,16.347826086956527,19.743190661478604,37.14322,36.23759500000001,34.900089999999985,31.66690499999999,14.829161511313053,0.735426766704,29.38378513635122
COP,ConocoPhillips,120.46,USD,-0.07465781833264488,4949755,0.8300434177795338,146755687537.0,USD,Energy minerals,Strong buy,120.33738389220518,118.63268933467411,114.8885720006731,-1.262295081967218,-0.8069828722002668,28.68283303065911,122.6039999999999,121.2160000000002,123.64660000000003,103.35412499999993,20.482214514044752,2.84302,-25.34653465346535
BTAFF,British American Tobacco p.l.c.,67.79,USD,0.45641800776504393,6850,0.5101014990282008,146596437709.84146,USD,Consumer non-durables,Buy,62.49123799425421,61.23180346929487,59.9228807133653,-1.9298651698396925,22.674629026420575,17.487001733102257,66.9424,62.86833000000003,60.22487199999998,57.09415300000004,14.413560345611792,2.215455,179.06315695843656
UBER,"Uber Technologies, Inc.",71.82,USD,-2.4317348186387804,19688864,1.193954887453132,146196719489.0,USD,Transportation,Strong buy,74.0302652863326,74.74758024454634,76.48024977133193,-4.099345707036997,-7.567567567567579,-12.45733788395906,73.84000000000003,74.95000000000013,74.21400000000018,84.09787499999985,17.89817329977322,0.804305,-30.030166175521806
BX,Blackstone Inc.,118.51,USD,-0.05060301931347564,3969210,0.8833284351145803,144761646396.0,USD,Finance,Buy,120.34577704061395,122.09963029763021,126.58259245274532,1.290598290598295,-9.312825221916132,-23.61093206136392,117.04199999999994,120.9795,118.42839999999998,143.9243749999997,30.40433064805788,1.356247,17.915053242981607
TOELF,Tokyo Electron Ltd.,317.936,USD,2.186196301272109,1626,0.17130756345017223,144519638717.2843,USD,Producer manufacturing,Strong buy,302.9112130453432,289.0222021199188,272.3791759872037,-2.382589899783862,14.619444524557998,41.39915499221703,307.14479999999986,309.6327,277.90661199999994,227.59534900000008,40.3571315020665,2.2545284322240002,0.23292219349941717
HON,Honeywell International Inc.,227.92,USD,1.8409294012511064,5072234,1.1521075713552569,144422221872.0,USD,Electronic technology,Buy,221.4341011893961,222.14648244875607,220.8032093584061,6.449955630283487,1.6184404119666485,16.469926925238894,220.69799999999992,215.84349999999958,222.81260000000012,211.6882306922499,32.307997618575115,2.428129,-18.970388918242183
HTHIF,Hitachi Ltd.,31.845,USD,-0.059628420788356465,29545,1.2847551377160102,144007879189.45154,USD,Producer manufacturing,Strong buy,31.237444468999627,31.379466157308062,31.452393020667685,13.126110124333929,3.6283761796290217,-3.9366515837104066,31.336799999999993,31.218944999999998,31.108234000000003,31.142680499999983,28.626546933806928,0.230720641632,24.79941801511023
DE,Deere & Company,529.15,USD,-0.4140397101722114,1764368,1.311189455598295,142927268138.00003,USD,Producer manufacturing,Buy,564.0736052568329,564.7899151177116,556.6908824601568,-6.197372852812401,-10.235966683065028,13.551502145922743,548.7039999999998,569.9235,576.2860000000004,520.6716999999996,29.981019292331226,4.742185,-14.615857227863597
UBS,UBS Group AG Registered,46.96,USD,-1.2823207904141254,1646977,0.7236948199161135,142191257693.74384,USD,Finance,Buy,43.91471732985843,43.12723379653951,42.51557943250246,1.5570934256055338,8.177839207555873,0.7725321888412005,46.73000000000003,44.93500000000004,41.88400000000002,41.71050000000004,16.777009203868676,0.811175,85.69118793825896
RLLCF,Rolls Royce Holdings plc,0.002,USD,5.263157894736844,1257974,0.49608367755929356,140268263180.4927,USD,Electronic technology,,0.00238594864869252,0.00254575023374197,0.0027654269257362057,0,-23.076923076923073,-39.3939393939394,0.001864,0.0022690000000000006,0.002519800000000001,0.0033372500000000025,0.0021509136048554894,0.2836829706,149.73653292629368
CIHHF,"China Merchants Bank Co., Ltd.",5.9244,USD,-9.134969325153364,31070,2.675311703520011,139979011152.47522,USD,Finance,Strong buy,6.1974545256236455,6.160440591575631,6.015984958565432,0,-6.407582938388622,-0.7638190954773773,6.158879999999998,6.238220000000002,5.665306459999998,6.159747075000004,7.22488589042493,0.22880269999999997,1.6461769940075595
RYCEF,Rolls Royce Holdings plc,16.64,USD,0.9708737864077678,112220,1.6387553520213554,139200521564.43304,USD,Electronic technology,Strong buy,16.20614078590539,16.24262694226835,16.13237304781838,11.304347826086966,6.39386189258312,4.0000000000000036,15.996499999999997,16.04587499999998,16.109614000000004,15.768079999999987,17.895601192397674,0.2836829706,149.73653292629368
SAFRF,Safran SA,333.818,USD,0.8623294376427603,824,0.4069135802469136,139173469452.15228,USD,Electronic technology,Buy,334.055385106785,339.68167546048323,343.8048365262277,3.6135528406833517,1.7799865845478275,-6.098487192614307,326.1840000000002,326.06640000000004,335.546298,349.8495955000001,16.548699591937222,5.90784984,nan
PLD,"Prologis, Inc.",145.9,USD,0.8781027449353594,2327746,0.8247548991818446,138901318942.0,USD,Finance,Strong buy,141.20466859193786,139.17003197552364,136.24496957790805,3.387188208616781,2.06365862189578,14.21637701581338,143.99199999999996,142.25450000000004,138.11380000000005,127.83240000000004,36.74785280709266,0.76702,0.21201948560034234
PLDGP,"Prologis, Inc.",53.4,USD,0.7547169811320728,805,0.3684716437039411,138901318942.0,USD,Finance,,53.05197998020768,53.10898328363545,53.37970636171835,0.28169014084506777,0.7547169811320728,-4.642857142857145,53.24000000000005,53.10863000000005,52.765036000000066,54.37925199999995,nan,nan,nan
DBSDF,DBS Group Holdings Ltd.,48.676,USD,2.896038557476863,9625,1.0910595463459423,138321002880.5133,USD,Finance,Buy,46.6200451064659,45.994162196338316,45.23440446757959,0.8870834024208348,4.329561042524012,8.712451144611958,47.62720000000003,46.97588499999996,45.68616200000004,43.55530499999996,16.25485431608525,nan,2.9161631783345485
IBKR,"Interactive Brokers Group, Inc.",81.35,USD,-2.958368125969228,8387571,1.677932844244639,137986855555.25,USD,Finance,Strong buy,79.4813572028815,77.01365095112989,74.41385968398124,-6.224783861671476,4.214706635921076,24.369362482800792,83.70799999999997,83.06649999999996,76.03190000000002,69.98750000000001,34.97420464316423,0.603784,28.423144876325097
SHOP,Shopify Inc.,103.0,USD,-1.7737936296013728,10563519,0.7905173559537557,133658428917.47368,USD,Commercial services,Strong buy,113.37881888357037,117.96873961876214,123.46048960566733,3.83064516129032,-22.782817302646368,-36.49423515629817,103.25400000000002,109.54300000000003,116.53479999999976,140.38495,101.00850341753151,0.3943869952,-13.11099438612342
SNEJF,Sony Group Corporation,21.705,USD,-3.576188360728579,336352,1.5806950975480691,132618143496.09528,USD,Electronic technology,Strong buy,21.12560056505703,21.402975173709986,22.202314218297882,-2.0916878301389024,3.9013882240306255,-19.789356984478935,21.903400000000026,21.02605500000004,20.882775999999982,25.346775499999975,nan,0.28111665393600005,-128.1887949807319
BBVXF,"Banco Bilbao Vizcaya Argentaria, S.A.",23.1875,USD,3.1472419928825603,7560,0.796544094405226,130305689235.45929,USD,Finance,Buy,22.521979747004007,22.48216406462953,22.278905400712805,7.598607888631087,3.608132260947279,-3.3854166666666665,22.27349999999999,22.200500000000012,22.05086999999999,21.518422000000008,10.628252099899338,0.5983917999999999,12.084507504919758
CILJF,China Life Insurance Company Limited,3.655,USD,0,10299,0.6395106957682636,129833463018.94086,USD,Finance,Strong buy,3.6967592728505116,3.6869110445267763,3.6519214101682147,-4.193971166448234,4.878048780487803,-0.4087193460490497,3.7679999999999985,3.731307500000007,3.5518949999999974,3.5027487499999994,4.791666507709194,0.2001104,44.48759727960711
UNCFF,UniCredito Spa,85.004,USD,2.1467840298014287,4630,0.972607343920679,128182038146.4131,USD,Finance,Strong buy,81.21894060406363,80.54848428328795,79.89604678514186,4.878340680640745,9.098376435859588,3.6634146341463474,83.18280000000003,81.49239000000006,77.90061599999999,79.27642000000003,nan,2.42251848,nan
CB,Chubb Limited,327.89,USD,-0.7176164234239704,1396485,0.9628845891303538,127175456304.00002,USD,Finance,Buy,325.4021563314421,324.05944549288284,320.0610878907896,1.0696011343320295,1.936827706273693,5.614249822843525,329.3979999999998,324.69800000000015,326.3443999999995,304.2234000000004,11.581349185324898,6.698117,36.293789444800154
ENB,Enbridge Inc,58.04,USD,0.4326007959854646,4463810,0.7684374038228841,126741750645.90547,USD,Industrial services,Buy,54.882377327900954,54.007911772289646,52.83802372202775,4.670874661857522,11.401151631477923,21.118530884808006,57.213999999999906,55.13365000000006,54.23926000000012,50.045415000000006,27.26150112286384,0.4383937152,12.963747234326824
EBBNF,Enbridge Inc.,24.47,USD,-0.20391517128874678,5428,1.0689668754184882,126640007853.93279,USD,Industrial services,,24.461578584192832,24.414196701880392,24.331015996536365,-0.3258655804480727,0.41034058268361867,1.6111618636325808,24.496499999999966,24.608899999999963,24.432209999999987,24.141257000000024,11.493606693254277,0.4383937152,12.963747234326824
EBGEF,Enbridge Inc.,25.41,USD,0.315831030398744,360,0.4306735255413327,126640007853.93279,USD,Industrial services,,25.202479321035995,25.15821210880869,25.079211234534377,3.3767290480065175,1.5384615384615448,2.832861189801697,25.220999999999997,25.237424999999966,25.133249999999972,24.719710000000006,11.935126525361307,0.4383937152,12.963747234326824
ENNPF,Enbridge Inc.,18.1051,USD,-1.0650273224043745,200,0.07940604279985708,126640007853.93279,USD,Industrial services,,18.071509756525373,17.963314011967356,17.760523068079245,-0.08002384158589694,-1.363094038234186,6.500588235294119,18.129599999999993,17.925515000000008,17.56486199999999,nan,8.50400075774573,0.4383937152,12.963747234326824
EBBGF,Enbridge Inc.,24.87,USD,-0.12048192771083367,469,0.0928933607986056,126640007853.93279,USD,Industrial services,,24.850239329619935,24.809155282817937,24.731567094778192,0.708645474792471,-0.519999999999996,1.3530035047681177,24.861599999999992,24.987725,24.845489999999987,24.558818499999948,11.68148747287429,0.4383937152,12.963747234326824
VRT,"Vertiv Holdings, LLC",327.46,USD,1.2554112554112562,4801845,0.8010794869502491,125780272775.99998,USD,Electronic technology,Strong buy,319.1580717535108,297.6177176730075,270.20407653527496,-11.567804048123802,7.251408358443596,93.23164075177765,325.77799999999996,339.1214999999999,303.0262,207.7286500000001,82.20409187900087,1.417876,130.95431354359923
BKNG,Booking Holdings Inc. Common Stock,161.06,USD,0.8642284569138247,7380355,0.9833876899827287,124801916105.99998,USD,Consumer services,Strong buy,167.6187112327595,171.87597317784216,177.9761611740633,3.482395271138535,-15.480688497061292,-24.833715714075037,157.4599999999999,163.54549999999958,170.9370959999998,195.65406399999992,21.17427429533025,2.451136,18.312049898119483
IVSBF,Investors AB,40.79,USD,1.2616119438555433,15637,0.6566994939420028,124432522379.77875,USD,Finance,Buy,40.040844398914516,39.55761962394428,38.63043053865896,3.8177653346907614,-1.1750454270139297,13.305555555555552,39.7599,39.84091499999998,39.270512000000025,34.607121,6.234726524932486,nan,367.40626881087917
SPGI,S&P Global Inc.,417.6,USD,0.4498111755225759,2188211,1.0029902085418017,123609601807.0,USD,Commercial services,Strong buy,422.5317358666657,430.7920607725026,443.89724828503756,3.366336633663372,-7.24122612172367,-19.970870623406974,415.62999999999994,420.95500000000055,425.26499999999976,480.9442500000001,26.421349665304263,4.931751,24.096290945636138
MO,"Altria Group, Inc.",73.9,USD,0.25776692443360727,4505977,0.5810181759814776,123404964840.99998,USD,Consumer non-durables,Buy,70.1420687272374,68.65249731872869,67.01999474851634,0.9011469142545205,13.972856261566937,28.165105792577194,73.73199999999997,71.34650000000002,68.014,64.20054999999996,15.446678650558088,1.490051,-19.928367001958186
LMT,Lockheed Martin Corporation,533.24,USD,1.998890567914468,1051763,0.8983473687609085,122945739220.0,USD,Electronic technology,Buy,546.6667189690006,559.8040603821996,561.1634605457879,2.9798574766806483,-7.404320344516216,10.344542162441803,526.7119999999996,517.4769999999999,572.9421999999988,530.8538999999988,25.824636172119042,7.189492,-10.80754195373751
KYCCF,Keyence Corp.,506.394,USD,4.411134020618558,2984,0.9623943752822035,122813866277.713,USD,Electronic technology,Strong buy,462.9542439997712,440.1329122356283,420.5872452075718,3.7416262061336143,29.844615384615388,48.851851851851855,486.0358,490.89133999999984,424.2833862000023,388.1124060499991,43.802841684948476,2.8778425169279997,5.50662903600504
UNLYF,"Unilever, PLC",56.475,USD,-0.2208480565371025,1841,0.06343332437479758,122752468325.57898,USD,Consumer non-durables,Buy,58.32403671118439,59.88948834079341,61.77482013421246,-0.11496285815351562,-0.19704346443056114,-9.956951530612242,56.50500000000002,57.45005,58.37099,65.79771056249993,17.632825396394033,1.87533372,17.002459407933067
DHR,Danaher Corporation,172.0,USD,-0.7673224485086323,2995153,0.6029235689585254,121736548339.99998,USD,Health technology,Strong buy,177.47116396197495,184.34789777465534,191.91117923413267,6.284372489649624,-11.317349832431034,-24.828460294567545,169.47000000000006,171.77399999999966,182.91100000000003,206.56785000000028,33.240568954854666,1.83341,0.3160078323413699
BMY,Bristol-Myers Squibb Company,59.46,USD,-0.15113350125943964,6489774,0.7432153612504593,121421556978.0,USD,Health technology,Buy,58.30327513401642,58.103662515130964,57.17364169757331,3.4986945169712755,0.10101010101010484,11.745912422476978,58.63400000000013,57.556949999999986,58.402180000000016,52.793894999999836,16.690057822938304,1.610917,33.756335648582706
SYK,Stryker Corporation,316.48,USD,0.9505582137161142,1893104,0.6017372818861918,121326013831.0,USD,Health technology,Strong buy,317.11806767086006,325.9079488401251,335.87899964061256,3.087947882736162,-3.4385964912280644,-9.90662719198359,316.488,305.3710000000001,323.5877999999999,357.8908249999997,36.65805659481311,3.480859,16.505627378478323
IVSXF,Investors AB,39.18,USD,2.667575074681622,288,0.18698870276587456,120742659435.52324,USD,Finance,Buy,39.10153375353873,38.692759116310356,37.719974879884546,3.350039567396474,-6.803044719314937,7.718743556258155,39.478399999999986,39.39089999999998,36.30681999999998,26.955225500000005,5.988639010709851,nan,367.40626881087917
LOW,"Lowe's Companies, Inc.",215.03,USD,-1.0947058552964426,2801668,0.8568083678199812,120430317437.99998,USD,Retail trade,Strong buy,230.52353953210252,236.31758058130845,241.05008295393864,-1.552055672557452,-14.677406555035319,-10.960662525879917,217.97599999999997,226.69109999999992,234.45083999999986,248.99918500000024,18.18374008490199,4.269509,-2.0435549738653638
ZIJMF,Zijin Mining Group Company Ltd.,4.34,USD,3.827751196172252,13625,1.4054795651007819,119771180573.58675,USD,Non-energy minerals,Strong buy,4.632517732391023,4.689852060261285,4.660815264181891,-2.4719101123595575,-10.051813471502596,-7.659574468085112,4.283370000000002,4.630282500000005,4.634787000000004,4.442258249999998,13.722261428683446,0.11164159216,70.92361166516264
BPAQF,BP Plc,7.75,USD,3.19573901464714,900679,9.55321477892495,119737093132.03014,USD,Energy minerals,Buy,7.504377180562206,7.306307897149857,7.006578247515664,3.19573901464714,4.878543879829488,28.52404643449419,7.459499999999987,7.588224999999999,7.194158000000001,5.956944000000002,40.04323636153204,0.256747,nan
AIQUF,L'Air Liquide SA,207.29,USD,-1.2928263612771143,121,0.8649035025017869,119686559429.43533,USD,Process industries,Strong buy,207.49199217125306,206.02467851129765,203.78104082227935,1.4759515359197093,-5.250985016774996,10.260638297872335,205.13649999999993,208.4247450000004,208.3645260000003,200.03929150000008,29.00516395295347,4.0290662799999994,20.737286956072488
ADTTF,Advantest Corp.,171.0,USD,4.747320061255743,158,0.16730199068191445,119284513000.48999,USD,Electronic technology,Strong buy,168.48438480964535,162.66842724580115,151.5424187530126,0,-2.196293754289638,16.739486619333704,175.7237,163.02309,151.804786,68.36264159374997,52.89635461513012,1.027712851632,122.44827441877216
CFRHF,Compagnie Financiere Richemont AG,203.2435,USD,1.0108364610833762,467,0.37389911929543634,119255933290.54762,USD,Consumer durables,Strong buy,194.2098377374786,193.1205598805687,193.19594034237784,3.1130220818588965,5.351181837030906,-4.134946464789387,198.40961999999973,194.7598699999998,187.09978199999975,194.28317149999987,29.551189732191208,4.094799999999999,37.975213456299976
CVS,CVS Health Corporation,93.26,USD,-0.06429489927131168,4838610,0.5102625023387598,118992977696.0,USD,Retail trade,Strong buy,86.04755468495611,83.30202248651268,81.08873453388178,-2.5496342737722024,19.717586649550704,17.633703329969734,94.00599999999999,89.23200000000003,80.67339999999993,77.85495000000009,40.95380291586159,1.829523,-45.60221680760594
MSBHF,Mitsubishi Corp.,34.275,USD,1.180811808118077,2408,0.27943138961415726,118981637530.51677,USD,Distribution services,Buy,33.914666359677994,33.04048128654572,31.539917074980117,2.016519086241542,14.250380834602776,45.171537484116904,34.410000000000004,33.77204999999999,33.553828000000024,27.348800000000004,25.94287953385506,0.371897132448,-15.8891610718286
SBUX,Starbucks Corporation,103.11,USD,-0.9795447997695151,9098319,1.232218894210214,117514462660.99998,USD,Consumer services,Buy,101.65034692156047,99.558694050778,97.16891776258417,-3.4460155445266474,5.12846655791191,22.42935169793398,105.34400000000005,104.78225000000009,99.0545000000001,91.10642500000031,78.69790871622652,0.653875,-52.37541347097525
COF,Capital One Financial Corporation,187.79,USD,0.6053787635272664,3291995,0.7262173921387951,116860358038.0,USD,Finance,Strong buy,190.5462154287061,193.77789237184248,198.72139868435235,0.8160197562677736,-7.264197530864202,-23.147125025578063,186.17599999999987,188.41750000000002,188.82979999999978,212.42454999999987,66.1978285391991,4.733975,-76.17936014778739
COF/PL,"Capital One Financial Corporation Depositary Shares, Each Representing a 1/40th Interest in a Share of Fixed Rate Non-Cumulative Perpetual Preferred Stock, Seri",16.05,USD,0.06234413965088256,99654,1.9644617216391607,116860358038.0,USD,Finance,,16.52195111224445,16.620446344001177,16.727463084728015,-2.727272727272723,-4.634581105169326,-4.74777448071217,16.121000000000002,16.504579999999997,16.56302999999998,17.08001300000002,5.657783417935702,4.733975,-76.17936014778739
COF/PJ,"Capital One Financial Corporation Depositary Shares, Each Representing a 1/40th Interest in a Share of Fixed Rate Non- Cumulative Perpetual Preferred Stock, Ser",17.55,USD,0.05587165482720853,62816,0.7495692268038776,116860358038.0,USD,Finance,,18.08466682250451,18.172636567190818,18.27279752030571,-2.6622296173044946,-5.288720992984351,-3.46534653465346,17.65603999999997,18.10350999999998,18.14280599999998,18.66262599999999,6.186548223350254,4.733975,-76.17936014778739
COF/PK,"Capital One Financial Corporation Depositary Shares, Each Representing a 1/40th Ownership Interest in a Share of Fixed Rate Non-Cumulative Perpetual Preferred S",16.9331,USD,-0.5695797441001597,15795,1.374613811409425,116860358038.0,USD,Finance,,17.48155258459873,17.572906966420685,17.674105430364058,-3.294688749286133,-4.33276836158192,-3.679749715585886,17.11664000000004,17.50841499999996,17.535305999999995,18.04164600000002,5.969084884376762,4.733975,-76.17936014778739
COF/PN,"Capital One Financial Corporation Depositary Shares, Each Representing a 1/40th Ownership Interest in a Share of Fixed Rate Non-Cumulative Perpetual Preferred S",15.76,USD,-0.37926675094817003,70226,1.0771569290612726,116860358038.0,USD,Finance,,16.10786276886207,16.195650662939123,16.32538001215374,-2.233250620347402,-3.194103194103202,-3.3721643163703185,15.846000000000027,16.119825,16.106328,16.81829600000001,5.555555555555555,4.733975,-76.17936014778739
COF/PI,"Capital One Financial Corporation Depositary shares each representing a 1/40th interest in a share of Fixed Rate Non-Cumulative Perpetual Preferred Stock, Serie",18.29,USD,-0.16375545851529003,112444,1.0601973420579958,116860358038.0,USD,Finance,,18.89695181090243,19.02074905939516,19.151024621082907,-3.227513227513225,-4.689942678478385,-4.440961337513069,18.39600000000002,18.894895000000005,18.969808000000036,19.560525499999958,6.447405527354765,4.733975,-76.17936014778739
PGR,Progressive Corporation (The),199.51,USD,0.27139769814544507,5461087,1.8457590550513119,116580957097.99998,USD,Finance,Buy,199.54251189355736,201.5009664165707,205.74778105911443,0.15562248995984052,-3.4878095975232237,-6.918913875151635,201.59000000000034,199.28199999999984,200.44540000000026,218.8157249999997,10.137497205341354,3.810494,32.50920745214481
AAIGF,"AIA Group, Ltd.",11.092,USD,3.4701492537313423,8849,0.30926177686600287,115944755936.13185,USD,Finance,Strong buy,10.94528974596223,10.854470315884488,10.70072658835899,8.745098039215698,5.162360748992663,2.2115739034279414,10.934850000000012,11.026615000000003,10.897434000000008,10.3051565,18.767185607773598,0.374732,-4.647512065929555
MZHOF,Mizuho Financial Group Inc.,47.31,USD,1.0681478316599018,366,0.0499420072320393,115365065390.62816,USD,Finance,Strong buy,42.96092822320094,42.28288136762987,41.194512887482965,9.600148264838081,18.245438640339927,31.78272980501394,45.5339,43.413009999999986,41.912088,35.60387699999999,14.936741854473981,0.783217566288,35.906029468975895
NEM,Newmont Corporation,107.64,USD,-0.6369426751592336,5041092,0.7166412534479291,114911375677.0,USD,Non-energy minerals,Strong buy,111.956316065234,111.89117545052967,109.3902696804602,-1.0843594927402984,-3.4532245044398553,6.5848103772650814,107.66,111.9375,110.84899999999995,99.41439999999999,13.962900505902192,2.328211,73.0415263748597
IITSF,Intesa Sanpaolo S.p.A.,6.57,USD,1.3888888888888866,40605,0.5169549247897742,114671240779.27733,USD,Finance,Strong buy,6.67556711887005,6.649370461103184,6.62022298814361,-3.032986495461586,-1.8670649738610903,-8.623087621696802,6.582999999999998,6.747925000000002,6.482560000000001,6.587062499999998,10.565756302770344,0.17021028,15.4398102756725
ESOCF,ENEL Societa per Azioni,11.25,USD,-4.0511727078891235,3176,0.5401176830720044,114261690134.17714,USD,Utilities,Buy,11.550427725440962,11.486769834604635,11.293100386740173,-4.25531914893617,-2.7867790019442626,7.552581261950278,11.59250000000001,11.64615000000001,11.529282000000002,10.554292999999996,24.060144509847472,0.21437727999999998,-38.106477578362274
BYDDF,"BYD Co., Ltd.",11.685,USD,0.8196721311475466,249492,0.9741892104011601,113884961401.3821,USD,Producer manufacturing,Strong buy,12.641873024869797,12.721749274404424,12.802975778373694,-4.221311475409826,-15.32608695652174,-7.774269928966057,11.78500000000001,12.725465000000005,13.15867800000002,13.076903999999997,27.815877317055442,0.10446939999999999,-40.930309800384116
BNPQF,BNP Paribas,102.9975,USD,-0.2058909020443673,2484,0.6272093727906272,113776203848.1038,USD,Finance,Strong buy,103.69509537546556,102.99101461368907,101.25407167759025,-0.00242718446601721,-3.313698340804019,10.35840565734491,102.51401999999993,106.319505,103.15045399999994,94.46037150000011,8.521925005778487,nan,22.106666890565336
BMO,Bank Of Montreal,160.93,USD,0.7512677643523553,635126,0.706025033904711,113648083827.09093,USD,Finance,Buy,151.21385738519697,147.64767224706668,143.29845462668945,5.362053162236478,5.5278688524590205,23.63063685949145,157.27400000000006,153.2820000000001,146.25500000000014,133.82205000000005,18.268508059021844,2.5390235619,20.59879534203077
VRTX,Vertex Pharmaceuticals Incorporated,434.52,USD,0.2260460395811139,1746340,1.2625971236898947,110283528275.99998,USD,Health technology,Strong buy,436.90039814626516,441.1230269257831,443.813324297459,-0.20669698222406738,-0.6538936393982381,-4.362371792050006,433.87800000000027,433.03199999999987,440.2871000000004,434.74554999999907,25.759255416901322,4.712044,nan
ACN,Accenture plc,179.24,USD,0.7702254455501234,3452859,0.5617689445155591,110042478130.99998,USD,Technology services,Strong buy,184.18418883178683,193.6088164670228,206.8598916287564,6.849478390462002,-7.1920468078496285,-33.31597157632353,178.13599999999983,175.65349999999987,186.70639999999977,233.12350000000004,14.682776981363917,3.729168,0.7327518628235627
PH,Parker-Hannifin Corporation,866.96,USD,0.25788396378060413,702930,1.021308535488049,109311857394.0,USD,Producer manufacturing,Strong buy,900.7444132913864,909.4792055830196,904.6634725626847,0.7764913749012023,-11.676192222663692,-1.661732512108526,860.4240000000009,888.3934999999999,915.8890000000009,863.889299999999,31.98311862706037,8.266247,4.3367808437996755
PWR,"Quanta Services, Inc.",723.44,USD,0.9108535241522766,774925,0.6355252657224281,108559515388.0,USD,Industrial services,Strong buy,682.5876243726027,641.8658935932516,595.3055858240039,-5.811894594313091,18.029791330168226,70.24120484762915,717.4880000000005,731.7569999999997,639.4322000000002,494.18324999999976,99.25092605295652,3.287824,17.851541657908776
IFNNF,Infineon Technologies AG,82.56,USD,3.200000000000003,5430,0.7017407823828171,107441557633.28139,USD,Electronic technology,Strong buy,67.50569125281785,62.05872652940791,56.98965142386052,5.8461538461538485,44.20456927268916,85.77857785778579,78.4008,72.01573499999998,58.19087600000001,46.50682850000001,86.69937914612397,0.51816852,48.88543768339495
ZFSVF,Zurich Insurance Group Ltd,717.34,USD,-0.9198895027624266,208,0.16,107153588279.33908,USD,Finance,Buy,707.3926417855172,708.3832423631941,710.5457963313133,-1.0565517241379268,0.3581521587061836,-0.9198895027624265,713.1959999999997,702.4966499999994,702.1669880000005,716.6494906000001,14.550789284353327,23.46,26.558481531120037
CM,Canadian Imperial Bank of Commerce,115.49,USD,0.5484938185617233,593963,0.8218541021238088,107014262609.64511,USD,Finance,Buy,108.7502935501891,105.43886137263668,101.26094411444716,3.3560050116341507,5.80852038479156,26.99582142071695,113.80200000000005,111.44199999999987,104.89239999999994,91.26730000000003,16.41045369232061,1.8079216869,32.88542050130368
SPOT,Spotify Technology S.A.,519.86,USD,6.109035984732515,5287298,1.9631684755859022,107004098521.0,USD,Technology services,Strong buy,478.4858228907572,487.2476005208424,505.532409028785,19.78341013824885,-0.647873865265167,-11.268519150679317,465.9420000000002,443.61450000000025,477.5102000000001,574.5677000000001,41.41254819488258,3.1897900399999997,106.90951046645789
SO,Southern Company (The),94.55,USD,0.32894736842105504,3396170,0.6273907452600396,106586326933.00002,USD,Utilities,Buy,94.21190116485327,94.11082876394339,93.64388914550608,2.5154505041743396,2.127889392957441,8.466215441092114,94.05200000000002,94.04650000000008,94.9988000000001,92.62597499999991,24.183441184745632,0.988711,-6.2556946242746925
SNYNF,Sanofi,88.458,USD,-1.4395543175487482,438,0.4998858708057521,106500123978.00977,USD,Health technology,Buy,89.95437597508855,90.99067969000575,92.24505790461079,3.702227432590857,-4.307659022068368,-6.085571716742753,87.5235999999999,88.7228700000002,90.32459999999978,95.65024899999987,17.699476436929405,nan,9.067004402783253
EQIX,"Equinix, Inc.",1079.79,USD,0.1270377033066793,427324,0.8432684298465922,106493485264.0,USD,Finance,Strong buy,1053.3681607629985,1021.4778018747863,977.8897690882617,1.83911948617831,-1.5490800342821722,40.935313772580145,1066.864,1076.4605000000006,1041.731799999999,867.9366249999985,74.67427385892115,4.620998,50.236888039231985
CEG,Constellation Energy Corporation,294.07,USD,2.8828324528565963,2879932,0.7042459034356787,106215164611.99998,USD,Utilities,Strong buy,293.77997796772075,297.30510218328885,302.9893582090385,10.0561377245509,4.091890552546813,-17.857541899441344,276.766,295.61600000000027,293.87359999999984,324.1147750000004,25.53821570313246,2.441616,21.378125395286084
CME,CME Group Inc.,291.23,USD,0.6706073490269271,1437501,0.6012714655332404,105529923215.99998,USD,Finance,Buy,292.55449319628934,293.1525788096531,291.6170112314867,-2.2291603719743467,5.878717370755477,6.973498135870269,295.6259999999994,290.2400000000002,295.64939999999984,282.68717499999997,24.85533839720065,2.979383,17.79430984216348
NOW,"ServiceNow, Inc.",102.13,USD,2.4475875213160774,23646195,0.7554482397242731,105327481512.0,USD,Technology services,Strong buy,97.44022610179275,102.07988838518175,111.75103282722466,3.307707869714744,0.6206896551724093,-33.28325058792789,102.07400000000003,93.52900000000014,98.11399999999995,142.75322500000004,60.75188864434001,0.858945,14.104391502070182
GLAXF,GSK plc,26.0,USD,1.1830635118306292,2794,1.42456533931576,103749551156.34467,USD,Health technology,Buy,26.624957640305425,26.68770467700532,26.242591967356372,0,-11.864406779661017,2.422690565294459,25.48619999999999,27.040049999999972,27.423472000000007,22.30794350000005,13.813155606897993,0.6250899569,91.03740860452251
CDNS,"Cadence Design Systems, Inc.",373.59,USD,4.220833565809294,2206625,1.1157090314778473,103042101987.00002,USD,Technology services,Strong buy,336.7659126829461,325.8921843067898,319.74573127531573,7.692307692307694,12.239747634069387,18.3370288248337,353.41000000000014,349.19449999999966,315.1495999999999,322.6094,87.21606163184312,2.053518,8.486982068686055
HWM,Howmet Aerospace Inc.,256.55,USD,-1.285159105775511,1695004,0.7905529748764724,102647569856.0,USD,Electronic technology,Strong buy,252.16574645691392,246.96854625475328,238.6981427774413,-1.3269230769230727,2.6200000000000045,24.847924473210373,257.552,256.002,247.56460000000004,215.85750000000004,59.51607664826243,1.225829,40.55234927777234
BN,Brookfield Corporation,45.37,USD,-0.15404929577464851,2514048,0.4719712974840243,101502387812.53961,USD,Finance,Strong buy,44.85521855739848,44.4895849423872,44.34834696247085,-0.8955875928353073,-3.3240997229916944,-1.5835140997830888,45.09799999999997,45.46600000000005,43.35400000000001,44.89138837455004,91.44841576070652,0.6427750976,169.9492374738812
BAMGF,BROOKFIELD CORP.,17.0801,USD,-0.5235876528829359,100,0.3125,101461831601.68959,USD,Finance,,15.871289542675573,14.942428844488171,13.953831826830342,0,5.25080108454523,11.585776163379451,16.405620000000006,13.593955,12.575575199999998,12.949921500000002,34.426891911713554,0.6427750976,169.9492374738812
CNQ,Canadian Natural Resources Limited,48.61,USD,-0.1643047853768706,7171957,1.0954113262116916,101399091995.74985,USD,Energy minerals,Buy,46.47830270023716,45.33960108570556,43.347522421710174,1.2708333333333321,9.457329430308496,44.26472770440718,48.88999999999995,47.14399999999999,47.21440000000001,37.452500000000015,14.575092551717768,1.4011754111999999,34.74076146436405
MDT,Medtronic plc.,78.6,USD,0.5758157389635171,7051744,0.725889620214804,100913359808.99998,USD,Health technology,Strong buy,81.33911062644547,84.2729111376396,87.27592774668146,3.014416775884662,-5.186972255729808,-18.159100374843824,78.16000000000004,78.2225,83.178,93.14475000000004,21.943048576214405,1.540023,8.87207075772773
SNPS,"Synopsys, Inc.",524.74,USD,4.119211079804752,1873633,1.2282715921832537,100520256165.0,USD,Technology services,Strong buy,484.17370694168926,470.9710599054085,464.8506119658684,5.121450393148694,11.433425355701855,9.562784482398632,503.99000000000007,501.62199999999996,454.43880000000007,471.3589249999999,81.09227464494893,3.153914,-52.15246968352558
MITSF,"Mitsui & Co., Ltd.",35.5,USD,-1.3368166532336556,1835,0.26210915739404933,99846090087.893,USD,Process industries,Strong buy,37.16645407467518,36.79073640412847,35.47423829110201,-1.4162732574284866,0.7092198581560284,13.6,36.83620000000003,36.838177500000015,38.033219,30.548954250000044,19.37951444096607,0.559092414144,-10.334498478620226
TT,Trane Technologies plc,451.02,USD,0.75507103922795,1187676,0.9392494883529365,99700440593.0,USD,Producer manufacturing,Buy,460.1208654316107,453.7335521287103,445.22056318638147,-3.254038053154297,-5.925786871910399,15.385796152271793,451.7560000000003,471.7689999999996,454.6594000000005,427.42085000000037,34.88868604669152,4.267445,7.558033114235796
ADBE,Adobe Inc.,244.76,USD,0.27038099139696703,3783384,0.8243920496927866,98931992767.0,USD,Technology services,Buy,248.26827951367417,254.40041917452885,267.5575157757272,-1.0310945776555784,-3.9403453689168053,-30.203179582234267,250.5719999999999,247.6355,244.8914,305.789175,14.257670284093226,5.824533,13.059885800090878
XIACF,Xiaomi Corp.,3.8245,USD,-0.4036458333333294,24397,0.6598331282370282,98487503827.50081,USD,Electronic technology,Strong buy,3.991331639955476,4.136677258571606,4.394904966863893,7.732394366197188,-8.940476190476195,-26.733716475095783,3.895100000000003,3.9369050000000003,4.068350000000001,5.260437499999998,17.5780323765065,0.02847657105,68.07200162407587
BNS,Bank Nova Scotia Halifax Pfd 3,79.78,USD,0.4406395568424956,1262658,0.6139676823541511,98331564123.26907,USD,Finance,Buy,76.41870291930472,75.25589627505697,73.73046340921844,3.341968911917096,4.973684210526318,7.883705206220416,78.53799999999993,77.48749999999994,73.9506,69.76889999999997,16.212812572428525,1.4231505869,47.001336964270735
FTNT,"Fortinet, Inc.",133.93,USD,3.4528039548895397,5819666,1.0231325256638915,98123591694.0,USD,Technology services,Buy,105.1583084061741,97.85301887207265,92.71071733986757,10.058344974936322,55.25415869703821,67.47530323871453,129.50600000000006,107.92100000000009,92.24700000000009,84.09320000000005,51.74638745073796,0.744251,6.532208273307267
DUK,Duke Energy Corporation (Holding Company),125.67,USD,0.8102037542114592,2446582,0.7840839968900486,97971851947.0,USD,Utilities,Buy,126.11740910263603,126.36432170918113,125.82490790531499,3.177339901477836,-0.8520710059171585,7.245263696876596,124.30800000000002,125.49149999999995,128.06479999999996,124.07884999999992,19.237657864523538,1.319187,8.965804837364464
DUK/PA,"Duke Energy Corporation Depositary Shares, each representing a 1/1,000th interest in a share of 5.75% Series A Cumulative Redeemable Perpetual Preferred Stock",24.67,USD,0.20308692120227745,58944,0.9001282756093092,97971851947.0,USD,Utilities,,24.830704710374253,24.857776731785073,24.888502276690545,-0.2829426030719351,-1.2805122048819397,-1.3736527329132895,24.636000000000003,24.92484000000004,24.838935999999908,25.011613999999973,3.776502104860314,1.319187,8.965804837364464
ITOCF,Itochu Corp.,12.575,USD,3.5831960461284904,32963,1.3845869509516069,97815233093.26303,USD,Distribution services,Strong buy,12.761372154550427,12.783710360990813,12.711599913452043,-5.791129757267017,3.4775023863598893,4.791666666666661,12.68779999999999,12.802867500000001,12.773974999999997,12.385242250000003,15.598974436909785,0.227826174624,-1.7722361211992697
MAR,Marriott International,369.15,USD,-0.380505181347157,820086,0.6207696994419638,97340655841.0,USD,Consumer services,Buy,354.9230954649855,348.14575642562585,338.03519281710595,4.085603112840453,-1.8270304771022832,18.869747222669446,365.46600000000007,357.1685,348.3540000000001,308.24464999999987,38.73638481395202,3.055061,8.54233581630561
AXAHF,AXA,46.98,USD,1.33735979292493,288,0.2466386914447204,96697408246.04387,USD,Finance,Strong buy,47.20537501161027,47.02653681044203,46.82053358516453,1.7984832069339076,-5.472837022132808,-5.605786618444858,46.53599999999999,47.652695000000065,46.74871599999996,46.670950000000005,8.828777520073317,2.6447999999999996,46.9467483863275
WMB,"Williams Companies, Inc. (The)",78.47,USD,1.2254901960784352,6201282,0.9440425895623293,95968677389.00002,USD,Industrial services,Strong buy,74.74853620121068,73.2744691884365,71.14638812336617,0.6412722842118763,10.42780748663101,30.544002661786724,78.19200000000001,75.5505,73.74020000000002,65.2889999999999,34.47866777977943,0.509262,22.09108953382329
BNY/PK,"The Bank Of New York Mellon Corporation Depositary Shares, each representing a 1/4,000th interest in a share of Series K Noncumulative Perpetual Preferred Stoc",25.72,USD,0.4883766360617308,21553,0.8672297174954834,95509646094.0,USD,Finance,,25.53156126564574,25.51285417424904,25.521993484022122,0.2729044834308003,0.46874999999999,0.0778210116731501,25.59299999999998,25.551749999999974,25.398500000000002,25.6396945,3.1865994325573324,2.185806,31.533660349070292
BNY,The Bank of New York Mellon Corporation,139.15,USD,0.12231975823860694,3574021,1.076399100540416,95509646094.0,USD,Finance,Strong buy,131.78155391376785,128.46971217029326,124.47472242606311,3.0206559561708834,2.5650475418294527,19.946556331350745,137.63800000000003,134.38049999999998,128.25559999999996,116.16634999999997,17.24009762987375,2.185806,31.533660349070292
CIXPF,Caixabank SA,13.6,USD,5.631067961165045,100,0.029263724686878146,94776018546.00174,USD,Finance,Buy,12.779286095282984,12.533155067829604,12.152714519662812,5.26315789473684,7.936507936507937,9.677419354838703,13.0,12.756149999999996,12.334600000000002,8.054660194999999,13.788357666173617,0.24419043999999998,4.590508053802476
FDX,FedEx Corporation,394.2,USD,1.3602118742125333,1508307,1.162466927880757,94058783955.0,USD,Transportation,Buy,380.3806502724821,371.60510251426433,355.65821083457826,5.2575365143787876,-0.44197499684303576,36.43443048489253,382.9279999999997,380.567,371.9184,303.57360000000006,20.983264489204956,5.90621,17.954642489388956
GMBXF,Grupo Mexico S.A.B. de C.V.,12.0216,USD,-2.501216545012171,2466,0.19086687306501549,93588154885.77718,USD,Non-energy minerals,Buy,11.652879884052307,11.428144305441839,11.00088710375034,8.302702702702701,4.535652173913038,25.3555787278415,11.84104000000001,11.619065000000006,11.305088000000005,9.683535500000001,15.81243939739657,0.198119,66.96645358323435
MGCOF,Midea Group Co Ltd.,12.014,USD,-0.9236351641101772,64331,6.289326007469253,93354700343.51042,USD,Consumer durables,Strong buy,11.728773948690352,11.61667149051709,11.536609915261637,0.019980685337504876,6.412754650132864,-1.7982671244073944,11.722000000000003,11.644105,11.322206000000001,nan,14.79772627799521,0.26250085902000003,3.4366654531341627
ESLOF,EssilorLuxottica,201.0,USD,-0.9852216748768473,766,0.14606613020098394,92879512665.35065,USD,Health technology,Strong buy,216.65368352772705,230.01139476147463,248.0042548403624,0.13825056981653946,-15.899581589958158,-35.59292163004382,203.62518000000034,206.2476450000003,220.38733199999982,295.53688550000044,34.35070188789168,4.0774,10.222765343239438
GD,General Dynamics Corporation,342.89,USD,1.2340940627675612,689531,0.6968129743066946,92727806934.99998,USD,Electronic technology,Buy,340.39527968898216,341.91301922837295,342.1571669528691,2.336894884498294,4.715223698274545,1.886848517263911,340.9200000000001,340.3225000000003,341.58200000000005,341.21139999999997,21.56039160698454,3.917225,10.37337775001735
TKOMF,"Tokio Marine Holdings, Inc.",48.7,USD,-2.248093135287028,4025,1.217483363581367,92691164184.57289,USD,Finance,Strong buy,46.3361463028082,45.085621116168014,43.73548851539939,-3.6597428288822833,7.8268570795970405,22.269645995480804,49.009000000000036,47.15650000000005,45.364904000000024,40.98596850000004,15.047607787753247,0.592064479056,-10.030390006458116
MCK,McKesson Corporation,766.08,USD,-0.054794520547939866,2323957,1.7092100398384222,92085925111.0,USD,Distribution services,Strong buy,804.8473095746764,825.2125529483461,833.3750006487057,1.1660614064047594,-8.883523436849549,-6.347188264058675,765.024,774.4254999999998,834.1420000000003,816.494299999999,19.915873321236006,9.604321,49.00157656000032
PROSF,Prosus NV,45.445726,USD,-0.6650797814207638,30139,2.2046259180150396,90520568849.53496,USD,Technology services,Strong buy,47.92000052243875,49.86171950563824,52.17623961784667,-0.6650797814207638,-5.3608371511870105,-27.726262722646315,45.70482520000001,47.36048630000001,56.518140520000046,47.64174863000001,7.339555414591831,1.83,90.7458634677204
CHDRF,Christian Dior S.E.,501.69,USD,-0.1512588317245479,18,0.6338028169014085,90510185634.4239,USD,Consumer non-durables,,523.2355699894562,543.6299179181847,562.6703387572297,0,-8.318561429798438,-28.979331823329556,498.52074999999996,531.1666875000001,607.2207949999997,643.6784987499997,17.015286240056543,nan,-1.2990388512299729
ADP,"Automatic Data Processing, Inc.",225.31,USD,2.378734522321942,2282739,0.7742869224877987,90064130428.00002,USD,Technology services,Buy,213.01698391780852,215.09962204164873,222.83951543254003,4.649326521133298,10.891820061029627,-12.340971870987813,221.8909999999997,213.01149999999978,206.7084000000001,250.05322499999994,21.001854941695175,2.594173,9.820039308819906
CMCSA,Comcast Corporation,25.205,USD,0.4984051036682616,26578100,0.8235798814662977,90038020448.0,USD,Consumer services,Buy,26.678680302503892,27.381332935211685,27.931781469618567,1.9619741100323602,-13.488930839196854,-9.973162647964552,24.979000000000003,25.872250000000008,27.65329999999999,28.539739939949953,4.9567354965585055,0.976076,24.843485306032253
SNPMF,China Petroleum & Chemical Corp.,0.6029,USD,4.527864850619995,350,0.031243862812661796,89955089648.67264,USD,Energy minerals,Buy,0.5983871678982702,0.6036742093124904,0.6031199481893017,-3.2418552399293845,-1.9834173305153615,5.1447506103941345,0.5882768,0.5899917500000005,0.6211903599999998,0.5662643249999997,14.273898232148463,0.017656799999999997,-16.120063077458617
GLCNF,Glencore Plc,7.63,USD,-1.2297734627831685,9161,0.0887606929941934,89245419888.04427,USD,Distribution services,Strong buy,7.484569104380409,7.274718865405426,6.90477172344123,-0.6510416666666643,1.4627659574468128,33.859649122807014,7.633999999999996,7.684265000000001,7.465586000000001,5.797519499999996,268.4169940673864,0.63086,nan
FCX,"Freeport-McMoRan, Inc.",61.99,USD,-0.5135612261274278,7859210,0.597550918717782,89114335311.0,USD,Non-energy minerals,Strong buy,61.680677385361506,60.86040304954108,58.88226135366089,-0.5773857257417793,-10.664360858913387,19.845335911068148,60.87399999999997,60.87599999999999,61.25919999999992,52.14705000000003,32.978666808533276,0.562231,55.154766817994215
INGVF,ING Groep N.V.,31.34,USD,6.653054279394242,156,0.11813706929193488,88841047902.00568,USD,Finance,Buy,29.15654804463767,28.610480648021806,27.887046778855034,2.5523560209424123,10.624779385810102,8.734495619741516,29.89700000000001,28.169850000000004,27.93389,20.10309205999999,12.432059020586927,0.7293256399999999,nan
ATLFF,Atlas Copco AB,16.7375,USD,-2.5257407752515735,3039,4.5203034359660865,88539747578.20714,USD,Producer manufacturing,Strong buy,16.53317890005093,16.16860785385226,15.693963073404142,0,-5.16997167138809,-6.637846883279865,17.21774,16.03664,15.07586,nan,29.72974643594737,0.1535618838,-5.163753757816815
ATLPF,Atlas Copco AB,18.86677,USD,-0.8577509196006422,5210,5.161482068555578,88510727908.98457,USD,Producer manufacturing,Strong buy,19.228447608547345,19.25427898831705,19.088065280649086,1.9982537850425475,-8.591230620155045,-3.9370162932790307,18.614254000000003,18.9993935,19.663593399999996,17.495776350000007,33.511832003903734,0.1535618838,-5.163753757816815
CMI,Cummins Inc.,639.55,USD,0.12054228372835434,1107080,1.1323028383359195,88250901286.0,USD,Producer manufacturing,Buy,640.5530671589348,619.4264905206925,590.641190419343,-7.945304066210873,-1.5334636880109678,25.291409540601425,657.106,674.7933999999998,616.6491600000004,518.3521400000001,33.196302236617406,7.264168,-4.155514651012388
AEM,Agnico Eagle Mines Limited,175.91,USD,-1.0351617440225054,1435109,0.7198646536532715,88129058806.11156,USD,Non-energy minerals,Strong buy,191.59328275555208,194.92195837803328,193.46692438329637,-3.346153846153848,-15.215924426450739,3.3305921052631504,176.88400000000001,185.94100000000014,196.76759999999976,181.81892500000006,16.652588484488344,3.2938874431999996,131.3305660574122
PNC,"PNC Financial Services Group, Inc. (The)",219.23,USD,0.39382699088701983,1204527,0.6842147387514239,88035013485.0,USD,Finance,Strong buy,216.90292092205883,216.06993637613775,213.9745850167751,2.6501849510699054,-4.329042112153618,5.030422076366598,216.28400000000005,217.51200000000017,214.88300000000007,206.7033000000002,12.728243893659391,4.329094,21.59906809276713
INTU,Intuit Inc.,319.94,USD,4.191226756114243,12480790,2.034863284103193,87515424386.0,USD,Technology services,Strong buy,385.29816730236183,409.4479237910919,448.37407093901317,-18.347242426562538,-21.101822396488373,-51.56827126854375,362.7619999999998,385.38549999999833,402.5120000000003,559.0493250000003,19.373043409810652,3.443781,34.38603629261943
WM,"Waste Management, Inc.",217.9,USD,0.06888633754305658,1908941,0.8495729239817016,87503352304.0,USD,Industrial services,Strong buy,223.44980213418853,225.1038719586449,225.4617453721138,-0.5930656934306492,-2.5709814442208807,-0.6565149995440858,220.06200000000027,222.1004999999996,226.66939999999977,222.3833499999997,31.53674704026399,1.991478,4.211034357937912
HCA,"HCA Healthcare, Inc.",394.07,USD,0.3846545750967982,1110246,0.6459164378631675,87420410812.0,USD,Health services,Strong buy,440.402792712729,454.9087855115142,462.28981560739686,-7.23835977590509,-16.01415144604761,-15.399313009875486,402.1560000000001,423.9885000000001,462.23209999999983,462.2849,13.55254288583495,7.376126,29.19984359448315
NOKBF,Nokia Corp.,15.57,USD,9.416725228390723,2128828,1.1719565410670731,86904176224.38628,USD,Electronic technology,Buy,12.345482300845395,11.079055709525948,9.8075212952749,7.231404958677691,49.71153846153846,141.02167182662538,14.23,13.35985,10.812350000000002,7.162175000000002,97.65364078738563,0.0631272,7.262123570069331
NGGTF,National Grid PLC,17.466,USD,3.8036372280993733,719,0.16479108890467786,86902904566.00797,USD,Utilities,Buy,17.216472546499773,17.203040689491218,17.001741409836455,2.9349363507779413,2.922804949911622,10.056710775047272,16.79599999999998,17.121250000000003,17.339399999999998,15.940389499999998,20.263497396582608,nan,10.73462745815208
ICE,Intercontinental Exchange Inc.,152.97,USD,0.976962175721163,2827798,0.9585285440904461,86506449683.00002,USD,Finance,Strong buy,156.39327927925873,157.7761019831894,159.30839243100465,-0.8812285362534915,-4.1481295820540165,-5.187802156935667,153.24999999999983,155.20449999999997,158.13739999999993,162.54437500000006,22.271886784211524,1.929298,42.23616633532139
BE,Bloom Energy Corporation,302.49,USD,-1.7506820839287989,9522310,0.9558217738908468,86041425931.0,USD,Electronic technology,Buy,244.74452560125974,218.07705160762606,189.8056401106491,9.73300442574185,32.16095770709543,233.9847631666115,282.546,277.9195,212.73879999999997,133.11585,nan,0.390582,32.85714285714286
BSX,Boston Scientific Corporation,57.78,USD,1.102362204724414,11739967,0.7144898765598418,85881596009.99998,USD,Health technology,Strong buy,59.60755508116782,63.9502025248386,70.12225174276136,7.879014189693799,-7.566789313709801,-39.63643961554534,56.866000000000085,56.004,61.61279999999998,86.25184999999999,24.22844682992285,0.832746,74.73622508792495
UPS,"United Parcel Service, Inc.",101.02,USD,2.8193384223918536,4540934,0.8571978920591514,85867628533.0,USD,Transportation,Buy,102.2635529955539,102.72637791425163,102.56278768054918,4.337946705226196,-5.588785046728976,1.7321248741188306,98.1,100.75249999999994,100.50360000000009,97.7438999999999,16.35448202172611,1.658772,-9.902564252166055
EPD,Enterprise Products Partners L.P.,39.63,USD,0.4053711679756871,3563684,0.7976871289469036,85740232958.0,USD,Industrial services,Buy,38.187725580672236,37.5411130897428,36.5907646775986,1.3295832267962238,6.104417670682734,23.457943925233646,39.549999999999976,38.620999999999974,38.0946,33.97440000000003,14.732342007434946,0.740462,1.055636951049994
ELV,"Elevance Health, Inc.",394.69,USD,1.2492945462008118,1090599,0.5999739567273475,85711815862.00002,USD,Health services,Strong buy,362.0429397988239,350.80070587894033,344.3137890905227,1.202564102564102,16.813661655025452,12.52744119743407,395.4119999999999,382.6310000000001,337.00260000000077,332.69429999999915,16.792317968703465,6.194663,-8.294186500195076
AMT,American Tower Corporation (REIT),183.85,USD,0.038089019479809104,2070031,0.6392506562797917,85654443102.0,USD,Finance,Strong buy,178.67642119514167,179.16117702223983,180.5239607498724,7.583825852887828,3.9111513027751017,4.901289512723955,182.38600000000025,178.74450000000027,177.6089999999999,184.06265000000033,29.677638057111494,1.54826,58.97402997331144
SLB,SLB Limited,57.28,USD,0.05240174672489281,10204730,0.9158869776156955,85636898487.0,USD,Industrial services,Strong buy,54.26327677752599,52.5662638360118,50.108703292250105,3.862194016319134,7.065420560747666,49.12783129393389,57.146000000000015,55.8125,52.77160000000008,43.01194999999995,25.116197491888098,0.519793,-22.62595419847327
USB/PQ,"U.S. Bancorp Depositary Shares, Each Representing a 1/1,000th Interest in a Share of Series L Non-Cumulative Perpetual Preferred Stock",14.68,USD,0.1364256480218252,49939,1.3569569210536327,85112601133.0,USD,Finance,,14.987661727133675,15.080038108765086,15.188316240218708,-1.5425888665325314,-2.6525198938992065,-4.427083333333331,14.739000000000019,14.958750000000009,15.038100000000027,15.509676630000012,3.074860709647689,1.256483,18.199598920551608
USB/PA,"U.S. Bancorp Depositary Shares, Each representing a 1/100th interest in a share of Series A Non-CumulativePerpetual Pfd Stock",774.4676,USD,0.31963730569947507,323,0.6587803385682235,85112601133.0,USD,Finance,,777.9337929265721,778.1413372547827,780.6189006229118,-0.361825854261016,-0.36438955358291614,0.18985769728330498,775.6575200000004,780.8628799999957,774.1988099999971,794.1028174999975,162.21934564953287,1.256483,18.199598920551608
USB/PS,"U.S. Bancorp Depositary Shares, each representing a 1/1,000th interest in a share of Series O Non-Cumulative Perpetual Preferred Stock",17.45,USD,0.172215843857621,22413,0.4170116490872928,85112601133.0,USD,Finance,,17.79556806122778,17.929026694570616,18.110938090813214,-1.6901408450704265,-2.56839754327192,-4.278661546900719,17.507019999999955,17.776754999999998,17.844305999999996,18.71061400000002,3.655062628293745,1.256483,18.199598920551608
USB,U.S. Bancorp,54.83,USD,0.49486803519060857,5106947,0.6431225863684377,85112601133.0,USD,Finance,Buy,54.70864442292327,54.54327490485582,53.991071613992936,3.1608654750705547,-3.891323400525853,2.8126757922370147,54.128,54.90199999999999,54.21500000000001,51.847049999999925,11.4846466423694,1.256483,18.199598920551608
USB/PP,"U.S. Bancorp Depositary Shares each representing a 1/1,000th interest in a share of Series K Non-Cumulative Perpetual Preferred Stock",21.85,USD,-0.4102096627164989,24771,0.7600984375191782,85112601133.0,USD,Finance,,22.171983169467396,22.32525554436304,22.534567678580874,-1.4433919711321619,-1.5322217214961686,-3.31858407079646,21.942999999999984,22.168695000000003,22.14177799999993,23.19558300000001,4.576683004482426,1.256483,18.199598920551608
USB/PH,U.S. Bancorp Depositary Shares repstg 1/1000th Pfd Ser B,19.01,USD,0,31414,0.5618331205042083,85112601133.0,USD,Finance,,18.854867802983872,18.830974026462176,18.873917322616556,0.4226096143687366,2.204301075268818,6.082589285714285,18.991999999999997,18.901999999999994,18.712999999999923,19.078800499999932,3.981818943487914,1.256483,18.199598920551608
USB/PR,"U.S. Bancorp Depositary Shares, Each Representing a 1/1,000th Interest in a Share of Series M Non-Cumulative Perpetual Preferred Stock",15.52,USD,-0.19292604501608446,105513,0.749976543908382,85112601133.0,USD,Finance,,15.852565352881985,15.971363622725141,16.1112971812654,-1.52284263959391,-2.389937106918244,-5.07645259938839,15.568000000000017,15.80417,15.908592,16.493638999999995,3.250806417829165,1.256483,18.199598920551608
CHGCF,"Chugai Pharmaceutical Co., Ltd.",51.7075,USD,2.482410068377772,1625,0.4359958144401814,85098287191.77386,USD,Health technology,Buy,52.60084658233654,53.535294947822486,53.835910229462314,1.2334198032401793,-7.903642354617507,-3.656605179802494,50.601999999999954,50.907755000000016,53.84765200000006,51.35234550000002,29.88100249205325,0.476100956688,4.159491019369339
WEBNF,Westpac Banking Corp. Ltd.,24.865,USD,0.8722109533468555,7549,3.478641537256348,84937344869.93105,USD,Finance,Buy,26.527351310664706,26.73242984596662,26.538738126970728,2.3672293124742665,-9.634394534089257,-2.90901991409606,24.90420000000001,26.91194999999998,27.22872000000002,23.646341000000028,17.761823067519277,0.7462824564,14.37204156459396
MNST,Monster Beverage Corporation,86.79,USD,0.5444856348470959,3238982,0.6225608582569099,84881325427.99998,USD,Consumer non-durables,Strong buy,81.9973097235634,80.40971425651313,78.64917600867983,-0.8000914390215895,14.52889944576406,13.199426111908183,86.97599999999997,82.07950000000004,77.65800000000009,73.73142499999993,42.118800349412794,0.578868,36.0401399617086
MHVYF,Mitsubishi Heavy Industries Ltd.,25.2201,USD,0.01784609527435465,17422,0.47616184364443376,84742448379.71498,USD,Producer manufacturing,Strong buy,27.86462704453917,28.364455718277274,28.41417070258125,-6.7648798521257,-4.64990548204159,4.647717842323639,25.721939999999996,27.930052500000023,28.890525000000004,28.036268250000013,40.514586542733426,0.145865653632,27.880891365054783
CSX,CSX Corporation,45.52,USD,-0.8278867102396414,10761309,0.848492182170527,84582484308.0,USD,Transportation,Buy,44.1228436301587,42.971135687630486,41.49770142114275,-0.5244755244755133,3.9981722641078363,25.072125291935702,45.92800000000004,45.27099999999997,42.91610000000001,38.00982500000001,27.842681509572454,0.491241,-2.5801453938743832
KKR,KKR & Co. Inc.,94.04,USD,-0.7598142676234686,2824956,0.6003931924680574,84435970671.0,USD,Finance,Strong buy,97.88954752718077,99.38646017919427,103.20817713162863,-2.478481800269626,-11.790638776850196,-27.032898820608313,94.40599999999992,99.16899999999997,96.31720000000003,116.98185000000016,32.05289887180886,1.388552,27.19035852083061
KKR/PD,KKR & Co. Inc. 6.25% Series D Mandatory Convertible Preferred Stock,40.79,USD,-0.8025291828793734,31706,0.1940063979401276,84435970671.0,USD,Finance,,42.28416862719761,42.82244047749967,44.03403238476749,-1.1391177896267546,-10.25302530253026,-21.383829623205166,40.92299999999998,42.84625000000005,41.77239599999995,48.45598499999999,13.90299601213402,1.388552,27.19035852083061
JCI,Johnson Controls International plc,138.36,USD,2.1333136487783384,3502783,0.9762986112483364,84415594868.99998,USD,Producer manufacturing,Buy,139.55840451525955,137.38165590719333,133.44167866599858,-3.129594622978365,-1.4810595272002165,14.859704466212868,136.86199999999988,141.38,138.17839999999995,122.38632500000007,24.746914684314078,1.293988,49.09730926158032
MELI,"MercadoLibre, Inc.",1664.42,USD,-0.8033851838607794,399474,0.48006391334396553,84381405396.0,USD,Retail trade,Strong buy,1707.0998071295326,1753.2832502844103,1823.327203314742,8.079220779220785,-11.076324703217324,-17.90979260684076,1634.858,1702.1014999999995,1726.8829000000003,2039.3980750000003,43.948795673825906,8.682762,-6.841315524069561
SHECF,"Shin-Etsu Chemical Co., Ltd.",42.75,USD,1.9556403529692352,995,0.35243695097761407,84371054534.91011,USD,Process industries,Strong buy,43.527803961641496,42.03291768221922,40.033883677839796,-7.25474031327288,-1.9989913346476547,28.842676311030743,43.17159999999999,45.07165,42.61548400000001,34.98950999999998,26.883395439929927,0.425667964656,-11.411713622964498
MRAAF,Murata Manufacturing Inc.,45.344,USD,3.809523809523813,5019,0.6709175489252492,83631207156.2492,USD,Electronic technology,Strong buy,34.90402239039101,31.683751486601054,28.649689849522883,11.421269903676045,56.89965397923877,110.90232558139536,41.51399999999998,36.841930000000005,30.104981999999996,22.878275000000002,56.478562500014405,0.243385252128,-3.657141237093912
AMXOF,America Movil S.A.B. de CV,1.36,USD,2.50998718625161,872,0.06942619883599653,83248319162.11084,USD,Communications,Strong buy,1.2908476487751173,1.2452987011070749,1.185299711825552,0,4.2145593869731925,33.33333333333334,1.3413399999999995,1.2755849999999997,1.1003013999999998,0.9145318500000001,16.806647254395916,0.0238562484,203.85455876821186
EIPAF,ENI S.p.A.,28.44,USD,-1.1126564673157173,6119,0.25567315285652803,83181244227.46169,USD,Energy minerals,Buy,27.45777136346036,26.19465491878352,24.514599562653483,-1.1126564673157173,7.727272727272738,38.6640663091175,28.360000000000003,26.991625000000006,22.974182000000006,17.5066155,31.54214651635824,0.87207408,1.8868168523695046
BCLYF,Barclays Plc,6.1,USD,4.452054794520544,67923,1.199224563949639,82770718732.30147,USD,Finance,Strong buy,5.920739768906411,5.89443147499475,5.8410006953972875,7.488986784140966,4.810996563573872,-2.4000000000000057,5.789999999999999,5.822499999999998,5.660749999999995,5.633713000000007,10.145604391948979,0.197256057,18.367794117082507
CIEN,Ciena Corporation,583.74,USD,-0.5943156855065322,1622004,0.863092892671045,82539913618.0,USD,Electronic technology,Buy,516.4083116389522,470.6608936867832,412.15444650678273,3.5936751317680886,14.123167155425222,142.21576763485479,558.4360000000003,546.9965,484.0749999999999,272.51857499999994,370.69918079634215,1.457957,191.7191552426825
RACE,Ferrari N.V.,348.24,USD,-0.32914508142762455,688387,1.2369837081281463,82331184681.1368,USD,Consumer durables,Strong buy,342.28286403925705,345.7809094777737,354.67503168928954,8.361079129974797,-3.4570707770785316,-6.149948795343069,338.77399999999994,336.6629999999998,339.76999999999975,388.3213499999996,33.560470091854896,2.7759693199999997,8.872330655924301
OVCHF,"Overseas Chinese Banking Corp., Ltd.",18.2,USD,12.833230006199631,206,0.005297672624405298,81793139594.14365,USD,Finance,Buy,16.36007659270959,15.673683332671477,14.880087683622223,12.833230006199631,17.04180064308681,27.272727272727263,16.72599999999999,15.195250000000001,13.408807320000003,9.829684389999997,14.366500478357105,nan,3.6317528876672784
RCRRF,"Recruit Holdings Co., Ltd.",60.102,USD,-2.3715928657288603,1701,0.08887890314759854,81593740065.67484,USD,Technology services,Strong buy,50.96383079593925,49.41439449810691,49.1952629553968,1.5270786175208562,24.172554853105233,2.580645161290311,59.06922000000003,50.79775500000002,46.51061199999998,51.37330699999993,27.454876478424953,0.67171745496,22.927653716688813
ENGQF,ENGIE SA,32.236,USD,-0.0496093265534086,15083,1.8764384618255556,81511709003.40463,USD,Utilities,Strong buy,32.03322281536006,31.676431062302175,30.68963848691742,1.7871802968108474,-2.042056642761651,20.96060037523452,31.759200000000003,32.38844999999999,32.63471200000001,27.224991000000013,18.181199870485063,nan,3.5250456672288224
MIELF,Mitsubishi Electric Corp.,38.545,USD,5.199235807860265,6095,1.8547258231391883,80986009276.12544,USD,Producer manufacturing,Strong buy,38.51185387499755,37.38728451612865,35.70972393790082,-7.218852301174647,-1.3689866939610968,28.48333333333334,38.523799999999994,40.1052,37.01189600000002,29.681656999999994,30.861781927684504,0.32231895,20.223439291163178
SU,Suncor Energy Inc.,67.34,USD,-0.5758157389635324,1875476,0.582244473597227,79926584579.06795,USD,Energy minerals,Strong buy,65.12216772054953,62.93715351711389,59.533377741983486,-0.9851492427584202,6.7956545872650915,52.21518987341772,68.45600000000005,66.90649999999997,65.06040000000003,50.260699999999986,17.821549153917484,1.9367013951999998,12.754683562320244
NXPI,NXP Semiconductors N.V.,316.47,USD,5.708464159262486,2948747,0.8272548915256274,79899524450.0,USD,Electronic technology,Strong buy,269.88368865749845,254.2891604831652,242.37246595097895,6.196204761665084,38.4989059080963,43.45549738219897,302.3920000000002,290.6614999999998,238.74220000000008,226.2175500000002,30.282182054790592,3.501342,13.848248815294934
NPPXF,NTT Inc.,0.9369,USD,-3.0826523223337174,1154367,4.174121227264329,79856967475.2747,USD,Communications,Strong buy,0.9534084630982984,0.9613310039752722,0.9711194704371537,-0.5836162988115514,-1.1552460832410207,-9.038834951456318,0.934444,0.9504873999999999,0.9632463600000005,1.005163045,11.799913666295017,nan,-0.3344991850034472
ABNB,"Airbnb, Inc.",132.35,USD,-1.4152700186219782,3097906,0.7774733877942611,79767996704.00002,USD,Consumer services,Buy,134.9984583520113,133.81654098582626,132.35598687969627,-0.8614232209737871,-9.643283836832225,-2.640870972487865,133.522,137.12249999999997,134.09519999999998,128.32957499999998,32.59932510652972,1.256582,2.1538384117957854
MMM,3M Company,152.44,USD,0.5540897097625352,3209711,0.74310984279728,79507714501.0,USD,Producer manufacturing,Buy,148.40959254184253,150.1645649697523,152.49190825180082,3.9836289222373833,1.2083388660204442,-4.784509681449093,151.14200000000008,146.1674999999998,146.90179999999984,157.64359999999994,29.409268047999383,2.225031,-34.5232681521904
MDLZ,"Mondelez International, Inc.",61.76,USD,0.4227642276422732,7050138,1.0057752051106423,79278208275.0,USD,Consumer non-durables,Strong buy,60.0213461558028,59.458321448885755,59.17758058031389,2.065774252189721,9.932360270558913,14.49758991472006,61.60599999999997,61.067499999999995,58.84759999999997,58.93195000000001,30.6212504338341,0.677916,-25.044596402556852
DDOG,"Datadog, Inc.",222.32,USD,1.9629425793432402,4871640,0.8922007104728075,79137073529.0,USD,Technology services,Strong buy,171.58283461406504,157.51724545529504,148.61759669569014,8.374768450814082,71.55644725673275,61.98178506375228,215.314,179.5445,144.96160000000012,141.91135,593.3279957299172,0.580713,-18.825823223570197
MRSH,Marsh,164.11,USD,-0.6116763565891418,2463733,0.8741631703742382,79067294808.00002,USD,Finance,Buy,167.28114201260863,170.34327595173446,174.56420053443912,1.779955346067976,-7.963658796478037,-11.00807982213545,164.9320000000003,165.1925,170.33380000000048,184.64555000000004,20.534027352010114,2.913696,-1.9711019527033586
NOC,Northrop Grumman Corporation,555.58,USD,0.7251894557453133,652267,0.8550216086414116,78910953536.99998,USD,Electronic technology,Strong buy,593.0936487704184,614.9113652595018,624.6264237999393,2.885185185185193,-9.08525609556537,-2.4596639688196755,553.134,558.6279999999995,630.5301999999999,619.6411999999999,17.357481387523784,6.81895,25.97993490059943
VCISF,Vinci SA,141.05,USD,-5.036019659328074,264,0.2881781464905578,78728384757.32005,USD,Industrial services,Buy,149.57331548509353,149.08246876681778,147.39769921703393,-5.036019659328074,-9.774195611846734,-0.2475247524752435,147.45880000000017,149.74486000000002,144.388504,131.90892250000007,13.889322073369987,4.1354,16.304065595490236
RKLB,Rocket Lab Corporation,135.76,USD,8.218413710641679,32970690,1.0503677261406812,78587047626.0,USD,Electronic technology,Strong buy,101.08526834268918,91.75751978214011,83.36837889720682,2.2635682271854134,50.069087492400364,92.21294067676625,130.79199999999997,104.8665,85.30800000000005,67.085325,nan,-0.059277,19.985465116279073
BAESF,BAE Systems PLC,26.754,USD,1.2182203389830613,38937,1.3553628677148855,78522112643.26802,USD,Electronic technology,Buy,27.633950188712557,27.82163653094124,27.560415165279757,2.8802153432032394,-7.681159420289852,13.846808510638304,26.123479999999994,27.055292500000025,28.710231000000025,26.289300749999992,29.191484265534662,0.5208454143,14.336737814628211
MCO,Moody's Corporation,449.12,USD,0.8419965422008667,502893,0.478642346208189,78461261776.0,USD,Commercial services,Strong buy,446.47088966571005,450.6953493780024,457.9957772105421,5.1778646870096745,-5.3028865414215485,-11.888880169504828,443.3319999999996,448.72574999999995,444.1725000000001,478.83202499999925,32.203985343572754,4.188497,20.48362433153924
MPWR,"Monolithic Power Systems, Inc.",1589.81,USD,1.8293034427541999,476701,0.7850988000382091,78107369877.00002,USD,Electronic technology,Strong buy,1481.2106503224834,1391.702573005341,1288.6279984965788,1.6970728212476316,2.8963276507061217,71.38868376086803,1531.7539999999997,1577.0339999999992,1376.2576,1078.4402249999998,114.53962536023053,5.845609,-63.151159888922514
LLDTF,Lloyds Banking Group plc,1.34,USD,-2.898550724637668,666,0.05380513814832768,77898360694.61848,USD,Finance,Strong buy,1.2898614505946528,1.2862672670937285,1.273758579182258,10.6523534269199,-3.9426523297490994,-1.4705882352941189,1.3218000000000003,1.3079800000000001,1.3264500000000001,1.0649065399999997,12.945283955769638,0.0343261255,nan
LLOBF,Lloyds Banking Group plc,2.0,USD,-6.716417910447767,8000,6.446414182111201,77743098797.7952,USD,Finance,,2.082998586226494,2.08743916184856,2.088045954663842,0,-6.716417910447767,-4.761904761904766,2.0989999999999998,2.097035000000001,2.08299,nan,19.321319336969605,0.0343261255,nan
CP,Canadian Pacific Kansas City Limited,86.26,USD,-0.5189712835889617,2046084,0.7354496399787527,76576139752.55904,USD,Transportation,Strong buy,84.38410033336203,83.09558816525077,81.4928191864843,0.8063573682365455,4.241691842900308,16.835974536096447,86.33200000000008,85.76499999999993,82.67960000000002,77.42945000000003,26.75024164095511,0.8966248064,12.587181014183418
BAM,Brookfield Asset Management Inc,47.93,USD,-1.256695508858672,3268840,1.153809078207553,76533972953.60663,USD,Finance,Buy,47.70663741858024,47.80965248267285,48.59730009982196,0.24051030011503083,-1.8431292238378019,-8.513075014315712,48.02799999999999,48.084249999999955,46.42240000000006,52.17409999999998,31.069740244836655,0.4325777408,13.918809923757516
EMR,Emerson Electric Company,136.42,USD,1.1267605633802682,2950724,0.9775874324367081,76408837644.0,USD,Electronic technology,Strong buy,137.79828651184678,138.34724177910036,138.37949719045577,2.8188121796804197,-6.785104202254874,2.394355625609846,133.4099999999999,137.5509999999999,136.60819999999998,137.18895,31.47379106681432,1.679454,3.4463007159904335
NET,"Cloudflare, Inc.",216.17,USD,1.6553021396661094,2115981,0.5462751202003227,76408798146.0,USD,Technology services,Strong buy,203.65676484701808,201.28344854976666,199.32072610279312,11.336011536876798,3.366327164921337,8.682755153343379,209.48599999999996,212.15699999999987,208.0476,204.09619999999995,nan,0.269454,-4.503367003366998
SHW,Sherwin-Williams Company (The),309.08,USD,-0.0840499127173954,1274423,0.5322290309242282,76230134154.0,USD,Process industries,Strong buy,318.67844917960093,323.91727089977945,329.08074730734194,2.5140961857379716,-9.003120767826662,-4.383604021655071,305.59,313.4645000000002,320.5160000000006,339.7339500000001,29.660764838539414,3.503856,-1.3938568103105617
ORLY,"O'Reilly Automotive, Inc.",91.74,USD,-0.6497725795971503,4453735,0.7271081423684751,76026320393.0,USD,Retail trade,Strong buy,92.19371441345976,92.64920160325597,93.36483446096554,3.287547849583429,-2.2065877838183643,1.102049812651532,91.99200000000006,92.68099999999983,92.09100000000016,96.84767500000002,29.974514801019406,0.863721,12.50964967099217
ANZGF,ANZ GROUP HLDGS LTD,25.21,USD,-2.229978669769243,300,0.26605179141539553,75876991527.97635,USD,Finance,Buy,25.92590151464392,25.525674821993572,24.592275119191747,0,-10.610761457317613,0.17881978939003262,26.308500000000002,25.469750000000005,21.74483602,nan,18.66880013803508,0.8500834108,-0.12334411998343688
CI,The Cigna Group,286.24,USD,1.4963477767534314,1435101,0.8793666750593735,75719754360.0,USD,Health services,Strong buy,281.32338799817853,279.6274402200895,279.4744452334396,0,3.320820098180764,3.4627340417841332,285.8660000000001,287.0119999999999,277.2086000000001,282.1652,12.126449929251077,7.55513,30.779203510404905
ROST,"Ross Stores, Inc.",234.81,USD,8.112712371656155,4589063,1.3039223371900281,75643609330.00002,USD,Retail trade,Strong buy,222.75264924687707,217.5146856892247,208.8245172111522,9.6781727310944,3.3744964670144584,30.023810842239325,218.70999999999967,221.47949999999992,219.56179999999986,183.48959999999997,32.74027802953192,1.935928,13.418414144289455
EOG,"EOG Resources, Inc.",141.22,USD,0.8858408344049216,2517107,0.8339780346746501,75217794455.0,USD,Energy minerals,Buy,136.35351469850903,133.5343287121688,129.41821485159934,1.6409961134302584,5.854133873023014,34.49523809523809,142.02399999999997,137.72100000000017,137.98899999999995,119.27214999999995,13.887441119491783,4.828526,-5.629437149088195
KMI,"Kinder Morgan, Inc.",33.79,USD,0.8656716417910422,6677008,0.6849870369667066,75176861886.0,USD,Industrial services,Buy,32.783604362251225,32.39421493654953,31.67423027724327,0.2968239833778612,6.124371859296481,22.917424518006552,33.79399999999999,32.63799999999996,32.74979999999999,29.330050000000025,22.794117647058822,0.312845,28.168770534324732
CVNA,Carvana Co.,68.28,USD,6.041310762540768,9368567,0.9723377619316333,74891943406.0,USD,Retail trade,Strong buy,71.28921819653587,71.42302087098791,71.74364758138263,1.4561664190193224,-16.103506745631922,-19.038133181559473,65.39000000000001,73.4038,69.58736,73.77084500000005,34.27022686207589,0.385747,248.80952380952377
MPC,Marathon Petroleum Corporation,254.65,USD,2.5037233828442615,1926483,0.803153726730797,74341657225.0,USD,Energy minerals,Buy,240.68422463898762,232.2961590508281,221.77461425597684,1.0315413608411006,14.367196622653378,56.3708934602395,256.8,249.17099999999996,238.8477999999998,199.30435000000026,16.640310523289248,10.68946,114.97787455222308
APO/PA,"Apollo Global Management, Inc. 6.75% Series A Mandatory Convertible Preferred Stock",66.21,USD,-1.6780516780516925,153213,2.6350385677063177,74088262954.0,USD,Finance,,65.08321281244122,64.54329841745401,65.07247227255465,-1.1791044776119495,-0.555722439170929,-13.374546168187631,67.45800000000006,66.64350000000002,62.29839999999999,67.74789150000007,43.539159597553756,2.199394,-73.13820391436445
APO,"Apollo Global Management, Inc. (New)",128.51,USD,-1.8258212375859548,2524490,0.8218903357261956,74088262954.0,USD,Finance,Strong buy,126.105205891509,124.54243016270604,125.08836074950541,-4.011054675829104,0.218357638618109,-11.378525618922833,131.37400000000005,130.00649999999993,119.86480000000005,129.34244999999999,84.50713487209838,2.199394,-73.13820391436445
TRPPF,TC Energy Corp.,18.25,USD,0,450,0.22002738118521414,73998373227.68497,USD,Industrial services,,17.841404920283193,17.69022767134713,17.45512107678849,-0.14062388855146724,4.285714285714286,3.51555853024924,18.192220000000013,17.851934999999994,17.424384,nan,7.956028511762604,0.5891606655999999,-21.54950744946246
COHR,Coherent Corp.,377.57,USD,-0.11375661375661555,3988334,0.6695755508409387,73867542507.0,USD,Electronic technology,Strong buy,335.3882670400696,309.4994008339123,277.1169897970862,-1.1596858638743472,6.993680750375474,100.83510638297872,366.1060000000001,350.98550000000006,309.8390000000003,197.96995000000013,180.25876062255324,1.615261,nan
TRP,TC Energy Corporation,70.91,USD,0.49603174603173794,2847533,1.1673696357373402,73832805400.95935,USD,Industrial services,Buy,66.00850766859111,64.48649525202767,62.492112246125444,4.080434463525615,17.284154813099562,28.903835666242497,70.05399999999997,66.77400000000003,64.33700000000013,57.25959999999999,30.912985302415684,0.5891606655999999,-21.54950744946246
TRPRF,TC Energy Corp.,17.1766,USD,4.100606060606063,158,0.07528828742971505,73719604123.23839,USD,Industrial services,,16.879967806876344,16.68717142892951,16.29486680306897,0,4.100606060606064,1.0388235294117678,16.841160000000006,16.81823,15.343800000000003,nan,7.488083251240633,0.5891606655999999,-21.54950744946246
LITE,Lumentum Holdings Inc.,946.9,USD,-1.8247796785899453,3076824,0.500394361610463,73668824789.0,USD,Producer manufacturing,Strong buy,885.3863663689118,813.5992168316521,710.3662956827767,-0.6708311697847972,11.41966229334588,149.59143866308187,910.9080000000001,933.7949999999998,846.8744000000002,442.62147500000015,175.73912882092017,2.950563,nan
VLO,Valero Energy Corporation,246.96,USD,2.434775395080677,2533282,0.8390022052405537,73330518817.0,USD,Energy minerals,Buy,240.74586266408508,233.3841139032618,221.6231641242026,-1.1962392478495623,4.467005076142133,51.27718223583461,252.59200000000016,247.31350000000006,242.34419999999997,191.0778,17.934380038053188,9.096777,385.49871311215315
HLT,Hilton Worldwide Holdings Inc.,321.08,USD,-0.5205105961085658,1053734,0.7872741394804232,73093337659.0,USD,Consumer services,Buy,318.31423123630475,314.68906173151106,308.4221301589563,1.9333947109431964,-6.262225206551249,11.925262313940106,320.24799999999993,318.5084999999999,315.4892,290.4248000000003,49.08054235008178,2.2672,3.1910530632847522
ITW,Illinois Tool Works Inc.,252.2,USD,0.9082543112071307,874187,0.6684263265405211,72557942201.0,USD,Producer manufacturing,Buy,258.22411180162595,261.0699507621021,262.1861404426773,1.4562716228175943,-7.49706572769953,2.2501520372998107,249.94600000000023,254.8074999999999,261.22860000000003,260.8429000000001,23.414724723795374,2.785898,-5.191535807337499
CL,Colgate-Palmolive Company,90.61,USD,0.18796992481203198,3771925,0.736058612661943,72505155775.00002,USD,Consumer non-durables,Strong buy,87.87532511762156,87.59819655036532,87.0847909522265,2.4884062888813516,10.244555298698142,14.797922209552759,90.2679999999997,87.60400000000033,86.1026000000003,84.03045000000012,35.15967560436149,0.94859,-27.029475889798103
AEP,"American Electric Power Company, Inc.",131.59,USD,1.5276599027852709,3280669,0.5338972025878709,71598764356.0,USD,Utilities,Buy,131.05144457036613,130.23819623521487,128.05601127915406,4.494560470102435,-0.8289999246363662,13.989951489951494,129.334,131.8155,132.12259999999995,121.48664999999995,19.463385052285936,1.514158,30.44124172792346
ECL,Ecolab Inc.,253.32,USD,1.2550963306419325,1254781,0.7147285001621377,71293749561.0,USD,Process industries,Strong buy,260.16843686683677,264.51334102223564,267.68341287585486,1.99710098244483,-6.853949110163255,-3.0168453292496156,249.41600000000008,254.74949999999995,262.8336000000004,271.8846000000001,34.25326211885606,2.072333,0.5971489199629989
PSX,Phillips 66,177.69,USD,2.091353059465663,1899285,0.7605261202122074,71242146118.00002,USD,Energy minerals,Buy,171.5803785401894,167.98641738848565,162.26633900688947,2.420888812035269,10.531226673301822,37.74418604651163,178.652,174.598,172.19099999999995,146.88195,17.486763634932192,6.120263,131.74147053457398
GM,General Motors Company,78.79,USD,2.046367050900159,6446196,0.9238041793029041,71042198871.0,USD,Consumer durables,Strong buy,77.15641280455044,77.02304860451905,76.16084336891586,5.306067896284434,-1.0051514009297615,-3.2182778528436193,75.57399999999996,76.59850000000007,76.16960000000006,72.02624999999995,31.780413036463376,3.194513,-64.28849228641805
NSC,Norfolk Southern Corporation,314.53,USD,0.9921654251220059,1600147,1.29542276083471,70641548703.0,USD,Transportation,Buy,309.5300667624883,306.01263710850014,301.7895615733476,-0.9104656291349137,3.484240310587608,8.875350479421229,315.2179999999997,314.5525000000001,301.5237999999997,293.66350000000017,26.5092836854925,3.146421,-18.973311844405593
VOLVF,Volvo AB,34.5,USD,6.153846153846154,1049,2.4863711780042665,70221719075.16042,USD,Producer manufacturing,Buy,34.55477427775829,34.46823004971693,34.025864827017585,6.153846153846154,-4.166666666666667,5.223027068242466,33.56690000000002,34.321369999999995,35.204548000000024,31.5464295,20.281185408833423,0.578454773,-24.52454140163562
CNI,Canadian National Railway Company,114.24,USD,0.061312078479454475,843896,0.8035405082410663,69846335816.82794,USD,Transportation,Buy,110.95040845381648,109.13077861137324,106.88829496500207,1.8635755684351218,3.6472509526401704,15.48726243429033,113.80800000000004,112.18500000000003,108.46560000000005,100.64040000000006,20.922045029423064,1.383015136,10.05730492344155
DASH,"DoorDash, Inc.",160.25,USD,0.6153073397375461,5103325,0.9695800568392696,69823929913.0,USD,Transportation,Strong buy,165.6963518889537,169.9286430579083,178.27037733289825,1.5847860538827259,-12.469958488092644,-30.24419971270622,159.514,163.69349999999991,163.5683000000002,210.65974999999983,76.33133276174145,0.465697,174.50313807531379
MURGF,Muenchener Rueckver Ges,547.12,USD,-0.10954502300445897,1701,2.1682600382409176,69467889680.43582,USD,Finance,Buy,594.1459004260873,606.190986029304,615.268550745918,-4.014035087719297,-18.58696784369745,-18.377455039123973,565.9068000000004,584.7700999999998,613.7110400000004,629.1915274999997,9.085237108960996,14.22118356,59.852461482466666
AON,Aon plc,324.78,USD,0.17272222564923365,928978,0.6106724004181069,69365521584.0,USD,Finance,Buy,320.397541329452,323.15236967576556,328.0557057180768,2.289691663254695,-2.7022168963451283,-7.5017088174983,324.07599999999957,317.378,321.5888000000004,341.88020000000074,17.820967264027743,3.820202,55.29197235784827
CTAS,Cintas Corporation,172.93,USD,0.3307031793919663,1338510,0.6894919329788971,69187064060.0,USD,Commercial services,Buy,173.6346187478712,177.04225385184182,181.28845546133576,2.720522720522728,-1.919859342653768,-7.810001066211751,172.67199999999988,170.01500000000024,174.3087999999998,190.39379999999974,36.493131027497,1.240429,9.946635730858471
ET/PI,Energy Transfer L.P. Series I Fixed Rate Perpetual Preferred,11.6101,USD,0.08706896551723753,30972,0.46735868103811207,69064063686.0,USD,Industrial services,,11.731695306801464,11.746937214021802,11.730492159457116,0.0008613264427197843,-3.249166666666673,1.309773123909235,11.61101999999999,11.782780000000013,11.764727999999993,11.622812500000004,9.755566759095874,0.365432,-10.370537731586094
ET,Energy Transfer LP,20.07,USD,0.2998500749625123,6870163,0.6152114248373156,69064063686.0,USD,Industrial services,Strong buy,19.558780988444088,19.25484598925765,18.85761122508466,-0.14925373134328923,5.409663865546225,22.006079027355632,20.163999999999987,19.949500000000004,19.397799999999982,17.828650000000017,16.86412906478447,0.365432,-10.370537731586094
NETTF,"NetEase, Inc.",22.044,USD,3.1057062675397638,128,0.15984015984015984,68819441302.78181,USD,Technology services,Strong buy,22.26786826306062,23.228475476010498,24.07767578513592,0,8.164867517173708,-19.898255813953487,21.35904000000002,23.815464999999985,26.678526,23.582339999999995,14.823463763030123,0.46062554559,6.6845878762961055
RCL,Royal Caribbean Cruises Ltd.,256.1,USD,-1.6210817455439346,3183546,1.068686387055664,68684735197.0,USD,Consumer services,Strong buy,268.34878143023366,273.55766772783454,278.90239109072667,-2.0612642930895966,-5.849049667291633,-8.043087971274678,254.02000000000012,262.31550000000004,269.21840000000003,294.18724999999984,15.632630139662078,3.936266,37.58860483085296
JAPAF,Japan Tobacco,38.59,USD,-6.9223347805113296,30,0.5769230769230769,68491597167.97033,USD,Consumer non-durables,Buy,38.024969171719306,37.70821885360694,37.21083189017042,-8.684335068622799,2.252252252252256,2.143991529910011,40.189,38.7241,37.82930200000001,31.05210850000002,19.79029981692513,0.6626552522400001,189.52330676486494
B,Barrick Mining Corporation,40.68,USD,-1.4534883720930267,11007674,0.7873004504739306,68153657991.14677,USD,Non-energy minerals,Strong buy,41.466201449950255,41.91420938841279,41.64232820292264,-0.5378973105134447,-1.1661807580174852,-7.849133537206939,40.599999999999994,41.22750000000001,41.08999999999998,39.12384999999999,11.268072030582067,0.8689450495999999,179.97248220371966
TDG,Transdigm Group Inc.,1213.51,USD,0.3464757053550801,448621,1.077313173199163,67875962010.0,USD,Electronic technology,Strong buy,1196.4369938842483,1214.1493313151082,1241.006893454656,5.689874409935718,0.4594522997450209,-8.692053603003693,1196.4700000000016,1185.1234999999988,1193.1062000000006,1295.670700000001,37.85664817784211,10.222805,8.239322242219385
WBD,"Warner Bros. Discovery, Inc. - Series A",27.03,USD,-0.2583025830258313,19347603,1.1671910275989212,67767907229.00001,USD,Consumer services,Buy,27.158749819316228,27.154057891173096,26.584627845837684,0.2001779359430681,-1.17001828153565,-6.113233761722814,27.148000000000003,27.09899999999999,27.24439999999998,23.795950000000012,nan,-0.14828,84.13440799182655
HKXCF,Hong Kong Exchange & Clearing Ltd.,53.358,USD,-0.2467750981491961,1518,0.05888285492629946,67520857900.75908,USD,Finance,Strong buy,53.067965535545625,52.82139993083951,52.77731243032168,1.769979019645236,4.705651491365769,-2.6846616815611917,51.97879999999999,53.75149000000006,52.27902000000007,54.21033900000007,31.076293059507613,0.45152939931,19.58716351586279
DLR/PL,"Digital Realty Trust, Inc. 5.200% Series L Cumulative Redeemable Preferred Stock",20.05,USD,-0.049850448654027976,8649,0.36121180735370273,67480506597.0,USD,Finance,,20.106041878533514,20.1789709620509,20.339786831683384,0,1.0075566750629685,-2.4330900243309004,20.07000000000003,20.137554999999885,19.958222000000085,20.99206199999994,5.303250720765996,0.484044,251.46416287068885
DLR/PJ,"Digital Realty Trust, Inc. 5.250% Series J Cumulative Redeemable Preferred Stock",20.16,USD,-0.2967359050445041,8891,1.1164128128178405,67480506597.0,USD,Finance,,20.37512801940564,20.475223613426003,20.66245939174301,-0.6896551724137958,-0.9823182711198394,-3.0769230769230798,20.225019999999976,20.394054999999934,20.341841999999996,21.40839850000002,5.33234586187743,0.484044,251.46416287068885
DLR/PK,"Digital Realty Trust, Inc. 5.850% Series K Cumulative Redeemable Preferred Stock, par value $0.01 per share",22.56,USD,0.31124944419742234,7912,0.4477493690084095,67480506597.0,USD,Finance,,22.740449999235118,22.878027368385307,23.09099985796761,0.266666666666661,-1.052631578947377,-5.567182921724578,22.520439999999997,22.734585000000045,22.59943399999993,23.735460000000106,5.967148940672362,0.484044,251.46416287068885
DLR,"Digital Realty Trust, Inc.",192.03,USD,-1.153034436608848,1692523,0.8991534366292973,67480506597.0,USD,Finance,Strong buy,191.18668997445613,187.53931452310692,182.76514157885785,1.1642608787272195,-5.3339906334730065,24.178737713398874,190.34600000000006,194.49950000000007,189.55639999999977,172.61584999999977,50.79218134207951,0.484044,251.46416287068885
MSI,"Motorola Solutions, Inc.",404.08,USD,0.959424345392758,957116,0.6806495582394377,67075489697.0,USD,Electronic technology,Strong buy,416.5938806984711,422.08874561693733,423.960364455895,1.6937209009689091,-9.087227484419655,5.415840550975684,401.84799999999984,414.01199999999983,433.7294000000001,428.4831500000001,32.576850829174695,3.849226,3.4787976874754927
CRH,CRH PLC,100.37,USD,-0.6532713055528028,3940189,0.7022525148256397,67067255439.00001,USD,Non-energy minerals,Strong buy,109.00568697435975,110.87974716330382,112.43702127398606,-3.080339899575123,-15.328159271132108,-20.023904382470114,100.95599999999993,109.5675,109.42380000000001,115.94789999999995,18.598402727592788,2.028324,14.203787958946137
REGN,"Regeneron Pharmaceuticals, Inc.",638.88,USD,-0.5773510325401946,995023,0.8150627653449221,66979558148.0,USD,Health technology,Strong buy,707.5217711253086,720.4365531146765,722.8819897968064,3.7260727680093595,-14.983765369670518,-17.484016790442364,638.241999999999,694.2979999999986,729.4852000000002,693.356574999999,15.566417004936381,10.852372,4.472156251829569
SPG,"Simon Property Group, Inc.",204.41,USD,-0.2391410444119127,1152024,0.7445191253090708,66400582270.00001,USD,Finance,Buy,200.12931049481566,197.88299344888043,194.7665201939072,2.17434769569129,-0.48198636806232187,10.809345693066621,202.93799999999993,202.39299999999986,196.70580000000027,187.32504999999983,37.402792263636535,1.63,-18.347253141294775
SPG/PJ,"Simon Property Group, Inc. Simon Property Group 8 3/8% Series J Cumulative Redeemable Preferred Stock",54.35,USD,0.7974777448071211,1077,1.377942681678608,66400582270.0,USD,Finance,,54.117085730622556,54.041249168320384,54.04925560325406,0.03681207436039596,1.3992537313432836,1.740921003369524,54.2878800000001,54.14126499999994,53.86061000000011,53.861932,9.944923240196887,1.63,-18.347253141294775
HOOD,"Robinhood Markets, Inc.",73.64,USD,-3.003161222339306,20815942,1.036385507446597,66372122654.0,USD,Finance,Strong buy,76.82800599811965,79.35211592988516,84.27287414035214,-3.105263157894736,-17.582540570789025,-36.230277628639215,75.326,76.99899999999985,76.2113,104.531075,35.614450839096584,0.39612,18.0126705096741
NKE,"Nike, Inc.",44.67,USD,0.6307726965532804,14903707,0.693761525679736,66151231530.99999,USD,Consumer non-durables,Buy,45.70370888968845,48.40601468851292,52.057735934486985,6.661891117478508,-3.5413517598790767,-30.203124999999996,43.64799999999998,43.556000000000026,46.37119999999999,61.61675000000004,29.38622459048747,0.117362,-49.42272500415904
MKGAF,Merck KGaA,151.34,USD,1.4275182628510121,1036,0.8243813161454603,65799286655.19021,USD,Health technology,Strong buy,139.19597616754285,138.3190967824307,138.18218993124844,6.697687535250988,13.008609681971931,2.430473302695794,144.82200000000006,137.54990000000006,133.058022,137.139198,22.492288647617183,2.31649216,-4.042813325539984
SFBQF,Softbank Group Corp,1.375,USD,-1.7857142857142794,12069,0.16611474015409897,65551427734.375,USD,Communications,Strong buy,1.3844815813026548,1.3818494531728032,1.3874169365837472,-1.7857142857142794,4.666209941386915,-8.333333333333334,1.359999999999998,1.388,1.3563840000000014,1.4251794999999998,19.431904553582633,nan,-2.032713307970299
BKR,Baker Hughes Company,66.06,USD,0.3951367781155093,8384059,1.144213410676375,65536053558.0,USD,Industrial services,Strong buy,64.31948534852935,62.72245244386628,60.16018636404896,3.025577043044288,8.348368049860593,44.48818897637796,66.065,66.44174999999998,63.234899999999996,53.391950000000016,21.063036061601252,0.48957,7.1213880729558
RNMBF,Rheinmetall AG,1407.25,USD,-0.47736916548797736,226,0.17888238087699856,65496248108.9089,USD,Electronic technology,Strong buy,1539.0198645641335,1627.9097061204789,1714.41182951692,4.2407407407407405,-16.828704661375067,-25.953696395685345,1416.5500000000002,1480.3101250000007,1642.35707,1910.9187034999995,78.11449559344882,8.23630392,-0.061595264786545735
TRV,"The Travelers Companies, Inc.",306.46,USD,-0.2506265664160527,1386342,0.9470005215415087,65167087992.0,USD,Finance,Buy,300.92540805156096,299.06765094659096,295.852141908248,2.1703617269544893,2.119293568810382,6.184816880911945,306.43200000000036,302.39905000000033,299.6834200000004,286.98965500000014,9.117577055813399,4.821623,83.00411612256899
DPSTF,Deutsche Post AG,57.9,USD,5.177111716621257,8015,1.8980746915480617,64804187655.03609,USD,Transportation,Buy,56.04356315032378,55.52642614857144,54.66493474267357,4.3149265831906956,3.0432461292044866,6.063381571716423,55.80375999999999,56.271064999999965,55.39490400000003,47.17830850000008,16.229618612994,0.9159696399999999,15.294024135682442
MFC,Manulife Financial Corporation,38.53,USD,-1.3063524590163884,1477296,0.5463102050416141,64604907371.856186,USD,Finance,Strong buy,37.91116111241761,37.34879956647305,36.65784570393197,1.9042581327691055,0.36467830164105386,5.880736466062107,38.463999999999984,38.92,37.11180000000002,34.74580000000001,15.394462086905532,0.7877622335999999,35.8905013511072
APD,"Air Products and Chemicals, Inc.",289.47,USD,-0.24811330507597454,1038017,0.9047184127489645,64459380932.0,USD,Process industries,Strong buy,293.05444313522173,289.8388098222881,285.24065044246447,-1.9410569105690927,-2.305096186297666,18.01614481409003,290.7859999999999,298.286,294.6637999999999,274.8985500000004,30.618785699174953,3.335211,37.39881116746843
IMO,Imperial Oil Limited,133.19,USD,-0.5153869136540168,361669,0.8203776873528291,64409713151.443306,USD,Energy minerals,Buy,128.58787758527924,124.9550867655965,119.15578551328957,-1.0181331747919178,6.551999999999998,53.781318554439444,135.38799999999998,131.49750000000003,128.8796,104.19240000000009,31.76081451060222,2.9372594432,-35.32530230093818
KDDIF,KDDI Corp.,17.025,USD,-2.7142857142857224,3655,6.0363336085879435,64398596246.3401,USD,Communications,Buy,16.40804685015661,16.417838616417992,16.416712619761718,0.9786476868327352,2.8700906344410746,-3.2670454545454706,16.538999999999998,16.571999999999996,16.478448000000004,15.755492027499992,14.727230509699497,nan,7.236633294742717
FIX,"Comfort Systems USA, Inc.",1828.25,USD,-0.3857616886336478,250265,0.6396479220803452,64358836998.99999,USD,Industrial services,Strong buy,1762.2646187359787,1645.1424546623396,1495.2628458637496,-7.995913725253384,6.603498542274052,94.82630008525149,1835.8039999999996,1900.3884999999998,1666.2730000000001,1148.1808,52.76928716363459,10.378034,107.81259372113385
RSG,"Republic Services, Inc.",208.93,USD,0.4036714882983341,1612005,0.8007168082056727,64280256701.0,USD,Industrial services,Buy,209.7814460643505,212.00578295902065,214.36586038837612,0.5099340934237756,1.922044977803794,-0.769413440987891,211.7419999999999,206.47650000000036,212.35780000000003,218.50049999999976,29.953262988874872,1.834795,5.163809609962764
NBNKF,Nordea Bank Abp,18.78,USD,3.986710963455163,4143,0.9989390943723779,63711147627.0055,USD,Finance,Buy,18.444058446607354,18.338266927004423,17.964632197699125,0,0.562248995983938,-1.9832985386221242,18.5787,18.755294999999997,17.45703000000001,13.359424894999997,11.886313111405594,0.41182552,4.056437979256764
RBSPF,NatWest Group plc,7.915,USD,0.7407595967824082,13550,0.5246305323354383,63032520944.6842,USD,Finance,Strong buy,7.822366340594023,7.880318635880407,7.913337836704336,7.616794474356883,-1.4934660858743012,-11.217049915872117,7.767339999999997,7.708819999999996,7.739718000000002,7.8718000000000075,8.589871873623071,0.23985589989999997,22.587683412425676
MPNGF,MEITUAN,10.05,USD,-7.2741364038972485,2875,0.5102040816326531,62057793998.660736,USD,Technology services,Strong buy,10.506766583844321,10.671056244024438,11.079425564823683,-0.4950495049504845,-1.4705882352941038,-24.15094339622641,10.497679999999983,10.756294999999998,10.716854000000001,13.285139485000007,nan,-0.16804734951000003,nan
NU,Nu Holdings Ltd.,12.73,USD,-3.267477203647414,49641713,0.7288552830528763,61875426013.0,USD,Finance,Strong buy,13.72970407462526,14.221256304472254,14.657507185787889,2.661290322580646,-16.139657444005266,-25.38100820633059,12.651999999999994,13.550999999999984,14.118200000000012,15.477500000000004,19.62688868331792,0.212091,47.543221110100085
NNFSF,NONGFU SPRING CO LTD.,5.49,USD,0,85997,3.4856677313186015,61743098894.92816,USD,Consumer non-durables,Strong buy,6.037253238161669,5.866654991584948,5.648717114011602,1.6666666666666639,-10.29411764705882,-10.29411764705882,5.9959999999999996,5.700739999999999,5.292716,nan,27.92540431712712,0.12212619999999999,30.725038506315865
LDNXF,London Stock Exchange Group plc,125.0,USD,-1.4584154513204528,1161,0.4089612173729261,61294740173.97598,USD,Commercial services,Strong buy,123.86269334876083,122.38924686622806,121.36554959399051,-4.394780719869066,-2.0452942559360547,0.8105165530868144,124.03039999999996,128.3398999999999,121.95651999999997,119.62914499999995,39.466199757317604,3.29565715,97.71836647542726
DB,Deutsche Bank AG,32.43,USD,-1.4285714285714253,2051241,0.730306211929117,60750441654.57305,USD,Finance,Buy,31.83713957682944,32.269388372253665,32.90529915915526,3.909003524511371,-0.8256880733945049,-17.564819522114902,32.10600000000001,31.5845,31.130999999999975,35.031824999999984,9.544333469136868,0.90283264,59.0417610555007
SRE,DBA Sempra,92.8,USD,1.3653741125068268,2201986,0.633396457645945,60662439886.00001,USD,Utilities,Strong buy,93.12844465633879,93.18036681228966,92.53049630413733,2.034084661902138,-1.2660921374614298,4.598737601442739,91.46999999999986,92.59365000000005,94.48085999999991,90.25211500000006,31.5335213564851,1.021845,-35.24545074482364
TFC/PR,"Truist Financial Corporation Depositary Shares, each representing 1/1,000th interest in a share of Series R Non-Cumulative Perpetual Preferred Stock",18.175,USD,-0.05499037668406935,53121,1.0994153257101464,60275640532.0,USD,Finance,,18.5594374734393,18.701417152962325,18.87751393691765,-1.3300760043431106,-3.580901856763929,-5.584415584415581,18.232000000000003,18.559199999999986,18.63531800000002,19.43012899999994,4.505453644025781,1.07748,18.895340269386065
TFC,Truist Financial Corporation,48.38,USD,1.0231781165170224,5460925,0.7326018947725071,60275640532.0,USD,Finance,Buy,48.65083372454206,48.647366507470764,48.44869937452123,2.936170212765963,-5.802180685358249,-1.7764693939701552,47.61799999999998,48.950999999999986,48.047100000000086,47.53205000000009,11.993058998512645,1.07748,18.895340269386065
TFC/PI,Truist Financial Corporation Depositary Shares,19.35,USD,-0.2320185614849093,4977,0.4209021869661553,60275640532.0,USD,Finance,,19.288316583087553,19.35320267335111,19.566448999572913,0.259067357512957,1.255886970172695,-2.3713420787083694,19.359999999999946,19.32263499999997,19.157851999999924,20.400614499999943,4.796727813584532,1.07748,18.895340269386065
TFC/PO,"Truist Financial Corporation Depositary Shares, Each Representing a 1/1,000th Interest in a Share of Series O Non-Cumulative Perpetual Preferred Stock",20.83,USD,0.1924001924001883,27748,0.6769654149426184,60275640532.0,USD,Finance,,21.19116394457107,21.31285487253164,21.45744669570286,-0.8095238095238176,-3.1613203161320467,-3.430690774223468,20.822,21.22403999999999,21.211416,21.947287499999963,5.163609320773426,1.07748,18.895340269386065
SNGNF,Singapore Telecommunications Ltd.,3.66,USD,0.7487337590839053,210,0.02236445542551039,60141286413.5817,USD,Communications,Strong buy,3.748887907305027,3.7469236701742603,3.686823973715811,-1.081081081081082,-4.0377556371263745,3.098591549295784,3.72028,3.83412,3.7077800000000014,2.655245660000005,13.907892964855744,nan,45.76031006920681
AFL,AFLAC Incorporated,117.86,USD,0.04244121891180473,2296174,1.1215439246305352,59988959894.0,USD,Finance,Buy,114.28497240368982,113.26119531731193,112.29525083513995,0.743653303701175,1.7877191467311453,7.009260940621027,117.99400000000006,115.59550000000017,112.62420000000003,110.59635,13.374943259192012,1.778145,37.547803012565346
SNOW,Snowflake Inc.,172.2,USD,4.023196810438563,5968588,0.8569823446722838,59685019230.0,USD,Technology services,Strong buy,156.38294771226907,160.83760100081767,170.55121289862154,9.891512444160817,13.745954158134621,-21.691678035470677,167.6999999999999,151.9955,153.04459999999997,202.71405,nan,0.318964,-2.261670634509889
D,"Dominion Energy, Inc.",67.67,USD,-0.9078928100746881,6459931,0.5796869371743932,59512744178.0,USD,Utilities,Buy,63.597709502187875,63.103991416434276,62.51462222229536,-1.4131701631701614,9.90742244599643,14.870140892887465,67.87600000000029,63.984999999999516,62.8548,61.297400000000025,20.018341024730802,0.839172,26.82524198994522
F,Ford Motor Company,14.93,USD,9.217264081931235,109711911,1.169285252483408,59491462513.0,USD,Consumer durables,Buy,13.058305407997596,12.900798800057565,12.830381949944066,6.71908506075768,16.277258566978194,13.277693474962064,13.58199999999998,12.717500000000026,12.291999999999982,12.668225000000016,nan,0.333253,-212.7644230769231
KEYS,Keysight Technologies Inc.,346.56,USD,2.669234187527771,1627029,0.7776398730294923,59435906827.0,USD,Electronic technology,Buy,334.5165470317985,316.19389499887654,291.29385592112953,-1.9632248939179624,1.1233987919815656,68.79840241585894,342.15600000000006,350.5290000000004,324.12379999999973,230.34519999999998,57.07509881422925,2.476524,42.6122084693614
TRGP,"Targa Resources, Inc.",276.75,USD,2.408969804618114,808495,0.6776739137012766,59402700886.0,USD,Utilities,Strong buy,255.24800291202362,245.85812550627057,233.10481700464712,1.8286849657811566,17.76595744680851,50.54670075613337,273.716,260.13000000000005,249.15159999999972,197.96495,28.19118051523393,2.648258,80.38477086472385
MCQEF,"Macquarie Group, Ltd.",162.44,USD,-3.3584198471011755,105,0.1315624608445057,59375661133.87577,USD,Finance,Buy,159.3946126562224,154.99001031670878,150.6001876864712,0,1.0236700374391996,19.082178725899862,166.72300000000004,150.2150500000001,142.93817800000005,126.72385500000004,18.721793002297435,4.479215,42.465109438803175
NTIOF,National Bank of Canada,153.13,USD,-0.21829081549539503,2182,0.23043372654212121,59300806324.11166,USD,Finance,Buy,146.73195208433265,142.54451771467586,137.07353849230708,3.4452475849489934,3.2847699986510217,21.589645863109418,152.17839999999995,150.63902500000006,142.56100999999998,123.46023532500001,20.05790963324237,2.2996753381,2.153000267152284
CRARF,Credit Agricole SA,19.59,USD,-0.10198878123406209,720,1.8264840182648403,59255321991.48841,USD,Finance,Buy,19.561320886481784,19.65388431963661,19.685128352572853,0.40798753485320255,-4.717435396086553,-4.1350623929532615,19.526060000000005,19.40883999999999,20.017432,17.853781499999993,7.438144865707321,nan,20.6886816347226
OKE,"ONEOK, Inc.",94.03,USD,1.52234938458216,3099779,0.833733105480244,59241992625.0,USD,Industrial services,Buy,89.35906302635355,87.66549279567045,85.38745873971578,1.951642632549059,10.169888693614537,28.001633542063722,93.56000000000009,90.15599999999984,88.68379999999988,78.12900000000006,16.79347049578511,1.466415,9.310270776799477
TEL,TE Connectivity plc,202.78,USD,0.10366786789752083,2156529,0.7295177906581032,59190632600.99999,USD,Electronic technology,Strong buy,210.5413265433268,213.29551615988385,215.23874894258626,-1.385984535330445,-6.45816034689547,-11.987847222222223,200.664,206.27200000000002,212.16899999999973,220.92144999999985,20.714453536003596,2.840026,114.54589287279742
GWW,"W.W. Grainger, Inc.",1247.79,USD,0.6883139938350283,280079,1.1203222738047334,58912055474.0,USD,Distribution services,Buy,1195.2200838755573,1165.992912482742,1133.3982333004456,-1.9295156954901957,5.963127457391071,23.87717417202764,1248.1100000000001,1210.1015000000004,1149.9724,1049.8830000000003,33.41501036361007,11.176582,-4.647581985736291
URI,"United Rentals, Inc.",938.62,USD,0.6908536977836957,339349,0.6576213667208695,58801310889.00001,USD,Finance,Strong buy,901.0222299067783,878.8379877717886,864.9690418540608,-1.7594172257517502,14.98609562777935,15.794668081274128,935.8519999999996,946.5545000000005,839.2478000000001,873.5790999999994,23.9593623565749,11.524437,1.443101957108301
RLXXF,RELX PLC,33.2,USD,-0.8955223880596931,2294,0.1272563877824992,58688747181.33225,USD,Commercial services,Strong buy,33.90891857631167,34.42118547421158,35.65272661095765,2.751384977252338,-8.127404045714911,-19.372465211161565,33.506000000000014,34.379500000000014,34.14645999999999,39.70246399999999,21.999379988558204,nan,17.054367411408677
OXY,Occidental Petroleum Corporation,58.81,USD,-0.033996260411347984,7922962,0.6821622859032911,58494468343.0,USD,Energy minerals,Buy,57.43040343076391,56.16884041488586,53.99014413456388,-0.15280135823428914,3.8862391803568324,42.60426770126091,59.382000000000026,57.92525000000002,58.889499999999934,48.16307499999977,67.1193791371833,1.707841,-64.53780152177433
LHX,"L3Harris Technologies, Inc.",311.98,USD,1.8444161525152725,945024,0.8208909263453691,58120301293.99999,USD,Electronic technology,Strong buy,320.6767693465799,326.16267551936016,325.6389293861197,2.6283759334188654,-9.131156613170992,6.115646258503408,309.35399999999936,309.47399999999976,334.6480000000002,312.6305999999994,33.8707401014016,2.795541,9.161047179985536
STMEF,STMicroelectronics N.V.,64.93,USD,9.58649789029537,400516,1.1281123955023773,57938875671.794624,USD,Electronic technology,Buy,53.27008487938539,47.66083561246332,42.291076685211195,4.506679542893939,47.534651215632834,132.05861329521088,62.25836,55.393785000000015,42.889342000000006,30.057000999999985,430.3097032975827,0.24376239999999996,-87.17468771830289
O,Realty Income Corporation,62.02,USD,-0.3374578177727684,4335173,0.8407591447623387,57833184823.0,USD,Finance,Buy,62.52483779763819,62.53786564282454,62.11884795834475,0.927583401139138,-3.4708171206225633,10.06211180124224,62.05799999999997,62.60799999999999,62.705600000000025,60.4767,50.957193328403584,0.404628,10.444646098003627
CHBJF,"China Citic Bank Corp., Ltd.",0.92,USD,-14.018691588785048,141,0.015351283084192533,57732224930.90145,USD,Finance,Strong buy,0.9570242268717065,0.938333487226881,0.9010853208028556,-14.018691588785048,-19.99999999999999,4.28474268873272,1.0110000000000001,0.9443324499999998,0.7893469799999997,0.6167397349999999,5.737226710167816,0.041199200000000005,-1.1793916018535342
CRWV,"CoreWeave, Inc.",105.49,USD,-1.9427402862985717,20001579,0.7247323962058515,57552215171.000015,USD,Technology services,Strong buy,105.21108997963549,101.4476487597505,98.62667459031101,-1.2127171419206833,-10.828402366863907,42.68903016366831,103.58600000000008,113.49425000000004,101.86770000000004,100.21025000000004,nan,-1.050493,-21.728872558499315
PCAR,PACCAR Inc.,109.35,USD,0.0091457837936628,2403602,0.9380164286205462,57549401168.0,USD,Producer manufacturing,Buy,115.70722017242629,116.80884304375545,116.21072499992162,-1.3976555455365296,-13.584637268847803,-0.4007650970033809,110.27800000000018,114.22849999999963,117.67679999999999,110.50105000000006,23.269918283963225,1.355104,-28.717917602087244
WPM,Wheaton Precious Metals Corp,126.53,USD,-0.5580006287330979,1038272,0.570595873573252,57457217657.42606,USD,Non-energy minerals,Strong buy,133.71183795385295,134.2119732151302,131.88221873418976,-3.8927499905054876,-12.502593181661027,6.327731092436975,126.91199999999984,131.52350000000004,133.90079999999998,121.26034999999993,32.184937326828354,1.33947,196.8473199805999
MPLX,MPLX LP,56.47,USD,1.528227256382599,1793858,0.8789376731923564,57302016927.99999,USD,Industrial services,Buy,55.8544830288942,55.973579551088,55.71317463780877,3.5007331378299056,1.3278306118787044,6.0668670172802335,55.712000000000025,55.44899999999994,56.240400000000015,53.84884999999995,12.246004380543447,1.096171,6.462113866186442
TGT,Target Corporation,125.6,USD,-0.4359889021006828,4946468,0.6642871518204299,57044534927.00001,USD,Retail trade,Buy,123.86139585969623,121.4254687355556,117.45601105883554,3.1029387621080295,-5.21827717616873,28.281074456133183,124.944,125.61424999999994,122.9253,105.06482499999998,16.581733688907665,2.248249,-16.743424306708132
CVE,Cenovus Energy Inc,30.05,USD,-0.825082508250825,7378280,0.956207575325996,56596170109.39128,USD,Energy minerals,Strong buy,27.983530380172656,26.498855907289133,24.625483810588825,-2.5931928687196133,17.26829268292683,77.0771950500884,30.85,29.58885,27.177140000000012,20.335809999999977,16.611878755702552,1.1123597055999999,75.32494235845182
FANG,"Diamondback Energy, Inc.",200.71,USD,-0.1293725431656421,1523410,0.8947440446229666,56462399144.0,USD,Energy minerals,Strong buy,195.17177396827248,190.01342916658646,182.52350704138217,-1.0549667241804221,4.929945629443751,32.836956881432215,203.8799999999998,201.3900000000001,195.17470000000023,162.15122499999984,226.3051076784305,5.78034,-94.57404178520082
DSDVF,DSV A S,239.58,USD,2.358369648808002,370,0.44957472660996356,56288007872.32706,USD,Transportation,Strong buy,245.88106047699588,248.2943742539702,248.35627740805748,-0.25064326219282684,-10.19162718167095,-4.106628242074924,236.0142,242.44789500000002,247.2597560000001,239.38322999999988,53.04691841178031,2.4288007102,-34.746711844692015
SMTOF,Sumitomo Electric Industries Ltd.,72.0,USD,4.24811050299713,250,0.041782264264465026,56151694335.93503,USD,Producer manufacturing,Strong buy,65.96168055623215,60.708493630879545,53.17090976408381,0,6.666666666666667,87.5,71.01919999999998,63.64630000000002,41.61198600000001,20.253980705,24.129990439850612,0.534082963104,80.15220124005414
AZO,"AutoZone, Inc.",3406.5,USD,-0.9214177268205805,512006,1.607982282252857,56128287302.99999,USD,Retail trade,Strong buy,3463.9267188081812,3496.1298786725906,3543.4633495465723,2.476091920136934,-5.478186313274671,0.9240632712254594,3395.4119999999975,3472.2585000000063,3462.2392,3740.009049999999,23.86460122682195,36.216889,-4.258963892238794
TER,"Teradyne, Inc.",358.44,USD,1.4146672702580354,2712336,0.7109142511659764,56110972225.0,USD,Electronic technology,Strong buy,348.76929827375136,333.2818447411969,306.1753650513594,6.0850005919261285,-7.831162653158303,79.85849766671684,339.75800000000004,352.497,341.9002000000001,228.43722499999996,66.34092171016103,2.046128,52.929521652986125
MSTR,Strategy Inc,159.89,USD,-3.0087958750379182,12785828,0.9052835319113092,56033069298.0,USD,Technology services,Strong buy,163.68441905245547,160.80729089047637,167.84115982578263,-5.488399586227294,-8.595112190938988,3.4284235720292275,164.36200000000002,175.26299999999986,154.84379999999987,212.5325999999999,nan,24.37012,-84.12300328277735
STRF,Strategy Inc - 10.00% Series A Perpetual Strife Preferred Stock,101.49,USD,0.7344913151364713,75680,1.1306896788709835,56033069298.0,USD,Technology services,,100.23554173210434,100.27879444668112,100.9570726311536,1.297534684100207,1.4291425144912977,-0.500000000000005,100.51100000000001,100.58625,99.02959999999985,105.01832499999999,nan,24.37012,-84.12300328277735
STRC,Strategy Inc - Variable Rate Series A Perpetual Stretch Preferred Stock,99.3,USD,-0.020136931131691523,1736273,0.3765216504833715,56033069298.0,USD,Technology services,,99.55913391482436,99.54623918683177,99.33720409708779,0.09071666162685557,-0.17090580074394462,0.14118596208148504,99.076,99.61850000000007,99.69619999999995,98.67084999999999,nan,24.37012,-84.12300328277735
STRK,Strategy Inc - 8.00% Series A Perpetual Strike Preferred Stock,73.78,USD,0.31271244051666075,65884,0.5385108316822619,56033069298.0,USD,Technology services,,76.10924436669997,76.93465320940314,78.71086691548385,-0.9797342638572057,-4.119558154645876,-9.649767327945133,73.74600000000007,76.58549999999995,75.40219999999991,84.3022055,nan,24.37012,-84.12300328277735
STRD,Strategy Inc - 10.00% Series A Perpetual Stride Preferred Stock,73.59,USD,-0.08146639511201938,74871,0.9039989374803796,56033069298.0,USD,Technology services,,75.64150713545557,75.8454701029514,76.34241028918203,-2.205980066445178,-4.8117966627861835,-3.866753755715211,74.03999999999999,75.87575500000008,75.48240200000008,77.2292505,nan,24.37012,-84.12300328277735
ENAKF,E.ON SE,21.426509,USD,-0.27224109844077293,5956,8.638143582306018,55989134397.58459,USD,Utilities,Strong buy,21.979281163238518,21.83944022913433,21.369338931906338,-0.27224109844077293,-8.90089710884354,5.393551401869164,21.49630180000001,22.31446545000001,21.04417018000002,16.454964044999997,14.1124337363916,0.3596,-18.102056038634583
MBGAF,Mercedes Benz Group AG,58.075,USD,-0.017216148747521753,44244,2.137298378331377,55920630403.04271,USD,Consumer durables,Buy,59.60265320973145,60.95832042961208,62.342022346587356,-2.2470964484093483,-2.164757412398916,-18.536961705709082,58.07680000000003,58.180755,60.050055999999984,64.51692149999997,9.880930782359405,1.62030076,-39.13707316374543
WMMVF,Wal-Mart De Mexico S.A.B. de C.V.,3.2,USD,3.2258064516129057,7539,0.6507047359290172,55828230483.24033,USD,Retail trade,Buy,3.2144222524996393,3.220139245770628,3.219351165168153,-1.538461538461533,0,4.234527687296429,3.1500000000000052,3.1672375,3.2036009999999964,3.1797532499999948,19.797764511539132,0.0376810983,9.039945908973676
ALL,Allstate Corporation (The),216.6,USD,1.0072747621712352,1247672,0.6918658933402435,55757374783.00001,USD,Finance,Buy,213.88635322851107,212.09569385336317,210.12933973653023,-0.43668122270743137,0.6271777003484295,4.617465224111284,219.7620000000001,216.86700000000027,212.75679999999994,206.84920000000022,4.778682575017153,4.619296,209.7751503553855
ALL/PJ,"Allstate Corporation (The) Depositary Shares each representing a 1/1,000th interest in a share of Fixed Rate Noncumulative Perpetual Preferred Stock, Series J",25.97,USD,-0.07695267410542353,29893,1.2000112401949372,55757374783.0,USD,Finance,,26.057088073464318,26.12440358207038,26.22815388367204,-0.6123230003827024,-0.23050326546293612,-1.2922843025465598,26.009000000000015,26.070915000000007,26.02306599999993,26.54524750000003,0.5729565395807731,4.619296,209.7751503553855
ALL/PI,"Allstate Corporation (The) Depositary Shares each representing a 1/1,000th interest in a share of Fixed Rate Noncumulative Perpetual Preferred Stock, Series I",18.49,USD,-0.21586616297896763,25825,1.0323681906673117,55757374783.0,USD,Finance,,19.02460840391482,19.157467991551822,19.31990314872311,-2.5816649104320444,-3.948051948051956,-5.082135523613974,18.607000000000006,19.016614999999998,19.09124600000009,19.87714100000007,0.40793093634380034,4.619296,209.7751503553855
ALL/PH,"Allstate Corporation (The) Depositary Shares each representing a 1/1,000th interest in a share of Fixed Rate Noncumulative Perpetual Preferred Stock, Series H",19.96,USD,-0.025043826696714275,76461,0.9565755892508633,55757374783.0,USD,Finance,,20.534746340266736,20.680564091098436,20.86039574159439,-2.012763868433972,-3.9923039923039845,-5.2681537731371595,20.107020000000112,20.56357499999998,20.55632999999993,21.437259000000086,0.4403624385842215,4.619296,209.7751503553855
ALL/PB,Allstate Corporation (The) 5.100% Fixed-to-Floating Rate Subordinated Debentures due 2053,25.985,USD,0.28946352759552024,11183,0.5867015025602283,55757374783.0,USD,Finance,,25.919817327646015,25.943147326941393,25.977072484321774,0.7170542635658865,0.7951900698215605,0.7170542635658865,25.932000000000023,25.893999999999927,25.8914631199999,26.080345525000002,0.5732874732771039,4.619296,209.7751503553855
MARUF,Marubeni Corp.,33.25,USD,-2.090694935217906,3254,0.3466680871464337,55700621612.54947,USD,Process industries,Strong buy,35.45555895825154,35.215316533289325,34.076257394256345,-7.407407407407399,-14.454049603787182,18.75,34.646640000000005,36.27610500000001,36.43403200000001,30.068203000000025,15.993934384322838,0.648239113056,3.1162043924422123
SCBFF,Standard Chartered PLC,25.4375,USD,-2.1634615384615383,7325,0.518451934374248,55699477604.226616,USD,Finance,Buy,24.384287027076525,23.906389991708057,23.357202312462693,0.6230221518987297,6.812933025404152,2.5705645161290294,25.493499999999997,25.132150000000014,23.177129999999984,21.959963,12.571331029548892,0.662052,35.46140184605323
THLEF,THALES,269.0,USD,2.7109975987008768,26,0.037084581372129506,55284601301.01001,USD,Electronic technology,Buy,276.8005634246548,281.0774027175536,283.39883070046363,1.851501268410884,-5.614035087719298,-3.9320024284846937,261.03996000000024,267.86128000000014,284.878218,285.751003,28.159402131566292,5.1504,83.69912203798098
FNCTF,Orange,20.75445,USD,2.744801980198016,180,0.023470811438108773,55183878172.04077,USD,Communications,Buy,20.181726478120375,19.64943004470958,18.865871349004554,0,-1.1692857142857214,23.025785417901584,20.63988999999999,19.5590925,17.567397000000003,13.529097175000011,87.30598207921406,nan,-73.11402123339391
KBCSF,KBC Group SA,131.008412,USD,-6.465989362081895,2153,3.654727550500764,54717296937.389755,USD,Finance,Buy,132.20698621959784,128.61701769449024,122.09142083638868,0,-3.1146191391805993,-1.2747460437076081,135.2166824,126.94767060000001,103.71301824,76.82392163000003,13.020413171670882,3.3158855199999997,9.823618049612278
FKURF,Fujikura Ltd.,31.12,USD,10.816344698655751,3438,0.27777777777777746,54616124238.28025,USD,Producer manufacturing,Strong buy,35.28759292654017,33.24776550140098,30.114354651445225,-15.891891891891891,-19.897039897039896,63.71734025492931,30.914000000000005,38.75149999999998,34.499263889400005,17.6136257004,52.05168867966758,0.166453458528,62.92260412905619
DVN,Devon Energy Corporation,47.22,USD,0.2334960730205889,9123319,0.6541741249386155,54442338451.0,USD,Energy minerals,Strong buy,47.57862106499704,46.67008246468665,44.9279814644562,-3.652315853907364,2.652173913043476,28.735005452562703,48.43200000000004,48.48750000000002,48.257599999999954,39.70027499999996,13.10429039240717,1.537258,-18.007645399108032
HOCPF,Hoya Corp.,162.948,USD,-7.505250610206041,408,0.7799655897533933,54434512910.520386,USD,Health technology,Strong buy,174.2060695858227,171.52417975713956,165.85881980016302,0,-11.919999999999996,5.995813455486414,171.57964000000007,177.3804149999999,160.54548799999995,132.08392950000012,34.74383370936997,1.142328384,21.04126607194413
CMCLF,CMOC GROUP LTD,2.25,USD,-1.3157894736842022,6689,0.44308283376941676,54374759946.31236,USD,Distribution services,Strong buy,2.388520623142373,2.4205597898473115,2.4084521020518115,-5.857740585774064,-9.090909090909093,-17.127071823204414,2.241999999999999,2.3498250000000005,2.3382140000000002,2.2578594999999986,14.117714292361713,0.05166364966,59.49119110570209
BFFAF,BASF SE,60.7592,USD,-0.6273837639100618,100,0.007844060085500254,54228933953.493965,USD,Process industries,Buy,61.0076130356205,59.88914753817597,58.22349464533768,0,-3.8772346147761447,16.844615384615384,61.07503999999987,62.04575999999999,57.835904,52.04125949999999,26.818563632024418,0.9439534799999999,152.9176552555015
CMPGF,Compass Group Plc,31.83,USD,0.6641366223908832,9389,3.8688808307235862,54120960957.70446,USD,Consumer services,Strong buy,30.114647175967363,29.9300259074834,30.187435483550686,-2.4816176470588305,10.275776053215068,1.401720293086963,32.367599999999996,30.146900000000006,29.441454,32.44224899999999,26.806467913087417,0.755,38.08582393301547
MET,"MetLife, Inc.",84.06,USD,-0.28469750889679113,3779306,1.1168666904857105,54087293112.00001,USD,Finance,Strong buy,78.54569466996547,77.36373949924392,76.92020276552435,5.4705144291091585,8.42254611118277,6.48593868761085,82.66999999999992,79.90799999999996,75.4649999999999,77.64690000000004,16.258873135916133,2.39409,-15.833428297002946
MET/PE,"MetLife, Inc. Depositary Shares",22.65,USD,-0.1322751322751373,29219,0.4057709773554825,54087293112.0,USD,Finance,,22.8669493832049,23.019607436448354,23.237182548461572,-1.178010471204202,-0.7449605609114887,-4.951741502308014,22.669999999999963,22.81917500000001,22.806069999999995,23.92469449999997,4.380959749327866,2.39409,-15.833428297002946
MET/PF,"MetLife, Inc. Depositary Shares, each representing a 1/1,000th interest in a share of 4.75% Non-Cumulative Preferred Stock, Series F",18.62,USD,0.21528525296018677,72819,0.7778702385237994,54087293112.0,USD,Finance,,18.979574485439514,19.09516254621171,19.280009614075173,-1.7414248021108092,-2.869066249347943,-5.912076806467904,18.63859999999997,19.01965000000007,18.94441,19.919989499999936,3.6014777277035264,2.39409,-15.833428297002946
MET/PA,"MetLife, Inc. Preferred Series A Floating Rate",22.435,USD,0.06690454950935332,19539,0.45466814972704556,54087293112.0,USD,Finance,,21.760733699109117,21.683312888994998,21.790686173913144,0.4252461951656171,7.088305489260141,3.578024007386882,22.391999999999996,21.83975000000006,21.406800000000093,22.494033514999938,4.339374480184135,2.39409,-15.833428297002946
NBIS,Nebius Group N.V.,214.77,USD,-2.3462010639748994,10606677,0.5256032603478746,54046965446.0,USD,Technology services,Strong buy,172.49953489954237,154.2839948421155,137.00868798856928,-1.2415505586977462,31.874002210487532,146.9046387308157,204.82199999999995,183.0655,151.07900000000006,109.61762499999995,71.65448904013613,-0.561351,nan
AAUKF,Anglo American plc,49.99,USD,0,110,0.023859618679912365,53946396356.44381,USD,Non-energy minerals,Buy,49.11173747563731,47.9256487990052,46.152027646564726,0,-1.009900990099006,18.04014167650531,52.622000000000014,50.37856000000001,47.919785999999995,38.179982028299975,nan,0.84,-33.330645047036164
DBOEF,Deutsche Boerse AG,299.6,USD,1.0114632501685772,1759,1.5839711841512831,53874444488.23282,USD,Finance,Strong buy,292.81329369514293,288.17165382605793,282.69644845067205,0.1738665240069676,-4.158669225847729,15.319476520400311,297.7584599999999,297.0583399999999,293.83511200000015,275.04442550000016,23.456532471219102,3.6337637999999997,23.901992081839214
SSUMF,Sumitomo Corp.,44.98,USD,4.048114735137636,595,0.04673998428908091,53688330058.59335,USD,Distribution services,Strong buy,43.35033401510252,41.73703230045699,39.83981160235344,-4.743752647183401,25.236663325537368,30.471356055112384,46.15200000000001,41.886074999999984,40.04294399999998,32.08964399999998,14.319710382407079,0.8492910088319999,1.7041714155873349
PSA,Public Storage,305.25,USD,0.08524869667857664,675521,0.7850916029886712,53585338921.00001,USD,Finance,Buy,299.6806344686232,296.79351374196716,293.68255832119786,4.2769787859119255,-1.7003188097768245,17.811655731377837,301.3460000000001,302.6500000000006,293.4939999999997,287.01269999999954,31.50707554472921,2.508451,-3.7895113159018523
PSA/PG,"Public Storage Depositary Shares, Each Representing 1/1,000 of a 5.05% Cumulative Preferred Share of Beneficial Interest, Series G",20.1,USD,0.3494757863205206,19890,1.1574383892461229,53585338921.0,USD,Finance,,20.25997633991896,20.317951387164886,20.436750792034857,-0.39643211100098263,-1.1799410029498447,-0.6916996047430684,20.097999999999967,20.315499999999957,20.072298000000117,20.876957500000024,2.0746673823064934,2.508451,-3.7895113159018523
PSA/PQ,"Public Storage Depositary Shares Each Representing 1/1,000 of a 3.950% Cumulative Preferred Share of Beneficial Interest, Series Q, par value $0.01 per share",15.225,USD,0.29644268774703514,15963,1.5370320443691263,53585338921.0,USD,Finance,,15.432807727641354,15.50801560618436,15.626755721661384,-0.6525285481239781,-1.9007731958762883,-3.6392405063291204,15.210999999999999,15.427845000000001,15.386922000000004,16.029919499999995,1.5714831291351423,2.508451,-3.7895113159018523
PSA/PN,"Public Storage Depositary Shares Each Representing 1/1,000 of a 3.875% Cumulative Preferred Share of Beneficial Interest, Series N",15.02,USD,0.3005008347245404,15099,0.9149633687425389,53585338921.0,USD,Finance,,15.181737660081966,15.242955928125323,15.347852906342688,-0.8580858085808633,-1.1842105263157876,-2.9715762273901865,15.018000000000004,15.18300500000004,15.115019999999967,15.715936500000005,1.55032358618127,2.508451,-3.7895113159018523
PSA/PR,"Public Storage Depositary Shares Each Representing 1/1,000 of a 4.00% Cumulative Preferred Share of Bene cial Interest, Series R",15.49,USD,0.3238341968911963,23506,0.8458164363154845,53585338921.0,USD,Finance,,15.688668056226456,15.76617288799667,15.880231620110234,-1.0855683269476368,-2.8230865746549516,-3.1874999999999987,15.460839999999996,15.677319999999991,15.664772000000012,16.257370999999992,1.5988357090511236,2.508451,-3.7895113159018523
PSA/PI,"Public Storage Depositary Shares Each Representing 1/1,000 of a 4.875% Cumulative Preferred Share of Beneficial Interest, Series I, par value $0.01 per share",19.085,USD,0.07865757734662071,5205,0.43828995343432386,53585338921.0,USD,Finance,,19.24264403395556,19.30662570826723,19.421117939842524,-1.1139896373056988,-0.6507027589796981,-1.572975760701391,19.100999999999978,19.281065,19.14732600000001,19.83911691999995,1.9699018403641506,2.508451,-3.7895113159018523
PSA/PP,"Public Storage Depositary Shares Each Representing 1/1,000 of a 4.000% Cumulative Preferred Share of Bene cial Interest, Series P",15.549,USD,0.6407766990291276,25240,0.6956713476565192,53585338921.0,USD,Finance,,15.748833775142248,15.813244730370105,15.914826731599964,-1.2761904761904794,-2.084382871536532,-2.636192861615536,15.513800000000012,15.773505000000018,15.722902000000007,16.296274380000003,1.6049255287305306,2.508451,-3.7895113159018523
PSA/PM,"Public Storage Depositary Shares Each Representing 1/1,000 of a 4.125% Cumulative Preferred Share of Beneficial Interest, Series M",15.925,USD,0.2833753148614605,4981,0.6668183887118798,53585338921.0,USD,Finance,,16.135969842579556,16.22245550013585,16.350022017153982,-0.5309181761399179,-2.3605150214592157,-3.0736457699330435,15.924320000000032,16.134189999999975,16.09274800000003,16.739307000000018,1.6437352270264134,2.508451,-3.7895113159018523
PSA/PS,"Public Storage Depositary Shares Each Representing 1/1,000 of a 4.100% Cumulative Preferred Share of Beneficial Interest, Series S",15.8105,USD,0.19328263624841555,8057,0.29830576248093243,53585338921.0,USD,Finance,,16.025050071681928,16.10249941854956,16.221837389514032,-1.1225766103814938,-2.404320987654321,-3.003067484662585,15.796099999999996,16.03171000000002,15.990882,16.621233999999994,1.6319168481570554,2.508451,-3.7895113159018523
PSA/PH,"Public Storage Depositary Shares Each Representing 1/1,000 of a 5.60% Cumulative Preferred Share of Beneficial Interest, Series H",22.23,USD,-0.26917900403767936,5504,0.33049712676462284,53585338921.0,USD,Finance,,22.446446441962827,22.562358586660284,22.747236234874887,-1.462765957446801,-0.04496402877696948,-3.010471204188487,22.319999999999975,22.44086500000007,22.313146000000064,23.365941750000026,2.2945201944613607,2.508451,-3.7895113159018523
PSA/PJ,"Public Storage Depositary Shares Each Representing 1/1,000 of a 4.700% Cumulative Preferred Share of Beneficial Interest, Series J, par value $0.01 per share",18.18,USD,-0.16474464579901776,2370,0.24220003474599655,53585338921.0,USD,Finance,,18.421106969508493,18.505983111824534,18.635057007887376,-0.6014215418261314,-2.047413793103443,-2.936465563267489,18.253999999999976,18.447085000000058,18.390435999999994,19.064030000000084,1.8764901995190075,2.508451,-3.7895113159018523
PSA/PL,"Public Storage Depositary Shares Each Representing 1/1,000 of a 4.625% Cumulative Preferred Share of Beneficial Interest, Series L, par value $0.01 per share",17.93,USD,0,26133,0.706398484107183,53585338921.0,USD,Finance,,18.230506317765382,18.329839152598204,18.46052921336779,-0.6648199445983435,-3.1334413830362062,-3.290183387270763,17.940000000000015,18.211219999999997,18.19797266,18.85483412499997,1.8506858788435536,2.508451,-3.7895113159018523
PSA/PO,"Public Storage Depositary Shares Each Representing 1/1,000 of a 3.900% Cumulative Preferred Share of Beneficial Interest, Series O",15.07,USD,0.35092859568630674,23643,1.4391716682290208,53585338921.0,USD,Finance,,15.262399632184652,15.338411582213453,15.454726958175772,-0.5280528052805284,-2.1428571428571432,-3.890306122448976,15.057480000000004,15.251235000000026,15.216864000000003,15.824733000000014,1.555484450316361,2.508451,-3.7895113159018523
PSA/PF,"Public Storage Depositary Shares Each Representing 1/1,000 of a 5.15% Cumulative Preferred Share of Beneficial Interest, Series F, par value $0.01 per share",20.19,USD,0.09915716410510446,10988,0.630780093801845,53585338921.0,USD,Finance,,20.432154746480464,20.516504924070244,20.678707266005766,-1.0779029887310085,-1.5121951219512133,-2.5579150579150465,20.217000000000002,20.501195000000006,20.315775999999968,21.29684775499995,2.0839569377496567,2.508451,-3.7895113159018523
PSA/PK,"Public Storage Depositary Shares Each Representing 1/1,000 of a 4.75% Cumulative Preferred Share of Beneficial Interest, Series K",18.595,USD,-0.6146445750935435,8896,0.5269424189831955,53585338921.0,USD,Finance,,18.730334372753337,18.797853366953223,18.918019781415772,-0.08060182697474783,-0.13426423200860435,-2.490823282642902,18.67500000000002,18.767700000000016,18.626460000000087,19.34033902999994,1.9193253718402608,2.508451,-3.7895113159018523
COR,"Cencora, Inc.",274.91,USD,3.567661241711885,2144725,0.9507588294263587,53486783277.0,USD,Distribution services,Strong buy,292.28508823339126,305.332815353062,315.4550850392822,6.968871595330748,-11.607343815311394,-18.467880657215726,266.62800000000016,277.64500000000004,304.34219999999993,326.4833999999999,21.09030372308188,4.363213,51.27485000058027
ANFGF,Antofagasta plc,54.067,USD,1.667920270778489,1410,0.4044286369894447,53302315490.40122,USD,Non-energy minerals,Buy,51.550142955110104,50.49264339624596,48.58109584511567,0.477606392863776,6.803231732611664,20.03418955220567,52.12980000000001,51.97755499999996,49.659976,42.51171899999999,39.365245876430976,0.714691,67.34912301564866
CTVA,"Corteva, Inc.",79.56,USD,0.6578947368421002,2135476,0.6409796476244196,53211318150.0,USD,Process industries,Strong buy,80.57890142465448,79.55415998606428,77.64722126223351,-3.0701754385964866,-1.3637490701710815,18.74626865671642,79.494,80.94500000000006,81.25179999999999,72.37077499999992,46.723044397463,2.22515,3.8229376257545398
NTDOF,"Nintendo Co., Ltd.",45.85,USD,-1.0146804835923982,10011,0.6460293491307546,52856262829.59063,USD,Consumer durables,Strong buy,49.183546052496155,52.33736946893145,56.92294151077102,6.257242178447283,-17.327654755958804,-30.350903843232565,46.67469999999999,47.213924999999975,52.74658799999998,71.43785399999996,19.972069394183055,0.453361008336,43.81140237765183
NUE,Nucor Corporation,232.0,USD,2.455396573043633,1135881,0.8978842177154673,52835900757.0,USD,Non-energy minerals,Strong buy,213.11597579220523,202.5896202516252,191.35529046353082,2.3740181802135716,9.900521080056848,40.452839326795,226.46400000000025,227.32450000000003,198.36800000000014,167.25170000000017,22.987139092008007,4.109104,79.7147385103011
VLKPF,Volkswagen AG,104.025,USD,0.9481018554460094,269,2.0852713178294575,52755021523.96,USD,Consumer durables,Buy,104.05268474448053,105.14618814468375,107.00576927941304,9.904912836767036,-0.9285714285714232,-14.087147552898028,100.96259999999998,102.91684999999984,103.61396200000001,110.02237799999997,7.359317029503731,6.520354199999999,-29.46601996186723
VST,Vistra Corp.,156.27,USD,4.822913871746711,8062463,1.3064608378201252,52691505184.00001,USD,Utilities,Strong buy,153.35598720757093,155.72302692218872,159.36387832284439,12.424460431654683,-0.9695817490494303,-4.649460003660978,144.1620000000002,150.98599999999985,154.58099999999973,174.10045000000014,26.094143971145662,2.015188,-6.065501772437812
ALAB,"Astera Labs, Inc.",306.88,USD,3.0351866774106973,6527347,0.9733660960656642,52601670607.0,USD,Electronic technology,Strong buy,213.5370239965174,192.9722990755232,178.5360931018064,29.9297342977579,54.16070127847688,78.74595916940909,270.408,222.48649999999992,173.7302,170.7649,206.84820706389863,0.689561,532.3955669224212
AJG,Arthur J. Gallagher & Co.,204.75,USD,-1.2824839689503864,1240303,0.6376553301080654,52600273749.99999,USD,Finance,Strong buy,208.50769587845488,214.05528428325553,223.56217251778452,2.436461877126278,-8.32363213038417,-20.364824394228158,205.27400000000006,203.86600000000004,211.5014,250.95489999999987,33.04444659630096,2.858512,-4.688509460083067
CARR,Carrier Global Corporation,63.14,USD,1.543904792537795,4927017,0.8972888784168113,52442848747.99999,USD,Producer manufacturing,Buy,63.140691778257555,62.11601521879245,61.273271974436504,-2.1995043370508083,1.2832852101379486,18.885332329128225,62.97199999999998,64.78649999999999,61.1278,59.51392499999999,41.48216280139281,0.812279,-65.07102370516557
ANCTF,Alimentation Couche-Tard Inc.,56.961,USD,-0.2958165587257203,5760,0.18306868889764683,52303306089.597595,USD,Retail trade,Strong buy,57.38413068075047,57.23484882289632,56.716371805564386,-1.6217616580310883,3.640641119648621,3.8297484506015294,57.23000000000011,57.43876534999997,57.240956139999895,54.635946285000024,19.30219258011125,0.532211,14.346213479119449
GWLIF,"Great West Lifeco, Inc.",57.62,USD,-0.14730092712936635,679,0.6849591445576516,52085477614.83425,USD,Finance,Buy,53.49476687746783,51.710180999229536,49.83055891178393,1.9823008849557475,10.978428351309699,17.376247708290883,57.200999999999986,54.92389149999998,50.89534659999998,45.26232264999999,17.203940965815345,0.98724032,17.38710712254484
LBLCF,Loblaw Companies Limited,44.46,USD,-0.4344515608904076,20088,0.16842910181207174,51684511457.588806,USD,Retail trade,Strong buy,44.91512932463308,45.15159935153214,45.038138014681024,-5.121638924455823,-2.4358130348913747,-0.6480446927374283,44.42114,44.70868750000003,45.315011,43.479198549999985,26.727791574993226,0.4688874432,33.1101364429293
TKPHF,"Takeda Pharmaceutical Co., Ltd.",32.6,USD,4.0901689070532345,218,0.016286279929774758,51679273364.25767,USD,Health technology,Strong buy,33.33057625028982,33.30065986144064,32.75494227549005,1.0551897729668145,-5.567464225711133,3.1972143083254245,32.22246,34.281255,32.363304,28.665365000000005,43.182059504625265,0.37794024,70.72007828022268
PCRFF,Panasonic Holdings Corporation,22.0925,USD,1.8181399207300246,10005,0.6035944183352739,51573328540.65188,USD,Consumer durables,Strong buy,19.85606196045545,18.668066401771277,17.293301527941853,5.202380952380958,19.16127292340886,84.10416666666667,21.278100000000002,20.76249750000001,18.611498999999995,13.842789749999998,43.218817422516715,0.27433762401600004,-51.102529412166554
CTPCF,Citic Ltd,1.77,USD,3.5087719298245648,1970,1.1040744269461413,51489765955.181816,USD,Finance,Strong buy,1.581714107291467,1.521244917237912,1.441970001109301,0,23.88885000349968,27.33812949640289,1.6177399999999995,1.472435,1.2019308599999992,1.0647905299999993,6.325685486660288,nan,1.9731758810161621
VLKAF,Volkswagen AG,103.5,USD,1.281925824444664,78,0.14423076923076925,51470982143.340614,USD,Consumer durables,Strong buy,105.36614212032008,106.74893212373621,108.58663921992283,0.3880702115132942,-0.7575031163102945,-15.553289138194799,102.31797999999998,103.54131999999977,104.04892200000002,112.7163919999999,7.3221755592755216,6.520354199999999,-29.46601996186723
NDAQ,"Nasdaq, Inc.",91.01,USD,0.6636434022785185,2549743,0.87839724231256,51469872376.0,USD,Finance,Strong buy,89.32598495397927,88.94834900069256,88.98326217371108,0.24231743584095036,3.892694063926953,-6.416452442159378,91.20199999999991,90.49150000000003,87.85920000000013,90.25742500000005,27.41843159702347,0.944557,50.50784438197154
AME,"AMETEK, Inc.",224.52,USD,0.6049200161312106,891699,0.7615237494988003,51460659197.0,USD,Producer manufacturing,Strong buy,227.56678485031563,225.73664944069702,221.6242539353195,-1.214361140443502,-4.731191920906343,8.990291262135926,223.86799999999994,230.17749999999978,225.52980000000025,207.95634999999973,33.91848203764692,1.991476,8.401021878684658
ETR,Entergy Corporation,112.4,USD,0.11579228645231109,2767994,0.7494698328803201,51460324440.99999,USD,Utilities,Strong buy,111.55578289968923,109.79608272590397,106.78037141701533,2.377265689042717,0.008897588753452368,21.421626876957994,111.346,113.14249999999977,111.53599999999994,99.07085000000006,28.630377747777583,1.12904,27.385703624387546
BAMXF,Bayerische Motoren Werke AG,86.641505,USD,0.5938755369789849,16638,5.740804637361121,51428340262.756996,USD,Consumer durables,Buy,91.33747453458241,93.08722678268171,94.88448958044731,-1.4541571883530557,-9.804804288986057,-21.59139819004525,86.34238100000006,91.42490024999992,96.35992010000014,93.924324025,6.70298072751393,2.93093372,13.571954393896995
EBAY,eBay Inc.,115.75,USD,-1.1781780927174896,4202912,0.7088496768206849,51393000000.0,USD,Retail trade,Buy,105.98219616681541,101.77523085967822,97.75706865350718,0.12109679093504071,9.321873819418213,33.04597701149425,116.102,109.51299999999995,101.12949999999996,92.33074999999995,26.279940969463052,1.505279,5.265044691936331
UCBJF,UCB S.A.,270.35,USD,-4.215272057325567,4139,3.019625009119428,51365476947.56261,USD,Health technology,Strong buy,286.2710492550395,290.1330280084309,290.04920031021805,-3.536002283593794,-3.4291837828183485,-6.108911578801131,278.71049999999997,281.086,295.3292,278.74228249999993,28.688722586162175,4.784999999999999,66.28532187209156
ADSK,"Autodesk, Inc.",240.99,USD,0.33306965319122833,2455569,1.3356506442953056,50883894575.0,USD,Technology services,Strong buy,240.41171397874623,243.42883995072148,250.50855933831954,2.071156289707757,-2.5476161591653455,-18.584459459459456,242.49199999999988,240.3800000000001,239.86920000000012,275.9808500000002,46.06518207015197,2.843643,2.090000780579189
MCHP,Microchip Technology Incorporated,93.43,USD,2.546372516738017,8838301,0.8215863332475863,50646462029.00001,USD,Electronic technology,Strong buy,87.38476753364765,82.80348409380706,78.35576842789136,-2.4942600709663814,13.289681096156189,43.16579834508121,92.626,94.648,80.03120000000014,69.92682500000001,432.74664196387215,0.698952,nan
MCHPP,Microchip Technology Incorporated - Depositary Shares Each Representing a 1/20th Interest in a Share of 7.50% Series A Mandatory Convertible Preferred Stock,79.59,USD,2.577651759247326,10934,0.4708466109723538,50646462029.0,USD,Electronic technology,,74.85243554918364,71.47131511114802,68.30185874516872,-1.0443864229765054,14.025787965616056,34.05760485093483,78.79799999999997,80.2905,69.13459999999998,62.85134499999998,368.6428902269569,0.698952,nan
XEL,Xcel Energy Inc.,81.08,USD,1.0972568578553559,3738060,0.6979128186080511,50615779686.0,USD,Utilities,Strong buy,80.11250205827209,79.9097831354408,79.35353462299727,3.365629780724121,1.7442590036391024,9.834733134651863,79.79399999999995,80.17799999999997,79.94509999999991,77.96380000000003,23.341106025275643,0.790418,2.4116277012883596
LNG,"Cheniere Energy, Inc.",240.85,USD,0.16635475150759232,1978867,0.9065623675741299,50470571549.0,USD,Industrial services,Strong buy,250.58885636008807,249.1947305683859,244.02771508143695,-0.020755500207559723,-7.007722007722009,23.855805821248577,243.894,252.95850000000064,263.6131999999999,230.19535000000013,39.42414718784783,2.977958,-55.368531790387266
FAST,Fastenal Company,43.94,USD,0.941879163795076,5583717,0.866611636728848,50444657825.0,USD,Distribution services,Buy,44.62390417695955,44.785885326334075,44.69838667704058,1.1743034768593092,-3.872238022314599,9.140586189766518,43.743999999999986,44.11549999999993,45.02840000000001,44.71390000000001,38.90216910137229,0.324923,12.679569034317636
EA,Electronic Arts Inc.,200.97,USD,-0.4458314757021874,2333935,1.2591809064445152,50393525262.0,USD,Technology services,Buy,201.44186408542558,201.40685073645423,200.17210587564938,0.4096927304521575,-1.378938070468153,-1.6780821917808253,201.43599999999975,201.33850000000012,201.97100000000017,196.55572500000008,57.45611527245698,0.824033,-17.434614295156265
ROK,"Rockwell Automation, Inc.",452.29,USD,2.7348097671777443,858153,1.1720023326609406,50328098645.0,USD,Producer manufacturing,Buy,424.26952424604497,413.5179053157257,403.48931330710246,1.5788528051026434,9.301594973417112,15.38010204081633,437.4840000000002,434.1104999999999,400.90279999999956,382.9443499999998,46.99605153782211,3.369517,21.16633932618221
PRYMF,Prysmian S.P.A.,174.973516,USD,-0.4248144775779703,970,0.11028868347147844,50178649418.60107,USD,Producer manufacturing,Buy,160.12943570540864,148.83173527271472,136.96009931240243,-4.7140902902575865,20.56329911114173,66.19430199700804,175.5837032,167.71692580000007,141.83852432000006,110.36367608,32.30247791538022,1.4742242799999998,109.0653439115808
FSUMF,FORTESCUE LTD.,16.3,USD,0.3076923076923121,1000,0.11220322247654953,50160062426.58605,USD,Non-energy minerals,Buy,15.536523009750976,15.263513873963538,14.945411647589712,3.696163878109303,7.5907590759075925,6.188925081433232,16.291999999999987,15.501539999999995,14.826816000000015,13.261139770000014,12.998097772249645,0.587296,5.604702490805192
SCGLF,Societe Generale,78.25,USD,0.10234105155430254,11,0.002675357525051075,50085547158.422966,USD,Finance,Strong buy,79.31277279015843,78.97076226622026,77.48828077612337,0.967741935483871,-8.10334703464475,-5.552202776101382,77.90100000000004,77.33200499999995,81.20725399999999,52.35323549999999,9.790378855193923,nan,63.91279145112259
DAL,"Delta Air Lines, Inc.",76.14,USD,0.6477197620621213,6440881,0.9311672930416072,50023547408.0,USD,Transportation,Strong buy,70.76690034867603,69.45820156541805,68.01595147531111,7.1488882634393445,8.015321322173367,9.005010737294212,72.78199999999995,70.82149999999999,68.47540000000005,64.71395000000001,11.117763013798642,1.420785,21.407931358471153
HPE,Hewlett Packard Enterprise Company,37.58,USD,10.627023844568734,30722377,1.6635907690136869,49863180484.0,USD,Electronic technology,Buy,30.386294714473678,28.306713506154722,26.540255661919595,11.911852293031568,30.124653739612185,54.77759472817132,34.19399999999995,31.186499999999995,27.23,24.005550000000007,nan,0.534685,-109.33696190004947
HPE/PC,Hewlett Packard Enterprise Company 7.625% Series C Mandatory Convertible Preferred Stock,97.55,USD,10.064312309601716,30846,0.16419525640404617,49863180484.0,USD,Electronic technology,,80.5822680474268,75.74804123295785,71.720112871505,12.126436781609193,27.034770152363574,47.1342383107089,89.21799999999999,82.57000000000002,73.16859999999996,66.18899350000008,nan,0.534685,-109.33696190004947
GDERF,GALDERMA GROUP AG,212.05,USD,-6.897611520899183,4,0.044395116537180916,49794396015.144035,USD,Health technology,Strong buy,202.94416868769886,200.26660517295923,193.9429021594122,3.9970573810691543,10.012970168612197,5.497512437810951,207.3479999999999,208.5437,199.19141400000012,nan,79.3106554952182,2.224,185.5048862613153
EW,Edwards Lifesciences Corporation,85.78,USD,3.1009615384615365,4941924,1.1073719367513828,49392122250.0,USD,Health technology,Strong buy,82.46565458131796,82.17193766373391,81.92727641621669,5.718511215183634,7.037684052907412,0.3744441844137695,83.3000000000001,82.20550000000006,81.45799999999996,81.32935000000002,46.604368140823645,0.743214,22.97721654306141
ASMXF,ASM International N.V.,1010.405,USD,0.5783425161383389,12,0.21818181818181817,49166857656.65595,USD,Producer manufacturing,Strong buy,968.2510603214082,919.9870394057557,859.2464289825342,-1.4301532097964598,5.420731389222174,55.161664324818204,1021.5990800000002,992.0969774999988,886.7877389999998,651.9212262500001,43.36201087575504,5.77409256,119.88562984379305
FANUF,Fanuc Corporation,53.022,USD,12.978628198845115,5258,2.7828940404361173,49043094364.379425,USD,Producer manufacturing,Buy,46.59544377368867,44.30539271899104,42.01009156407335,-0.8934579439252365,34.62143909003198,43.302702702702696,48.81539999999999,46.97872499999998,41.65240999999999,36.623843999999956,47.17147595584303,0.320860593024,7.161705177316509
SDVKF,Sandvik AB,39.0,USD,-5.109489051094894,100,0.09959167413604222,48921047925.21967,USD,Producer manufacturing,Buy,40.12158891320102,39.13135387240579,37.174696110325975,0.11551790527532205,-10.75514874141877,18.541033434650462,40.99099999999998,41.543584999999986,36.36733200000001,24.526624535000025,31.379128129476655,0.4389599318,6.807793464567766
RWNFF,RWE AG,65.716,USD,-1.5697082259900574,11586,2.308934016221926,48882266887.187775,USD,Utilities,Strong buy,66.700625476159,65.49867012745956,62.98090533826003,0.8223381405338863,-7.429215382448234,18.381611183167593,65.82999999999997,68.64695,67.27496000000004,54.84310249999999,17.6444809526883,0.7308,-36.219717115608134
COIN,"Coinbase Global, Inc.",184.99,USD,-4.427567679272573,7927553,0.7873989868956827,48737650390.0,USD,Finance,Strong buy,191.1793299317632,193.98922199250245,204.3319030989516,-2.7647831800262765,-9.39856988931335,-19.777098375940497,190.54600000000028,196.52799999999996,191.07830000000004,251.12352499999994,69.5634189448351,0.08381,-50.16491136014392
DNBBF,DNB NOR BANK ASA,32.98,USD,4.380301303962517,4688,0.668673066225449,48730391721.8423,USD,Finance,Buy,31.91935675147009,31.608628843292596,31.009756962242587,2.7798553976564317,1.4457090126115006,13.80262249827466,32.33520000000001,31.399715000000004,31.80642599999996,29.178938,11.439977314892673,0.7015946637,1.432625549903745
MDLN,Medline Inc.,37.01,USD,-0.2425876010781763,43070555,3.63500522823821,48619597269.0,USD,Health technology,Strong buy,40.879356911723804,41.951367934347346,42.810787091696184,3.0632135895293833,-22.76711185308849,-11.691720353137674,36.816000000000045,40.533500000000025,42.894400000000005,nan,30.95516895282703,0.325194,-22.06505442930709
DRPRF,DR ING H C F PORSCHE AG,54.0,USD,0,250,0.15859925141153333,48601673420.479996,USD,Consumer durables,Buy,50.1748306078511,49.43661228888646,49.39732105122908,0,11.111111111111109,-2.579830416741836,51.536000000000016,46.798069999999996,49.291258000000006,56.108962999999996,134.88679457157087,0.3984948,-89.42842729514186
HCMLF,HOLCIM LTD,90.1,USD,-7.3997944501541655,616,0.9837112743532417,48542851895.67442,USD,Non-energy minerals,Buy,91.17032875151232,90.80618390195252,90.7876286208643,-6.979145157959947,-2.993109388458227,-8.01617118588697,95.1649999999999,89.72349999999997,93.21248180000012,94.73640344999998,46.98320820138882,2.06307,-66.62144771299785
FLEX,Flex Ltd.,132.47,USD,1.068131532768754,3592991,0.5627064805546991,48534084792.99999,USD,Electronic technology,Strong buy,109.4372849565081,97.45384695871606,86.68744775479368,-4.153100354532963,55.2443454822454,115.60872395833334,130.21599999999995,120.51950000000004,91.67519999999999,68.30010000000003,56.81262598104387,0.899222,10.433835369896748
FER,Ferrovial N.V.,67.48,USD,-1.3017405294719915,1262218,0.8403583569290993,48466360136.64455,USD,Industrial services,Buy,68.2822119539377,68.08609742159835,67.28527077776636,0.07415097137772082,-4.337964275588321,4.103671706263516,67.088,68.39600000000006,67.59699999999995,64.5332,46.5816009962896,nan,-68.71270985641983
DGEAF,Diageo plc,21.776,USD,2.1867667761614316,4074,0.9682939582640111,48420796742.868,USD,Consumer non-durables,Buy,20.62617429818835,20.734737994281232,21.21753547568928,4.985054478835208,9.913183928931954,-1.0181818181818192,21.364320000000017,20.635020000000026,19.827796000000045,22.864722500000006,19.886682439635663,0.632,-30.636144963394337
GFS,GlobalFoundries Inc.,85.64,USD,5.2735095267363326,11819664,2.408132678598726,47651571779.99999,USD,Electronic technology,Buy,66.47812925975575,60.315753643188515,54.48805933091073,19.834884209053378,42.117490872884176,140.9679234665166,74.46000000000002,70.52650000000003,57.0409,42.56207499999999,61.52298850574713,0.43258,nan
CRZBF,Commerzbank AG,41.955,USD,-1.1660777385159118,945,0.3654716324399583,47304102143.54933,USD,Finance,Strong buy,41.33130273834767,40.901823658710086,39.910136448720365,1.3161072204781497,0.011918951132289517,-0.5334281650071158,41.71750000000001,41.27892500000001,39.92678,23.326611699999997,15.46156969049894,0.88063604,6.759401220693216
EXC,Exelon Corporation,46.23,USD,1.9404630650496042,9230677,1.231753109554842,47302911375.99999,USD,Utilities,Buy,45.989301637629836,46.30452197017113,46.30364306738561,6.129476584022026,-0.7513954486904282,6.129476584022025,45.00800000000005,45.276500000000034,47.024800000000084,45.760975000000016,16.929724978943128,0.485421,1.3096386436150604
CAH,"Cardinal Health, Inc.",200.68,USD,0.03489357459747429,1537350,0.612526083706202,47000429532.0,USD,Distribution services,Strong buy,200.65139843063838,203.32048427971148,202.98263098566966,2.744214622158516,-2.1073170731707282,-1.901549591826752,200.13200000000006,194.75100000000032,204.41379999999992,191.94964999999985,30.68595369888988,2.402771,2.1269286026609975
AMSYF,ArcelorMittal,63.164,USD,12.893655049151024,260,0.019004319828084,46982183305.8858,USD,Non-energy minerals,Strong buy,55.10021247673635,51.63817397285816,46.92433331082002,0,29.967078189300413,14.323981900452491,54.24279999999999,48.39431000000003,35.735746660000004,30.95001266500001,14.451287886655168,nan,174.94910786763285
EBKOF,Erste Group Bank AG,117.02,USD,1.4565632044390433,1884,0.6255810864656661,46812661826.808136,USD,Finance,Strong buy,116.24026175830016,116.1832161124177,115.16509025099982,3.3106736117241993,-2.718430459722346,-3.552374884715339,115.32399999999998,115.63555000000001,114.52322999999993,109.56025300000003,11.82542370565644,2.8091128399999996,28.074470461733576
LGRVF,LeGrand SA,178.765145,USD,4.989220062254055,316,1.0160771704180065,46770911366.05791,USD,Electronic technology,Buy,173.75949003030055,169.30888466654437,163.52625694479977,4.989220062254055,0.486309724564353,21.816112436115837,180.61602900000003,166.82038225000002,153.6962629,110.46378153499992,32.071439264351525,1.82846392,14.800689829768546
BAIDF,"Baidu, Inc.",16.82,USD,-10.233968064213133,800,0.1389443701478021,46492582340.721695,USD,Technology services,Strong buy,16.189971530769142,15.99443020368785,15.83262063593614,-9.179265658747296,14.033898305084747,-8.36284391174067,18.16552,15.747644999999995,16.81391400000001,13.996050999999989,nan,0.23002537632000003,-100.32173548619406
GRMN,Garmin Ltd.,240.71,USD,0.3878555342397226,494585,0.6478221460774528,46422417479.00001,USD,Electronic technology,Buy,240.72904874206893,238.8117094477839,234.806268984817,6.570150971797937,-10.15601672140938,18.186281730249924,234.7079999999999,239.74650000000014,244.30479999999991,228.53000000000011,26.83949378379885,2.296881,18.14337654125831
GPDNF,Danone,71.7,USD,-1.8802857377452928,5417,0.9394727714186611,46258294370.664406,USD,Consumer non-durables,Buy,75.59071475207135,77.54433229396506,79.60528663803201,-1.9420131291028468,-8.906111040528511,-20.43058484075019,73.07877999999985,75.46916750000004,79.030135,84.10588525000003,21.686999318927498,2.2039999999999997,1.987862275112016
AU,AngloGold Ashanti PLC,90.64,USD,-1.3173652694610711,1504896,0.7094076023015253,45773877390.0,USD,Non-energy minerals,Strong buy,97.37688596378092,97.86395291390464,95.75130811921198,-4.418432985342189,-10.611439842209077,4.046375480686455,91.61999999999996,96.20199999999998,97.2974,86.23910000000002,13.296951559428454,2.306667,nan
CCJ,Cameco Corporation,104.75,USD,-0.5506503370359805,2558170,0.8139466956978363,45614224661.30471,USD,Non-energy minerals,Strong buy,112.27115457631771,112.00215718310453,109.32352708005976,-2.4492456695846485,-11.908165839710701,12.634408602150538,104.55199999999995,114.22499999999998,113.4372000000001,100.11200000000004,97.54613919346657,0.2767086144,170.61195254337045
ON,ON Semiconductor Corporation,116.2,USD,6.012225161937783,8495759,0.7532339219582481,45539150440.0,USD,Electronic technology,Buy,97.14981988914302,88.08875694032014,79.35211216039133,1.7602241877572513,30.973850315599645,110.31674208144797,110.29400000000003,105.917,83.84319999999998,62.06502500000006,82.82842683013757,0.709901,-2.6912672539363216
SEMHF,Siemens Healthineers AG,40.68,USD,0.8928571428571415,2715,0.21322380253041284,45390259336.12174,USD,Health technology,Strong buy,41.47851286023775,43.04431365196713,45.10414806249877,1.295072945898768,-2.9348604151753688,-19.76331360946746,39.783579999999986,40.231700000000046,42.21867999999997,50.33238800000001,18.86694887312032,0.66722736,7.2728669266144355
WEICF,Weichai Power Company Ltd.,5.36,USD,3.6750483558994276,2517,0.1774622267032355,45020444266.72375,USD,Producer manufacturing,Strong buy,4.800927546551651,4.469811267390599,4.067358027909487,4.280155642023359,23.730378578024016,117.44421906693715,5.271520000000001,5.2272300000000005,4.403434000000001,2.9174880000000005,29.296895603649904,0.0615574904,-0.02938063352498723
FITB,Fifth Third Bancorp,49.48,USD,0.6509357200976409,3609061,0.660302850129228,44844296785.0,USD,Finance,Strong buy,48.82247080723143,48.64441624045422,48.20774602915451,4.146495474636916,-3.7354085603112877,5.613660618996788,48.60799999999998,49.18500000000009,48.12159999999992,46.70012500000004,16.593447131023844,0.832223,-5.285392116380265
FITBM,"Fifth Third Bancorp - Depositary Shares Representing a 1/40th Ownership Interest in a Share of 6.875% Fixed-Rate Reset Non-Cumulative Perpetual Preferred Stock,",26.06,USD,0.2693343593689892,6680,0.47457000973294783,44844296785.0,USD,Finance,,26.009455758605785,25.98746306438391,25.94038836968779,0.9842672246764232,0.8123791102514402,-0.26789131266743316,26.030000000000022,25.976949999999988,25.98428,25.8230855,8.73939434588685,0.832223,-5.285392116380265
FITBO,"Fifth Third Bancorp - Depositary Shares each representing a 1/1000th ownership interest in a share of Non-Cumulative Perpetual Preferred Stock, Series K",18.58,USD,0.16172506738543171,13170,0.5789189117906924,44844296785.0,USD,Finance,,19.046333541865483,19.197472317652508,19.38464389364625,-0.4287245444801814,-4.522096608427557,-4.226804123711342,18.556000000000033,18.991760000000006,19.193265999999927,19.903040000000086,6.23092659042892,0.832223,-5.285392116380265
FITBI,Fifth Third Bancorp - Depositary Share repstg 1/1000th Ownership Interest Perp Pfd Series I,25.59,USD,0.15655577299412582,35160,1.3232023302812368,44844296785.0,USD,Finance,,25.46987751095163,25.487897460285968,25.52239970468226,0.3923107100823909,1.1062821019359983,0,25.546940000000053,25.449684999999956,25.421574000000142,25.612973499999963,8.581776719541232,0.832223,-5.285392116380265
FITBP,Fifth Third Bancorp - Depositary Shares each representing 1/40th share of Fifth Third 6.00% Non-Cumulative Perpetual,23.51,USD,0.25586353944563867,2515,0.22166402256301782,44844296785.0,USD,Finance,,23.751846688903136,23.875984776430617,24.038833137735594,-0.7593953541382612,-2.8110789582472084,-4.702067288204297,23.46200000000001,23.614585000000027,23.707253999999953,24.43431150000002,7.8842348837989205,0.832223,-5.285392116380265
DISPF,Disco Corp.,413.16,USD,-1.544180726336851,172,0.41336217255467433,44812467999.57309,USD,Producer manufacturing,Buy,438.1705021689565,432.95269604385476,417.65330513146114,2.7796987954804484,-9.419765591086662,18.092951466300807,403.3603999999999,452.0234750000001,439.300788,361.9166111999999,52.6540056551204,1.909891968,3.3415431889614924
SWZCF,Swisscom AG,863.31,USD,1.997873345935724,1,0.03367003367003367,44719901932.05649,USD,Communications,Buy,855.5559770335271,847.0607247410848,826.2259127462122,0,6.230919447305367,18.982875650346262,858.9349999999998,870.8171,789.4542499999995,646.3283684300003,28.91633918483528,6.699600783000001,-5.8399908383667665
ERIXF,Ericsson (L.M.) Telephone Co.,13.390672,USD,6.359586973788725,5959,0.007802942124272754,44650267228.94433,USD,Electronic technology,Buy,12.126889123266833,11.744003915097641,11.239015968736945,3.243423284502696,13.963165957446812,41.70023280423282,12.690634400000004,11.9146736,10.984271439999997,8.750624859999995,16.904084549002974,0.13555852959999998,1581.8541593064651
CHPXF,China Pacific Insurance Group Co Ltd,4.09,USD,-1.4457831325301322,73132,7.494338153161924,44327226939.027985,USD,Finance,Strong buy,4.399313819011645,4.368841862152639,4.186406765609614,0.4914004914004809,-7.0454545454545565,-19.803921568627448,4.184,4.524250000000002,3.5686514999999988,3.596623324999998,5.224036956865738,nan,26.71003861975672
DKILF,Daikin Industries Ltd.,151.295,USD,6.0751595036107355,212,0.2387925208380266,44279906757.049934,USD,Producer manufacturing,Buy,145.58849292460147,140.10066201005947,135.1659560450096,-5.227386619894763,8.346462331710113,17.519807363678712,147.125,147.91187500000004,134.76235000000003,126.4481715,25.57947230533468,1.854288988656,-1.8100370609193592
BAYZF,Bayer A.G.,45.005,USD,-0.8918740365558117,643,0.2489835430784124,44213993445.2576,USD,Health technology,Strong buy,45.403758880698796,45.594808978981916,44.8922564061504,-0.8918740365558117,-4.273806054753545,2.587189423296114,44.754999999999995,45.741429999999994,47.17836200000001,38.6709415,nan,0.9237056799999999,29.2178094995192
IDXX,"IDEXX Laboratories, Inc.",559.37,USD,1.1390963169219002,466004,0.7324584773482087,44124785133.99999,USD,Health technology,Buy,564.3389002789648,578.8253276927221,595.4789983407959,5.113123872519551,-2.0127526889254823,-17.317783394675768,551.6599999999997,553.8672499999994,566.3020999999991,640.1174750000005,41.15738356265176,3.955202,25.583286362418328
VTR,"Ventas, Inc.",88.18,USD,0.20454545454546227,2826821,0.6061848970716713,43875697026.0,USD,Finance,Strong buy,86.32586399857595,85.21440573239845,83.39921025759845,0.6161570059333709,7.274939172749397,13.971823704278146,88.25400000000009,87.78849999999998,85.45340000000007,77.97714999999994,159.71744249230213,0.142327,66.84799032940465
ODFL,"Old Dominion Freight Line, Inc.",210.47,USD,1.3385333911117536,1269937,0.7939358050427052,43771083509.0,USD,Transportation,Buy,204.58628159357005,200.21427016898969,192.81703352599203,3.5624661713329773,-7.097770911498571,33.419968304278925,207.31599999999997,203.45449999999985,201.5596,169.05509999999967,44.009284041485444,1.450963,-10.34793041391721
FNV,Franco-Nevada Corporation,226.19,USD,0.15497697484944842,482986,0.5854222483387101,43609136723.84831,USD,Non-energy minerals,Strong buy,235.64159879565526,237.74589570809596,235.19176596254164,-0.048608042421570324,-9.524,8.442803720395045,225.074,230.32750000000004,240.99239999999992,221.85304999999994,32.069548029198,2.222603,126.50721479611555
WAB,Westinghouse Air Brake Technologies Corporation,256.41,USD,0.4898886972879873,782955,0.7759130459687019,43506966766.99999,USD,Producer manufacturing,Strong buy,259.64821941103844,255.5088732614844,248.0301075975393,-2.627881365586891,1.1599005799503004,20.03089598352215,257.232,263.7735000000001,257.427,224.72154999999978,36.294534799779186,2.600133,10.73544625223361
UMGNF,UNIVERSAL MUSIC GROUP,23.61,USD,-1.6045009376953596,12539,1.1322816301098961,43407640365.77935,USD,Commercial services,Strong buy,22.715699157637882,22.656925096048855,23.109112909771387,-1.3784461152882284,1.3304721030042863,-8.630030959752323,23.999000000000006,22.89982499999993,21.798573999999984,25.00854249999996,24.29831981502674,0.55293372,-16.671330501800462
FERG,Ferguson Enterprises Inc.,223.31,USD,-0.1921873603289563,974080,0.6556212312026654,43308257615.0,USD,Distribution services,Strong buy,239.29971513030472,241.10724708553687,240.9854992093544,-0.14309350266064177,-16.363295880149813,0.06721634701559674,222.84999999999962,242.51149999999998,241.50480000000005,239.9886500000004,29.546958109502764,3.299536,-9.199255121042818
RNECF,Renesas Electronics Corp,24.33,USD,0.7161485283768608,4195,0.3068045519702776,43236456309.81539,USD,Electronic technology,Strong buy,21.046369162060955,19.768284262870445,18.414184972798896,3.2682512733446503,22.754793138244185,73.90993566833451,23.383400000000005,21.26410000000001,18.500911999999992,14.391080500000008,nan,0.361690092432,-107.54707100039069
WOPEF,Woodside Energy Group Ltd.,22.73,USD,-0.5512775638781992,300,0.4721435316336166,43165383360.71838,USD,Energy minerals,Buy,22.77175101217145,22.112270317130605,20.980126352461713,0.13215859030837504,-4.495798319327732,42.9559748427673,22.4428,23.273725000000013,20.019404000000005,16.241826,15.467305192591425,0.79207,-16.178287801471708
HINKF,Heineken N.V.,78.33,USD,0.7168343566170621,312,0.041362304622767826,43080329065.464714,USD,Consumer non-durables,Strong buy,78.89891949705125,79.75700021247226,80.56614423806505,0,0.6036475725661429,-3.7360206464298957,76.28818000000005,77.84079499999984,82.14601800000017,82.36782417500018,19.81685434740625,2.5906662799999998,120.8211384701732
TTRAF,Telstra Group Limited,3.852623,USD,-10.404116279069765,111946,8.854175729437726,42936152384.799965,USD,Communications,Buy,3.7894743083854023,3.664850165959797,3.5106684275629587,-1.2147948717948718,6.132865013774106,18.54224615384615,4.002924599999996,3.5960311500000004,3.241780780000002,2.758662834999998,29.087568528670914,0.07515535040000001,46.63484372464042
MSCI,MSCI Inc.,588.55,USD,1.066387333859931,412309,0.6625921007825102,42846440907.0,USD,Commercial services,Strong buy,573.4104431943264,569.6400601690057,567.2854877240904,4.733517216834222,-3.1990131578947443,2.9707647357278906,582.9360000000006,583.2994999999999,566.1828,565.0185500000005,33.61298944578974,4.850846,20.407096685462793
YUM,"Yum! Brands, Inc.",155.15,USD,0.5378434421980381,1640562,0.9243623521245163,42762625216.99999,USD,Consumer services,Buy,155.84193246990273,156.49953414667567,156.16104107161345,3.123961448986386,-3.441623101817277,2.382209317671911,153.33599999999996,154.15949999999992,157.09319999999997,152.6801,25.012494155959313,1.582143,23.677074610200584
CODGF,Compagnie de Saint-Gobain,87.2999,USD,-0.3994295493439952,905,0.146677471636953,42745710113.840965,USD,Producer manufacturing,Strong buy,89.23385082435544,90.42417811952407,92.53022708364354,0.11456422018347591,-3.268701682771951,-15.488964181994195,87.32198000000002,90.32631000000005,88.87614599999999,94.93634432499995,12.848980763103308,3.8396,16.29370013115051
PINXF,Peoples Insurance Company Group China,0.7,USD,3.811359928815059,3184145,5.260932170275269,42715639977.37132,USD,Finance,Strong buy,0.7331024943004422,0.7652791620762769,0.7784251982046339,0,0,-30.000000000000004,0.68416,0.81267175,0.7761407,nan,4.816304627799969,0.061798799999999994,9.306656567571236
LZAGF,Lonza Group AG,625.45,USD,-3.062568776057406,196,0.5137614678899083,42623410548.34517,USD,Health technology,Strong buy,627.5962641951107,636.1525323158087,647.0072613992793,1.3383236928660527,-1.6038826703584448,-9.988673928592492,627.6859999999995,623.415449999999,631.4239599999996,673.0083794999996,nan,10.78972875,-150.47333860374277
STT,State Street Corporation,153.95,USD,0.1691717092849183,1542066,0.8886964038727524,42608283240.0,USD,Finance,Strong buy,146.50843477952952,141.78506700027938,136.54273836405588,0.9773055227600556,-0.27853348879388967,19.72159576949995,153.26600000000013,151.67250000000004,140.78560000000004,125.97795000000009,15.613748618140143,3.135126,10.73438079087162
STT/PG,"State Street Corporation Depositary shares, each representing a 1/4,000th ownership interest in a share of Fixed-to-Floating Rate Non-Cumulative",21.78,USD,-0.29755092698556984,33280,0.9338346708569505,42608283240.0,USD,Finance,,22.13780930360281,22.246803967365448,22.375674203383408,-1.7591339648173232,-2.2002694207453906,-3.4505993332860387,21.891000000000023,22.157194999999977,22.09658000000011,22.720528500000004,2.2089473524072254,3.135126,10.73438079087162
HLNCF,HALEON PLC,4.78,USD,3.575297941495125,6427,0.3094798984932899,42343699572.77487,USD,Health technology,Strong buy,4.729566435650484,4.811454136948389,4.871386564124321,5.4024255788313145,1.9189765458422143,-8.076923076923075,4.584000000000001,4.567872499999991,4.783948999999999,4.858051250000004,19.210069098377417,0.13856664,26.518607645628062
ELEZF,Endesa S.A.,41.112,USD,2.7800000000000047,1500,2.5020850708924103,42299172635.55966,USD,Utilities,Buy,36.724199531834955,34.679304392038674,32.076458264306645,0,2.7800000000000047,18.512539636782947,38.18639999999995,33.199380000000005,25.577471999999972,22.742835500000016,15.836666599123033,0.6382969599999999,16.56436790718009
CLS,"Celestica, Inc.",367.37,USD,3.551596809200334,1753819,0.9572131764549723,42237669280.14908,USD,Electronic technology,Strong buy,361.9711180642952,347.32049213791464,329.02879700542144,2.904761904761906,-10.338515607839312,23.23716873532371,350.084,381.0000000000001,346.75039999999996,295.7487000000001,44.67509005207652,2.2811297344,137.55662783391023
CMG,"Chipotle Mexican Grill, Inc.",32.89,USD,0.2743902439024495,18632034,1.2446784199269179,42189120766.0,USD,Consumer services,Strong buy,33.390169515964864,33.98394929934752,34.978292625003036,1.4966826107082223,-7.922732362821944,-11.70469798657718,33.088,32.807,33.3232,36.87977499999999,30.13008427995603,0.318517,-4.085756963359985
TTWO,"Take-Two Interactive Software, Inc.",227.55,USD,-4.42288306451613,7048100,2.484512993187603,42136673202.0,USD,Technology services,Strong buy,220.1816521548993,218.02105329640395,219.28225130181605,-2.48553674737518,3.861426810899634,-11.701363962670486,236.50999999999993,226.40000000000003,212.56199999999998,231.88567499999982,nan,0.355033,93.64199183982105
CNSWF,"Constellation Software, Inc.",1970.0,USD,-0.15205271160669032,9785,1.0983152058008103,41747314248.82784,USD,Technology services,Strong buy,1870.4677496112233,1887.851984034548,1981.4171519596568,3.0065359477124183,5.334074771152365,-17.7109440267335,1976.741999999999,1854.1980299999955,1826.2335620000013,2377.420430500005,56.73735714886815,27.865635,2.743313920117976
CCEP,Coca-Cola Europacific Partners plc,94.12,USD,-0.03186404673393642,1470851,0.8257579721506668,41715643692.0,USD,Consumer non-durables,Buy,94.40898772176236,94.8798116414175,94.74696301998793,4.531319413593956,-2.253608889812028,3.839364518976174,93.16399999999992,93.43449999999987,94.63000000000004,92.83224999999993,19.528996783898748,2.4746662799999997,44.86894312853191
SSREF,Swiss Re Ltd,153.1785,USD,-2.047256682440198,1644,2.3726367441189207,41613968812.61818,USD,Finance,Buy,158.87486358284784,160.85218053348981,162.83155796344292,-1.9789340312661805,-9.490368707161425,-9.410077473534798,155.86987999999997,160.63463999999993,162.90026399999988,153.35957184999998,9.358815457827895,nan,56.15397382686712
KR,Kroger Company (The),67.25,USD,0.26837632324438176,5117430,0.8671643764035271,41463704986.99999,USD,Retail trade,Buy,67.68466929691286,68.0046169322459,67.92553101595632,1.6782582400967634,-2.096375018197697,7.841565105837076,68.38400000000001,66.93400000000005,69.31939999999997,67.158025,43.48810139679255,1.577021,-57.94397606744629
ASTS,"AST SpaceMobile, Inc.",105.86,USD,10.007274238802863,30709761,1.1867344698829199,41086865884.0,USD,Communications,Buy,86.89516821330994,86.12195957963569,84.20026465223285,20.542017763607387,25.041341837940003,42.39978477266612,93.32000000000001,78.53500000000008,84.19980000000001,75.70585000000004,nan,-0.3175,11.190452411864586
SWDBF,Swedbank AB,36.594294,USD,3.082518309859149,7234,2.208787517938384,41038098891.19279,USD,Finance,Buy,35.30463408773753,35.41966582126116,35.1177312589394,4.70470386266093,5.035287026406413,3.373711864406778,35.0008588,35.30101470000004,36.26134587999999,30.904279469999988,12.317183486067336,0.695297967,-2.3331185600900572
MSADF,"MS&AD Insurance Group Holdings, Inc.",27.85,USD,-3.231410701876302,317,0.19460985941432887,40936005151.36657,USD,Finance,Buy,26.491992067294564,26.12859833423768,25.668302003519443,9.4302554027505,15.512235586893414,14.712908806326727,27.150999999999982,25.981249999999996,26.254226000000006,23.387144000000006,8.362569117688464,0.650170855824,12.756134563735518
ANNSF,Aena SME S.A.,27.268,USD,-1.6305916305916242,201,0.14881172725253572,40901998689.30286,USD,Transportation,Buy,28.397818308845274,28.85966194772263,29.006724281672557,0.7686622320768735,-10.684572551588602,-2.5516403402187073,27.301199999999984,27.408999999999992,29.116003999999997,28.79985850000001,16.353310340855668,0.5043795999999999,17.082687806726515
AIG,"American International Group, Inc. New",77.05,USD,-1.996947341643357,2533795,0.6830922578330296,40852392239.99999,USD,Finance,Buy,76.75707434299709,76.89108843857497,77.24741071323604,1.3415756938050716,-0.759917568263786,-9.597559544761243,77.91799999999992,76.59149999999981,76.28399999999993,78.22477499999987,13.61018865258249,1.944189,26.484650788685833
DHI,"D.R. Horton, Inc.",143.73,USD,-0.2844456778132348,1811291,0.7508424686702138,40758897623.0,USD,Consumer durables,Buy,145.13516997305777,146.33846390990533,147.7178825532161,5.058109787296241,-11.795029150046027,-0.4226132742136716,140.36799999999994,145.47749999999996,144.21860000000007,153.9618,13.46505157246845,2.971494,-19.23199152542372
BDX,"Becton, Dickinson and Company",147.63,USD,0.9435897435897406,1291274,0.4069528472933293,40678035881.00001,USD,Health technology,Buy,150.8952239214603,153.36872489332714,154.8425985136537,2.55644320944773,-6.171348671666459,-3.3099575795476746,146.0259999999996,146.71200000000016,152.48780000000016,154.56107017849936,37.434389025534394,3.132429,-24.7442943286772
AMP,"Ameriprise Financial, Inc.",452.31,USD,0.386177508489249,629634,1.0658650764872635,40661351245.0,USD,Finance,Buy,460.05448127572146,462.2065979050789,466.9593977489311,-3.85179516612461,-2.4058171147456044,-7.691836734693878,459.0179999999997,467.7004999999999,455.7026000000003,479.43260000000055,11.25045704748568,10.634167,36.60602642165923
TSCDF,Tesco PLC,6.44,USD,2.222222222222231,27520,6.402382281779267,40660552279.32585,USD,Retail trade,Strong buy,6.377744743684245,6.3457013283034955,6.2660296866113105,4.8672062008435075,-1.360127435363313,8.309927849442479,6.2420000000000035,6.37886,6.387891999999994,5.935908999999997,17.66416634597793,0.22396236,23.38188562010771
HOCFF,Hochtief AG,540.0,USD,-2.463694819738456,14,0.032543003254300325,40638787220.71611,USD,Industrial services,Buy,545.1546486698514,520.1125072390616,484.8417944366995,-6.7357512953367875,1.9582594214623965,33.97841458876069,565.7539999999997,573.394125,514.2177100000001,352.540155,43.70840751042655,nan,-9.622063640624342
DNSKF,Danske Bank A/S,51.0,USD,-4.672897196261682,4368,5.440278988666085,40520577026.4361,USD,Finance,Strong buy,50.81055212377887,49.192467933351686,46.366844437327465,0,-4.672897196261682,2.7925304094569134,51.52347999999999,48.571545,38.666418,22.801370130000013,11.82838186831518,1.1121710021,5.3186849485374985
XYZ,"Block, Inc.",68.08,USD,-0.8302986161689837,5632614,0.947051900134377,40520110743.99999,USD,Commercial services,Strong buy,68.51467462865081,67.02543401521125,66.16385762660626,-2.4362281456004626,-6.148331954783578,3.590992087644552,69.48400000000001,70.7975,66.21739999999997,67.7448,52.88999378495961,0.863549,-68.69116824362123
RBGPF,Reckitt Benckiser Group Plc.,63.5,USD,1.1952191235059761,2145,1.8558574147776437,40506449615.57886,USD,Consumer non-durables,Strong buy,65.74724763952185,68.67873198440337,71.79932167092,1.162975943922251,-5.491888673909805,-23.999744509881282,62.731999999999985,63.80882499999999,72.48014999999998,73.39682918389997,9.686161296239874,2.0895997009,148.5761160160083
SLF,Sun Life Financial Inc.,73.08,USD,-0.21845985800108764,364857,0.6913785788363953,40477065913.18003,USD,Finance,Buy,70.04196473076988,68.50117311622435,66.8403724162591,1.1068068622025418,3.924914675767926,17.171717171717173,72.74399999999991,71.70249999999996,67.90399999999991,62.875250000000044,19.00579203852989,1.3949927744,1.2784540473330384
SLFIF,Sun Life Financial Inc.,15.75,USD,0.9615384615384639,282,0.4662698412698413,40448672148.7168,USD,Finance,,15.52967037885554,15.395816613637944,15.392567086017744,0,0.9615384615384638,0.6389776357827454,15.761140000000001,15.045934999999995,nan,nan,4.096075870372822,1.3949927744,1.2784540473330384
GMGSF,Goodman Group Sydney NSW,19.75,USD,-2.420948616600783,1928,2.4964392075618282,40384662048.72854,USD,Finance,Strong buy,20.817250587504883,20.573805528057846,20.4409427751852,-2.420948616600783,-6.795658329400665,-2.188985736925516,21.305000000000014,19.92812500000001,20.090999999999973,20.458772229999997,35.6701624328893,0.507456768,89.16901731401452
CRDO,Credo Technology Group Holding Ltd,218.41,USD,12.93758725890688,8538077,1.2012568370461116,40285711178.0,USD,Technology services,Strong buy,173.7775950382189,160.87367242690516,151.0306201286049,27.100791433891985,17.03461579680634,47.176549865229106,184.00799999999998,185.20974999999999,149.83650000000003,143.14344999999994,121.13027563640398,1.024921,13061.313868613139
SSEZF,SSE Plc,33.2,USD,1.256557277052599,1935,2.250785157613121,40019005978.93696,USD,Utilities,Strong buy,34.82745699778883,34.6194098621184,33.63902144737673,0,-8.26195081514229,3.8473568970910352,34.52519999999999,35.216990000000024,34.47902200000001,25.717520499999992,28.405641805370188,1.4805078,-50.33797300329045
ED,"Consolidated Edison, Inc.",108.54,USD,1.061452513966481,2238113,0.9121885550978087,40000216594.0,USD,Utilities,Buy,108.79922256555719,108.88444579954036,108.04161367702486,2.2418990203466556,-0.3671745915182591,8.943089430894322,107.37800000000034,107.81550000000001,110.30659999999995,103.95754999999974,18.282268523977162,0.733182,9.597563226878343
ORXCF,ORIX Corp.,38.35,USD,2.897773007781052,2067,0.15808069992963994,39976593341.06359,USD,Finance,Strong buy,34.61006265602595,33.23843355004585,31.534349753456475,-0.5961638154484108,33.50275012184085,29.059397610634363,37.919799999999995,34.5887,32.038720000000005,23.894357085000003,15.245852563529123,0.656807550576,22.85241113315651
CCI,Crown Castle Inc.,91.46,USD,-0.6301607996523386,3045262,0.8290471833183596,39917896350.0,USD,Finance,Buy,88.3278484532939,87.9161478016168,88.26909987637018,5.538887606738977,6.658892128279875,2.937535171637591,91.68000000000004,89.44199999999987,86.41820000000001,90.57995000000021,18.598503334960142,0.39753,nan
NAPRF,Naspers Ltd.,52.01,USD,-1.4402122418040648,225,1.9463667820069206,39818258411.264854,USD,Technology services,Strong buy,55.54882780616624,58.03557931616167,60.037392471599354,4.099115327649002,-7.504890627778765,-18.473234579512507,51.68240000000003,57.273350000000015,63.9676052,44.36121409999999,7.199978182723291,2.14,84.78527283758814
ALNY,"Alnylam Pharmaceuticals, Inc.",297.45,USD,-1.0182689427972453,681308,0.7651926240025967,39713316541.0,USD,Health technology,Strong buy,302.65163976137376,312.6112353418942,327.8968949011077,3.5905829908755322,-3.5599649839509833,-25.514599088496016,295.4019999999997,296.80975000000035,310.3168999999998,388.34514999999993,70.67503029439018,1.625954,nan
PEG,Public Service Enterprise Group Incorporated,79.51,USD,1.312436289500511,2008966,0.6097718734700431,39621536464.0,USD,Utilities,Buy,79.57615308109881,80.2572799303087,80.81272698107259,3.4612882238126366,0.25217500945656646,-1.584354499319224,78.04400000000007,78.73450000000001,80.42299999999989,81.69209999999998,17.581761493045573,0.83144,23.627665390924015
KDP,Keurig Dr Pepper Inc.,29.12,USD,1.1813759555246695,5933210,0.6278650089119725,39619492274.99999,USD,Consumer non-durables,Buy,28.422016954065082,28.2131666582311,28.195306470454724,0.3445899379738161,9.268292682926838,4.672897196261684,28.97399999999999,28.907500000000056,27.4952,28.148624999999974,21.665054683431293,0.536175,21.748188405797098
WCN,"Waste Connections, Inc.",155.71,USD,-0.03851832830455304,750932,0.47481362983945924,39562936592.23776,USD,Industrial services,Strong buy,158.86934285583055,160.90781225178767,163.60153896739644,-0.19229536568167616,-1.3557174532784202,-10.961802378774008,156.95000000000002,157.12949999999978,160.11939999999956,169.8762500000001,38.2402182324828,1.3504147264,74.54013585432847
HSY,The Hershey Company,194.78,USD,2.305793371500612,1621035,0.8455529880602776,39509883055.0,USD,Consumer non-durables,Buy,194.05377748619532,197.018861190288,197.7402484414114,4.579865771812082,3.3041633518960434,7.033739971425438,192.108,188.63150000000022,198.47360000000012,193.6048500000002,36.23746534948187,1.427573,-33.70294538457743
CHHQF,China Hongqiao Group Limited,3.975,USD,-3.636363636363634,5201,3.090131305329452,39032109895.03714,USD,Non-energy minerals,Strong buy,4.30375992501158,4.193368561280312,3.820006642162446,5.298013245033117,-14.51612903225807,-6.908665105386406,3.9125,4.23175,3.805752000000001,nan,11.979204968102678,0.2928086,0.7219653995694194
RKT,"Rocket Companies, Inc.",13.79,USD,-0.5767844268204764,17012208,0.6698496341406514,39017835275.0,USD,Finance,Strong buy,14.752817915142812,15.319998792519343,15.973046125487164,3.37331334332833,-14.61300309597523,-29.282051282051288,13.400000000000016,14.255499999999998,14.6258,17.65075,233.72881355932202,0.174286,nan
PYPL,"PayPal Holdings, Inc.",44.23,USD,-0.15801354401805934,10691686,0.7507630260596081,39015527178.99999,USD,Commercial services,Buy,46.30093510260926,47.19622137853244,49.35604838890558,-0.09035464196974531,-13.274509803921575,-24.612237941026084,44.224000000000046,46.59899999999991,46.62619999999999,57.23277500000005,8.297066106400539,1.283635,19.591699383062267
TYIDF,Toyota Industries Corporation,125.5102,USD,-2.470899059756003,210,0.1344172054022915,38968484880.24292,USD,Producer manufacturing,Buy,127.31575706579281,125.59972602840452,121.75565206536538,0,-1.945156250000002,7.687859287859288,127.97460000000001,127.91849500000001,117.52179799999998,85.71748500000004,26.759635835902177,2.165123780688,-17.530182045191562
TTDKF,TDK Corp.,20.516,USD,-1.7244682889442566,10928,1.9657151080171964,38933197171.878044,USD,Electronic technology,Strong buy,17.6694023347597,16.667923615562508,15.865255307871024,4.566768603465836,16.501987507098235,64.39102564102562,19.41839999999999,18.682715000000005,15.784980000000003,14.824472499999995,31.63595932051589,0.157671606288,10.572495889509582
LYV,"Live Nation Entertainment, Inc.",165.55,USD,-0.25906735751294035,1226002,0.5320623227103748,38525604596.99999,USD,Consumer services,Strong buy,161.2170072682633,158.65746884099858,155.99967064132105,-1.8962962962962897,8.068411776225611,16.232535280488662,165.29399999999993,162.73549999999994,158.61979999999997,153.10949999999994,nan,0.685972,-160.3588180915534
JDCMF,"JD.com, Inc.",15.875,USD,0,100,0.025392955994007264,38518268077.08196,USD,Retail trade,Strong buy,14.780036277191503,14.731306104598024,14.900793384040787,0,9.785615491009676,3.084415584415582,15.210400000000003,14.69696,14.700244000000003,16.81252744,24.22884060742575,0.4216225584900001,-68.0714157181313
JBL,Jabil Inc.,364.35,USD,2.2277713868858893,800227,0.7068099128821256,38439881885.0,USD,Producer manufacturing,Strong buy,330.3094768091091,311.75101641708136,290.7962097561861,7.07043991889271,8.77742946708465,57.52950840935624,347.5039999999998,347.1875,310.9341999999999,246.54715,48.83000964940496,3.077534,78.81518404907976
CBRE,CBRE Group Inc,131.07,USD,0.022893772893773763,1783976,0.7051422598192479,38379472511.00001,USD,Finance,Strong buy,138.84296756429123,141.50694628548302,144.619017361632,1.0095561035758343,-13.307758449632916,-18.239660657476147,130.36400000000015,139.30250000000018,139.87500000000003,153.47884999999988,29.900082124281408,1.496813,33.86264390631204
DCNSF,DAIICHI LIFE GROUP INC.,10.415497,USD,6.020938517915313,3100,0.27366302371157686,38264145702.81252,USD,Finance,Strong buy,9.604121415692623,9.193698161271932,8.619734350172578,0,10.862128791910598,14.834586549062845,9.685299400000002,9.13512485,7.433466440000001,4.981224986250002,13.808264034602633,0.17009250648000002,-2.3554504777699248
ACSAF,ACS Actividades De Construccion Y Servicios SA,143.789982,USD,-0.4362401329455605,441,1.5317818687044114,38253812970.00551,USD,Industrial services,Buy,128.7611783144674,116.90189592883064,103.19822467861486,-0.8276557003931305,0.27195397489539985,32.64758487084871,149.21199639999998,112.27049910000001,76.81602964000001,41.52732390999999,33.16775671401317,nan,30.74253655068877
PBCRF,PT Bank Central Asia,0.31,USD,0,9412,0.44582125466568145,38215264531.25,USD,Finance,Strong buy,0.36062688128772585,0.38759011913951724,0.41877400084404737,0,-17.333333333333332,-33.333333333333336,0.34298000000000006,0.41170375000000015,0.47320350000000033,0.5837709749999965,11.141598117624842,0.0067060083999999996,1.8948881782819302
TRI,Thomson Reuters Corp,85.86,USD,0.35063113604487745,877186,0.3605397792451874,38032753995.830185,USD,Technology services,Strong buy,90.30628891563904,94.31030732430332,102.45064716850985,2.48269276677011,-12.499396960743217,-35.99762825846004,86.82599999999995,89.66275511200017,91.22424004559994,128.21183670404983,25.035456925115998,0.9503592895999999,-27.031719825317918
EQBBF,EQT AB,32.25,USD,0.78125,1502,0.6302186044560063,37980229236.23564,USD,Finance,Buy,32.48892129587648,33.11486364406079,33.56717623430266,0,15.178571428571429,-17.307692307692307,31.560000000000002,33.53612499999999,34.58095,nan,43.57398794244926,0.5336,9.526266487309615
EME,"EMCOR Group, Inc.",848.91,USD,-0.0341497880358075,252026,0.7461624707746173,37725794439.0,USD,Industrial services,Buy,852.2419416001618,822.1079716345923,783.8773628736003,-6.629050353065398,-0.13998353134925945,37.7027640799377,856.5620000000002,895.8039999999999,823.6120000000001,706.0496500000004,28.40817064110887,7.236752,32.03985595298589
IRM,Iron Mountain Incorporated (Delaware),126.46,USD,-0.6832639597895268,949926,0.744174014912999,37624971862.99999,USD,Finance,Strong buy,120.14966375286143,115.39459443402443,110.33669103094886,0.4687375863986567,5.921768992377915,52.36144578313252,125.4159999999999,125.14449999999988,114.76600000000036,100.38605000000021,138.86021741517513,0.543268,121.95954179868389
VIK,Viking Holdings Ltd,84.23,USD,0.3933253873659098,2968320,0.6237899349062997,37548557673.0,USD,Consumer services,Strong buy,81.02960146492912,78.85727915523596,75.99109289786193,-0.40203381813880723,1.420830824804343,17.787721996923505,83.90799999999993,82.46850000000005,78.40020000000004,69.32725,31.368240726947715,1.241048,117.98993343075175
CBOE,"Cboe Global Markets, Inc.",357.35,USD,1.537193839859074,492877,0.5234114083524812,37398028234.0,USD,Finance,Buy,330.29665000376616,316.5034835905068,301.7929993647075,-0.20665195900470618,18.91055503793426,42.39888423988844,359.8919999999998,342.24800000000016,312.0363999999999,269.8770750000004,30.510920237017814,3.285374,53.54221289984268
ADM,Archer-Daniels-Midland Company,77.52,USD,0.5186721991701133,2468399,0.6815627563299228,37361269593.0,USD,Process industries,Buy,74.70864260722647,72.68262530892794,70.2011139985462,-4.154302670623145,10.569105691056906,34.958217270194986,78.49800000000003,77.67525000000002,73.31750000000005,65.03882499999997,34.707857622565484,1.424027,-20.382846754357825
FRFHF,Fairfax Financial Holdings Ltd.,1618.0,USD,-1.1425429217327576,3783,0.5566591621418797,37303128334.69568,USD,Finance,Buy,1656.2442589495179,1674.5639529354921,1688.9081055542629,2.340290955091714,-10.85620466710192,-14.842105263157896,1618.5200000000018,1641.4584280000006,1696.306717200003,1717.2029800000012,8.039935066739892,79.015,20.29096796634405
HIG,"The Hartford Insurance Group, Inc.",136.02,USD,0,1067062,0.6464979899745924,37287272361.00001,USD,Finance,Buy,135.20577310510103,135.41451702220294,135.15847670170734,1.5984463698834888,-2.1086721842389196,-0.8456043154978835,136.06200000000004,134.86199999999997,135.66619999999983,134.06445,9.555791292863015,3.30661,41.863501365385005
HIG/PG,"The Hartford Insurance Group, Inc. Depositary Shares each representing a 1/1000th interest in a share of 6.000% Non-Cumulative Preferred Stock, Series G",24.78,USD,0,5102,0.28673875413079153,37287272361.0,USD,Finance,,24.883879296818503,24.910065506930117,24.939940523368893,0.0403714170367443,-0.9988014382740711,-1.0778443113772438,24.764000000000024,24.91065000000001,24.90917199999998,25.037928550000025,1.7408653744827636,3.30661,41.863501365385005
PWCDF,Power Corp. of Canada,59.0285,USD,-1.09165549597855,22231,0.3847278730853165,37181249908.50416,USD,Finance,Buy,55.409869449196776,53.79572573517345,52.145394732757595,7.6573043954039814,12.008538899430736,11.039315274642599,59.09869999999999,57.31986499999997,52.97908999999998,48.74967649999999,20.54201235028441,1.079376,-0.021775633223334756
HLBZF,HEIDELBERG MATERIALS AG,210.79,USD,6.303898330727723,2156,1.9150826079232546,37175991074.643394,USD,Non-energy minerals,Strong buy,214.54983457924314,218.61441177438857,223.63152605613195,6.9999999999999964,-3.26385255757175,-18.802003081664107,203.00840000000002,213.41978999999986,211.610036,235.88150850000002,16.42961914885747,3.6888,26.609074792383108
AHODF,Koninklijke Ahold Delhaize N.V.,42.41,USD,-0.4399329536544573,3786,4.0845830186643655,37079051083.54215,USD,Retail trade,Buy,45.119718495376446,45.21181009028887,44.63728833197996,-0.4399329536544573,-10.621707060063237,5.366459627329184,41.91547999999999,45.54787000000001,44.318598,39.38251999999998,14.573152220273036,0.7714104399999999,37.82005158729411
HUM,Humana Inc.,307.95,USD,1.4060853530031552,678100,0.35397563023165907,36972940560.00001,USD,Health services,Buy,254.12371528951655,239.10001125186866,233.37447993320518,2.465561988420832,40.44969442670802,20.274175910014044,306.45599999999985,271.2915,220.70899999999986,243.8182500000001,32.957330450882395,6.831339,-33.932220407412906
UI,Ubiquiti Inc.,610.81,USD,4.1786768091965,189402,1.095531159261016,36967495872.0,USD,Electronic technology,Buy,791.4457172068805,791.7002513805603,760.84148450316,-2.270400000000009,-41.268269230769235,9.29179788147723,596.8459999999999,808.3445000000002,854.7146000000002,675.7944499999999,39.26372086445624,4.033,71.46604649112173
WEC,"WEC Energy Group, Inc.",113.41,USD,1.159575417001157,2125436,1.0334797218414125,36940550277.0,USD,Utilities,Buy,113.54183362669907,113.62398322433637,113.1209634963948,3.485719499954369,-0.9692630108278025,7.32469007286836,111.44199999999985,113.32050000000001,114.66420000000012,111.64049999999986,22.61370660604973,0.834895,-2.111920051529289
BLMIF,Bank Leumi Le Israel,25.0,USD,3.305785123966945,100,0.10964912280701754,36908250000.0,USD,Finance,Strong buy,24.888453695588655,24.590398375901373,23.905598933054893,0,-1.9415571680721748,9.170305676855902,25.23000000000001,24.594564999999996,23.764166000000003,14.8944655,11.502080285103776,0.52212660913,29.952844767777243
SVKEF,Skandinaviska Enskilda Banken AB,18.72,USD,-2.168800627123087,449,0.1652983838309465,36655071041.25638,USD,Finance,Buy,19.511324625553346,19.661767353712357,19.456352409597308,0,-7.8740157480315025,-14.167812929848694,19.252999999999997,20.32279999999997,18.41032799999999,14.234042180000007,11.576559436146356,0.4274808174,-1.8111655685475034
TKO,"TKO Group Holdings, Inc.",191.5,USD,-0.06783906486458041,556575,0.3989809542911878,36600684392.00001,USD,Consumer services,Strong buy,191.0671602512589,193.1521979623623,194.5022883460802,0.4985568092364149,3.94615426369213,-8.779116848473304,192.9099999999999,188.14449999999997,191.4549999999999,196.12610000000006,70.31135262153033,1.555058,58.10983397190294
SYY,Sysco Corporation,76.29,USD,-0.922077922077914,3331696,0.9723953733923039,36480549975.0,USD,Distribution services,Buy,75.56692361717855,76.76686569342446,77.66360884714564,4.779563246806762,1.516966067864272,4.607157548334018,75.49199999999999,73.86299999999993,75.84819999999999,78.64147499999993,21.16051368818129,1.512003,-6.740991748363892
PSZKF,Powszechna Kasa Oszczednosci Bank Polski SA,29.16,USD,3.8461538461538534,11597,3.5110505600968818,36449998689.17439,USD,Finance,Strong buy,26.769511829020338,26.205592957104873,25.481562903003535,11.425296140619022,7.960014809329872,13.463035019455258,27.22799999999999,27.187999999999995,25.713399999999993,20.335027935,12.609550006154294,0.5606954999999999,15.126523645090694
PCG,Pacific Gas & Electric Co.,16.49,USD,0.30413625304134523,14144101,0.6731836893421099,36314687330.00001,USD,Utilities,Strong buy,16.70528212779251,16.833640083211986,16.78793459440383,1.664611590628851,-4.2392566782810714,1.8529956763434041,16.3,16.357499999999995,17.117600000000003,16.294324999999997,12.922184781756915,0.360619,17.353319845503044
PCG/PX,PG&E Corp 6.000% Series A Mandatory Convertible Preferred Stock,41.07,USD,0.5139500734214412,8759,0.24967433163159142,36314687330.0,USD,Utilities,,41.70109893684314,41.98585213881038,41.99493112479279,1.1327259295739986,-2.861873226111639,0.5385556915544648,40.655,41.20449999999998,42.46495,41.42592500000001,32.18399811926965,0.360619,17.353319845503044
EQT,EQT Corporation,57.92,USD,0.31174229303775497,5202165,0.8677042514691958,36227686198.00001,USD,Energy minerals,Strong buy,58.28114680145631,58.62819099049464,58.395336335012864,2.7861579414374447,-0.6688389641570923,8.566073102155576,58.141999999999996,57.745500000000064,60.01320000000001,56.417400000000065,10.978637905870313,0.554706,809.7603035006035
PRU,"Prudential Financial, Inc.",104.12,USD,-0.11511895625478737,1301702,0.7888805646235639,36129640953.0,USD,Finance,Buy,100.32115644601724,100.375138487111,101.37277698434968,2.138512850696495,11.75271009981754,-7.752281385664924,103.14400000000026,100.54550000000009,97.92259999999992,104.35560000000034,10.701254920501148,3.342976,53.97287588422402
FJTSF,Fujitsu Ltd.,20.8,USD,1.4634146341463448,2894,0.45558301717488153,36083386523.43804,USD,Technology services,Strong buy,21.510941840494972,22.134561854768823,22.908579721762635,9.994711792702276,-9.209951986032298,-30.17791205102383,20.490699999999993,20.61505,21.299149999999987,24.43818250000001,12.999790427128577,0.103211414352,98.92664345063564
SATS,EchoStar Corporation,124.2,USD,-3.301152289006536,11038951,1.6347046600233104,35994107566.0,USD,Communications,Buy,125.43084966847024,122.0279167627778,115.37444230194787,-15.366269165247019,-2.0234291799786988,14.280456385719539,133.482,127.80649999999991,123.18100000000003,95.202925,nan,-0.501531,-6044.893956111316
CCL,Carnival Corporation Ltd.,25.98,USD,-0.7639419404125259,17161641,0.5841011555030015,35937560614.0,USD,Consumer services,Strong buy,26.37959856034094,26.84113160352512,27.3161622950688,4.442211055276384,-5.251641137855584,-15.347018572825027,25.398,25.816149999999993,26.10945999999998,28.56156500000001,11.550773608394096,0.332623,49.77691949124326
ESLT,Elbit Systems Ltd.,767.82,USD,0.5368459644896064,134765,1.1672927625510066,35921230188.0,USD,Electronic technology,Buy,803.8290885052371,798.4734316229644,764.219866462488,1.8423461064024644,-12.49316192560175,31.471524947775773,766.4019999999997,799.9047499999999,858.0296000000003,642.4651249999997,62.74761863893892,2.979255,67.71948091234323
ADYYF,Adyen N.V.,1135.0,USD,1.3392857142857142,50,0.3022974607013301,35806613270.23176,USD,Commercial services,Strong buy,1104.2278084562995,1135.1556929059745,1205.0326556560788,7.828234847045421,2.068345323741007,-30.785930334666794,1094.8055000000008,1102.0272499999999,1065.3329880000026,1425.3853154999974,28.7438745638038,19.9961438,28.69586970172974
FINMF,Leonardo S.P.A.,62.24,USD,6.374978636130583,1712,0.3046534389180532,35798811255.73394,USD,Electronic technology,Strong buy,63.944882385776054,64.88474506166799,64.80760777930308,7.31034482758621,-4.991604335216002,4.254606365159128,61.020000000000024,62.24132499999998,66.58053399999999,62.72882099999996,24.969284119788483,nan,29.086893291153228
VODPF,Vodafone Group Plc,1.55,USD,0,2002,0.5853972338372467,35690847919.08398,USD,Communications,Buy,1.5792566543548212,1.5431693464189056,1.484333464487598,7.638888888888896,6.896551724137938,11.111111111111114,1.603000000000001,1.5588200000000003,1.4892799999999995,1.125854174999998,nan,nan,87.37709600443175
IBIDF,Ibiden Co. Ltd.,126.67,USD,21.96789375977323,2436,1.6882666851479657,35527003622.13363,USD,Electronic technology,Strong buy,89.52449172541897,77.7568952835856,65.63813113122066,26.417165668662673,94.87692307692308,171.38725227637923,104.87323999999998,87.91581000000001,63.282568,28.393630250000022,93.9543577559675,0.320919322944,77.90289637092738
HEI,Heico Corporation,301.04,USD,-0.05312084993358838,480322,0.6087185850393381,35504139448.0,USD,Electronic technology,Strong buy,288.99652725655875,292.4346645189106,297.9618696732373,4.513262046937925,8.00028700581187,-6.8621991213415034,297.9340000000003,284.97500000000014,282.8802000000001,311.94709999999986,59.530542427178716,1.333375,25.102666864578683
HEI.A,Heico Corporation,224.04,USD,0.0848782666964475,293229,0.8548357285995899,35504139448.0,USD,Electronic technology,Strong buy,219.02756219387575,222.5199401520425,227.78748430840935,3.573574961860288,5.054862609021852,-11.211508738556658,221.59,216.11700000000002,215.70100000000016,241.3882500000002,44.30382249995056,1.329836,25.102666864578683
RSTRF,Restaurant Brands International Limited Partnership,77.59,USD,-9.779069767441856,1001,2.5457782299084437,35492307027.134056,USD,Consumer services,,77.72648808953156,75.52494426076184,73.580008597877,0,-0.7927375015982489,14.019103600293912,79.59999999999998,72.52904499999998,71.58609999999999,63.30429024999994,28.35525656960268,nan,-4.103014347563742
DTGHF,DAIMLER TRUCK HLDG AG,46.23345,USD,2.3452649754283397,419,0.9077123050259965,35396348885.9776,USD,Consumer durables,Buy,48.2591916120089,48.28820402180921,47.81880864396671,2.3452649754283397,-8.971352628470175,4.992505961167256,46.73773999999999,49.412384999999965,48.676216000000004,44.519208000000006,22.306785224991383,0.9469010399999999,-47.32446369419668
IFCZF,Intact Financial Corp.,198.825,USD,-2.207193359975413,53,0.0795198799699925,35303680887.10149,USD,Finance,Strong buy,190.4803695997205,189.78829810038738,190.60593230122,12.476664592408202,4.129569498271704,-3.991018397798066,197.71088000000015,190.1404699999999,186.4651120000001,193.35595409,14.723047792551752,3.1356411583999995,57.06207347889218
TEVJF,Teva Pharmaceutical Industries Ltd.,30.19,USD,3.4258307639602603,250,0.7507507507507507,35160481600.0,USD,Health technology,Strong buy,26.749863457143867,24.43020195128087,22.196836053543976,0,6.452750352609315,-8.069427527405608,29.838000000000005,20.184450000000005,18.68922,12.074843500000002,21.45792838867664,0.61011894176,nan
HNDAF,"Honda Motor Co., Ltd.",9.025,USD,3.5570854847963336,30274,0.12036590854512867,35130277410.886765,USD,Consumer durables,Buy,8.633317821905854,8.787608610961154,9.0690054585277,6.678486997635927,7.44047619047619,-4.497354497354486,8.66600000000001,8.374262500000002,8.442995000000021,9.815758250000005,nan,0.24108193886400003,-156.60246734224108
DLMAF,"Dollarama, Inc.",128.515,USD,-0.7606177606177712,2148,1.981001567831781,35049991010.56397,USD,Retail trade,Strong buy,127.9461107682352,129.90115070042148,132.0786963385298,2.190680661577593,2.811999999999989,-13.392008733918749,126.86500000000001,126.20472500000001,129.06780000000003,136.22517300000013,36.98568266280245,0.7292192187000001,21.357614616817983
NIPNF,NEC Corp.,25.8,USD,-0.4821600771456124,4928,0.3562650010121165,35032686840.820854,USD,Technology services,Strong buy,26.52040066158287,27.170823843634103,28.167177461868157,2.279484638255696,-10.07319623562217,-24.836125273124548,26.393000000000008,26.795800000000003,26.39783200000001,25.403940199999997,20.18593942293029,0.122001586944,45.86522920340439
AMKBF,A.P. Moeller-Maersk A/S,2416.58,USD,5.387148121497557,38,2.814814814814815,35009529094.48023,USD,Transportation,Neutral,2407.6649984316937,2408.587850547809,2373.279879069361,0,3.715879828326177,6.6494256170809996,2369.0459999999994,2436.737645,2422.397138,1956.6302395000002,22.82495034616034,9.181732,-76.56680905685313
GFIOF,Gold Fields Ltd.,39.0,USD,-11.363636363636363,250,1.1185682326621924,34905944607.359436,USD,Non-energy minerals,Strong buy,44.55321683151719,45.025287706324384,43.655625726833904,0,-17.808219178082197,-22.077922077922075,44.260000000000026,51.06927499999998,45.588781999999995,24.166855499999993,9.330781962593614,2.75,216.9298767414801
PAYX,"Paychex, Inc.",97.0,USD,2.9177718832891246,2593105,0.8113610097089978,34754213715.0,USD,Technology services,Buy,93.40657661503562,94.56496861068315,98.19161742426792,6.150142263077265,3.876633112015426,-13.485551195148059,95.02799999999992,92.92699999999998,92.04880000000007,110.29244999999996,21.3821227818803,1.306766,-5.656649682853286
HAL,Halliburton Company,41.47,USD,-1.1677788369876119,9325482,0.938072065499858,34643946380.0,USD,Industrial services,Strong buy,39.870184725275614,38.497304525361535,36.44893655688712,-0.16851227732306281,6.306075365290954,46.330275229357795,42.29800000000002,41.36300000000001,39.216800000000006,30.619150000000005,22.75320970042796,0.536194,-23.638344226579523
STLD,"Steel Dynamics, Inc.",240.03,USD,3.532608695652173,1187594,1.2132956047848387,34615394323.0,USD,Non-energy minerals,Buy,219.59558470775298,209.32166881924582,197.93899479355804,4.670329670329674,7.079764453961459,39.85317252228632,230.42400000000006,231.67199999999988,204.65799999999996,171.46207499999994,25.71125583786795,4.027005,23.396999537373596
RBLX,Roblox Corporation,48.16,USD,4.377980060684863,10135642,0.8284850410786072,34481537849.0,USD,Technology services,Strong buy,50.11913880326065,54.63814885914244,61.85288457813606,12.470808033629137,-22.709035467822186,-40.87170042971148,46.30399999999999,46.763,53.078799999999994,88.62315000000001,nan,-0.352705,-16.91286183228886
QSR,Restaurant Brands International Inc.,75.38,USD,-1.140983606557383,4139964,1.2672083958244937,34398947466.0,USD,Consumer services,Strong buy,76.7322001539528,75.70245635090107,74.17590138413891,-0.7374242823281568,-4.497656151019905,10.820346956777419,75.92400000000006,77.95599999999996,76.86380000000007,70.02209999999998,29.993633614515357,1.038975,-14.54026115342764
SHLAF,Schindler Holding AG,347.03,USD,0.14139781843364466,2,0.04073319755600815,34383845153.565,USD,Producer manufacturing,Buy,352.3526036378073,355.02281368890067,355.0016772576452,-0.04032606504019449,3.5910447761193947,-3.5089670512998765,341.42214,353.438335,357.729156,265.40048460500014,29.086530807319733,nan,22.836816308856616
VG,"Venture Global, Inc.",13.83,USD,1.991150442477873,11202258,0.4934037703187258,34358670923.0,USD,Industrial services,Buy,13.044568176649989,12.63394254212118,12.08086608311885,1.2074643249176797,15.25,101.60349854227405,14.074000000000009,13.047,13.686300000000006,10.898924999999997,14.43632567849687,0.466428,89.62787015043547
PPRUF,Kering SA,280.16,USD,4.53731343283583,2,0.022573363431151242,34343954118.939507,USD,Consumer non-durables,Buy,287.1988940347026,293.3910878344167,300.12340244480225,-0.5655652902270776,-2.0672972727336236,-21.673879737421856,280.5609999999997,282.0108999999998,295.6622580000001,309.77432749999946,407.6102462484421,4.5645999999999995,-92.81155334965949
KMTUF,Komatsu Ltd.,37.9825,USD,-4.793833813761126,2145,0.12971070581974747,34277639100.95481,USD,Producer manufacturing,Buy,41.85587356514953,41.892083314301594,41.12109450330766,-8.903945317184311,-9.197944059287584,17.822688215404657,40.38450000000002,42.185499999999976,42.126299999999986,37.968535,14.572527629848285,0.612579877632,-17.35907818441235
DOGEF,Orsted A/S,25.91,USD,-0.3844675124951996,1228,0.4546800947867298,34220951323.284977,USD,Utilities,Buy,25.107532044288938,24.586291655212293,24.34965997633168,-2.04158790170132,1.0530421216848658,22.39711273194512,25.76892000000001,26.076142500000024,24.788406999999953,24.528255249999958,nan,0.21391132360000004,-211.2102162184258
CKHUF,CK Hutchison Holdings LTD,8.909,USD,-2.4232633279482982,3257,0.17183798584987786,34121867304.18128,USD,Retail trade,Strong buy,8.364856183645307,8.137911223441552,7.8785665190295555,-4.204301075268817,8.38199513381995,26.011315417256014,9.16585,8.367762500000005,8.070304999999998,6.675081794999995,22.432503419842575,0.4631517,-30.82494189772828
ZTS,Zoetis Inc.,81.32,USD,1.5611340077432247,6327418,0.6127411209925243,34091630501.000004,USD,Health technology,Strong buy,97.61090598736817,104.86174118151523,112.06764110555949,9.595687331536375,-31.63514081546869,-35.66455696202532,79.548,92.97250000000003,107.97820000000002,127.39469999999994,13.472275144546973,1.865292,8.393341354355604
TRAUF,Transurban Group,10.9,USD,8.457711442786065,894,0.3807009325895328,34010004904.862267,USD,Transportation,Buy,10.368130453955283,10.207900602126811,10.042176141618954,6.862745098039226,10.212335692618803,14.736842105263161,10.528000000000004,10.020869999999992,9.86709800000001,9.261232499999997,106.3522542775072,0.0710284172,581.7332361914556
ALC,Alcon Inc.,67.78,USD,-0.2208155454144055,2002954,0.8100704708740825,33869666050.88588,USD,Health technology,Strong buy,70.63804199597595,72.848728680756,74.86166256902587,4.3893423687047495,-12.72212207056399,-14.093789607097596,67.04800000000002,68.25399999999983,73.24840000000003,77.63679999999995,40.756449663362005,0.76081437,-26.231025787532015
VMC,Vulcan Materials Company (Holding Company),260.65,USD,-0.5456349206349232,803709,0.7994798316386149,33820609412.999996,USD,Non-energy minerals,Strong buy,278.4319884309932,282.2016841267658,285.29754164851965,-2.854906637844294,-11.237868210454623,-8.569524344043781,262.35599999999994,280.8394999999998,279.55640000000017,292.06680000000017,31.012778716417195,2.631798,19.161787015638524
KGC,Kinross Gold Corporation,28.29,USD,-1.3598326359832655,4630015,0.6560858918226697,33781089496.849457,USD,Non-energy minerals,Strong buy,30.37520618086744,30.706195954109983,30.29992196389256,-1.497214484679665,-13.591936469150893,-0.99737532808399,28.307999999999982,29.917,30.692600000000002,28.175499999999996,12.057449658574965,0.7547900992000001,146.90710442171564
NTR,Nutrien Ltd.,70.13,USD,-0.15660592255125205,1573394,0.6474486090336173,33742441468.7006,USD,Process industries,Buy,71.75218186143711,71.67149578828561,70.38691223054292,-1.5995510032271651,-4.167805411314582,13.387227162489886,70.73800000000003,72.24799999999996,73.82480000000007,64.92694999999995,14.342503224324794,2.938914848,379.8244679764949
AMKAF,A.P. Moeller-Maersk A/S,2268.655,USD,-4.4776842105263075,1,0.1694915254237288,33659532528.637154,USD,Transportation,Neutral,2339.3249546013276,2360.9562362928914,2344.6241009330092,1.3742794584208458,-2.307891053934753,-5.162907163400427,2291.7110000000002,2358.1766749999997,2414.2842899999996,2007.0122914999988,21.42777715927815,9.0421846464,-76.56680905685313
KVUE,Kenvue Inc.,17.53,USD,0.4009163802978252,13690649,0.6190650013121385,33657753251.000004,USD,Consumer non-durables,Buy,17.474320145151715,17.528949122805205,17.62513051365202,2.215743440233251,0.9211283822682794,1.5055008685582025,17.327999999999996,17.37699999999998,17.401600000000013,17.589424999999995,20.7873829005099,0.318207,53.77461706783371
ACGLN,"Arch Capital Group Ltd. - Depositary Shares, each Representing a 1/1,000th Interest in a 4.550% Non-Cumulative Preferred Share, Series G",16.6,USD,0.30211480362538196,36077,0.8322740642482266,33646218332.999996,USD,Finance,,16.92357736278698,17.002698763207913,17.093744872007772,-0.47961630695442625,-3.7681159420289774,-0.895522388059693,16.60400000000002,16.959755000000012,16.921202000000022,17.391447500000012,1.2744428151366956,2.399729,33.58322992195431
ACGL,Arch Capital Group Ltd.,96.3,USD,0.17684385727660637,1942055,0.7920408753296472,33646218332.999996,USD,Finance,Buy,95.21339066484488,95.25385128555462,95.00098237925894,2.95060936497754,-2.134146341463423,0.5534092095645831,96.30600000000004,94.78250000000003,95.32940000000006,93.41695000000001,7.393303801064083,2.399729,33.58322992195431
ACGLO,"Arch Capital Group Ltd. - Depositary Shares Each Representing 1/1,000th Interest in a Share of5.45% Non-Cumulative Preferred Shares, Series F",19.77,USD,-0.20191822311963226,19412,0.994533447411969,33646218332.999996,USD,Finance,,20.175766821007855,20.27523264885643,20.4206080715623,-2.248241012227618,-3.3251833740831285,-2.9455081001472823,19.92099999999993,20.20475999999995,20.13907600000003,20.922638000000003,1.517815328629667,2.399729,33.58322992195431
WAT,Waters Corporation,342.37,USD,0.4047039502624697,477982,0.5211846646432018,33615889687.000004,USD,Health technology,Strong buy,328.3225078548469,328.35845928333185,332.10640839951674,3.660530459004491,1.7202448154970649,-9.700646182249763,338.0259999999998,329.81649999999996,317.54400000000004,338.4172499999994,43.58236694374786,3.007879,-28.76263885740195
SHLRF,Schindler Holding AG,309.362,USD,-3.3243749999999928,49,0.3353867214236824,33410459691.863922,USD,Producer manufacturing,Buy,329.9834987449667,335.2991109990535,338.5998233934563,0,-3.234867252208288,-14.718749569268507,328.26039999999955,342.5043629999999,347.2047672000001,266.8969958400001,25.929364445765636,nan,22.836816308856616
CMXHF,CSL Ltd.,69.2701,USD,-5.819034670292315,4825,1.3211215157986966,33174279848.119717,USD,Health technology,Buy,84.46998679140161,90.67887379978444,98.38273316605932,-3.2810667411337686,-26.30840425531915,-37.23828939023286,70.38703999999981,80.6120449999999,90.67289599999998,119.89212349999997,23.15733046544345,2.353667,-43.543164122810374
DNZOF,Denso Corp.,12.025,USD,-2.9459241323648118,14871,1.4723470822359952,33108585748.291172,USD,Producer manufacturing,Buy,12.443947720599557,12.669434406208417,12.985542556033748,-4.183266932270919,6.793960923623451,-16.143654114365408,12.190999999999997,12.332500000000003,12.458900000000018,13.873797500000006,11.68456554864163,0.191738430864,6.445107151169763
TRPCF,Trip.com Group Limited,50.155,USD,-3.751679140280173,716,0.2490261547022816,33064762792.314213,USD,Consumer services,Strong buy,57.614672784407446,60.3533874880707,61.12038513975157,0,-3.7516791402801735,-34.825547397829894,55.04539999999997,65.890275,63.18536,nan,7.507933617960707,0.8805357311399999,91.5715865939764
ROP,"Roper Technologies, Inc.",326.94,USD,0.8824981486052869,1015551,0.8702054558585065,32993921401.0,USD,Technology services,Buy,342.0011711862408,351.18598829880943,368.68249214232213,1.9425649340525768,-9.933884297520661,-26.485732916601087,326.8119999999998,338.76399999999984,348.31269999999995,423.5921499999999,20.42698356169519,5.301686,15.44337213831305
KMB,Kimberly-Clark Corporation,99.14,USD,0.41527397954015655,2265825,0.5500584439751942,32908564919.999996,USD,Consumer non-durables,Buy,98.37922301656353,99.39518979758321,101.59364479981137,3.270833333333334,2.6293995859213317,-2.0258918865500517,97.68599999999994,97.497,97.68219999999991,108.74817499999993,15.588295413449899,2.015639,-13.319795017172769
Q,"Qnity Electronics, Inc.",156.93,USD,2.7297721916732236,1565186,0.6914508572927558,32851599575.0,USD,Electronic technology,Strong buy,142.63731226257707,133.68594004287687,122.04067273255745,-0.6646410938093322,14.230601252001756,92.1042967315461,151.39999999999995,149.8295,133.84640000000002,nan,50.616049541994585,1.057143,nan
EPIAF,Epiroc Aktiebolag,28.388,USD,-2.1575790997449427,953,0.10363426781791689,32800264764.46855,USD,Producer manufacturing,Buy,28.134362848783645,27.56440476911214,26.788518811993832,-5.7503320053120826,4.454052065127415,19.740172093808013,28.26679999999999,28.804254999999994,27.195567999999966,24.545318,38.36118343359024,0.2171374842,1.0397765428543881
HVRRF,Hannover Re,271.7,USD,-6.7396639607324875,111,2.2244488977955914,32761156577.81234,USD,Finance,Buy,296.2545807200412,298.89084221226,299.2554588176142,-6.7396639607324875,-16.669222511884684,-9.236679472189756,284.5270000000001,303.8997499999999,299.40566,238.56546139499994,9.87477216455093,6.31597032,36.2334498343664
LVS,Las Vegas Sands Corp.,49.43,USD,-0.04044489383216001,3827316,0.866137437850661,32754163380.000008,USD,Consumer services,Strong buy,52.575181651256955,53.637883811512864,54.65350814590952,-3.438171517874581,-13.809938971229297,-24.18711656441718,49.72200000000004,52.02999999999997,53.451600000000056,57.14819999999995,18.29588777436429,0.789851,50.562862238074025
HHUSF,Hua Hong Semiconductor Ltd,16.53,USD,10.939597315436247,510,0.47811005906065435,32676590945.64005,USD,Electronic technology,Buy,14.705844858485685,13.548270692352764,12.165451079620569,10.939597315436247,36.6115702479339,63.82556987115957,16.587480000000003,13.259140000000002,10.584106000000002,nan,413.3181148253232,0.025707,169.95400643014935
SYM,Symbotic Inc.,54.03,USD,6.045142296368986,2926894,1.4236778408265667,32564248746.000004,USD,Producer manufacturing,Buy,53.95466698213151,54.667121323644466,55.3516849215118,13.8912310286678,-16.011192289755943,-11.164090759618544,49.71999999999999,53.78649999999999,54.455800000000025,58.423500000000004,nan,0.128984,24.78134110787171
CPRT,"Copart, Inc.",33.79,USD,-1.7732558139534869,15033353,1.4832798142996593,32550190014.999996,USD,Retail trade,Buy,33.59625655658528,34.33942567199705,35.77445279072047,4.451313755795974,-0.11823825007389639,-13.679908034231714,33.55799999999995,33.31399999999996,33.265999999999906,39.86774999999997,21.051647872406704,0.382625,6.087243886318578
A,"Agilent Technologies, Inc.",114.96,USD,0.14809652408745316,2036584,0.952825904716848,32487963074.0,USD,Health technology,Strong buy,115.37764528437928,117.44382542635019,120.63087272693546,2.697873860996959,-6.43769838040206,-15.619495008807995,113.24200000000005,114.08999999999965,114.7746,129.40395,25.347268157163644,1.409501,4.230919495323235
UAL,"United Airlines Holdings, Inc.",99.96,USD,0.32115616218385507,4051488,0.7634615689380515,32443990180.0,USD,Transportation,Strong buy,96.52684792244669,97.28426751150874,98.31044066624926,6.1597281223449425,4.114154775544202,-11.225577264653642,95.85800000000003,94.64149999999987,93.8362,101.21927500000001,8.918390835363079,1.691486,2.1760137106184336
HBANZ,"Huntington Bancshares Incorporated - Depositary Shares, Each Representing a 1/1000th Interest in a Share of 5.50% Series L Non-Cumulative Perpetual Preferred St",20.41,USD,-0.1955990220048858,18171,2.2305010679301795,32271919549.0,USD,Finance,,20.843779802796075,20.950567375650245,21.06630624998066,-0.9223300970873849,-3.040380047505941,-4.9813780260707645,20.438999999999957,20.85740499999995,20.867062000000004,21.427037999999975,15.627871362940276,0.359967,0.6861460180402538
HBANP,Huntington Bancshares Incorporated - Depositary Shares 4.500% Series H Non-Cumulative Perpetual Preferred Stock,16.5684,USD,0.17170495767836344,52510,1.2822735630892756,32271919549.0,USD,Finance,,16.95335971187694,17.084082011310436,17.232761658312857,-1.729537366548037,-2.4814596821659682,-3.2219626168224327,16.63000000000003,16.881004999999984,17.040609999999994,17.68925199999998,12.686370597243492,0.359967,0.6861460180402538
HBANM,Huntington Bancshares Incorporated - Depositary Shares each representing a 1/1000th interest in a share of Huntington Series I Preferred Stock,22.07,USD,0.04533091568450392,5390,0.5037995270453419,32271919549.0,USD,Finance,,22.18470176760075,22.238361208737487,22.329282327084183,-0.18136507749851388,0.5466970387243781,-0.5407841369986525,22.158199999999958,22.326632200000013,22.09118698000001,22.678421745000083,16.898928024502297,0.359967,0.6861460180402538
HBANL,"Huntington Bancshares Incorporated - Depositary Shares, Each Representing a 1/40th Interest in a Share of 6.875% Series J Non-Cumulative Perpetual Preferred Sto",25.1,USD,0.27966440271674103,13894,0.8269844293128898,32271919549.0,USD,Finance,,25.286411653289086,25.305990770011192,25.341505593565472,-1.0642491131257374,-1.7612524461839503,-0.6727344677483109,25.093999999999976,25.383074999999998,25.232847479999986,25.498486869999923,19.218989280245022,0.359967,0.6861460180402538
HBAN,Huntington Bancshares Incorporated,15.92,USD,0.4416403785488977,14027817,0.7595623051210355,32271919548.999996,USD,Finance,Strong buy,16.078313391263237,16.230613751676845,16.395816396590817,2.9754204398447546,-6.242638398115433,-8.400460299194473,15.723999999999995,16.049499999999995,15.998400000000002,16.746400000000005,12.18989280245023,0.359967,0.6861460180402538
RVMD,"Revolution Medicines, Inc.",151.56,USD,-1.4115657321277484,1935096,0.9815931252323876,32221119878.0,USD,Health technology,Strong buy,134.36175768478253,124.982958869351,113.62221188462009,4.502516720678481,1.2627781118460712,88.76572424959521,149.45800000000003,145.669,125.61279999999992,84.57720000000005,nan,-1.934266,-76.93115869521715
MLM,"Martin Marietta Materials, Inc.",536.48,USD,-0.27696711712549194,520830,0.9521786321703396,32213422421.000004,USD,Non-energy minerals,Buy,584.4547186732522,596.7269808366034,605.9219034385459,-3.829054926143699,-13.859987154784832,-13.36616875252321,540.9720000000003,583.4300000000003,592.8566000000004,620.9171500000014,12.78977733276117,5.022292,141.1770793804119
TGOPF,3i Group,31.5075,USD,3.4644117888514887,1600,0.23693875133278047,32049206838.02597,USD,Miscellaneous,Strong buy,34.512608848903426,36.34576925355208,38.8167026571666,11.887428977272728,-16.103048861669553,-27.385342244756856,29.810099999999995,33.15865000000004,35.307610000000025,46.33656200000002,4.425029198240746,nan,5.939461368881218
WDAY,"Workday, Inc.",128.14,USD,5.162084530160026,10789758,1.9333035453371552,31998106023.0,USD,Technology services,Strong buy,128.03796923845817,134.6245166763385,147.81499192973433,4.10268908928425,-1.2788906009245185,-40.45539033457249,126.96399999999998,124.20125000000004,125.67610000000006,187.6268500000006,39.976290010607094,2.604392,76.99613473219216
EL,"Estee Lauder Companies, Inc. (The)",88.32,USD,11.924977822836139,8107744,2.240452340277205,31953727789.0,USD,Consumer non-durables,Buy,82.98905967134986,85.03793727878549,87.92139118867338,10.17964071856287,15.074918566775235,-16.375514841641817,80.31600000000003,81.04599999999998,78.11259999999996,93.53700000000006,nan,0.321742,71.24638877424681
SBGOF,Standard Bank Group Ltd.,19.7125,USD,0.03806140573458658,473,0.7558325343560244,31917171121.077415,USD,Finance,Buy,19.633253163271945,19.445959485681414,18.9836929432397,0.7538972655251586,11.056338028169007,2.7361563517915237,18.71999999999999,19.187000000000005,19.259389999999996,16.608975,10.996842504574463,0.9871110000000001,30.179182433252656
TCKRF,Teck Resources Ltd.,65.1,USD,0.4629629629629586,504,1.0132689987937273,31883837001.26863,USD,Non-energy minerals,Buy,59.54063963026692,57.24824505990395,54.505765873710594,0.4629629629629586,11.606377507286123,35.7947434292866,61.931200000000004,56.090700000000005,52.083580000000005,46.45810684,24.037720105593515,0.7170875135999999,453.8008787023556
EXPGF,Experian plc,35.59,USD,1.8020594965675132,956,1.0288420146362462,31817705275.675804,USD,Commercial services,Strong buy,35.88933197438634,36.52404425450044,37.922860791390804,1.8020594965675132,-9.566764070639039,-21.025185842671686,35.34599999999998,36.27740500000006,35.69046199999996,44.621103500000025,22.07390235830403,0.943333,25.89774235205614
FNLPF,Fresnillo Plc,43.01,USD,-3.9955357142857126,2686,0.42538365297816066,31693792384.295113,USD,Non-energy minerals,Buy,45.82681257712337,46.042461806462335,44.95025495192935,-6.824090121317155,-14.713464207812814,-11.319587628865984,44.23379999999997,46.015694999999994,45.88424400000004,39.95328699999999,22.552610242570232,1.52245,916.9016948874182
CICOF,COSCO SHIPPING Holdings Co Ltd.,1.9,USD,-1.5544041450777215,3003,0.13668265773351662,31679803591.375,USD,Transportation,Buy,1.8560129761207849,1.8462033444276849,1.8242010196284864,0,2.702702702702693,7.954545454545449,1.8040000000000003,1.87475,1.795990000000001,1.615493999999999,6.883509235615212,0.10299799999999999,-35.81608504862801
TSEM,Tower Semiconductor Ltd.,283.43,USD,1.5841726103007117,1387214,0.5024245215461596,31675178644.000004,USD,Electronic technology,Strong buy,228.6256798575227,206.15773588598506,180.99322429596566,3.877588418544982,28.01138159974708,135.23113951365258,265.254,235.75100000000006,206.33239999999995,124.33739999999993,131.64421737111007,0.758,19.213732004429676
ADDDF,adidas AG,176.74,USD,7.415263250657913,37,0.021757026931671176,31556763032.18188,USD,Consumer non-durables,Strong buy,170.08450392003272,170.1791509620369,173.69174716720636,5.648873214178981,3.9647058823529466,-9.826530612244893,170.26730000000006,168.12269499999962,162.7894759999999,188.6553374999998,19.61741014120026,2.6853744799999997,45.49031745837869
GBOOF,"Grupo Financiero Banorte, S.A.B. De C.V.",11.175,USD,-1.4984574702512112,91317,3.5579946464681886,31437023822.00249,USD,Finance,Strong buy,11.203162243373045,11.157629813129338,10.972079267625228,2.9953917050691343,-3.2467532467532467,20.810810810810818,10.9795,11.151249999999996,11.169350000000007,10.337075999999994,9.448926101379366,0.32056757388,18.936103576627687
RPRX,Royalty Pharma plc,54.5,USD,1.7740429505135442,3053873,0.8616992501663228,31385580384.0,USD,Health technology,Strong buy,50.6543080868502,48.98394284671595,46.86641265164369,2.7526395173454015,10.145513338722724,40.84507042253521,53.118000000000016,51.45149999999999,49.134200000000035,41.69679999999996,28.542997800356133,1.27574,-22.13205007952368
MTB/PJ,"M&T Bank Corporation Depositary Shares each representing a 1/400th ownership interest in a share of Perpetual 7.500% Non-Cumulative Preferred Stock, Series J",26.15,USD,-0.07642338555599207,32881,0.6410138940604695,31219158600.0,USD,Finance,,26.35124535722571,26.361689252715795,26.406207868951366,-1.5807301467820913,-0.6836308393467517,-1.6547574276043673,26.226000000000017,26.509500000000013,26.212136000000037,26.619254499999997,1.4640591670259162,4.643933,19.65606409775444
MTB,M&T Bank Corporation,213.18,USD,0.40032025620496126,718832,0.753903753388378,31219158600.0,USD,Finance,Buy,211.9833497160603,211.86725318577498,210.41513159824848,3.7170380461224166,-2.6575342465753393,6.080812101910828,209.75200000000004,211.9199999999999,210.77799999999976,203.8013000000002,11.935301461819689,4.643933,19.65606409775444
MTB/PK,"M&T Bank Corporation Depositary Shares each representing a 1/400th interest in a share of Perpetual 6.350% Non-Cumulative Preferred Stock, Series K",24.87,USD,0.26204394275348225,19812,0.6297760880898191,31219158600.0,USD,Finance,,24.998328030730434,25.036405019897025,25.089837790597254,-0.59952038369304,-1.504950495049501,-3.363058809815225,24.802999999999994,24.973000000000003,25.004999999999978,nan,1.3923958502460627,4.643933,19.65606409775444
MTB/PH,"M&T Bank Corporation Perpetual Fixed-to-Floating Rate Non-Cumulative Preferred Stock, Series H",25.29,USD,0.3173343911146303,9130,0.8878731887581445,31219158600.0,USD,Finance,,25.11484012530304,25.067937486735797,25.02644976326868,0.19809825673534356,0.8775428799361742,2.6379870129870073,25.24099999999998,25.15850499999998,25.006709999999938,24.9535190099999,1.4159103760644522,4.643933,19.65606409775444
ZM,"Zoom Communications, Inc.",105.64,USD,9.188630490956074,9632155,1.5811733545650155,31127358046.000004,USD,Technology services,Buy,97.09351289004532,93.29512868533693,90.17694311153656,6.170854271356784,13.959007551240559,22.438572090866945,99.614,101.28599999999999,89.7872000000001,85.12810000000017,15.502237875119231,1.484875,104.61506125390343
GVDBF,Givaudan SA,3373.0,USD,-3.102556736569951,8,0.7339449541284403,31125763088.32061,USD,Consumer non-durables,Buy,3471.518621418583,3547.2792828462007,3676.594144428576,-3.9851978366068885,-5.536332664460739,-14.282083862770012,3411.604159999999,3555.981964999998,3858.723662,4112.872619000001,23.160029494916213,77.49247500000001,12.447610318224356
AXON,"Axon Enterprise, Inc.",386.0,USD,-0.9850194951775023,1324664,1.2054789035458715,31112403380.999996,USD,Electronic technology,Strong buy,406.5799864346398,428.417815993915,463.5541249839222,-1.960784313725497,-5.824946630070143,-32.67872403509078,393.1980000000001,395.7524999999992,414.19580000000025,573.9318499999997,154.511248098631,1.82625,-39.52993004623242
NTRS,Northern Trust Corporation,167.77,USD,0.3949494345042167,728863,0.8036549023949117,31045381569.000004,USD,Finance,Buy,159.36720614939398,155.10447089804316,150.2161417250907,2.3861833272305604,-2.311633865144986,22.66578928127513,166.20400000000004,164.12099999999992,154.08000000000004,140.08195,17.561654733492443,2.645848,-10.832757751684747
NTRSO,"Northern Trust Corporation - Depositary Shares Each Representing a 1/1,000th Interest in a Share of Series E Non-Cumulative Perpetual Preferred Stock",18.7,USD,0.05350454788655971,24867,0.6825517945564936,31045381569.0,USD,Finance,,19.067225149924518,19.16290636089024,19.293310391229102,-2.1454735740450035,-2.45174752217007,-4.004106776180704,18.794000000000004,19.07476999999996,19.083108000000024,19.71299649999999,1.9574592806598834,2.645848,-10.832757751684747
AEE,Ameren Corporation,111.29,USD,1.320101966496725,1816627,0.9480149438249742,30799687757.000004,USD,Utilities,Strong buy,110.20361650025335,109.74241646399199,108.5569357930698,3.7475529038873967,0.3697691197691295,11.580108281531995,109.23999999999997,110.24000000000005,110.52920000000022,105.08030000000015,19.99173672486887,1.065791,23.498092111101244
DSKYF,"Daiichi Sankyo Co., Ltd.",16.4675,USD,-5.778858532398788,3083,0.17336392365914277,30696107485.960697,USD,Health technology,Strong buy,17.153768737258318,17.697865328381397,18.56199207123714,-6.646825396825394,-8.767313019390578,-27.58355321020228,16.626499999999986,16.678125,17.554180000000002,21.362152499999983,18.630254498813606,0.279717555072,-14.92784226522868
CQP,"Cheniere Energy Partners, LP",63.39,USD,-2.039870190078803,45610,0.5849813321567868,30684191524.0,USD,Utilities,Neutral,63.31598685763901,62.61201845615304,61.30315461353778,-0.17322834645669202,1.4402304368698968,17.956829177521396,64.17,64.20660000000002,64.33024,57.22841000000001,14.743231928551493,0.923497,2.81696876942943
TECK,Teck Resources Ltd,62.66,USD,-0.5396825396825451,2956881,0.9398454071669831,30678171640.894894,USD,Non-energy minerals,Buy,59.55469445014021,57.54260478802995,54.939444373100294,0.966806316467925,7.496997769771827,28.533333333333324,61.29999999999999,61.210500000000096,56.51659999999998,48.01700000000003,23.136767155399227,0.7120453632,453.8008787023556
CASY,"Caseys General Stores, Inc.",825.02,USD,0.02667313288070166,487226,1.059481538453844,30491939777.000004,USD,Retail trade,Strong buy,800.4597111659467,765.9298910583763,722.5727850683394,-4.419755088800581,4.947018940887638,49.50618850008153,842.07,844.2719999999996,773.9781999999999,623.3069249999992,47.356427402921675,3.329444,21.409257529931583
SVNDF,"Seven & I Holdings Co., Ltd.",11.75,USD,-0.423728813559328,104,0.03820018365472911,30488550598.147545,USD,Retail trade,Buy,12.319163716805136,12.699964807039938,13.073899429432432,0,-9.615384615384615,-19.795221843003418,11.933999999999997,13.073400000000007,13.462110000000004,13.88616305374999,15.439635761316305,0.0964321392,72.1380778340892
VICI,VICI Properties Inc.,28.5,USD,-0.07012622720897466,12161102,1.534733196992554,30467359313.999996,USD,Finance,Strong buy,28.382877808610942,28.440989242898674,28.668556839342028,2.2604951560818045,-0.14015416958654223,1.207386363636363,28.45799999999999,28.493000000000002,28.142399999999984,29.72324999999997,9.780706269947494,0.712019,16.249102369743866
GASNF,Naturgy Energy Group SA,31.72,USD,8.001361933946196,788,1.1885369532428356,30466857499.306396,USD,Utilities,Buy,30.135370602496966,29.49125778112661,28.784483661080806,-1.8336557059961351,7.634882931795046,-1.8336557059961351,30.68580000000001,27.88196500000003,27.772523379999992,23.760807359999994,12.421012361431835,nan,24.670464359182755
FISV,"Fiserv, Inc.",57.13,USD,2.3468290935148732,6466413,0.9410528031810151,30464803208.0,USD,Commercial services,Buy,58.0648179371918,59.539197620108794,64.51585170700446,3.2905442053878144,-9.690167562440713,-15.400562712868352,56.410000000000046,57.5325000000001,57.91440000000007,82.02900000000012,9.691428183684202,1.925436,4.271765663140754
FANDF,Firstrand Limited,5.43,USD,7.132287659070721,149,0.1259083995267872,30451966688.917324,USD,Finance,Strong buy,5.313774409067838,5.301231369435558,5.183765501762331,0,-0.9124087591241005,2.549575070821526,5.2367000000000035,5.463030000000002,4.756633999999998,4.0681795,11.520297363697697,nan,26.243283762060678
SAABF,Saab AB,56.455,USD,2.366273798730734,718,0.1845046897083387,30449422818.279587,USD,Electronic technology,Buy,59.954856556187885,62.00825051803419,62.76665551477538,7.5333333333333306,-7.888725730135424,-8.292722547108518,54.796999999999954,58.14422500000002,64.00193,61.11227500000001,44.782322770834256,0.35534832839999997,46.878278580648114
RSNHF,"Resona Holdings, Inc.",13.1875,USD,0.7640878701050594,5561,0.4551891232636757,30362531677.248596,USD,Finance,Buy,12.321845506527772,12.058565527676619,11.677145023179031,1.5884387542079825,18.379712746858164,32.67102615694166,12.84299999999999,12.396620000000002,11.958347999999994,10.323789499999997,18.41508639640925,0.20573519188800002,16.30731618820552
BMDPF,BANCA MONTE DEI PASCHI DI SIENA SPA,9.9644,USD,-1.3425742574257442,299,0.05590875093492895,30276014572.916183,USD,Finance,Strong buy,10.117682442611809,9.959796622007087,9.797655159271704,-7.307906976744191,-7.394052044609668,-11.74136403897254,10.388240000000023,10.282229999999995,9.720880000000003,14.868040499999887,5.5197647256511475,nan,12.605259972242033
EXR,Extra Space Storage Inc,143.3,USD,-0.4238760336321209,801869,0.8014626584321749,30273693426.0,USD,Finance,Buy,140.87243354085194,140.59560720081592,140.43109806205865,3.923417216621963,-0.7548999238174217,10.179916961402437,141.80800000000008,141.79874999999996,138.8667000000002,139.47047500000014,32.59781619654231,1.166316,2.1921565892554016
DTE,DTE Energy Company,145.3,USD,1.0782608695652254,1070382,0.7487374286732364,30226513359.000004,USD,Utilities,Strong buy,144.42236586209526,144.0531315741601,142.80444267384104,2.9839109788078586,0.5536332179930874,12.339570125251283,143.26399999999992,144.23850000000004,145.65079999999983,139.47305000000037,23.88035171337004,1.517893,-17.828106852497097
MTZ,"MasTec, Inc.",382.11,USD,-1.713095146230411,654200,0.6195404888460457,30193778773.999996,USD,Industrial services,Strong buy,379.1052157547215,356.18002679611226,326.0858088566392,-7.840914572379526,1.00446723586477,73.67846916049271,385.1339999999995,405.3395,364.8289999999997,256.45185000000004,66.80127969790738,2.223751,111.18289891456841
HENOF,Henkel AG & Co. KGAA,73.31,USD,1.0614833195478302,136,0.5377619612495057,30180456004.92,USD,Process industries,Buy,78.40589412741231,80.17334134720865,81.19512969944812,0,-1.425305902917846,-10.036937500766976,75.19567999999995,83.9947300000002,82.32472200000004,78.0100054800001,12.671806808184014,3.2015999999999996,16.76922631226696
RMD,ResMed Inc.,208.05,USD,-0.4450186620729153,1095745,0.846523817035992,30178983731.0,USD,Health technology,Strong buy,214.5741331820234,221.72470774904,229.85795491910017,3.744888800239363,-6.283783783783779,-13.940020682523263,207.76399999999995,207.92999999999992,218.8320000000002,250.66630000000012,20.056105037885363,2.891652,16.468686142860363
CEBCF,China Everbright Bank Co Ltd.,0.4451,USD,8.560975609756103,1124,0.08019406392694065,30093181713.746456,USD,Finance,Buy,0.4310048812336498,0.43533248323571405,0.4338318454688901,0,8.560975609756103,-10.997800439912016,0.41637999999999986,0.44862499999999994,0.440011,nan,nan,0.0250138,nan
KNYJF,Kone Oyj,58.02,USD,0.12079378774805916,346,0.18325300566707273,30064276476.36551,USD,Producer manufacturing,Buy,63.35304308116425,64.32137161783061,64.43653220804173,-3.422331713163322,-11.372489116321699,-17.35042735042735,59.58119999999995,64.0107,63.984521999999934,52.38752484,26.557554172628368,0.6442176,8.774637703086663
SWSDF,Swiss Life Holding,1055.0,USD,-6.802120141342756,196,1.4904942965779469,29871112174.453487,USD,Finance,Buy,1091.041131032286,1087.1546073646975,1068.4774291754113,-2.9885057471264367,-3.6573672435048588,-10.318094493275991,1099.0518,1102.8190099999997,1009.5718660000003,731.0784525949998,19.187471403961084,nan,17.285370040511435
DASTF,Dassault Systemes SA,22.25,USD,-0.7369998929297918,303,0.0722857074695231,29765955577.657482,USD,Technology services,Buy,21.975314597095,22.215653548403463,23.209558269333066,-3.260869565217391,3.2482598607888598,-14.455978469819305,22.64168,22.23560000000001,21.06445200000001,27.930065499999902,20.781159023033684,0.3480812,11.878404731864842
ATO,Atmos Energy Corporation,177.81,USD,0.19722754423531744,1472313,0.9494314682002916,29680014622.0,USD,Utilities,Buy,181.77718806981684,181.62227624670484,179.88652795300402,0.04501209700107608,-3.3431180691454694,6.377505234819022,177.50399999999976,182.41900000000027,184.5508000000002,174.85420000000045,21.888079176719682,1.376804,13.394751535455054
HXGBF,Hexagon AB,11.05,USD,6.198942815953882,1040,0.5312627707396813,29662376435.097656,USD,Electronic technology,Buy,10.891887782006071,10.91604594376073,11.006903512898784,0,-0.45045045045044085,-8.37479270315091,10.83499999999999,10.687509999999993,11.27152599999996,10.86489399999995,12.979514965979812,0.07816079999999999,108.26227368941825
VEOEF,Veolia Environnement,40.46,USD,3.056546102903726,1077,1.1820875864339808,29613046707.862785,USD,Utilities,Strong buy,40.59633140104601,39.98242478753042,39.041989431394924,3.030303030303024,-4.978863316110845,11.337369290038518,40.17399999999999,40.530574999999985,38.27118200000004,33.809609499999986,20.719600789357592,nan,27.298196472851348
VWSYF,Vestas Wind Systems A/S,29.75,USD,-3.2126880845872328,516,0.21929451763705907,29589851361.4928,USD,Producer manufacturing,Buy,29.37876697820759,28.63967681722741,27.561774560362032,-1.7178724810042931,-3.8461538461538503,10.266455646939782,30.586699999999997,30.166885000000015,28.80414599999999,24.68262149999997,30.31079764753977,0.168606,60.349708354468056
RJF,"Raymond James Financial, Inc.",151.46,USD,0.6913974205557908,1336502,1.0654129064715545,29516984444.999996,USD,Finance,Buy,152.28755373479865,152.82813691804256,154.29259380660983,-1.527859046876012,-2.635638981743375,-5.47338201335579,151.88599999999985,154.52949999999998,150.07500000000022,160.19725,14.319750401815261,2.918879,1.899843927628668
IMBBF,Imperial Brands PLC,38.208,USD,-1.0258004351880654,2065,0.4825217310028974,29488442680.12765,USD,Consumer non-durables,Buy,38.90017188865268,39.65352719354613,40.349163825892894,2.2150882825040017,3.733628722225841,-11.317426422801978,37.92160000000005,38.086650000000006,39.396454000000034,41.55572949999999,13.59310701967571,2.80973402,-27.3536421830961
MTSI,"MACOM Technology Solutions Holdings, Inc.",385.98,USD,1.4535418583256747,970670,0.6246538620787028,29448644600.0,USD,Electronic technology,Strong buy,321.22693126851016,293.8132716579981,264.8372291830351,1.245967001547622,33.34484902922685,120.83762444215586,371.47399999999993,335.832,281.47020000000015,198.84875000000002,167.35171696149845,1.345613,nan
SVNLF,Svenska Handelsbanken AB PUBL,14.676351,USD,1.947422895248677,8337,4.660145332588038,29404437284.62126,USD,Finance,Neutral,14.234779105848785,14.312619907406823,14.33005017333142,5.943485165668091,2.4026723416131706,0.9100041254125404,14.0842702,13.90732255,14.919139019999996,13.548075194999997,11.623912874124462,0.2934429368,-7.2011857317069055
PGPHF,Partners Group Holding Zug Namen-Akt,1135.04,USD,1.7760414191473906,11,0.39568345323741005,29402116113.725197,USD,Finance,Buy,1132.0626750514127,1139.1698990481523,1159.1492973333775,-0.874630476265341,-5.65666052971711,-8.61375576176004,1136.5375999999999,1130.3844000000001,1095.7309240000006,1244.6086305000008,18.572903293069185,29.335072500000003,28.84155422349061
ZS,"Zscaler, Inc.",182.37,USD,6.6428863809134056,4003773,1.0645589508745725,29323401080.0,USD,Technology services,Strong buy,155.58572189585183,158.75145534110513,171.89017913846828,11.63687561214495,32.738918407453255,-19.56157374735356,175.55399999999997,152.13500000000005,144.3539999999999,224.07894999999985,nan,1.008727,-313.45595353339786
NSKFF,Kongsberg Gruppen ASA,33.23,USD,-6.352158719422851,300,0.06407928743832368,29228841494.759933,USD,Producer manufacturing,Buy,35.45816460069878,36.08395908042535,35.64074289665386,0.7274931797514244,-16.58089619681186,24.22429906542055,32.90560000000001,35.36439,39.405456,32.68037180000001,38.48315308270871,0.17478623969999998,27.22572898472313
GEHC,GE HealthCare Technologies Inc.,64.23,USD,-0.15544846883257318,3182763,0.6218831719833724,29217700856.0,USD,Health technology,Strong buy,66.31680507217173,68.86816516660254,71.40052555595629,5.3123462862764415,-11.84463354378259,-22.220876725599414,63.18200000000013,62.70699999999997,68.07820000000005,75.54860000000004,15.376696751334658,1.032222,-12.171993271656852
CNC,Centene Corporation,59.14,USD,2.3714730829150032,2917631,0.5763496099271089,29203154105.000004,USD,Health services,Buy,50.37761503973316,47.16003373929732,44.722438141035006,1.772500430218553,50.215900431800875,43.61340456532297,58.51399999999997,55.546000000000014,43.830200000000005,39.00379999999998,nan,1.075354,-295.7045441010065
NTRA,"Natera, Inc.",203.19,USD,-0.24547105896214838,1036744,0.6337547141415014,29099932966.000004,USD,Health technology,Strong buy,199.07374182766597,201.00788162853058,202.23787420393896,6.9421052631578934,-2.0346174244250514,-11.251364926839917,200.0760000000002,202.12750000000008,201.3226000000002,201.54465000000005,nan,-0.475171,-11.942436229709456
WOLWF,Woolworths Group Limited,23.914,USD,5.487428319364797,150,0.23209036051369336,29091363740.960033,USD,Retail trade,Buy,23.05373919923044,22.137983596541353,21.23220221406554,0,5.487428319364798,20.777777777777782,24.006800000000023,20.910949999999993,19.907527999999946,21.283575000000024,73.72894530904057,0.3995409912,-60.61080629119613
NRG,"NRG Energy, Inc.",137.65,USD,0.5331580484954851,2147349,0.6937817694026444,29042285682.000004,USD,Utilities,Strong buy,145.6611034890701,149.63941109103615,152.5932654555413,8.07945979899498,-9.315501679952558,-14.810001237776957,131.552,142.08949999999996,150.23699999999997,158.19345,160.65592903828198,1.849012,-86.50623661332997
P,"Everpure, Inc.",87.2,USD,10.379746835443042,5092530,1.3367349504742947,28963704650.0,USD,Electronic technology,Strong buy,75.46143174552432,72.94246935923191,71.81551774167413,8.175164371666051,24.234221399059702,27.42948998977056,79.44599999999998,77.5805,69.37679999999999,74.55884999999998,160.05873715124818,0.39771,78.09741745668516
AJINF,"Ajinomoto Co., Inc.",30.94,USD,-7.448399641040976,3668,2.109015639374425,28955558934.325356,USD,Consumer non-durables,Strong buy,30.360190185687593,29.328110386134483,28.081330718934215,-6.242424242424239,6.013363028953238,34.52173913043479,33.211999999999996,31.881719999999994,27.958898000000005,17.414910794999997,35.507925954598086,0.22797144000000003,88.61698260298954
CPNG,"Coupang, Inc.",16.12,USD,2.4793388429752103,16372272,0.6978251293429271,28936436740.000004,USD,Retail trade,Strong buy,18.079154101438068,18.80790065154972,19.98572106038742,0.12422360248446938,-22.050290135396512,-31.98312236286919,15.686000000000003,17.697499999999998,18.931199999999993,24.317425000000007,nan,-0.063118,-166.3774403470716
PBA,Pembina Pipeline Corp.,49.58,USD,0.527169505271691,1713425,1.3839045861221289,28817432591.037834,USD,Industrial services,Buy,46.490572012733864,45.414957338505666,44.12690068550164,2.058460271716756,16.303072953319248,30.267997898055686,49.43800000000001,46.95699999999999,45.29559999999999,40.90619999999999,25.861385963187892,0.5197435904,-9.903483677891423
FICO,Fair Isaac Corporation,1239.91,USD,0.9616480742610678,303439,0.8416379153250221,28754637702.0,USD,Commercial services,Buy,1130.6225660385574,1170.9671311075358,1252.3636622254473,13.315542720318774,17.685415440687954,-26.67723221941656,1213.2420000000004,1103.021499999999,1078.3504000000007,1445.8893499999997,39.28751358527752,11.668289,35.934444588017406
TDY,Teledyne Technologies Incorporated,620.45,USD,2.195612070101469,280455,1.0246140457851283,28744912931.0,USD,Electronic technology,Strong buy,626.9438056003752,624.4212294539864,614.1493398927502,0.36395988353283726,-6.700651118028293,20.945419103313846,613.1660000000003,630.0769999999994,632.1563999999995,581.4849999999999,31.399768215104483,5.784436,12.958400265250475
FTS,Fortis Inc.,56.48,USD,0.44460252534234396,523294,0.829195363868503,28657950870.25516,USD,Utilities,Buy,56.188307337682694,55.97312945764051,55.28986398723196,2.690909090909085,0.6235524674861826,8.44854070660522,55.90599999999997,56.27849999999984,56.444599999999966,53.07634999999996,23.160369056413085,0.5622720896,6.121637237345439
STLA,Stellantis N.V.,7.61,USD,0.6613756613756708,24484481,1.253391459440432,28643231899.385372,USD,Consumer durables,Buy,7.648226383504061,7.813041732998245,8.175533954290884,1.399067288474356,-12.829324169530356,-32.65486725663717,7.492,7.51850000000001,7.479000000000026,9.243900000000004,nan,0.25314448,-239.01536807298166
BIIB,Biogen Inc.,193.76,USD,2.2642106929856927,892933,0.6542171931068029,28606166684.0,USD,Health technology,Buy,188.18013888188793,185.95319936333237,182.2388294618581,1.3124183006535899,2.35334513087345,10.486400182471339,190.7000000000002,191.31399999999996,185.72049999999948,169.21592499999977,20.793938678485958,3.181257,-7.97665369649806
TWLO,Twilio Inc.,187.88,USD,2.4986361156573835,1325663,0.49096120272371263,28515274450.0,USD,Technology services,Strong buy,170.03208414387186,157.87281982872875,147.11855242591773,-4.629441624365485,23.51587666820063,31.522576128806442,190.8279999999999,183.34750000000003,151.49159999999998,126.66284999999998,291.42236699239953,1.322482,nan
SAXPF,Sampo OYJ,10.72,USD,8.12991728868268,2100,0.6484283332304083,28468834798.840584,USD,Finance,Buy,10.46076175829978,10.575103588820012,10.666771589894438,0,-1.2127243908732246,-4.0715883668903805,10.142800000000024,10.691032299999984,10.588130920000028,10.926091147500015,14.893118741460336,0.18756156,60.55444627508684
MTRJF,MTR Corporation Ltd.,4.55,USD,3.1746031746031673,300,0.060500947848182954,28322944446.280964,USD,Transportation,Buy,3.7354456375662917,3.620201719829406,3.563036686874391,3.1746031746031673,22.972972972972965,3.1746031746031673,3.9520000000000004,3.5762899999999958,3.416436000000001,4.7797692000000005,15.02230293634055,0.178626,-7.152816605925228
FTI,TechnipFMC plc,70.99,USD,-0.5881529197591397,6188610,1.6582581597190542,28303847334.0,USD,Industrial services,Strong buy,70.85003453968312,68.60980981521946,64.45827680218436,-0.39287217623123494,-2.7667442816052734,59.492248932824076,72.39799999999997,73.34849999999994,71.43800000000002,52.493,27.159690871528042,0.791932,37.96780153074689
DOV,Dover Corporation,209.9,USD,1.025172065264473,566600,0.7663744227338087,28265428606.0,USD,Producer manufacturing,Buy,215.17852141045168,214.18000346105495,210.786163691681,-0.4977482815833055,-5.271233865872374,7.54175632749257,209.40599999999995,218.02600000000007,215.32820000000018,196.9820499999997,26.150549423167966,2.721553,-51.647279233257635
VRSN,"VeriSign, Inc.",310.0,USD,1.3303696924132948,896531,1.1067756524195267,28210000000.0,USD,Technology services,Buy,281.4870955965641,271.51279034784517,264.01405264009446,4.058272632674289,14.53484075962461,27.530031265427017,305.3740000000001,286.4577499999997,269.7100999999999,257.22137499999985,34.27952185595966,2.443413,10.549735339779707
KHC,The Kraft Heinz Company,23.79,USD,1.0620220900594732,11190487,0.7944670497203764,28209649902.0,USD,Consumer non-durables,Buy,23.13095531386762,23.195076309184312,23.50026432613188,3.614982578397205,7.989105764866082,-2.058460271716756,23.498000000000058,23.056000000000036,22.597199999999997,24.471299999999996,nan,0.527474,-320.42971760119667
REPYF,Repsol S.A.,25.725,USD,-1.700420328620559,548,0.791907514450867,28156044191.67453,USD,Energy minerals,Buy,25.468157007625184,24.74001292783624,23.464252788574303,-1.700420328620559,3.52112676056338,33.70582120582122,26.051000000000005,26.231739999999995,23.45394,16.38612200000001,10.025934155005398,1.4295781999999997,139.59191662570169
BRDCF,Bridgestone Corp.,22.29,USD,9.331698344573882,105768,7.116721280589966,28132820668.94594,USD,Consumer durables,Buy,21.721418148451416,21.867661527834606,21.996609095706305,14.542651593011296,11.953792064289296,-4.580479452054796,21.996499999999987,21.287874999999968,21.12695,20.50483524999998,13.479898518974581,0.40045128,24.051115531193183
CRCL,"Circle Internet Group, Inc.",113.12,USD,-1.5320334261838362,9795333,0.512266077948003,28118921687.999996,USD,Technology services,Buy,105.87671045651356,101.8953283333267,100.66566919152055,0.9099018733273954,13.176588294147075,39.930727362691734,112.40800000000002,112.01349999999994,107.48460000000003,103.85085000000001,nan,0.183643,-301.4786242365799
SKFOF,Sika Finanz Ag,175.198,USD,-1.747479165965648,52,0.20875150541951024,28111657394.777054,USD,Process industries,Buy,179.9074974656165,181.8643959014901,186.49991448939565,-0.02282609936200598,-12.16736519140914,-14.666601724221906,180.55939999999987,174.51770000000005,184.92859799999985,220.25254149999984,21.358097436021342,4.22802,-3.9856033126807584
LDSVF,Lindt & Sprungli AG,11654.0,USD,-1.6540084388185654,6,2.3076923076923075,28074842264.299503,USD,Consumer non-durables,Buy,12519.623079846717,13030.742648288517,13517.758107475973,-1.6540084388185654,-7.507936507936508,-18.32772978210099,11760.8,12646.227199999998,13771.875495999995,13405.8292215,29.35433974350965,98.46701999999999,24.430144763614557
IQV,"IQVIA Holdings, Inc.",167.9,USD,-0.07142006903940278,1791000,1.0753013545554952,28022507957.0,USD,Health technology,Strong buy,169.95321764815787,173.8386129518957,179.85538801707423,-0.7624564099533023,-5.84870745247575,-25.5135087174482,170.68199999999996,169.0499999999999,169.35,196.09419999999994,20.812157572452094,3.038006,9.947529812606458
CNP,"CenterPoint Energy, Inc (Holding Co)",42.83,USD,0.847657169766893,4955470,0.9801845266150837,28018080653.000004,USD,Utilities,Buy,42.475804805919836,42.30260289836692,41.78846477478764,2.5131641933939615,0.6343984962405921,11.740151317505871,42.35199999999995,42.568749999999866,42.81290000000004,40.231425000000016,26.227801592161665,0.368894,9.788893370982919
TPR,"Tapestry, Inc.",138.49,USD,-0.4456904607864312,1322056,0.4779097215444289,27981174869.0,USD,Retail trade,Strong buy,139.57086997156443,139.97595194120603,137.35226580240632,5.749847281612706,-8.611587699617251,7.173812103389576,135.23800000000006,137.35850000000005,142.30780000000007,126.333,44.49334961125747,1.24926,-18.09809493737501
BTGOF,BT Group Plc,2.87,USD,2.50000000000001,16380,1.4856603842037477,27956069954.143303,USD,Communications,Buy,2.9268478574982746,2.87021352563412,2.7949083566899313,-7.419354838709677,-2.3809523809523756,22.335890878090368,2.990000000000001,2.9906075000000008,2.8748129999999987,2.6431247499999997,nan,nan,nan
OTIS,Otis Worldwide Corporation,72.77,USD,1.5915119363395236,3585665,0.9125454683392596,27923016722.0,USD,Industrial services,Buy,76.24555848954918,78.62237626948749,81.28014521294313,2.276879831342221,-8.280816738089245,-16.567301077734466,71.54799999999985,74.5027499999999,77.51070000000009,86.29952500000005,19.290618455584127,1.012042,-1.0674009965906157
DXCM,"DexCom, Inc.",72.1,USD,0.27816411682891323,6727437,0.7847693524068154,27821439490.000004,USD,Health technology,Strong buy,64.81274649983378,65.09002825441115,65.91341897974289,16.68554782327237,14.154528182393918,8.209515233378356,69.49600000000001,62.32800000000002,63.4578,67.95385000000002,30.837004405286343,0.607354,75.51985586667665
IPXHF,Inpex Corp.,23.2125,USD,-7.464620291010574,29,0.030233527939949958,27794813197.355217,USD,Energy minerals,Buy,24.177170770872834,22.697365231095713,20.74587691253998,-7.464620291010574,-6.212121212121218,22.17105263157894,25.140499999999996,21.864125,17.047322,13.450421499999955,11.54731477903409,0.5728368,-14.72073477976802
IR,Ingersoll Rand Inc.,70.91,USD,0.8964143426294755,4447793,1.1465200723042404,27749697681.000004,USD,Producer manufacturing,Buy,77.11467131443763,79.46926080057787,81.09210580709158,0.538777825038984,-17.32540515331701,-11.173744206438686,70.01400000000004,74.76649999999982,79.66580000000033,81.95450000000001,47.789459495888934,0.823619,-26.64623294443346
NVZMF,NOVONESIS A S,59.6,USD,6.542724347515201,6536,4.856951772311808,27749472558.746452,USD,Process industries,Strong buy,59.59018697938714,59.601874269655724,59.98890460873365,4.232249038125222,0.7062958331925234,-3.6378334680679063,59.07800000000002,60.178005000000006,58.39576200000001,63.283733500000054,40.57304773556579,0.76297956,37.98639874940684
ICTEF,"International Container Terminal Services, Inc.",13.7375,USD,5.7747834456207885,10866,6.145232439769257,27744979103.085945,USD,Transportation,Strong buy,12.827631972893114,12.448520305836158,11.91074905766908,-0.7406069364161788,24.20886075949367,39.89307535641548,13.215000000000003,12.771249999999991,12.264219999999998,10.290033999999999,26.92099225429505,0.133728,19.539171170174356
ALPMF,"Astellas Pharma, Inc.",15.4,USD,5.949330076882068,10250,2.9612295602935226,27731675952.14523,USD,Health technology,Buy,15.653959790025347,15.584937082366281,15.14412767472285,-1.5974440894568689,-9.144542772861351,16.88804554079696,14.937050000000005,14.844512500000004,15.542854999999998,12.247077749999999,15.07313171671302,0.31561364688000004,445.72180091815505
TPL,Texas Pacific Land Corporation,402.03,USD,1.2721043881303729,288365,0.7876870983919841,27729788509.0,USD,Miscellaneous,Buy,418.48634122631415,422.2098752110913,413.85548442546377,4.728040012503901,-9.860765453689384,40.56993006993006,396.5440000000003,410.3670000000003,444.9906,363.87297019749997,55.10053040582213,2.260908,9.453803573303722
FSLR,"First Solar, Inc.",257.85,USD,3.6041465766634633,2477139,0.933720918223227,27706849922.0,USD,Electronic technology,Strong buy,222.14140953377853,218.6121027422685,218.68943351891818,9.924542780406714,36.17639292315819,-3.0128639133378434,239.98799999999997,222.08500000000004,205.64880000000016,225.56332499999996,16.658483325365346,3.201337,31.587180141120463
ARES/PB,Ares Management Corporation 6.75% Series B Mandatory Convertible Preferred Stock,41.37,USD,0.681431005110718,96402,0.614172957455389,27622557432.0,USD,Finance,,39.89954483892831,40.15864350039338,41.52803382422999,0.3395585738539912,3.012948207171317,-17.75347912524851,40.80399999999999,40.38000000000001,38.094800000000006,46.542308000000006,19.15189111615203,1.324374,24.846838515778522
ARES,Ares Management Corporation,124.41,USD,0.3387369949189465,1751004,0.7496957766321003,27622557432.0,USD,Finance,Strong buy,119.76444821433522,121.05618528576994,126.45047725776165,1.758547358089311,2.386634844868728,-23.524711089254982,123.06400000000004,121.36800000000012,113.82760000000002,146.00632499999992,57.5945558076015,1.324374,24.846838515778522
AMRZ,Amrize Ltd,49.95,USD,-1.0695187165775384,2341429,0.8952370720061603,27609161718.999996,USD,Non-energy minerals,Strong buy,53.06761650079791,54.05189643911887,54.437111490537625,2.0220588235294157,-12.552521008403351,-8.700420398464628,49.674,52.43099999999998,54.66060000000004,53.635650000000005,23.8972347143814,0.975734,-6.147007318934949
NTAP,"NetApp, Inc.",139.36,USD,12.436968010004454,6668163,2.2818433325623575,27499966590.0,USD,Electronic technology,Buy,116.99894137498907,112.74436050110198,110.2526024421092,16.22534506484301,23.98576512455517,29.456572224802606,124.69300000000001,116.59524999999982,108.17370000000004,109.9768249999998,23.311364624803453,2.271981,10.629556978422587
EIX,Edison International,71.18,USD,1.2229806598407476,1767719,0.6160292381612019,27389633145.000004,USD,Utilities,Buy,70.28657693351424,69.75427014908348,68.20689618910426,2.5796224239804095,0.650452488687794,17.90624482358789,70.07199999999993,69.5355,70.96680000000002,62.506999999999934,7.723356697988325,1.182043,30.755916236308956
PPL,PPL Corporation,36.32,USD,0.41470832181365375,6548574,0.8304915354801417,27325366401.0,USD,Utilities,Strong buy,36.92278734458203,37.12372264732366,37.06138920286278,3.1232254400908617,-5.711318795430952,3.7714285714285722,35.62200000000003,36.66250000000002,37.71499999999999,36.67422499999998,22.332902908442477,0.365847,21.429104756215946
TTNDF,Techtronic Industries Ltd.,14.95,USD,-14.326647564469916,7073,3.4981947672980858,27307805382.94655,USD,Consumer durables,Strong buy,15.323180432144113,14.98633005408861,14.489521104676443,0,4.912280701754381,31.25548726953467,15.7636,15.1446,14.269454000000001,12.49371299999999,22.824263912832354,0.383333,6.806466426099157
RDDT,"Reddit, Inc.",141.67,USD,-5.578512396694219,7849717,1.5759104588797113,27272754665.000004,USD,Technology services,Strong buy,151.78722920660655,154.87450868211934,161.83840578591597,-9.764331210191092,-12.213409344404518,-38.98268584718753,150.48399999999995,156.47450000000003,149.00360000000018,192.58894999999987,40.17069781949131,0.942871,445.5909653465347
HRSHF,HAIER SMART HOME CO LTD.,2.6125,USD,0.48076923076922046,53030,3.6506701729989466,27267564312.117737,USD,Consumer durables,Strong buy,2.693394032062274,2.789141998281614,2.8978255954849135,4.499999999999993,6.471858825447277,-22.073079791200605,2.625,2.6683749999999984,2.8868499999999977,3.0913705000000027,9.263951517190407,0.09284992239,-2.2849162378771495
SGGKF,Singapore Technologies Engineering Ltd.,8.75,USD,7.652559055118109,250473,9.358998311088525,27266998482.919254,USD,Electronic technology,Buy,8.533456788161626,8.383135610148289,8.06820488165751,0,-1.5748031496063055,32.575757575757585,8.563799999999999,8.528399999999992,7.550191999999998,4.486661635000001,76.53544089487161,nan,-30.11936284397501
GELYF,Geely Automobile Holdings Ltd.,2.4991,USD,-0.17575394447772957,47322,0.6015154192189528,27108522172.629536,USD,Consumer durables,Strong buy,2.7648513463322364,2.699853518899886,2.600423782002288,-7.440740740740752,-18.860389610389614,11.56696428571427,2.5659199999999984,2.801912499999997,2.8218450000000006,2.4193272500000003,12.316116805596417,nan,-28.896341388417373
AONNF,Aeon Co. Ltd.,9.749,USD,3.7127659574468104,20351,2.3091499114963914,27030228300.046307,USD,Retail trade,Buy,12.711750602670886,12.312760987359372,11.410325638717271,5.394594594594601,-18.75833333333333,-32.95048143053644,12.103800000000001,11.2634599635,9.175602582,nan,56.28743033285868,0.018172320000000002,133.2434240760977
CW,Curtiss-Wright Corporation,731.24,USD,0.5998239049086526,191216,0.7197235168048155,27012857810.000004,USD,Electronic technology,Strong buy,714.5673794387661,701.0417803038902,676.6543443461818,2.249877648045869,0.20829907361727537,31.849981968986654,720.0120000000004,723.7814999999997,710.3742000000003,609.3180500000002,53.558924778436975,3.574374,21.446361857320756
ANPDF,Anta Sports Products Ltd.,9.675,USD,-3.2499999999999933,114,0.07999438635885202,26856839186.628742,USD,Consumer non-durables,Strong buy,10.113570306845816,10.226190902296587,10.366776492571999,1.3386123680241386,-3.249999999999993,-3.249999999999993,10.059000000000015,10.339025000000003,10.507893999999997,10.439914999999983,14.467013683596857,0.36785,-11.406029941745045
HMRZF,Hennes & Mauritz AB,16.8,USD,-0.2967359050445146,252,0.3125775241875465,26842586687.04704,USD,Retail trade,Buy,18.493389213297682,18.312925926314513,17.751871294065708,0,-13.402061855670093,-15.15151515151515,18.444399999999995,18.486030000000007,16.169296000000006,14.817557750000008,19.85231015661204,0.30218968,33.84204487133358
DUAVF,DASSAULT AVIATION,346.68,USD,7.915953307392998,80,0.1701041888156496,26833939188.036243,USD,Electronic technology,Buy,351.49780179423163,356.8562589258727,357.721408810951,11.140319943577085,-1.5113636363636345,7.331269349845204,325.3208999999998,345.5054500000001,368.77130000000034,345.9589589999998,23.575305754607765,6.832399999999999,20.64036367599505
FE,FirstEnergy Corp.,46.31,USD,1.7802197802197852,4451940,1.0726621030045618,26787150285.999996,USD,Utilities,Buy,47.03489972191512,47.58813220896753,47.59373762710633,4.466501240694798,-5.354588187206208,3.2322781988408447,45.328000000000046,45.924099999999996,48.55724,46.66760999999993,25.167110483125917,0.587259,-2.111926800723473
NVT,nVent Electric plc,164.66,USD,0.6663813657761224,1499771,0.8107475920633639,26628891369.000004,USD,Electronic technology,Strong buy,151.46496030195485,141.89428137907834,131.82286858947526,-3.9939362136318555,18.205312275664024,60.1127965772073,161.80200000000008,161.47450000000006,139.81540000000018,112.76675000000003,55.37395749260156,1.154578,-15.083671254783255
CFG/PH,"Citizens Financial Group, Inc. Depositary Shares Each Representing a 1/40th Interest in a Share of 7.375% Fixed-Rate Non-Cumulative Perpetual Preferred Stock, S",25.84,USD,-0.15455950540957938,17071,0.636823158562289,26595044162.0,USD,Finance,,25.955722619753352,25.998105920261796,26.08055675731471,-1.298701298701298,-0.615384615384616,-2.4169184290030232,25.888000000000012,26.015505000000026,25.90510199999997,26.367448500000005,6.119307552040165,1.237186,34.463762578015526
CFG/PI,"Citizens Financial Group, Inc. Depositary Shares, Each Representing a 1/40th Interest in a Share of 6.500% Fixed-Rate Reset Non-Cumulative Perpetual Preferred S",25.37,USD,-0.4707728520988523,5718,0.28014306011464407,26595044162.0,USD,Finance,,25.279824237701035,25.27074842090762,25.28028565787294,-0.8209538702110919,0.3957261574990163,-0.11811023622046293,25.468999999999998,25.307750000000002,25.174750000000035,25.344733500000004,6.0080043574016635,1.237186,34.463762578015526
CFG,"Citizens Financial Group, Inc.",62.89,USD,0.17521503663587037,2741202,0.7603739921106124,26595044162.0,USD,Finance,Strong buy,62.47120549099337,61.96140960235668,60.826114836608454,3.0139230139230198,-4.495064540622618,7.577830995552515,62.198000000000015,63.13499999999999,61.97880000000003,57.375150000000005,14.893314703862458,1.237186,34.463762578015526
CFG/PE,"Citizens Financial Group, Inc. Depositary Shares Each Representing 1/40th Interest in a Share of 5.000% Fixed-Rate Non-Cumulative Perpetual Preferred Stock, Ser",18.56,USD,0.3243243243243174,59168,1.6584586492509075,26595044162.0,USD,Finance,,19.03527788660458,19.150642698309657,19.283473091296035,-2.2643496577145856,-2.878074306645739,-3.1820552947313665,18.651000000000064,19.07449999999999,19.070567999999938,19.72257599999999,4.3952921116820995,1.237186,34.463762578015526
BAP,Credicorp Ltd.,334.3,USD,-2.8197674418604617,454920,0.9079056162939242,26587913127.000004,USD,Finance,Strong buy,328.4708060846663,327.310773530032,320.7896631935194,10.662385381839862,-0.8923542142243014,15.774891774891778,326.24400000000026,323.0540499999999,330.12721999999997,297.3367050000003,12.843909804479042,7.414863578280001,34.10360248959235
KYOCF,Kyocera Corp.,18.85,USD,3.713892709766166,4101,1.3889923793395427,26552947113.040115,USD,Distribution services,Buy,17.348318148567508,16.624417484141873,15.676920718573621,0,20.833333333333346,33.12146892655368,18.191999999999997,16.732969999999998,13.715314000000005,13.177492249999998,29.1421332677268,0.16587744,467.2124732114064
AMADF,Amadeus IT Group SA,60.672,USD,-0.9824721741684954,2496,0.36563392660953636,26431830021.412514,USD,Technology services,Strong buy,59.57135005320002,60.44551284102588,62.5905482159348,-1.0276989331506357,4.104323953328751,-19.250425894378193,60.72360000000013,59.242370000000015,58.67414000000001,69.98351549999998,17.24453164595015,1.02247504,12.882495029332647
WNGRF,Weston George Ltd. (Canada),70.21,USD,1.4854427581051717,279,0.19476439790575997,26385257572.27359,USD,Retail trade,Buy,70.34355510849991,70.28911074530964,69.68321261607305,1.4854427581051717,0.5873925501432616,2.646198830409339,69.7924672,70.55849679999996,70.91095672000002,59.238448119,34.003126443395416,0.8591615999999999,1.9533381611682405
RYAOF,Ryanair Holdings Plc,25.3,USD,-1.3549078857588466,10890,4.9358654761365175,26350197977.37382,USD,Transportation,Strong buy,27.7316668385655,25.84184453055928,23.58499794059359,0,-29.181245626312105,-27.79989441091277,31.9428,22.472199999999994,18.851922000000005,nan,10.817976011299823,0.76942568,51.54293064963608
ES,Eversource Energy (D/B/A),70.0,USD,0.5313801522332393,2578927,1.1259092498442391,26325601196.0,USD,Utilities,Buy,69.02867320466585,69.31599978825311,69.39594992530543,4.446433900328266,3.719069491776567,3.2600678566160104,69.11399999999998,68.69849999999998,69.0072,69.22414999999992,14.973582322616526,0.944755,101.83490199464642
MDB,"MongoDB, Inc.",326.13,USD,2.718110236220471,1264179,0.7233192632182612,26253445488.000004,USD,Technology services,Strong buy,291.5613076738897,293.57467743168655,301.22540804384386,4.559007405982484,21.794823916047363,-22.809467455621302,327.48999999999944,292.18450000000024,268.5199999999999,322.38935,nan,1.187003,50.323913771920026
XYL,Xylem Inc.,110.28,USD,1.4535418583256654,1540393,0.8227479629097294,26212838526.0,USD,Producer manufacturing,Strong buy,115.81514725442426,119.40332061649914,123.61863515714576,1.8752886836027722,-8.458537395202123,-19.084305524983485,108.36800000000002,113.07450000000003,118.65280000000013,134.87969999999999,27.398077066408288,1.337197,8.283116324114927
VEEV,Veeva Systems Inc.,160.17,USD,1.2004801920768162,2019432,0.9579587348997234,26139535472.0,USD,Technology services,Strong buy,166.18517056541228,173.1254394960392,185.64836874720976,1.3670020884754108,-4.9436201780415505,-28.306700684839537,162.11199999999968,162.4115000000005,168.097,228.31650000000013,29.569118298626492,2.135394,25.105085685251066
ALMMF,Aluminum Corporation of China Ltd.,1.33,USD,-6.007067137809185,2731,0.9795201032961516,26028815617.817852,USD,Distribution services,Strong buy,1.4899752597340339,1.515156493266307,1.5026121345414307,-1.4814814814814827,-5.6737588652482165,-15.822784810126581,1.390999999999999,1.5190649999999997,1.5822220000000002,1.2142277450000003,12.933688202618965,0.1088836,2.190717551498712
MGDDF,CIE GENERALE DES ETABLISSEMENTS MICHELIN SA CLERMONT-FERRAND,37.8375,USD,0.3048578434621301,226,0.07333138648236477,26016967269.73619,USD,Consumer durables,Buy,37.31345418265781,37.15936184534951,36.95568052319533,-1.9436345966958213,-0.07262643602272127,6.352329421685048,37.75149999999998,37.8,37.303352000000004,36.02776850000001,13.822268946867348,1.4905999999999997,0.7351722615206722
CINF,Cincinnati Financial Corporation,168.1,USD,-0.16036110946131152,332122,0.5187924449079231,26002841444.000004,USD,Finance,Buy,164.21680522689653,163.50233327865442,162.68153176144685,1.009494051195774,1.173638278663851,2.9267695322067118,168.09999999999997,164.2990000000001,162.65530000000018,160.96809999999988,9.612030763072877,1.753008,90.77878017650458
SNMRF,Snam S.p.A.,7.75,USD,3.554249064671299,281,0.07950430058850158,25976036646.844658,USD,Utilities,Buy,7.19237272842531,6.781715620664699,6.324224482296528,0,5.131787783007994,17.069486404833835,7.8180000000000005,6.378055000000006,5.3942359999999985,5.3925365,17.45172280941815,nan,14.332029492695831
DOW,Dow Inc.,36.01,USD,0.278473962684493,9011923,0.920401944556707,25953898588.0,USD,Process industries,Buy,37.39362107902165,36.35474776429953,34.48229210601373,-6.394593189498313,-6.467532467532473,52.908704883227166,36.89800000000001,38.477250000000005,38.67569999999992,28.692049999999977,nan,1.175832,-1097.6005998500375
RYLPF,Koninklijke Philips N.V,27.228738,USD,2.1562917385758236,20088,3.6810760293929006,25922249769.850277,USD,Health services,Buy,27.361348570487827,27.672797955959464,27.723120732734298,4.727929383257365,-5.304521110106425,-0.9864072727272731,26.462047599999956,27.8992619,27.87028476,25.737237889999964,23.412592187958033,0.41473363999999996,nan
FTAI,FTAI Aviation Ltd.,252.13,USD,2.300576158402981,1192444,1.0119155361745178,25864244643.000004,USD,Electronic technology,Strong buy,248.96406292921853,247.53953584244135,240.21837445752956,6.021613893444344,5.936974789915965,27.319093066707058,238.504,248.22400000000016,246.18529999999998,211.37897499999988,50.1431923948928,1.681286,2363.5962763351295
FTAIM,FTAI Aviation Ltd. - 9.500% Fixed-Rate Reset Series D Cumulative Perpetual Redeemable Preferred Shares,26.9999,USD,-0.0003703703703695072,2420,0.5799046272555174,25864244643.0,USD,Electronic technology,,26.980032750666446,26.999539435339273,26.991551545949818,0.37137546468402105,0.18515769944341723,-0.552854511970528,26.883640000000014,26.913535000000035,26.944483999999953,26.877550000000028,5.3696949206475475,1.681286,2363.5962763351295
FTAIN,FTAI Aviation Ltd. - 8.25% Fixed-Rate Reset Series C Cumulative Perpetual Redeemable Preferred Shares,25.44,USD,0.03932363350374189,20572,0.3963639026006805,25864244643.0,USD,Electronic technology,,25.397370031075653,25.40246346660469,25.41930016561301,0.03932363350374189,0.355029585798816,0.11806375442739526,25.438000000000002,25.410505000000043,25.318428000000043,25.467656500000007,5.059464619545762,1.681286,2363.5962763351295
AVB,"AvalonBay Communities, Inc.",185.65,USD,0.8364564662430025,1311866,1.2063820080642735,25826153191.000004,USD,Finance,Buy,178.92308902316492,177.36155157076647,177.54347388571742,2.4162850995752168,7.467438494934879,2.580395623825846,185.36200000000042,184.2269999999995,174.36699999999885,180.75445000000062,23.042933210867975,1.277023,0.3237575802856513
KHNGF,Kuehne & Nagel International AG,217.0072,USD,-4.413904892788547,19,0.5523255813953488,25765422103.699593,USD,Transportation,Buy,227.7431726704403,227.1356707617385,224.97694306299124,-0.4554128440366919,-7.317331511061748,1.7427915045243658,225.5910400000001,227.22415499999994,223.03433200000018,238.4858174999999,24.44341831250088,2.782770696,-22.151104654245632
SMECF,SMC Corp,411.748,USD,1.2436991320170137,301,0.16982622432859398,25765197383.282513,USD,Producer manufacturing,Strong buy,438.7690285785443,432.386180556606,420.50441626414465,0.7035217666185988,-8.782206074569663,14.566980620208966,409.3091999999997,466.09107000000006,435.4124239999999,380.9128370000001,24.763848452132283,4.369024714176,2.035849978941864
EXPE,"Expedia Group, Inc.",214.65,USD,-1.5908674124335225,1550011,0.8885076422006263,25762641441.0,USD,Consumer services,Buy,231.05421831341374,234.54938570647468,236.60596496271967,-0.4129163960285731,-21.8971727977295,-24.157303370786508,216.07000000000008,231.92449999999994,237.23300000000003,238.68302500000001,18.90539814513075,5.155599,33.764137606032044
STZ,"Constellation Brands, Inc.",149.5,USD,-0.881787442816424,1403939,0.6816538300753493,25743283623.999996,USD,Consumer non-durables,Buy,150.91409634541384,151.51676539324953,151.50634739455865,3.603603603603595,-5.013024969820184,8.02023121387283,149.11199999999977,148.6470000000004,152.76560000000006,148.08030000000016,15.589805622757986,3.275606,nan
ROL,"Rollins, Inc.",53.46,USD,0.8298755186721949,2083160,0.6998884665727797,25739046479.0,USD,Commercial services,Strong buy,54.49455285049783,55.32989681142814,56.24851429906163,-0.2611940298507473,-2.3739956172388554,-10.527196652719663,53.620000000000104,54.091999999999985,54.252000000000045,57.86384999999985,48.84422110552764,0.338134,11.094194072269596
AIVAF,Aviva Plc,8.58,USD,0.775193798449621,327,0.4185867895545314,25731233741.585674,USD,Finance,Buy,8.483607140810339,8.494576015410752,8.490714974025984,0,-1.0517575422086978,-1.8306636155606424,8.472799999999987,8.413275000000004,8.635269999999997,6.7040126399999975,24.024009225219544,0.41395441000000005,22.463735987834752
FOXA,Fox Corporation,63.98,USD,-0.43572984749456617,1557642,0.46619668348433235,25702348978.0,USD,Consumer services,Buy,63.03729739434401,62.835629696502934,62.88970797782633,-1.0363495746326508,-0.8523167518983484,-12.511964993846574,64.558,64.12649999999987,61.99659999999999,63.34849999999996,16.886167489244897,1.396198,-5.790939380376943
FOX,Fox Corporation,57.24,USD,-0.6767308693388869,1212600,1.2278824708081726,25702348978.0,USD,Consumer services,Buy,56.57229494640466,56.482059860683115,56.603358567048545,-1.6663803470194103,-0.6422496094428006,-11.87066974595843,57.86600000000008,57.574499999999986,55.740699999999975,57.04912500000003,15.107287075404471,1.396507,-5.790939380376943
HRNNF,Hydro One Ltd,42.776,USD,-0.1959869342043772,140918,1.658787744666425,25656265453.37827,USD,Utilities,Buy,42.43759221855517,42.113029071475665,41.43373005856393,1.437040550154142,0.6257351211479778,7.423405323957818,42.485200000000006,42.7273,42.58102999999995,38.806944500000036,26.045244759724888,0.39971336319999995,16.242273971710603
MTSFF,"Mitsui Fudosan Co., Ltd.",9.3184,USD,-2.6798955613576902,244,0.06291091916978213,25601657899.99685,USD,Finance,Strong buy,10.601673950714142,10.83245858152888,10.909410608253667,-2.6798955613576902,-16.613870246085014,-21.92375366568915,10.22868,11.17327,11.00640799999998,9.423739371249976,14.650301399576575,0.194442585264,6.941394755002175
YZCHF,YANKUANG ENERGY GROUP CO LTD.,1.7925,USD,-6.640624999999997,3000,2.3183925811437405,25557903537.84493,USD,Energy minerals,Strong buy,1.722341952783004,1.611332134527273,1.5424422887194158,0,-1.3755158184319072,48.1404958677686,1.8524799999999992,1.5306449999999998,1.4978140000000004,1.5813805599999995,15.233362363830311,0.0838698,-48.97132005195612
NTOIF,Neste OYJ,33.0,USD,-0.6323396567299032,101,0.19092627599243855,25342990360.408592,USD,Energy minerals,Buy,31.47889571205739,30.14114363326964,27.997558941725607,-0.6323396567299032,7.667210440456775,43.840990323424286,32.72200000000002,30.664359999999988,24.594414000000057,18.833573500000004,30.61009404193563,1.0721543599999999,nan
POPMF,Pop Mart International Group Limited,19.07,USD,-0.9350649350649335,682,0.04807251760426873,25291808648.644524,USD,Consumer services,Strong buy,20.708366254759902,21.873566948266006,23.452026933002884,-4.685742846432587,-5.594059405940589,-20.541666666666668,19.629499999999997,20.11799999999999,22.075582,nan,14.245905192719547,0.6444732,308.8341222234282
KUASF,KUAISHOU TECHNOLOGY,5.7941,USD,-15.290935672514614,380,0.05597701996022685,25285422954.317787,USD,Commercial services,Strong buy,6.654435634512192,7.138307490608269,7.618728708593177,0,0.29947375709736423,-47.32636363636363,6.418819999999997,7.181044999999995,8.649631999999999,7.638906499999999,9.79825616981264,0.09459030366,20.8020264476354
EXXRF,Exor NV,78.8,USD,-0.48620319504957393,1019,0.15101441972820367,25234111756.85799,USD,Finance,Strong buy,79.35492641344293,80.16501760836684,81.7177041498955,3.684210526315786,-1.5123109611298686,-9.321058688147305,78.04350000000002,78.5628649999999,78.8308559999999,87.41928850000004,nan,nan,nan
FN,Fabrinet,703.86,USD,0.083893810343116,485013,0.5622865179943674,25219119298.0,USD,Electronic technology,Strong buy,663.6265124607069,629.5489115445064,585.2902801064781,-1.8326359832635963,0.15082527034719112,51.45242501183457,689.47,677.8254999999997,630.0832000000001,482.69455000000016,60.51950508585333,3.8076,29.62884529647794
QBEIF,QBE Insurance Group Ltd.,16.878498,USD,10.487405409651487,4679,2.356585243011836,25216889818.776955,USD,Finance,Strong buy,15.211558639861279,14.729734167327594,14.199022035157515,0,8.89353548387097,24.380972733971998,15.7999796,14.309244899999992,12.921473959999998,9.459666699999998,11.661263755453145,0.649629,35.15498019983362
WRB/PH,W.R. Berkley Corporation 4.125% Subordinated Debentures due 2061,15.55,USD,0.2902289584005155,9044,0.688264347084922,25143570915.0,USD,Finance,,15.84225448431773,16.011181609794473,16.224066120937803,-1.0814249363867678,-2.3241206030150705,-5.067155067155057,15.635000000000002,15.772995,15.887697999999999,16.925996,3.3011357605349754,1.093817,9.226452719936926
WRB,W.R. Berkley Corporation,67.54,USD,0.10374981473248465,1636069,0.89969134079756,25143570915.0,USD,Finance,Buy,66.76758933552314,67.18131558549301,67.93766925526553,1.5791848398255548,0.3939056112969165,-3.196216138741565,68.1059999999998,66.80149999999999,66.58919999999999,70.68769999999994,14.338180660227154,1.093817,9.226452719936926
NWWCF,New China Life Ins Co. Ltd.,6.33,USD,0.3201369298551459,2163,1.0596188703277323,25101400877.859375,USD,Finance,Buy,6.729340197981308,6.742608146984872,6.553142497886715,0.39651070578906195,4.1118421052631575,-12.689655172413794,6.25702,6.671804999999989,6.572501999999998,5.000179500000001,3.8997783432526196,0.544418,38.359921537182984
HUBB,Hubbell Inc,475.01,USD,3.0435159876784184,824993,1.1333565318501302,25100373390.0,USD,Producer manufacturing,Buy,496.88458246441934,496.7479504279546,490.2955296214804,-0.8805792625670402,-14.49272753456221,6.092957809394048,466.33599999999996,496.39800000000105,504.5126000000001,467.2241500000006,28.06641259712252,5.361178,14.464553828673447
TW,Tradeweb Markets Inc.,106.2,USD,0.48254328697133614,1928378,1.2130330960393616,25065962320.999996,USD,Finance,Buy,112.37727453163565,113.6256943950282,114.2574337070143,-3.7520391517128884,-7.708351438254968,-1.025163094128606,108.37399999999975,110.49600000000021,116.65719999999993,113.72742500000005,26.210573078631718,0.958583,66.45304412127186
CTSH,Cognizant Technology Solutions Corporation,52.75,USD,0.821865443425076,9236271,1.0118168768600873,24996614876.0,USD,Technology services,Buy,54.69393871142986,58.10289831056567,62.10866727405978,9.987489574645537,-11.745022586581902,-36.438125075310275,51.729,51.161750000000175,56.66050000000009,69.25379999999991,11.452950627469711,1.376474,-3.03783078250983
CAJFF,"Canon, Inc.",25.8216,USD,-0.9964917661944224,320,0.07304768644280595,24920890457.077606,USD,Electronic technology,Buy,26.669629006218415,27.316810438450627,27.97409977651598,4.540890688259113,-2.005313092979132,-13.927999999999999,26.349619999999998,26.552937500000024,28.41562499999999,30.17469875000003,11.87751419630887,0.49800960000000005,82.29760799583988
LNVGF,Lenovo Group Ltd.,2.0,USD,19.04761904761905,479774,3.2826921997966507,24809318359.365078,USD,Electronic technology,Strong buy,1.562726735361553,1.4666988832238514,1.397614406252196,37.931034482758626,40.35087719298245,68.77637130801688,1.7259999999999995,1.5908650000000022,1.3757039999999991,1.347619499999999,14.482024646711553,0.036995,30.059199238575516
EQR,Equity Residential,66.2,USD,0.6690997566909941,2034973,0.720622546818689,24803268901.0,USD,Finance,Buy,63.842668022102586,63.18790483817578,62.850739647899864,3.4536646350992357,6.860371267150928,6.225930680359439,65.88199999999999,65.43549999999999,62.38879999999999,62.504050000000014,26.700008066467696,0.439987,-3.2655768405446484
TEFOF,Telefonica S.A.,4.37,USD,-8.768267223382043,4726,0.9218045992705144,24670317212.45761,USD,Communications,Buy,4.534063500848231,4.49208630297299,4.488197940443343,-9.896907216494837,-5.920344456404726,12.454966546577456,4.626740000000001,4.4818950000000015,4.329734000000004,4.7016630000000035,nan,0.1276,-97.93986827752367
AKRBF,Aker BP Asa,38.73,USD,-0.6133080140624709,619,0.13175539047700133,24478220881.42943,USD,Energy minerals,Buy,36.682045984152765,35.3167722756596,33.44035100205682,5.617671120807186,4.675675675675667,52.41130984003304,38.5103,37.803274999999985,36.484753999999946,28.770773499999986,43.48250590906204,0.970805,-66.34150267965958
AIBRF,AIB Group PLC,11.605,USD,0.563258232235713,1745,0.6937542241482129,24454766579.021236,USD,Finance,Buy,11.104018860548416,10.911618775347801,10.64535429439249,3.063943161634109,2.8356225077536577,6.6636029411764675,11.385999999999997,11.273394999999995,10.846237999999994,9.713662500000002,10.537182695499537,0.45239999999999997,15.062575790793185
AWK,"American Water Works Company, Inc.",125.2,USD,1.0655473038424341,1121584,0.6213659531474746,24449120205.0,USD,Utilities,Buy,128.65336064489657,130.1751974421142,131.44377893697964,0.04794630014384072,-5.495169082125594,-3.8623972970897547,124.0860000000001,126.6981000000001,131.9820400000001,133.93605999999997,22.154194610089714,1.576728,2.885595688901837
OMVJF,OMV AG,74.73,USD,5.283178360101437,100,0.40096230954290296,24437563531.110455,USD,Energy minerals,Buy,69.13237477565019,66.2928309320206,62.900566057487715,0,6.680942184154185,34.64864864864866,70.98600000000003,62.36840000000001,56.658835999999994,48.274835655,8.958404802699858,2.63020256,147.01310667176105
JBHT,"J.B. Hunt Transport Services, Inc.",258.77,USD,-0.1774485977703338,839428,0.738448621692124,24401803457.000004,USD,Transportation,Buy,244.94744771149868,236.04780618813794,224.39115041909102,-0.804998658335578,2.1554616872606607,33.08817856867333,259.7739999999999,249.70600000000005,231.95159999999984,191.32287499999956,40.05913587318297,1.701695,17.295540383497958
CLPHF,CLP Holdings Ltd.,9.6268,USD,-3.004534005037797,141,0.013975201451042195,24321633090.541016,USD,Utilities,Buy,9.46401246165844,9.259162517950957,9.02703481503138,-3.004534005037797,1.3347368421052563,8.900452488687778,9.752360000000001,9.251965000000004,8.666586,8.076285000000006,18.086609828253412,nan,-11.001029259659415
WTW,Willis Towers Watson Public Limited Company,257.4,USD,-0.32141889013671565,489568,0.593796435072133,24310908229.0,USD,Finance,Strong buy,268.3335681529767,277.5585946604594,287.8851663026562,3.3901028277634837,-13.39748334566989,-21.39737991266377,256.148,259.46199999999993,277.78780000000006,312.3603499999998,15.067522873483147,3.133323,nan
PGPEF,Publicis Groupe S.A.,96.6575,USD,-0.6092544987146542,100,0.003702565507640244,24243483834.24343,USD,Commercial services,Strong buy,92.62068899855883,94.13377789323445,95.76756749824928,-0.6092544987146542,8.239081746920496,-1.8207211782630817,90.89886000000003,95.584865,98.50419200000006,82.18899325500003,12.612803659810108,4.0252,13.077308556109662
SYF/PB,"Synchrony Financial Depositary Shares Each Representing a 1/40th Interest in a Share of 8.250% Fixed Rate Reset Non-Cumulative Perpetual Preferred Stock, Series",25.66,USD,-0.1556420233463002,18820,0.7435208596713021,24161474902.0,USD,Finance,,25.86302701033728,25.86880470117202,25.87878774230441,-0.6196746707978317,-1.9113149847094801,-2.28484386900229,25.677999999999987,25.979500000000023,25.806918000000014,25.99616299999998,2.656259704768017,2.106997,32.616723638510216
SYF/PA,"Synchrony Financial Depositary Shares, each Representing a 1/40th Interest in a Share of 5.625% Fixed Rate Non-Cumulative Perpetual Preferred Stock, Series A",19.71,USD,0.25432349949135663,20007,0.4436879747186339,24161474902.0,USD,Finance,,19.86446620925906,19.786937766401078,19.724877965432874,-1.2525050100200399,-1.8426294820717006,0.5612244897959154,19.743999999999975,20.09350500000003,19.672828000000013,19.802507499999955,2.0403304279414507,2.106997,32.616723638510216
SYF,Synchrony Financial,71.83,USD,-0.2361111111111135,2991851,0.7361026638795723,24161474902.0,USD,Finance,Strong buy,72.59997438088408,72.65258299488164,72.90174625459383,1.1690140845070398,-8.204472843450482,-14.191852825229956,71.26399999999997,73.01399999999997,71.52239999999998,74.29035000000006,7.435663857891141,2.106997,32.616723638510216
UTHR,United Therapeutics Corporation,568.43,USD,0.4524007280824121,281044,0.7401818139200343,24127997481.999996,USD,Health technology,Strong buy,560.9529802069846,548.3079193409988,527.8646724439755,-0.27543859649123686,-0.915144331334542,15.989552512906311,566.4040000000001,572.0385,564.3328,476.03242500000016,20.979457161205552,7.165744,8.12927016154779
EJPRF,East Japan Railway Co.,21.31,USD,-7.70097020097021,23,0.21120293847566557,24109112202.147327,USD,Transportation,Buy,23.43667647750086,23.708719930829957,23.566743670238857,-7.70097020097021,-4.116985376827908,-22.761870242841614,22.95560000000001,24.172400000000014,23.276493999999953,20.194465141649996,15.42093542322989,0.44773195929600007,4.565579661079551
FUJIF,FUJIFILM Holdings Corp.,20.0,USD,-2.200488997555009,396,0.19997980002019997,24080852050.782772,USD,Health technology,Strong buy,19.543415619001177,19.783300618703272,20.174007995361315,0,0,4.712041884816746,19.00200000000002,19.09294999999998,21.23608999999999,21.407949549900014,nan,0.33609360000000005,nan
PPG,"PPG Industries, Inc.",107.78,USD,1.0784957329081926,1459767,0.8758469396773333,24024161070.0,USD,Process industries,Buy,107.78408419701161,108.40786303477515,108.70608051371312,4.997564539697998,-4.221096596463165,4.610307677375522,104.83200000000011,106.58749999999984,106.57220000000011,107.46735000000015,15.441481969655726,2.247801,18.227243470307247
CCOZF,"China Coal Energy Co., Ltd.",1.36,USD,-22.28571428571428,100,0.051559680329981955,23914328691.39672,USD,Energy minerals,Strong buy,1.5434094604776019,1.4838019557656985,1.4003195189972442,0,-9.333333333333327,1.492537313432837,1.6245,1.3861250000000003,1.2209102999999997,0.8668270750000004,8.929616343761236,0.10594079999999999,-20.276638937082826
XPO,"XPO, Inc.",202.92,USD,-0.31930048631920505,1136262,0.8702224621249506,23824833084.0,USD,Transportation,Strong buy,205.70277955966074,200.5752620280664,190.7107306127383,-0.28991204363422113,-12.106380213973239,49.72330849258466,203.99600000000004,207.51250000000005,204.7815999999999,161.8955499999998,69.52648530117179,1.460268,-10.196923076923074
IONQ,"IonQ, Inc.",63.64,USD,8.065885549329257,52649685,1.3740883880323131,23754897989.0,USD,Electronic technology,Strong buy,48.06867090581672,45.04131860373953,43.929570736486504,22.833429839799262,34.659331358442664,38.317757009345804,54.55,50.68900000000001,40.957599999999985,47.335975,nan,-0.539798,88.51160917997584
RF,Regions Financial Corporation,27.83,USD,0.43305665824611134,9709438,0.8198951620185082,23749553581.0,USD,Finance,Buy,27.428257351285726,27.381800303770717,27.240461700848595,4.349456317960241,-2.521891418563931,2.731635289774819,27.376000000000012,27.588999999999942,27.040200000000027,26.83194999999994,11.541013519117524,0.633193,16.40278045954817
RF/PC,"Regions Financial Corporation Depositary Shares, each Representing a 1/40th Interest in a Share of 5.700% Fixed-to-Floating Rate Non-Cumulative Perpetual Pref",24.2601,USD,-0.45096430036930507,34359,1.4149463202500525,23749553581.0,USD,Finance,,24.38361882272097,24.36674038600926,24.342288646315456,-1.0599510603588835,-1.1808553971486737,2.884223918575077,24.34402000000001,24.525505000000038,24.305902000000017,24.34941699999998,10.060587210748944,0.633193,16.40278045954817
RF/PE,"Regions Financial Corporation Depositary Shares, Each Representing a 1/40th Interest in a Share of 4.45% Non-Cumulative Perpetual Preferred Stock, Series E",16.405,USD,0.2750611246943869,38516,1.5823247635715283,23749553581.0,USD,Finance,,16.635613514625934,16.765976044749788,16.94743240316682,-0.21289537712895465,-1.8839712918660152,-5.228191796649322,16.371999999999968,16.588010000000036,16.641804000000004,17.51793998,6.803101932487352,0.633193,16.40278045954817
RF/PF,"Regions Financial Corporation Depositary Shares Each Representing a 1/40th Interest in a Share of Non-Cumulative Perpetual Preferred Stock, Series F",25.43,USD,0,27713,0.9643866315892039,23749553581.0,USD,Finance,,25.549961785460187,25.521734565330664,25.50605840600831,-1.3576415826221933,-0.4306969459671082,-0.07858546168958576,25.478000000000005,25.641080000000006,25.435430000000007,25.55642000000002,10.54574106328274,0.633193,16.40278045954817
NHYKF,Norsk Hydro ASA,12.0525,USD,-0.5774386471437433,10014,0.5057780112327771,23606214850.905632,USD,Non-energy minerals,Buy,11.20881275323021,10.720071199702657,10.057439922485914,4.215304798962393,3.7220309810671344,53.14485387547649,11.732499999999998,11.516749999999986,10.935943999999996,8.438731000000004,37.567234994520035,0.23757316635,-30.713919121245304
HLMAF,Halma PLC,62.37,USD,4.507372654155492,8304,0.25840500877531464,23557254132.533737,USD,Electronic technology,Buy,59.25676911864225,57.2839699976493,54.92654375107572,1.521933751119061,2.717391304347824,29.183927091963536,60.34860000000002,61.460024999999995,56.955459999999995,50.008543000000024,50.720753536855646,0.755434426,21.542269685951993
TERRF,Terna Rete Elettrica Nazionale SPA,11.7,USD,-3.5051546391752635,162,0.42475091767173573,23499052503.37689,USD,Utilities,Buy,11.14851885777282,10.689364784747026,10.122531329597418,-3.5051546391752635,0.5154639175257621,9.701555511799942,11.732059999999999,10.162255,8.860273999999997,7.708577269999999,17.977984132972324,nan,18.77097487258257
BNCZF,Banco BPM Societa Per Azioni,15.52897,USD,-6.055837870538426,4000,1.1578094245687158,23472690586.576878,USD,Finance,Buy,14.903403844082487,14.62647271037494,13.868921346921775,-6.055837870538426,5.999795221842996,5.639251700680272,15.554754000000003,14.8366885,11.91583982,nan,9.548391993726527,nan,23.12013494443565
EXE,Expand Energy Corporation,97.94,USD,0.35864330361716806,1467722,0.6113157060299016,23430074282.0,USD,Energy minerals,Strong buy,99.1674817913964,100.97764773524666,102.80179866533013,0.9690721649484513,2.447698744769878,-10.947444989998187,98.74399999999999,98.16149999999986,101.15579999999974,104.79742499999982,7.298443286907663,1.171128,nan
BG,Bunge Limited,120.71,USD,0.20753777187448116,1821239,1.1371096194029753,23419926144.0,USD,Process industries,Strong buy,122.61262552588572,121.0184048955351,116.99858407087382,-2.338187702265373,-4.997638910750833,35.325112107623305,121.60399999999996,124.6565000000001,124.61359999999989,103.59169999999995,28.09365326878767,1.99279,-45.54452935883299
BESVF,BE Semiconductor Industries N.V.,290.0,USD,-7.519612220167097,2,0.005543237250554323,23410128390.789467,USD,Producer manufacturing,Strong buy,277.7867727422566,257.40963990319597,232.94273716344588,-2.9938116741930054,13.50293542074364,44.27860696517413,305.42320000000007,269.64177,214.94121726,130.082712815,132.58773628718228,1.2465812399999998,-7.934851738567971
KEY/PI,"KeyCorp Depositary Shares Each Representing a 1/40th Ownership Interest in a Share of Fixed-to-Floating Rate Perpetual Non-Cumulative Preferred Stock, Series E",25.31,USD,0.15829046299960092,12154,0.49301887863963456,23375905686.0,USD,Finance,,25.127639971993624,25.093143963789267,25.063907030442692,0.5961844197138257,0.7964954201513313,2.0153164046755343,25.278999999999957,25.154424999999996,25.038069999999962,25.023656999999986,15.502878843562414,0.426551,nan
KEY/PJ,"KeyCorp Depositary Shares each representing a 1/40th ownership interest in a share of Fixed Rate Perpetual Non-Cumulative Preferred Stock, Series F",21.07,USD,-0.09483167377904018,21338,0.42331254265263696,23375905686.0,USD,Finance,,21.36422656752713,21.45121970325361,21.550512403266094,-1.3114754098360708,-2.4537037037037086,-1.079812206572772,21.173999999999968,21.32632000000001,21.380505999999954,21.90298850000002,12.905794438319246,0.426551,nan
KEY/PK,"KeyCorp Depositary Shares, each representing a 1/40th ownership interest in a share of Fixed Rate Perpetual Non-Cumulative Preferred Stock, Series G",20.88,USD,0.24003840614498662,18396,0.8240495612325803,23375905686.0,USD,Finance,,21.30831895425268,21.428646051958847,21.545715113152422,-1.416430594900853,-2.928870292887041,-2.017832003754105,21.00100000000005,21.248650000000005,21.36952200000001,21.91929449999999,12.789415656008819,0.426551,nan
KEY/PL,"KeyCorp Depositary Shares each representing a 1/40th ownership interest in a share of Fixed Rate Perpetual Non-Cumulative Preferred Stock, Series H",25.12,USD,0.15948963317385448,26772,1.095063379676782,23375905686.0,USD,Finance,,24.961061656390623,24.957737939153077,24.973789993143594,1.1679420056383516,0,-1.1023622047244,24.98799999999999,24.998250000000013,24.80573800000002,25.055861999999976,15.38650006125199,0.426551,nan
KEY,KeyCorp,21.56,USD,0.32573289902280267,6087164,0.611042173161173,23375905685.999996,USD,Finance,Buy,21.290247472950245,21.112250262479712,20.80488846957751,2.3741690408357075,-3.0139451192082847,4.507998061076101,21.290000000000024,21.52400000000001,20.96599999999998,19.87709999999999,13.205929192698761,0.426551,nan
NRSCF,"Nomura Holdings, Inc.",8.115142,USD,-2.2272048192771106,56900,2.338676531031648,23351303273.876556,USD,Finance,Buy,8.154980824947407,8.04604648328983,7.800808362668747,0,4.819710669077765,-8.303480225988691,7.988128399999996,7.839282100000001,7.136792840000003,5.363553005000001,10.822499864904492,0.185612063904,1.25774662262337
LUNMF,Lundin Mining Corp.,27.28,USD,-0.9081002542680713,106793,1.720081821988854,23311676497.006077,USD,Non-energy minerals,Buy,26.989113670405455,26.385146749200544,25.09135106969827,-4.314275692739391,-1.0518679724338018,24.28246013667427,27.52002000000001,27.131430000000016,26.363031999999993,20.780151479999983,16.265509709069967,0.30069,nan
DRI,"Darden Restaurants, Inc.",203.51,USD,3.2678743593646917,1503939,1.4750016795497531,23309017966.0,USD,Consumer services,Strong buy,199.0008892700764,199.23939335845273,199.0150765838991,4.9399267777032865,3.205030681069016,10.279614175788447,197.0659999999998,196.20349999999945,197.51899999999995,196.03430000000012,21.53339893555111,3.632782,6.63800690542279
DG,Dollar General Corporation,105.65,USD,0.5137475026163127,2435186,0.566828002069474,23266910871.0,USD,Retail trade,Buy,114.49111948714634,119.3075059075765,122.22490097679766,3.659733124018842,-15.446178471388553,-20.43529013066234,105.01599999999999,109.85499999999999,117.4723999999999,121.19604999999993,15.426060039714988,1.891305,33.925184301609335
MKL,Markel Group Inc.,1857.89,USD,0.23955326553184897,66651,0.9539137068115429,23249096896.0,USD,Finance,Buy,1873.7058053253352,1903.7323181953939,1934.6677061375115,0.7035573551013338,-5.786511156186607,-13.317594584128427,1859.2000000000003,1825.5360000000007,1886.2901999999997,1983.08185,13.446377405274506,29.24116,1.828667025329986
AER,AerCap Holdings N.V.,138.62,USD,-0.6806620333882558,819336,0.6716824623569387,23132425318.000004,USD,Finance,Strong buy,141.39059705352088,141.19731896530502,139.97004480791023,-2.2150112866817064,-2.6818309463633763,-4.472469161325897,138.69199999999998,141.89450000000014,140.4856,135.07729999999992,6.071595951101359,3.998,103.25932124924326
HPQ,HP Inc.,25.24,USD,15.251141552511417,48674187,2.674683135011125,23083246104.0,USD,Technology services,Buy,21.535493539732137,21.07545317978304,21.233839725401864,20.477326968973745,20.01902044698049,11.978704525288375,22.020000000000003,21.201999999999966,19.978200000000047,23.097450000000027,9.532442027343453,0.710672,-4.858066834351411
TELNF,Telenor ASA,16.832,USD,-2.423188405797097,200,0.08722958827634333,23032066789.036884,USD,Communications,Buy,17.062161483865324,16.982871160755828,16.73934595771718,-2.423188405797097,-3.4308663224325815,10.955833882663155,16.9964,17.52935,16.02110400000001,14.092479500000003,13.206234299916012,0.23048289165,81.25225905198887
OLCLF,"Oriental Land Co., Ltd.",14.05,USD,-1.6106442577030717,27350,1.5186429384491518,23031757495.119648,USD,Consumer services,Buy,16.486017431377878,17.79479759628328,19.378100927186935,0.3571428571428622,-16.51812240047533,-21.288515406162468,13.844000000000003,18.17220000000001,22.019896,29.101423492,30.008164185605892,0.10299744,-7.1174050403013
INSM,Insmed Incorporated,106.24,USD,-3.003743266684932,2432892,0.5295139773083721,23027780533.0,USD,Health technology,Strong buy,123.74097831916491,132.21679242574908,139.5677767047546,-1.0432190760059654,-25.388018821546453,-39.56425280163832,107.64800000000014,119.96549999999986,137.31499999999994,155.99242500000003,nan,-0.796754,3.4235749117201912
HLAGF,Hapag-Lloyd Aktien,131.0,USD,-2.2388059701492535,35,0.7070707070707071,23024597571.12489,USD,Transportation,Neutral,136.8760888893571,139.27288247800138,141.04213357018838,-2.9629629629629632,-5.755395683453237,-11.285800581315028,133.64399999999992,137.6178100000001,147.06352399999977,148.48392749999985,80.43671353832266,0.5422419999999999,-89.55509290597855
CMS/PC,"CMS Energy Corporation Depositary Shares, each representing a 1/1,000th interest in a share of 4.200% Cumulative Redeemable Perpetual Preferred Stock, Series C",16.855,USD,0,24099,1.4369447260151451,23023776381.0,USD,Utilities,,17.087739226002075,17.190636683765618,17.343872205913744,-0.6191037735849081,-2.346465816917735,-3.4650630011454777,16.887999999999998,17.1215,17.051040000000036,17.93707544999998,4.664710929067612,0.783082,6.908692822060485
CMS,CMS Energy Corporation,74.53,USD,1.2085822922324831,2153930,0.942393432468119,23023776381.0,USD,Utilities,Buy,74.80602020997829,75.01398356649464,74.76091975970182,3.198559955690947,-2.07594271449218,6.608496638535266,73.31199999999987,74.07399999999994,76.01219999999996,73.59114999999996,20.62657404588603,0.783082,6.908692822060485
NI,NiSource Inc,47.85,USD,0.2934395304967524,2489593,0.631381482596231,22941166879.0,USD,Utilities,Strong buy,47.20796392132994,46.82023952447862,46.086478521364654,2.462526766595286,1.141407736207988,14.583333333333343,47.30999999999997,47.516000000000034,47.232399999999956,44.12870000000011,23.80952380952381,0.235255,8.281249999999996
BCE,"BCE, Inc.",24.6,USD,0.8610086100861043,1755342,0.6283921643201359,22940136252.691967,USD,Communications,Buy,24.292576418729684,24.407944667890515,24.42973420254602,3.6662452591656174,2.585487906588828,3.3396345305608137,24.192000000000196,24.05550000000003,24.447800000000026,24.251049999999893,5.0712857778036575,0.4881484288,1551.9721373615198
BCEFF,BCE Inc.,15.3,USD,-0.9708737864077579,1000,1.5384615384615385,22922947935.968,USD,Communications,,14.843661546038696,14.344750094274426,13.796249372146333,0,1.3245033112582851,0.9900990099009924,15.274019999999998,13.381330000000002,12.387413999999996,nan,3.1540923739998354,0.4881484288,1551.9721373615198
RL,Ralph Lauren Corporation,377.78,USD,0.7682048546278997,885907,0.9015974095588111,22876519245.0,USD,Consumer non-durables,Strong buy,359.0901989003084,357.7389108960634,354.0361980757229,15.681170958753093,-2.90678249248246,6.416901408450697,345.6959999999998,350.86050000000034,354.56239999999985,341.61505000000017,25.00132359169843,4.211554,30.138661613986734
LPLA,LPL Financial Holdings Inc.,285.78,USD,-0.7087763185324232,845282,0.7820190806357202,22857500705.0,USD,Finance,Strong buy,304.1023149453004,310.3210208828869,319.0096594691624,-4.4214046822742565,-12.746923945898086,-20.175414094578368,288.0819999999996,307.8549999999994,306.6068999999994,339.647,25.51356563194686,5.355923,-22.47300664451827
CHD,"Church & Dwight Company, Inc.",96.25,USD,0.6378084483479709,1038271,0.5396172669459263,22805821838.0,USD,Consumer non-durables,Buy,95.33150887124556,95.2701368670145,94.74604515190572,2.1870686909438395,3.1507876969242283,15.241858237547898,96.10799999999998,94.951,94.82760000000015,91.6448999999998,31.74786423458786,0.89382,30.076800961084633
CGMBF,"China Minsheng Banking Corp., Ltd.",0.45675,USD,-7.838983050847458,7200,0.04866518823627219,22801994069.72319,USD,Finance,Buy,0.4522052869015096,0.4324342725574706,0.425257301302942,0,-7.838983050847458,0,0.49515000000000003,0.3976621000000004,0.4370800399999996,nan,5.251966771004589,0.07062719999999999,-2.447668132847926
PAAS,Pan American Silver Corp.,53.94,USD,-1.5693430656934297,2549245,0.45215430108620647,22756423477.88774,USD,Non-energy minerals,Strong buy,55.74948888119635,55.579120638938754,54.12836227792828,-4.834156669019058,-5.550691647697429,1.965973534971643,54.32600000000001,55.85099999999998,55.10559999999997,47.93070000000003,17.391625247998483,1.1220693888,268.102187123853
ICHGF,InterContinental Hotels Group Plc,153.0,USD,6.7217248462823616,106,0.559957739038563,22755235012.044632,USD,Consumer services,Buy,143.50335614707504,140.69978665190854,137.1953962091509,0,5.517241379310345,9.266202463845739,145.86270000000002,139.7358200000001,132.49407600000006,100.49447858999999,31.44783359368577,2.622,26.276993355481725
CPAY,"Corpay, Inc.",347.9,USD,0.12663328152880843,419812,0.7366949034909883,22739410033.999996,USD,Commercial services,Strong buy,326.582191104551,322.3265982587796,319.04892187153774,5.9895198635144915,5.026415094339616,15.332338803248799,347.49600000000044,326.03700000000015,313.68280000000044,308.9943499999993,20.79659507313778,6.569865,17.324402987691553
FCNCP,"First Citizens BancShares, Inc. - Depositary Shares Each Representing a 1/40th Interest in a Share of 5.375% Non-Cumulative Perpetual Preferred Stock, Series A",20.48,USD,0.5893909626719106,5893,0.6377705627705628,22711588688.0,USD,Finance,,21.000821605994926,21.096114675261795,21.17880288490669,-0.9671179883945807,-4.699860400186124,0.7874015748031503,20.474000000000036,20.999410000000033,21.191563999999982,21.520990499999986,0.11778434307910587,40.417579,-0.41648458829477975
FCNCB,"First Citizens BancShares, Inc.",1628.98,USD,1.323377935241815,2,0.034904013961605584,22711588688.0,USD,Finance,Buy,1626.453652989096,1635.5451203537516,1645.760064434818,1.9386733416770976,-3.266646476523019,-9.249025069637883,1603.3387999999977,1617.1248500000015,1628.7744079999986,1656.5886549999989,9.368571249462983,40.143234,-0.41648458829477975
FCNCA,"First Citizens BancShares, Inc.",1991.55,USD,0.1040472887387627,83433,1.4076411091333947,22711588688.0,USD,Finance,Buy,1956.6072336129148,1956.0289773119916,1957.4792207789903,3.3481575273867032,-3.3148366612778712,-6.781406364823556,1964.58,1959.4405000000006,1932.4235999999999,1942.9720500000012,11.453779709921546,40.417579,-0.41648458829477975
FCNCO,"First Citizens BancShares, Inc. - 5.625% Non-Cumulative Perpetual Preferred Stock, Series C",21.22,USD,0.28355387523628883,6301,0.5113825427098974,22711588688.0,USD,Finance,,21.5311257822415,21.650800484429613,21.790319358831255,-0.46904315196998786,-1.929520508376663,-0.09416195856873623,21.211979999999986,21.470734999999998,21.55108400000004,22.19406900000009,0.12204022266301887,40.417579,-0.41648458829477975
WSM,"Williams-Sonoma, Inc.",192.5,USD,0.2917578409919778,1001593,0.682927770542302,22665463618.999996,USD,Retail trade,Buy,184.84921170781425,186.81167776513786,188.5420361787703,14.50835762298494,-5.447222358662019,5.375520035033936,181.1219999999999,180.06150000000028,183.97240000000005,192.94635000000002,21.54665830917496,2.039747,1.1331220285261625
CLNXF,Cellnex Telecom SA,33.493956,USD,-0.5523871733966821,4282,0.19738540399011692,22569550231.340576,USD,Industrial services,Strong buy,33.45536201082422,33.34672934813447,33.28595967041713,2.4279999999999826,-1.5173301970008846,2.4045127264388717,33.54129120000001,33.141122800000005,33.24328912000001,34.23556078000001,nan,-0.0116,-911.1052053044277
FIS,"Fidelity National Information Services, Inc.",43.56,USD,-0.13755158184318012,3861063,0.5036736464050323,22515256501.0,USD,Technology services,Strong buy,45.137606105017085,47.148610493599435,50.424133578259706,4.285372276753648,-8.77486910994764,-34.49624060150376,43.34800000000001,44.5055,46.362000000000016,58.899150000000056,8.424717145343779,1.47698,223.4392593519329
LYB,LyondellBasell Industries NV,69.72,USD,-0.5136986301369855,6064079,1.3242778859611557,22504555956.0,USD,Process industries,Buy,71.4618861883473,69.34256272364443,65.90527981129742,-6.227303295225281,-2.883409945674895,59.98164295548417,71.65399999999997,73.20550000000004,73.98000000000003,56.271250000000194,nan,3.193463,-177.06509973712693
STRL,"Sterling Infrastructure, Inc.",732.94,USD,-0.11311446366026509,548251,0.9013978587791224,22490962570.0,USD,Industrial services,Strong buy,640.3590427378914,573.3335737512563,509.3800463804989,-14.544882183539507,51.5967568461984,136.8677891607149,743.552,720.135,549.5219999999999,397.82544999999993,65.52707571544796,4.984286,30.73659357613726
SGSOF,SGS SA,113.05,USD,5.654205607476633,5,0.030012004801920768,22477653296.12138,USD,Commercial services,Buy,111.78188451695111,112.52007391322309,112.68500682482747,6.968822444055443,-5.547664800735233,0.5425115617218067,110.39959999999999,108.50199500000004,112.47232999999993,103.33839550000002,25.894265265214514,2.218630572,28.31444971197185
CHWRF,China Tower Corporation Limited,1.285,USD,-8.214285714285714,250,0.38610038610038633,22462889710.5297,USD,Communications,Strong buy,1.3448460320873288,1.3503712940086918,1.3562926791525358,0,7.08333333333333,-5.424302642231552,1.3407200000000004,1.3562154499999997,1.3986461799999999,1.2054710949999994,13.86240827292991,nan,8.26064081904827
TSN,"Tyson Foods, Inc.",65.05,USD,-2.1363020911689508,2031807,0.7666018841634511,22450609741.0,USD,Consumer non-durables,Buy,64.96643931293853,64.1921025410963,62.973436018079134,-2.0478843547658476,0.8058267472493352,11.063684480109265,66.17600000000002,66.27050000000004,64.4376,59.216074999999904,49.91942291458829,1.070143,-50.367549038278426
ULTA,"Ulta Beauty, Inc.",515.04,USD,2.180339252058318,481556,0.6565483181092735,22435354340.0,USD,Retail trade,Strong buy,531.031656980298,546.9889915928476,558.7487749303776,4.951705587480123,-10.016248231039368,-15.026727380716695,494.72799999999995,514.3367499999999,526.5038999999997,567.1495000000001,20.08728515099395,6.882596,1.0463219124636425
PFG,Principal Financial Group Inc,103.85,USD,-0.06735950731332505,724130,0.6643835792395751,22432886386.0,USD,Finance,Buy,98.61530273789202,96.45230326768528,94.05625922917993,3.3436162802268883,8.143288555659682,17.597101121050834,102.82399999999998,101.03550000000004,95.0906,88.21739999999994,14.846743295019158,2.320396,49.93890806199224
KUBTF,Kubota Corp.,19.7,USD,11.362351611079694,140,0.13886133703630232,22422207177.737114,USD,Producer manufacturing,Strong buy,17.158589921603323,16.799873784923903,16.135282249053304,12.738926404944484,28.33876221498371,27.922077922077914,17.502800000000008,17.647149999999996,14.746817999999994,14.091380999999997,16.29741295225835,0.356973400752,6.047915657404658
VRSK,"Verisk Analytics, Inc.",171.11,USD,-0.28554778554777427,1660148,0.8914698398874957,22419148934.0,USD,Technology services,Buy,175.63983695478657,181.74165372813576,191.35081980893224,4.571288883456591,-6.189692982456135,-22.90258628458141,171.1199999999996,172.6664999999995,180.13480000000024,216.02642499999988,26.060799902525208,1.935066,-3.8513355201499517
L,Loews Corporation,108.87,USD,-0.2839347865909528,701288,0.8652707351743816,22402058000.000004,USD,Finance,,108.05095619238965,107.86223305685843,106.97951711529184,2.225352112676061,-2.2447696866301516,3.68571428571429,108.53999999999992,107.52450000000022,108.09559999999998,104.1363499999999,13.830381869458066,nan,29.317255881193326
CAOVF,China Overseas Land & Investment Ltd.,2.045,USD,-2.6190476190476266,525,0.2042483660130719,22382287130.588444,USD,Finance,Strong buy,1.7945993441024288,1.7460277859760047,1.721488731222879,0,29.841269841269842,39.115646258503396,1.9039999999999992,1.6983749999999997,1.7159500000000005,2.0722030000000022,12.702962278624947,0.07062719999999999,-19.213648145139434
FQVLF,First Quantum Minerals Ltd.,26.8,USD,1.5921152388172921,582047,1.0140997263894134,22356723623.011166,USD,Non-energy minerals,Strong buy,25.825090128198255,25.74355805346736,25.37151855709832,6.0965954077593,-2.7928908233587215,-2.1222668190832334,25.783999999999985,25.178649999999998,25.25093799999999,23.810440000000003,nan,0.063771,-250.44572582446048
WST,"West Pharmaceutical Services, Inc.",316.42,USD,0.09173441305792569,533751,0.750748461408085,22354311578.0,USD,Health technology,Strong buy,295.24099574677894,284.48801014910356,275.7021246556885,3.9658288155084582,14.715585686836107,14.957311534968218,309.2779999999999,307.2414999999998,277.6600000000003,264.6200999999999,42.299311543346036,2.083843,17.468318650774957
SURDF,"Sumitomo Realty & Development Co., Ltd.",23.915,USD,-21.590163934426233,303,0.4472984942426927,22333096608.57842,USD,Finance,Strong buy,29.051060001386784,28.61757076760436,27.264446261539202,0,-24.658181589061815,-7.234290147401094,29.8242,28.974062500000002,23.520764999999994,17.467468999999998,16.626553877766764,0.6332105226720001,6.534614746273809
SZKMF,Suzuki Motor Co.,11.399,USD,-0.878260869565225,131300,7.016250126912369,22331638690.79612,USD,Consumer durables,Strong buy,11.726851582007445,12.126899593350608,12.62541542925335,2.6936936936936893,-6.565573770491805,-23.85437541750168,11.181799999999999,11.473500000000003,11.819699999999997,13.750545000000006,7.9501315258488985,0.397855398672,-0.25628895570742316
HLDVF,"Henderson Land Development Co., Ltd.",4.61,USD,-1.2847965738757947,272,0.12721575230344698,22318794394.94393,USD,Finance,Buy,4.156755111768138,4.028869495543304,3.88841804805126,0,22.119205298013256,10.419161676646718,4.51,3.9955500000000006,3.65512,3.4469294999999995,31.399647672795027,0.1046238,-12.275409723381062
BABWF,International Consolidated Airlines Group SA,5.0,USD,-0.5964214711729672,1000,0.15659745059350433,22311461630.133537,USD,Transportation,Strong buy,5.131446567285394,5.173848979558134,5.159669212309069,-0.5964214711729672,-4.397705544933086,-10.778015703069237,5.171200000000001,5.261625000000001,5.130999999999999,3.2221339999999996,6.204281887626459,nan,46.96536178894944
NNGPF,NN Group NV,88.566,USD,1.2055627292569013,753,1.3285109386026819,22306160112.290424,USD,Finance,Buy,85.69156389644263,83.83488817529378,81.30193384769326,0,2.8641114982578495,15.132921676958084,87.2894,81.91024999999999,79.62810800000008,59.4547315,18.08142273510853,4.1296,-15.193361973678785
MTD,"Mettler-Toledo International, Inc.",1103.09,USD,1.1591544775092733,134510,0.5543592269221338,22290802500.000004,USD,Health technology,Buy,1180.1196882842926,1220.0852318644468,1256.3266594756544,6.417318656723616,-17.09144751181896,-21.14420925461265,1080.3639999999998,1165.387500000001,1228.9553999999998,1328.1900499999997,25.870325897296382,10.800158,6.350999802957637
FFIV,"F5, Inc.",393.63,USD,2.5879593432369057,451124,0.6801935199144669,22208308344.0,USD,Technology services,Buy,339.18336914768184,322.6895827548718,308.79309893406344,4.872915223530672,24.369668246445496,53.863893992104124,384.59800000000024,350.3750000000003,318.08320000000003,292.4298250000001,32.31242817271384,3.999417,15.690706376189487
PHM,"PulteGroup, Inc.",116.43,USD,0.1117798796216764,1294741,0.6630580897208458,22178326795.0,USD,Consumer durables,Buy,118.51325682393252,120.3818567667909,121.8513696363766,4.665587918015113,-10.321189247477474,-1.7053609117771178,114.364,117.09250000000002,119.181,125.40629999999997,11.254712421459642,2.385394,-27.02094488300071
FUWAF,"Furukawa Electric Co., Ltd.",314.99,USD,0,175,0.325157933853586,22170374761.88423,USD,Producer manufacturing,Strong buy,206.4167652282071,161.82313126250386,121.57584380068204,0,75.84435884553119,82.80424815739075,269.742,105.19001499999999,54.394306,17.410232499999992,48.54145041648146,1.25927094168,105.60044029259281
TROW,"T. Rowe Price Group, Inc.",103.39,USD,1.4124570868072561,2006052,1.0361506482669125,22153025382.0,USD,Finance,Buy,100.03873460358038,98.81682207743178,98.64550353388148,2.0531043332346246,3.3900000000000006,0.8978237532936486,102.25399999999999,102.87150000000015,96.31839999999987,101.0837500000001,11.081457663451232,2.291821,5.875944713011499
ATI,ATI Inc.,162.29,USD,1.1719967583068358,1681969,1.0866711129261395,22147784919.999996,USD,Non-energy minerals,Strong buy,155.776684072759,151.4159611861836,143.2640626780692,3.6798057880278483,0.8262922465208649,40.70573955262701,155.29800000000003,156.8875,153.70820000000006,117.16460000000005,53.51866508376204,1.015861,9.706595275134763
WRTBF,Wartsila Corp.,37.33,USD,-6.779872643276322,643,0.2708508845829823,22025572359.383038,USD,Producer manufacturing,Buy,41.0391453929628,40.20516292673867,38.15704820600068,-6.779872643276322,-14.183908045977017,0.18786902844873937,41.598,41.3798175,35.388874,18.299636195000012,29.33538762669247,0.33371692000000003,28.383384888988644
FWONA,Liberty Media Corporation - Series A Liberty Formula One,81.91,USD,-0.4859676831490775,157898,0.932030559656319,22022945788.0,USD,Technology services,Strong buy,81.87853392538122,81.66755584178965,82.16282751986154,-0.04881025015253966,1.5749007936507886,-8.367826378789578,82.402,82.12599999999995,80.51439999999995,85.54322499999995,26.307168550873588,0.297018,nan
FWONK,Liberty Media Corporation - Series C Liberty Formula One,88.56,USD,-0.7174887892376688,1594630,0.758363768452014,22022945788.0,USD,Technology services,Strong buy,89.10193823230637,88.94196001891261,89.59940925638584,-0.850873264666358,0.19232944903269794,-9.614206981016537,89.83400000000019,89.45399999999985,87.73359999999994,93.73237499999999,28.442959917780062,0.30184,nan
ILMN,"Illumina, Inc.",144.41,USD,-0.2899951667472318,906015,0.5178208288436746,21849233995.0,USD,Health technology,Buy,136.33491174347245,133.4528962187392,130.27038292937854,1.5398678104345365,8.399639693739678,9.959643645777799,142.86999999999995,138.66400000000007,131.09060000000002,121.09305000000003,26.209662782678134,1.225306,nan
