Symbol,Description,Price,Price - Currency,Price Change % 1 day,Volume 1 day,Relative Volume 1 day,Market capitalization,Market capitalization - Currency,Sector,Analyst Rating,Exponential Moving Average (8) 1 week,Exponential Moving Average (13) 1 week,Exponential Moving Average (21) 1 week,Change from Open % 1 week,Performance % 1 month,Performance % YTD,SMA 5,SMA 20,SMA 50,SMA 200,PE Ratio TTM,EPS Forecast Next Qtr,EPS Growth YoY TTM
NVDA,NVIDIA Corporation,222.44,USD,-1.2781821409550842,72688407,0.4817792956244475,5405292175704.1045,USD,Electronic technology,Strong buy,207.57501517970877,200.80926807371046,194.66592886624605,-3.2322617131422136,11.27563781890945,17.175441831063814,226.022,211.32,193.96359999999981,186.19539999999998,45.3811000489636,1.749746,66.7494471848954
GOOGL,Alphabet Inc.,401.61,USD,1.217299259035244,14014095,0.5816003570323026,4846844427799.696,USD,Technology services,Strong buy,368.830597811305,352.40033375035966,334.82139498628464,1.4974032374237112,18.94269213682809,26.730829914799635,397.8859999999997,376.1015000000001,334.80259999999964,292.3536500000002,30.63597043275282,2.878686,46.187815730487436
GOOG,Alphabet Inc.,397.71,USD,1.116139530153561,9237025,0.5862342132811774,4842000340160.159,USD,Technology services,Strong buy,366.08869660778174,350.2625584177358,333.3389935508519,1.424290723621289,18.921747450886574,25.22749456846878,394.21199999999993,373.29949999999997,332.7718,292.2781,30.33846717165938,2.878205,46.187815730487436
AAPL,Apple Inc.,295.9299,USD,-1.4322685940778879,12872143,0.28685111834002114,4346428083174.405,USD,Electronic technology,Strong buy,282.28801604023863,275.97935716748617,270.2426489056293,-1.4355515587530088,10.851775546898411,8.695854988889085,297.6079800000002,282.6929949999999,266.959598,259.5744994999999,35.79869352204681,1.884595,29.004822172630675
MSFT,Microsoft Corporation,418.72,USD,-0.7584376185058752,12277555,0.3862666585618411,3110434222271.4834,USD,Technology services,Strong buy,411.92210753400366,412.53556363775925,420.624935287867,0.5040564543228896,-1.4359022644884811,-13.556365287942436,412.60999999999996,417.43799999999965,399.2600000000002,462.5586500000005,24.938505428794354,4.239568,29.74746147782946
AMZN,"Amazon.com, Inc.",265.58,USD,0.5451654425683341,17577366,0.4872436208263564,2856873266246.042,USD,Retail trade,Strong buy,254.54817750468203,246.0999842900509,239.02740892851844,0.6499535747446517,4.155146381159664,14.800726203855788,266.57800000000026,265.39199999999994,237.75540000000026,229.57485000000005,31.738709561767273,1.817073,36.47513577870922
AVGO,Broadcom Inc.,418.03,USD,-1.6839530562807274,7120939,0.38371833123956905,1979233262341.0984,USD,Electronic technology,Strong buy,401.4904110219769,385.5537697835588,370.1751090015537,-0.8020692437293971,4.272886006485407,18.497625965558786,423.82000000000005,419.4549999999996,371.15369999999945,347.4486250000001,81.54455368289636,2.386913,147.2579945015193
TSLA,"Tesla, Inc.",411.945,USD,-2.438186813186817,25853463,0.46069653320582543,1547151536136.443,USD,Consumer durables,Buy,402.4217296066883,400.848502224152,401.71810259274014,-1.7470842178071384,4.047534855526363,-10.016382699868942,431.24099999999936,402.2922499999996,387.0838,407.9138999999998,376.34295633107985,0.443763,-39.80422349318082
META,"Meta Platforms, Inc.",607.385,USD,-1.1144033993780875,6203774,0.4603953103778924,1541800081453.97,USD,Technology services,Strong buy,619.7580807228887,624.2028340059372,632.0862054387713,-0.28238152699452923,-10.494400235779551,-8.350371571918975,611.9349999999997,631.5350000000005,621.1212000000002,672.5929000000003,22.081427730072058,7.176603,7.29342195593833
WMT,Walmart Inc.,131.96,USD,0.3879802206162186,6249117,0.40910777980638113,1051851911342.178,USD,Retail trade,Strong buy,129.50273283601996,127.6065615446367,124.44367975237168,0.33454987834549704,5.932407481737188,18.429436840924396,131.53799999999995,130.26800000000003,126.79180000000015,114.24570000000001,48.34230867860938,0.658496,13.38317757009344
BRK.A,Berkshire Hathaway Inc.,724962.44,USD,0.1576964470497463,106,0.6317044100119189,1042646487973.3004,USD,Finance,Buy,720024.4396446493,722796.6117172373,727063.6362505901,0.340822145328712,1.6777615708274816,-3.3383413333333407,726392.7079999994,713712.5145000003,718634.0252000008,735112.0838999997,14.387099917433613,7380.20015,-10.480948284775364
BRK.B,Berkshire Hathaway Inc. New,483.2,USD,0.10358400662937642,1616190,0.3502681056485535,1042083174838.5,USD,Finance,Buy,479.5849452375391,481.46243774213957,484.3375966333931,0.4302371500426066,1.6214852047361625,-3.5451932290003176,484.08799999999985,475.08049999999923,478.84000000000015,489.9074500000008,14.383863400926376,4.922593,-10.480916050876308
LLY,Eli Lilly and Company,981.99,USD,-2.281773673526246,753675,0.257773909425771,924780615808.8385,USD,Health technology,Strong buy,962.3731586649685,964.0336133442989,963.1720544722141,-1.8608648724278194,6.993898452821972,-8.77090301003345,999.8459999999995,947.5499999999998,940.0072000000017,922.7076499999989,35.3475396853965,8.810305,130.14091274344932
JPM,JP Morgan Chase & Co.,299.935,USD,0.7135421913300426,2030675,0.26207402154859094,803679267548.8691,USD,Finance,Buy,301.97258514154447,302.2737691744577,302.5993416748261,0.6493288590604034,-4.011585112170776,-6.996899224806201,300.5569999999997,307.3562500000001,300.4812999999999,305.3440250000005,14.366491996129785,5.426337,2.4753228521923547
JPM/PC,"J P Morgan Chase & Co Depositary Shares, each representing a 1/400th interest in a share of 6.00% Non-Cumulative Preferred Stock, Series EE",24.9485,USD,0.1545564030509799,93884,0.679322992453816,797985305712.0,USD,Finance,,25.097532603205874,25.12495070865588,25.157947316296543,-0.08610332398878506,-1.4672195892575082,-0.840620031796506,24.99969999999998,25.17817499999999,25.12787000000001,25.295102999999948,1.1950003352907927,5.426337,2.4753228521923547
JPM/PD,"J P Morgan Chase & Co Depositary Shares, each representing a 1/400th interest in a share of 5.75% Non-Cumulative Preferred Stock, Series DD",24.065,USD,-0.14522821576763545,58188,0.5308789866331408,797985305712.0,USD,Finance,,24.41880616747622,24.53381727797838,24.644927867917772,-0.18664454583159748,-2.570850202429142,-3.5857371794871775,24.19700000000001,24.484749999999934,24.55970000000003,24.920798500000036,1.1526818473564715,5.426337,2.4753228521923547
JPM/PK,"J P Morgan Chase & Co Depositary Shares, each representing a 1/400th interest in a share of 4.55% Non-Cumulative Preferred Stock, Series JJ",18.5501,USD,-0.2682795698924782,67975,0.5939534274105466,797985305712.0,USD,Finance,,18.887175971712196,19.001352971780136,19.135281019010517,-0.5889603429796337,-3.485431841831417,-4.724704673857208,18.692019999999996,18.95450499999998,18.997201999999962,19.540512499999984,0.8885253910927605,5.426337,2.4753228521923547
JPM/PL,"J P Morgan Chase & Co Depositary Shares, each representing a 1/400th interest in a share of 4.625% Non-Cumulative Preferred Stock, Series LL",18.8,USD,-0.3181336161187631,99385,0.9408901179319636,797985305712.0,USD,Finance,,19.164951890312945,19.290772775537995,19.434196248907202,-0.686740623349176,-3.7871033776867886,-4.568527918781719,18.95800000000005,19.23650000000001,19.30289999999995,19.864333,0.9004952723998199,5.426337,2.4753228521923547
JPM/PM,"J P Morgan Chase & Co Depositary Shares, each representing a 1/400th interest in a share of 4.20% Non-Cumulative Preferred Stock, Series MM",17.38,USD,-0.28686173264486925,147716,1.1467538426066455,797985305712.0,USD,Finance,,17.726723500142636,17.854864293229856,18.001328639086424,-0.5720823798627084,-3.6051026067665117,-5.234460196292262,17.506000000000032,17.787999999999997,17.83660600000002,18.42712399999999,0.8324791401228121,5.426337,2.4753228521923547
JPM/PJ,"J P Morgan Chase & Co Depositary Shares, each representing a 1/400th interest in a share of JPMorgan Chase & Co. 4.75% Non-Cumulative Preferred Stock, Series GG",19.34,USD,-0.2063983488132051,45758,0.9053138070346907,797985305712.0,USD,Finance,,19.702334479657456,19.82734734003756,19.975427166959566,-0.5655526992287889,-3.7332005973120954,-4.682109413504186,19.503999999999955,19.79180000000004,19.829620000000062,20.426523000000078,0.9263605621389636,5.426337,2.4753228521923547
MU,"Micron Technology, Inc.",696.015,USD,-3.9528882510418653,28241392,0.513414985028837,784919757038.4124,USD,Electronic technology,Strong buy,593.1432872060847,533.9507214015782,469.68330991958084,-7.254883671348246,49.087501338759765,135.83735705209656,753.3790000000001,618.0442500000001,492.7518999999998,310.06142500000004,32.85988112155533,19.407871,409.11691183540046
AMD,"Advanced Micro Devices, Inc.",421.04,USD,-0.7215279415232262,14696892,0.3340023276931212,686548080583.2255,USD,Electronic technology,Strong buy,359.3458136495507,322.198425964811,288.171990181095,-1.919674039580909,49.836298932384345,92.3435358611238,437.7260000000001,379.0164999999999,283.7848,225.4125,138.18635334274182,1.599965,123.34701656648583
XOM,Exxon Mobil Corporation,160.2401,USD,1.469161600810553,6588402,0.39398710934656694,664186756637.4746,USD,Energy minerals,Buy,154.00089778150303,151.71333696883073,146.92571948385367,1.859390395067231,10.617216622946291,33.43334166042136,154.62801999999996,151.45150500000014,155.14240200000006,130.11035049999992,27.03972258314912,3.495504,-21.597914957796423
V,Visa Inc.,329.645,USD,1.1957022256331487,1789650,0.28142259424095195,621092340700.1799,USD,Finance,Strong buy,320.1305609408573,319.24461449741085,321.24848125714004,1.6074345775668015,4.120341124447239,-5.78071855260526,324.9290000000001,320.3732500000003,312.0971000000003,331.1348749999998,28.980034989318586,3.223037,15.69616648189022
ASMLF,ASML Holding N.V.,1484.248,USD,-1.3814915218200126,124,0.18378538609752482,566960168170.4666,USD,Electronic technology,Strong buy,1467.9877357846565,1431.354075085649,1368.3222500001684,-1.943104792357599,1.7884060157594774,31.933155555555558,1533.0136000000007,1477.4619749999988,1420.81355,1159.8975044999997,49.671985911284715,7.990007686139999,24.817063462931433
JNJ,Johnson & Johnson,227.61,USD,0.39698292973402394,1712192,0.24656363113862356,547906686931.07184,USD,Health technology,Strong buy,229.3616103580906,229.71678365821657,226.22801885944955,0.39698292973402394,-2.880184331797235,10.052219321148835,227.96000000000055,226.36974999999993,234.2561000000001,209.50987500000056,26.31694570345019,2.848954,-3.8584243933347526
INTC,Intel Corporation,106.74,USD,-1.8663234347706181,75909690,0.5059133457379225,536475223442.88605,USD,Electronic technology,Buy,91.70995941839989,80.24440845493707,68.9098656222494,-5.9310831056666995,55.032679738562095,182.60524225575853,114.468,99.62349999999996,70.76619999999998,45.22295000000004,nan,0.209112,85.99601994499474
ORCL,Oracle Corporation,185.75,USD,-3.7315366675304427,9974866,0.4825625926317948,534225517185.7489,USD,Technology services,Strong buy,177.025248176337,173.76542813916691,176.6731164815047,-2.236842105263158,1.5415732793964867,-5.935078746138654,190.18000000000006,182.45750000000015,164.62860000000012,209.26285000000016,33.35009066915633,1.952008,30.860861801607076
TCTZF,Tencent Holding Ltd.,57.25,USD,-4.071715817694369,4968,0.7219461156160084,517268167398.8338,USD,Technology services,Strong buy,61.1687570619184,63.329283678915026,66.0470528584506,0.09091226965977761,-13.296986218385584,-28.258145363408516,59.173599999999944,60.86177500000001,63.81023000000002,74.28318917500002,16.09679942284508,1.08868849349,20.382521282675853
COST,Costco Wholesale Corporation,1064.53,USD,1.485294818628145,723290,0.40146734931306116,472281402428.6481,USD,Retail trade,Buy,1024.4402970798976,1010.9782152279549,995.3195666276275,1.3838095238095212,8.0741116751269,23.618691501962516,1041.938,1015.3460000000001,1002.7762000000001,955.1268249999999,55.362668566643954,4.98004,12.251891462731184
CSCO,"Cisco Systems, Inc.",116.63,USD,-1.3366043481938907,8546165,0.27955246953964036,460676024767.40814,USD,Electronic technology,Strong buy,99.22568351149674,93.32322016108098,87.98323213175063,-1.826599326599328,36.90574011034159,52.1690912649227,110.30600000000004,96.13449999999995,86.67709999999995,76.89250000000001,37.985278791037,1.153165,25.836065573770483
MA,Mastercard Incorporated,498.9925,USD,0.9697490894374784,980873,0.2786651930632771,440901740072.9347,USD,Finance,Strong buy,500.4544297180441,505.78829669623394,514.7519585984636,1.526480701540214,-4.315915627996163,-12.5663647036148,494.7165,501.3621250000003,502.4624499999994,544.7209625,28.87855199953701,4.766764,21.205106621773286
CAT,"Caterpillar, Inc.",863.745,USD,-2.7653634429422094,1002799,0.42385469090277084,397872925137.36005,USD,Producer manufacturing,Buy,836.2044046802504,799.7775433862486,750.548958849397,-3.3106837415483863,10.66418111234962,49.54292837479873,897.3429999999993,871.2249000000004,785.7887600000004,617.1686399999995,42.9711053401391,6.120328,-2.04958774340682
CVX,Chevron Corporation,194.53,USD,1.7948717948717985,3480911,0.38180356021563533,387425528190.8231,USD,Energy minerals,Strong buy,190.00350080901697,188.08036410311365,183.5452254843427,1.7575979494690661,6.9492550442575265,27.84148785857458,188.84399999999988,187.87850000000012,193.13699999999963,168.4351500000001,33.75791757049891,4.774168,-33.93295269542089
NFLX,"Netflix, Inc.",88.925,USD,2.189151919099059,17106266,0.4833936666936498,374445227925.96124,USD,Technology services,Strong buy,90.98281498704254,91.89606388290116,93.5927288458318,2.8094109486097376,-7.725433226107716,-5.529586741740144,87.62099999999992,89.9492499999999,94.25029999999983,102.42911500000005,28.734610786182827,0.787837,46.23854078064454
ABBV,AbbVie Inc.,209.22,USD,-0.5561100812776214,1235449,0.23493777514574063,369648398310.37933,USD,Health technology,Strong buy,208.36162000227793,210.62221132024902,213.04686911894706,-0.5466558919998126,-0.20986358866736513,-8.533706391536246,209.34800000000018,204.76199999999992,209.33519999999996,218.88659999999993,103.19112207151666,3.765262,-13.546819034623924
BAC,Bank of America Corporation,50.495,USD,1.45670082378942,11175083,0.35871245954736547,358342332112.048,USD,Finance,Strong buy,51.00709206766915,51.121608487041826,51.23628602494246,1.5587288817377285,-6.766986706056128,-8.240959476649106,50.146999999999885,52.01225000000004,50.56989999999997,51.62175000000006,12.529154880651085,1.098264,20.322436184505147
BAC/PM,"Bank of America Corporation Depositary Shares, each representing a 1/1,000th interest in a share of 5.375% Non-Cumulative Preferred Stock, Series KK",21.7626,USD,0.011948529411753185,22247,0.4357082143542619,353197304074.0,USD,Finance,,21.96666382148233,22.053624313059913,22.154401820859633,-0.07988980716254399,-2.102564102564109,-1.3034013605442252,21.866540000000047,22.014139999999948,21.981353999999975,22.47953550000007,5.399880899210958,1.098264,20.322436184505147
BAC/PQ,"Bank of America Corporation Depositary shares, each representing 1/1,000th interest in a share of 4.250% Non-Cumulative Preferred Stock, Series QQ",16.81,USD,-0.2373887240356243,84785,0.42142196424337647,353197304074.0,USD,Finance,,17.081090632465084,17.182947312632052,17.29735950301003,-0.5913660555884177,-3.8329519450801013,-4.81313703284259,16.894999999999996,17.14799999999996,17.18884400000002,17.644327854999997,4.171008882933849,1.098264,20.322436184505147
BAC/PK,"Bank of America Corporation Depositary Shares, each representing a 1/1,000th interest in a share of 5.875% Non- Cumulative Preferred Stock, Series HH",24.62,USD,-0.040600893219642754,23006,0.5714668958562067,353197304074.0,USD,Finance,,24.776716322404862,24.797712230943677,24.811131093834515,-0.08116883116882943,-1.3226452905811554,0.12200081333876021,24.763625400000013,24.886361349999962,24.790456540000065,24.901398634999936,6.10887797131656,1.098264,20.322436184505147
BAC/PP,"Bank of America Corporation Depositary Shares, each representing a 1/1,000th interest in a share of 4.125% Non-Cumulative Preferred Stock, Series PP",16.52,USD,-0.12091898428052948,7619,0.18133050274649432,353197304074.0,USD,Finance,,16.717237252123844,16.801803120496228,16.895949600089082,-0.42194092827004387,-2.5943396226415167,-4.2873696407879605,16.601999999999986,16.72937999999999,16.804949999999998,17.173994500000003,4.099052156220535,1.098264,20.322436184505147
BAC/PN,"Bank of America Corporation Depositary shares, each representing 1/1,000th interest in a share of 5.000% Non-Cumulative Preferred Stock, Series LL",20.25,USD,0.04940711462451366,22442,0.31776913099870296,353197304074.0,USD,Finance,,20.471902759505134,20.574652243757193,20.679830109536525,-0.1971414489896459,-2.5036109773712063,-2.784445511281797,20.335999999999995,20.508294999999904,20.540217999999978,20.97246471999997,5.024564537740063,1.098264,20.322436184505147
BML/PG,"Bank of America Corporation Depositary Shares (Each representing a 1/1200th interest in a share of Floating Rate Non-Cumulative Preferred Stock , Series 1)",19.335,USD,-0.18069179143004718,3803,0.45802721907744187,353197304074.0,USD,Finance,,19.296066643324654,19.308349920059808,19.39285298383663,0.44155844155844604,-0.7443531827515378,4.457050243111827,19.414999999999964,19.32550000000002,19.254748000000063,19.79032450000012,4.797528658627364,1.098264,20.322436184505147
BML/PH,Bank of America Corporation Depositary Shares (Each representing a 1/1200th interest in a Share of Floating Rate Non-Cumulative Pref,19.25,USD,0.3126628452318849,7944,0.34492340824620515,353197304074.0,USD,Finance,,19.285246138748295,19.299406264289743,19.364809271816778,-0.15560165975104323,-1.5848670756646153,3.8295577130528633,19.42199999999997,19.328614999999985,19.276046000000004,19.71097449500003,4.776437893901047,1.098264,20.322436184505147
BAC/PL,Bank of America Corporation Non Cumulative Perpetual Conv Pfd Ser L,1198.16,USD,0.18060200668897006,6597,1.116659331730932,353197304074.0,USD,Finance,,1210.128910021658,1215.5158993449118,1222.315543929974,0.11363636363637428,-1.8014326224859456,-4.208506555804275,1204.4319999999975,1219.233749999999,1211.5426999999975,1244.2935619999937,297.29541958215475,1.098264,20.322436184505147
BAC/PS,"Bank of America Corporation Depositary shares, each representing 1/1,000th interest in a share of 4.750% Non-Cumulative Preferred Stock, Series SS",18.95,USD,0,24475,0.5282925197232805,353197304074.0,USD,Finance,,19.218091221691996,19.32865489092736,19.44806155823777,-0.36803364879074807,-3.8559107052257815,-3.904665314401621,19.02600000000002,19.291500000000013,19.35900400000003,19.808856499999997,4.7019999007493425,1.098264,20.322436184505147
BAC/PO,"Bank of America Corporation Depositary shares, each representing 1/1,000th interest in a share of 4.375% Non-Cumulative Preferred Stock, Series NN",17.3094,USD,-0.29147465437787623,19040,0.39355512148740684,353197304074.0,USD,Finance,,17.559402438368014,17.666957390663597,17.790107809312786,-0.4062140391254252,-2.5920090039392205,-4.736378646119986,17.433880000000023,17.57546499999996,17.67174200000003,18.153141319999953,4.294923328867054,1.098264,20.322436184505147
BML/PL,Bank of America Corporation Depositary Shares (Each representing a 1/1200th Interest in a Share of Floating Rate Non-Cumulative Pref,19.7071,USD,0.2905852417302897,6577,0.6702811777055329,353197304074.0,USD,Finance,,19.637839701667485,19.635825398379154,19.68822366401888,0.2905852417302897,-0.6698588709677387,1.9508535954475026,19.717419999999944,19.617854999999967,19.57226999999996,19.937609500000004,4.889856582799862,1.098264,20.322436184505147
BAC/PB,"Bank of America Corporation Depositary Shares, each representing a 1/1,000th interest in a share of 6.000% Non-Cumulative Preferred Stock, Series GG",24.87,USD,0.12077294685990796,47467,0.5883526819025804,353197304074.0,USD,Finance,,25.0053169405616,25.0391855283414,25.073606226072073,-0.16057808109192753,-1.8160284247927254,-0.9557945041815947,24.929000000000013,25.117939999999948,25.062669999999954,25.218468999999917,6.170909632276315,1.098264,20.322436184505147
BACRP,Bank of America Corp.,200.0,USD,-6.976744186046512,4,0.22727272727272727,353197304074.0,USD,Finance,,213.98707964562624,218.47991666238562,220.6916724331405,0,2.0408163265306123,-18.367346938775512,202.00200000000012,218.62599999999992,220.24690000000007,219.38267499999984,49.62532876780309,1.098264,20.322436184505147
BML/PJ,Bank of America Corporation Depositary Shares (Each representing a 1/1200th interest in a Share of Floating Rate Non-Cumulative Pref,20.35,USD,0.4442250740375116,281,0.02241705291541352,353197304074.0,USD,Finance,,20.107772783060994,20.08796011640059,20.166627339360215,0,2.0561685055165504,2.5188916876574305,20.442000000000043,20.09517999999992,19.844314000000043,20.51771149999995,5.0493772021239645,1.098264,20.322436184505147
BAC/PE,Bank of America Corporation Depositary Sh repstg 1/1000th Perp Pfd Ser E,19.385,USD,-0.18022657054582977,2589,0.17946016386397348,353197304074.0,USD,Finance,,19.370126669309116,19.44425636894316,19.625275624011586,-0.3854059609455256,0.33643892339545173,2.838196286472149,19.403000000000027,19.371224999999892,19.291650000000075,20.29874999999995,4.809934990819315,1.098264,20.322436184505147
UNH,UnitedHealth Group Incorporated,387.58,USD,-1.5919766408531262,3798155,0.5557818377527136,351978591908.88605,USD,Health services,Strong buy,356.8724209747331,341.87653846618394,332.76279316536437,-0.6205128205128246,21.099828151851263,17.130811888967802,395.6140000000002,372.72999999999973,322.3054999999992,321.1765250000004,29.27164521781161,4.837914,-44.64988148934658
KO,Coca-Cola Company (The),80.88,USD,0.07423904974016614,4039543,0.3109585674808973,347984776967.3379,USD,Consumer non-durables,Strong buy,78.69759575510308,77.80552354230855,76.56670476054127,0.01236552491652146,7.911941294196121,15.790980672870438,80.48799999999994,78.30124999999995,77.13189999999994,72.5147750000001,25.465193161424388,0.931987,27.166079436258816
LRCX,Lam Research Corporation,277.498316,USD,-2.5364161281258917,3002628,0.32824610545356087,347031360492.29724,USD,Producer manufacturing,Strong buy,266.4707608926762,254.09028651019193,236.29133485330007,-5.2065600874496205,3.5557398216218083,56.02941579983132,289.20966319999997,273.92491580000006,249.43116632000013,184.59404158000004,52.37694947245239,1.664497,47.59583240472476
BABAF,Alibaba Group Holding Limited,17.575,USD,3.358033403904951,4391,0.12053517507933198,337306513298.1936,USD,Retail trade,Strong buy,17.24420722332711,17.485807096759235,17.83887277343086,6.515151515151511,5.847988436521321,1.8840579710144887,17.783799999999996,16.98355,16.510238,18.77568249999999,22.80841283745827,0.18433965983999998,-17.35061036113446
RHHVF,Roche Holding Ltd,418.6,USD,2.8097062579821195,3364,2.6061357297799814,334290721598.61774,USD,Health technology,Buy,412.19673736525334,413.8069202276328,411.33091165569954,-0.3618013900790207,1.2098763044130068,4.485435439183293,406.3872,406.16804999999994,404.13501399999967,387.0925060000001,20.68924969079778,12.780224,78.0470861833516
PG,Procter & Gamble Company (The),142.35,USD,0.5509641873278245,2752341,0.36770986604728056,331476102036.41876,USD,Consumer non-durables,Buy,145.28480979421053,146.57896303360198,147.90524817489228,0.17593244194229418,-0.7391395300188287,-0.5310600237579619,142.5559999999999,145.1140000000003,145.73279999999994,150.0243499999999,20.81931728434785,1.424693,8.592211422400094
RHHBF,Roche Holding Ltd,423.195,USD,0.1633116767848896,20,0.7380073800738007,328793157578.9389,USD,Health technology,Buy,416.1618452492313,418.7497837192717,416.8004724306519,0.8067973930939859,1.718319608889402,-0.42470588235294277,424.2336000000002,420.36970500000035,423.973622,387.3909930000001,20.916356958664995,12.780224,78.0470861833516
AMAT,"Applied Materials, Inc.",413.91,USD,-5.201319224955334,3573467,0.4150044752609872,328483054837.4266,USD,Producer manufacturing,Strong buy,404.1875582632394,386.5466148512625,360.4817657946487,-6.208787473657967,4.064161711649429,54.97603714242925,431.7800000000002,412.5155000000001,382.5887999999998,282.3805249999999,38.89035046509443,3.333872,29.538345443701996
ACGBF,Agricultural Bank of China,0.748975,USD,-0.13666666666667382,4883,1.720517247454283,323860365264.33154,USD,Finance,Strong buy,0.7266542207227235,0.7213455195135966,0.7099574101055548,-0.13666666666667382,0.8992321163949868,9.515280011697616,0.7485950000000001,0.7357696499999997,0.7137636599999999,0.48572895499999996,6.541981422685632,0.02715985,10.349716042998768
PLTR,Palantir Technologies Inc.,132.77,USD,-0.9105157101276206,16950064,0.36960148588743436,318291165667.4423,USD,Technology services,Buy,139.021777053417,142.34547658795907,146.62900626006993,0.2037735849056681,-8.632969755359039,-26.767788196359625,133.30800000000002,139.13449999999995,143.91580000000005,163.22652499999998,149.58314556106356,0.340882,287.59825327510913
MS/PK,"Morgan Stanley Depositary Shares, each representing 1/1,000th of a share of Fixed-to-Floating Rate Non-Cumulative Preferred Stock, Series K",23.85,USD,0.041946308724838774,15300,0.42756300266598113,303643109766.0,USD,Finance,,24.06559958320621,24.158284217707177,24.254556516077596,-0.041911148365456875,-1.4462809917355284,-2.851323828920567,23.981999999999996,24.174749999999968,24.10799999999995,24.523936500000026,2.160110858519532,2.754338,29.550841292563295
MS/PF,Morgan Stanley Dep Shs Rpstg 1/1000th Int Prd Ser F Fxd to Flag,25.27,USD,0.039588281868559026,12022,0.09536562109815631,303643109766.0,USD,Finance,,25.25445517853009,25.262824142230944,25.275782520341057,-0.19747235387046094,0.2380007933359727,0.47713717693837376,25.278020000000048,25.24360500000013,25.265142000000004,25.322354000000008,2.2887212324858934,2.754338,29.550841292563295
MS/PI,Morgan Stanley Depository Shares Representing 1/1000th Preferred Series 1 Fixed to Floating Non (Cum),25.05,USD,0.20000000000000281,27304,0.6577866433463666,303643109766.0,USD,Finance,,25.068521817224667,25.092227246475854,25.117640619874464,-0.07977662544874183,-0.6346687822292746,0.07990411506192398,25.055999999999976,25.09136999999996,25.09054799999998,25.193004500000114,2.2687956815896966,2.754338,29.550841292563295
MS/PL,"Morgan Stanley Depositary Shares, each representing 1/1,000th of a share of 4.875% Non-Cumulative Preferred Stock, Series L",20.07,USD,-0.34756703078450985,11108,0.49738501217939535,303643109766.0,USD,Finance,,20.337250328651766,20.420376819145336,20.511780342038474,-0.39702233250619506,-2.6871345312787795,-2.0019531250000004,20.265000000000004,20.41294500000002,20.41035339999994,20.815348350000093,1.8177536658485114,2.754338,29.550841292563295
MS/PE,Morgan Stanley DEPOSITARY SHARES REP 1/1000TH SHARES FIXED/FLTG PREFERRED STOCK SERIES E,25.371,USD,0.04337539432176354,14732,0.3504590080478063,303643109766.0,USD,Finance,,25.382139035391376,25.404674204156148,25.435726910902435,0.04337539432176354,0.20142180094786089,0.28063241106718556,25.38039999999994,25.370459999999973,25.39679599999996,25.534544500000038,2.297868871760966,2.754338,29.550841292563295
MS/PP,"Morgan Stanley Depositary Shares, each representing 1/1,000th of a share of 6.500% Non-Cumulative Preferred Stock, Series P",25.14,USD,-0.0794912559618425,8144,0.15813960713647696,303643109766.0,USD,Finance,,25.241148428629483,25.30527859499413,25.385344377282784,-0.4356435643564334,-1.0236220472440867,-1.4504116032928303,25.24700000000002,25.264550000000007,25.308619999999955,25.589402999999947,2.276947043319959,2.754338,29.550841292563295
MS/PQ,"Morgan Stanley Depositary Shares, each representing 1/1,000th of a share of 6.625% Non-Cumulative Preferred Stock, Series Q",25.525,USD,0.1766091051805265,9805,0.19688952700328316,303643109766.0,USD,Finance,,25.601374215914962,25.70240389767122,25.82202835631811,-0.09784735812133907,-0.7581648522550556,-2.6877621044605484,25.55899999999999,25.55574999999998,25.643200000000043,26.094242499999996,2.3118167573883035,2.754338,29.550841292563295
MS/PO,"Morgan Stanley Depositary Shares, each representing 1/1,000th of a share of 4.250% Non-Cumulative Preferred Stock, Series O",17.03,USD,-0.058685446009377994,78872,0.6034864672337423,303643109766.0,USD,Finance,,17.301898360060868,17.40557552265361,17.516998821692713,-0.4093567251462004,-3.7309214245336353,-3.6219581211092273,17.152020000000004,17.342504999999967,17.442304000000014,17.860413500000003,1.5424187807374266,2.754338,29.550841292563295
MS/PA,Morgan Stanley Dep Shs repstg 1/1000 Pfd Ser A,19.69,USD,-0.3542510121457504,19101,0.30821635978422757,303643109766.0,USD,Finance,,19.568263234377014,19.597465456531616,19.74186378143413,0.050813008130089245,1.0261672652642528,1.9678922837907953,19.728000000000083,19.494999999999997,19.413588000000015,20.39323649999995,1.783336805209626,2.754338,29.550841292563295
MS,Morgan Stanley,191.88,USD,-0.3272557269752197,1029919,0.207949920751725,302649420299.72516,USD,Finance,Buy,186.14270290714222,182.20887098556472,177.97624453732254,-0.3841760980168254,1.255936675461739,7.486765817998493,192.92600000000013,190.75300000000001,177.2198000000001,168.47290000000004,17.3787032089194,2.754338,29.550841292563295
PCCYF,"PetroChina Co., Ltd.",1.375,USD,-0.9651397291846785,69326,1.2496394889395206,299782015576.51514,USD,Energy minerals,Strong buy,1.3686649840860816,1.3365526885522507,1.2821655061482846,5.769230769230766,9.824281150159745,24.999999999999993,1.3979800000000007,1.4227899999999996,1.3769519999999997,1.12784375,11.281549478730469,0.04648988227,-2.990429085349199
HD,"Home Depot, Inc. (The)",300.6468,USD,1.0543511142482584,2401973,0.4847580917922974,299452553540.15717,USD,Retail trade,Strong buy,319.7666895344084,329.32397868944554,339.76415280508286,0.466766917293228,-12.306965348267411,-12.457618728707459,303.10336000000063,320.7108400000008,329.6885360000008,367.4735339999998,21.119956164999437,3.406143,-4.561666979538194
PM,Philip Morris International Inc,190.98,USD,0.7225357312377912,1143914,0.2316086056435639,297653567818.7854,USD,Consumer non-durables,Strong buy,175.8039796255683,173.08369013668778,170.9194240842362,0.8182442063031108,23.085846867749414,19.168850617746163,189.4579999999999,172.61100000000002,167.3554000000001,164.95127500000027,26.8944248074242,2.061861,45.92400797320346
CTATF,CONTEMPORARY AMPEREX TECHNOLOGY CO LTD,87.39,USD,-0.5688929343497554,932,0.16012920296204664,296949952729.59375,USD,Producer manufacturing,Strong buy,84.30257578775108,81.47804433299329,77.37920609613485,0.4482758620689662,-3.9670329670329663,33.175861017982314,86.81580000000002,85.74534999999997,79.53279200000003,nan,35.54720235756367,0.7127747491199999,nan
GE,GE Aerospace,283.625,USD,0.7441480481653917,2085103,0.41794764130422246,295916534834.697,USD,Electronic technology,Strong buy,290.7541871847441,294.72720796610173,296.9289072099018,0.0829245915522826,-8.546416019088769,-8.434221146085553,289.7710000000001,289.30825000000016,295.7163,299.6622750000001,34.9550160216909,1.857802,26.528193612774466
CICHF,China Construction Bank Corp.,1.095,USD,0,608,0.09658765965558874,293108424320.82404,USD,Finance,Strong buy,1.0705010865891995,1.05276865871226,1.0342352712436285,0,8.20158102766798,8.81446884626851,1.1215999999999995,1.1212700000000002,1.0629651999999994,1.0119843099999999,5.777294447741459,0.04477705,2.8443148205674262
AZN,AstraZeneca PLC,183.97,USD,1.3162242537724345,510891,0.2936177278116289,285309548478.2231,USD,Health technology,Strong buy,187.99973870700796,189.27381335859153,187.9554576581188,0.29439023060567626,-9.289482767121939,-0.5889981627580263,184.55400000000026,186.18799999999996,191.77019999999985,177.49226599999997,28.035611154226277,2.492441,29.767648087677678
HBCYF,HSBC Holdings Plc,16.32,USD,-6.422018348623859,505,0.02443331639935167,280435767026.6103,USD,Finance,Buy,17.14789556956839,16.953213929130893,16.535619800974274,-10.857667223806246,-9.080779944289688,1.682242990654203,17.159999999999997,17.548485,16.931944,15.162416999999998,13.683143339981507,0.445374,8.839871595954788
GS/PC,"Goldman Sachs Group, Inc. (The) Depositary Share repstg 1/1000th Preferred Series C",19.68,USD,-0.07362461600955461,3748,0.23306138692667397,279805674994.0,USD,Finance,,19.630128055012694,19.7077553616938,19.876786466757373,-0.10152284263959174,-0.8564231738035349,-1.4028056112224505,19.754899999999985,19.53721499999998,19.583586000000018,20.452889500000047,0.35963992149323665,13.687008,26.993564617230493
GS/PA,"Goldman Sachs Group, Inc. (The) Depositary Shares each representing 1/1000th Interest in a Share of Floating Rate Non-Cumulative Preferred Stock Series A",19.505,USD,-0.23017902813300103,33662,0.6613580414277097,279805674994.0,USD,Finance,,19.47943570928288,19.554431800240934,19.72613369013818,-0.025627883136866002,-1.290485829959527,0.541237113402064,19.652999999999995,19.432499999999955,19.47249000000008,20.39718199999998,0.35644190389865754,13.687008,26.993564617230493
GS/PD,"Goldman Sachs Group, Inc. (The) Dep Shs repstg 1/1000 Pfd Ser D Fltg",19.1,USD,-0.10460251046024881,35911,0.31236110060078476,279805674994.0,USD,Finance,,19.19706122862135,19.31062607142556,19.497312086260592,-0.10460251046024881,-2.051282051282044,-2.051282051282044,19.2079999999999,19.140999999999927,19.266179999999927,20.078731000000076,0.34904077746548884,13.687008,26.993564617230493
GS,"Goldman Sachs Group, Inc. (The)",947.4713,USD,-0.10529589760350726,437307,0.23779997704149483,279511051096.96954,USD,Finance,Buy,921.131125003901,907.0791500619321,889.2635405668443,-0.028351657627615916,3.492222829055166,7.1800113122172,953.24426,933.4990649999993,883.7180260000007,843.4359064999999,17.314456501478396,13.687008,26.993564617230493
MRK,"Merck & Company, Inc.",111.86,USD,0.4309570838570695,1771361,0.25249888383599667,276274557605.95245,USD,Health technology,Strong buy,113.65799920041644,113.86695067399816,112.02276903390674,0.38589248855783237,-3.201799930771896,5.998294323888939,112.49400000000006,112.08850000000011,115.70020000000004,101.57069999999987,31.48148148148148,2.106298,-48.270440251572325
TXN,Texas Instruments Incorporated,301.19,USD,-0.5087041257886633,1727273,0.24408004780669249,274110870762.05136,USD,Electronic technology,Buy,268.76544687902896,250.93590945559453,233.82389652525436,-2.3853508345487,31.950407430123548,72.14300002857715,302.72000000000014,281.51900000000006,233.40269999999953,198.32992499999952,51.52686773989359,1.90585,10.750487883438492
BACHF,"Bank of China, Ltd.",0.7127,USD,9.570297486355605,186,0.01743107229209229,271145079867.95474,USD,Finance,Strong buy,0.6508217089138713,0.6348233102170115,0.619311316464234,0,11.1371007984032,22.879310344827594,0.6781857999999998,0.6487699999999998,0.608013819999999,0.5776787949999996,6.105636384774823,0.029362,4.854735561515836
GEV,GE Vernova Inc.,993.225,USD,-5.337723854636256,1364258,0.6696148033061917,266899418243.80084,USD,Producer manufacturing,Strong buy,1001.4801590186005,956.1162358581213,890.766839301908,-5.3169685414680625,0.4627522379001715,50.21778913776675,1053.507,1077.5387499999995,970.5507000000001,733.4909249999997,28.93750855837614,3.115488,389.82617878753274
LVMHF,LVMH-Moet Hennessy Louis Vuitton,533.86,USD,0.5386064030131852,867,0.23201048997832427,264374878678.25763,USD,Consumer non-durables,Strong buy,548.5931738000166,564.7047043366329,586.0387926098588,-0.09730903102660687,-9.164227863608524,-28.974921838621697,533.7194999999998,540.696575000002,549.028090000002,632.7998709999979,20.79297025603167,12.60751492078,-1.2521334096479337
NVSEF,Novartis AG,142.65,USD,-2.1235719921781184,753,1.4237095859330686,260422585972.2082,USD,Health technology,Buy,147.8723454660937,148.90053966467113,147.30647351173502,0.7180529961237817,-2.13364434687156,2.1774944488217116,143.3231,146.7410099999999,151.8656220000001,126.40994599999976,20.307282307883955,2.179939,9.675179222387847
NSRGF,Nestle S.A.,100.668,USD,2.1698974931493,293,0.06696377556850645,258940730541.53168,USD,Consumer non-durables,Buy,99.59242279914048,99.47442448801036,99.15604290541661,0.7123134179038809,1.3653939101015071,0.3909210578802606,98.62640000000013,98.97812000000013,98.8105320000001,97.019742,22.758958573857296,2.680544,-4.280172410629131
RY,Royal Bank Of Canada,184.36,USD,0.5234460196292301,61199,0.05821185848199636,257478994394.8849,USD,Finance,Strong buy,177.9582345082444,174.59309583957844,170.34189973023445,0.2719460459044925,4.435506712740051,7.66176127073114,182.75800000000004,179.4475,171.38219999999987,158.8628500000002,17.251255793356474,2.7744534475,26.4557125365949
TOYOF,Toyota Motor Corp.,19.335,USD,0.005172235440163557,7235,0.14829557449931027,252000607734.375,USD,Consumer durables,Strong buy,19.89464741335045,20.391676937190073,20.719638745652745,1.7631578947368467,-7.928571428571424,-8.364928909952608,19.02819999999999,19.356859999999998,20.503607999999996,20.789001,10.397993808934137,0.44295555719099994,-22.622851784370432
RYDAF,SHELL PLC,43.055,USD,2.026066350710893,771,0.02832059947105495,240082645404.1235,USD,Energy minerals,Buy,43.11092625772552,42.66439472695563,41.63625807889833,2.463112803426931,-2.1477272727272734,18.03975325565455,42.14699999999997,43.67337500000005,44.52395199999998,38.69915399999999,13.602338332157128,1.348076,44.464702042498494
SMAWF,Siemens AG,311.3,USD,3.4253629688693983,568,0.15957297373226575,237292838635.62286,USD,Producer manufacturing,Strong buy,293.433784232525,287.5778782859153,283.398259599501,2.065573770491807,7.3448275862068995,9.2740803145184,308.19400000000013,299.51797000000005,274.445072,278.1096535,27.521705435478477,3.09771513912,-15.273050717717544
LIN,Linde plc,508.93,USD,0.5571911244591083,470869,0.26235375280827256,235430765791.50336,USD,Process industries,Strong buy,501.2798726443564,495.02658550978674,485.8168383772813,0.4956360333320151,2.4911390365716137,19.388664727409225,508.76399999999995,503.6784999999999,497.6866000000006,463.7280499999999,33.778240900523,4.481912,9.33896472398204
RTX,RTX Corporation,174.015,USD,1.6561514195583475,1535217,0.2712725162353528,234343093055.79413,USD,Electronic technology,Strong buy,180.69468221231187,184.39973818989452,185.2185538976632,1.3600885368126627,-11.026178545863598,-5.16893732970028,175.57500000000005,176.27074999999988,190.0179,179.88777500000003,32.61272911278534,1.657595,56.45672061928219
KLAC,KLA Corporation,1753.44,USD,-2.819898909284378,257341,0.2503110394871085,229047507818.25302,USD,Electronic technology,Strong buy,1740.5397351788051,1673.9079382261364,1576.96830997581,-3.7038676453200075,-1.0060634802344057,39.19394146271761,1822.3519999999996,1810.0775000000008,1661.3317999999997,1309.6891749999998,49.56973075661801,9.932792,28.557358579709614
WFC,Wells Fargo & Company,74.24,USD,1.1168618904930443,3443372,0.19367023014576168,227188459333.9798,USD,Finance,Strong buy,77.56613287649013,79.31638926062055,80.99689372203382,1.2409654984317424,-9.606721051990746,-20.428724544480175,74.03199999999991,78.33500000000001,79.142,84.11490000000003,11.464751756621109,1.701831,16.344460814258504
LRLCF,L'Oreal Co.,422.8,USD,2.721088435374147,273,0.2322218441646819,225110682192.4301,USD,Consumer non-durables,Buy,424.8372054957474,426.59285672980315,429.0236789325738,1.6431670933852696,2.4651744428395617,-3.05420526460607,417.4220000000008,426.35898000000054,417.80790599999887,437.4464630000002,31.45330291345542,8.56257172078,8.615986865506477
WFC/PY,"Wells Fargo & Company Depositary Shares, each representing a 1/1,000th interest in a share of Non-Cumulative Perpetual",23.4501,USD,-0.31838469713071,6162,0.19976787763650158,224679104045.0,USD,Finance,,23.78094660958834,23.8864045007198,23.986228046765326,-0.21234042553191892,-2.77736318407961,-3.457801564429807,23.67499999999996,23.879749999999955,23.883404000000056,24.312352499999978,3.621357424137132,1.701831,16.344460814258504
WFC/PD,"Wells Fargo & Company Depositary Shares, each representing a 1/1,000th interest in a share of Non-Cumulative Perpetual",16.92,USD,-0.05906674542231548,126761,2.4417262999739955,224679104045.0,USD,Finance,,17.211466388258803,17.30684420907591,17.3989678992862,-0.17699115044246364,-3.8089823763501887,-4.836895388076487,17.03499999999996,17.264100000000003,17.32234200000002,17.67293099999999,2.612925642807505,1.701831,16.344460814258504
WFC/PZ,"Wells Fargo & Company Depositary Shares, each representing a 1/1,000th interest in a share of Non-Cumulative Perpetual",18.66,USD,-0.21390374331550346,50411,0.30063686518484234,224679104045.0,USD,Finance,,18.975502302593373,19.09775678472232,19.222209358486772,-0.5860415556739448,-3.265940902021768,-4.503582395086996,18.81562,19.01240500000001,19.106562000000014,19.56938824499997,2.8816307621033124,1.701831,16.344460814258504
WFC/PA,"Wells Fargo & Company Depositary Shares, each representing a 1/1,000th interest in a share of Non-Cumulative Perpetual",18.55,USD,-0.2688172043010791,36690,0.6079002175451037,224679104045.0,USD,Finance,,18.841430773215375,18.936787677422,19.03684716848804,-0.642742367434392,-3.5361414456578246,-4.381443298969062,18.678000000000004,18.898750000000014,18.93141399999996,19.34204000000003,2.864643656860474,1.701831,16.344460814258504
WFC/PC,"Wells Fargo & Company Depositary Shares, each representing a 1/1,000th interest in a share of Non-Cumulative Perpetual",17.3,USD,-0.08663008951776245,32895,0.6225373863081518,224679104045.0,USD,Finance,,17.527159119148344,17.618242143467334,17.721907127968404,-0.17311021350258274,-3.13549832026875,-4.419889502762435,17.39099999999999,17.571479999999987,17.574391999999985,18.019229499999998,2.6716083700100377,1.701831,16.344460814258504
WFC/PL,Wells Fargo & Company 7.50% Non-Cumulative Perpetual Convertible,1181.3499,USD,0.43784220370684307,1419,0.3177624507345037,224679104045.0,USD,Finance,,1187.3896066362713,1192.195756140867,1198.6290654284721,0.047417406990232856,-1.8812375415282447,-2.8471179387649443,1184.8059799999971,1193.4280000000012,1183.284700000001,1220.1876495000047,182.43377345378732,1.701831,16.344460814258504
MBFJF,"Mitsubishi UFJ Financial Group, Inc.",19.58,USD,5.981055480378873,630,0.013031876383344021,218943559999.99997,USD,Finance,Strong buy,18.175466077519285,17.952540244156477,17.639840469551654,-0.03828972559030139,4.426666666666658,15.892275821248884,18.74229999999998,17.999475000000004,17.544565999999985,16.570099999999993,14.641562375427307,0.33071195409,25.681559619459094
BHPLF,BHP Group Limited,42.5,USD,-6.634446397188055,44376,0.2809905842572834,215929319240.0761,USD,Non-energy minerals,Buy,39.41487820414552,37.969861389001885,36.133470990901266,-1.6886421466574066,5.282715055428254,50.22976316719689,43.61960000000001,40.44377000000003,38.05930200000004,30.126708355000027,20.42268421056931,1.4703,-1.0764221517754036
AXP,American Express Company,313.17,USD,-0.09888988133214313,589111,0.19306481275471601,213684171192.62195,USD,Finance,Buy,315.1641260172141,318.3219607762338,323.37729785828884,-0.3563587769257706,-5.099999999999995,-15.244925575101483,312.66800000000046,317.79399999999976,311.60959999999943,336.47407499999986,19.534056886227546,4.394524,11.993629104931163
C,"Citigroup, Inc.",123.15,USD,-0.2187651920272209,2477590,0.2250856702630613,211190851883.77975,USD,Finance,Strong buy,122.92314835999858,120.77381993741403,117.53405370339588,-0.12975427783634463,-6.046156780469184,5.067826977220384,124.386,127.11299999999999,120.43180000000001,109.12400000000001,15.260223048327138,2.636592,27.480096044483766
TTE,TotalEnergies SE,93.65,USD,1.4846120502817561,386750,0.4478972454811597,208524758157.901,USD,Energy minerals,Buy,90.20396690587704,87.46632645714172,83.30132437080194,1.3747564407880604,8.441408059286715,43.08632543926662,92.09599999999996,90.99400000000004,89.2860000000001,71.45110000000001,13.646298696860251,2.986038,13.176951225257834
IBM,International Business Machines Corporation,221.72,USD,1.103511171910619,1938350,0.3358375801550493,208391361396.10577,USD,Technology services,Buy,232.25092123857567,240.3918672849578,250.20131850993522,1.4870738961336079,-12.906899124357002,-25.460411345610964,218.66600000000003,229.20850000000024,238.83120000000014,270.2187,19.605103764158702,3.022442,94.53513374043176
QCOM,QUALCOMM Incorporated,197.54,USD,-1.9603950568266497,9269618,0.28665314636795236,208207165676.4931,USD,Electronic technology,Buy,176.91217044498947,167.44210123509117,162.13987786751883,-4.4638970837162155,44.51678981637281,13.660686544148948,204.51800000000003,179.82699999999994,150.21919999999997,159.21714999999998,21.48715382774599,2.207956,-6.380855397148674
CBAUF,Commonwealth Bank of Australia,124.08,USD,3.5466911457898687,684,0.9320070854339828,207436608892.92493,USD,Finance,Neutral,111.79166511356219,110.30825144881825,107.95670938492128,0,3.546691145789869,27.092082351736153,110.098,111.49029999999998,104.91898154,78.64990774499998,30.088228492257482,2.29908272,17.269317980189356
ADI,"Analog Devices, Inc.",421.03,USD,0.8479245011856484,1551426,0.44269593482451697,205548593770.16754,USD,Electronic technology,Strong buy,390.8409299257663,371.59683840515675,348.7623868164671,-1.439126961817748,16.9840039480635,52.96337913985532,423.41527340000005,405.3758183499999,358.4807273400007,291.21770683499983,76.90888499196258,2.887124,74.57746029721282
TMUS,"T-Mobile US, Inc.",189.76,USD,2.451139185833059,1836928,0.39698965875964276,205359167486.47614,USD,Communications,Strong buy,194.2762810572387,197.57027920478382,201.55429117385208,1.9940876108572851,-2.5722647224932067,-6.175525339925839,189.35000000000005,191.73499999999996,200.10479999999984,214.09105000000022,20.18229582123523,2.60369,-8.355183001120901
PEP,"PepsiCo, Inc.",148.34,USD,-0.5230686695278978,2049961,0.3782369115914733,202746422655.46753,USD,Consumer non-durables,Buy,153.3124632588396,154.12123577754582,153.7417834028365,-1.1000733382225518,-6.265204890840727,3.574919703951965,149.44999999999968,153.7295,154.91899999999941,150.4472499999998,23.297890719479827,2.227794,-6.377190918715445
SFTBF,Softbank Group Corp,35.185,USD,-2.2638888888888826,2158,0.07053209569878416,200853727121.58185,USD,Communications,Strong buy,33.48891864971345,31.71663700955229,30.281166944260463,0.5285714285714351,23.34794040315514,25.213523131672602,36.815400000000004,36.142485,29.132494000000005,29.0553545,6.405903556040176,0.155019451545,325.63050279147217
PANW,"Palo Alto Networks, Inc.",246.14,USD,1.363093522217178,3334956,0.39219372024066007,200850241514.3646,USD,Technology services,Strong buy,204.17384985511458,193.20455195555786,187.46826557607255,3.028400410204887,44.38057250117316,33.1854336886532,234.1140000000001,197.72999999999993,177.2180999999999,186.00010000000003,136.19964586100045,0.794528,2.0959267837975206
SAPGF,SAP SE,171.71,USD,2.4430987680100222,4531,0.9309445049413407,200481545616.72162,USD,Technology services,Strong buy,173.8270137665841,180.37280061168872,192.2346274312486,2.0734505593798667,-8.097837722115177,-29.004382700735967,166.24550000000036,170.39506999999972,173.98464999999996,229.23449049999996,23.27300100198747,2.04838364562,40.32944821149316
MCD,McDonald's Corporation,281.155,USD,1.7240131697962975,1590301,0.3619404319207727,199762285479.34586,USD,Consumer services,Buy,290.73939897652946,297.25662938318266,302.2419259423261,1.9342324704517366,-8.510949855195088,-7.90559795604181,276.611,286.3592500000002,302.02669999999966,308.4008749999998,23.176763471795166,3.352031,7.012173606210305
VZ,Verizon Communications Inc.,46.81,USD,0.948889368125954,7766618,0.4436503599079918,195457916127.7753,USD,Communications,Buy,47.221019285240466,47.12026419176696,46.493052945707475,0.4506437768240361,1.5181088700932615,14.814814814814811,47.07600000000001,47.10999999999994,48.28239999999993,44.08040000000025,11.406223348522136,1.278802,-2.501663023852507
SNDK,Sandisk Corporation,1315.0,USD,-6.57923714665283,7113828,0.45627370865517636,194738042178.5864,USD,Electronic technology,Strong buy,1157.827255431587,1009.161802111228,839.9150005890989,-8.143287210041422,42.813626688675555,438.19725803151226,1400.9329999999998,1237.59225,938.4088999999999,428.30605,45.71194176681,32.820278,nan
KXHCF,KIOXIA HLDGS CORP,353.0,USD,5.3731343283582085,424,0.050567090841870506,192768443664.547,USD,Electronic technology,Strong buy,266.1356141165801,227.25701645848224,182.44903581267218,0.6414825374198148,53.47826086956522,355.425106437879,315.554,226.3596,168.02804,nan,55.54156196478701,10.220928322499999,88.7454330367697
HESAF,Hermes International SA,1833.3999,USD,-0.21498897869213926,3,0.03601440576230492,191853636564.3098,USD,Consumer non-durables,Strong buy,1941.2005044062653,2020.9543567522965,2123.2064970198076,-0.17097912378712551,-8.55404758342063,-26.434479576277987,1850.033980000003,1910.824114999999,1983.8612799999944,2348.4414635000007,36.24261809710423,nan,11.395855258297342
IDEXF,Industria de Diseno Textil Inditex SA,59.6775,USD,3.284008307372795,564,0.17547680532652998,185741787841.56232,USD,Retail trade,Strong buy,60.1027604139932,60.53659136105275,60.63741078731391,2.8966765808871067,-9.504132231404945,-10.019224245165672,58.27250000000002,60.31450000000008,60.07306,58.86539150000001,25.234235034551016,0.5220384,nan
ABLZF,ABB Ltd.,102.85,USD,-1.757569968478368,403,0.11771578793632248,185161314065.2834,USD,Producer manufacturing,Buy,98.4171188814902,94.58902929611833,89.98386176059128,-0.14563106796117056,8.263157894736835,34.51477896939576,104.80190000000007,101.782915,92.28439599999997,79.11505150000005,nan,0.751844,nan
NEE,"NextEra Energy, Inc.",88.04,USD,-5.698371893744637,17497553,2.034595873913694,183593471502.9289,USD,Utilities,Strong buy,92.22604708421869,91.71422776398825,90.10682192338578,-3.3748559512703604,-3.3164946189325675,9.434431323803608,93.30400000000003,94.37150000000008,93.03380000000003,84.36165000000003,22.351417908553152,1.086115,47.29815638906547
TD,Toronto Dominion Bank (The),108.19,USD,0.510962467484204,159286,0.1429864716445832,182786572937.43518,USD,Finance,Strong buy,104.64525046577019,102.05502016694199,98.58480675691177,0.08325624421831954,3.5757024556028907,14.608050847457617,107.67400000000005,106.58600000000008,100.70939999999992,89.08980000000005,11.965933241338432,1.6534305724999998,178.61071281530073
DIS,Walt Disney Company (The),103.8,USD,1.051401869158877,2113344,0.203498240349326,180249880536.03387,USD,Consumer services,Strong buy,103.32955311550316,103.51656239299437,104.51782951843968,1.0809231668127368,-0.8453933228256246,-8.497884344146685,104.60000000000002,104.07799999999986,101.1213999999998,108.77187499999971,16.608,1.865146,27.6526214742346
BCDRF,Banco Santander S.A.,12.26,USD,4.875962360992304,956,0.011067056406100773,179900668710.0314,USD,Finance,Strong buy,12.11252973500738,12.000218546688142,11.783655803574026,0,-5.692307692307694,1.2720964810837594,11.83199999999999,12.123899999999997,11.729419999999996,11.113602999999996,9.836224803134218,0.28337965433999995,42.236139397705216
RTPPF,Rio Tinto plc,103.25,USD,-0.24154589371980675,500,0.3097893432465923,178747742126.3553,USD,Non-energy minerals,Buy,99.51895508162154,96.64959587912836,92.4508973622416,-2.731983042863877,4.694788075441082,25.51665451008995,106.638,101.41091500000002,96.51611600000004,74.08785999999998,16.621218700917098,3.814,-10.306158212328349
SBGSF,Schneider Electric SE,314.6,USD,0.6475225225225227,219,0.13265491550063602,177191172570.21954,USD,Producer manufacturing,Strong buy,313.70101865291383,308.1091574576113,301.2889861460729,-0.12698412698411976,-4.018061445525814,13.16546762589929,315.68319999999983,322.469985,303.15276400000005,285.59428250000013,36.7082435913478,5.2712119,10.360674450376802
BLK,"BlackRock, Inc.",1086.43,USD,0.41870782881966656,115836,0.2254836025286025,176915248706.5267,USD,Finance,Strong buy,1056.1134835186856,1048.228557075425,1048.8354837615857,0.3333887442049581,4.637477366413693,1.3990517434480707,1091.792,1067.2272499999997,1014.0906999999995,1080.0835250000005,28.023235118871053,12.531363,-5.828957020641935
ANET,"Arista Networks, Inc.",139.559,USD,-1.6982461083327474,2441856,0.14861794687134322,175733062288.76837,USD,Electronic technology,Strong buy,147.0474739880531,145.16151393105193,142.09773806886918,-2.419941266955679,-13.977255216198733,4.109660574412522,142.5137999999999,158.7135,146.30960000000005,139.34064999999995,47.78763183125599,0.883374,23.546831373212623
AMGN,Amgen Inc.,323.26,USD,-0.9346940026355341,541537,0.21520176797533253,174466088220.86057,USD,Health technology,Buy,336.3618167266907,340.5742319018482,340.4289657858778,-0.7018998909521034,-8.137370522456981,-1.6759436688262284,331.70799999999974,335.5629999999991,347.01699999999977,326.43594999999965,22.481083787693333,5.585927,31.258158449643542
BA/PA,"Boeing Company (The) Depositary Shares, each representing a 1/20th interest in a share of 6.00% Series A Mandatory Convertible Preferred Stock, par value $1.00",69.764,USD,-1.4075749010740661,35381,0.03759635786810661,173812780029.0,USD,Electronic technology,,71.0303929024869,70.93882063192078,70.7839488246995,-0.9596819988642844,-2.6186487995533287,0.43766196372012967,72.9248,72.7997,69.63627999999999,70.53392949999996,35.868380462724936,-0.276109,nan
BA,Boeing Company (The),218.06,USD,-1.1020907977686094,2970852,0.3820783442896209,171897205374.9546,USD,Electronic technology,Strong buy,222.5796318090955,222.10009794973618,221.22020469168095,-1.0976052249637098,-2.2459317702963157,-0.04125601650240816,229.04599999999976,229.35199999999958,217.6640000000002,219.64770000000067,112.11311053984575,-0.276109,nan
SMEGF,Siemens Energy AG,201.5574,USD,-1.745219669733709,1758,0.2918859685533547,171711163630.71097,USD,Producer manufacturing,Strong buy,198.38137305317883,190.78446840572335,179.53575651628196,-2.270461598138095,-0.204287765509728,43.96957142857143,205.11898000000002,208.431745,190.94719200000003,150.04293550000003,68.65513032368672,1.3288719388199999,1156.3335310399368
RTNTF,Rio Tinto Ltd.,125.94,USD,-1.547842401500941,171,0.5775075987841944,170034997839.8752,USD,Non-energy minerals,Buy,120.3056835402091,116.60932743651966,111.28169095205584,-1.547842401500941,-0.8346456692913403,30.955599459290834,124.172,117.25094999999999,112.97942,86.35403200000007,20.027891072651443,3.99314,-5.208519584484585
T,AT&T Inc.,24.45,USD,1.7478152309612904,14125512,0.4233442784966718,169886890157.61548,USD,Communications,Buy,25.62772760961137,26.038894347364167,26.256180583485126,1.5154660577122625,-6.483075157773954,-1.3715207745058486,24.620000000000008,25.5105,26.768400000000025,26.59194999999995,8.201945655820195,0.587588,83.06312945222302
ALIZF,Allianz SE,445.23,USD,1.6286421894794487,75,0.36302032913843174,168605956903.2664,USD,Finance,Buy,441.66343548476044,439.16079481919616,436.16857798100534,2.5922853587722936,-3.2003478638982434,-0.35807801624778235,440.3924999999996,449.0064075,431.5613950000002,430.50373475000015,13.697955922796625,nan,nan
T/PA,"AT&T Inc. Depositary Shares, each representing a 1/1,000th interest in a share of 5.000% Perpetual Preferred Stock, Series A",19.75,USD,0.10136847440445805,37036,0.5521893152351531,166968587750.0,USD,Communications,,19.94388327776324,20.042236787414847,20.15420645282821,-0.050607287449400615,-1.5453639082751682,-2.420948616600783,19.89600000000005,19.975034999999913,20.020414000000006,20.49390399999998,6.62529352566253,0.587588,83.06312945222302
T/PC,"AT&T Inc. Depositary Shares, each representing a 1/1,000th interest in a share of 4.750% Perpetual Preferred Stock, Series C",18.3899,USD,0.21743869209808925,44342,0.4950729401361668,166968587750.0,USD,Communications,,18.617257746250637,18.72854423794622,18.867775464565554,-0.4875541125541105,-2.285334750265672,-3.818514644351465,18.511980000000015,18.67499500000003,18.716098000000017,19.314272999999993,6.169037235826904,0.587588,83.06312945222302
TJX,"TJX Companies, Inc. (The)",150.18,USD,1.865292002984467,2211891,0.37035362041350445,166220818004.3877,USD,Retail trade,Strong buy,153.8222414576834,154.65024842641594,154.00036955414762,1.342870639044476,-5.297010972379875,-2.0032626427406153,148.45000000000005,154.07399999999993,156.67259999999985,149.47635000000008,30.81373876646559,1.019538,14.421880502406387
STX,Seagate Technology Holdings PLC,734.955,USD,-7.607452198071578,2041395,0.49355833949295524,164798210281.76254,USD,Electronic technology,Strong buy,657.0072527286846,588.1552467516049,512.8878715355971,-8.24531835205992,34.99035724125264,160.6500691562932,792.2659999999997,708.64,547.2626000000001,340.84217500000005,69.76317038443284,5.053711,52.226685547495876
APP,Applovin Corporation,490.23,USD,-2.1497005988023914,2137703,0.3577202889636911,164687863566.84845,USD,Technology services,Strong buy,467.46706494601085,467.8195823590366,477.8642350156446,-1.260851175250255,2.4514106583072137,-28.26287369946003,484.12199999999973,470.34199999999976,447.82219999999995,532.0941249999997,43.24464988267674,3.739693,104.69844709281328
TMO,Thermo Fisher Scientific Inc,440.215,USD,0.4277501482867181,670429,0.26904679847356255,163593339629.6039,USD,Health technology,Strong buy,467.1172056724485,481.6997270000427,496.6411589204455,0.4048444484992193,-15.846571466804312,-24.035375323554792,446.41900000000004,467.70574999999974,483.0115000000002,526.8653250000002,24.20266429156564,5.721128,6.7355597415629465
UNP,Union Pacific Corporation,274.515,USD,1.4617829686575932,754085,0.33442421391228855,162983176474.19827,USD,Transportation,Strong buy,263.3829201905979,258.39940860128996,252.66819586276657,1.2970479704796998,8.744652194580887,18.657877674519124,268.9330000000003,265.5557500000003,253.16069999999985,237.23637499999987,22.59847705289154,3.139433,9.43890880916774
GILD,"Gilead Sciences, Inc.",130.0399,USD,0.3549158820805496,1815124,0.2896341575306231,161453618066.228,USD,Health technology,Strong buy,133.03085346902705,134.28625825042258,133.73248322836307,-0.08459469842490738,-6.412450521770421,6.163686831578083,131.93398000000002,131.98099499999995,137.07299799999984,127.93974949999998,17.69394780526301,-6.596049,54.53876400950438
SCHW,Charles Schwab Corporation (The),92.46,USD,1.7385563380281674,2905534,0.2996364875977263,160800463289.87195,USD,Finance,Strong buy,91.77111608587012,92.7002693907329,93.59620803439479,1.6043956043955976,-0.9534011783610077,-7.326851759045808,90.82599999999998,90.65650000000007,92.83400000000002,95.52015000000004,18.335779161543645,1.499577,53.293813649490815
BUDFF,Anheuser Busch Inbev SA NV,80.91,USD,0.44705207579401435,4020,0.12026674086107397,160512010250.4813,USD,Consumer non-durables,Strong buy,76.24260004127134,74.77443306347178,72.87712704093464,0.06183527083848275,6.460526315789469,27.157001414427146,79.77398000000004,76.87342000000001,75.26630400000003,66.94052450000004,22.85004058507233,nan,29.175750071893496
DTEGF,Deutsche Telekom AG,33.365,USD,0.014988009592333805,244,0.02009454317856143,159571796139.44058,USD,Communications,Strong buy,33.981814721285986,34.4929713984361,34.73582120763915,0.07498500299939585,-5.588568194680253,2.3466257668711674,33.22099999999999,32.911000000000016,35.48204000000001,34.551832499999996,15.921377695436634,0.6406934313999999,-21.039392916282
SCHW/PJ,"The Charles Schwab Corporation Depositary Shares, Each Representing a 1/40th Interest in a Share of 4.450% Non-Cumulative Perpetual Preferred Stock, Series J",17.77,USD,0,56352,1.1946171001195636,158052629286.0,USD,Finance,,18.068053939307855,18.194591300963918,18.383037910321335,0,-2.5767543859649065,-5.478723404255325,18.04,18.243499999999983,18.154900000000023,19.03278050000005,3.523975726807599,1.499577,53.293813649490815
SCHW/PD,"The Charles Schwab Corporation Depositary Shares each representing 1/40th interest in a share of 5.95% Non-Cumulative Perpetual Preferred Stock, Series D",24.4151,USD,0.14397046759639012,18246,0.4421836300450278,158052629286.0,USD,Finance,,24.665811325324572,24.738122635829644,24.818734255408508,-0.2651143790849735,-1.7105475040257687,-2.5345309381237597,24.709019999999995,24.865780000000008,24.742111999999942,25.069446000000042,4.841768135485662,1.499577,53.293813649490815
EADSF,Airbus SE,200.618,USD,3.1534565647736232,1746,0.2895234305044274,157932129980.81287,USD,Electronic technology,Strong buy,202.85533734530398,205.42519566404056,209.51132972276088,2.36134496657992,-6.563271389315827,-17.322068823408205,201.3139999999999,202.65320000000014,198.50966799999992,221.67470749999995,27.371114501183214,1.6823151236799998,20.885299878592313
WDC,Western Digital Corporation,451.33,USD,-6.366955727978092,3031554,0.41956565244722216,155565381693.94504,USD,Electronic technology,Strong buy,413.6906938012996,375.5658642162351,329.34344143197865,-7.006500664489476,21.86580261914404,154.70090293453725,481.0659999999999,445.31950000000006,362.6665999999999,213.47050000000007,26.941696861885973,3.270022,218.5112653294039
DELL,Dell Technologies Inc.,237.1,USD,-2.0207446588702074,1486711,0.22271885381070008,154689851438.67307,USD,Electronic technology,Buy,216.70888250724016,199.2212285413932,181.36982825259014,-3.066230580539657,22.958045947207374,84.65732087227413,241.95799999999994,225.81249999999986,192.30780000000001,147.71360000000004,27.19691668865208,2.88956,40.20875550837916
CRWD,"CrowdStrike Holdings, Inc.",607.72,USD,2.2959870724481526,1861853,0.5968239088455486,154686934909.68994,USD,Technology services,Strong buy,508.46067317377896,482.78739933636115,468.75572580984726,3.091629275905652,41.67288325251773,28.21097046413503,578.0999999999999,497.6635000000002,446.1122000000001,461.2309500000003,nan,1.068072,-781.7640047675804
GLW,Corning Incorporated,179.6125,USD,-6.359157499608983,7124531,0.391015978689088,154581308007.09158,USD,Electronic technology,Strong buy,170.51902876867925,159.22140767226577,144.3062420833914,-7.052111364106809,6.78507728894175,102.01608368012599,196.89050000000003,176.99362499999992,158.0958499999999,107.44956249999997,86.20710343172547,0.757504,298.67967853042484
CIHHF,"China Merchants Bank Co., Ltd.",6.52,USD,6.885245901639343,100,0.011661127631041922,154067162760.24374,USD,Finance,Strong buy,6.275470104373258,6.199780690171569,6.025143454421975,0,6.016260162601613,9.212730318257954,6.283999999999999,6.2825000000000015,5.6244184599999985,6.154625075000004,7.9512281421866415,0.22828954999999998,1.6461769940075595
ISRG,"Intuitive Surgical, Inc.",431.3801,USD,2.436383928571434,633891,0.28260433916836286,152778800338.98285,USD,Health technology,Strong buy,450.4082004522977,462.174079595537,475.57368835568656,2.233674206965208,-6.949935289042277,-23.889322135572876,428.9400200000001,451.32850500000006,461.6871020000007,496.6753255,52.32782212086659,2.510496,20.922932496259573
DE,Deere & Company,563.51,USD,0.29902283608919955,203357,0.22677597334673905,152208151946.20648,USD,Producer manufacturing,Buy,571.7091608123885,569.6984865462831,559.8145188237932,-0.10636223431600622,-3.8378839590443703,20.92489270386266,573.9639999999998,577.0169999999999,580.1272000000004,519.9204499999996,31.77084801569627,5.698258,-21.386148268311935
UBER,"Uber Technologies, Inc.",74.6899,USD,-0.532827273937953,6397048,0.32556412633316034,152038678262.21124,USD,Transportation,Strong buy,74.66802084188815,75.15756595883207,76.74114977133192,-0.26719188142609984,-3.520118840018099,-8.959166260360814,75.10598000000003,75.33349500000013,74.20629800000019,84.39507449999982,18.613377526353826,0.803396,-30.030166175521806
COP,ConocoPhillips,124.17,USD,1.4377910301446002,1723737,0.23983097517589097,151275563714.89413,USD,Energy minerals,Strong buy,121.16182833664962,119.16268933467411,115.22584472794583,1.7786885245901651,6.744036105738232,32.64608481999787,120.16399999999992,121.22300000000021,123.23970000000004,102.76947499999991,21.113038155478474,2.790249,-25.34653465346535
ABT,Abbott Laboratories,86.84,USD,2.8057298449153603,3993121,0.3155179302979666,151258989085.351,USD,Health technology,Strong buy,91.65889096647267,96.52942380937056,102.56704484366533,2.333254772566585,-9.182179460363942,-30.36086607858861,84.87800000000013,88.2780000000001,97.82700000000001,118.34020000000005,24.19278451037749,1.28074,-53.436936527909296
IBDSF,Iberdrola S.A.,22.6,USD,1.7559657811796512,1967,0.12484925420501428,150953549943.72916,USD,Utilities,Buy,22.856587465386717,22.805508438232547,22.501784916751166,-0.1766784452296782,-3.624733475479735,4.726598702502332,22.819,23.25474000000002,23.095635999999992,21.241517000000012,21.464757298497354,0.27287791244,25.04558913213052
WELL,Welltower Inc.,213.48,USD,-0.12164311780669004,288765,0.1062041674667578,150698616113.81863,USD,Finance,Strong buy,210.90844748047513,207.94719936611725,203.29849828721905,0.2677187544032658,-0.22900406599056367,15.015354776143514,216.5219999999998,213.32999999999998,207.89319999999978,190.04394999999974,nan,0.627963,-164.84476067270379
BTAFF,British American Tobacco p.l.c.,69.124,USD,4.259426847662139,455,0.034785932721712536,149520593560.6254,USD,Consumer non-durables,Buy,62.78768243869865,61.4223748978663,60.04415344063803,0,17.7861840984221,19.798960138648166,66.26759999999999,60.99618000000002,59.75255199999999,56.72971300000004,14.6971964202695,2.1779835000000003,179.06315695843656
APH,Amphenol Corporation,121.42,USD,-2.8639999999999985,3830624,0.3032886598043443,149375072634.48224,USD,Electronic technology,Strong buy,132.2002419699673,134.20292785848383,134.4091420859925,-3.1815644685431743,-18.934437174522632,-11.449824970828473,125.62399999999998,138.0845,135.78539999999998,132.58765000000002,34.89080459770115,1.153061,68.63733281643728
NONOF,Novo-Nordisk A/S,44.3125,USD,-0.902804800050095,22711,1.4215965497599479,149294573125.0,USD,Health technology,Buy,42.703509128673055,42.94390025903474,44.61142297540045,-2.395374449339204,15.09710364388663,-13.536585365853659,45.433740000000064,43.22000500000006,39.66586599999998,49.01264649999999,10.48119639188838,0.8083146576,24.473615497595326
MRVL,"Marvell Technology, Inc.",169.64,USD,-4.098592345525468,10553252,0.4518034363341083,148528837825.13992,USD,Electronic technology,Strong buy,152.67771416605828,137.9691763223362,123.19269751531607,-6.674295270998837,25.77571825764596,95.57297671201292,174.31199999999995,165.6855000000001,129.79320000000004,93.67460000000004,54.88191523778712,0.79311,nan
SMFNF,Sumitomo Mitsui Financial Group Inc.,38.7499,USD,3.935894856836312,9,0.00016409194253864836,147900951326.9497,USD,Finance,Strong buy,36.37599766171574,35.75854531854974,34.82399483733138,0,4.352942760580066,20.622256809338513,37.083479999999994,35.78216000000001,34.62636599999999,31.461886499999988,14.938026272755693,0.736479381351,29.38378513635122
ETN,"Eaton Corporation, PLC",380.565,USD,-4.725365511716403,1145605,0.3641428776494171,147773385757.61237,USD,Producer manufacturing,Strong buy,393.8482616153125,387.4336132280114,378.9093740350577,-4.431079078877975,-3.7178060011131895,17.745428668667437,399.3150000000004,412.10425000000015,387.98310000000026,363.9450750000001,37.203061763153265,3.070952,3.25426466135056
IBKR,"Interactive Brokers Group, Inc.",86.34,USD,-0.7586206896551685,849132,0.22714119116473058,146450954009.09998,USD,Finance,Strong buy,80.59024609177038,77.72650809398704,74.8674960476176,-0.4726224783861632,6.003683241252302,31.9981654181318,86.26599999999999,81.96899999999997,74.81390000000003,69.6067,37.1195184866724,0.603784,28.423144876325097
TOELF,Tokyo Electron Ltd.,320.996,USD,-3.9423048149145745,79923,8.48412470940416,145910579329.4669,USD,Producer manufacturing,Strong buy,303.5912130453432,289.4593449770617,272.6573578053855,-1.4430634702299214,12.255988809232381,42.76006226373137,324.4999999999999,305.58840000000004,274.109572,224.5485390000001,40.74555188351536,2.257755333606,0.23292219349941717
CRM,"Salesforce, Inc.",177.87,USD,2.5128234683879973,6366698,0.5632534175918552,145507219813.87512,USD,Technology services,Strong buy,180.80047664459556,186.41332660438374,196.30475285285493,2.880444213083474,-4.077010192525482,-32.87924528301887,171.22200000000004,179.34299999999982,183.33920000000018,223.79105000000018,22.77931458429384,3.126397,22.754283917623017
PIAIF,Ping An Insurance (Group) Company of China Ltd.,7.93,USD,-5.707491082045189,3364,0.23454767299982568,144936516513.36334,USD,Finance,Strong buy,8.059221547202226,8.096337349237237,8.071676089155664,6.7294751009421265,8.038147138964575,-4.400241109101871,8.202,8.090435000000003,7.997222000000002,7.38952339000001,7.630848884247972,nan,6.443512636076183
PFE,"Pfizer, Inc.",25.315,USD,-0.059218318199751346,12242055,0.33292512342289593,144281420568.54285,USD,Health technology,Buy,26.150200880667533,26.334360334329187,26.300787736272728,-0.019747235387041887,-7.3728503476033564,1.3410728582866327,25.645000000000074,26.290750000000003,26.902100000000033,25.764674999999993,19.408878325538605,0.680595,-5.382662314109543
SCCO,Southern Copper Corporation,172.93,USD,-2.177848172870231,557930,0.4044442681591674,144279939467.34988,USD,Non-energy minerals,Buy,177.35780479192738,176.5416641268563,171.5042576583877,-3.1313018149226997,-9.267895196575049,20.10353337122132,183.99029664999998,177.93470155599996,176.67863204259967,148.84968703940004,29.290807771134336,1.673208,36.79417966125258
BX,Blackstone Inc.,117.315,USD,-0.48774281109509104,2018493,0.48761863505395625,143301933616.3141,USD,Finance,Buy,120.08355481839173,121.93105886905877,126.47531972547259,0.2820512820512806,-9.820124529172114,-24.381204073739845,120.00899999999994,122.69524999999999,117.67009999999999,144.97454999999974,30.09774744727795,1.354564,17.915053242981607
SNEJF,Sony Group Corporation,23.41,USD,1.6059027777777821,122994,0.6758810786928812,143035740117.1875,USD,Electronic technology,Strong buy,21.504489453945922,21.64654660228142,22.357314218297883,5.59933600075782,11.423131841980002,-13.48854397634885,22.612400000000026,20.859455000000043,20.87249399999998,25.419430499999976,nan,0.281519015559,-128.1887949807319
HTHIF,Hitachi Ltd.,31.3,USD,3.0452674897119363,9793,0.25485481109046526,141543307226.56577,USD,Producer manufacturing,Strong buy,31.116333357888518,31.30160901445092,31.402847566122233,11.190053285968036,-6.096807291447909,-5.580693815987927,30.385199999999998,31.474355000000003,31.055754,31.10279799999998,28.1366280115609,0.23593104026099998,24.79941801511023
UBS,UBS Group AG Registered,46.33,USD,1.7347386912604286,1415138,0.7094641205588368,140283670473.78677,USD,Finance,Buy,43.77471732985843,43.03723379653951,42.45830670522974,0.19463667820068406,5.439235320892127,-0.579399141630908,45.93000000000003,43.973000000000035,41.214800000000025,41.521900000000045,16.55193433592921,0.811175,85.69118793825896
FRCOF,Fast Retailing Co. Ltd.,445.585,USD,0.6931929245736035,3,0.0004126547455295736,140050705211.7911,USD,Retail trade,Strong buy,446.7187074471347,437.5144995838241,422.454240219776,-4.48543439583289,-10.516116075911238,18.427906976744183,442.25549999999964,457.09912499999984,436.90348200000045,347.9772539999997,44.64244723544561,2.3874128620110002,12.77318482897237
HON,Honeywell International Inc.,216.74,USD,1.6413430876008253,1304582,0.3753350651078374,137337984496.35933,USD,Electronic technology,Buy,218.94965674495165,220.54933959161323,219.78684572204244,1.2283405726028656,-6.225933457361652,10.756809239102667,216.83999999999992,214.99099999999962,224.0984000000001,211.3943065939999,30.723216057607804,2.434027,-18.970388918242183
DBSDF,DBS Group Holdings Ltd.,48.248,USD,1.638929850431849,32090,3.7031053463655557,137104774335.0501,USD,Finance,Buy,46.524933995354786,45.933019339195454,45.19549537667049,0,2.9751995560677815,7.756560580681182,47.86032000000003,46.548484999999964,45.40182400000004,43.36211499999997,16.11192807631032,nan,2.9161631783345485
CILJF,China Life Insurance Company Limited,3.815,USD,-3.1725888324873095,7033,0.5212834557542785,136562986256.57062,USD,Finance,Strong buy,3.7323148284060674,3.7097681873839194,3.6664668647136693,0,5.972222222222218,3.950953678474115,3.785999999999998,3.672807500000006,3.5452449999999978,3.4843987499999995,5.001424822684152,0.19966160000000002,44.48759727960711
SAFRF,Safran SA,323.61,USD,2.7839095427908926,3325,1.8930767478934183,134917606110.17798,USD,Electronic technology,Buy,331.78694066234056,338.22338974619754,342.8768365262277,0.44509833134684956,-12.957991963118564,-8.969952010981771,325.31640000000027,325.8438,338.6508979999999,349.95921550000014,16.042648014627147,5.9197673991599995,nan
PLD,"Prologis, Inc.",141.7,USD,0.8325624421831549,1037713,0.37935108636645287,134902793327.17853,USD,Finance,Strong buy,140.27133525860452,138.57003197552365,135.86315139608985,0.41099773242629256,-0.5753578445130659,10.928448410834502,142.12999999999994,141.73050000000003,137.30080000000007,127.05555000000003,35.68999823690905,0.76702,0.21201948560034234
PLDGP,"Prologis, Inc.",53.075,USD,0.3687594553706511,1880,1.4959815389512214,133788917052.0,USD,Finance,,52.95254568883845,53.060480497574694,53.377676997890184,0.14150943396226953,0.6161137440758347,-5.22321428571428,53.041000000000054,53.03013000000003,52.74303600000007,54.40590199999995,nan,nan,nan
SHOP,Shopify Inc.,100.48,USD,0.19944156362186163,3632198,0.18980808015877332,130388341508.35205,USD,Commercial services,Strong buy,112.81881888357037,117.60873961876214,123.23139869657643,1.2903225806451624,-22.790840633164272,-38.04796843208582,98.68400000000001,114.41100000000002,118.58999999999975,140.93454999999997,98.53722741158802,0.3940626666,-13.11099438612342
RYCEF,Rolls Royce Holdings plc,15.48,USD,1.9091507570770307,7922,0.10345223854869125,129647006247.37897,USD,Electronic technology,Strong buy,15.948363008127613,16.07691265655406,16.026918502363834,3.5451505016722487,-8.672566371681409,-3.2499999999999973,15.758199999999997,15.909549999999978,16.203078000000005,15.733092499999987,16.64807130158149,0.2814434238,149.73653292629368
VRT,"Vertiv Holdings, LLC",337.41,USD,-9.039197713915991,3770684,0.7398265278271369,129602159727.04797,USD,Electronic technology,Strong buy,321.3691828646219,299.0391462444361,271.1086219898204,-8.880757234097135,12.959491128222309,99.10305962883193,364.34000000000003,337.6869999999999,298.55760000000004,204.07275000000013,84.70189531818754,1.417853,130.95431354359923
UNCFF,UniCredito Spa,84.635,USD,2.2408794394781393,3814,0.30434331585793056,127625606228.78682,USD,Finance,Strong buy,81.13694060406364,80.49576999757366,79.8625013305964,4.42306672046056,-2.068327113888159,3.2134146341463476,84.09050000000003,80.27394000000007,77.479986,79.10868750000003,nan,2.42740528452,nan
CB,Chubb Limited,328.6,USD,1.372821224741646,327206,0.2625543113163006,127450828898.52168,USD,Finance,Buy,325.55993410921985,324.16087406431143,320.1256333453351,1.2884532396276451,0.572338016098921,5.842942730142384,322.17799999999977,324.4645000000001,326.0157999999995,302.99370000000033,11.606426979467997,6.698552,36.293789444800154
RLLCF,Rolls Royce Holdings plc,0.002,USD,0,1111870,0.26885301318029486,127184215636.45491,USD,Electronic technology,,0.00238594864869252,0.00254575023374197,0.0027654269257362057,0,-24.81203007518797,-39.3939393939394,0.002040000000000002,0.0024180000000000004,0.0025994000000000013,0.003401150000000003,0.0021509136048554894,0.2814434238,149.73653292629368
BBVXF,"Banco Bilbao Vizcaya Argentaria, S.A.",22.55,USD,3.487838458008268,749,0.08082879188474613,126723160351.2265,USD,Finance,Buy,22.38031308033734,22.3910926360581,22.22095085525826,4.640371229698376,-5.3515215110178325,-6.041666666666664,21.967999999999993,22.23867500000001,22.00521999999999,21.428397000000004,10.336046786101567,0.5995989006999999,12.084507504919758
ZIJMF,Zijin Mining Group Company Ltd.,4.585,USD,1.9341929746553965,3125,0.41742917061832946,125427711220.46487,USD,Non-energy minerals,Strong buy,4.686962176835468,4.724852060261285,4.683087991454618,3.0337078651685343,-5.072463768115944,-2.446808510638302,4.729400000000004,4.735730000000005,4.709830000000004,4.4129489999999985,14.496905219012351,0.11139120663999999,70.92361166516264
SPGI,S&P Global Inc.,417.22,USD,3.4900161230311424,578470,0.29736249689706573,123497118129.93542,USD,Commercial services,Strong buy,422.44729142222127,430.7377750582169,443.8627028304921,3.272277227722779,-5.793894508670513,-20.043694064889507,411.00199999999984,426.38600000000054,426.6339999999998,483.8109000000001,26.397307249421086,4.933115,24.096290945636138
LOW,"Lowe's Companies, Inc.",220.09,USD,0.7645819979855398,890444,0.3700603550084866,123264235190.72925,USD,Retail trade,Strong buy,231.64798397654698,237.04043772416557,241.51008295393865,0.7645819979855398,-10.63786593040724,-8.86542443064182,221.41799999999995,232.5700999999999,236.80823999999987,249.33003500000024,18.578012627882636,2.972868,-2.9762002260405267
UNLYF,"Unilever, PLC",56.54,USD,0.9552718507276076,5162,1.4684379711546665,123238771151.88257,USD,Consumer non-durables,Buy,58.338481155628834,59.89877405507912,61.780729225121554,0,-1.8232332002083769,-9.853316326530612,56.87200000000003,57.537625000000006,59.08398999999999,66.02594181249994,17.65311992761609,1.87911672078,17.002459407933067
ENB,Enbridge Inc,56.12,USD,1.4644729705297326,1216138,0.25309260825146024,122549045022.05438,USD,Industrial services,Buy,54.455710661234285,53.733626058003935,52.6634782674823,1.2082957619476908,7.571401188422456,17.111853088480792,55.53599999999991,54.108650000000054,53.93846000000012,49.82851500000001,26.35967338068778,0.43915663499999996,12.963747234326824
MO,"Altria Group, Inc.",73.365,USD,0.37624846080173957,1953458,0.22694537699423292,122511564343.71465,USD,Consumer non-durables,Buy,70.02317983834851,68.57606874730013,66.97135838487998,0.17067176406335338,14.346945137157105,27.237252861602496,72.05899999999997,69.77475000000001,67.4729,63.971024999999955,15.334852221897076,1.490051,-19.928367001958186
CVS,CVS Health Corporation,95.75,USD,-0.14600062571696795,2338566,0.23230723387290172,122170033035.68411,USD,Retail trade,Strong buy,86.60088801828945,83.65773677222697,81.3150981702454,0.05224660397073892,24.853305515712613,20.7744702320888,96.41,86.04750000000001,79.31519999999992,77.23785000000008,42.047251010012296,1.826856,-45.60221680760594
SBUX,Starbucks Corporation,106.71,USD,-0.09830080044937882,1644044,0.24057694543764324,121617384569.39166,USD,Consumer services,Buy,102.45034692156047,100.0729797650637,97.4961904898569,-0.07491338140276477,7.711718986575149,26.70387081453336,106.49100000000006,103.55825000000009,98.69750000000009,90.7855250000003,81.44558082735459,0.653875,-52.37541347097525
MSBHF,Mitsubishi Corp.,34.85,USD,-5.965840101454355,5407,0.27340253935186354,120977682507.32433,USD,Distribution services,Buy,34.042444137455774,33.12262414368858,31.592189802252847,3.7279559491033702,7.736301105185888,47.606946209233385,35.7162,32.98736499999999,33.40470800000002,27.072925000000005,26.37809924886503,0.37242942796199996,-15.8891610718286
EBBNF,Enbridge Inc.,24.55,USD,0.4089979550102308,1934,0.4183792670791329,120843353170.4175,USD,Industrial services,,24.479356361970613,24.425625273308967,24.338288723809093,0,0.5323505323505282,1.9433601860310603,24.65479999999997,24.599274999999967,24.414959999999986,24.12287700000002,11.531182849178279,0.43915663499999996,12.963747234326824
EBBGF,Enbridge Inc.,24.695,USD,-0.02024291497975306,505,0.10362587979397944,120843353170.4175,USD,Industrial services,,24.811350440731044,24.784155282817938,24.715658003869102,0,-1.2199999999999989,0.6398239465319098,24.978999999999996,25.008775,24.83489999999999,24.53681949999995,11.599289631790533,0.43915663499999996,12.963747234326824
EBGEF,Enbridge Inc.,24.96,USD,-0.020028039254952956,475,0.5175983436853002,120843353170.4175,USD,Industrial services,,25.102479321035997,25.093926394522978,25.038302143625287,1.5459723352319064,-0.27966440271674103,1.0117361392148927,25.336999999999996,25.221424999999968,25.12284999999997,24.703730000000004,11.723760648288794,0.43915663499999996,12.963747234326824
KYCCF,Keyence Corp.,496.6,USD,1.1405295315682327,1088,0.34009565190209745,120438563635.25461,USD,Electronic technology,Buy,460.7777995553268,438.7337693784854,419.69688157120817,1.7351934935365636,24.83817041440943,45.972957084068206,501.896,474.54288999999983,416.47540620000234,386.1427395499991,42.95566531346227,2.900292624498,5.50662903600504
LMT,Lockheed Martin Corporation,522.0163,USD,1.1639890699792659,273943,0.2273126133221125,120357966916.32777,USD,Electronic technology,Buy,544.1725634134451,558.2006746679139,560.1431241821515,0.812324984067526,-13.620654278291669,8.021996896016555,519.8752599999996,520.4308149999999,583.0647259999988,528.8351814999988,25.28107610722329,7.194242,-10.80754195373751
IVSBF,Investors AB,39.29,USD,0.30635690579524494,15964,0.9135440748964223,120016281744.65143,USD,Finance,Buy,39.70751106558119,39.34333390965856,38.49406690229532,0,-6.785290628706997,9.138888888888886,39.492999999999995,40.149389999999975,39.16034200000002,34.401320999999996,6.005452443358602,nan,367.40626881087917
SYK,Stryker Corporation,312.22,USD,1.7798930760203537,1124297,0.3890970446541876,119692896642.31256,USD,Health technology,Strong buy,316.1714010041934,325.2993774115537,335.49172691333985,1.7003257328990318,-8.712940763698017,-11.119335003416063,304.20599999999996,307.55050000000006,326.3346,359.11512499999975,36.164618396210024,3.480859,16.505627378478323
BKNG,Booking Holdings Inc. Common Stock,153.855,USD,-0.1784208135989137,2767541,0.3772167099497403,119218922773.30809,USD,Consumer services,Strong buy,166.0176001216484,170.84668746355644,177.3211611740633,-1.1468774094063203,-18.40311845350164,-28.19627052768543,155.61099999999988,168.2362499999996,172.1502679999998,196.85814899999994,20.22704564577198,2.451163,18.312049898119483
ESOCF,ENEL Societa per Azioni,11.7125,USD,-0.9513742071881517,5996,1.1457835699680876,118959118318.7777,USD,Utilities,Buy,11.636264218424094,11.526231473705408,11.29741042541419,-0.9513742071881517,-3.1224152191894086,11.974187380497126,11.765400000000009,11.680775000000008,11.514232,10.506365499999994,25.049283784141203,0.21480973071999998,-38.106477578362274
AIQUF,L'Air Liquide SA,205.8313,USD,3.080578926282047,41,0.2541847489150651,118844325441.57051,USD,Process industries,Strong buy,207.1678366156975,205.81629279701195,203.64843173137027,0.7618651327866812,-5.603666313383937,9.48473404255319,205.29099999999994,211.38756000000035,207.3716320000003,199.92296050000013,28.80105457643664,4.037193879219999,20.737286956072488
PGR,Progressive Corporation (The),201.82,USD,1.0464126570870693,576489,0.22333496250225468,117930774928.76132,USD,Finance,Buy,200.05584522689068,201.83096641657067,205.95778105911444,1.3152610441767092,-0.781672484145324,-5.841186899318843,198.56200000000035,199.79699999999985,200.72600000000028,219.65072499999974,10.254872868437634,3.805687,32.50920745214481
AAIGF,"AIA Group, Ltd.",11.278,USD,1.057347670250899,2803,0.08790195623404562,117889009042.21558,USD,Finance,Strong buy,10.986623079295564,10.881041744455915,10.71763567926808,10.568627450980404,2.9202409198758925,3.925543678584594,11.26840000000001,10.915452500000002,10.902589000000008,10.27227525,19.081889585689744,0.374732,-4.647512065929555
IVSXF,Investors AB,38.162,USD,0.29434954007884856,323,0.2073969436239887,117375708878.5829,USD,Finance,Buy,39.079114825978365,38.61155230236208,37.573972367873,0,-9.22454804947669,4.919925768094018,39.857399999999984,39.426899999999975,36.14901999999998,26.870575500000008,5.833038334015042,nan,367.40626881087917
NEM,Newmont Corporation,109.85,USD,0.7243719053731817,2584997,0.4118822609370044,117270665246.27956,USD,Non-energy minerals,Strong buy,112.44742717634512,112.20688973624395,109.59117877136929,0.9465171843411148,-4.10301178524662,8.77314585602535,114.77799999999998,113.16049999999998,111.61099999999993,98.58799999999998,14.249578414839798,2.327177,73.0415263748597
BMY,Bristol-Myers Squibb Company,57.2,USD,0.3508771929824611,4923268,0.5401043912408108,116806477734.81404,USD,Health technology,Buy,57.801052911794194,57.780805372273825,56.968187152118766,-0.4351610095735422,-3.378378378378378,7.498590490509307,56.76200000000013,57.55444999999999,58.47658000000002,52.515544999999854,16.055689664851513,1.611063,33.756335648582706
COF,Capital One Financial Corporation,187.36,USD,0.10151199444356797,1141072,0.266853045092232,116592775178.11617,USD,Finance,Strong buy,190.45065987315056,193.71646380041392,198.68230777526145,0.5851720620604517,-8.435148079366627,-23.323102107632486,185.11399999999986,190.739,188.5607999999998,212.92264999999992,66.04624929498026,4.804862,-76.17936014778739
COF/PI,"Capital One Financial Corporation Depositary shares each representing a 1/40th interest in a share of Fixed Rate Non-Cumulative Perpetual Preferred Stock, Serie",18.81,USD,0.15974440894567404,49292,0.6669462973737265,116474539550.0,USD,Finance,,19.012507366457985,19.095034773680876,19.198297348355634,-0.47619047619047544,-2.7404343329886305,-1.7241379310344924,19.001000000000023,19.076770000000003,19.047608000000036,19.592200499999958,6.630710659898476,4.804862,-76.17936014778739
COF/PK,"Capital One Financial Corporation Depositary Shares, Each Representing a 1/40th Ownership Interest in a Share of Fixed Rate Non-Cumulative Perpetual Preferred S",17.5,USD,0.45924225028701654,13704,1.529157088977661,116474539550.0,USD,Finance,,17.607530362376508,17.6538926807064,17.72564179400042,-0.05711022272987757,-1.9058295964125553,-0.45506257110351706,17.58302000000004,17.65422499999996,17.597831999999997,18.06656550000002,6.168922729836435,4.804862,-76.17936014778739
COF/PL,"Capital One Financial Corporation Depositary Shares, Each Representing a 1/40th Interest in a Share of Fixed Rate Non-Cumulative Perpetual Preferred Stock, Seri",16.4401,USD,0.06147291539866909,23612,0.7468512180772661,116474539550.0,USD,Finance,,16.608640001133338,16.676174915429748,16.762926721091652,-0.3630303030302967,-2.7788290952099297,-2.432640949554898,16.549020000000006,16.644584999999996,16.63233199999998,17.108488500000014,5.795297518330513,4.804862,-76.17936014778739
COF/PJ,"Capital One Financial Corporation Depositary Shares, Each Representing a 1/40th Interest in a Share of Fixed Rate Non- Cumulative Perpetual Preferred Stock, Ser",18.0,USD,0,54338,0.9505250470994274,116474539550.0,USD,Finance,,18.18466682250451,18.236922281476534,18.3137066112148,-0.16638935108153707,-2.9126213592232966,-0.9900990099009885,18.127999999999968,18.27350499999998,18.201401999999977,18.689599999999988,6.345177664974619,4.804862,-76.17936014778739
COF/PN,"Capital One Financial Corporation Depositary Shares, Each Representing a 1/40th Ownership Interest in a Share of Fixed Rate Non-Cumulative Perpetual Preferred S",16.06,USD,-0.12437810945273367,21111,1.038712470847561,116474539550.0,USD,Finance,,16.174529435528736,16.238507805796267,16.352652739426468,-0.37220843672457987,-2.3708206686930127,-1.5328019619865114,16.186000000000025,16.218325,16.149028,16.84693600000001,5.661308516638465,4.804862,-76.17936014778739
BYDDF,"BYD Co., Ltd.",12.07,USD,-1.4693877551020385,57700,0.24556963857001013,116318147461.36528,USD,Producer manufacturing,Strong buy,12.727428580425352,12.776749274404423,12.837975778373695,-1.0655737704917951,-16.75862068965517,-4.735595895816887,12.542740000000013,13.066525000000004,13.213578000000018,13.128653999999997,28.732361079748323,0.10227768227,-40.930309800384116
IITSF,Intesa Sanpaolo S.p.A.,6.68,USD,-1.4749262536873233,500,0.007299355320938055,116150055282.21098,USD,Finance,Strong buy,6.705729152832921,6.662598871287048,6.625245286957971,-3.244495944380073,-4.297994269340984,-7.093184979137701,6.802999999999997,6.808070000000003,6.453280000000001,6.5705374999999995,10.742656332192677,0.17055363522,15.4398102756725
DHR,Danaher Corporation,163.82,USD,1.179667716632695,836519,0.17254041541095655,115946987209.64929,USD,Health technology,Strong buy,175.65338618419716,183.1793263460839,191.1675428704963,1.2296854724093065,-15.808407852811191,-28.403478868930556,164.50400000000005,174.31749999999968,184.74720000000005,207.0940000000003,31.659709338280763,1.83541,0.3160078323413699
CFRHF,Compagnie Financiere Richemont AG,196.1175,USD,1.7312480547774696,117,0.0937875751503006,115074658794.0199,USD,Consumer durables,Strong buy,192.62628218192305,192.1025598805687,192.54812216055964,-0.5022639929987346,-6.499404052443381,-7.496108674119138,198.22099999999972,193.81227499999983,185.4909699999998,193.5600184999999,23.869850791022337,3.64711835179,225.82598453571103
ADTTF,Advantest Corp.,163.25,USD,-6.714285714285714,211,0.2089315773838994,113878343551.634,USD,Electronic technology,Strong buy,167.76563761240115,161.27983178676803,149.59666062831388,-9.662389118537341,-6.628917867764816,11.44866193336975,179.5137,163.47309,150.681386,67.57390409374997,50.499005210058435,1.029183814683,122.44827441877216
BNPQF,BNP Paribas,102.17,USD,-0.32195121951219347,2950,0.4290160262935924,112862105466.61716,USD,Finance,Strong buy,103.51120648657667,102.8728003279748,101.17884440486297,-0.8058252427184449,-7.118181818181816,9.471766848816033,106.31399999999994,107.56687499999998,103.07875199999991,93.94849650000013,8.45345836394464,nan,22.106666890565336
BPAQF,BP Plc,7.275,USD,-1.1548913043478255,13665,2.9251220138710505,112398363017.95546,USD,Energy minerals,Buy,7.434199232151408,7.2323592133415,6.932236072267231,-1.1280239195433446,-1.5494959063536045,20.64676616915423,7.442499999999986,7.605475,7.141908000000001,5.930556500000002,37.58897348776072,0.256703,nan
INTU,Intuit Inc.,399.475,USD,1.6475826972010235,977495,0.4162808685021844,110474806373.96547,USD,Technology services,Strong buy,402.9726117468063,420.81006664823474,455.60452548446773,1.9511012428859553,0.813880126182971,-39.52845897668786,386.0429999999998,394.3077499999983,410.28930000000014,567.5264500000003,25.917719876469523,12.570016,44.03513690309316
CME,CME Group Inc.,303.52,USD,1.559258515692956,568842,0.25340386064885845,109983310496.98132,USD,Finance,Buy,295.2856043074005,294.90829309536736,292.7342839587594,1.8968006177191317,3.3896630775047654,11.487814284927172,296.59199999999936,288.5415000000002,296.9561999999998,282.48322499999995,25.904241700093877,2.97957,17.79430984216348
VRTX,Vertex Pharmaceuticals Incorporated,433.18,USD,-0.8627989472479647,427962,0.36287278314221466,109943434873.16385,USD,Health technology,Strong buy,436.60262036848735,440.93159835435455,443.69150611564083,-0.514445822424328,-1.8955950628467908,-4.657305101906055,444.37800000000027,433.204,444.17390000000046,434.5396499999991,25.67981741115096,4.728573,nan
PWR,"Quanta Services, Inc.",732.105,USD,-4.920193768750242,523420,0.43789477206749716,109859784829.79562,USD,Industrial services,Strong buy,684.5131799281583,643.1037507361087,596.0933130967311,-4.683756900322885,24.58392893608332,72.28026826685493,764.3410000000006,712.8877499999996,627.6597000000003,487.73362499999973,100.43970366305392,3.287824,17.851541657908776
BMO,Bank Of Montreal,153.72,USD,0.8132214060860501,77978,0.0791911128190525,108556410375.88223,USD,Finance,Buy,149.61163516297475,146.61767224706668,142.6430000812349,0.641613198900085,2.153110047846896,18.091726204194522,152.38400000000004,151.9525000000001,144.92220000000012,132.89530000000002,17.450040755812076,2.5188035831,20.59879534203077
PH,Parker-Hannifin Corporation,856.54,USD,-0.7163390207715208,184252,0.2739875137401202,107998030796.8806,USD,Producer manufacturing,Strong buy,898.4288577358309,907.9906341544482,903.7161998354119,-0.43474217696564016,-16.75996112730807,-2.8436610292533038,872.680000000001,909.8879999999999,921.4816000000011,860.8772999999991,31.5987132380067,8.268866,4.3367808437996755
ACN,Accenture plc,175.329,USD,3.855585831062679,2047448,0.32177790493108127,107641362942.91595,USD,Technology services,Strong buy,183.3150777206757,193.05010218130852,206.50434617421095,4.51803278688525,-10.482487491065047,-34.77101082629563,167.5097999999998,176.94394999999986,188.56977999999978,234.59054500000002,14.36240016383371,3.72913,0.7327518628235627
ZFSVF,Zurich Insurance Group Ltd,713.38,USD,2.458851578433345,444,1.1251900658895082,106562058152.45808,USD,Finance,Buy,706.5126417855172,707.8175280774798,710.1857963313134,-1.6027586206896558,-0.22657342657342722,-1.4668508287292823,703.3419999999998,700.2021499999993,703.4734680000006,716.1042906000001,14.470463182970384,23.46,26.558481531120037
MITSF,"Mitsui & Co., Ltd.",37.6,USD,-2.8423772609819156,3550,0.11058742169320246,105752478515.62386,USD,Process industries,Strong buy,37.63312074134184,37.09073640412847,35.66514738201111,4.415440155512367,1.0722801207491304,20.320000000000004,37.850500000000025,36.74237750000002,38.117698999999995,30.327324250000043,20.52590825296688,0.559892641836,-10.334498478620226
SO,Southern Company (The),92.915,USD,0.3943814154511173,2043462,0.38093129301483647,104743189570.39189,USD,Utilities,Buy,93.85190116485327,93.87940019251482,93.49661641823334,0.7427084462756177,-1.6356129578657501,6.590570150281065,93.15100000000002,93.73875000000008,95.20430000000013,92.63954999999991,23.76525053073126,0.992997,-6.2556946242746925
NOW,"ServiceNow, Inc.",101.43,USD,6.689807510255616,25996287,1.041431911245502,104605568420.36194,USD,Technology services,Strong buy,97.2846705462372,101.97988838518175,111.6873964635883,2.599635848674901,3.552833078101076,-33.740527828586366,92.61000000000003,91.99000000000015,99.27699999999996,144.36332500000006,60.335494616620075,0.858966,14.104391502070182
MZHOF,Mizuho Financial Group Inc.,42.854,USD,-3.5471528246680184,33223,8.184012809459293,104499144203.125,USD,Finance,Strong buy,41.71833628697264,41.44502826223485,40.582964176231265,-4.7053591283077605,-5.154593541818827,19.37047353760446,43.90860000000001,43.01853499999998,41.94349799999999,35.107794999999996,13.529890835587146,0.7843385837969999,35.906029468975895
EQIX,"Equinix, Inc.",1056.99,USD,-0.2312542475269997,133978,0.28927055361873194,104244842693.18227,USD,Finance,Strong buy,1048.301494096332,1018.2206590176435,975.8170418155344,-0.3112356053532482,-1.6515622383088002,37.959434060770604,1070.804,1083.6275000000005,1033.1027999999992,862.0603749999984,73.09751037344398,4.620998,50.236888039231985
CM,Canadian Imperial Bank of Commerce,111.81,USD,0.45822102425876465,105185,0.13427687781142414,103604328231.42767,USD,Finance,Buy,107.93251577241134,104.9131470869224,100.92639865990171,0.0626454268838441,3.2982261640798294,22.94919727292721,111.33600000000004,110.34249999999989,103.61279999999995,90.42565000000002,15.887547210480278,1.7782663556,32.88542050130368
HWM,Howmet Aerospace Inc.,258.24,USD,-0.8104474745534909,507098,0.18556047645063234,103323758809.26569,USD,Electronic technology,Strong buy,252.5413020124695,247.20997482618185,238.85177914107766,-0.6769230769230734,2.7493733338638426,25.670348922088664,266.764,253.38599999999997,247.0446,214.34390000000002,59.90813343850044,1.220698,40.55234927777234
XIACF,Xiaomi Corp.,3.995,USD,2.567394094993584,60793,1.2973241741943606,103154737027.94023,USD,Electronic technology,Strong buy,4.029220528844365,4.161034401428749,4.410404966863894,12.535211267605643,-3.1515151515151487,-23.467432950191565,4.0435000000000025,3.972380000000001,4.103840000000001,5.3195749999999995,18.36167847931585,0.029150640480000004,68.07200162407587
SNYNF,Sanofi,85.3,USD,-1.273148148148158,130,0.15294117647058825,102698012474.16983,USD,Health technology,Buy,89.25259819731077,90.5395368328629,91.95796699551988,0,-10.04007593334739,-9.438369253636267,85.35999999999989,89.94797000000021,90.77107999999978,96.03956899999989,17.067595243732374,nan,9.067004402783253
GLAXF,GSK plc,25.696,USD,0.9071274298056221,147,0.08560945780676722,102579053070.59543,USD,Health technology,Buy,26.803516966106976,26.802322123172875,26.26685116409201,0.9071274298056221,-12.894915254237283,1.225132952531022,25.722199999999987,27.102549999999972,27.402668000000002,22.27664350000005,13.651647941340418,0.6201551587,91.03740860452251
ITOCF,Itochu Corp.,13.14,USD,-0.22779043280181746,5901,0.34911169089327865,102210112353.51503,USD,Distribution services,Strong buy,12.886927710105983,12.8644246467051,12.762963549815678,-1.5582858855259227,4.044595065403982,9.500000000000005,13.06119999999999,12.741717500000004,12.837474999999998,12.344185750000003,16.29984287085444,0.228152261706,-1.7722361211992697
ADBE,Adobe Inc.,252.17,USD,1.8457189014539552,2385072,0.5875198442077428,101927119591.32997,USD,Technology services,Buy,249.91494618034085,255.4589906031003,268.2311521393636,1.965144959767088,-0.7517317380352743,-28.09011192699794,242.73599999999993,246.97799999999998,246.89869999999996,307.640775,14.68931490251589,5.824533,13.059885800090878
TT,Trane Technologies plc,459.46,USD,-1.5302186026575317,237785,0.1884542833613457,101566152609.31728,USD,Producer manufacturing,Buy,462.00530987605515,454.94498070013884,445.9914722772906,-1.4436174092108407,-0.8951489398416846,17.545026606631186,469.2820000000003,478.2159999999996,452.98160000000047,427.06930000000034,35.541562881940685,4.271067,7.558033114235796
CNQ,Canadian Natural Resources Limited,48.585,USD,1.260942059191338,1376502,0.19499707228577007,101346948727.41237,USD,Energy minerals,Buy,46.472747144681605,45.33602965713413,43.34524969443745,1.2187500000000018,10.420454545454549,44.19053271998813,47.65099999999995,46.28224999999999,47.052800000000005,37.095875000000014,14.567596618498412,1.3915344729,34.74076146436405
BN,Brookfield Corporation,45.18,USD,-0.7905138339920936,1656198,0.2688472026781642,101077319167.567,USD,Finance,Strong buy,44.81299633517626,44.462442085244334,44.33107423519812,-1.310615989515075,-3.296232876712327,-1.9956616052060774,45.84799999999997,45.62400000000005,42.98920000000002,44.87857215225004,91.06544906477234,0.6460636317,169.9492374738812
IFNNF,Infineon Technologies AG,76.43,USD,0.8976897689769068,3298,0.316728610254785,99464132294.04727,USD,Electronic technology,Strong buy,66.14346903059563,61.183012243693625,56.4323786965878,-2.012820512820504,36.48214285714287,71.984698469847,76.01368,67.71756499999996,56.25399600000001,45.62725850000002,80.26203425555059,0.51921379098,48.88543768339495
MDT,Medtronic plc.,76.82,USD,0.8798424162836342,3355695,0.36301494742804014,98628048426.7821,USD,Health technology,Strong buy,80.94355507088993,84.01862542335388,87.11410956486328,0.6815203145478322,-10.38264115725619,-20.012494793835916,76.59400000000002,79.14,84.05,93.36490000000003,21.44611948632049,1.540025,8.87207075772773
TKOMF,"Tokio Marine Holdings, Inc.",50.59,USD,5.770436964248391,417,0.12421805183199285,96288418811.03683,USD,Finance,Strong buy,46.7561463028082,45.35562111616801,43.90730669721757,0.07912957467854848,8.81910088191009,27.014812955059014,47.083000000000034,46.40150000000005,44.57346400000002,40.697793500000046,14.361260647212431,0.71722924537,0.9704258720189322
MGCOF,Midea Group Co Ltd.,12.304,USD,0.3752651329743935,289,0.06447151206888858,95365829182.70323,USD,Consumer durables,Strong buy,11.647280791173309,11.550450072269939,11.4888709067878,12.81863194571795,1.83744413176626,0.5721759032205352,11.556400000000002,11.62948,11.316426000000002,nan,15.154921268890716,0.26268602303999994,3.4366654531341627
WMB,"Williams Companies, Inc. (The)",77.87,USD,0.19300051466804644,1888618,0.292282118610098,95234878417.53436,USD,Industrial services,Strong buy,74.61520286787734,73.18875490272221,71.0918426688207,-0.128254456842368,11.402002861230326,29.545832640159716,76.744,74.164,73.37720000000002,64.91439999999992,34.215035810009226,0.509262,22.09108953382329
MAR,Marriott International,360.5,USD,2.07548772545799,403199,0.3058950414761172,95059754423.16447,USD,Consumer services,Buy,353.0008732427633,346.9100421399116,337.24882918074235,1.6466474933739286,-2.696429053415749,16.084366446626948,353.51200000000006,357.7255,344.96840000000003,306.09504999999996,37.82870574408697,3.05571,8.54233581630561
DUK,Duke Energy Corporation (Holding Company),121.92,USD,0.80198429102935,988378,0.3081049298322474,95048365257.58017,USD,Utilities,Buy,125.2851868804138,125.82932170918112,125.48445335986044,0.09852216748768847,-4.383969884714927,4.045058883768556,123.23000000000002,125.82199999999993,128.52479999999997,124.0621999999999,18.663605051664753,1.319187,8.965804837364464
BNS,Bank Nova Scotia Halifax Pfd 3,77.08,USD,0,370935,0.22750866739114195,95003728438.16504,USD,Finance,Buy,75.81870291930473,74.87018198934268,73.4850088637639,-0.1554404145077779,2.0927152317880773,4.232589587559155,77.04799999999992,76.79099999999994,73.3108,69.30404999999999,15.664121246964035,1.4203549269,47.001336964270735
ESLOF,EssilorLuxottica,205.4,USD,1.9860973187686197,1108,0.19792429574319859,94912696027.17923,USD,Health technology,Strong buy,217.6314613055048,230.63996619004607,248.4042548403624,2.3303316768175013,-19.41005334081425,-34.18301543687065,201.29000000000033,210.97835000000026,223.78181399999983,297.40435600000046,35.10265755110921,4.0856251,10.222765343239438
STOHF,Equinor ASA,37.43,USD,0,440031,4.756135523019155,94881668872.09947,USD,Energy minerals,Buy,37.54457972206179,36.06934449414119,33.8011940431136,0,7.38774924687994,55.16955476328663,38.396400000000014,38.71631,35.442164000000055,26.857868500000006,16.759880685679544,1.381573,-31.960101946209623
CDNS,"Cadence Design Systems, Inc.",342.845,USD,-1.2656951964059386,513023,0.26708578686791296,94562137125.2413,USD,Technology services,Strong buy,329.9336904607239,321.5000414496469,316.9507312753158,-1.1703492310574786,8.382069357948993,8.59835286664556,351.1030000000001,343.2177499999997,310.1818999999998,322.7009249999999,80.03851990194934,2.052254,8.486982068686055
HCA,"HCA Healthcare, Inc.",425.94,USD,0.6950354609929073,355647,0.2987326121075715,94490443549.04355,USD,Health services,Strong buy,447.48501493495127,459.46164265437136,465.18708833466957,0.2636410715126417,-11.808186843903353,-8.557320738514386,427.77400000000017,437.19700000000023,473.5878999999999,461.6113499999999,14.648590648343031,7.380902,29.19984359448315
AXAHF,AXA,45.9,USD,-0.21739130434782916,2067,1.272940017243503,94474482571.72284,USD,Finance,Strong buy,47.269767872070354,47.0342929455157,46.80458694368099,-1.125744788098909,-9.62787950383934,-7.775768535262215,46.80559999999999,48.141995000000065,46.688115999999965,46.545275000000004,8.62581711731301,2.6501352,46.9467483863275
SNPMF,China Petroleum & Chemical Corp.,0.6231,USD,8.365217391304354,100,0.009070541602039057,94395629531.07013,USD,Energy minerals,Buy,0.602876056787159,0.6065599235982047,0.6049563118256653,0,12.676311030741399,8.6675967910708,0.59962,0.5889335500000004,0.6258183799999999,0.5656199049999996,14.752141297813415,0.0176172,-16.120063077458617
DUK/PA,"Duke Energy Corporation Depositary Shares, each representing a 1/1,000th interest in a share of 5.75% Series A Cumulative Redeemable Perpetual Preferred Stock",24.65,USD,-0.04055150040552134,27229,0.47664811119280187,94292156971.0,USD,Utilities,,24.826260265929808,24.85491958892793,24.886684094872365,-0.3637833468067901,-1.2419871794871886,-1.4536092365753097,24.97,24.989840000000033,24.868637999999905,25.016964499999972,3.7734404898584004,1.319187,8.965804837364464
CEG,Constellation Energy Corporation,260.94,USD,-2.342814371257482,1455106,0.40306992255111657,94248939469.34056,USD,Utilities,Strong buy,286.41775574549854,292.5722450404317,299.9775400272203,-2.342814371257482,-14.170120386816652,-27.11173184357542,274.37800000000004,298.02950000000027,296.2621999999999,325.3887750000004,22.661073912930203,2.456616,21.378125395286084
SNPS,"Synopsys, Inc.",491.25,USD,-2.2232395207197198,928581,0.6408005491978719,94104848267.4804,USD,Technology services,Strong buy,476.731484719467,466.18677419112277,461.80606651132297,-1.5876195722942879,8.551541266158432,2.5702593226708985,505.2359999999999,495.3125000000003,448.29619999999994,473.760675,75.91679673615725,3.152977,-52.15246968352558
BK,The Bank of New York Mellon Corporation,136.16,USD,0.8443193600947906,639431,0.1904713251636793,93457379763.62257,USD,Finance,Strong buy,131.1171094693234,128.0425693131504,124.20290424424493,0.8069889686829077,0.14710208884965328,17.369192311007662,135.11800000000005,133.9425,126.51019999999997,115.42704999999998,16.869649251050014,2.185806,31.533660349070292
CMI,Cummins Inc.,676.925,USD,-2.81466699208936,286465,0.29962347423074953,93408247995.73386,USD,Producer manufacturing,Buy,648.8586227144904,624.7657762349781,594.0389176920703,-2.5656711047139327,9.956467358640737,32.61338035067097,700.8069999999999,674.1576499999999,608.5528600000005,512.6708150000002,35.136278463798355,7.264108,-4.155514651012388
MCK,McKesson Corporation,775.42,USD,1.9524830061664156,282215,0.19734919986914945,93208629835.62038,USD,Distribution services,Strong buy,806.9228651302319,826.5468386626318,834.2240915577966,2.3994717728623254,-10.559765620494373,-5.205378973105139,751.018,788.7249999999999,848.1380000000004,815.3607499999989,20.158686417544935,9.603315,49.00157656000032
BK/PK,"The Bank Of New York Mellon Corporation Depositary Shares, each representing a 1/4,000th interest in a share of Series K Noncumulative Perpetual Preferred Stoc",25.65,USD,0.35211267605633745,5204,0.17002479800570452,92674907577.0,USD,Finance,,25.51600571009018,25.50285417424904,25.515629847658484,0,0.1953124999999889,-0.19455252918288216,25.637999999999977,25.55549999999997,25.37600000000001,25.642619500000002,3.1779267280363754,2.185806,31.533660349070292
GD,General Dynamics Corporation,339.015,USD,1.3497757847533591,220893,0.18519965557976706,91679886042.65465,USD,Electronic technology,Buy,339.5508130223155,341.3701477998015,341.8117033165055,1.202739807795618,1.2559362026223782,0.7354252094847464,340.391,335.9522500000002,342.80330000000004,340.64482499999997,21.316737614517375,3.915228,10.37337775001735
FTNT,"Fortinet, Inc.",124.88,USD,1.7103762827822073,1749039,0.25024622735397,91493128343.27937,USD,Technology services,Buy,103.14719729506298,96.56016172921551,91.8879900671403,2.6214150710822564,48.755211435378186,56.158559459797424,120.21600000000005,98.76100000000011,88.51180000000008,83.42345000000006,48.249748860211724,0.744451,6.532208273307267
SPOT,Spotify Technology S.A.,443.425,USD,1.48418547168948,881639,0.4162722383109802,91271292249.57649,USD,Technology services,Strong buy,461.50026733520167,476.3283148065567,498.5837726651487,2.171658986175118,-16.669798733392213,-24.314706083156956,435.31100000000026,453.2632500000003,481.76650000000024,578.1340250000007,35.323662492432206,3.20519555658,106.90951046645789
CIXPF,Caixabank SA,13.0,USD,2.7667984189723294,228,0.06188925081433225,91226394873.02602,USD,Finance,Buy,12.54479640822098,12.355347579134538,12.007985971629093,2.362204724409455,2.201257861635215,4.838709677419351,12.663,12.675399999999996,12.3183,7.910632694999997,13.180047769136547,0.24468303106,4.590508053802476
PROSF,Prosus NV,45.75,USD,1.0415562387363562,200,0.01873308168560269,91126633306.79755,USD,Technology services,Strong buy,47.987616966883195,49.90518721992395,52.20390089057394,0,-4.727197001249485,-27.242366412213745,46.51568000000001,47.70843500000002,57.004226000000045,47.60598000000001,7.388696138721081,1.83,90.7458634677204
GMBXF,Grupo Mexico S.A.B. de C.V.,11.65,USD,-2.8681007170251744,5229,0.19331940773055808,90695250273.9142,USD,Non-energy minerals,Buy,11.57030210627453,11.375058591156124,10.967105285568522,4.954954954954961,-3.639371381306861,21.480709071949953,12.09500000000001,11.545695000000006,11.254584000000005,9.573609500000002,15.323660659119424,0.198119,66.96645358323435
ATLFF,Atlas Copco AB,17.1712,USD,1.3050147492625346,550,1.2265834076717217,90664090810.04263,USD,Producer manufacturing,Strong buy,16.474801442922626,16.073792496160973,15.589609380744555,0.9476778365667097,-2.712747875354106,-4.2186584855668645,17.378239999999998,15.853264999999999,14.99511,nan,30.50009989550049,0.15197728649999998,-5.163753757816815
SHECF,"Shin-Etsu Chemical Co., Ltd.",45.886,USD,1.833111407012873,684,0.22736338252891902,90560238792.72174,USD,Process industries,Strong buy,44.22469285053039,42.48091768221922,40.31897458693071,-0.4512517898207975,0.5257853919291986,38.2941531042797,46.43559999999999,45.01881000000001,42.333004,34.73683999999999,28.855473290213443,0.42627722223899994,-11.411713622964498
CHDRF,Christian Dior S.E.,501.69,USD,-0.1512588317245479,18,0.6338028169014085,90510184341.51067,USD,Consumer non-durables,,523.2355699894562,543.6299179181847,562.6703387572297,0,-8.318561429798438,-28.979331823329556,498.52074999999996,531.1666875000001,607.2207949999997,643.6784987499997,17.015286240056543,nan,-1.2990388512299729
GLCNF,Glencore Plc,7.72,USD,1.0233191132979118,3069,0.02978414501355766,90298118878.11247,USD,Distribution services,Strong buy,7.504569104380409,7.287576008262569,6.912953541623048,0.5208333333333338,3.6241610738254977,35.43859649122806,7.821159999999996,7.673265000000001,7.418686,5.7240619999999955,271.58311850592696,0.278575,nan
CMCSA,Comcast Corporation,25.175,USD,1.6760904684975733,12583292,0.40406776169903547,89930854695.9047,USD,Consumer services,Buy,26.672013635837224,27.37704722092597,27.929054196891297,1.8406148867313992,-14.078498293515358,-10.080316193711857,24.989,26.767250000000008,28.11569999999999,28.648909323699957,4.950835791543756,0.976076,24.843485306032253
AEM,Agnico Eagle Mines Limited,178.41,USD,-1.0647146897354935,591119,0.27979747309017977,89381532259.04623,USD,Non-energy minerals,Strong buy,192.14883831110762,195.27910123517614,193.69419711056912,-1.9725274725274744,-18.062827225130896,4.799107142857135,188.88400000000001,190.95800000000014,200.50219999999982,180.92177500000008,16.889251955645307,3.2936624051999996,131.3305660574122
WM,"Waste Management, Inc.",221.145,USD,0.6027658993722214,732903,0.36436061660163155,88806471005.36472,USD,Industrial services,Strong buy,224.17091324529963,225.56744338721634,225.7567453721138,0.8873175182481852,-1.168662853056838,0.8229233154007508,218.77500000000026,223.62624999999966,228.22929999999974,222.5915249999997,32.0063970822358,1.991478,4.211034357937912
MHVYF,Mitsubishi Heavy Industries Ltd.,26.32,USD,1.2307692307692317,2830,0.08869527063026922,88438239394.53287,USD,Producer manufacturing,Strong buy,28.109049266761392,28.521584289705846,28.514161611672158,-2.6987060998151584,-13.958810068649884,9.211618257261405,26.982399999999995,28.64919750000002,29.227131000000004,28.02863975000001,42.281510295547754,0.15076220727,27.880891365054783
ICE,Intercontinental Exchange Inc.,155.96,USD,1.0365379632028986,877162,0.3243430963528198,88197331752.10443,USD,Finance,Strong buy,157.0577237237032,158.20324484033225,159.5802106128228,1.0561783191861565,-4.902439024390239,-3.3345729515309257,155.3299999999998,156.35899999999995,158.7635999999999,163.23542500000008,22.707220127251286,1.933167,42.23616633532139
FDX,FedEx Corporation,369.0,USD,-1.8042471658949313,323075,0.23952018119239274,88045890643.9486,USD,Transportation,Buy,374.78065027248215,368.00510251426437,353.36730174366915,-1.4712557742116341,-3.74833711558025,27.71259474613228,374.1759999999997,381.3455,369.70740000000006,300.26265,19.64186858578546,5.898516,17.954642489388956
ADP,"Automatic Data Processing, Inc.",220.18,USD,2.657590451324141,945460,0.3532495947545727,88013492776.2639,USD,Technology services,Buy,211.87698391780853,214.3667648987916,222.3731517961764,2.2666047375754736,9.18918918918919,-14.336847838773672,213.09399999999974,208.52874999999977,206.1401000000001,251.62574999999993,20.52367147957234,2.594385,9.820039308819906
FCX,"Freeport-McMoRan, Inc.",61.21,USD,-2.8566894143786654,4814309,0.34107512121045247,87993033898.90747,USD,Non-energy minerals,Strong buy,61.507344052028174,60.74897447811251,58.8113522627518,-1.8283881315156385,-11.763009946662827,18.3373610439826,64.70999999999997,61.741,61.26879999999991,51.73295000000003,32.56370697451721,0.543665,55.154766817994215
WEBNF,Westpac Banking Corp. Ltd.,25.52,USD,1.7138302112395365,7071,4.67195242814668,87174787675.6674,USD,Finance,Buy,27.002308827997478,27.043668153627724,26.7061119396678,1.7138302112395365,-6.7115075303406995,-0.3514252245216707,26.25520000000001,27.760649999999977,27.259340000000023,23.58064850000003,18.22970941818186,0.7487966027999999,14.37204156459396
KKR/PD,KKR & Co. Inc. 6.25% Series D Mandatory Convertible Preferred Stock,41.51,USD,-0.19235393123348254,7319,0.06416854434985403,87066738614.0,USD,Finance,,42.444168627197605,42.925297620356815,44.099486930222035,0.605913717886573,-6.149672168211619,-19.996145321383832,42.41999999999997,43.572000000000045,41.64869599999995,48.778859999999995,14.148403149391594,1.389472,27.19035852083061
KKR,KKR & Co. Inc.,96.8327,USD,-0.14159018253067568,1000674,0.19987421998192517,86943460659.87292,USD,Finance,Strong buy,98.51014752718076,99.78541732205142,103.46205894981044,0.4176086280203213,-6.909536627571614,-24.865999379267528,98.0545399999999,101.10113499999999,95.85145400000003,117.98036350000017,33.00477180544668,1.389472,27.19035852083061
ATLPF,Atlas Copco AB,18.4475,USD,1.1265212147790848,406,0.041059455304861395,86611720699.36493,USD,Producer manufacturing,Strong buy,19.3317840681323,19.318863819703225,19.110194808713995,-1.5082754938601113,-10.622577519379838,-6.071792260692459,18.757400000000004,18.876055,19.637757999999998,17.457492500000004,32.76710962671481,0.15197728649999998,-5.163753757816815
PNC,"PNC Financial Services Group, Inc. (The)",214.605,USD,0.8292614170268683,433742,0.2751667731721817,86177777275.7542,USD,Finance,Strong buy,215.87514314428105,215.40922209042344,213.55413047132055,0.48461862621154495,-3.121614301191775,2.814640923681311,213.19300000000004,219.07425000000012,213.9479000000001,206.13172500000016,12.459721665824812,4.343033,21.59906809276713
EPD,Enterprise Products Partners L.P.,39.77,USD,1.376497578383906,2091360,0.5049309085627335,86043122206.0576,USD,Industrial services,Buy,38.218836691783345,37.561113089742804,36.603491950325875,1.6875479417028987,8.070652173913059,23.894080996884743,38.93599999999997,38.26149999999998,37.887,33.80525000000003,14.784386617100374,0.73277,1.055636951049994
CSX,CSX Corporation,46.24,USD,1.2702584318878787,2063225,0.17189102724130703,85920343189.69075,USD,Transportation,Buy,44.282843630158695,43.073992830487626,41.5631559665973,1.0489510489510576,6.987505784359101,27.050419013600763,45.350000000000044,45.00799999999998,42.46950000000001,37.80347500000002,28.283075417456725,0.490741,-2.5801453938743832
MNST,Monster Beverage Corporation,87.795,USD,0.8095074061315861,1393880,0.22486997959960234,85864219080.96986,USD,Consumer non-durables,Strong buy,82.22064305689675,80.55328568508455,78.74053964504347,0.3486112698594203,15.946909667194932,14.510238685274553,86.50099999999998,80.07575000000003,76.85500000000008,73.1855499999999,42.60652237212462,0.578868,36.0401399617086
SLB,SLB Limited,57.335,USD,3.530155290718668,4613040,0.4574789952467918,85719130134.98366,USD,Industrial services,Strong buy,54.275498999748216,52.57412097886894,50.11370329225011,3.961922030825027,12.875283000295301,49.27102317104922,55.89700000000001,55.29325,51.96430000000009,42.53142499999994,25.140313952468645,0.52021,-22.62595419847327
EIPAF,ENI S.p.A.,29.3,USD,9.491778774289982,200880,8.356351292888283,85696571564.81717,USD,Energy minerals,Buy,27.17713461016332,25.82043073858077,24.12205951891883,9.491778774289982,6.934306569343074,42.85714285714285,27.747500000000002,26.465125,22.58870200000001,17.372365499999997,32.49595263464474,0.8737786339399999,1.8868168523695046
ELV,"Elevance Health, Inc.",392.275,USD,-0.10313741468881266,540467,0.3190866939159529,85187366622.28658,USD,Health services,Strong buy,361.56960646549055,350.4964201646546,344.1201527268863,0.656410256410257,24.098386586523237,11.83891660727013,394.92099999999994,370.75975000000005,328.1289000000007,330.2818749999991,16.689570374656444,6.194817,-8.294186500195076
MIELF,Mitsubishi Electric Corp.,40.43,USD,-4.371067694782154,5526,1.5758405338352297,84946539240.72424,USD,Producer manufacturing,Strong buy,38.50238355356828,37.194331935483426,35.4261963316909,-5.196266941799936,7.8133333333333335,34.766666666666666,40.7628,39.9999,36.79199600000002,29.290292,32.37104276394563,0.32278028437499995,20.223439291163178
JCI,Johnson Controls International plc,139.19,USD,-2.718758736371271,1304285,0.33769327647620756,84921991532.3477,USD,Producer manufacturing,Buy,139.742848959704,137.50022733576475,133.5171332114531,-2.54848421200029,-0.0717926627898588,15.548729868836134,142.42799999999988,142.28299999999996,137.93519999999995,121.77307500000008,24.895367554999105,1.291488,49.09730926158032
CHGCF,"Chugai Pharmaceutical Co., Ltd.",51.0475,USD,4.178571428571427,892,0.23732240727930612,83935369079.89714,USD,Health technology,Buy,52.45417991566987,53.441009233536775,53.77591022946231,-0.05873427634477242,-6.321970913428453,-4.886342463201047,50.10899999999996,51.842755,55.009902000000054,51.27083300000002,29.499598215212263,0.47678239889699997,4.159491019369339
AMXOF,America Movil S.A.B. de CV,1.36,USD,2.50998718625161,546,0.043584114947116344,83248317804.1936,USD,Communications,Strong buy,1.2908476487751173,1.2452987011070749,1.185299711825552,0,4.2145593869731925,33.33333333333334,1.3413399999999995,1.2755849999999997,1.1003013999999998,0.9145318500000001,16.806647254395916,0.023852111,203.85455876821186
USB,U.S. Bancorp,53.605,USD,0.913027108433734,1628880,0.18195659844511824,83211029357.13544,USD,Finance,Buy,54.43642220070105,54.36827490485582,53.8797079776293,0.8560677328316054,-4.19124218051833,0.5156572285767834,53.473,55.33275,54.030100000000004,51.64867499999992,11.228059151271415,1.255012,18.199598920551608
SU,Suncor Energy Inc.,69.615,USD,1.9402547957241008,622013,0.1889016524752964,82626808134.74689,USD,Energy minerals,Strong buy,65.62772327610509,63.26215351711389,59.74019592380167,2.3599470666078366,13.80578715056399,57.357594936708836,67.46500000000003,66.00024999999997,64.26110000000001,49.679925,18.423628517225502,1.9404006711,12.754683562320244
USB/PR,"U.S. Bancorp Depositary Shares, Each Representing a 1/1,000th Interest in a Share of Series M Non-Cumulative Perpetual Preferred Stock",15.66,USD,-0.4450095359186286,12295,0.09119729174825839,82458163967.0,USD,Finance,,15.883676463993096,15.99136362272514,16.124024453992675,-0.6345177664974597,-2.429906542056078,-4.22018348623854,15.777020000000018,15.887169999999998,15.980392000000002,16.514338999999993,3.2801307025260775,1.255012,18.199598920551608
USB/PQ,"U.S. Bancorp Depositary Shares, Each Representing a 1/1,000th Interest in a Share of Series L Non-Cumulative Perpetual Preferred Stock",14.8696,USD,-0.20402684563758525,6458,0.2525507310987795,82458163967.0,USD,Finance,,15.02979506046701,15.1071238230508,15.205552603855072,-0.2709590878604963,-2.30223390275953,-3.1927083333333286,14.96792000000002,15.042480000000008,15.091792000000028,15.526745630000015,3.1145741694943654,1.255012,18.199598920551608
USB/PH,U.S. Bancorp Depositary Shares repstg 1/1000th Pfd Ser B,18.96,USD,-0.10537407797681546,12123,0.26517256011934187,82458163967.0,USD,Finance,,18.84375669187276,18.823831169319316,18.869371868071102,0.1584786053882786,0.3705664372683975,5.8035714285714235,19.071999999999992,18.839999999999993,18.70639999999992,19.11260049999993,3.9713459846675883,1.255012,18.199598920551608
USB/PA,"U.S. Bancorp Depositary Shares, Each representing a 1/100th interest in a share of Series A Non-CumulativePerpetual Pfd Stock",778.03,USD,-0.8234649262578282,408,0.41687953407581485,82458163967.0,USD,Finance,,778.9241337627356,778.7536267972465,781.234030685203,0.4791300754210045,-0.03469099319028419,0.6507115135834376,779.5680200000004,782.0849799999957,774.660857999997,795.3105294999973,162.96552301956348,1.255012,18.199598920551608
USB/PP,"U.S. Bancorp Depositary Shares each representing a 1/1,000th interest in a share of Series K Non-Cumulative Perpetual Preferred Stock",22.0201,USD,-0.4966109353818331,7693,0.21208378591474744,82458163967.0,USD,Finance,,22.209783169467396,22.34955554436304,22.550031314944512,-0.6761389264772321,-1.1665170556553042,-2.5659292035398322,22.24959999999998,22.2042,22.224881999999926,23.220508000000013,4.612312010389174,1.255012,18.199598920551608
USB/PS,"U.S. Bancorp Depositary Shares, each representing a 1/1,000th interest in a share of Series O Non-Cumulative Perpetual Preferred Stock",17.665,USD,0.028312570781421322,8328,0.16236481783673445,82458163967.0,USD,Finance,,17.843345839005558,17.959740980284902,18.13048354535867,-0.4788732394366245,-2.024403771491969,-3.0992868897421904,17.766999999999953,17.87325,17.922504,18.74246350000002,3.7000963512211467,1.255012,18.199598920551608
OVCHF,"Overseas Chinese Banking Corp., Ltd.",18.2,USD,12.833230006199631,206,0.005297672624405298,81793138295.99652,USD,Finance,Buy,16.36007659270959,15.673683332671477,14.880087683622223,12.833230006199631,2.53521126760563,27.272727272727263,16.72599999999999,15.195250000000001,13.408807320000003,9.829684389999997,14.366500478357105,nan,3.6317528876672784
ABNB,"Airbnb, Inc.",134.61,USD,1.3248024087316668,1134546,0.2690567773579155,81130109818.22145,USD,Consumer services,Buy,135.50512501867797,134.14225527154056,132.563259606969,0.8464419475655396,-3.7847110539294433,-0.9783728115344889,133.91599999999997,139.04849999999996,133.98639999999997,128.26177499999997,33.15598906377005,1.25661,2.1538384117957854
BSX,Boston Scientific Corporation,54.58,USD,3.6066818526955173,5075979,0.30326447635919956,81125261966.17122,USD,Health technology,Strong buy,58.904221747834484,63.49805966769574,69.83452447003408,1.9044062733383045,-14.82521847690387,-42.97952361053071,53.59400000000009,57.124,62.61859999999998,87.20299999999997,22.886615229788664,0.832137,74.73622508792495
ENGQF,ENGIE SA,32.03,USD,3.9260220635950707,2087,0.2948031585043719,80990819875.01204,USD,Utilities,Strong buy,31.987445037582287,31.647002490873604,30.67091121419015,1.1367224502683908,-3.8022585295530944,20.187617260788002,31.638800000000003,32.73944999999999,32.618032,27.051410999999984,18.065015257837096,nan,3.5250456672288224
AMT,American Tower Corporation (REIT),173.75,USD,1.8285178456309,734816,0.26415725138645385,80948922604.78815,USD,Finance,Strong buy,176.43197675069723,177.71831987938268,179.6057789316906,1.6735911990169197,-2.5464131471198566,-0.8615770854730064,173.51400000000027,177.25000000000028,177.5547999999999,184.59190000000027,28.04726468546708,1.553594,58.97402997331144
UPS,"United Parcel Service, Inc.",95.035,USD,-3.9371272617002027,2478692,0.45025021509884733,80780344228.60007,USD,Transportation,Buy,100.9335529955539,101.87137791425162,102.01869677145827,-1.8436273497211286,-10.496326991900554,-4.295065458207453,97.85499999999999,102.29674999999995,100.5853000000001,97.47932499999993,15.385549385614143,1.658772,-9.902564252166055
NGGTF,National Grid PLC,16.228,USD,-4.597295708406819,1132,0.30700802777175096,80743175464.75017,USD,Utilities,Buy,17.14517898835685,17.159214137739752,16.9553155508201,-2.884500299222019,-7.616987361949205,2.2558286074354275,17.043799999999983,17.196450000000006,17.462439999999997,15.892289500000002,18.82720919224451,nan,10.73462745815208
INGVF,ING Groep N.V.,28.42,USD,-8.617363344051446,714,0.44497070921101833,80563580396.1648,USD,Finance,Buy,28.53270462881986,28.15556075602544,27.54175145674054,0,-2.219163942886632,-1.3964784456587729,29.098000000000006,27.656100000000002,27.844839999999998,19.93871705999999,11.273743374763258,0.7307968658599999,nan
MRSH,Marsh,164.395,USD,2.0769947221359817,542890,0.19936596855343278,79204607445.06583,USD,Finance,Buy,167.34447534594196,170.38399023744876,174.59010962534822,1.9567104936740272,-9.55380721830985,-10.853532888671973,161.59900000000033,167.10975,171.10490000000044,185.35052500000006,20.56968756647189,2.913696,-1.9711019527033586
BAM,Brookfield Asset Management Inc,48.31,USD,0.813856427378966,649176,0.19083839535310732,79139941798.04182,USD,Finance,Buy,47.79108186302469,47.863938196958564,48.63184555436741,1.035239987451646,-1.8089430894308953,-7.787745753006296,48.44599999999999,48.097749999999955,46.16700000000006,52.44299999999999,31.316068250115983,0.4358216178,13.918809923757516
MELI,"MercadoLibre, Inc.",1558.41,USD,0.7499305021301994,244083,0.24928602308808762,79006997928.01262,USD,Retail trade,Strong buy,1683.5420293517548,1738.1389645701247,1813.6899305874695,1.1954545454545507,-15.770272242310247,-23.13827032625582,1570.6740000000002,1739.286499999999,1733.7195000000002,2053.8036250000005,41.149615281027046,8.682762,-6.841315524069561
MMM,3M Company,151.32,USD,3.487894952810829,1726308,0.45012120597401895,78923558553.97784,USD,Producer manufacturing,Buy,148.16070365295363,150.0045649697523,152.39009006998265,3.2196452933151423,-0.994504056529711,-5.484072454715804,146.59400000000008,145.20199999999977,147.03699999999984,157.58759999999992,29.193193656673227,2.225062,-34.5232681521904
NPPXF,NTT Inc.,0.9253,USD,-0.32317138855973315,1248,0.006205080907194761,78868236241.80458,USD,Communications,Strong buy,0.9581251668406694,0.9654028379711509,0.9745414174808691,1.1234727109790024,-3.9946046897696594,-10.165048543689322,0.936444,0.9522898999999999,0.9656243600000005,1.006345045,11.653815898626085,nan,-0.3344991850034472
MDLZ,"Mondelez International, Inc.",61.375,USD,1.546988749172737,2242288,0.3394602684555733,78784003474.28648,USD,Consumer non-durables,Strong buy,59.935790600247245,59.403321448885755,59.14258058031388,1.42951578251529,7.036972445064521,13.783833889506864,61.20099999999998,60.11024999999999,58.40369999999998,58.957825,30.430363429024737,0.677916,-25.044596402556852
VCISF,Vinci SA,141.05,USD,-5.036019659328074,264,0.2881781464905578,78728387694.8544,USD,Industrial services,Strong buy,149.57331548509353,149.08246876681778,147.39769921703393,-5.036019659328074,-9.774195611846734,-0.2475247524752435,147.45880000000017,149.74486000000002,144.388504,131.90892250000007,13.889322073369987,4.1437421,16.304065595490236
BAESF,BAE Systems PLC,26.618,USD,4.425264809729306,48897,1.8279115670163213,78138779585.07484,USD,Electronic technology,Buy,27.603727966490336,27.802207959512668,27.54805152891612,2.3572389925014403,-13.577922077922084,13.268085106382973,26.087759999999996,27.541742500000026,29.041353000000026,26.26196874999999,29.04309367496455,0.5167335789,14.336737814628211
APO/PA,"Apollo Global Management, Inc. 6.75% Series A Mandatory Convertible Preferred Stock",67.0,USD,-2.9266879165459234,731,0.006025849327388268,78048944279.0,USD,Finance,,65.25876836799678,64.65615556031115,65.14429045437284,0,6.147021546261094,-12.340954436921471,68.07800000000005,66.1145,61.406989999999986,67.89584150000006,44.05865719734333,2.190232,-73.13820391436445
RCRRF,"Recruit Holdings Co., Ltd.",57.225,USD,4.424991925197219,66697,4.44634809738407,77687960055.53885,USD,Technology services,Strong buy,50.32449746260592,49.00339449810691,48.933717500851344,-3.332882867664446,22.632007543288186,-2.3297491039426554,52.51342000000003,48.92840500000003,45.34516999999999,51.32050199999993,26.14064933742418,0.672678882615,22.927653716688813
NOC,Northrop Grumman Corporation,546.87,USD,1.1429839649336864,179251,0.2741451727089659,77673840001.36331,USD,Electronic technology,Strong buy,591.1580932148629,613.6670795452161,623.834605618121,1.272222222222223,-18.50168400345742,-3.9888340736319154,549.2620000000001,565.8639999999995,645.1860000000001,620.32435,17.085362767549466,6.81895,25.97993490059943
APO,"Apollo Global Management, Inc. (New)",134.35,USD,-0.7608213916383522,819844,0.24789282751316366,77455131214.97748,USD,Finance,Strong buy,127.40298366928678,125.37671587699175,125.6192698404145,0.351060651329548,9.405537459283385,-7.351217157437415,133.75600000000003,129.14799999999997,117.86860000000004,129.58844999999997,88.34747155915039,2.190232,-73.13820391436445
VLO,Valero Energy Corporation,258.98,USD,3.286272633006305,907114,0.3092192091739391,76899650401.56535,USD,Energy minerals,Buy,243.4169737751962,235.10125676040468,222.71589139692986,3.6127225445089137,13.493141680178807,58.640122511485465,249.14200000000014,243.98600000000005,240.26119999999995,188.75044999999997,18.807279487589142,9.096777,385.49871311215315
MCO,Moody's Corporation,439.41,USD,2.450454651433912,410606,0.4148458071179064,76764924566.80171,USD,Commercial services,Strong buy,444.3131118879323,449.3082065208596,457.1130499378148,2.9039132573007738,-2.841285985937285,-13.793847602605352,438.21199999999965,451.59875,444.37390000000016,480.2180749999993,31.507733344806077,4.200401,20.48362433153924
NOKBF,Nokia Corp.,13.71,USD,-2.4199288256227747,164172,0.11760657173247263,76522557419.07266,USD,Electronic technology,Buy,11.932148967512063,10.813341423811663,9.63843038618399,-5.578512396694206,32.591876208897496,112.22910216718267,14.091,12.565040000000002,10.295370000000002,6.966675000000001,85.9878879380255,0.0632545428,7.262123570069331
BCLYF,Barclays Plc,5.62,USD,-3.7671232876712284,217918,2.2076341971672893,76383518432.05766,USD,Finance,Strong buy,5.814073102239744,5.825860046423322,5.797364331760924,-0.9691629955947088,-6.333333333333331,-10.079999999999998,5.786,5.831999999999998,5.631249999999994,5.613013000000008,9.347261751271027,0.19569881100000003,18.367794117082507
RACE,Ferrari N.V.,322.6,USD,0.4358655043586657,248951,0.4083814396917606,76269356401.52829,USD,Consumer durables,Strong buy,336.58508626147926,342.1180523349166,352.3441225983804,0.38273640974578155,-14.224940175485242,-13.059882498787253,327.6719999999999,339.26049999999975,339.71059999999983,390.26134999999954,31.089500492856622,2.78156912018,8.872330655924301
EOG,"EOG Resources, Inc.",142.81,USD,1.8180521887922512,1032274,0.2903298433155305,76064670107.26218,USD,Energy minerals,Buy,136.70684803184238,133.76147156931165,129.5627603061448,2.785374982006625,13.063098725358245,36.00952380952381,137.62399999999997,135.97750000000013,137.14499999999995,118.77549999999995,14.043800214379136,4.706872,-5.629437149088195
CP,Canadian Pacific Kansas City Limited,85.595,USD,0.6171388268484844,428693,0.15458620811761406,75985796230.35504,USD,Transportation,Strong buy,84.23632255558425,83.00058816525078,81.43236464102975,0.029215846675243292,6.3820531941337375,15.935256670730055,85.80500000000009,85.35424999999992,82.40010000000004,77.19352500000002,26.54401731112396,0.9013705379999999,12.587181014183418
CI,The Cigna Group,286.42,USD,0.4031268622708431,396045,0.2268818224377108,75767369859.4034,USD,Health services,Strong buy,281.36338799817855,279.6531545058038,279.49080886980323,0.06288429290106443,3.9448375975322096,3.527795850502418,293.16400000000004,285.2039999999999,275.5274000000001,281.79825,12.134075561543089,7.554542,30.779203510404905
MPC,Marathon Petroleum Corporation,259.18,USD,1.62725953809356,513155,0.21289871082094086,75664131511.4171,USD,Energy minerals,Buy,241.69089130565428,232.94330190797095,222.18643243779505,2.8288038087681,19.300345224395862,59.152594412035626,252.82199999999995,242.31299999999996,236.10659999999982,197.50450000000026,16.936327042710023,10.68946,114.97787455222308
ORLY,"O'Reilly Automotive, Inc.",90.63,USD,2.418352356198441,2079173,0.36722446583176815,75106446602.27042,USD,Retail trade,Strong buy,91.95260330234865,92.49420160325597,93.26619809732918,2.0378293177212363,-2.579812963560148,-0.12122547939166789,90.06800000000007,92.91949999999983,92.23820000000016,97.03682500000002,29.611840815526367,0.862329,12.50964967099217
JAPAF,Japan Tobacco,42.26,USD,10.738430899848014,6,0.10657193605683837,75005309570.31166,USD,Consumer non-durables,Buy,38.84052472727486,38.232504567892654,37.544468253806784,0,8.386765837394194,11.858125992588661,39.6594,37.713350000000005,37.60520200000002,30.770953500000022,21.672403997493028,0.663603709185,189.52330676486494
KMI,"Kinder Morgan, Inc.",33.665,USD,0.10407374368122684,2395918,0.2570838880023996,74898759017.39934,USD,Industrial services,Buy,32.755826584473446,32.37635779369239,31.662866640879635,-0.07420599584446001,8.073836276083469,22.462713714077854,33.19099999999999,32.21524999999997,32.6977,29.20937500000002,22.709794927145172,0.312845,28.168770534324732
SHW,Sherwin-Williams Company (The),303.34,USD,1.0796401199599972,498845,0.23259656887596813,74814450528.43724,USD,Process industries,Strong buy,317.40289362404536,323.09727089977946,328.5589291255237,0.6102819237147512,-10.424049137727383,-6.159319412219652,306.10799999999995,319.49000000000024,322.10720000000055,340.5813000000001,29.109927546662824,3.503856,-1.3938568103105617
CIEN,Ciena Corporation,524.115,USD,-5.472892544096964,1042737,0.556759234816662,74109037010.04012,USD,Electronic technology,Buy,503.1583116389523,462.1430365439261,406.7339919613282,-6.987701645104616,4.724558914620253,117.47510373443983,565.0390000000002,535.67075,465.3672999999999,263.0137499999999,332.8348256810821,1.457957,191.7191552426825
RKLB,Rocket Lab Corporation,128.0,USD,2.5887633245171147,19420053,0.6030700292260851,74080123007.0049,USD,Electronic technology,Strong buy,99.36082389824473,90.64894835356867,82.66292435175228,-3.581785996760947,52.23596574690771,81.22610788616736,125.40600000000002,95.6165,80.40360000000004,65.34652500000001,nan,-0.059277,19.985465116279073
MRAAF,Murata Manufacturing Inc.,40.158,USD,1.763722061730267,27758,4.764176850199099,74066293599.60814,USD,Electronic technology,Strong buy,33.75157794594657,30.942894343743912,28.178235304068334,-1.321997247886762,43.42142857142858,86.78139534883722,39.70159999999998,34.59253,28.643241999999997,22.353761500000005,50.01910093674088,0.24373360888199996,-3.657141237093912
BE,Bloom Energy Corporation,260.22,USD,-5.7003080268164386,4916064,0.5342027380576517,74017989252.41487,USD,Electronic technology,Buy,235.3511922679264,212.03848017905463,185.96291283792183,-5.601102807806717,20.645370670870243,187.3136800264989,282.006,266.264,202.12259999999998,128.09974999999997,nan,0.390582,32.85714285714286
MURGF,Muenchener Rueckver Ges,582.557,USD,7.046360779846012,64,0.11204481792717086,73967329669.55255,USD,Finance,Buy,602.0207893149762,611.2534146007325,618.4900962004634,2.202982456140354,-12.397443609022556,-13.090757192621261,552.2974000000006,603.8811999999998,618.8022600000003,631.5089774999997,9.673688540877672,14.1817568336,59.852461482466666
EMR,Emerson Electric Company,131.91,USD,-0.8568207440811835,515492,0.16592243425861228,73882789474.18648,USD,Electronic technology,Strong buy,136.79606428962458,137.70295606481463,137.96949719045577,-0.5803436840518618,-7.467293325383191,-0.9907678450799319,135.57599999999994,139.36349999999993,136.9648,137.30774999999997,30.43327796234773,1.676185,3.4463007159904335
MPWR,"Monolithic Power Systems, Inc.",1499.505,USD,-3.258990206577971,225689,0.37722184383056784,73670683179.7774,USD,Electronic technology,Strong buy,1461.1428725447056,1378.8018587196268,1280.4184530420334,-4.079563481909822,4.30468413071606,61.653397728559035,1582.6729999999998,1582.7817499999994,1337.5280999999998,1063.7683,108.0335014409222,5.845609,-63.151159888922514
DDOG,"Datadog, Inc.",207.845,USD,-0.0649100875084099,1823093,0.22522617459650499,73526236169.68692,USD,Technology services,Strong buy,168.36616794739837,155.4493883124379,147.30168760478105,1.318611679828416,64.10975128306355,51.435336976320585,204.783,162.04675000000003,137.7129000000001,140.290875,554.6970910061383,0.580107,-18.825823223570197
CVNA,Carvana Co.,67.0,USD,-0.2530891767157983,3328916,0.3728631108815906,73487992986.24387,USD,Retail trade,Strong buy,71.00477375209142,71.24016372813077,71.627283945019,-0.44576523031203147,-9.266958276343058,-20.555871751090873,69.46400000000001,76.70439999999999,69.38495999999999,73.90516500000004,33.627785585223855,0.385747,248.80952380952377
NXPI,NXP Semiconductors N.V.,290.57,USD,-0.31903945111492515,737563,0.18477842900242927,73360523050.32806,USD,Electronic technology,Strong buy,264.1281331019429,250.58916048316522,240.01792049643348,-2.49492458180232,34.66654307827778,31.715056322386168,293.77600000000024,276.3644999999998,230.30180000000016,224.29210000000018,27.80387916598888,3.501342,13.848248815294934
VOLAF,Volvo AB,36.0,USD,-0.27700831024931144,1,0.00025355612464819085,73312940032.53316,USD,Producer manufacturing,Buy,33.531153998076746,32.000646876476296,30.38358280423632,0,-0.2770083102493114,4.681593486478626,35.262,29.696115,26.505338,22.50560399999999,21.1629760787827,0.5724857274999999,-24.52454140163562
HLT,Hilton Worldwide Holdings Inc.,320.1,USD,1.243002182370246,390292,0.2665988145228634,72870248401.50679,USD,Consumer services,Buy,318.096453458527,314.5490617315111,308.3330392498654,1.622273722975337,-4.36211532715864,11.583644159375332,315.5539999999999,321.64099999999985,313.7254,289.2409000000003,48.93073877619652,2.267334,3.1910530632847522
ITW,Illinois Tool Works Inc.,249.87,USD,0.8842054263565883,409793,0.3858883729602325,71887599924.09932,USD,Producer manufacturing,Buy,257.70633402384817,260.73709361924494,261.97432226085914,0.5189476224957728,-6.5871621369023154,1.3054936144334073,249.9660000000002,258.84249999999986,262.9716,260.94080000000014,23.198403119487512,2.785668,-5.191535807337499
TRP,TC Energy Corporation,68.96,USD,1.0550996483001156,327257,0.16799565628223334,71802428164.22298,USD,Industrial services,Buy,65.57517433525777,64.20792382345624,62.314839518852715,1.2182592103331842,15.627095908786037,25.359025631703318,67.73999999999998,64.85900000000002,63.77680000000012,56.83104999999998,30.062889105268447,0.5920433313,-21.54950744946246
NSC,Norfolk Southern Corporation,319.245,USD,1.0428865326792265,306016,0.29903046882985335,71700512429.28168,USD,Transportation,Buy,310.5567334291549,306.67263710850017,302.20956157334757,0.5450192174406028,5.500644606789854,10.474575097788083,315.13399999999973,313.7905000000001,300.1797999999997,292.95775000000015,26.906674308253756,3.146421,-18.973311844405593
PSX,Phillips 66,178.76,USD,1.4528944381384805,520345,0.22376829603460363,71671144377.09126,USD,Energy minerals,Buy,171.81815631796718,168.13927453134278,162.36361173416222,3.0376390570061567,13.80188439011967,38.5736434108527,174.74399999999997,170.99349999999998,171.28279999999995,145.72429999999997,17.592064085657487,5.999152,131.74147053457398
CL,Colgate-Palmolive Company,89.53,USD,1.5885623510722862,1747205,0.3684980770432535,71640948576.56236,USD,Consumer non-durables,Strong buy,87.63532511762156,87.4439108360796,86.98660913404468,1.2668250197941462,6.971742636955622,13.429621183326992,88.36199999999971,86.14000000000033,86.12750000000027,83.8941000000001,34.7405998991114,0.94859,-27.029475889798103
TRPRF,TC Energy Corp.,17.1766,USD,4.100606060606063,158,0.07528828742971505,71145002799.6219,USD,Industrial services,,16.879967806876344,16.68717142892951,16.29486680306897,0,4.100606060606064,1.0388235294117678,16.841160000000006,16.81823,15.343800000000003,nan,7.488083251240633,0.5920433313,-21.54950744946246
TRPPF,TC Energy Corp.,18.25,USD,0,450,0.22002738118521414,71022280191.0835,USD,Industrial services,,17.841404920283193,17.69022767134713,17.45512107678849,-0.14062388855146724,4.285714285714286,3.51555853024924,18.192220000000013,17.851934999999994,17.424384,nan,7.956028511762604,0.5920433313,-21.54950744946246
NET,"Cloudflare, Inc.",200.52,USD,1.4982790038469367,1811411,0.2769844082915606,70517886234.8917,USD,Technology services,Strong buy,200.1789870692403,199.04773426405237,197.89799883006586,3.2756489493201557,0.4458247758353027,0.814479638009052,195.46,211.17649999999986,207.791,204.02289999999994,nan,0.269544,-4.503367003366998
DASH,"DoorDash, Inc.",161.79,USD,1.6268844221105552,1600184,0.26992140050427665,70498476697.4169,USD,Transportation,Strong buy,166.0385741111759,170.1486430579083,178.41037733289826,2.56101426307448,-12.505745883243653,-29.573847560179342,155.79,167.8294999999999,164.40770000000015,212.5794999999999,77.06487567876535,0.465688,174.50313807531379
LLDTF,Lloyds Banking Group plc,1.211,USD,-7.557251908396944,310,0.013164040935920846,70451328298.71465,USD,Finance,Strong buy,1.2611947839279862,1.267838695665157,1.2620313064549853,0,-13.18996415770609,-10.955882352941178,1.2646200000000003,1.2748300000000004,1.3259900000000004,1.0516360899999997,11.699058858535098,0.0340551365,nan
COHR,Coherent Corp.,357.0,USD,-6.654464635900115,3239695,0.44346030486878746,69843242326.39822,USD,Electronic technology,Strong buy,330.81715592895847,306.5608294053409,275.2469897970862,-6.544502617801047,7.049686647275777,89.8936170212766,384.4220000000001,345.7105,300.48120000000023,192.7137000000001,170.438269836723,1.615261,nan
ET,Energy Transfer LP,20.2799,USD,0.6446650124069618,3570645,0.2438575275058311,69786362726.97888,USD,Industrial services,Strong buy,19.605425432888534,19.28483170354336,18.876693043266478,0.8950248756218903,8.973132724341761,23.282066869300927,20.177979999999984,19.735495000000007,19.27099799999998,17.78179950000002,17.04050079825225,0.365432,-10.370537731586094
ECL,Ecolab Inc.,247.84,USD,0.08884581213149134,475084,0.3068769691962272,69751468624.77927,USD,Process industries,Strong buy,258.950659089059,263.7304838793785,267.18523105767304,-0.20937349009502748,-8.217605451246147,-5.114854517611021,249.13200000000012,258.8229999999999,265.17160000000035,272.1912000000001,33.51227097559327,2.071783,0.5971489199629989
ET/PI,Energy Transfer L.P. Series I Fixed Rate Perpetual Preferred,11.5599,USD,0.17157563625965147,10100,0.15112769691864095,69339356158.0,USD,Industrial services,,11.72053975124591,11.739765785450373,11.725928523093481,-0.43152454780360644,-1.8684210526315674,0.8717277486910984,11.612759999999989,11.867025000000012,11.797367999999997,11.619405500000006,9.713385429795817,0.365432,-10.370537731586094
CTAS,Cintas Corporation,173.01,USD,2.792466282454987,523993,0.27209777621486786,69219072956.84653,USD,Commercial services,Buy,173.65239652564898,177.05368242327037,181.29572818860848,2.768042768042766,-3.5242290748898797,-7.767352596225622,167.2479999999999,170.71950000000024,176.2747999999998,191.41069999999974,36.51001329478549,1.240429,9.946635730858471
AON,Aon plc,323.72,USD,2.049051131706702,460069,0.3196772855408719,69139130543.8193,USD,Finance,Buy,320.1619857738965,323.000941104337,327.95934208171315,1.9558439104280296,-2.8655444534461414,-7.8035999088630605,316.71999999999963,317.889,321.38780000000037,342.5926000000008,17.76280412190117,3.820335,55.29197235784827
CRH,CRH PLC,103.215,USD,0.004844491812818199,1806698,0.40733575830684493,68968282546.94691,USD,Non-energy minerals,Strong buy,109.63790919658197,111.2861757347324,112.69565763762242,-0.33314020857473814,-12.142492339121553,-17.756972111553782,106.83899999999991,112.91975,109.7219,115.88512499999996,19.12557674134193,2.028324,14.203787958946137
HOOD,"Robinhood Markets, Inc.",76.52,USD,-0.8037334716100655,9604439,0.46961082341863253,68967881957.74486,USD,Finance,Strong buy,77.46800599811965,79.76354450131373,84.53469232217033,0.6842105263157842,-15.034421496779931,-33.736296091030326,77.87599999999998,79.14899999999986,76.4629,105.117425,37.0073028002128,0.39612,18.0126705096741
NETTF,"NetEase, Inc.",22.044,USD,3.1057062675397638,128,0.15984015984015984,68819441302.67665,USD,Technology services,Strong buy,22.26786826306062,23.228475476010498,24.07767578513592,0,8.164867517173708,-19.898255813953487,21.35904000000002,23.815464999999985,26.678526,23.582339999999995,15.10116206401483,0.43591322619,13.788916028960962
CNI,Canadian National Railway Company,112.4999,USD,0.6350299669022188,81333,0.08277836825458279,68782443243.4832,USD,Transportation,Buy,110.5637195649276,108.88219289708753,106.73010405591117,0.3119928666963807,2.8241477013070106,13.728164173069143,112.10198000000003,111.76949500000005,107.82359800000003,100.23214950000006,20.603361113494323,1.3900937570999998,10.05730492344155
ARZGF,Assicurazioni Generali Spa,44.9677,USD,0.5089405453732648,479,0.08779325513196481,68724557186.22484,USD,Finance,Buy,40.627347193975694,38.01819263409715,34.716436134238776,0,11.154863428500809,10.793357478995729,42.143440000000005,34.049995,25.32161872,18.888687180000005,14.1838066168797,1.6970163999999999,27.492352981864883
AEP,"American Electric Power Company, Inc.",125.92,USD,0.6152616859768246,1636041,0.3100412060209706,68513692290.06983,USD,Utilities,Buy,129.79144457036614,129.42819623521487,127.54055673369953,-0.007940919558488935,-6.134923592992921,9.078309078309083,127.91199999999999,132.44400000000002,132.26059999999995,121.15945000000002,18.624739309855197,1.514158,30.44124172792346
HKXCF,Hong Kong Exchange & Clearing Ltd.,53.932,USD,1.75849056603774,1403,0.04685193719235675,68247212157.3432,USD,Finance,Strong buy,53.195521091101185,52.90339993083951,52.829494248503494,2.8647720770551257,0.1039423862202177,-1.6377895312784903,54.28279999999999,53.97118000000006,52.39726000000006,54.26654550000006,31.410597047965904,0.45184790111999995,19.58716351586279
B,Barrick Mining Corporation,40.6499,USD,0.09825166215218649,5635247,0.3791243464537641,68103230382.69471,USD,Non-energy minerals,Strong buy,41.459512561061366,41.90990938841279,41.639591839286275,-0.6114914425427781,-4.711908110642275,-7.9173179295503475,43.02798,41.23349500000001,41.48059799999998,38.75619949999999,11.259734543656784,0.8715385619999999,179.97248220371966
RCL,Royal Caribbean Cruises Ltd.,253.35,USD,-2.666256867340284,939393,0.41423491819130126,67947199604.8513,USD,Consumer services,Strong buy,267.6754480969003,273.1248105849774,278.62693654527214,-3.220008413323651,-10.572811760132874,-9.131059245960506,260.2120000000001,264.63300000000004,271.4528,295.37874999999985,15.464767067096396,3.937266,37.58860483085296
ROST,"Ross Stores, Inc.",210.875,USD,-0.881316098707403,957493,0.3391378214115866,67932993839.66804,USD,Retail trade,Strong buy,217.43376035798818,214.095399974939,206.6486081202431,-1.5017048904666277,-5.9097804747456735,16.77003156320948,213.2649999999997,222.60674999999992,218.8640999999998,181.91282499999997,31.866263694748774,1.727756,4.707278481012649
WBD,"Warner Bros. Discovery, Inc. - Series A",27.055,USD,0.2779836916234221,2984322,0.182995447400182,67830582774.71535,USD,Consumer services,Buy,27.16430537487178,27.157629319744526,26.586900573110412,0.2928529062870723,-1.2230741146403827,-6.026398054880165,27.121000000000002,27.095249999999993,27.285699999999984,23.50842500000001,nan,-0.14828,84.13440799182655
LITE,Lumentum Holdings Inc.,871.66,USD,-10.20294632739261,4498326,0.6422471022984226,67815151512.86073,USD,Producer manufacturing,Strong buy,868.6663663689118,802.8506454030806,703.5262956827767,-8.563456222890082,-4.423245614035091,129.75908060519797,973.3820000000002,921.6034999999999,825.2324000000001,426.38692500000013,161.77502273528702,2.950563,nan
GM,General Motors Company,74.37,USD,-0.6545551696500065,1471666,0.25415230511208164,67056838580.44096,USD,Consumer durables,Strong buy,76.17419058232821,76.39162003309048,75.75902518709768,-0.6014434643143394,-6.33501259445844,-8.647586291610358,75.84599999999995,77.15450000000007,76.05680000000007,71.56054999999995,29.99757986447241,3.175044,-64.28849228641805
IMO,Imperial Oil Limited,138.525,USD,2.816744600311747,103358,0.24457348006448576,66989678499.06389,USD,Energy minerals,Buy,129.77343314083478,125.71722962273937,119.64078551328957,2.9466409036860908,11.939393939393943,59.94111534464844,134.147,129.58225000000002,127.6921,103.19087500000009,33.03301171320049,2.8901965602,-35.32530230093818
DLR/PL,"Digital Realty Trust, Inc. 5.200% Series L Cumulative Redeemable Preferred Stock",20.065,USD,-0.1244400199103961,8372,0.529220266127248,66243555739.99999,USD,Finance,,20.109375211866848,20.181113819193758,20.34115046804702,0.07481296758105022,0.2247752247752333,-2.3600973236009706,20.169200000000025,20.117804999999883,19.97572200000009,21.013744499999945,5.307218240008464,0.472341,251.46416287068885
DLR/PJ,"Digital Realty Trust, Inc. 5.250% Series J Cumulative Redeemable Preferred Stock",20.3499,USD,0.34417976242721066,1366,0.1959265633964429,66243555739.99999,USD,Finance,,20.417328019405637,20.502352184854576,20.679723028106643,0.24581280788177803,-0.9255111976630842,-2.1639423076923032,20.40999999999998,20.42579499999994,20.380339999999993,21.437760500000014,5.38257465548708,0.472341,251.46416287068885
DLR/PK,"Digital Realty Trust, Inc. 5.850% Series K Cumulative Redeemable Preferred Stock, par value $0.01 per share",22.4869,USD,-0.05822222222222864,9617,0.6546318419135916,66243555739.99999,USD,Finance,,22.72420555479067,22.86758451124245,23.084354403422154,-0.05822222222222864,-1.4596844872918568,-5.873168689828389,22.579359999999994,22.816320000000047,22.656527999999934,23.766327000000107,5.9478138968974,0.472341,251.46416287068885
MSI,"Motorola Solutions, Inc.",398.98,USD,1.449349064279914,455456,0.3228468729348297,66228914288.28245,USD,Electronic technology,Strong buy,415.46054736513776,421.3601741883659,423.49672809225865,0.41021769221089605,-10.076855462146991,4.085359490764903,396.17399999999986,421.9274999999999,438.4708000000001,429.1961000000002,32.16568982336201,3.849226,3.4787976874754927
TDG,Transdigm Group Inc.,1181.3,USD,2.813824555906588,188712,0.4934034041885638,66074339092.83088,USD,Electronic technology,Strong buy,1189.2792161064704,1209.5479027436795,1238.078711636474,2.884565137870359,-4.656981436642457,-11.115625681888297,1180.3360000000018,1180.438999999999,1197.6958000000006,1301.7261500000013,36.851825277488345,10.222805,8.239322242219385
VOLVF,Volvo AB,32.5,USD,-2.3569529360513193,303,0.7965299684542587,66060100222.848366,USD,Producer manufacturing,Buy,34.11032983331385,34.182515764002645,33.844046645199406,0,-9.722222222222221,-0.8768585589020249,33.661900000000024,34.23699499999999,35.29929800000002,31.515417,19.105464515567718,0.5724857274999999,-24.52454140163562
REGN,"Regeneron Pharmaceuticals, Inc.",625.695,USD,-10.390977443609016,1767765,1.990380724428258,65597255063.50752,USD,Health technology,Strong buy,704.5917711253087,718.5529816861051,721.68335343317,1.585407432662819,-17.097941012799104,-19.186955117855984,696.0209999999992,716.5987499999986,739.6729000000003,691.806199999999,15.245162296368129,10.852372,4.472156251829569
SFBQF,Softbank Group Corp,1.375,USD,-5.172413793103446,16317,0.22387383926415383,65534755859.375,USD,Communications,Strong buy,1.3871906045319846,1.3829910287016036,1.388658630242122,-9.539473684210527,-1.079136690647475,-8.333333333333334,1.4179999999999982,1.39,1.3557840000000012,1.4280845,19.431904553582633,nan,-2.032713307970299
APD,"Air Products and Chemicals, Inc.",293.5,USD,-0.6364682781501779,289445,0.31139582077965305,65356784939.27145,USD,Process industries,Strong buy,293.9499986907773,290.41452410800235,285.6070140788281,-0.5758807588075843,1.2487926038360717,19.659165035877365,299.70999999999987,300.11199999999997,293.8089999999999,274.85020000000037,31.04506029193992,3.335211,37.39881116746843
DLR,"Digital Realty Trust, Inc.",185.965,USD,-1.3500610047212285,474949,0.2573210833178111,65349227325.813484,USD,Finance,Strong buy,189.83891219667836,186.67288595167835,182.21377794249423,-2.0308713518069696,-6.76343034769748,20.256725297465092,191.17900000000003,196.31775000000007,188.67009999999976,172.22092499999974,49.18798106170815,0.472341,251.46416287068885
BKR,Baker Hughes Company,65.785,USD,2.596693699313774,2259955,0.32003340988751017,65263239893.23705,USD,Industrial services,Strong buy,64.25837423741825,62.68316672958056,60.13518636404896,2.596693699313774,10.211090634947226,43.88670166229221,65.03299999999999,66.02574999999999,62.63029999999999,52.94180000000002,20.975353123106846,0.488476,7.1213880729558
RSG,"Republic Services, Inc.",212.115,USD,1.8217165898617587,455823,0.22946239040426436,65260171385.05552,USD,Industrial services,Buy,210.48922384212827,212.46078295902066,214.65540584292157,2.042141723192382,1.592509219790228,0.7432913797197804,207.0329999999999,205.86775000000029,213.49070000000003,218.92012499999979,30.409880720266088,1.834795,5.163809609962764
FIX,"Comfort Systems USA, Inc.",1852.795,USD,-7.022742555476376,264103,0.6982568101738642,65222880248.14232,USD,Industrial services,Strong buy,1767.7190631804233,1648.6488832337682,1497.4942095001131,-6.760721438851819,14.14388772863647,97.4419224211424,1987.7669999999998,1879.0112499999996,1630.4905,1125.431475,53.47773631086905,10.378034,107.81259372113385
SPG/PJ,"Simon Property Group, Inc. Simon Property Group 8 3/8% Series J Cumulative Redeemable Preferred Stock",54.33,USD,-0.14905046948140965,289,0.29203718674211804,64974534080.0,USD,Finance,,54.11264128617811,54.03839202546324,54.04743742143588,0,0.1474654377880153,1.7034818420067326,54.2362200000001,53.95704999999994,53.855838000000105,53.88036050000001,9.941263654827909,1.63,-18.347253141294775
FKURF,Fujikura Ltd.,37.0,USD,-1.3201760234697892,270,0.013259147584134193,64935623291.01254,USD,Producer manufacturing,Strong buy,36.594259593206836,34.08776550140098,30.648900105990677,0,-0.6711409395973155,94.65107935194037,42.95250000000001,40.35962499999998,34.58104375580001,17.05780643115,61.88664785178986,0.16391247795299999,62.92260412905619
SPG,"Simon Property Group, Inc.",199.87,USD,-0.07499250074992785,274511,0.2013015069215611,64925808052.04279,USD,Finance,Buy,199.12042160592677,197.23442202030898,194.35379292117992,-0.09497150854743464,-1.1034141514101878,8.348240906380443,201.78199999999993,202.21499999999986,195.65000000000026,186.55824999999987,36.572066384878596,1.63,-18.347253141294775
MPNGF,MEITUAN,10.5,USD,-4.545454545454546,547,0.08127182230146349,64836500016.185005,USD,Technology services,Strong buy,10.637271322085557,10.774565618028511,11.182368121306052,-3.346956809897271,-6.249999999999994,-20.754716981132077,11.005599999999982,10.750114999999997,10.831486,13.382447485000005,nan,-0.16804734951000003,nan
TRV,"The Travelers Companies, Inc.",303.985,USD,1.4094609020549849,273384,0.23371529297892363,64640796322.48612,USD,Finance,Buy,300.375408051561,298.71407951801956,295.62714190824795,1.345224204034014,1.875062837226458,5.327258237760299,299.0630000000004,301.6483000000003,299.2607200000004,286.1191300000001,9.0439426395335,4.821623,83.00411612256899
MFC,Manulife Financial Corporation,38.0,USD,1.1445302102741541,653086,0.3108481228530863,63716237099.80665,USD,Finance,Strong buy,37.793383334639834,37.273085280758764,36.60966388575015,0.5025125628140643,-2.6389956443761236,4.424292388018685,38.59799999999999,38.9005,36.713400000000014,34.59120000000001,15.18270332993538,0.7930319082,35.8905013511072
RNMBF,Rheinmetall AG,1365.0,USD,4.352213566552254,231,0.17478813559322035,63529850578.59375,USD,Electronic technology,Strong buy,1529.6309756752446,1621.8739918347646,1710.5709204260108,1.1111111111111112,-24.166666666666668,-28.176795580110497,1336.3365000000003,1523.7719250000005,1676.58087,1922.5867034999997,75.76925669572404,8.44563566742,-0.061595264786545735
DPSTF,Deutsche Post AG,56.256,USD,-0.957746478873234,5962,2.0370370370370368,62964149278.11693,USD,Transportation,Buy,55.51315262184485,55.130830506666676,54.34142821694093,0.7179303553844837,-0.2570876402900713,3.0518409965195032,55.571199999999976,55.558649999999965,55.268968000000044,46.75557700000007,15.76879835393075,0.91781737186,15.294024135682442
NKE,"Nike, Inc.",42.2101,USD,0.78820439350524,8108669,0.42005559361484474,62508401247.49557,USD,Consumer non-durables,Buy,45.15817555635512,48.055314688512915,51.83456320721426,0.78820439350524,-8.990728762397596,-34.046718750000004,42.16001999999998,43.83150500000003,47.29940199999997,62.23310050000005,27.767975791066377,0.117362,-49.42272500415904
MKGAF,Merck KGaA,143.068,USD,0.12457134858984234,6624,5.398533007334963,62202800144.84094,USD,Health technology,Strong buy,137.35775394532064,137.1373824967164,137.43018993124846,0.8657642413987652,3.3705916779260714,-3.1682109523583804,141.78960000000004,135.69374000000008,131.824982,136.754863,21.262896473089043,2.32116508384,-4.042813325539984
JPSTF,JAPAN POST BK CO LTD,17.395,USD,27.99758647839236,114,0.048156127233557215,62189146489.25666,USD,Finance,Strong buy,17.025597376254083,16.49574429481423,15.492367528871679,0,-0.0586031760623325,20.798611111111107,17.004059999999992,17.891704999999995,14.329757999999996,nan,18.766182218095246,0.26355007267499997,21.337005211689437
STRD,Strategy Inc - 10.00% Series A Perpetual Stride Preferred Stock,75.21,USD,-0.38410596026490895,87663,1.1765676966314755,62176415600.0,USD,Technology services,,76.00150713545557,76.07689867437998,76.48968301645475,-0.0531561461794103,-1.3121637580370031,-1.7504898758981102,76.20799999999997,76.67325500000008,75.90620200000006,77.4521505,nan,24.37012,-84.12300328277735
STRF,Strategy Inc - 10.00% Series A Perpetual Strife Preferred Stock,100.31,USD,0.10978043912175592,27492,0.4311057237705599,62176415600.0,USD,Technology services,,99.97331950988212,100.11022301810969,100.84979990388086,0.11977243237848542,0.925646443304157,-1.6568627450980369,100.35400000000001,100.533,99.15349999999985,105.35244999999999,nan,24.37012,-84.12300328277735
STRK,Strategy Inc - 8.00% Series A Perpetual Strike Preferred Stock,74.7022,USD,-0.22412181113930776,89390,0.6607468753303181,62176415600.0,USD,Technology services,,76.31417770003331,77.06639606654599,78.79470327912021,0.25795195275801863,-1.0435819313816268,-8.520450649032565,76.07644000000005,77.39310999999996,75.87744399999991,84.9571165,nan,24.37012,-84.12300328277735
STRC,Strategy Inc - Variable Rate Series A Perpetual Stretch Preferred Stock,98.985,USD,-0.20667405988506735,1978493,0.43801592275979745,62176415600.0,USD,Technology services,,99.48913391482436,99.50123918683178,99.30856773345143,-0.22679165406712462,-0.24690113876852215,-0.17648245260185272,99.63300000000001,99.69175000000007,99.77069999999995,98.609025,nan,24.37012,-84.12300328277735
MARUF,Marubeni Corp.,36.734,USD,1.4471140568903644,2759,0.318907922417181,61537041633.546486,USD,Process industries,Strong buy,36.22978118047376,35.713030819003606,34.39298466698362,2.294625452520204,-3.4712915517014795,31.19285714285715,36.3894,37.057585,36.439568000000016,29.796807000000022,17.669810095450078,0.649166936214,3.1162043924422123
BNKHF,BOC Hong Kong (Holdings) Ltd.,5.8138,USD,4.980137233658349,3900,0.14406028368794327,61468034818.14962,USD,Finance,Buy,5.482660809878631,5.263842358627694,4.943317985890614,6.675229357798155,4.003577817531302,6.6752293577981545,5.634360000000001,5.07234,4.012016819999999,3.4445408500000023,11.926546961946945,0.2783424,4.756714925824163
MCQEF,"Macquarie Group, Ltd.",168.085,USD,-3.9514285714285666,145,0.17776143189898247,61439044596.84778,USD,Finance,Buy,158.52450198657166,153.74834536949356,149.41620645511833,0,5.508128805473609,23.220438384282684,168.68500000000006,149.1855500000001,142.58509800000004,126.48165500000005,19.37239951238097,4.494305,42.465109438803175
RBSPF,NatWest Group plc,7.705,USD,3.2841823056300283,4091,0.14784003931800607,61365674786.7418,USD,Finance,Strong buy,7.775699673927356,7.850318635880407,7.894246927613427,4.761516288682222,-10.35485747527633,-13.572630398205265,7.615979999999998,7.728859999999996,7.746884000000002,7.855379000000007,8.361966239578743,0.2379623477,22.587683412425676
NBNKF,Nordea Bank Abp,18.06,USD,-3.2931726907630625,15231,3.393640961654152,61268550303.34241,USD,Finance,Buy,18.348075145638024,18.264644748171825,17.883095417469036,0,-4.947368421052638,-5.741127348643014,18.4707,18.765794999999994,17.379430000000013,13.317864894999998,11.430607816399627,0.41265627148,4.056437979256764
SNGNF,Singapore Telecommunications Ltd.,3.6836,USD,3.355780022446693,1500,0.11928619143048001,60625590275.505974,USD,Communications,Strong buy,3.7742844522493204,3.761410948536637,3.689506371087392,0,-3.41898269533298,3.763380281690152,3.7483200000000005,3.88933,3.674274000000001,2.6154666600000045,12.71216154508324,nan,nan
AFL,AFLAC Incorporated,118.16,USD,1.1557229689238886,483440,0.2620125440185572,60141653794.26692,USD,Finance,Buy,114.35163907035648,113.30405246016907,112.32252356241267,1.0000854773912315,4.603399433427764,7.281641547121841,116.60000000000005,115.02800000000016,111.97680000000003,110.22669999999998,13.408987743985476,1.785245,37.547803012565346
URI,"United Rentals, Inc.",957.87,USD,-0.3412578681787414,111817,0.22382214489499874,60007258938.29839,USD,Finance,Strong buy,905.3000076845561,881.5879877717886,866.7190418540608,0.2553823932679584,21.1144547845438,18.16948148879211,956.5999999999998,938.9950000000005,827.0372000000002,872.2547999999994,24.45074089673393,11.524437,1.443101957108301
GWW,"W.W. Grainger, Inc.",1268.21,USD,-0.3347819594960974,65662,0.2170681942301157,59876144073.78078,USD,Distribution services,Buy,1199.757861653335,1168.9100553398848,1135.254596936809,-0.3245987707688104,11.391104240593055,25.90441585259313,1263.202,1193.3900000000003,1138.8126000000002,1043.85435,33.96184477615138,11.15976,-4.647581985736291
OXY,Occidental Petroleum Corporation,59.8499,USD,0.38560885608856205,4842174,0.3947538527512776,59528786539.48755,USD,Energy minerals,Buy,57.6614923196528,56.317397557743,54.084680498200235,1.612733446519524,11.535408125232951,45.125848690591646,57.751980000000025,57.488745000000016,58.590897999999925,47.83722449999976,68.30620862816708,1.683695,-64.53780152177433
CVE,Cenovus Energy Inc,31.545,USD,2.352368591823496,3321954,0.39788954641652446,59411853556.37019,USD,Energy minerals,Strong buy,28.315752602394877,26.712427335860564,24.761392901497917,2.2528363047001627,27.816045380875213,85.88685916322925,30.439,28.6666,26.57884000000001,20.02083499999998,17.438326633898072,1.0921134594,75.32494235845182
D,"Dominion Energy, Inc.",67.44,USD,9.249959501052976,18381907,3.075512495708867,59310470610.44808,USD,Utilities,Buy,63.54659839107676,63.07113427357714,62.49371313138627,-1.7482517482517526,8.564069542820349,14.479714819215756,63.55600000000029,62.744999999999514,62.42979999999999,61.15565000000003,19.95030173943912,0.824253,26.82524198994522
NU,Nu Holdings Ltd.,12.2,USD,0.08203445447087603,29526751,0.5249869183774155,59299308603.658745,USD,Finance,Strong buy,13.611926296847484,14.145542018757967,14.609325367606072,-1.6129032258064602,-22.83364958886781,-28.487690504103163,12.681999999999993,13.941499999999985,14.257200000000013,15.464450000000005,18.809744064138144,0.211489,47.543221110100085
LDNXF,London Stock Exchange Group plc,120.71,USD,-0.643663780331224,5340,0.5180542889850405,59214771403.511284,USD,Commercial services,Strong buy,123.53774859126392,121.95412134393274,121.00210455338956,-5.868132725075072,-6.87106530058019,-2.6493003750151303,122.74039999999995,128.3183499999999,121.61951999999998,119.79789499999994,38.11171978164646,3.26963945,97.71836647542726
SRE,DBA Sempra,90.255,USD,-0.1935198496074437,475376,0.12769905470528692,58998796878.50491,USD,Utilities,Strong buy,92.56288910078324,92.81679538371823,92.2991326677737,-0.7641561297416244,-5.393081761006299,1.7301623083859294,91.72699999999986,92.87090000000008,94.58815999999987,90.05399000000007,30.668728125318562,1.021853,-35.24545074482364
HOCPF,Hoya Corp.,176.17,USD,3.216545582376366,1385,2.699278893003313,58851462671.81583,USD,Health technology,Strong buy,177.42266089605775,172.95354304999614,166.1499017801793,4.309262724107709,-4.77297297297298,14.596573486345578,177.02044000000006,177.1715149999999,159.97772799999993,131.90078950000012,37.56303351117969,1.143963396,21.04126607194413
TRGP,"Targa Resources, Inc.",274.075,USD,0.7665723004522149,228620,0.1866481199622785,58828526326.19187,USD,Utilities,Strong buy,254.65355846757916,245.47598264912773,232.8616351864653,0.8444329972772155,16.172855205154292,49.091551977370386,266.399,252.90375000000012,246.0992999999997,195.76452500000002,27.918691236541065,2.648258,80.38477086472385
DB,Deutsche Bank AG,31.39,USD,1.5857605177993592,1573094,0.7302836813122892,58802231145.33446,USD,Finance,Buy,31.60602846571833,32.120816943682236,32.81075370460981,0.5767382249279067,-7.540500736377031,-20.208439247585158,31.530000000000012,31.537999999999993,31.035299999999978,35.059724999999986,9.238255553382864,0.90465387136,59.0417610555007
RLXXF,RELX PLC,33.195,USD,5.347508727388126,3272,0.17562316164630612,58794033070.79468,USD,Commercial services,Strong buy,33.90780746520056,34.4204711884973,35.652272065503105,2.735910371081057,-7.783981998499873,-19.384607912183984,31.965000000000014,34.95275,34.24507999999999,40.039248999999984,21.99606682892137,nan,17.054367411408677
OKE,"ONEOK, Inc.",93.07,USD,0.8123916811091856,906539,0.23316001874561912,58637161617.89666,USD,Industrial services,Buy,89.14572969302021,87.52834993852758,85.30018601244305,0.9107665618562173,12.28133671130413,26.694799891097198,90.72800000000007,88.69249999999985,88.01579999999987,77.80410000000009,16.62201743106158,1.455449,9.310270776799477
KEYS,Keysight Technologies Inc.,341.795,USD,-2.067276009283394,712221,0.5925299500831946,58618699462.25994,USD,Electronic technology,Buy,333.4576581429096,315.5131807131623,290.8606741029477,-3.311173974540307,3.251971120442269,66.47752179630803,355.0390000000001,350.6677500000004,319.4360999999997,226.71262499999997,61.722587402484834,2.321278,58.57052860660903
CRARF,Credit Agricole SA,19.3599,USD,-1.0230061349693202,263,0.7329988851727982,58559319404.10065,USD,Finance,Buy,19.553126854048006,19.664531706242713,19.69464118783014,-5.005397448478898,-4.4898865318204235,-5.26107169072669,19.555940000000003,19.317319999999995,20.04442,17.772829499999997,7.350777988035077,nan,20.6886816347226
TFC,Truist Financial Corporation,46.9985,USD,0.08198466780238307,1678391,0.2529222212078891,58554455845.0545,USD,Finance,Buy,48.343833724542066,48.45000936461362,48.32310846543032,-0.003191489361702249,-3.5730406237176897,-4.58126078570704,47.08369999999998,49.60392499999999,47.893670000000085,47.44059250000009,11.65059494298463,1.075648,18.895340269386065
WPM,Wheaton Precious Metals Corp,128.89,USD,-1.1655547887432025,448752,0.19678953178201455,58528890586.72724,USD,Non-energy minerals,Strong buy,134.2362823982974,134.54911607227305,132.09676418873522,-2.100186092438582,-12.682067610595505,8.310924369747887,136.70199999999983,134.616,135.65099999999995,120.65459999999992,32.78524122385921,1.34447,196.8473199805999
DSDVF,DSV A S,245.27,USD,2.860138393793257,113,0.1328005641085909,58513070556.5,USD,Transportation,Strong buy,247.1455049214403,249.10723139682733,248.8735501353302,2.1183935515567454,-10.060651397475672,-1.8291706692283034,248.20119999999997,248.58672499999997,248.76990000000006,239.1938249999999,54.30677718865246,2.4326336672,-34.746711844692015
TFC/PR,"Truist Financial Corporation Depositary Shares, each representing 1/1,000th interest in a share of Series R Non-Cumulative Perpetual Preferred Stock",18.3282,USD,-0.009819967266772273,19436,0.3840575414468354,58506489494.0,USD,Finance,,18.593481917883743,18.72330286724804,18.891441209644924,-0.498371335504901,-3.6372239747634105,-4.7885714285714345,18.443639999999995,18.691859999999984,18.70628200000002,19.456719499999938,4.543430837878037,1.075648,18.895340269386065
TFC/PO,"Truist Financial Corporation Depositary Shares, Each Representing a 1/1,000th Interest in a Share of Series O Non-Cumulative Perpetual Preferred Stock",20.91,USD,0,27211,0.939136136948006,58506489494.0,USD,Finance,,21.20894172234885,21.324283443960212,21.464719422975588,-0.4285714285714279,-3.7292817679557952,-3.0598052851182205,21.04816,21.373789999999993,21.272416000000003,21.96838699999996,5.183440753594447,1.075648,18.895340269386065
TFC/PI,Truist Financial Corporation Depositary Shares,19.44,USD,0.3354838709677485,6421,0.6021813953052172,58506489494.0,USD,Finance,,19.308316583087556,19.36605981620825,19.57463081775473,0.7253886010362723,0.2061855670103232,-1.9172552976791069,19.378999999999944,19.297634999999964,19.156651999999923,20.433314499999945,4.819038175508181,1.075648,18.895340269386065
KBCSF,KBC Group SA,140.065,USD,3.583049844697529,522,1.3381184311714944,58499896243.09897,USD,Finance,Buy,132.5494359966258,128.21845197690527,121.19972172002755,0,3.583049844697529,5.550113036925403,133.625,125.39425000000001,102.576314,76.52510457000002,13.920511996512728,3.3092912399599994,9.823618049612278
TEL,TE Connectivity plc,200.07,USD,-2.4572180781044417,556350,0.19224613808487048,58399595478.165855,USD,Electronic technology,Strong buy,209.93910432110457,212.90837330274098,214.99238530622262,-2.703885619802559,-16.508784375912867,-13.164062500000005,206.652,210.94050000000001,212.34919999999974,220.94274999999982,20.437620667463452,2.835026,114.54589287279742
PCAR,PACCAR Inc.,110.755,USD,0.39430746918056775,593291,0.270820281108687,58288833998.240486,USD,Producer manufacturing,Buy,116.01944239464852,117.00955732946973,116.3384522726489,-0.13074842200181264,-11.994437822804928,0.878950724109654,111.69700000000019,117.4677499999996,118.3567,110.23982500000004,23.568905345590736,1.355104,-28.717917602087244
MSTR,Strategy Inc,164.82,USD,-7.101792357118699,9103076,0.6095946585623062,57760775668.988846,USD,Technology services,Strong buy,164.77997460801103,161.51157660476207,168.28934164396443,-2.574257425742585,6.589924335510572,6.617504366388505,178.33200000000002,176.75449999999987,152.76559999999986,216.82134999999994,nan,24.37012,-84.12300328277735
FANG,"Diamondback Energy, Inc.",205.2,USD,0.8056592650815417,482570,0.1988606873680627,57725493386.781296,USD,Energy minerals,Strong buy,196.16955174605025,190.65485773801504,182.931688859564,1.1584914961794401,16.29356758288467,35.80859724014692,201.6539999999998,199.3825000000001,193.1883000000002,161.00002499999985,231.3676851956252,5.635464,-94.57404178520082
DVN,Devon Energy Corporation,49.835,USD,0.6971105273792663,4904174,0.28104850571513407,57457305349.44796,USD,Energy minerals,Strong buy,48.15973217610814,47.04365389325808,45.16570873718348,1.6833299326668085,14.986155976003685,35.86423118865867,48.04700000000004,48.31175000000001,48.01249999999995,39.38284999999997,13.829993894655047,1.548865,-18.007645399108032
LHX,"L3Harris Technologies, Inc.",308.335,USD,1.6299152905501146,306229,0.23106391005810006,57441256919.05543,USD,Electronic technology,Strong buy,319.8667693465799,325.6419612336459,325.30756574975607,1.4293233330043655,-12.17028428188914,4.875850340136047,306.74899999999934,313.53674999999976,338.9817000000001,311.9955249999994,33.475013299460414,2.795541,9.161047179985536
O,Realty Income Corporation,61.575,USD,0.744437172774878,1477643,0.24659315502955292,57418224232.75033,USD,Finance,Buy,62.4259489087493,62.47429421425311,62.07839341289021,0.20341741253051263,-4.6974152607955375,9.272404614019523,61.74099999999997,62.909749999999995,62.92250000000002,60.373774999999995,50.59157012570865,0.406183,10.444646098003627
NTIOF,National Bank of Canada,148.22,USD,-0.12398587639147025,689,0.0410703321987828,57399369692.39478,USD,Finance,Buy,145.64084097322154,141.84308914324728,136.62717485594342,0.12835236100790226,1.2293402540636604,17.69096395108782,149.23479999999995,149.62492500000008,141.13669199999998,122.50517532500004,19.414767621231533,2.2863959531,2.153000267152284
ALL,Allstate Corporation (The),220.765,USD,1.5618530616000283,448064,0.28539420941426874,56829530104.17053,USD,Finance,Buy,214.81190878406662,212.69069385336317,210.5079761001666,1.4778211905309009,3.182912294641384,6.629153786707881,217.11900000000009,215.96175000000025,211.71209999999996,206.54577500000022,4.870571831365012,4.649751,209.7751503553855
SCBFF,Standard Chartered PLC,25.8625,USD,3.7404733253108744,810,0.14191852825229961,56731175010.00133,USD,Finance,Buy,24.47873147152097,23.967104277422344,23.395838676099057,2.304193037974682,3.0275868937356902,4.284274193548387,25.225499999999997,24.766775000000017,22.921305999999987,21.8145255,12.781368009895163,0.658719,35.46140184605323
WMMVF,Wal-Mart De Mexico S.A.B. de C.V.,3.25,USD,0.7751937984496096,726,0.015905217174129266,56700549101.84052,USD,Retail trade,Buy,3.2255333636107504,3.227282102913485,3.2238966197136074,0,-0.9146341463414576,5.863192182410429,3.2487500000000056,3.1834875000000005,3.2070509999999968,3.174068249999995,20.10710458203193,0.03767456325,9.039945908973676
ENAKF,E.ON SE,21.58,USD,5.31966813079551,100,0.8038585209003215,56390219945.92444,USD,Utilities,Strong buy,22.13721606702095,21.908262100656717,21.36362192509697,-4.088888888888897,-5.350877192982467,6.148548942449582,21.66840000000001,22.473390000000013,20.925240000000016,16.3820065,14.213529606308276,0.36032539999999996,-18.102056038634583
SSUMF,Sumitomo Corp.,47.22,USD,-6.179217166699781,1530,0.09938808122539658,56362004121.092964,USD,Distribution services,Strong buy,43.848111792880296,42.05703230045699,40.043447965989806,0,18.792452830188676,36.9688179840464,47.02400000000001,41.01607499999999,39.78434399999998,31.75693099999998,15.032830686021839,0.8505065971079999,1.7041714155873349
CHBJF,"China Citic Bank Corp., Ltd.",0.92,USD,-14.018691588785048,141,0.015351283084192533,56265331752.7503,USD,Finance,Strong buy,0.9570242268717065,0.938333487226881,0.9010853208028556,-14.018691588785048,-19.99999999999999,4.28474268873272,1.0110000000000001,0.9443324499999998,0.7893469799999997,0.6167397349999999,5.737226710167816,0.041106800000000006,-1.1793916018535342
SMTOF,Sumitomo Electric Industries Ltd.,72.0,USD,4.24811050299713,250,0.041782264264465026,56151694335.93442,USD,Producer manufacturing,Strong buy,65.96168055623215,60.708493630879545,53.17090976408381,0,6.666666666666667,87.5,71.01919999999998,63.64630000000002,41.61198600000001,20.253980705,24.129990439850612,0.534847394826,80.15220124005414
CMPGF,Compass Group Plc,32.94,USD,3.8789025543992337,1148,0.7224214964445284,56008308229.78911,USD,Consumer services,Strong buy,30.36131384263403,30.088597336054832,30.288344574459778,0.9191176470588149,19.34782608695651,4.9378783051927275,32.1596,29.797600000000006,29.277853999999998,32.46906899999999,27.741283476503284,0.755,38.08582393301547
ALL/PB,Allstate Corporation (The) 5.100% Fixed-to-Floating Rate Subordinated Debentures due 2053,25.8099,USD,0.038372093023249,5575,0.31036536823528754,55955586070.0,USD,Finance,,25.880906216534903,25.918133041227108,25.96115430250359,0.038372093023249,-0.9213087190353973,0.038372093023249,25.813980000000022,25.878652799999923,25.9030151199999,26.08241852500001,0.5694243739286021,4.649751,209.7751503553855
ALL/PH,"Allstate Corporation (The) Depositary Shares each representing a 1/1,000th interest in a share of Fixed Rate Noncumulative Perpetual Preferred Stock, Series H",20.2399,USD,-0.14849531327084808,30074,0.6002554788232006,55955586070.0,USD,Finance,,20.596946340266737,20.720549805384152,20.885841196139847,-0.6386843397152789,-3.481640438721985,-3.93972472710015,20.433980000000112,20.737314999999978,20.64178399999993,21.470306500000085,0.4465376613577547,4.649751,209.7751503553855
ALL/PJ,"Allstate Corporation (The) Depositary Shares each representing a 1/1,000th interest in a share of Fixed Rate Noncumulative Perpetual Preferred Stock, Series J",26.12,USD,0.3843197540353629,14616,0.5905740884406517,55955586070.0,USD,Finance,,26.09042140679765,26.14583215349895,26.2417902473084,-0.03827018752391126,0.6939090208172695,-0.722158874952481,26.08300000000001,26.067415000000004,26.066265999999928,26.566072500000036,0.5762658765440815,4.649751,209.7751503553855
ALL/PI,"Allstate Corporation (The) Depositary Shares each representing a 1/1,000th interest in a share of Fixed Rate Noncumulative Perpetual Preferred Stock, Series I",18.8,USD,-0.5291005291005179,17606,1.162872107846051,55955586070.0,USD,Finance,,19.093497292803708,19.20175370583754,19.348084966904928,-0.9483667017913578,-3.490759753593428,-3.490759753593428,19.000660000000003,19.179865,19.163346000000093,19.90491650000007,0.4147702327346375,4.649751,209.7751503553855
MBGAF,Mercedes Benz Group AG,58.08,USD,-0.40810727391199897,10547,0.5151587677609374,55925444418.2276,USD,Consumer durables,Buy,59.60376432084256,60.95903471532636,62.3424768920419,-2.2386803568422797,-8.492201039861351,-18.529948099312676,58.83540000000003,58.385754999999996,60.529375999999985,64.49832149999996,9.881781486688492,1.6978590965,-39.13707316374543
MPLX,MPLX LP,54.97,USD,0.36516341062624746,498821,0.18194252011003922,55779915508.62479,USD,Industrial services,Buy,55.52781636222753,55.763579551088,55.57953827417241,0.8064516129032216,-0.1997095134350026,3.249436513899318,54.90200000000002,55.375499999999946,56.43600000000002,53.76454999999994,11.920716500769847,1.09708,6.462113866186442
SNOW,Snowflake Inc.,161.28,USD,2.419508477805298,4824854,0.6988794009658935,55754498400.71329,USD,Technology services,Strong buy,153.9551699344913,159.2768867151034,169.55803108043972,2.9227823867262366,11.612456747404844,-26.65757162346521,154.77199999999993,147.79099999999997,153.79699999999997,203.477,nan,0.320397,-2.261670634509889
TGT,Target Corporation,122.155,USD,0.5060062530853998,928325,0.2020705502609694,55318575113.45289,USD,Retail trade,Buy,123.09584030414067,120.93332587841275,117.14282924065373,0.27499589558365456,-1.5672844480257802,24.76253702379737,122.01100000000001,126.59249999999994,122.38219999999997,104.58889999999998,15.017826407671501,1.454566,-8.183767919629751
CMCLF,CMOC GROUP LTD,2.28,USD,-8.433734939759052,9668,1.1706868158481063,55267252243.00214,USD,Distribution services,Strong buy,2.3951872898090394,2.4248455041330255,2.411179374779084,-4.602510460251059,-10.236220472440953,-16.022099447513817,2.502999999999999,2.395735,2.3701140000000005,2.237651999999999,14.305950482926534,0.05154778039,59.49119110570209
AZO,"AutoZone, Inc.",3336.02,USD,0.447736476822784,45248,0.18244315283767085,54966999414.07951,USD,Retail trade,Strong buy,3448.264496585959,3486.061307244019,3537.0560768192995,0.35587616832972624,-4.984577175358804,-1.1640412288056494,3362.657999999998,3508.7705000000074,3483.9262,3751.357199999999,23.37084602515854,36.286036,-4.258963892238794
UCBJF,UCB S.A.,289.12,USD,-0.024205539610634246,50,0.05348737697903295,54931705917.46364,USD,Health technology,Strong buy,290.81992047076506,293.4301993431694,292.01912034123984,4.753623188405799,-10.433705080545232,0.40980759880530904,288.3479999999999,286.15024999999997,297.80955,276.83091999999994,30.680538095473302,4.7946525,66.28532187209156
CRWV,"CoreWeave, Inc.",100.03,USD,-6.77539608574091,18108143,0.6125371550677385,54573403771.76244,USD,Technology services,Strong buy,103.99775664630216,100.66764875975052,98.13031095394739,-6.325794821370039,-16.908252689288535,35.30366562964966,108.1210000000001,115.86225000000002,99.73270000000002,100.28190000000004,nan,-1.05532,-21.728872558499315
CTVA,"Corteva, Inc.",81.41,USD,-0.9731176255929902,521265,0.13181729306127668,54448636190.09732,USD,Process industries,Strong buy,80.99001253576559,79.81844570034998,77.81540308041532,-0.8162768031189104,1.6100848726909536,21.50746268656716,82.57199999999999,81.09850000000006,81.19039999999998,72.22332499999992,47.80949025135071,2.22515,3.8229376257545398
STMEF,STMicroelectronics N.V.,60.87,USD,-4.87843754981107,208,0.0006401154177337822,54316022546.41703,USD,Electronic technology,Buy,52.36786265716316,47.08083561246332,41.92198577612029,-2.0280057943022776,49.00856793145653,117.5482487491065,60.57236,53.47528500000001,41.65094200000001,29.707620999999985,403.40292067956034,0.24415532869999998,-87.17468771830289
BFFAF,BASF SE,60.7592,USD,-0.6273837639100618,100,0.007844060085500254,54228936974.98198,USD,Process industries,Buy,61.0076130356205,59.88914753817597,58.22349464533768,0,-3.8772346147761447,16.844615384615384,61.07503999999987,62.04575999999999,57.835904,52.04125949999999,26.818563632024418,0.9967100370199999,152.9176552555015
DBOEF,Deutsche Boerse AG,300.3,USD,6.293359762140745,5327,5.604418726985797,54000318010.755325,USD,Finance,Strong buy,292.9688492506985,288.2716538260579,282.7600848143084,0.4079176140163258,-1.4278356894257938,15.588914549653579,289.78199999999987,299.3662199999999,292.52636600000017,275.5794640000002,23.511337453628492,3.6263183126199996,23.901992081839214
AAUKF,Anglo American plc,49.99,USD,-6.804623415361667,1590,0.33174069978509874,53946401080.410904,USD,Non-energy minerals,Buy,48.8608053258194,47.58159026550607,45.7682304112212,-5.679245283018864,6.361702127659579,18.04014167650531,53.08700000000001,49.95781000000001,47.821785999999996,38.09478146739997,nan,0.86,-33.330645047036164
LBLCF,Loblaw Companies Limited,46.29,USD,5.106366553060662,2561,0.024187576973351162,53811876236.6548,USD,Retail trade,Strong buy,45.321795991299744,45.41302792296071,45.20450165104466,-1.2163892445582591,3.9290525370453526,3.441340782122903,44.52184000000001,44.84445750000003,45.471517000000006,43.43195054999998,27.827923346973378,0.4712863419,33.1101364429293
FNCTF,Orange,20.2,USD,-0.3453379378391726,32560,4.222484470438718,53709652712.28322,USD,Communications,Buy,20.018091186154766,19.465260052161177,18.677013483905007,0,-3.809523809523813,19.73918197984587,20.538999999999994,19.34762,17.482408000000003,13.482524925000012,84.97362435526473,nan,-73.11402123339391
NTDOF,"Nintendo Co., Ltd.",46.465,USD,2.1208791208791284,23636,1.3984557583646422,53565239964.60195,USD,Consumer durables,Strong buy,49.320212719162825,52.425226611788595,56.97885060168011,7.682502896871391,-15.67150635208711,-29.416679325535465,45.42375999999999,48.23958499999998,53.876917999999975,72.31212149999996,20.23996083752924,0.45400990290899995,43.81140237765183
AJG,Arthur J. Gallagher & Co.,206.1,USD,3.075768942235562,383558,0.18692779381653513,52947087934.361595,USD,Finance,Strong buy,208.80769587845487,214.24814142611268,223.6848997905118,3.1118671202721626,-7.991071428571431,-19.83975730232197,198.6260000000001,206.86850000000004,211.967,252.55764999999985,33.26232206836448,2.858374,-4.688509460083067
CARR,Carrier Global Corporation,63.61,USD,-1.6390907685170903,1099067,0.2238634114769302,52833220567.937836,USD,Producer manufacturing,Buy,63.245136222702,62.1831580759353,61.315999247163774,-1.4714993804213177,5.471729398109761,19.770288081340613,65.22799999999998,64.4675,60.749399999999994,59.58742499999998,41.790946718349645,0.813257,-65.07102370516557
F,Ford Motor Company,13.215,USD,-1.3805970149253768,36944931,0.45600427823531486,52657711899.3347,USD,Consumer durables,Buy,12.677194296886485,12.655798800057566,12.674472859034976,-5.539671193709795,4.549050632911387,0.26555386949924237,13.33099999999998,12.496250000000027,12.169699999999983,12.614950000000016,nan,0.342003,-212.7644230769231
THLEF,THALES,255.54,USD,-0.9918636187524332,47,0.061015188887446455,52518315282.99161,USD,Electronic technology,Buy,273.80945231354366,279.15454557469644,282.1751943368273,-3.244860096172057,-22.699497852259665,-8.738973608085425,260.5599800000003,272.59831000000014,287.171622,285.874104,26.75038520706487,5.1607896,83.69912203798098
NDAQ,"Nasdaq, Inc.",92.73,USD,1.833955633648146,693232,0.2333206884204268,52442599993.994835,USD,Finance,Strong buy,89.7082071762015,89.19406328640684,89.13962581007472,2.136799206961116,3.6900369003690003,-4.647814910025703,90.88399999999992,89.87300000000003,87.49780000000014,90.36592500000005,27.93661314132498,0.943512,50.50784438197154
ANCTF,Alimentation Couche-Tard Inc.,56.96,USD,-0.1927457508323102,1119,0.03208786166948642,52302386030.65001,USD,Retail trade,Strong buy,57.383908458528246,57.23470596575346,56.71628089647348,-1.6234887737478374,-2.8980565973405996,3.8279256288734986,57.113741400000116,57.41666534999996,57.4532561399999,54.515713785000024,19.30185371329746,0.530336,14.346213479119449
MET,"MetLife, Inc.",80.84,USD,1.3286537979443498,1043438,0.34214673947081264,52015427495.197784,USD,Finance,Strong buy,77.83013911440992,76.90373949924393,76.62747549279707,1.430363864491845,4.390495867768602,2.406891309855594,79.30399999999993,78.69299999999996,74.41719999999991,77.48275000000005,15.636061198042592,2.398673,-15.833428297002946
AME,"AMETEK, Inc.",226.92,USD,-0.4300131636682835,215277,0.17300781672231288,52010744032.143394,USD,Producer manufacturing,Strong buy,228.10011818364896,226.07950658355415,221.84243575350132,-0.1583949313622024,-2.4880752868377036,10.155339805825236,229.91599999999994,232.15399999999977,225.5062000000003,207.1805999999997,34.281052663383385,1.991715,8.401021878684658
VLKPF,Volkswagen AG,114.85,USD,-0.5627705627705677,105,0.12650602409638553,51981354679.659996,USD,Consumer durables,Buy,104.06059467147497,105.33305283546437,107.30384620735435,18.280123583934092,9.736288935600992,-5.146925224228209,107.91999999999999,103.89067999999983,105.745102,110.158023,8.125138772780614,6.533507328299999,-29.46601996186723
PSA,Public Storage,295.96,USD,1.1932847813450786,160340,0.198521157286478,51954519158.573105,USD,Finance,Buy,297.61619002417876,295.4663708848243,292.8380128666524,1.103405868889407,-2.116682100806996,14.226167502894617,301.2880000000002,303.72400000000056,293.48099999999965,286.57239999999956,30.54818698842934,2.507022,-3.7895113159018523
LNG,"Cheniere Energy, Inc.",247.685,USD,2.416887198147535,921542,0.3900930944477954,51902856582.35675,USD,Industrial services,Strong buy,252.10774524897695,250.17115913981448,244.6490787178006,2.8165213781652123,-2.2707544191919173,27.37066748945798,242.859,255.8462500000006,264.1918999999999,230.11572500000017,40.542951613959275,2.977958,-55.368531790387266
TKPHF,"Takeda Pharmaceutical Co., Ltd.",32.6837,USD,1.344806201550393,1378,0.10485386658144437,51810865925.6012,USD,Health technology,Strong buy,33.539312321801205,33.41743650501408,32.77043650303906,6.461563517915319,-5.325010138462421,3.4621715732826903,32.74174000000006,35.029894999999996,32.169931999999996,28.605022000000005,43.29292878010187,0.37848118499999994,70.72007828022268
PSA/PK,"Public Storage Depositary Shares Each Representing 1/1,000 of a 4.75% Cumulative Preferred Share of Beneficial Interest, Series K",18.711,USD,0.24645057594427738,7502,0.6514358159446341,51341864503.0,USD,Finance,,18.756112150531116,18.81442479552465,18.928565235961226,0.5427189682966098,-0.26119402985076245,-1.88253801782906,18.798200000000016,18.788450000000015,18.658180000000087,19.35438902999994,1.9312985766336714,2.507022,-3.7895113159018523
PSA/PI,"Public Storage Depositary Shares Each Representing 1/1,000 of a 4.875% Cumulative Preferred Share of Beneficial Interest, Series I, par value $0.01 per share",19.2457,USD,0.1337148803329891,3389,0.3088461783816788,51341864503.0,USD,Finance,,19.278355145066673,19.329582851124375,19.435727030751615,-0.28134715025907436,-0.12610275038920712,-0.7441980402269273,19.325159999999975,19.33635,19.18734000000001,19.854620419999947,1.9864888576943323,2.507022,-3.7895113159018523
PSA/PL,"Public Storage Depositary Shares Each Representing 1/1,000 of a 4.625% Cumulative Preferred Share of Beneficial Interest, Series L, par value $0.01 per share",18.04,USD,-0.055401662049870154,14082,0.6139773366411315,51341864503.0,USD,Finance,,18.254950762209827,18.34555343831249,18.470529213367787,-0.055401662049870154,-2.169197396963135,-2.696871628910464,18.141000000000012,18.342801649999995,18.25277266,18.878984124999974,1.8620397799407533,2.507022,-3.7895113159018523
PSA/PG,"Public Storage Depositary Shares, Each Representing 1/1,000 of a 5.05% Cumulative Preferred Share of Beneficial Interest, Series G",20.25,USD,-0.34448818897637934,2757,0.1905742804213786,51341864503.0,USD,Finance,,20.293309673252296,20.339379958593458,20.450387155671223,0.34687809712586865,-0.14792899408284582,0.04940711462451366,20.33799999999997,20.383749999999957,20.105498000000118,20.89094450000003,2.090149974711766,2.507022,-3.7895113159018523
PSA/PM,"Public Storage Depositary Shares Each Representing 1/1,000 of a 4.125% Cumulative Preferred Share of Beneficial Interest, Series M",15.98,USD,-0.21854511395566745,3713,0.5167135183278132,51341864503.0,USD,Finance,,16.148192064801776,16.230312642992995,16.35502201715398,-0.18738288569644682,-1.7824216349108737,-2.7388922702373666,16.12646000000003,16.213354999999975,16.14554800000003,16.757511000000015,1.6494121775750132,2.507022,-3.7895113159018523
PSA/PS,"Public Storage Depositary Shares Each Representing 1/1,000 of a 4.100% Cumulative Preferred Share of Beneficial Interest, Series S",15.91,USD,-0.06281407035175746,2025,0.1918631092245888,51341864503.0,USD,Finance,,16.04716118279304,16.116713704263844,16.230882844059487,-0.5003126954346471,-1.3639181649100984,-2.3926380368098195,16.014,16.12518500000002,16.040072,16.639254499999993,1.642186967785886,2.507022,-3.7895113159018523
PSA/PF,"Public Storage Depositary Shares Each Representing 1/1,000 of a 5.15% Cumulative Preferred Share of Beneficial Interest, Series F, par value $0.01 per share",20.32,USD,-0.34330554193232116,5201,0.41963514898217696,51341864503.0,USD,Finance,,20.46104363536935,20.535076352641674,20.690525447823948,-0.4409603135717779,-0.8296730112249788,-1.9305019305019238,20.484,20.582945000000002,20.353275999999973,21.321322754999947,2.0973751845008928,2.507022,-3.7895113159018523
PSA/PP,"Public Storage Depositary Shares Each Representing 1/1,000 of a 4.000% Cumulative Preferred Share of Bene cial Interest, Series P",15.7185,USD,0.3735632183908074,8392,0.2358641701190001,51341864503.0,USD,Finance,,15.786500441808915,15.837459016084392,15.930235822509054,-0.19999999999999632,-1.3895859473023773,-1.574827802128992,15.78970000000001,15.87548000000002,15.773892000000005,16.313671880000005,1.6224208581484885,2.507022,-3.7895113159018523
PSA/PH,"Public Storage Depositary Shares Each Representing 1/1,000 of a 5.60% Cumulative Preferred Share of Beneficial Interest, Series H",22.43,USD,-0.2667852378834981,5483,0.35957870989743185,51341864503.0,USD,Finance,,22.49089088640727,22.590930015231713,22.765418053056706,-0.5762411347517686,-0.39964476021314327,-2.1378708551483507,22.553479999999972,22.465865000000072,22.352946000000056,23.39114175000002,2.3151636510017237,2.507022,-3.7895113159018523
PSA/PR,"Public Storage Depositary Shares Each Representing 1/1,000 of a 4.00% Cumulative Preferred Share of Bene cial Interest, Series R",15.54,USD,-0.2567394094993641,8170,0.40468583599574015,51341864503.0,USD,Finance,,15.699779167337567,15.773315745139527,15.884777074655688,-0.7662835249042209,-2.264150943396234,-2.8750000000000053,15.656439999999998,15.775109999999994,15.716914000000015,16.274049999999995,1.6039965731862142,2.507022,-3.7895113159018523
PSA/PN,"Public Storage Depositary Shares Each Representing 1/1,000 of a 3.875% Cumulative Preferred Share of Beneficial Interest, Series N",15.09,USD,-0.2643754130865891,5427,0.3699083919515786,51341864503.0,USD,Finance,,15.197293215637522,15.252955928125322,15.354216542706324,-0.39603960396039933,-0.735439224302389,-2.519379844961244,15.190000000000007,15.24500500000004,15.150619999999968,15.731686500000006,1.5575487959703973,2.507022,-3.7895113159018523
PSA/PO,"Public Storage Depositary Shares Each Representing 1/1,000 of a 3.900% Cumulative Preferred Share of Beneficial Interest, Series O",15.1593,USD,-0.004617414248022064,2903,0.15984186502364867,51341864503.0,USD,Finance,,15.282244076629096,15.351168725070595,15.462845139993954,0.061386138613859026,-1.5629870129870154,-3.3207908163265287,15.255860000000007,15.331580000000022,15.257600000000004,15.842142000000017,1.5647017536616332,2.507022,-3.7895113159018523
PSA/PJ,"Public Storage Depositary Shares Each Representing 1/1,000 of a 4.700% Cumulative Preferred Share of Beneficial Interest, Series J, par value $0.01 per share",18.315,USD,-0.054570259208720384,2006,0.20959366412772049,51341864503.0,USD,Finance,,18.451106969508494,18.52526882611025,18.647329735160103,0.13668671405140587,-1.7962466487935513,-2.2156967431927344,18.439999999999976,18.535840000000057,18.432435999999992,19.083155000000083,1.8904245326837528,2.507022,-3.7895113159018523
PSA/PQ,"Public Storage Depositary Shares Each Representing 1/1,000 of a 3.950% Cumulative Preferred Share of Beneficial Interest, Series Q, par value $0.01 per share",15.29,USD,-0.17497127337303803,2128,0.27316021205858565,51341864503.0,USD,Finance,,15.447252172085799,15.517301320470073,15.632664812570475,-0.22838499184339411,-2.3627075351213347,-3.2278481012658324,15.408359999999998,15.505055000000002,15.430882000000004,16.048793999999997,1.5781922525107603,2.507022,-3.7895113159018523
MET/PE,"MetLife, Inc. Depositary Shares",22.8,USD,-0.08764241893076062,12128,0.18850006605584438,51333384532.0,USD,Finance,,22.900282716538236,23.041036007876926,23.250818912097937,-0.5235602094240881,-0.8695652173913012,-4.322282836760376,22.95999999999996,22.847675000000002,22.881069999999994,23.95509449999997,4.409972727800237,2.398673,-15.833428297002946
MET/PF,"MetLife, Inc. Depositary Shares, each representing a 1/1,000th interest in a share of 4.75% Non-Cumulative Preferred Stock, Series F",18.82,USD,-0.3177966101694848,24666,0.5036621996067244,51333384532.0,USD,Finance,,19.024018929883958,19.12373397478314,19.298191432256992,-0.6860158311345594,-2.989690721649476,-4.901465386558862,19.03999999999997,19.13862500000007,18.989749999999997,19.952974499999936,3.6401616990000196,2.398673,-15.833428297002946
MET/PA,"MetLife, Inc. Preferred Series A Floating Rate",22.275,USD,-0.20161290322581407,29013,0.811745449967125,51333384532.0,USD,Finance,,21.725178143553563,21.660455746137856,21.77614071936769,-0.290957923008063,5.319148936170214,2.8393351800553943,22.291999999999994,21.561000000000057,21.332840000000097,22.52273201499993,4.308427303146941,2.398673,-15.833428297002946
BAMXF,Bayerische Motoren Werke AG,86.395,USD,-3.962872387727877,358,1.1977249916359987,51295804093.79427,USD,Consumer durables,Buy,92.67918011589168,94.16151374646199,95.70878803849205,-7.122124274349602,-9.372705339347533,-21.814479638009054,91.90794000000007,91.83205499999993,97.86566200000014,93.77918950000002,6.6839099800213075,2.9368461207800003,13.571954393896995
BAIDF,"Baidu, Inc.",18.52,USD,2.320441988950266,151,0.026698256656883197,51191597193.62444,USD,Technology services,Strong buy,16.567749308546922,16.237287346544992,15.987166090481596,0,25.5593220338983,0.8989376191773312,18.07,15.561764999999994,16.80321800000001,13.93313799999999,99.52325780076944,0.24083767679999998,-83.78058124926001
VLKAF,Volkswagen AG,103.0999,USD,-3.464513108614225,870,2.1550656428040624,51173823027.4151,USD,Consumer durables,Strong buy,105.27723100920898,106.69177498087907,108.5502664926501,0,-7.118211334652231,-15.879734829168788,104.57369999999996,104.64761999999976,104.28292000000005,112.8192079999999,7.293870221678747,6.533507328299999,-29.46601996186723
GWLIF,"Great West Lifeco, Inc.",56.53,USD,0.4085257548845541,945,0.7632662951296342,51100173428.82585,USD,Finance,Buy,52.316128842458646,50.72521116576779,49.05161480296233,1.3098777578849807,10.626223091976517,15.155836219189238,55.841399999999986,53.8282665,49.98364659999999,44.87741014999999,16.878493280068405,0.9924663729,17.38710712254484
NUE,Nucor Corporation,223.985,USD,-1.3368866179191246,420000,0.3307817459511133,51010557990.07636,USD,Non-energy minerals,Strong buy,211.33486468109413,201.4446202516252,190.62665409989447,-1.1627393875209562,16.41632016632017,35.600556968155956,229.2050000000003,224.38575000000006,193.74890000000013,165.47812500000015,22.192992885876784,4.102568,79.7147385103011
FSUMF,FORTESCUE LTD.,16.56,USD,-0.24096385542170298,1050,0.10789814415192059,50960162442.32921,USD,Non-energy minerals,Buy,15.318386726822684,15.090766186290795,14.809952812348683,6.838709677419347,9.306930693069296,7.882736156351786,16.081999999999987,15.257539999999995,14.746716000000015,13.154324770000015,13.205429393156694,0.571976,5.604702490805192
COR,"Cencora, Inc.",261.27,USD,1.381397695083622,561201,0.1886637049565787,50832967942.82892,USD,Distribution services,Strong buy,289.25397712228016,303.3842439244906,314.2150850392822,1.6614785992217829,-18.78963073480046,-22.513197698558642,259.3400000000001,286.06500000000005,311.24359999999996,326.91464999999994,20.043882193189052,4.368198,51.27485000058027
MCHPP,Microchip Technology Incorporated - Depositary Shares Each Representing a 1/20th Interest in a Share of 7.50% Series A Mandatory Convertible Preferred Stock,79.69,USD,-0.22536622010768348,2675,0.017113800696835577,50785559938.0,USD,Electronic technology,,74.87465777140586,71.48560082543374,68.31094965425962,-0.9200547059555005,17.59757987161514,34.22604008758633,81.30599999999997,79.28099999999999,67.43759999999997,62.51444499999998,369.10606762389995,0.698952,nan
ADSK,"Autodesk, Inc.",240.27,USD,1.542557687431327,522703,0.3077881979478353,50731867789.81164,USD,Technology services,Strong buy,240.25171397874624,243.32598280786434,250.443104792865,1.766200762388825,-3.660785886126702,-18.827702702702698,235.32999999999993,239.89400000000006,240.75180000000012,277.1394000000002,45.92755423874606,2.843543,2.090000780579189
TER,"Teradyne, Inc.",323.97,USD,-4.116846217592035,1463815,0.389164648483947,50714964319.44504,USD,Electronic technology,Strong buy,341.1092982737514,328.3575590269112,303.04172868772304,-4.116846217592035,-13.77814446159578,62.56209543880779,348.04600000000005,362.96500000000003,338.12000000000006,223.67157499999996,59.96113270405331,2.046128,52.929521652986125
EBAY,eBay Inc.,114.185,USD,-1.6748471540514884,1445207,0.24561319905206422,50698138801.41639,USD,Retail trade,Buy,105.63441838903763,101.5516594311068,97.61479592623445,-1.2325923363030855,11.183057448880234,31.24712643678161,113.393,106.81524999999995,99.11199999999995,91.84122499999995,25.924622545124308,1.505279,5.265044691936331
FAST,Fastenal Company,44.035,USD,1.791493296347662,2006210,0.32415368349738616,50553720768.974106,USD,Distribution services,Buy,44.64501528807066,44.7994567549055,44.707023040676944,1.3930462813723161,-2.642051735573735,9.376552409339292,43.67299999999998,44.413749999999936,45.23350000000001,44.755625000000016,38.98627711376715,0.325103,12.679569034317636
EA,Electronic Arts Inc.,201.245,USD,0.3015350877193073,688535,0.3542757546410337,50462481460.001366,USD,Technology services,Buy,201.5029751965367,201.44613645073994,200.19710587564938,0.5470896827379459,-1.268213707501353,-1.5435420743639927,200.60699999999977,201.61725000000015,201.81910000000013,195.7302500000001,57.53473611984676,0.824033,-17.434614295156265
MCHP,Microchip Technology Incorporated,93.19,USD,-0.7032498668087338,2954184,0.23907662091116333,50428410555.377945,USD,Electronic technology,Strong buy,87.33532753364766,82.7717012366642,78.33554297334591,-2.7264454184929985,18.298952713424296,42.79803861477166,95.69800000000002,93.32549999999999,77.80940000000014,69.40837499999999,431.6350162112089,0.698952,nan
ANFGF,Antofagasta plc,51.1,USD,-2.238377654486324,1978,0.48712013003004484,50377274813.65879,USD,Non-energy minerals,Buy,50.89080962177677,50.068786253388815,48.311368572388396,-5.03623861735737,-8.24205422876638,13.447150500632736,54.879120000000015,51.714979999999954,49.528175999999995,41.980973999999996,37.2050245858957,0.714691,67.34912301564866
ETR,Entergy Corporation,109.045,USD,0.013757681372099942,1238971,0.2476567208011489,49924296616.84967,USD,Utilities,Strong buy,110.81022734413368,109.31679701161826,106.47537141701532,-0.678568175607983,-5.285329627377741,17.7973425515826,111.25100000000002,113.22174999999979,110.93729999999994,98.64227500000007,27.775796632619272,1.12904,27.385703624387546
CTPCF,Citic Ltd,1.71,USD,19.689227969482737,2000,1.1853256682273454,49744349296.34193,USD,Finance,Strong buy,1.527918137946172,1.4797857367775642,1.409167001220231,0,19.689227969482737,23.021582733812956,1.5417399999999994,1.4449349999999999,1.1839068599999993,1.0615905299999995,6.1112554701633295,nan,1.9731758810161621
ARGNF,Argen X NV,803.19,USD,10.853633289628059,1,0.04975124378109452,49704135020.03435,USD,Health technology,Strong buy,782.8636496168953,771.9952322830906,739.2913622980892,0,-10.234029236890331,-1.6782959970620546,783.6646000000001,809.0488,671.1448899999999,nan,39.88493478917891,nan,64.767023064821
SCGLF,Societe Generale,77.5,USD,-0.8761271343608138,50,0.010409293417162844,49605493384.3407,USD,Finance,Strong buy,79.14610612349176,78.86361940907742,77.42009895794156,0,-8.984145625367006,-6.4574532287266075,79.84794000000004,77.11995499999996,81.304052,51.58398549999999,9.696541358179285,nan,63.91279145112259
COIN,"Coinbase Global, Inc.",187.55,USD,-4.032134268024354,5038891,0.4700099552108787,49527266250.0,USD,Finance,Buy,191.74821882065208,194.35493627821674,204.5646303716789,-1.41918528252299,-8.601364522417143,-18.66692686311498,200.88600000000028,198.2635,191.53810000000004,253.46977499999994,70.52607829127966,0.085714,-50.16491136014392
NBIS,Nebius Group N.V.,196.505,USD,-10.655178685095937,10678532,0.5601435003773095,49450569686.64738,USD,Technology services,Strong buy,168.44064601065347,151.6747091278298,135.34823344311474,-9.640410171517912,19.981072169984124,125.90676553428752,204.79499999999993,172.53175,142.75500000000002,106.56174999999996,65.56067127081039,-0.648108,nan
ASMXF,ASM International N.V.,1010.17,USD,-5.614523573711064,4,0.0437636761487965,49155423790.034325,USD,Producer manufacturing,Strong buy,968.198838099186,919.9534679771843,859.2250653461706,-1.4530785852604562,8.916730460284422,55.125576824146364,1026.1990799999999,980.3868524999989,880.6758389999997,647.5185457500002,43.351925739046685,5.7857402984399995,119.88562984379305
PRYMF,Prysmian S.P.A.,171.35,USD,-7.4684091154552394,15579,1.777653529290947,49139499831.63369,USD,Producer manufacturing,Buy,159.32420992763085,148.31409012985756,136.63068876694788,-6.687360453085009,17.916250903210265,62.75259421081376,180.148,163.45351000000008,138.53815400000008,108.83808350000001,31.63352784658223,1.47719814622,109.0653439115808
PCRFF,Panasonic Holdings Corporation,21.0,USD,-0.47393364928910625,200,0.01246711797633741,49022967041.01792,USD,Consumer durables,Strong buy,19.61328418267767,18.511994973199847,17.193983346123673,0,20.0,75.0,21.070500000000003,20.36997250000001,18.248688999999995,13.671067249999997,41.08159628257784,0.279988277829,-51.102529412166554
SDVKF,Sandvik AB,39.0,USD,-5.109489051094894,100,0.09959167413604222,48921050394.40204,USD,Producer manufacturing,Buy,40.12158891320102,39.13135387240579,37.174696110325975,0.11551790527532205,4.697986577181208,18.541033434650462,40.99099999999998,41.543584999999986,36.36733200000001,24.526624535000025,31.379128129476655,0.4388009805,6.807793464567766
DRPRF,DR ING H C F PORSCHE AG,54.0,USD,1.8867924528301887,6000,3.827018752391887,48794543407.3591,USD,Consumer durables,Buy,49.08192506723713,48.67604767036753,48.937053156351986,1.8867924528301887,11.111111111111109,-2.579830416741836,50.31600000000001,46.385569999999994,49.285258000000006,56.200962999999994,134.88679457157087,0.3992986602,-89.42842729514186
XEL,Xcel Energy Inc.,78.07,USD,0.19250513347021495,1067513,0.1982521707187617,48736725924.6427,USD,Utilities,Strong buy,79.4436131693832,79.47978313544081,79.0798982593609,-0.47169811320755295,-3.747996547897924,5.7572473584394475,79.16599999999997,79.92399999999998,80.04309999999991,77.83300000000004,22.47459481244782,0.790418,2.4116277012883596
ROK,"Rockwell Automation, Inc.",437.335,USD,-2.541560814725683,213660,0.23330750127404065,48663994619.02684,USD,Producer manufacturing,Buy,420.9461909127116,411.3814767442972,402.129767852557,-1.7798589588105853,6.927872860635692,11.56505102040816,450.5370000000001,427.9637499999999,395.5224999999996,381.0405749999999,45.4421238570241,3.356794,21.16633932618221
HCMLF,HOLCIM LTD,90.1,USD,-7.3997944501541655,616,0.9837112743532417,48542855325.57734,USD,Non-energy minerals,Buy,91.17032875151232,90.80618390195252,90.7876286208643,-6.979145157959947,-5.187835420393567,-8.01617118588697,95.1649999999999,89.72349999999997,93.21248180000012,94.73640344999998,46.98320820138882,2.058048,-66.62144771299785
UOVEF,United Overseas Bank Ltd.,29.3025,USD,2.327489872887272,270,0.23925564909171468,48384933010.08659,USD,Finance,Buy,28.70477542065816,28.573369710361913,28.280699126574962,0,-0.29772031303165064,2.241800418702018,28.309299999999986,29.314375000000002,27.566249999999997,24.122414509999984,13.735027519271926,nan,-17.669491525423716
FER,Ferrovial N.V.,67.23,USD,0.5082972043653811,627390,0.4402891020534684,48286803795.65312,USD,Industrial services,Buy,68.22665639838215,68.05038313588408,67.26254350503908,-0.2966038855109044,-6.741573033707864,3.7179882752237132,67.79799999999997,68.94350000000006,67.47279999999995,64.22605,46.40902541464953,nan,-68.71270985641983
FLEX,Flex Ltd.,130.915,USD,-5.037719425504149,3074567,0.35133797716331194,48134035402.60532,USD,Electronic technology,Strong buy,109.09172940095253,97.2317041015732,86.54608411843004,-5.278199840821949,61.60350574003208,113.07779947916666,139.17299999999994,111.95475000000003,86.25039999999998,66.70357500000004,56.14573058283655,0.899222,10.433835369896748
GDERF,GALDERMA GROUP AG,203.9,USD,3.502538071065993,2,0.027586206896551724,47880581667.164375,USD,Health technology,Strong buy,201.13305757658776,199.10231945867352,193.2019930685031,0,-0.3908158280410274,1.442786069651744,198.99999999999991,205.48719999999997,198.44121400000006,nan,76.26240346840363,2.224,185.5048862613153
CRZBF,Commerzbank AG,42.45,USD,-0.46893317702226434,10328,4.129217975371822,47862213760.98273,USD,Finance,Strong buy,41.153103520732714,40.7262942684951,39.7056500935924,5.650628677239202,1.0714285714285783,0.6401137980085423,41.85170000000001,41.373675000000006,39.93768000000001,23.168886699999998,15.643990784451914,0.8731137754599999,6.759401220693216
RWNFF,RWE AG,64.09,USD,-3.887105965627904,13805,1.948620227256687,47672782303.65507,USD,Utilities,Strong buy,66.98194704077586,65.46244848203615,62.70739587208603,-8.424542051267398,-2.551392774601626,15.452514771580924,66.7588,69.32605,66.96200000000003,54.2465925,17.20790651070962,0.7322742,-36.219717115608134
AU,AngloGold Ashanti PLC,93.5,USD,1.366001734605383,1017001,0.4172317785892211,47218197988.04207,USD,Non-energy minerals,Strong buy,98.01244151933648,98.27252434247607,96.01130811921198,-1.4025097542971616,-12.596401028277631,7.3293921827469495,98.90199999999999,97.741,98.568,85.49945000000001,13.7165155649444,2.306667,nan
MDLN,Medline Inc.,35.93,USD,-0.7184305056645427,2490900,0.29474568165450055,47197869016.65875,USD,Health technology,Strong buy,40.6393569117238,41.79708222006163,42.71260527351437,0.05569479253690651,-24.51680672268908,-14.268670961584341,37.65600000000004,42.40900000000003,43.326400000000014,nan,30.05185680829709,0.323015,-22.06505442930709
EW,Edwards Lifesciences Corporation,81.955,USD,0.706561808798234,1502186,0.36885110551148126,47189686406.80604,USD,Health technology,Strong buy,81.61565458131795,81.62550909230534,81.57954914348942,1.004436775942812,4.017007234420602,-4.101333957406969,81.15900000000009,81.73375000000007,81.56209999999996,81.24297500000003,44.52624144300771,0.743114,22.97721654306141
GPDNF,Danone,73.12,USD,3.466817602943261,909,0.37043074289905864,47174428783.26584,USD,Consumer non-durables,Buy,75.90627030762691,77.7471894368222,79.73437754712292,0,-7.711725356556859,-18.854733103984014,72.15540999999986,76.79546250000003,80.02539699999998,84.20496525000003,22.11650474476958,2.208446,1.987862275112016
LGRVF,LeGrand SA,180.25,USD,-4.122340425531915,260,0.9018383628165105,47159398857.46878,USD,Electronic technology,Buy,172.3293028961007,167.73284127763512,162.00236813927975,-4.122340425531915,1.3209668353007276,22.82793867120954,182.23200000000003,164.364125,151.34256,109.59930580999992,32.33783032704369,1.83215237308,14.800689829768546
CAH,"Cardinal Health, Inc.",201.08,USD,3.012295081967226,735466,0.268605850735969,47094112853.66394,USD,Distribution services,Strong buy,200.74028731952728,203.37762713685436,203.01899462203332,2.9490067581404973,-5.204601169149534,-1.7060175001221982,191.91400000000004,195.2740000000003,205.8987999999999,191.09904999999983,30.747117648857767,2.402771,2.1269286026609975
AMSYF,ArcelorMittal,63.164,USD,12.893655049151024,260,0.019004319828084,46982185825.334915,USD,Non-energy minerals,Strong buy,55.10021247673635,51.63817397285816,46.92433331082002,0,29.967078189300413,14.323981900452491,54.24279999999999,48.39431000000003,35.735746660000004,30.95001266500001,14.451287886655168,nan,174.94910786763285
FANUF,Fanuc Corporation,50.765,USD,-4.169970174047639,1563,0.6649649010848756,46955465380.55506,USD,Producer manufacturing,Buy,46.09388821813312,43.98296414756246,41.80490974589153,-5.112149532710279,24.46062567421792,37.2027027027027,51.57379999999999,45.55077499999998,40.95967999999999,36.15163399999996,45.16351659496759,0.31138620921,7.161705177316509
DAL,"Delta Air Lines, Inc.",70.93,USD,0.996725046276524,2469535,0.3892076386940952,46600609609.59319,USD,Transportation,Strong buy,69.60912257089826,68.71391585113233,67.54231511167475,-0.18294399099352018,-4.689599570008055,1.546170365068021,70.89399999999996,69.945,67.35440000000006,64.30235000000002,10.357012484485656,1.42289,21.407931358471153
DGEAF,Diageo plc,20.914,USD,0.7903614457831396,2951,0.6143692877813169,46504066316.31971,USD,Consumer non-durables,Buy,20.434618742632793,20.611595137138377,21.139171839325645,0.8292353678526688,2.0693020985846906,-4.936363636363629,20.55440000000002,20.342740000000028,19.735404000000045,22.940884500000003,19.099470818448765,0.632,-30.636144963394337
GMGSF,Goodman Group Sydney NSW,22.66,USD,1.7283950617284023,634,0.8322394329220268,46335007432.45316,USD,Finance,Strong buy,21.122179326791994,20.71110644940082,20.51003705270372,0,6.987724268177529,12.222662440570524,21.801000000000016,19.983875000000005,20.131399999999974,20.400622229999996,40.92586737869729,0.5071506,89.16901731401452
DNBBF,DNB NOR BANK ASA,31.345,USD,-2.0468750000000036,40056,5.7277680065205265,46314556234.13871,USD,Finance,Buy,31.556023418136757,31.37505741472117,30.861120598606224,-2.3155073547743767,-7.998238919870857,8.160800552104893,31.272100000000012,31.310365000000026,31.69288599999996,29.05286100000002,10.872834716049448,0.69840707552,1.432625549903745
TTRAF,Telstra Group Limited,4.112,USD,6.805194805194806,310,0.15607693082267646,45929486930.46543,USD,Communications,Buy,3.7714318250669456,3.633554693619763,3.4764729703192545,16.15819209039548,8.210526315789481,26.52307692307693,3.890399999999995,3.4721500000000005,3.1607283200000023,2.7387747199999986,31.045882711569444,0.078835292,46.63484372464042
CCJ,Cameco Corporation,104.655,USD,-2.655566924007073,1197036,0.36985656454493515,45572856305.453476,USD,Non-energy minerals,Strong buy,112.2500434652066,111.9885857545331,109.31489071642339,-2.537716520767363,-13.522558254833909,12.53225806451613,111.39899999999996,117.77374999999998,114.4133000000001,99.51812500000004,97.45767252784958,0.2762576181,170.61195254337045
VST,Vistra Corp.,134.8,USD,-3.4936998854524592,2762771,0.46573234778245404,45452193845.02291,USD,Utilities,Strong buy,148.58487609645982,152.65588406504588,157.41206014102622,-3.0215827338129415,-18.922170095031866,-17.74971017145645,141.1720000000002,153.28049999999985,155.79599999999974,175.33320000000012,22.509058727269693,2.020743,-6.065501772437812
EBKOF,Erste Group Bank AG,112.4625,USD,-2.2150247804538727,16949,3.9763982732732734,44989478868.917015,USD,Finance,Strong buy,115.2274839805224,115.53214468384627,114.75077206918164,-0.712898384391269,-11.06168446026097,-7.30865630210475,114.7665,116.50045000000003,114.33747999999993,108.94179050000002,11.364866804797364,2.8147794986599997,28.074470461733576
DISPF,Disco Corp.,413.968,USD,0.43379106215731256,85,0.2251059322033898,44900105898.07063,USD,Producer manufacturing,Strong buy,438.35005772451206,433.0681246152833,417.72675967691566,2.980700820426589,-12.600000506705827,18.323900988967015,440.9255999999999,462.881675,443.2033880000001,356.9513461999999,52.75697892593397,1.912625592,3.3415431889614924
EXC,Exelon Corporation,43.875,USD,1.1410788381742678,2136842,0.272316037807142,44893257803.76037,USD,Utilities,Buy,45.4659683042965,45.96809339874256,46.089552158294694,0.7231404958677633,-4.74381241858446,0.7231404958677633,44.181000000000054,45.50825000000003,47.33089999999993,45.75310000000001,16.067308748672502,0.485421,1.3096386436150604
DKILF,Daikin Industries Ltd.,152.35,USD,-4.590430861723455,39,0.04484820607175713,44588676390.07613,USD,Producer manufacturing,Buy,145.82293736904592,140.25137629577375,135.2618651359187,-4.566524680531191,6.471451533999574,18.339288488426273,156.87199999999999,145.08737500000004,132.88400000000001,126.16744650000003,25.757841341205847,1.70321256,-1.8100370609193592
TTWO,"Take-Two Interactive Software, Inc.",240.71,USD,-0.7135786173898654,942236,0.4994043365318123,44573581948.95987,USD,Technology services,Strong buy,223.10609659934374,219.90105329640394,220.47861493817967,3.1540604242554164,10.45796622613804,-6.594749810830204,235.70799999999994,222.13250000000002,210.6052,231.67497499999982,nan,0.564832,-4.860726976120603
UMGNF,UNIVERSAL MUSIC GROUP,24.2,USD,2.4416675132920123,1828,0.06674845908918295,44492372069.244995,USD,Commercial services,Strong buy,22.846810268748992,22.74121081033457,23.162749273407748,1.0860484544694988,-2.2301228183581108,-6.346749226006194,23.459800000000005,22.810414999999924,21.54095399999999,25.102892499999967,24.905520521967265,0.56567252078,-16.671330501800462
WAB,Westinghouse Air Brake Technologies Corporation,261.35,USD,-0.9662751042061215,248799,0.26257668763454073,44345171168.011185,USD,Producer manufacturing,Strong buy,260.7459971888162,256.2145875471987,248.47919850663024,-0.7519082520031752,0.9229224590670542,22.343413538058243,265.69599999999986,265.3160000000001,256.5324,223.35309999999973,36.993786006482935,2.600133,10.73544625223361
SEMHF,Siemens Healthineers AG,39.58,USD,2.432712215320905,3378,0.2696941390625374,44162894459.14191,USD,Health technology,Strong buy,41.2340684157933,42.88717079482427,45.00414806249877,-1.4439776991476625,-14.977713334407396,-21.932938856015788,39.454399999999985,40.69130500000005,42.62062199999997,50.552326000000015,18.35678063908806,0.66857331864,7.2728669266144355
HPE/PC,Hewlett Packard Enterprise Company 7.625% Series C Mandatory Convertible Preferred Stock,86.375,USD,0.20301624129930063,1987,0.013704639161747849,43918869545.0,USD,Electronic technology,,78.09893471409346,74.15161266152927,70.7042037805959,-0.7183908045977011,22.292227098966453,30.279034690799403,85.605,79.82625,70.72089999999994,65.55666850000009,nan,0.534097,-109.33696190004947
SWZCF,Swisscom AG,846.4,USD,-1.7687201151292895,6,0.198019801980198,43843955237.41065,USD,Communications,Buy,853.3405419002491,844.3525121979322,822.5175040208335,-1.7898065152438218,4.150131725798689,16.652310236708807,856.8337999999998,868.7578500000002,786.6580499999997,644.9858684300002,28.349943225544223,6.6832923712,-5.8399908383667665
GRMN,Garmin Ltd.,226.41,USD,0.29235880398670944,168804,0.2308535896403898,43664572507.77475,USD,Electronic technology,Buy,237.55127096429115,236.76885230492675,233.50626898481698,0.23907557444547398,-15.319594569323412,11.165120047135076,231.1159999999999,245.00350000000012,244.48059999999995,228.3073000000001,25.24502425154708,2.273131,18.14337654125831
VTR,"Ventas, Inc.",87.64,USD,0.21726700971983728,730145,0.16200709201635388,43607007709.26838,USD,Finance,Strong buy,86.20586399857595,85.1372628752556,83.35011934850755,0,2.888001878375198,13.273878764378951,88.78600000000009,86.54499999999999,85.26680000000009,77.57404999999994,158.73935881180944,0.143993,66.84799032940465
WEICF,Weichai Power Company Ltd.,5.14,USD,-3.2015065913370986,1000,0.06670135136937874,43531091046.71662,USD,Producer manufacturing,Strong buy,4.752038657662761,4.438382695962027,4.047358027909486,0,30.9887869520897,108.51926977687627,5.2882,5.00865,4.3015419999999995,2.831645875000001,28.09441108260457,0.0614194316,-0.02938063352498723
HPE,Hewlett Packard Enterprise Company,32.805,USD,-0.8912386706948692,5352867,0.3213557956670023,43527447595.88293,USD,Electronic technology,Buy,29.325183603362568,27.624570649011865,26.106164752828686,-2.307921381774862,25.689655172413783,35.111202635914324,32.46299999999996,29.946249999999992,26.1851,23.71387500000001,nan,0.534097,-109.33696190004947
FITB,Fifth Third Bancorp,47.97,USD,1.309398099260818,1494813,0.3080886859824721,43475765306.26695,USD,Finance,Strong buy,48.48691525167588,48.42870195473993,48.070473301881776,0.9682172174279118,-5.774896876841481,2.390608324439696,47.76399999999999,49.54200000000009,47.864599999999925,46.549425000000056,16.087058586807068,0.838211,-5.285392116380265
RNECF,Renesas Electronics Corp,24.45,USD,8.425720620842565,25767,1.471971025586829,43449706402.587524,USD,Electronic technology,Strong buy,21.073035828727622,19.785427120013303,18.425094063707988,3.777589134125639,35.83333333333333,74.76769120800571,23.257520000000007,20.32725000000001,18.002231999999996,14.238045500000007,nan,0.367182408633,-107.54707100039069
WOPEF,Woodside Energy Group Ltd.,22.856,USD,3.75885236971129,104,0.1365725541694025,43404665595.48314,USD,Energy minerals,Buy,22.783679872791865,22.009315369985707,20.805138987707885,3.75885236971129,-3.966386554621845,43.748427672955984,22.659299999999995,23.237225000000016,19.895444000000005,16.210988499999996,15.553045643725017,0.830014,-16.178287801471708
FNV,Franco-Nevada Corporation,224.65,USD,-0.32389741769455577,153564,0.18266789044779827,43312225716.68807,USD,Non-energy minerals,Strong buy,235.29937657343302,237.52589570809596,235.05176596254165,-0.7291206363234669,-14.28189865689865,7.704477898168565,233.16400000000004,234.35200000000003,244.0741999999999,220.7018999999999,31.85120458357722,2.216612,126.50721479611555
HINKF,Heineken N.V.,77.7725,USD,2.3342565971696634,668,0.08839018710138408,43152441177.36975,USD,Consumer non-durables,Strong buy,79.06146792478017,79.99483358121765,80.78975866187156,0.2869116698903889,-2.8329585207396457,-4.421162590635382,76.32418000000007,77.77479499999984,82.34221800000016,82.39997567500019,19.6758113715518,2.5958922792199997,120.8211384701732
FERG,Ferguson Enterprises Inc.,221.92,USD,-0.8488964346349772,388042,0.29673153474350183,43038685905.127335,USD,Distribution services,Strong buy,238.99082624141585,240.90867565696544,240.85913557299077,-0.7646559048428243,-15.200611387084448,-0.5556551353289161,229.89199999999965,250.497,241.8552,240.00960000000043,29.363042155124504,3.299536,-9.199255121042818
BAYZF,Bayer A.G.,43.8,USD,-1.4401440144014415,119,0.04415748265241753,43030173320.89101,USD,Health technology,Strong buy,45.51768998946988,45.6931104754789,44.88098204676544,-2.9900332225913653,-9.015371832156218,-0.15956234328698493,44.51299999999999,45.84668,47.553862,38.4749115,nan,0.9255690173199999,29.2178094995192
HOCFF,Hochtief AG,571.25,USD,-6.352459016393443,1047,2.3986254295532645,42990567769.68902,USD,Industrial services,Buy,552.0990931142959,524.5767929533473,487.6827035276086,-1.3385146804835923,3.8636363636363638,41.731795062647315,592.5489999999998,573.2863249999999,509.55931000000004,347.054755,46.23782924135401,nan,-9.622063640624342
FITBM,"Fifth Third Bancorp - Depositary Shares Representing a 1/40th Ownership Interest in a Share of 6.875% Fixed-Rate Reset Non-Cumulative Perpetual Preferred Stock,",26.075,USD,0.023015842571637683,1379,0.035812972658522395,42913852142.0,USD,Finance,,26.01278909193912,25.989605921526767,25.941752006051427,1.0423932418817263,0.5591978403393736,-0.2104860313815527,26.09480000000002,25.95119999999999,25.979779999999995,nan,8.744424695663838,0.838211,-5.285392116380265
FITBO,"Fifth Third Bancorp - Depositary Shares each representing a 1/1000th ownership interest in a share of Non-Cumulative Perpetual Preferred Stock, Series K",18.665,USD,-0.1871657754010703,7748,0.42824138045388727,42913852142.0,USD,Finance,,19.06522243075437,19.209615174795363,19.392371166373522,0.02679528403000539,-4.429083461341536,-3.78865979381443,18.843000000000032,19.177515000000007,19.272165999999928,19.941165000000087,6.2594319058318515,0.838211,-5.285392116380265
FITBP,Fifth Third Bancorp - Depositary Shares each representing 1/40th share of Fifth Third 6.00% Non-Cumulative Perpetual,23.6,USD,0,3171,0.31506781260867406,42913852142.0,USD,Finance,,23.771846688903135,23.88884191928776,24.047014955917412,-0.37948661665942063,-2.3178807947019813,-4.337251722740171,23.66078000000001,23.746060000000032,23.756145999999955,24.45221600000002,7.914416982460848,0.838211,-5.285392116380265
FITBI,Fifth Third Bancorp - Depositary Share repstg 1/1000th Ownership Interest Perp Pfd Series I,25.5,USD,0.03923107100824466,8353,0.36757360933257643,42913852142.0,USD,Finance,,25.44987751095163,25.475040317428824,25.514217886500443,0.03923107100824466,0.5917159763313553,-0.3516998827667052,25.47780000000005,25.40244999999996,25.428480000000135,25.615249999999964,8.551594620879305,0.838211,-5.285392116380265
ON,ON Semiconductor Corporation,109.175,USD,-3.478914331182037,5046265,0.35284409041902465,42786031898.60844,USD,Electronic technology,Buy,95.5887087780319,87.0851855117487,78.71347579675496,-4.391803135125668,35.89121234752302,97.60180995475113,112.09500000000003,102.40625,79.71229999999997,60.84860000000006,77.82094233373725,0.707541,-2.6912672539363216
IDXX,"IDEXX Laboratories, Inc.",541.5551,USD,2.4140206887422373,134634,0.21564719546044345,42719490929.74478,USD,Health technology,Buy,560.3800336122982,576.2803419784365,593.8594619771595,1.7654652736019378,-7.126425545780381,-19.951059080898105,533.1610199999997,556.7410049999994,569.5878019999992,641.4560005000005,39.84659701272901,3.954446,25.583286362418328
AMP,"Ameriprise Financial, Inc.",475.2,USD,1.0247034312683347,88178,0.17152676679689355,42719096232.3092,USD,Finance,Buy,465.14114794238816,465.47659790507896,469.0403068398402,1.013965946049355,2.790395846852688,-3.0204081632653086,471.38399999999956,469.3729999999999,455.4772000000003,480.4394500000006,11.819807629646029,10.634167,36.60602642165923
CODGF,Compagnie de Saint-Gobain,87.2,USD,1.4425314099581306,255,0.09857358227994897,42696794506.294014,USD,Producer manufacturing,Strong buy,89.21165082435544,90.40990669095264,92.52114526546173,0,-2.7869596287175313,-15.585672797676667,88.12800000000001,90.76131000000004,89.58814799999999,94.84396982499995,12.83427727342882,3.8473454,16.29370013115051
CMG,"Chipotle Mexican Grill, Inc.",33.274,USD,1.9111791730474805,4309754,0.3048874097947778,42681693402.88686,USD,Consumer services,Strong buy,33.4755028492982,34.03880644220467,35.013201715912125,2.6816849251658685,-6.586187535092635,-10.673825503355703,32.558800000000005,33.1622,33.40828,37.072544999999984,30.481861487724444,0.318523,-4.085756963359985
STT,State Street Corporation,153.24,USD,0.2551521099116878,324028,0.19410172243803522,42411781188.54642,USD,Finance,Strong buy,146.34732366841843,141.68149557170796,136.4768292731468,0.5017709563164019,5.843348528802326,19.169453301189833,152.37600000000012,151.41600000000005,138.3976,125.10845000000009,15.541739774237064,3.135126,10.73438079087162
ODFL,"Old Dominion Freight Line, Inc.",203.77,USD,0.320007877116978,252099,0.15855482458898854,42377694780.78515,USD,Transportation,Buy,203.09739270468117,199.25712731184683,192.20794261690114,0.2657088028342373,-5.781990521327012,29.172741679873223,197.2,206.17199999999985,200.0486,167.80749999999972,42.60831381733021,1.443646,-10.34793041391721
STT/PG,"State Street Corporation Depositary shares, each representing a 1/4,000th ownership interest in a share of Fixed-to-Floating Rate Non-Cumulative",22.0999,USD,-0.0456806874717222,16140,0.5153816186942388,42303842043.0,USD,Finance,,22.208898192491702,22.292503967365448,22.404756021565227,-0.31619305367613915,-0.36113615870152416,-2.0325023051280113,22.207760000000025,22.24694499999998,22.13827800000011,22.732353000000007,2.241391900526375,3.135126,10.73438079087162
MSADF,"MS&AD Insurance Group Holdings, Inc.",28.78,USD,8.850226928895612,203,0.12568881183827638,42302988447.26541,USD,Finance,Buy,26.103989800807298,25.841698056610625,25.450132203871387,6.348385189564702,13.084479371316313,18.54353735892579,26.786199999999987,25.88624999999999,26.190026000000007,23.354594000000006,9.351709258892123,0.6455073946419999,6.356262385133057
ELEZF,Endesa S.A.,41.112,USD,2.7800000000000047,1500,2.5020850708924103,42299172635.55966,USD,Utilities,Buy,36.724199531834955,34.679304392038674,32.076458264306645,0,2.7800000000000047,18.512539636782947,38.18639999999995,33.199380000000005,25.577471999999972,22.742835500000016,15.836666599123033,0.6395845590399999,16.56436790718009
XYZ,"Block, Inc.",71.0,USD,0.90960773166572,1746532,0.2766157349324476,42291531492.80842,USD,Commercial services,Strong buy,69.1635635175397,67.44257687235411,66.4293121720608,1.7483519633132685,1.3706453455168384,8.034083992696289,70.95800000000004,71.267,65.80239999999996,67.87055000000001,55.15848353014295,0.859175,-68.69116824362123
MSCI,MSCI Inc.,578.23,USD,2.9391867834508276,96136,0.14903394422636865,42095143568.6848,USD,Commercial services,Strong buy,571.1171098609931,568.16577445472,566.3473059059087,2.8970548981226036,1.6185722821693502,1.165211610126488,572.3280000000007,586.2834999999999,563.4123999999999,564.5136500000004,33.02359848311784,4.850846,20.407096685462793
LZAGF,Lonza Group AG,617.19,USD,3.13142284234272,1919,4.42267803641392,42060505340.83557,USD,Health technology,Strong buy,625.7607086395552,634.9725323158087,646.2563523083702,0,-7.8820895522387975,-11.177407725618353,609.3099999999994,626.3655499999991,632.3451599999996,674.3609294999997,nan,10.763464,-150.47333860374277
YUM,"Yum! Brands, Inc.",152.1525,USD,1.4552910582116454,325587,0.20553146650789106,41936452737.81516,USD,Consumer services,Buy,155.17582135879164,156.0713198609614,155.88854107161345,1.13160518444667,-4.720082660154045,0.4041837138709327,151.07649999999995,155.45362499999993,157.48484999999997,152.47346249999998,24.529252446436345,1.584368,23.677074610200584
ERIXF,Ericsson (L.M.) Telephone Co.,12.5,USD,4.166666666666666,1383,0.0014087436634547038,41675786149.618805,USD,Electronic technology,Buy,11.765808301343071,11.469559234280581,11.02385036561064,1.2145748987854281,7.296137339055791,32.275132275132286,12.048280000000004,11.676515,10.788917999999999,8.644308999999996,15.779720156130862,0.134159708,1581.8541593064651
CNSWF,"Constellation Software, Inc.",1959.5,USD,3.1315789473684212,2202,0.29467260829419084,41524804877.83041,USD,Technology services,Strong buy,1868.13441627789,1886.351984034548,1980.4626065051114,2.457516339869281,0.4882101354885682,-18.149540517961572,1852.1979999999992,1829.1960299999955,1824.5807520000017,2408.700043000005,56.434949915333576,27.865635,2.743313920117976
SSREF,Swiss Re Ltd,152.4899,USD,-0.8163517512764635,195,0.3413865546218487,41426894910.841705,USD,Finance,Buy,160.50239603509007,162.13112728907146,163.79686375978721,-4.946298893563974,-7.193780049905665,-9.817316222130225,156.08025999999998,163.16146499999994,163.0625139999999,152.54342434999998,9.316743755048062,nan,56.15397382686712
ASAZF,Assa Abloy AB,37.26,USD,-0.9042553191489453,657,0.5678969660299075,41387526249.90633,USD,Consumer durables,Strong buy,38.0845986564338,38.16681506275234,37.701304121982304,0,-3.9071566731141214,-1.4911167512690358,38.08000000000002,38.85679999999999,36.13734000000001,28.352670999999997,24.918739895571353,0.41920003,14.395339394675316
PINXF,Peoples Insurance Company Group China,0.6743,USD,1.919588875453453,2000,0.006967376305555682,41383052256.17281,USD,Finance,Strong buy,0.7425603498148542,0.776159022422323,0.7862677180250972,0,-9.671801741460152,-32.57,0.6946599999999999,0.82322925,0.7729407,nan,4.639477443607885,0.0616602,9.306656567571236
KR,Kroger Company (The),67.345,USD,2.006967585580132,1073571,0.23940348388307867,41253903203.6205,USD,Retail trade,Buy,67.70578040802397,68.01818836081732,67.9341673795927,1.8218929543392777,0.8007783265978096,7.993906350224502,66.20300000000002,66.86575000000005,69.68309999999998,67.2273,43.54953440248319,1.577021,-57.94397606744629
AIG,"American International Group, Inc. New",77.375,USD,1.662068059387729,429978,0.11799377811671433,41024707978.18618,USD,Finance,Buy,76.82929656521931,76.93751701000353,77.27695616778149,1.7690385374194384,-0.9663381543581153,-9.2162384137041,76.27499999999992,76.2522499999998,76.24209999999994,78.22764999999987,13.667596975906168,1.944189,26.484650788685833
DNSKF,Danske Bank A/S,51.0,USD,-4.672897196261682,4368,5.440278988666085,40496044692.0,USD,Finance,Strong buy,50.81055212377887,49.192467933351686,46.366844437327465,0,-4.672897196261682,2.7925304094569134,51.52347999999999,48.571545,38.666418,22.801370130000013,11.82838186831518,1.1143249808,5.3186849485374985
CCEP,Coca-Cola Europacific Partners plc,91.245,USD,2.109444941808421,1303482,0.8065217106144055,40441392091.015564,USD,Consumer non-durables,Buy,93.77009883287347,94.46909735570321,94.4855993836243,1.3382940915148804,-6.654731457800507,0.6674757281553442,91.15499999999993,94.07874999999987,95.25210000000003,92.88337499999994,18.932461873638346,2.4796582792199997,44.86894312853191
SATS,EchoStar Corporation,139.265,USD,1.4829118997303774,5820616,1.13881187613605,40360059237.876114,USD,Communications,Strong buy,128.778627446248,124.18005961992067,116.74398775649333,-5.100511073253842,2.9533525541509396,28.14225248435773,134.843,125.66124999999992,121.3843,93.0971,nan,-0.501531,-6044.893956111316
WCN,"Waste Connections, Inc.",158.79,USD,1.391992848477095,401136,0.22189457617956726,40345506558.55539,USD,Industrial services,Strong buy,159.55378730027502,161.34781225178767,163.88153896739644,1.7819370553169678,-1.1946985252940177,-9.20059469350412,154.74600000000004,158.30149999999975,161.01859999999957,170.48955000000012,38.99662355106251,1.3570895895,74.54013585432847
ORXCF,ORIX Corp.,38.58,USD,0.3146207649704753,244,0.013566257825617989,40216348659.6711,USD,Finance,Strong buy,34.661173767137065,33.27129069290299,31.555258844365564,0,11.56737998843262,29.833417465926296,37.2598,33.63000000000001,31.67432,23.631307085000003,15.337287924405569,0.6577476377189999,22.85241113315651
ANNSF,Aena SME S.A.,26.81,USD,-2.295918367346948,477,0.30722658765941,40215000133.34816,USD,Transportation,Buy,28.720623539943922,29.124938939009734,29.180596709839815,-3.0730296456977637,-13.532864606850291,-4.18840683296405,27.353999999999978,28.12798999999999,29.372483999999996,28.839678500000005,16.078636139003244,0.5053970553999999,17.082687806726515
SLF,Sun Life Financial Inc.,72.53,USD,0.8481646273637367,32370,0.048037332887735255,40172433728.70656,USD,Finance,Buy,69.91974250854764,68.42260168765293,66.7903724162591,0.34587714443829554,4.963820549927651,16.28988295654963,71.50199999999991,71.29649999999995,67.1505999999999,62.63930000000004,18.86275446845338,1.4059532613,1.2784540473330384
HLNCF,HALEON PLC,4.53,USD,1.7977528089887655,13438,0.5472478782843833,40166505744.3136,USD,Health technology,Strong buy,4.6740108800949285,4.775739851234103,4.848659291397048,-0.11025358324145298,-6.981519507186856,-12.884615384615385,4.475000000000002,4.59562249999999,4.8153489999999985,4.859926250000004,18.205358371474833,0.13747272,26.518607645628062
ACSAF,ACS Actividades De Construccion Y Servicios SA,154.0,USD,-4.01994390775942,127,0.7927590511860175,40133354061.21622,USD,Industrial services,Buy,124.46723440431522,112.42054825030242,99.13904894647635,-4.01994390775942,7.39191073919107,42.06642066420663,142.858,105.415,72.62243000000001,40.415623999999994,35.52288179546492,nan,30.74253655068877
RBGPF,Reckitt Benckiser Group Plc.,62.7775,USD,1.7875962707742297,556,0.6499883095627778,40099715429.88443,USD,Consumer non-durables,Strong buy,65.5866920839663,68.57551769868908,71.73363985273818,0.01194838298550308,-7.910371130996036,-24.864471826284596,61.97049999999998,64.71669999999999,73.87450493239997,73.38563998789996,9.575952610625176,2.0731032707000003,148.5761160160083
TYIDF,Toyota Industries Corporation,128.69,USD,-2.9560364980016707,9962,6.12932996985172,39955751159.97052,USD,Producer manufacturing,Buy,127.83163051316218,125.61464703313861,121.38019727190192,0,0.5390624999999982,10.416130416130416,128.47256,127.47048500000002,116.49959399999997,85.50918400000002,27.437591014294068,2.1682227173969997,-17.530182045191562
SLFIF,Sun Life Financial Inc.,15.75,USD,0.9615384615384639,282,0.4662698412698413,39870521245.3413,USD,Finance,,15.52967037885554,15.395816613637944,15.392567086017744,0,0.9615384615384638,0.6389776357827454,15.761140000000001,15.045934999999995,nan,nan,4.096075870372822,1.4059532613,1.2784540473330384
NAPRF,Naspers Ltd.,52.01,USD,-1.4402122418040648,225,1.9463667820069206,39818257742.999916,USD,Technology services,Strong buy,55.54882780616624,58.03557931616167,60.037392471599354,4.099115327649002,-7.504890627778765,-18.473234579512507,51.68240000000003,57.273350000000015,63.9676052,44.36121409999999,7.199978182723291,2.14,84.78527283758814
KDP,Keurig Dr Pepper Inc.,29.11,USD,0.6221914967162105,2454539,0.2899497409140306,39605885956.26789,USD,Consumer non-durables,Buy,28.41979473184286,28.211738086802526,28.194397379545634,0.31013094417642956,11.789554531490015,4.636951833213512,29.123999999999988,28.656000000000052,27.3962,28.236474999999977,21.657614760806485,0.536175,21.748188405797098
OTPBF,OTP Bank Ltd.,147.0,USD,0.7746623706039594,100,0.6337135614702154,39562806060.79088,USD,Finance,Strong buy,117.17712895421299,100.40851979865802,83.57451193172399,0.7746623706039594,4.233141884705381,17.6,140.45,82.07385000000001,nan,nan,11.155861038952168,4.92192206,27.44321676139181
SSEZF,SSE Plc,32.788,USD,-1.0143702451394927,1951,2.6318629434776746,39522382240.98283,USD,Utilities,Strong buy,35.292444711442776,34.85597817247147,33.6829235921144,-2.2712369597615516,-8.541143654114379,2.5586487331873564,35.05519999999999,35.23949000000002,34.383582000000004,25.646920499999993,28.053138057664988,1.4805078,-50.33797300329045
BDX,"Becton, Dickinson and Company",143.37,USD,-0.0697009827838533,977878,0.2667625895119924,39504232615.18667,USD,Health technology,Buy,149.94855725479366,152.76015346475572,154.455325786381,-0.40291767974990217,-7.747249211762429,-6.100038055813515,144.59999999999962,148.3405000000002,153.79540000000017,154.3957194652493,36.35418515607171,3.132429,-24.7442943286772
EME,"EMCOR Group, Inc.",887.625,USD,-2.7910109406314696,103326,0.2973567521273069,39446300327.297775,USD,Industrial services,Buy,860.8452749334951,827.6386859203067,787.3969083281457,-2.3708176598693274,10.854741416992415,43.98277316376849,915.7350000000002,898.0957499999998,813.1737,701.5795250000004,29.703740638364803,7.236752,32.03985595298589
GFIOF,Gold Fields Ltd.,44.0,USD,5.06208213944603,100,0.47961630695443647,39381065595.093185,USD,Non-energy minerals,Strong buy,46.13985021195067,46.02950232404511,44.12118829951729,0,-7.270811380400427,-12.087912087912084,44.11000000000003,51.60427499999999,45.625782,24.02680549999999,10.527036060362025,2.75,216.9298767414801
LYV,"Live Nation Entertainment, Inc.",169.22,USD,0.20726002250251335,330640,0.11276225263812481,39379658720.32013,USD,Consumer services,Strong buy,162.03256282381886,159.1817545552843,156.3333070049574,0.27851851851851783,5.308357707386895,18.809239626483176,168.44199999999992,160.76549999999997,158.62439999999992,152.80894999999992,nan,0.685972,-160.3588180915534
PYPL,"PayPal Holdings, Inc.",44.57,USD,0.3602792163927127,3825469,0.215736888035336,39315443327.28012,USD,Commercial services,Buy,46.37649065816482,47.24479280710387,49.38695747981467,0.6776598147729774,-11.470851127222165,-24.03272541332879,44.938000000000045,47.88799999999991,46.7174,57.71187500000005,8.36084640204097,1.286401,19.591699383062267
KMTUF,Komatsu Ltd.,43.39,USD,0.8717889108450539,8465,1.9468721251149954,39157684738.766495,USD,Producer manufacturing,Buy,42.96255172662082,42.54368053335186,41.43495395363843,-3.168719412451263,-1.921338155515374,34.59689177032602,42.911000000000016,42.961999999999975,42.57529999999999,37.780772500000005,16.647192097916594,0.613456661808,-17.35907818441235
DHI,"D.R. Horton, Inc.",137.72,USD,1.7209542802275004,766928,0.38102363884908136,39054585140.46946,USD,Consumer durables,Buy,143.7996144175022,145.4798924813339,147.17151891685248,0.6651560558438686,-6.114936260140431,-4.586393238187616,139.29399999999993,149.64649999999995,144.42980000000006,154.20355,12.902016994088605,2.971496,-19.23199152542372
ED,"Consolidated Edison, Inc.",105.94,USD,0.5504935459377356,686620,0.30410480813520885,39042039199.226654,USD,Utilities,Buy,108.2214447877794,108.51301722811179,107.8052500406612,-0.2072343632253192,-3.4803206997084613,6.33343370470742,106.29800000000034,108.04950000000001,110.64699999999993,103.89344999999975,17.84432953224747,0.733179,9.597563226878343
ADM,Archer-Daniels-Midland Company,80.95,USD,0.6840796019900462,952060,0.22038694777596016,39014382893.66293,USD,Process industries,Buy,75.4708648294487,73.17262530892793,70.51293218036439,0.08654797230465801,20.911127707244212,40.92966573816157,81.27600000000004,76.02425000000002,72.69950000000003,64.59392499999998,36.24356391314082,1.423899,-20.382846754357825
TSCDF,Tesco PLC,6.1152,USD,2.4321608040201004,836,0.7639586950562003,38755112121.1508,USD,Retail trade,Strong buy,6.305566965906467,6.299301328303495,6.236502413884038,-0.42174854667730594,-2.313099041533547,2.847340183992327,6.195040000000004,6.395810000000001,6.409595999999993,5.913709999999997,16.773277956354693,0.22219428000000002,23.38188562010771
TRI,Thomson Reuters Corp,87.285,USD,5.505862444095241,617377,0.23489234764966876,38663975124.935425,USD,Technology services,Strong buy,90.6229555823057,94.51387875287476,102.58019262305531,4.183576032465977,-9.530128667514484,-34.935394625433084,83.66999999999997,91.08573790300017,92.77051924599994,130.46258924694988,25.450965032713135,0.9546021519,-27.031719825317918
CLS,"Celestica, Inc.",336.12,USD,-6.255752335796962,1083413,0.5441054883032033,38644759469.0107,USD,Electronic technology,Strong buy,355.0266736198507,342.8562064236289,326.1878879145123,-5.848739495798318,-13.464806137686011,12.754109359275404,364.57599999999996,390.6140000000001,339.8212,292.6338500000001,40.874843531872386,2.2915144512,137.55662783391023
ALNY,"Alnylam Pharmaceuticals, Inc.",288.61,USD,0.5679838316258957,213879,0.23156581142390903,38533065238.71684,USD,Health technology,Strong buy,300.6871953169293,311.3483781990371,327.09325853747134,0.5119453924914771,-11.493759391579001,-27.728251615165014,290.50999999999965,299.30675000000036,312.22149999999976,390.74517499999996,68.57461924109582,1.60619,nan
JDCMF,"JD.com, Inc.",15.875,USD,15.019562382263443,204,0.05094523387358589,38518269502.54006,USD,Retail trade,Strong buy,14.780036277191503,14.731306104598024,14.900793384040787,0,9.785615491009676,3.084415584415582,15.060400000000005,14.528210000000001,14.721744000000003,16.81345244,24.22884060742575,0.4261651967999999,-68.0714157181313
HSY,The Hershey Company,189.86,USD,1.5402716868114366,443914,0.23904112583904075,38511891736.596436,USD,Consumer non-durables,Buy,192.96711081952864,196.32028976171657,197.29570298686593,1.9543624161073752,-0.16301204185727186,4.330146169908795,190.948,188.14450000000022,200.56540000000012,193.53620000000018,35.322133541701554,1.437433,-33.70294538457743
CBOE,"Cboe Global Markets, Inc.",367.8,USD,1.3167318605035618,146886,0.1577865242406404,38491658411.0589,USD,Finance,Buy,332.6188722259884,317.9963407333639,302.74299936470754,2.7116088134268024,19.80456026058632,46.563060370591764,362.3979999999998,330.6965000000001,306.5825999999999,267.6965250000004,31.40315226857465,3.280455,53.54221289984268
CCI,Crown Castle Inc.,88.05,USD,1.6039695361181636,967922,0.2897398821220427,38429597171.44819,USD,Finance,Buy,87.57007067551612,87.42900494447395,87.95909987637017,1.6039695361181636,1.2592720372606507,-0.900393922341021,88.62800000000001,88.16399999999986,86.04960000000003,90.84970000000023,17.905075646656904,0.39753,nan
CBRE,CBRE Group Inc,131.0,USD,0.808003078106973,642634,0.31348188089128537,38358972304.601776,USD,Finance,Strong buy,138.82741200873568,141.49694628548303,144.61265372526833,0.9556103575832376,-12.127716662194803,-18.283326055766953,135.62200000000013,143.31000000000017,140.17580000000004,153.98634999999987,29.88411351400675,1.496813,33.86264390631204
PBCRF,PT Bank Central Asia,0.31,USD,-17.112299465240643,73810,3.400285622149537,38215264531.25,USD,Finance,Strong buy,0.3750917045127904,0.4005218056627701,0.4296514009284521,-18.911849332984563,-10.378722174038737,-33.333333333333336,0.35497500000000004,0.4214887500000001,0.4769335000000003,0.5851324749999965,11.141598117624842,0.006825758550000001,1.8948881782819302
PEG,Public Service Enterprise Group Incorporated,76.35,USD,-0.11773940345369363,571240,0.16836407643960144,38046840955.56515,USD,Utilities,Buy,78.87393085887659,79.80585135888012,80.52545425379986,-0.6506180871828238,-6.753786028334149,-5.495729669513568,77.27600000000005,78.93950000000002,80.78739999999989,81.88849999999998,16.8830020122504,0.819019,23.627665390924015
EQBBF,EQT AB,32.25,USD,0.78125,1500,0.6294322521085981,37980226996.93026,USD,Finance,Buy,32.48892129587648,33.11486364406079,33.56717623430266,0,15.178571428571429,-17.307692307692307,31.560000000000002,33.53612499999999,34.58095,nan,43.57398794244926,0.5346763999999999,9.526266487309615
VIK,Viking Holdings Ltd,85.15,USD,1.7323775388291551,1087931,0.29442269857195125,37958677927.467735,USD,Consumer services,Strong buy,81.23404590937355,78.98870772666453,76.0747292614983,0.68582239564859,2.528597230583996,19.07425534890225,83.66799999999994,81.95550000000004,77.41800000000003,68.81569999999999,31.71085952629227,1.244772,117.98993343075175
VODPF,Vodafone Group Plc,1.645,USD,2.1739130434782554,3440,0.9181903109568931,37878352903.07761,USD,Communications,Buy,1.5876156984561987,1.54203090415539,1.4777668109363578,5.448717948717946,9.666666666666668,17.921146953405017,1.6380000000000012,1.5518200000000004,1.4765199999999994,1.1201366749999981,nan,nan,87.37709600443175
GFS,GlobalFoundries Inc.,67.64,USD,-4.7726312825566675,1382186,0.2765951634978736,37636061218.27228,USD,Electronic technology,Buy,62.469240370866856,57.73861078604566,52.84805933091073,-5.408241796683703,29.927007299270066,90.320765334834,71.93000000000002,67.44175000000001,54.541500000000006,41.733425,48.59195402298851,0.432752,nan
SVKEF,Skandinaviska Enskilda Banken AB,19.135,USD,-1.8214468958440069,687,0.25438791379693404,37471231466.677216,USD,Finance,Buy,19.737417375711445,19.818728579331083,19.52998765055704,0,-5.831692913385821,-12.265016047684536,19.240999999999996,20.408799999999967,18.36852799999999,14.217242180000005,11.83319790655238,0.42306966449999994,-1.8111655685475034
CHHQF,China Hongqiao Group Limited,3.775,USD,-2.265372168284787,655,0.2675544299660962,37416947324.21487,USD,Non-energy minerals,Strong buy,4.2593154805671345,4.164797132708884,3.8018248239806276,0,-24.044265593561367,-11.59250585480093,4.0695,4.3245000000000005,3.666452000000001,nan,11.37647767411009,0.29215189999999996,0.7219653995694194
SWDBF,Swedbank AB,33.36,USD,-5.038428693424432,857,0.3369372911342638,37411049827.82469,USD,Finance,Buy,34.93615982709111,35.22389445813803,34.97007498483334,1.1215519854501286,-9.837837837837839,-5.762711864406778,34.636,35.291300000000035,36.42505999999999,30.764347999999988,11.228560416965724,0.6881232225,-2.3331185600900572
RKT,"Rocket Companies, Inc.",13.205,USD,-1.0861423220973752,6390129,0.259962152715577,37235662999.94007,USD,Finance,Buy,14.622817915142813,15.236427363947914,15.919864307305344,-1.011994002998499,-20.06658595641646,-32.282051282051285,13.895000000000016,14.670750000000002,14.766400000000003,17.729625,223.8135593220339,0.174286,nan
HIG,"The Hartford Insurance Group, Inc.",135.21,USD,0.963261648745535,328303,0.2631539080402924,37065224737.02599,USD,Finance,Buy,135.02577310510105,135.29880273648865,135.08484033807096,0.9934269495070307,-2.092686459087608,-1.436069397871409,133.82600000000002,135.17299999999994,135.65559999999985,133.8669,9.49888649248646,3.30661,41.863501365385005
TKO,"TKO Group Holdings, Inc.",193.86,USD,1.994002209712222,223884,0.13682825451751912,37051743863.19852,USD,Consumer services,Strong buy,191.59160469570335,193.48934081950517,194.71683380062566,1.7370768827079517,3.907380607814772,-7.654932596579809,188.6919999999999,186.71599999999995,192.3001999999999,195.5248000000001,71.177852841827,1.555058,58.10983397190294
ALAB,"Astera Labs, Inc.",215.276,USD,-7.479800584493724,2900147,0.49766837880507603,36900015332.276596,USD,Electronic technology,Strong buy,193.18057955207297,179.8860133612375,170.20845673817,-8.854426874725851,23.878467027275875,25.39010396947899,221.02120000000005,205.46879999999993,160.66291999999999,167.97588,145.10380156376382,0.689647,532.3955669224212
FRFHF,Fairfax Financial Holdings Ltd.,1595.455,USD,1.0485147887769861,1385,0.16447563741731683,36783350260.55459,USD,Finance,Buy,1651.2342589495179,1671.3432386497777,1686.8585600997174,0.9142947501581231,-10.102549654880974,-16.02868421052632,1602.6214000000016,1676.2193180000008,1699.490917200003,1719.6848550000013,7.9279076649601325,79.015,20.29096796634405
HIG/PG,"The Hartford Insurance Group, Inc. Depositary Shares each representing a 1/1000th interest in a share of 6.000% Non-Cumulative Preferred Stock, Series G",24.76,USD,-0.04037141703672996,4599,0.29104647630619684,36711596012.0,USD,Finance,,24.879434852374057,24.90720836407297,24.938122341550713,-0.04037141703672996,-1.433121019108278,-1.1576846307385196,24.834000000000024,24.96726500000001,24.929091999999983,25.040878050000018,1.7394603176833425,3.30661,41.863501365385005
IRM,Iron Mountain Incorporated (Delaware),123.39,USD,-1.3432477812424983,166401,0.11207597951392724,36711571252.162155,USD,Finance,Strong buy,119.4674415306392,114.95602300545299,110.05760012185796,-1.9702868038452404,4.082665541965419,48.66265060240964,125.70799999999993,123.32049999999988,113.28980000000035,99.7400500000002,135.489184144065,0.543268,121.95954179868389
AHODF,Koninklijke Ahold Delhaize N.V.,42.63,USD,3.495994173343056,1387,1.9618104667609617,36589390167.09946,USD,Retail trade,Buy,45.89392377976972,45.67877843867035,44.86001716517796,3.3454545454545515,-11.556016597510373,5.913043478260876,42.86399999999999,46.09400000000001,44.201370000000004,39.25254049999998,14.648749803118124,0.77296656106,37.82005158729411
FJTSF,Fujitsu Ltd.,21.015,USD,0.21459227467811975,3063,0.4232826168069317,36456363836.05881,USD,Technology services,Strong buy,21.55871961827275,22.16527614048311,22.92812517630809,11.131676361713382,-4.5206724216265375,-29.45619335347432,20.810999999999986,21.302074999999995,21.46397999999998,24.50324000000001,13.134163260870531,0.106992597771,98.92664345063564
DTGHF,DAIMLER TRUCK HLDG AG,47.61525,USD,0.8156891806055607,229,0.5793068555527447,36454255420.18428,USD,Consumer durables,Buy,48.837974929725725,48.63066302544407,47.97734450836338,0.8156891806055607,-7.518063162801527,8.13046440331556,48.71225,49.59041249999997,48.579547000000005,44.48567075000001,22.973478189152466,0.9488111679599999,-47.32446369419668
FRFFF,Fairfax Financial Holdings Ltd.,18.5,USD,-2.323125659978887,1000,2.2732439190725167,36381551084.8728,USD,Finance,,18.56892944125121,18.41634776573411,18.080070916342756,0,-1.2095159266280482,-0.5376344086021582,18.657300000000028,18.397309999999997,17.09424799999999,16.431120149999998,0.09192756411290977,79.015,20.29096796634405
HLBZF,HEIDELBERG MATERIALS AG,205.98,USD,5.9862307431076465,1787,1.027542982002185,36327675092.8966,USD,Non-energy minerals,Strong buy,213.48094569035425,217.92726891724573,223.19425332885922,4.558375634517761,-10.952674100102376,-20.65485362095533,206.4844,216.56348999999983,211.32348599999997,236.40307850000005,16.054712995311267,3.6962412,26.609074792383108
HUM,Humana Inc.,302.57,USD,-0.8357367593078171,591790,0.29419872370877614,36327007639.50174,USD,Health services,Buy,252.92815973396102,238.33143982329725,232.88538902411426,0.6754508551274282,49.935579781962325,18.17294172785501,301.84799999999984,253.05300000000003,209.85019999999983,242.6982000000001,32.38155374094329,6.830527,-33.932220407412906
PWCDF,Power Corp. of Canada,57.58,USD,-0.604177455549804,5251,0.05464657165871234,36313982278.16073,USD,Finance,Buy,55.087980560307884,53.58879716374488,52.01371291457578,5.015502462155754,7.485532947545264,8.314522197140711,58.169999999999995,56.047189999999965,52.053997999999964,48.38285899999999,20.037932035023356,1.08489825,-0.021775633223334756
UI,Ubiquiti Inc.,596.81,USD,-4.242278379462504,59492,0.36730281367093515,36120186800.164024,USD,Electronic technology,Buy,788.3346060957695,789.7002513805603,759.5687572304327,-4.510400000000009,-42.96758533695196,6.786787861437151,649.6659999999999,894.1420000000002,867.7224000000002,672.6614,38.36378128897059,4.033,71.46604649112173
DCNSF,DAIICHI LIFE GROUP INC.,9.824,USD,2.3333333333333357,123,0.011162841351520595,36091121468.75227,USD,Finance,Strong buy,9.372299820176229,8.99006502148392,8.440158085189836,8.253443526170805,4.56625864821714,8.313120176405727,9.4022,8.97935,7.320156500000001,4.954835001250004,13.024091493275478,0.170335959495,-2.3554504777699248
EQT,EQT Corporation,57.505,USD,2.2856634649590957,2235756,0.365991591129419,35968114743.593124,USD,Energy minerals,Strong buy,58.18892457923409,58.56890527620892,58.35760906228559,2.0496894409937907,1.3214694740551494,7.788191190253048,56.40099999999999,57.76225000000005,60.39970000000001,56.288175000000074,10.899975358720171,0.55757,809.7603035006035
TTDKF,TDK Corp.,18.85,USD,-8.406219630709412,13614,2.69205671234502,35771630273.43908,USD,Electronic technology,Strong buy,16.856088716119615,16.02657755148959,15.400180838658127,-2.9351184346035026,17.812500000000007,51.04166666666667,19.07505999999999,17.962815,15.246860000000002,14.636587499999996,29.06696398867833,0.15789728129699998,10.572495889509582
HAL,Halliburton Company,42.8,USD,2.4904214559386952,4223493,0.4771016688114344,35755022952.844826,USD,Industrial services,Strong buy,40.165740280831166,38.68730452536154,36.569845647796214,3.033220991815113,18.789897307799045,51.02328863796753,41.71400000000002,40.792,38.658200000000015,30.206549999999996,23.48293646439153,0.534299,-23.638344226579523
VG,"Venture Global, Inc.",14.385,USD,1.0892480674631015,9470477,0.4348265642710714,35743178523.313065,USD,Industrial services,Buy,13.167901509983322,12.713228256406893,12.131320628573397,5.2689352360043955,20.882352941176464,109.6938775510204,13.579000000000008,12.711749999999999,13.529400000000004,10.913749999999999,15.015657620041754,0.477944,89.62787015043547
BLMIF,Bank Leumi Le Israel,24.2,USD,-3.585657370517937,193,0.19037285460643125,35727082954.89391,USD,Finance,Strong buy,24.8565833228997,24.5221314385516,23.796158826360383,-8.67924528301887,-5.079427338693868,5.67685589519651,25.630000000000013,24.622064999999992,23.680166000000007,14.823965500000002,11.246855027869987,0.46372777394000003,21.297899581944097
PCG,Pacific Gas & Electric Co.,16.19,USD,0.3719776813391337,4794833,0.26652230122847104,35654018523.33602,USD,Utilities,Strong buy,16.638615461125845,16.790782940354845,16.760661867131102,-0.18495684340319105,-6.090487238979103,0,16.508000000000003,16.456999999999997,17.263400000000004,16.26507499999998,12.687093487971163,0.360659,17.353319845503044
PRU,"Prudential Financial, Inc.",102.7075,USD,0.7627783773177564,404267,0.19154097747980292,35639502606.80854,USD,Finance,Buy,100.00726755712834,100.17335277282528,101.2443678934406,0.7528938591328216,2.492266240894125,-9.003721095065126,102.55950000000027,98.88787500000008,97.23594999999992,104.33903750000034,10.556080865802645,3.34457,53.97287588422402
JBL,Jabil Inc.,337.71,USD,-0.6209169560355523,440453,0.32649326751673186,35629292091.48414,USD,Producer manufacturing,Strong buy,324.3894768091091,307.9453021313671,288.3743915743679,-0.758176849158083,7.660673297628147,46.01150071339011,347.6199999999998,344.71,303.0621999999999,243.95380000000006,45.259729816661306,3.077534,78.81518404907976
PUKPF,Prudential PLC,14.2,USD,-11.801242236024857,968,0.7520198881292728,35611583521.18061,USD,Finance,Strong buy,14.775744511800939,14.296358350101656,13.5582181190748,0,-8.681672025723481,-11.801242236024859,15.61,13.721100000000003,11.356877999999993,10.308188269999995,9.101442058117554,0.56,91.41311532267564
WEC,"WEC Energy Group, Inc.",109.07,USD,-0.082447783070725,527355,0.3014773651442533,35526900836.04214,USD,Utilities,Buy,112.57738918225463,113.00398322433637,112.72641804184934,-0.4744958481613379,-5.419701699618454,3.2175641146966893,110.92999999999984,113.77000000000001,114.87020000000015,111.60599999999985,21.748320073378395,0.836436,-2.111920051529289
PCG/PX,PG&E Corp 6.000% Series A Mandatory Convertible Preferred Stock,40.615,USD,0.7566360704539808,944,0.023902001792650136,35521885039.0,USD,Utilities,,41.59998782573203,41.92085213881038,41.95356748842916,0.012312238364941046,-5.105140186915877,-0.5752753977968162,41.453,41.480499999999985,42.76215,41.411775000000006,31.82744299036126,0.360659,17.353319845503044
RSTRF,Restaurant Brands International Limited Partnership,77.59,USD,-9.779069767441856,1001,2.5457782299084437,35492307027.134056,USD,Consumer services,,77.72648808953156,75.52494426076184,73.580008597877,0,-0.7927375015982489,14.019103600293912,79.59999999999998,72.52904499999998,71.58609999999999,63.30429024999994,28.35525656960268,nan,-4.103014347563742
PPRUF,Kering SA,289.21,USD,2.091533261556367,2,0.03853564547206166,35453366742.67756,USD,Consumer non-durables,Buy,289.2100051458137,294.6839449772738,300.9461297175295,2.646462244479663,0.6297842727905367,-19.14371344538756,287.5129999999997,288.62589999999983,299.5498580000001,308.77527749999945,420.7772676952881,4.573807899999999,-92.81155334965949
NIPNF,NEC Corp.,26.0,USD,0.6425640628628954,27674,1.3593806796412187,35304258056.64285,USD,Technology services,Strong buy,26.564845106027313,27.199395272205532,28.185359280049976,3.0723488602576747,-4.5521292217327405,-24.253459577567376,26.190800000000003,27.219050000000003,26.72443200000001,25.101015199999996,20.34241957349564,0.119633120007,45.86522920340439
BKHPF,Bank Hapoalim B.M.,26.95,USD,3.0691270675972784,943,2.6721450835930862,35304119537.73196,USD,Finance,Strong buy,24.60307990546326,23.43165157983463,21.459103199448883,0,17.173913043478258,12.77330264672036,25.019499999999997,23.144874999999995,15.504101999999998,7.554715999999997,11.858313303278129,0.6212505514800001,39.256795488933896
ESLT,Elbit Systems Ltd.,752.33,USD,0.30932920894388743,41278,0.34968613132502563,35196536352.88608,USD,Electronic technology,Buy,800.3868662830148,796.2605744801074,762.8116846443061,-0.21222129375405002,-14.024341466201921,28.819218519913715,772.6799999999996,815.9582499999999,866.9700000000005,636.6828749999997,61.481748236087775,2.934805,67.71948091234323
VMC,Vulcan Materials Company (Holding Company),268.5,USD,0.25015868274652425,237212,0.2805218530487529,34839184288.12493,USD,Non-energy minerals,Strong buy,280.1764328754377,283.3231126981944,286.011178012156,0.07081361112146313,-7.16409653550931,-5.815911323137359,273.05799999999994,286.9559999999998,280.2256000000001,292.45815000000016,31.94679104300026,2.631798,19.161787015638524
FINMF,Leonardo S.P.A.,60.46,USD,3.9724849527085166,37521,6.300967286894606,34775003459.47132,USD,Electronic technology,Strong buy,63.549326830220494,64.63045934738227,64.6457895974849,4.241379310344829,-13.505007153075828,1.2730318257956414,60.07000000000003,63.04432499999998,67.58333399999998,62.62027099999997,24.255188269318953,nan,29.086893291153228
SYY,Sysco Corporation,72.69,USD,0.1653575857792539,643690,0.19536023019419538,34759092079.15958,USD,Distribution services,Buy,74.76692361717855,76.25257997913874,77.33633611987291,-0.1648125257519634,-1.955759374157004,-0.3290826820238709,72.89599999999999,73.75899999999993,76.5219,78.71797499999994,20.1619837461515,1.512003,-6.740991748363892
EPIAF,Epiroc Aktiebolag,30.12,USD,3.292181069958851,477,0.053926334591991316,34735975552.6705,USD,Producer manufacturing,Buy,28.519251737672533,27.811833340540712,26.945973357448377,0,3.8405847066124275,27.045722962713022,29.543199999999995,28.91620499999999,27.153733999999965,24.412278,40.70166426024158,0.21489685349999998,1.0397765428543881
SHLAF,Schindler Holding AG,349.166,USD,2.487892218732572,15,0.40760869565217395,34684326361.1904,USD,Producer manufacturing,Buy,353.87334753432367,356.35494930371743,355.7988449834097,2.487892218732572,4.22865671641791,-2.9150563047407148,346.1128,359.86030000000005,356.479632,261.4457811050002,29.265560948242523,nan,22.836816308856616
NTR,Nutrien Ltd.,72.07,USD,0.7126886528786904,925283,0.2897753218192112,34675854354.81513,USD,Process industries,Buy,72.18329297254822,71.94863864542846,70.56327586690655,1.1224919320892341,-0.3043297828192185,16.523848019401765,71.56800000000003,72.56599999999997,74.49540000000007,64.69234999999995,14.739258625083243,2.9539507785,379.8244679764949
HEI,Heico Corporation,290.85,USD,0.6958869962609223,193637,0.20883723934979906,34420395213.87724,USD,Electronic technology,Strong buy,286.7320828121143,290.9789502331964,297.03550603687364,0.9755589501458137,0.5427267699115218,-10.014850566177836,291.2620000000003,278.9025000000002,283.17440000000005,312.41494999999986,57.51547390693904,1.332264,25.102666864578683
HEI.A,Heico Corporation,217.735,USD,0.6401663970418393,100516,0.29368831335791545,34401348506.9671,USD,Electronic technology,Strong buy,217.62645108276465,221.6192258663282,227.2143024902275,0.6587767555822714,-0.8673283554907908,-13.710220742678239,218.49100000000004,213.12625000000003,216.3347000000002,242.01342500000018,43.05701121240286,1.32866,25.102666864578683
KGC,Kinross Gold Corporation,28.69,USD,1.0923185341790074,2677382,0.3672806969759827,34358704450.529083,USD,Non-energy minerals,Strong buy,30.46409506975633,30.76333881125284,30.3362856002562,-0.10445682451252641,-16.56245455867383,0.40244969378828344,30.19199999999998,30.752499999999998,31.043400000000002,27.962949999999996,12.227933216843965,0.7581944988,146.90710442171564
CMXHF,CSL Ltd.,71.61,USD,1.5744680851063821,51,0.014601465872652312,34294884904.708866,USD,Health technology,Buy,84.98996456917939,91.01314522835587,98.59545134787751,-0.01396258028484378,-29.71142520612485,-35.11823865180756,70.40399999999981,85.9432849999999,93.37004399999996,121.5887375,23.93957038650739,2.3525,-43.543164122810374
QSR,Restaurant Brands International Inc.,75.005,USD,-1.1010021097046518,451503,0.11140725751649778,34227819370.62829,USD,Consumer services,Strong buy,76.64886682061947,75.64888492232964,74.141810475048,-1.2312351856729027,-3.2568038178769583,10.269038518082917,76.40500000000006,78.71624999999997,76.56070000000005,69.86867499999998,29.844421454719082,1.038819,-14.54026115342764
CCL,Carnival Corporation Ltd.,24.705,USD,0.26379870129869204,8350836,0.2519955886658626,34173881009.789967,USD,Consumer services,Strong buy,26.096265227007606,26.658988746382263,27.20025320415971,-0.6834170854271425,-14.986235375086032,-19.501466275659833,24.884999999999998,26.10789999999999,26.11355999999998,28.63669000000001,10.983905388582606,0.330623,49.77691949124326
CKHUF,CK Hutchison Holdings LTD,8.909,USD,-2.4232633279482982,3257,0.17183798584987786,34121867284.323868,USD,Retail trade,Strong buy,8.364856183645307,8.137911223441552,7.8785665190295555,-4.204301075268817,8.38199513381995,26.011315417256014,9.16585,8.367762500000005,8.070304999999998,6.675081794999995,22.432503419842575,0.46347839999999996,-30.82494189772828
DNZOF,Denso Corp.,12.39,USD,-4.250386398763515,6464,0.6723458254022737,34113544899.899952,USD,Producer manufacturing,Buy,12.525058831710668,12.721577263351275,13.018724374215566,-1.2749003984063756,10.035523978685621,-13.598326359832631,12.390999999999996,12.398250000000004,12.540200000000016,13.913360000000006,12.039232195232417,0.19201286564099998,6.445107151169763
HVRRF,Hannover Re,282.155,USD,-0.12742686229050268,1,0.02564102564102564,34021803939.403683,USD,Finance,Buy,303.27017521148156,303.4226492476367,302.01100469937563,-0.12742686229050268,-11.826562500000009,-5.7441122431936025,302.13000000000005,305.49649999999997,300.21356000000003,237.36606998999997,10.254752815932527,6.31481189496,36.2334498343664
HHUSF,Hua Hong Semiconductor Ltd,17.5,USD,-1.726248638206595,3561,3.456610366919045,33905714493.20535,USD,Electronic technology,Buy,14.184657675195881,13.05131580774489,11.728996187582625,0,52.17391304347826,73.43904856293359,16.303559999999997,12.82414,10.154706000000003,nan,437.57211188403846,0.026566,169.95400643014935
ADYYF,Adyen N.V.,1074.54,USD,4.9355468749999964,145,0.6901475487862923,33899239397.751934,USD,Commercial services,Strong buy,1090.792252900744,1126.5185500488317,1199.5362920197151,2.0843625308759317,-9.25566233722365,-34.47287540247829,1051.508000000001,1109.5278749999998,1065.2479880000021,1438.0388529999975,27.212725087039413,19.80608530092,28.69586970172974
TRAUF,Transurban Group,10.84,USD,1.7840375586854413,1035,0.43841070823449674,33822793686.11781,USD,Transportation,Buy,10.216167726513936,10.09255070248128,9.95639375578085,1.7840375586854413,5.550146056475174,14.105263157894736,10.275200000000003,9.988919999999991,9.813338000000009,9.241762499999995,105.76682902460348,0.050036000000000004,581.7332361914556
RBLX,Roblox Corporation,47.18,USD,10.10501750291715,7473702,0.5810411645051666,33779877552.171295,USD,Technology services,Strong buy,49.90136102548287,54.49814885914244,61.76379366904516,10.182157870154132,-23.5827664399093,-42.074892572130146,43.44999999999999,49.168,54.15539999999999,90.28635000000003,nan,-0.351705,-16.91286183228886
DLMAF,"Dollarama, Inc.",123.8,USD,-2.3274161735700223,764,0.8781609195402299,33764065791.696754,USD,Retail trade,Strong buy,127.78357098773098,130.13217581715838,132.43506597238277,-2.3428255896505474,-3.1980608335288165,-16.5695108062027,125.9836,126.146415,130.05250000000012,136.3815230000001,35.628739942068584,0.7318942239,21.357614616817983
NHOLF,Sompo Hldgs Inc,36.53,USD,4.466941203385946,400,0.2937504589850923,33686238494.874733,USD,Finance,Buy,34.68094870673454,33.00604503168507,30.640129270206835,-0.10937927262783469,4.466941203385946,14.120587316463617,36.1906,31.256365000000006,24.4686179862,15.426147146650003,nan,1.239663920324,nan
LVS,Las Vegas Sands Corp.,50.79,USD,-0.7232212666145377,1116673,0.24224711312860112,33655349844.96169,USD,Consumer services,Strong buy,52.877403873479174,53.83216952579858,54.777144509545884,-0.7814026176987666,-11.097496936810789,-22.101226993865037,51.12400000000004,53.09649999999997,53.82880000000006,57.206999999999944,18.799274530850944,0.791105,50.562862238074025
PAYX,"Paychex, Inc.",93.565,USD,2.2121476949967134,1112491,0.343425875702165,33523484934.896767,USD,Technology services,Buy,92.64324328170228,94.07425432496886,97.87934469699519,2.391114029328083,0.5264571582057426,-16.549232964680705,91.51299999999992,92.24224999999998,91.99910000000007,111.16972499999994,20.62493111429516,1.306766,-5.656649682853286
MLM,"Martin Marietta Materials, Inc.",558.07,USD,-0.10560985214619234,167155,0.3898973538156082,33509812930.624413,USD,Non-energy minerals,Buy,589.25249645103,599.8112665508892,607.8846307112732,0.04123046034705618,-9.669639533189798,-9.879693177230513,569.9780000000003,599.0565000000004,598.0212000000005,622.1118000000013,13.304486721022268,5.022292,141.1770793804119
SHLRF,Schindler Holding AG,309.362,USD,-3.3243749999999928,49,0.3353867214236824,33450172618.121635,USD,Producer manufacturing,Strong buy,329.9834987449667,335.2991109990535,338.5998233934563,0,-3.234867252208288,-14.718749569268507,328.26039999999955,342.5043629999999,347.2047672000001,266.8969958400001,25.929364445765636,nan,22.836816308856616
DOGEF,Orsted A/S,25.32,USD,-0.3149606299212532,3955,2.62459353639923,33449276547.0,USD,Utilities,Buy,24.976420933177828,24.50200594092658,24.29602361269532,-4.2722117202268395,-2.8023032629558555,19.609992063791992,25.683000000000003,25.871932500000025,24.563014999999954,24.98144724999996,nan,0.2143256128,-211.2102162184258
ACGL,Arch Capital Group Ltd.,95.64,USD,1.7663332623962507,889615,0.3701974597292202,33415621332.8057,USD,Finance,Buy,95.06672399817822,95.1595655712689,94.94098237925895,2.245028864656825,-1.1064005790507634,-0.1357418815913078,94.14200000000002,94.98200000000004,95.22840000000008,93.26215,7.3426331831128655,2.399729,33.58322992195431
IFCZF,Intact Financial Corp.,187.265,USD,-1.95549738219896,7,0.00957068635493574,33251065870.024185,USD,Finance,Strong buy,187.9114807108316,188.13686952895878,189.55502321031094,5.937093398201038,-1.9783348905621534,-9.573132454488395,186.02800000000013,187.9559999999999,185.31932400000008,193.49083959000004,13.867026505078353,3.1516835703,57.06207347889218
AMKBF,A.P. Moeller-Maersk A/S,2293.05,USD,-0.5443268563497453,2,0.2040816326530612,33146794505.2928,USD,Transportation,Neutral,2405.1178551264634,2407.2558256391108,2368.949866976297,-4.011503298616922,-6.406122448979584,1.1977527792366127,2367.439999999999,2456.902895,2412.710538,1952.3493395000003,21.658191490148464,9.181732,-76.56680905685313
KVUE,Kenvue Inc.,17.225,USD,0.6721215663354879,7078282,0.317602762016293,33072150468.57978,USD,Consumer non-durables,Buy,17.406542367373937,17.485377694233776,17.59740324092475,0.43731778425657636,-1.5714285714285634,-0.2605674580196766,17.237,17.38574999999998,17.43650000000001,17.6766,20.425708526028696,0.318207,53.77461706783371
TRPCF,Trip.com Group Limited,50.155,USD,-3.751679140280173,716,0.2490261547022816,33064764378.67284,USD,Consumer services,Strong buy,57.614672784407446,60.3533874880707,61.12038513975157,0,-3.7516791402801735,-34.825547397829894,55.04539999999997,65.890275,63.18536,nan,7.507933617960707,0.8805357311399999,91.5715865939764
ROP,"Roper Technologies, Inc.",327.53,USD,2.0660641944530997,355400,0.31258490211404666,33053461767.453472,USD,Technology services,Buy,342.13228229735194,351.2702740130951,368.73612850595845,2.126531757662684,-10.922244281867885,-26.35306815371125,321.3139999999998,345.6784999999999,350.50129999999996,427.9009999999999,20.463846350896265,5.314039,15.44337213831305
FNLPF,Fresnillo Plc,44.7901,USD,0.6632205865827735,565,0.1178704051404014,33005534493.129013,USD,Non-energy minerals,Buy,46.222390354901144,46.296761806462335,45.112082224656625,-2.967720970537249,-8.423430791249222,-7.649278350515459,48.09321999999996,46.712289999999996,46.263790000000036,39.47054749999999,23.486018786927346,1.52245,916.9016948874182
HNDAF,"Honda Motor Co., Ltd.",8.46,USD,-4.943820224719095,62120,3.3264790301160945,32930985805.66536,USD,Consumer durables,Buy,8.507762266350298,8.70689432524687,9.017641822164064,0,-3.8636363636363615,-10.47619047619046,8.46375000000001,8.314012500000002,8.537395000000021,9.843333250000004,nan,0.241426998891,-156.60246734224108
ACGLN,"Arch Capital Group Ltd. - Depositary Shares, each Representing a 1/1,000th Interest in a 4.550% Non-Cumulative Preferred Share, Series G",16.7846,USD,0.6270983213429339,11227,0.4594751661591854,32835634596.999996,USD,Finance,,16.964599585009204,17.029070191779343,17.110526690189587,0.6270983213429339,-3.0352397458116562,0.2065671641791109,16.827920000000017,17.09198500000001,16.968894000000024,17.407970500000012,1.2886152334303242,2.399729,33.58322992195431
ACGLO,"Arch Capital Group Ltd. - Depositary Shares Each Representing 1/1,000th Interest in a Share of5.45% Non-Cumulative Preferred Shares, Series F",20.18,USD,-0.04952947003467837,2464,0.164125518720567,32835634596.999996,USD,Finance,,20.266877932118966,20.33380407742786,20.457880798835024,-0.22101687540482112,-2.4177949709864603,-0.9327442317133101,20.21001999999993,20.31925999999995,20.18977600000003,20.942224500000002,1.549292530690272,2.399729,33.58322992195431
ALC,Alcon Inc.,65.575,USD,3.0405405405405443,1165152,0.3871982955660978,32767827111.128025,USD,Health technology,Strong buy,70.14804199597596,72.533728680756,74.66120802357132,0.9933774834437024,-19.5990681706719,-16.888466413181245,64.08699999999992,70.06624999999983,74.29050000000002,78.01522499999996,39.43057224365541,0.7580743583999999,-26.231025787532015
STLD,"Steel Dynamics, Inc.",226.95,USD,-1.0421208685794083,222983,0.24223248922091875,32729090764.18592,USD,Non-energy minerals,Buy,216.6889180410863,207.45309739067437,196.74990388446713,-1.033490319204607,15.761285386381013,32.23212725048068,232.17000000000007,230.3889999999999,200.63279999999995,169.28367499999993,24.310167530742532,4.002672,23.396999537373596
BMDPF,BANCA MONTE DEI PASCHI DI SIENA SPA,10.75,USD,0.13972985561248782,100,0.00486824105582412,32662996799.220997,USD,Finance,Strong buy,10.292260220389588,10.072025193435657,9.869073341089885,0,1.5108593012275746,-4.782993799822845,10.813860000000023,10.055419999999994,9.736856000000003,16.36075949999988,5.954946690292425,nan,12.605259972242033
WAT,Waters Corporation,332.295,USD,0.9340258793511903,272849,0.20082211879188913,32626667828.175503,USD,Health technology,Strong buy,326.083618965958,326.91917356904617,331.1904993086076,0.6100884098340933,3.5057936705706436,-12.357905842015025,336.3729999999998,326.4587499999999,314.1105,337.30212499999936,42.29985870132516,3.007879,-28.76263885740195
WDAY,"Workday, Inc.",126.87,USD,1.4878809695224375,1856841,0.44950106918759997,32605590557.168465,USD,Technology services,Strong buy,127.75574701623594,134.44308810490992,147.69953738427978,3.0709237143553505,-0.8750683647159859,-41.045539033457246,121.14999999999989,123.31325000000004,126.76929999999999,189.5941000000006,49.09829721362229,2.518948,32.153633713496646
ASTS,"AST SpaceMobile, Inc.",83.94,USD,0.32269630692003826,14369298,0.6214857335781078,32579174636.20796,USD,Communications,Buy,82.02405710219882,82.99053100820711,82.20753737950558,-4.4181279890685445,-6.619201245967296,12.913640032284091,79.678,75.39300000000006,83.5984,74.83355000000005,nan,-0.3175,11.190452411864586
MITEF,Mitsubishi Estate Co. Ltd.,27.2245,USD,-8.765080428954427,607,0.6942697014754661,32528392244.26095,USD,Finance,Strong buy,28.767794689036435,27.847296421097507,26.11166263145992,-4.726159230096239,-12.093961898611559,5.113899613899616,29.09489999999999,27.612475,22.19589000000001,16.248948725,23.777502925698826,0.246925129986,13.551699852813995
DSKYF,"Daiichi Sankyo Co., Ltd.",17.3425,USD,1.8499486125385483,454,0.025849061975118853,32327144015.50525,USD,Health technology,Strong buy,17.348213181702764,17.822865328381397,18.641537525782596,-1.6865079365079332,-9.106394129979021,-23.73570800351802,17.142499999999988,16.97225,17.66653,21.496489999999984,19.62017237866555,0.28342797,-14.92784226522868
ZTS,Zoetis Inc.,77.0,USD,3.745621126381031,3034608,0.246099582093259,32280565685.69119,USD,Health technology,Strong buy,96.6453504318126,104.24102689580094,111.67264110555949,3.739892183288398,-35.876082611592274,-39.082278481012665,75.59600000000003,100.36700000000003,111.12580000000001,128.75004999999993,12.75658123622869,1.863959,8.393341354355604
CPRT,"Copart, Inc.",33.375,USD,3.328173374613012,3678600,0.5713290832844216,32150415408.355263,USD,Retail trade,Buy,33.504034334363055,34.280139957711334,35.73672551799319,3.1684698608964403,-1.330376940133046,-14.740068974326231,32.94099999999995,33.31174999999996,33.4456999999999,40.12019999999996,20.93789209535759,0.406375,7.0660934981193035
GVDBF,Givaudan SA,3481.0,USD,3.736727450448648,16,1.2698412698412698,32122378093.295185,USD,Consumer non-durables,Buy,3499.6667989667494,3576.325829987234,3706.9535588714334,3.736727450448648,-2.5117029365513885,-11.537484116899618,3455.303759999999,3581.0244649999977,3878.9436619999997,4111.667869000001,23.901589881945846,77.30384,12.447610318224356
KMB,Kimberly-Clark Corporation,96.74,USD,0.86539464080909,1934058,0.47879978248188976,32111909537.170677,USD,Consumer non-durables,Buy,97.8458896832302,99.05233265472607,101.37546298162955,0.7708333333333279,-1.25548637337961,-4.397667753730609,96.73999999999994,97.369,97.89679999999991,109.46307499999995,15.210930989480966,2.015639,-13.319795017172769
AXON,"Axon Enterprise, Inc.",398.0,USD,1.5617025620087794,477952,0.33431406308832157,32079628756.69593,USD,Electronic technology,Strong buy,409.2466531013065,430.1321017082007,464.64503407483124,1.0870669511327777,-1.728395061728395,-30.58583462685526,389.7100000000001,397.2444999999992,424.9560000000002,582.1824999999997,159.3147065887439,1.82625,-39.52993004623242
SWSDF,Swiss Life Holding,1132.0,USD,2.207575278768457,30,0.26714158504007124,32051279116.86395,USD,Finance,Buy,1101.3385970415106,1092.5137085921472,1069.8251720929525,2.207575278768457,3.374275147253554,-3.772590489467698,1101.4518,1102.1690099999996,1004.6118660000003,728.9334525949998,20.58788400879995,nan,17.285370040511435
CICOF,COSCO SHIPPING Holdings Co Ltd.,1.93,USD,10.285714285714283,4000,0.18042155496317144,31963525260.859737,USD,Transportation,Buy,1.8434452550124378,1.8372372351656323,1.816621121591335,7.222222222222216,-1.0256410256410267,9.659090909090905,1.764,1.8662499999999997,1.792990000000001,1.611993999999999,6.992196223545978,0.102767,-35.81608504862801
PSZKF,Powszechna Kasa Oszczednosci Bank Polski SA,25.57,USD,-5.8541973490427095,14166,4.566878364873142,31962500000.0,USD,Finance,Strong buy,26.086515208740433,25.71319178328902,25.11371919330389,0.7883326763894335,-10.688089416695771,-0.5058365758754825,26.307999999999993,27.191499999999998,25.576399999999992,20.085227935,11.057139700183994,0.5772116,15.126523645090694
TTNDF,Techtronic Industries Ltd.,17.45,USD,12.39935587761674,4030,3.0339531732289395,31874327203.352966,USD,Consumer durables,Strong buy,15.429803412756717,14.992385063103379,14.443473215144088,12.39935587761674,22.456140350877188,53.20456540825284,15.621199999999998,15.1921,14.191054,12.465562499999992,26.64103045343977,0.383333,6.806466426099157
TCKRF,Teck Resources Ltd.,65.1,USD,0.4629629629629586,504,1.0132689987937273,31832977235.280937,USD,Non-energy minerals,Buy,59.54063963026692,57.24824505990395,54.505765873710594,0.4629629629629586,11.606377507286123,35.7947434292866,61.931200000000004,56.090700000000005,52.083580000000005,46.45810684,24.037720105593515,0.7009169595,453.8008787023556
CCOZF,"China Coal Energy Co., Ltd.",1.75,USD,-3.181189488243436,100,0.04927322000492732,31773187636.111107,USD,Energy minerals,Strong buy,1.5958121634712024,1.5044356150599816,1.4043514708969687,0,2.6392961876832803,30.597014925373127,1.7125,1.3701250000000003,1.2103783,0.8631270750000004,11.490315148222178,0.1057032,-20.276638937082826
A,"Agilent Technologies, Inc.",112.24,USD,0.4834377797672265,483943,0.2389570921263894,31719284140.56723,USD,Health technology,Strong buy,114.77320083993483,117.05525399777876,120.38359999966274,0.2680007146685699,-6.051728467397677,-17.615971814445107,112.56800000000005,115.01799999999962,114.87759999999999,129.4164,24.747541561934998,1.409501,4.230919495323235
CASY,"Caseys General Stores, Inc.",857.445,USD,0.5505716798592847,122022,0.30790830932544155,31690335608.562992,USD,Retail trade,Strong buy,807.6652667215022,770.5620339155191,725.5205123410667,-0.6632528934045332,16.029310274834575,55.382092311037816,868.6450000000001,834.3317499999996,761.1855,616.9537499999992,49.217633384036965,3.331552,21.409257529931583
SBGOF,Standard Bank Group Ltd.,19.5075,USD,-0.522692503824575,1039,1.6372518121651434,31585249013.946552,USD,Finance,Buy,19.610611209921075,19.401536066628317,18.91081223756367,-0.29389215435727567,-2.1690070210631944,1.667752442996744,19.534499999999994,19.53387500000001,19.457839999999997,16.487862500000002,10.882480921140715,0.974015,30.179182433252656
GBOOF,"Grupo Financiero Banorte, S.A.B. De C.V.",11.195,USD,2.330895795246808,3984,0.23076254742390453,31493286221.520493,USD,Finance,Strong buy,11.207606687817488,11.160486955986482,10.97389744944341,3.1797235023041535,-3.282937365010791,21.02702702702703,11.134,11.268374999999995,11.155150000000008,10.296738499999995,9.465836931091006,0.3205119777,18.936103576627687
HBAN,Huntington Bancshares Incorporated,15.535,USD,0.8111615833874107,5090650,0.24054945859703253,31491473795.39163,USD,Finance,Strong buy,15.99275783570768,16.175613751676845,16.360816396590817,0.48512289780077156,-7.1983273596176724,-10.615650172612192,15.528999999999991,16.246249999999996,16.0013,16.753725000000003,11.89509954058193,0.361219,0.6861460180402538
Q,"Qnity Electronics, Inc.",149.495,USD,-4.919544616167389,666919,0.3049286663735582,31295163284.695198,USD,Electronic technology,Strong buy,140.98509004035483,132.62379718573402,121.36476364164837,-5.370933029497396,11.33909287257019,83.00281552209574,160.24499999999998,147.38975,130.72690000000003,nan,48.21797187459683,1.048571,nan
HBANL,"Huntington Bancshares Incorporated - Depositary Shares, Each Representing a 1/40th Interest in a Share of 6.875% Series J Non-Cumulative Perpetual Preferred Sto",25.2599,USD,0.11850971066190176,6877,0.44801886669533153,31238082471.0,USD,Finance,,25.321944986622416,25.328833627154047,25.356041957201835,-0.4339771383523956,-1.1741001564945246,-0.03996834190740534,25.393979999999978,25.469195,25.245045479999984,25.508061369999922,19.341424196018373,0.361219,0.6861460180402538
HBANM,Huntington Bancshares Incorporated - Depositary Shares each representing a 1/1000th interest in a share of Huntington Series I Preferred Stock,22.2833,USD,0.3300315173345326,6765,0.7108257767597272,31238082471.0,USD,Finance,,22.232101767600753,22.26883263730892,22.348673236175095,0.7833524045571996,1.2877272727272753,0.42045966651644556,22.44465999999996,22.30624720000001,22.152832980000014,22.69373324500008,17.062251148545176,0.361219,0.6861460180402538
HBANZ,"Huntington Bancshares Incorporated - Depositary Shares, Each Representing a 1/1000th Interest in a Share of 5.50% Series L Non-Cumulative Perpetual Preferred St",20.6,USD,-0.9615384615384581,6403,1.1556718707697862,31238082471.0,USD,Finance,,20.96771688930924,21.04066193825862,21.131936874978724,-2.184235517568838,-2.784332232184992,-4.096834264432025,20.84599999999996,21.039154999999948,20.949092,21.449462999999973,15.773353751914243,0.361219,0.6861460180402538
HBANP,Huntington Bancshares Incorporated - Depositary Shares 4.500% Series H Non-Cumulative Perpetual Preferred Stock,16.79,USD,-0.08925914906278232,32171,1.009460455921806,31238082471.0,USD,Finance,,17.002604156321382,17.11573915416758,17.25290711285831,-0.41518386714116423,-2.8356481481481595,-1.9275700934579547,16.86500000000003,16.969254999999983,17.122609999999995,17.717451999999977,12.85604900459418,0.361219,0.6861460180402538
MTZ,"MasTec, Inc.",391.115,USD,-5.732706676307537,458356,0.4731608724875239,30905341562.380505,USD,Industrial services,Strong buy,381.10632686583256,357.46645536754085,326.90444522027553,-5.6690463556991935,7.831325301204827,77.77146493341212,416.97499999999957,403.95725000000004,358.1100999999997,252.343025,68.37555287494973,2.223559,111.18289891456841
AJINF,"Ajinomoto Co., Inc.",33.0,USD,-1.2862698175291647,403,0.16299292214357938,30883433898.92693,USD,Consumer non-durables,Strong buy,30.81796796346537,29.622396100420197,28.268603446206942,0,13.07178345040261,43.47826086956522,34.102,31.714219999999994,27.784098000000004,17.186335794999994,37.87206064970061,0.228297735,88.61698260298954
CQP,"Cheniere Energy Partners, LP",63.755,USD,0.3857660210990467,31471,0.3707089185231953,30860870764.72241,USD,Utilities,Neutral,63.397097968750124,62.6641613132959,61.336336431719594,0.4015748031496103,5.834993359893759,18.636025307033865,63.26299999999999,63.872350000000026,64.26513999999999,57.074435,14.828123546376409,0.923497,2.81696876942943
DASTF,Dassault Systemes SA,23.0,USD,1.634997790543531,1000,0.22275187668456106,30769302973.945774,USD,Technology services,Buy,22.141981263761668,22.32279640554632,23.277740087514882,0,5.263157894736835,-11.57247212610535,22.452080000000002,21.72749000000001,20.902584000000004,28.2211984999999,21.48164752942808,0.34878336379999997,11.878404731864842
RDDT,"Reddit, Inc.",159.34,USD,0.7397104381361927,1416798,0.2991234538791857,30674389314.5833,USD,Technology services,Strong buy,155.7138958732732,157.39879439640504,163.4447694222796,1.4904458598726138,-3.724962992054616,-31.372211215436298,156.05799999999994,158.26950000000002,147.98920000000015,193.63504999999986,45.18104743811495,0.942871,445.5909653465347
SVNDF,"Seven & I Holdings Co., Ltd.",11.8,USD,4.702750665483595,200,0.07076389626012808,30618289111.32897,USD,Retail trade,Buy,12.481781921606602,12.858292274879929,13.206289372375675,0.4255319148936231,-9.230769230769225,-19.453924914675763,11.943999999999997,13.228900000000007,13.497710000000005,13.88657965874999,15.504931746670254,0.0965701623,72.14256967908564
NTRS,Northern Trust Corporation,164.86,USD,0.6102770657878677,228361,0.2660078082664744,30506893330.415478,USD,Finance,Buy,158.7205394827273,154.68875661232886,149.95159627054525,0.6102770657878677,3.894630703302248,20.53812970680705,163.66800000000003,164.2614999999999,151.84860000000003,139.28265,17.25704475987104,2.645848,-10.832757751684747
RSNHF,"Resona Holdings, Inc.",13.2375,USD,2.8554778554778673,878,0.06736383375403761,30477650280.760914,USD,Finance,Buy,12.332956617638883,12.065708384819477,11.681690477724485,1.9736081902429,8.055049915515037,33.17404426559357,12.87547999999999,12.145495,11.804397999999992,10.238831999999997,18.484906629191844,0.206029660197,16.30731618820552
GASNF,Naturgy Energy Group SA,31.72,USD,8.001361933946196,788,1.1885369532428356,30466856801.124725,USD,Utilities,Buy,30.135370602496966,29.49125778112661,28.784483661080806,-1.8336557059961351,7.634882931795046,-1.8336557059961351,30.68580000000001,27.88196500000003,27.772523379999992,23.760807359999994,12.421012361431835,nan,24.670464359182755
FANDF,Firstrand Limited,5.43,USD,7.132287659070721,110,0.09325985587113184,30451968363.316193,USD,Finance,Strong buy,5.313774409067838,5.301231369435558,5.183765501762331,0,-0.9124087591241005,2.549575070821526,5.2367000000000035,5.463030000000002,4.756633999999998,4.0681795,11.520297363697697,nan,26.243283762060678
FISV,"Fiserv, Inc.",57.07,USD,3.144767757093805,2098725,0.28326862044507234,30432808402.971443,USD,Commercial services,Buy,58.05148460385846,59.530626191537365,64.51039716154992,3.1820647260893113,-9.513239257967339,-15.489412113134902,54.62200000000005,58.729000000000084,58.121000000000066,83.60310000000013,9.68124989397615,1.92672,4.271765663140754
VICI,VICI Properties Inc.,28.425,USD,1.8817204301075345,1731066,0.261041939561459,30387181636.78764,USD,Finance,Strong buy,28.366211141944277,28.430274957184388,28.661738657523845,1.991388589881592,-0.15806111696522007,0.9410511363636384,28.19299999999999,28.477250000000005,28.183299999999985,29.821774999999974,9.754967569237106,0.712019,16.249102369743866
RJF,"Raymond James Financial, Inc.",155.87,USD,1.1420413990007077,218469,0.22152190412165254,30376417402.337616,USD,Finance,Buy,153.26755373479864,153.45813691804256,154.69350289751893,1.339314738963658,2.6000526592943767,-2.7210884353741407,154.59799999999987,155.14600000000002,149.8584000000002,160.49389999999997,14.73669282405219,2.918879,1.899843927628668
NTRSO,"Northern Trust Corporation - Depositary Shares Each Representing a 1/1,000th Interest in a Share of Series E Non-Cumulative Perpetual Preferred Stock",19.04,USD,0,6369,0.2240381030103911,30321846058.0,USD,Finance,,19.14278070548007,19.211477789461668,19.324219482138194,-0.36630036630036783,-1.8556701030927807,-2.25872689938399,19.138,19.173269999999956,19.151108000000026,19.74359649999999,1.993049449399154,2.645848,-10.832757751684747
RPRX,Royalty Pharma plc,52.59,USD,-0.4919583727530709,1190128,0.3083883892080337,30285644491.012108,USD,Health technology,Strong buy,50.22986364240576,48.71108570385881,46.69277628800733,-0.8484162895927522,8.20987654320988,35.90903217469958,52.75800000000002,50.7125,48.561600000000034,41.38189999999996,27.542683565517965,1.27574,-22.13205007952368
EXPGF,Experian plc,33.84,USD,-6.467661691542278,234,0.27672658467360456,30281425218.06929,USD,Commercial services,Strong buy,35.97485539563957,36.67971829691718,38.15614687052988,-6.467661691542278,-13.230769230769223,-24.90846554976145,35.84321999999999,36.24270500000006,35.78264199999997,44.747203500000026,22.262845043177553,0.943333,12.390699362593992
MTB,M&T Bank Corporation,206.755,USD,0.9053196681307906,203404,0.23847882111708366,30278249206.71457,USD,Finance,Buy,210.55557193828253,210.94939604291784,209.83104068915756,0.5911258149265366,-5.14085153239127,2.8836584394904397,206.04500000000007,213.3742499999999,210.22169999999977,203.32537500000024,11.575585203764563,4.631492,19.65606409775444
VWSYF,Vestas Wind Systems A/S,30.975,USD,4.012760241773003,189,0.07780659503519823,30235039990.575,USD,Producer manufacturing,Buy,29.650989200429812,28.81467681722741,27.67313819672567,2.3290386521308286,0.04844961240310261,14.806839114754954,29.983239999999995,30.03927000000001,28.336225999999993,24.438028999999975,31.558889315379645,0.164587344,60.349708354468056
RVMD,"Revolution Medicines, Inc.",142.11,USD,-2.4371824797473454,557015,0.2569378027067876,30212084551.508656,USD,Health technology,Strong buy,132.26175768478254,123.63295886935099,112.76312097552918,-2.013376542784243,-4.930425474979915,76.99588989911571,146.58,143.419,121.37539999999991,82.29565000000007,nan,-1.924479,-76.93115869521715
UAL,"United Airlines Holdings, Inc.",92.96,USD,0.11847065158858312,2224125,0.45740787908658065,30172001853.006786,USD,Transportation,Strong buy,94.97129236689113,96.28426751150874,97.67407702988564,-1.274426508071371,-9.642301710730951,-17.44227353463588,94.67400000000002,93.97949999999987,93.3662,101.02817500000003,8.293853662018325,1.682486,2.1760137106184336
TWLO,Twilio Inc.,198.32,USD,0.015129355993747108,960379,0.357013278478082,30099791837.788292,USD,Technology services,Strong buy,172.35208414387185,159.36424840015732,148.06764333500863,0.6700507614213164,42.67625899280575,38.83094154707736,196.00799999999987,174.613,146.4552,125.39049999999999,307.61594540096166,1.322482,nan
KNYJF,Kone Oyj,58.02,USD,0.12079378774805916,346,0.18325300566707273,30064275660.092945,USD,Producer manufacturing,Buy,63.35304308116425,64.32137161783061,64.43653220804173,-3.422331713163322,-11.372489116321699,-17.35042735042735,59.58119999999995,64.0107,63.984521999999934,52.38752484,26.557554172628368,0.6455171423999999,8.774637703086663
MTB/PJ,"M&T Bank Corporation Depositary Shares each representing a 1/400th ownership interest in a share of Perpetual 7.500% Non-Cumulative Preferred Stock, Series J",26.5,USD,0.3407800075728885,12079,0.4072186149375299,30006593613.0,USD,Finance,,26.42902313500349,26.411689252715796,26.438026050769547,-0.2634550244636819,0.37878787878788417,-0.3384731101918009,26.62200000000002,26.551000000000016,26.221136000000037,26.636554500000003,1.4836546052079076,4.631492,19.65606409775444
MTB/PH,"M&T Bank Corporation Perpetual Fixed-to-Floating Rate Non-Cumulative Preferred Stock, Series H",25.2,USD,0.07942811755361229,5765,0.5363539098478858,30006593613.0,USD,Finance,,25.09484012530304,25.055080343878654,25.018267945086862,-0.15847860538826922,0.7596961215513703,2.2727272727272676,25.19199999999998,25.11700999999998,24.986387999999938,24.947628009999907,1.4108715491033688,4.631492,19.65606409775444
MTB/PK,"M&T Bank Corporation Depositary Shares each representing a 1/400th interest in a share of Perpetual 6.350% Non-Cumulative Preferred Stock, Series K",24.98,USD,0.2810116419108803,6420,0.18097404629214625,30006593613.0,USD,Finance,,25.02277247517488,25.052119305611313,25.099837790597253,-0.15987210231814208,-0.9908838684106223,-2.9356336577878723,25.010999999999992,25.05025,25.03259999999998,nan,1.3985544165318313,4.631492,19.65606409775444
BTGOF,BT Group Plc,3.08,USD,-0.48465266558966474,7422,0.44112665006448704,30001634559.823402,USD,Communications,Buy,2.9430901024977816,2.8702491132398067,2.7873991923589245,-4.347826086956525,7.130434782608698,31.287297527706738,3.120450000000001,2.960907500000001,2.8537129999999986,2.6333247499999994,23.91780475554295,0.11078360000000001,24.9046636349916
IMBBF,Imperial Brands PLC,38.682,USD,2.0633245382585845,2438,0.4931728532416304,29897264522.651115,USD,Consumer non-durables,Buy,39.00550522198601,39.72124147926042,40.3922547349838,3.4831460674157286,4.647765393355707,-10.217250023210473,38.000400000000035,37.89390000000001,39.83157400000004,41.59832949999999,13.761740099850707,2.77622961,-27.3536421830961
ADDDF,adidas AG,167.29,USD,-5.218130311614735,40,0.05762028233938346,29869473673.44104,USD,Consumer non-durables,Strong buy,167.98450392003272,168.82915096203692,172.83265625811543,0,-1.2630584902319628,-14.647959183673475,168.58840000000006,167.84836999999962,163.10674599999987,189.7555199999998,18.568499165561793,2.6907915285199997,45.49031745837869
KUASF,KUAISHOU TECHNOLOGY,6.84,USD,-2.285714285714288,13767,1.9807208114524135,29849725730.54641,USD,Commercial services,Strong buy,6.90024581580139,7.362342072376314,7.801191579452495,-2.285714285714288,18.40465309513918,-37.81818181818182,6.389999999999996,7.342139999999995,8.72675,7.642435999999999,11.566951243768393,0.09459030366,20.8020264476354
TECK,Teck Resources Ltd,60.81,USD,-0.8801955990220035,1413498,0.4502599502333837,29742279319.524902,USD,Non-energy minerals,Buy,59.1435833390291,57.278319073744235,54.77126255491847,-2.014179825974863,1.9275896748240122,24.738461538461543,64.074,60.7705000000001,55.77399999999998,47.43400000000003,22.453667582506018,0.6972664677,453.8008787023556
ATO,Atmos Energy Corporation,177.73,USD,0.708295557570263,473925,0.4107281846503227,29666660724.850746,USD,Utilities,Buy,181.75941029203906,181.6108476752763,179.87925522573127,0,-5.129710686452446,6.329644032306302,179.39399999999978,183.86350000000027,185.1504000000002,174.44980000000047,21.878231326013097,1.372229,13.394751535455054
HXGBF,Hexagon AB,11.05,USD,6.198942815953882,1040,0.5312627707396813,29662375461.214756,USD,Electronic technology,Buy,10.891887782006071,10.91604594376073,11.006903512898784,0,-1.3392857142857018,-8.37479270315091,10.83499999999999,10.687509999999993,11.27152599999996,10.86489399999995,12.979514965979812,0.09761098852,108.26227368941825
RMD,ResMed Inc.,203.68,USD,0.89161878343571,313953,0.25312192821999946,29545087550.99109,USD,Health technology,Strong buy,213.60302207091226,221.1004220347543,229.46068219182743,1.5657724144809089,-9.911981954089077,-15.747673216132364,202.83599999999996,210.30399999999992,221.58120000000014,252.1711000000001,19.634835251701467,2.891652,16.468686142860363
HENOF,Henkel AG & Co. KGAA,73.31,USD,1.0614833195478302,136,0.5377619612495057,29533506958.93622,USD,Process industries,Buy,78.40589412741231,80.17334134720865,81.19512969944812,0,-1.425305902917846,-10.036937500766976,75.19567999999995,83.9947300000002,82.32472200000004,78.0100054800001,12.671806808184014,3.2080583999999996,16.76922631226696
PGPHF,Partners Group Holding Zug Namen-Akt,1137.36,USD,-1.0991304347826174,21,0.7241379310344828,29462213487.70648,USD,Finance,Buy,1131.2120107803878,1139.8582155561776,1161.5602270667152,-0.342600786842735,-5.2575022386971835,-8.426964030514698,1142.1832,1120.070435,1102.9609640000008,1247.3860405000005,18.610865951336663,29.263664,28.84155422349061
EXR,Extra Space Storage Inc,139.23,USD,1.7019722425127715,118954,0.13806586384946717,29413859441.53805,USD,Finance,Buy,139.9679890964075,140.01417862938735,140.06109806205865,0.9717891072594123,-1.638996820911354,7.05059203444563,141.1040000000001,141.79224999999994,138.96390000000022,139.39152500000012,31.67197452229299,1.166316,2.1921565892554016
AEE,Ameren Corporation,106.175,USD,-0.17393757051523343,541074,0.3145793884261897,29384103149.48124,USD,Utilities,Buy,109.06694983358668,109.01170217827769,108.0919357930698,-1.0207886641185782,-4.750156992912894,6.451774613996394,108.14299999999996,110.35725000000005,110.54670000000021,104.92517500000014,19.07289645756988,1.074378,23.498092111101244
DTE,DTE Energy Company,140.94,USD,0.8298755186721968,387091,0.21249610446773154,29319509057.751038,USD,Utilities,Strong buy,143.45347697320636,143.43027443130293,142.4080790374774,-0.106315118009785,-3.683455203990989,8.968609865470848,141.8199999999999,144.53550000000004,145.9607999999998,139.3861000000004,23.163776809926862,1.517897,-17.828106852497097
FTI,TechnipFMC plc,73.17,USD,2.6515151515151523,1142969,0.3451630325016501,29173017838.227272,USD,Industrial services,Strong buy,71.33447898412757,68.92123838664804,64.65645862036617,2.6659183387119487,3.625548789123357,64.39002471354753,72.66599999999997,73.49749999999995,70.76660000000001,51.75925,27.993725610222665,0.791307,37.96780153074689
ZM,"Zoom Communications, Inc.",98.91,USD,-1.248003194888179,1887439,0.4099204698181386,29152886204.889774,USD,Technology services,Buy,95.59795733448976,92.33370011390836,89.56512492971838,-0.5929648241206065,11.360054041882464,14.638386648122387,100.53800000000001,99.574,87.89260000000009,84.57180000000017,15.92574105978392,1.417573,93.94497704774693
EL,"Estee Lauder Companies, Inc. (The)",80.38,USD,0.1245640259093103,614675,0.21748315091591658,29081075742.090183,USD,Consumer non-durables,Buy,81.22461522690541,83.90365156449978,87.1995730068552,0.2744510978043898,4.56615064394431,-23.89338635610472,81.70200000000003,80.32299999999998,78.94319999999998,93.75405000000006,nan,0.321762,71.24638877424681
CEBCF,China Everbright Bank Co Ltd.,0.4451,USD,8.560975609756103,1124,0.08019406392694065,29034835952.017563,USD,Finance,Buy,0.4310048812336498,0.43533248323571405,0.4338318454688901,0,8.560975609756103,-10.997800439912016,0.41637999999999986,0.44862499999999994,0.440011,nan,nan,0.024957700000000003,nan
CRDO,Credo Technology Group Holding Ltd,156.55,USD,-9.072428413777068,4030376,0.6970924978103739,28875637159.716564,USD,Technology services,Strong buy,160.03092837155222,152.0365295697623,145.40698376496854,-8.89781191806331,-4.399865652957152,5.491913746630732,180.238,184.70474999999996,143.6825,141.57544999999996,86.82269424879375,1.024921,13061.313868613139
IQV,"IQVIA Holdings, Inc.",172.76,USD,2.152317880794694,365630,0.21477861055749978,28833642113.24669,USD,Health technology,Strong buy,171.03321764815786,174.5328986661814,180.2972061988924,2.110053785684729,-0.9403669724770727,-23.357437558227236,171.99999999999994,168.71049999999994,169.41679999999997,196.32404999999994,21.4145821454248,3.038006,9.947529812606458
GELYF,Geely Automobile Holdings Ltd.,2.65,USD,-3.6888969652916646,105180,1.5634197242388026,28744313029.8173,USD,Consumer durables,Strong buy,2.7983846796655696,2.721410661757029,2.6141419638204697,-1.8518518518518614,-17.187500000000007,18.303571428571413,2.7702999999999984,2.905682499999997,2.7892530000000004,2.41455175,13.059785336653396,nan,-28.896341388417373
VEOEF,Veolia Environnement,39.27,USD,-1.8249999999999922,2580,2.6108075288403154,28742074969.648132,USD,Utilities,Strong buy,40.331886956601565,39.81242478753042,38.933807613213105,0,-4.219512195121943,8.06274078150798,40.80799999999999,40.20457499999998,38.01614200000003,33.73675949999999,20.110200766141194,nan,27.298196472851348
CNC,Centene Corporation,58.18,USD,-0.15445340655569487,1028693,0.17013430761894613,28729109514.915047,USD,Health services,Buy,50.16428170639983,47.022890882154464,44.63516541376228,0.12046119428669813,48.75990795193045,41.2821758135017,58.653999999999975,51.87550000000001,42.14540000000001,38.347949999999976,nan,1.075997,-295.7045441010065
PBA,Pembina Pipeline Corp.,49.3495,USD,0.7338232292304492,198281,0.2508324881842529,28683459476.30156,USD,Industrial services,Buy,46.43934979051164,45.38202876707709,44.105946140047095,1.5839851790860453,14.68626539623518,29.662375197057266,48.18190000000002,45.645974999999986,44.90258999999999,40.66014749999999,25.741155034093204,0.5273964798,-9.903483677891423
TGOPF,3i Group,28.16,USD,-5.614211496564439,9858,1.5673492749936402,28663901901.61086,USD,Miscellaneous,Strong buy,33.768719960014536,35.86755496783779,38.51238447534842,0,-28.978562421185366,-35.10025351463471,30.323500000000003,34.88812500000003,36.14540000000003,46.89937450000002,3.966973145394975,nan,5.616882986695995
REPYF,Repsol S.A.,26.17,USD,0.49923195084486394,10100,5.692706571976101,28643096558.214,USD,Energy minerals,Buy,25.567045896514074,24.80358435640767,23.504707334028847,0,2.6274509803921635,36.01871101871104,26.194000000000006,26.267239999999994,23.326639999999998,16.33427200000001,10.199366252147378,1.43246316664,139.59191662570169
SKFOF,Sika Finanz Ag,178.314,USD,-4.235230934479053,66,0.2696078431372549,28611639840.17584,USD,Process industries,Buy,181.25306817007836,182.97546188507178,187.63010593833522,-0.6607242339832908,-10.60520985822287,-13.148896790219672,182.63419999999988,174.31955000000005,185.53083799999985,220.69125149999985,21.737963824967803,4.217728,-3.9856033126807584
MTSFF,"Mitsui Fudosan Co., Ltd.",10.4,USD,-4.587155963302751,26271,6.785040935974586,28573278906.24852,USD,Finance,Strong buy,10.968323650918183,11.08480167845036,11.068511669079035,0,-6.9351230425055945,-12.861332216170926,11.027000000000003,11.408600000000002,10.991939999999982,9.396432302099976,16.350782812027425,0.19472089049099997,6.941394755002175
TDY,Teledyne Technologies Incorporated,615.7,USD,-0.1427227610366855,45861,0.20293007649314737,28524849761.282238,USD,Electronic technology,Strong buy,625.8882500448196,623.7426580254149,613.717521710932,-0.4043998705920414,-3.1552787215301286,20.019493177387922,627.7940000000003,637.5659999999995,635.3795999999995,580.2246999999999,31.159379950100462,5.788447,12.958400265250475
SURDF,"Sumitomo Realty & Development Co., Ltd.",30.5,USD,-1.5811552113584977,2280,3.059991947389612,28482519195.56002,USD,Finance,Strong buy,30.518505716068724,29.401332562205088,27.599390887693122,0,-3.9127969252095043,18.308766485647784,31.6656,28.976937500000002,23.454464999999995,17.416968999999998,21.20467879037785,0.634116835443,6.534614746273809
SYM,Symbotic Inc.,47.19,USD,-0.27472527472528013,802949,0.392414090310236,28442112169.912086,USD,Producer manufacturing,Buy,52.43466698213151,53.68997846650161,54.72986673969361,-0.5269814502529512,-23.862536302032915,-22.410391318645186,49.141999999999996,56.11999999999998,54.46180000000003,58.58410000000001,nan,0.128984,24.78134110787171
CPNG,"Coupang, Inc.",15.82,USD,-1.8610421836228332,4280177,0.15849646252746818,28397917445.83127,USD,Retail trade,Strong buy,18.0124874347714,18.765043508692578,19.958448333114692,-1.7391304347826158,-27.063162747810054,-33.24894514767932,16.078000000000007,18.672000000000004,19.184999999999995,24.586175000000008,nan,-0.047134,-166.3774403470716
DOV,Dover Corporation,210.655,USD,-0.05456184466480481,130526,0.18630682118250577,28367099365.826916,USD,Producer manufacturing,Strong buy,215.34629918822944,214.2878606039121,210.85480005531736,-0.13984356482578217,-2.4745370370370363,7.92857874782252,213.42299999999994,220.67625000000004,215.30870000000021,196.3129249999997,26.244611666209853,2.722879,-51.647279233257635
MTRJF,MTR Corporation Ltd.,4.55,USD,3.1746031746031673,300,0.060500947848182954,28322944223.035076,USD,Transportation,Buy,3.7354456375662917,3.620201719829406,3.563036686874391,3.1746031746031673,22.972972972972965,3.1746031746031673,3.9520000000000004,3.5762899999999958,3.416436000000001,4.7797692000000005,15.02230293634055,0.17875199999999997,-7.152816605925228
SAABF,Saab AB,52.5,USD,1.3709210272253347,425,0.14483369683751363,28316262940.580013,USD,Electronic technology,Buy,59.075967667299,61.44325051803418,62.407110060229925,0,-20.261239368165256,-14.717348927875246,53.455999999999975,59.78715000000002,65.25783,61.12680000000001,41.64506147318747,0.3516982815,46.878278580648114
ALPMF,"Astellas Pharma, Inc.",15.7,USD,15.01831501831501,762,0.21284321666992542,28271903405.76459,USD,Health technology,Buy,15.726519730032589,15.615759929427329,15.118540442195135,8.650519031141869,-9.248554913294806,19.165085388994296,14.762000000000004,15.106775000000003,15.67137,12.141346999999998,15.366764152752884,0.29350317,445.72180091815505
BIIB,Biogen Inc.,190.81,USD,-1.1090956206270985,257795,0.22437753392470464,28170637558.873333,USD,Health technology,Buy,187.5245833263324,185.5317707919038,181.9706476436763,-0.23006535947712298,8.23642861194623,8.80424245880139,195.80400000000023,190.59349999999995,185.50729999999953,168.03437499999978,20.47735053283395,3.181121,-7.97665369649806
TSEM,Tower Semiconductor Ltd.,250.78,USD,-8.467771370173011,1550728,0.5816555447572616,28026326868.296223,USD,Electronic technology,Strong buy,221.37012430196714,201.49345017169935,178.02504247778384,-8.088693421293758,14.042746703046838,108.1334550585111,259.41,223.20800000000003,194.22899999999998,119.93314999999991,116.47933116581514,0.758,19.213732004429676
GEHC,GE HealthCare Technologies Inc.,61.61,USD,1.3989466754443738,1915363,0.37845282634876065,28025882079.287853,USD,Health technology,Strong buy,65.7345828499495,68.49387945231682,71.16234373777448,1.0165600918183266,-17.897121535181245,-25.39355776217002,61.84400000000012,64.10999999999999,68.81900000000005,75.68305000000004,14.749467333796174,1.035881,-12.171993271656852
STLA,Stellantis N.V.,7.445,USD,-0.6008010680907868,6879769,0.4725534229278917,28022189897.50425,USD,Consumer durables,Buy,7.6115597168373945,7.789470304426817,8.160533954290884,-0.7994670219853379,-12.617370892018771,-34.115044247787615,7.5550000000000015,7.689750000000011,7.433100000000025,9.270375000000005,nan,0.25979926276,-239.01536807298166
FTS,Fortis Inc.,55.11,USD,0.7311277645768572,112292,0.18103259125103724,27962813663.847313,USD,Utilities,Buy,55.883862893238245,55.77741517192623,55.165318532686506,0.19999999999999896,-2.580873254375112,5.817972350230417,55.76199999999998,56.26199999999983,56.572999999999965,52.96039999999997,22.598582484046126,0.5651458506,6.121637237345439
DOW,Dow Inc.,38.715,USD,-0.09032258064515249,3469259,0.35860560197710584,27903505433.072517,USD,Process industries,Buy,37.99473219013276,36.741176335728106,34.728201196922825,0.6368598908240306,6.682281620281081,64.39490445859873,38.90300000000001,38.904,38.56319999999992,28.39847499999998,nan,1.175832,-1097.6005998500375
VRSN,"VeriSign, Inc.",305.71,USD,2.7354908088853,194157,0.2547672831029707,27819610685.24572,USD,Technology services,Buy,280.53376226323076,270.89993320498803,263.6240526400945,2.6182404081769506,11.252228974853509,25.765180187592545,295.4340000000001,279.6877499999997,264.32429999999994,256.4911249999999,33.80513750511428,2.443413,10.549735339779707
ZS,"Zscaler, Inc.",172.56,USD,7.146848804719025,2462240,0.7840602272788788,27746045521.372494,USD,Technology services,Strong buy,153.40572189585183,157.35002676967656,170.9983609566501,5.631733594515174,24.91675112205011,-23.88849682427664,157.18199999999996,144.41150000000002,142.74279999999987,226.23994999999988,nan,1.008972,-313.45595353339786
NTRA,"Natera, Inc.",193.39,USD,3.772268727194662,758485,0.38949332155946453,27696422005.298557,USD,Health technology,Strong buy,196.8959640498882,199.60788162853058,201.34696511302985,1.7842105263157821,-3.372639152593185,-15.53177549683337,195.2380000000002,202.68250000000006,201.0046000000002,200.25670000000005,nan,-0.478365,-11.942436229709456
NSKFF,Kongsberg Gruppen ASA,31.34,USD,-1.365896645055709,159,0.03690465137870207,27566413804.156677,USD,Producer manufacturing,Buy,36.09478305804129,36.55961892716291,35.881817186319246,-0.5079365079365084,-24.59095283926853,17.1588785046729,32.434,36.89869,39.709176000000014,32.4904818,36.294373084926,0.17399212511999998,27.22572898472313
IBIDF,Ibiden Co. Ltd.,98.0,USD,-9.594095940959415,606,0.5509090909090909,27485958435.05913,USD,Electronic technology,Strong buy,78.91148936125296,69.60471116418321,59.534944244342725,0.3481466311693666,63.49683016349683,109.962506695233,102.073,76.77400000000002,56.63589199999999,26.69154922500002,72.68909023513709,0.30897949580999995,77.90289637092738
ARES,Ares Management Corporation,123.725,USD,0.25524673851389496,366328,0.12772515730732714,27469875162.372375,USD,Finance,Strong buy,119.612225992113,120.9583281429128,126.38820453048892,1.1982659905120148,4.683137321262372,-23.945783132530128,124.50100000000002,120.3332500000001,112.34670000000001,147.29159999999996,57.27744085921948,1.324374,24.846838515778522
MTSI,"MACOM Technology Solutions Holdings, Inc.",359.46,USD,-4.2971246006389885,787874,0.46123755542468153,27425280218.43115,USD,Electronic technology,Strong buy,315.33359793517684,290.0247002294266,262.426320092126,-5.710463499724586,35.20649966147595,105.66426364572604,372.5859999999999,317.674,269.06820000000016,194.12230000000002,155.85327783558793,1.345613,nan
IR,Ingersoll Rand Inc.,70.04,USD,-0.44065387348967744,621776,0.18753628792304744,27409232591.194317,USD,Producer manufacturing,Buy,76.9213379811043,79.34497508629215,81.01301489800068,-0.6947398270239541,-17.444601603017443,-12.26356006513841,71.36200000000004,77.62849999999983,80.85360000000036,82.09290000000001,47.20312710607899,0.823747,-26.64623294443346
ARES/PB,Ares Management Corporation 6.75% Series B Mandatory Convertible Preferred Stock,41.075,USD,0.18292682926829962,1006,0.010523981286980393,27399937715.0,USD,Finance,,39.83398928337275,40.116500643250525,41.501215642411815,-0.3759398496240457,3.9873417721519058,-18.33996023856858,41.29499999999998,40.091750000000005,37.6957,46.874883,19.015323364659046,1.324374,24.846838515778522
SVNLF,Svenska Handelsbanken AB PUBL,13.666,USD,-1.1858279103398388,681,0.890894819466248,27383932660.549282,USD,Finance,Neutral,14.108615707519867,14.251998058641293,14.295420090664562,-1.142939814814811,-6.5892002734108015,-6.036853685368538,13.930000000000001,13.845955,14.993351999999994,13.500623439999995,10.823698161606035,0.29041491399999997,-7.2011857317069055
LDSVF,Lindt & Sprungli AG,11600.0,USD,-2.5210084033613445,2,0.5405405405405405,27339647939.8624,USD,Consumer non-durables,Buy,12766.943959802922,13260.199756336602,13704.13391822357,-1.694915254237288,-11.179173047473201,-18.70616659278973,11840.0,12789.027199999997,13888.694995999998,13403.262371499997,29.21832341039231,98.22732799999999,24.430144763614557
OTIS,Otis Worldwide Corporation,71.24,USD,0.3238980425292068,1569194,0.3693440967939435,27335933254.480774,USD,Industrial services,Buy,75.90778071177141,78.40523341234463,81.1419633947613,0.14054813773716698,-11.731912784935579,-18.310020637468472,72.53199999999984,75.8877499999999,78.59870000000006,86.58502500000004,18.885030352835138,1.012442,-1.0674009965906157
AMRZ,Amrize Ltd,49.395,USD,0.7855539685778518,1017430,0.43875729864225566,27302391904.05162,USD,Non-energy minerals,Strong buy,52.944283167464576,53.97261072483316,54.38665694508308,0.8884803921568674,-14.909560723514202,-9.71486017181502,50.491,53.88824999999999,55.332900000000045,53.650725,23.63170988422161,0.975734,-6.147007318934949
ICTEF,"International Container Terminal Services, Inc.",13.5,USD,0.5586592178770896,1253,1.5263734925082226,27265311584.480125,USD,Transportation,Strong buy,12.567669679434003,12.233690356808852,11.728073963435987,12.406328059950043,6.466876971608835,37.4745417515275,13.112000000000004,12.633499999999989,12.212919999999997,10.177258999999998,26.45557018620442,0.133728,19.539171170174356
KHC,The Kraft Heinz Company,22.91,USD,-0.043630017452013795,7656231,0.5061909965368285,27166164629.08159,USD,Consumer non-durables,Buy,22.935399758312062,23.069362023470028,23.42026432613188,-0.21777003484320864,1.371681415929198,-5.681350349938242,23.138000000000062,22.716000000000037,22.576999999999998,24.54095,nan,0.528874,-320.42971760119667
YZCHF,YANKUANG ENERGY GROUP CO LTD.,1.92,USD,5.639614855570842,500,0.4859086491739553,27077125465.07809,USD,Energy minerals,Strong buy,1.7022967964352909,1.5811374902818187,1.5174365175913573,0,5.639614855570842,58.67768595041323,1.8879799999999993,1.490415,1.5024640000000005,1.5776180599999998,16.31690696711531,0.08368169999999998,-48.97132005195612
TEFOF,Telefonica S.A.,4.79,USD,7.358181858932684,191,0.040872226145385285,27041379033.08063,USD,Communications,Buy,4.580938786804868,4.512434020135156,4.5000177344876775,7.640449438202243,6.413702708106556,23.262995367987646,4.69474,4.466395000000001,4.3226540000000035,4.7009130000000034,nan,0.058117,-36129.99877642756
FICO,Fair Isaac Corporation,1165.64,USD,6.103277837955942,162487,0.5193647453215077,27032247440.083965,USD,Commercial services,Strong buy,1114.1181215941128,1160.3571311075357,1245.6118440436292,6.527997367964107,6.7435897435897525,-31.06922999591964,1098.3600000000004,1057.560499999999,1080.0430000000003,1448.7804499999997,36.93421081815849,11.668111,35.934444588017406
AONNF,Aeon Co. Ltd.,9.749,USD,3.7127659574468104,20351,2.3091499114963914,27030228300.047863,USD,Retail trade,Buy,12.711750602670886,12.312760987359372,11.410325638717271,5.394594594594601,-18.75833333333333,-32.95048143053644,12.103800000000001,11.2634599635,9.175602582,nan,56.28743033285868,0.01819833,133.2434240760977
CRCL,"Circle Internet Group, Inc.",108.71,USD,-4.640350877192987,7217917,0.31740789437514777,27022700693.330265,USD,Technology services,Buy,104.89671045651356,101.2653283333267,100.26476010061145,-3.0240856378233727,-1.4995696099306857,34.47550717466599,119.36200000000001,109.34949999999995,107.55700000000003,104.82700000000001,nan,0.181278,-301.4786242365799
CNP,"CenterPoint Energy, Inc (Holding Co)",41.28,USD,-0.6019744762822056,1868404,0.3818654364592623,27004115944.15218,USD,Utilities,Buy,42.13136036147539,42.081174326938346,41.64755568387855,-1.1967448539971277,-3.596450256889302,7.696321419253856,41.92799999999995,42.545749999999856,42.86310000000005,40.156525000000016,25.278628291488058,0.368893,9.788893370982919
KHNGF,Kuehne & Nagel International AG,227.028,USD,-0.21185881939255385,5,0.1519756838905775,26955198487.67033,USD,Transportation,Buy,230.81059343342324,228.82374922202825,225.77391736929036,0.24196397032850664,-3.037498932262747,6.4409958272774155,229.81760000000008,227.06729499999992,222.50518800000017,238.78058149999993,25.572148632167274,2.7759967744,-22.151104654245632
HMRZF,Hennes & Mauritz AB,16.85,USD,-7.731902310809326,6342,2.56594918271565,26922476351.611332,USD,Retail trade,Buy,18.977214702811306,18.565080247366932,17.84705842347228,-7.731902310809326,-13.144329896907204,-14.898989898989896,19.1604,18.366030000000006,16.125296000000006,14.833057750000007,19.91139441303053,0.306372,33.84204487133358
ANPDF,Anta Sports Products Ltd.,9.67,USD,-6.570048309178741,311,0.28485070525737316,26842959138.19895,USD,Consumer non-durables,Strong buy,10.238876108801763,10.318056052679351,10.435954141829198,-8.773584905660375,-3.3000000000000007,-3.3000000000000007,10.324000000000016,10.446325000000002,10.565507999999998,10.433289999999982,14.459537190737116,0.3626207,-11.406029941745045
EIX,Edison International,69.585,USD,0.6145170618854788,458611,0.21601766987809,26775888102.417507,USD,Utilities,Buy,69.93213248906979,69.52641300622633,68.06189618910426,0.28102031993081594,-2.0481418918919094,15.26420407487162,70.27299999999994,69.41225,71.03730000000003,62.19582499999993,7.55029187734641,1.182043,30.755916236308956
MDB,"MongoDB, Inc.",331.67,USD,6.2499999999999964,945019,0.5787782866841289,26699415069.624996,USD,Technology services,Strong buy,292.7924187850008,294.36610600311514,301.7290444074802,6.335160783559357,30.378552616061963,-21.498224852071,311.71599999999955,279.0290000000002,263.87539999999996,320.41844999999995,nan,1.187003,50.323913771920026
BRDCF,Bridgestone Corp.,21.1425,USD,-4.224235560588906,4232,0.8267239695252979,26684529429.931835,USD,Consumer durables,Buy,21.466418148451417,21.703732956406036,21.89229091388812,8.645940390544693,7.540691759918608,-9.49272260273973,21.31899999999999,21.12312499999997,21.098500000000005,20.46146024999998,12.785946811907586,0.401024445,24.051115531193183
TPL,Texas Pacific Land Corporation,386.73,USD,0.4050159669756217,61347,0.15836314457726208,26674480800.729965,USD,Miscellaneous,Buy,415.0863412263142,420.024160925377,412.4645753345547,0.7424195060956609,-7.83584757274612,35.22027972027973,389.66000000000037,418.33150000000035,455.35780000000005,362.22013053705,53.0035771555446,2.260908,9.453803573303722
AMADF,Amadeus IT Group SA,61.168,USD,4.524948735475045,21396,2.3207584007636073,26647913972.606895,USD,Technology services,Strong buy,59.68157227542224,60.516369983883024,62.63563912502571,-0.21858993181299197,-1.7949458947436054,-18.59028960817717,60.07348000000013,58.84517000000001,58.780460000000005,70.40773549999999,17.385507511199215,1.0208704362599998,12.882495029332647
ALMMF,Aluminum Corporation of China Ltd.,1.35,USD,-11.184210526315784,3000,1.1744900755588614,26605507296.68881,USD,Distribution services,Strong buy,1.4944197041784784,1.51801363612345,1.5044303163596124,0,-24.999999999999996,-14.556962025316455,1.4633999999999987,1.5528149999999996,1.602642,1.2033803200000002,13.12817975453805,0.1086394,2.190717551498712
TW,Tradeweb Markets Inc.,112.58,USD,1.4782765458806568,197934,0.18618260105937479,26571809616.956917,USD,Finance,Buy,113.79505230941342,114.53712296645678,114.8374337070143,2.030088816385712,-7.242316882260861,4.920782851817336,110.47599999999973,111.8070000000002,118.03659999999992,114.35977500000003,27.785181894466657,0.956934,66.45304412127186
POPMF,Pop Mart International Group Limited,20.0075,USD,0.03750000000000142,33782,2.3795670824910014,26535177832.836563,USD,Consumer services,Strong buy,20.916699588093234,22.007495519694576,23.537254205730154,0,2.602564102564104,-16.635416666666668,20.663999999999998,20.36549999999999,22.910181999999995,nan,14.946247936200123,0.6430277999999999,308.8341222234282
MGDDF,CIE GENERALE DES ETABLISSEMENTS MICHELIN SA CLERMONT-FERRAND,38.5875,USD,2.6877785909121097,244,0.393675379154566,26532664880.714798,USD,Consumer durables,Buy,37.48012084932448,37.26650470249236,37.02386234137715,0,-0.7012352032938777,8.460403344810619,38.02199999999998,37.573499999999996,37.316976,36.01664350000001,14.096248509738851,1.4936068999999998,0.7351722615206722
VEEV,Veeva Systems Inc.,162.57,USD,2.335389651265252,708313,0.12316488686557271,26531212753.148556,USD,Technology services,Strong buy,166.70961500985672,173.46258235318206,185.86291420175522,2.88589329789254,-4.952057998129092,-27.23244259433329,158.5659999999997,162.45450000000048,170.2,230.73025000000015,30.012184315463003,2.135394,25.105085685251066
TPR,"Tapestry, Inc.",131.03,USD,1.3223012681719828,1192613,0.36085935634176475,26473921620.768017,USD,Retail trade,Strong buy,137.9086477493422,138.9073805126346,136.67226580240634,0.05345143555283535,-15.49722687991745,1.4007119640922476,131.00400000000005,139.55100000000004,143.04180000000005,125.81639999999997,42.0966394653987,1.248285,-18.09809493737501
EXPE,"Expedia Group, Inc.",215.16,USD,-1.1803609975657894,580787,0.2856731230172007,26364505548.687824,USD,Consumer services,Buy,231.16755164674706,234.62224284933183,236.65232859908332,-0.17630138257399808,-17.943632965943323,-23.97710409158363,217.81800000000007,240.67549999999997,238.55320000000003,238.00722500000003,18.950316631289688,5.156548,33.764137606032044
RYAOF,Ryanair Holdings Plc,25.3,USD,-1.3549078857588466,10890,4.9358654761365175,26350268651.316986,USD,Transportation,Strong buy,27.7316668385655,25.84184453055928,23.58499794059359,0,-29.181245626312105,-27.79989441091277,31.9428,22.472199999999994,18.851922000000005,nan,10.284015041707702,-0.48344955669,59.16085692956944
NRG,"NRG Energy, Inc.",124.85,USD,-2.3159377200532103,670894,0.21983913752294748,26341659709.175728,USD,Utilities,Strong buy,142.81665904462565,147.81083966246473,151.42962909190496,-1.9707914572864365,-26.12426035502959,-22.731773734373075,131.1599999999998,146.13399999999996,151.80479999999997,158.83919999999998,145.71661998132586,1.849012,-86.50623661332997
SAXPF,Sampo OYJ,9.914,USD,-0.860000000000003,20608,6.325158834903778,26328360978.082623,USD,Finance,Buy,10.386693689242575,10.55095418695668,10.661448748883881,-4.11899534811749,-8.640200523425115,-11.284116331096206,10.169120000000024,10.700232299999985,10.54073092000003,10.926538772500015,13.773356268921432,0.18050210328,60.55444627508684
WNGRF,Weston George Ltd. (Canada),69.74,USD,0.40310970342643415,120,0.09910802775024824,26301524205.708076,USD,Retail trade,Buy,70.38171371092847,70.30229586952792,69.63053387768035,1.3662790697674387,-0.08595988538682274,1.959064327485364,69.684,70.62637999999995,70.86771200000003,58.982652664499994,33.77550260877933,0.8635571999999999,1.9533381611682405
PPL,PPL Corporation,34.915,USD,0.1003440366972379,2245348,0.3054118577818531,26268315118.9051,USD,Utilities,Strong buy,36.6105651223598,36.92300836160938,36.93366193013551,-0.8659852356615552,-11.180361231238878,-0.2428571428571453,35.53500000000002,37.16675000000002,37.88829999999999,36.677099999999975,21.468978663223265,0.365846,21.429104756215946
NVT,nVent Electric plc,162.43,USD,-3.893260753801541,748918,0.3880700526040175,26268253299.452995,USD,Electronic technology,Strong buy,150.96940474639928,141.5757099505069,131.62014131674798,-5.294151944493024,23.770335657408456,57.94437961882536,169.81000000000006,157.24850000000006,135.6076000000002,111.33555000000004,54.6240247511434,1.154027,-15.083671254783255
CW,Curtiss-Wright Corporation,710.9595,USD,-0.24701144909641642,101276,0.3869954015732626,26263671775.064335,USD,Electronic technology,Strong buy,710.0606016609884,698.1445660181759,674.810662528,-0.5859609872054715,-2.4800422473389547,28.19320230796971,732.1719000000003,722.9999749999997,708.2509900000001,604.9273475000002,52.07350032959789,3.576359,21.446361857320756
FOX,Fox Corporation,58.41,USD,0.9331259720062194,168306,0.17692911828840477,26261299722.614307,USD,Consumer services,Buy,56.83229494640466,56.64920271782597,56.709722203412184,0.34358357670502615,0.9331259720062194,-10.069284064665137,58.76400000000007,57.53399999999999,55.36969999999999,56.90612500000003,15.416083823801102,1.396507,-5.790939380376943
ROL,"Rollins, Inc.",54.49,USD,2.002995132909023,759182,0.2848563623137654,26234953583.659306,USD,Commercial services,Strong buy,54.72344173938672,55.477039668570995,56.342150662697996,1.660447761194031,-0.29277218664226273,-8.803347280334725,53.4260000000001,54.592499999999994,54.490200000000044,57.95904999999984,49.78529008679762,0.338134,11.094194072269596
FOXA,Fox Corporation,65.31,USD,0.709329221279889,466245,0.13692841757832602,26203071133.227295,USD,Consumer services,Buy,63.33285294989957,63.02562969650294,63.01061706873543,1.0208816705336374,1.1303809228863486,-10.693285929167228,65.622,64.11499999999987,61.50439999999999,63.169149999999966,17.237192852806885,1.396198,-5.790939380376943
CINF,Cincinnati Financial Corporation,168.36,USD,1.1657252734046548,91036,0.14380529575528267,26043058764.59128,USD,Finance,Buy,164.2745830046743,163.5394761357973,162.70516812508322,1.1657252734046548,3.041801823857046,3.0859662013225697,165.42799999999994,163.96150000000006,162.3381000000002,160.6094499999999,9.626897675615407,1.753008,90.77878017650458
HRSHF,HAIER SMART HOME CO LTD.,2.5,USD,-2.9126213592233077,757,0.0902694967803482,25992444652.804184,USD,Consumer durables,Strong buy,2.668394032062274,2.773070569710186,2.8875983227576407,0,-8.92531876138434,-25.428784489187173,2.605,2.6774999999999984,2.9166999999999974,3.0931580000000025,8.865025375301824,0.09291541727999998,-2.2849162378771495
P,"Everpure, Inc.",78.24,USD,-3.621581670362173,1030246,0.29552036713338364,25987618573.942345,USD,Electronic technology,Strong buy,73.47032063441321,71.6624693592319,71.00097228712868,-2.94008187569781,15.058823529411757,14.33581762384917,82.19599999999996,75.62800000000001,67.93699999999998,74.08469999999997,143.61233480176213,0.392227,78.09741745668516
CFG,"Citizens Financial Group, Inc.",61.41,USD,0.9037134406835312,963054,0.25577933265894237,25969179427.45071,USD,Finance,Strong buy,62.14231660210448,61.749981030928105,60.691569382063,0.5896805896805888,-5.697174447174459,5.046185425932253,61.16600000000002,63.62699999999999,61.64020000000002,57.07045,14.542828048405049,1.234862,34.463762578015526
XYL,Xylem Inc.,108.52,USD,0.3699593044764997,520826,0.2710928096742406,25794498917.095074,USD,Producer manufacturing,Strong buy,115.42403614331315,119.15189204507057,123.45863515714575,0.24942263279445362,-10.165562913907285,-20.375669528211898,109.32600000000002,115.63800000000006,119.75840000000012,135.58,26.960820849171448,1.337746,8.283116324114927
CFG/PI,"Citizens Financial Group, Inc. Depositary Shares, Each Representing a 1/40th Interest in a Share of 6.500% Fixed-Rate Reset Non-Cumulative Perpetual Preferred S",25.5,USD,-0.03920031360251495,3488,0.19184019184019185,25736594365.0,USD,Finance,,25.308713126589925,25.289319849479046,25.292103839691123,-0.3127443315089848,1.4319809069212388,0.39370078740158043,25.481999999999996,25.2705,25.164650000000034,25.3358205,6.038790347408057,1.234862,34.463762578015526
CFG/PH,"Citizens Financial Group, Inc. Depositary Shares Each Representing a 1/40th Interest in a Share of 7.375% Fixed-Rate Non-Cumulative Perpetual Preferred Stock, S",26.04,USD,-0.11507479861910677,9776,0.4329936175961236,25736594365.0,USD,Finance,,26.000167064197797,26.026677348833225,26.09873857549653,-0.5347593582887722,0.5017367811655693,-1.6616314199395819,26.192020000000014,26.029255000000024,25.92730199999997,26.379273500000004,6.166670613588463,1.234862,34.463762578015526
CFG/PE,"Citizens Financial Group, Inc. Depositary Shares Each Representing 1/40th Interest in a Share of 5.000% Fixed-Rate Non-Cumulative Perpetual Preferred Stock, Ser",18.92,USD,-0.4210526315789384,11280,0.4968550134785137,25736594365.0,USD,Finance,,19.11527788660458,19.202071269738227,19.31620036402331,-0.36861506055817134,-0.9424083769633492,-1.3041210224308815,19.051000000000066,19.193749999999987,19.15506799999994,19.75419699999999,4.480545622469037,1.234862,34.463762578015526
AVB,"AvalonBay Communities, Inc.",184.25,USD,1.8856447688564457,122286,0.12183176245685585,25631396636.861313,USD,Finance,Buy,178.61197791205382,177.16155157076648,177.4162011584447,1.6439565289347324,8.239095315024235,1.806829483920881,184.42200000000042,181.5579999999995,173.39619999999883,180.74150000000063,22.86916479451885,1.25324,0.3237575802856513
FE,FirstEnergy Corp.,44.2695,USD,1.0257873117298046,711554,0.14160368782447968,25606860422.605724,USD,Utilities,Buy,46.58145527747067,47.29663220896753,47.408237627106324,-0.13647642679900193,-12.337623762376237,-1.316317432010697,44.283900000000045,46.60407500000001,48.971630000000005,46.625707499999926,24.058203358513122,0.587259,-2.111926800723473
KYOCF,Kyocera Corp.,18.175,USD,-2.5469168900804178,324,0.12570807790796926,25602112136.83944,USD,Distribution services,Buy,16.919266191015367,16.253487064832186,15.359612790430983,-2.5469168900804178,16.506410256410263,28.354519774011305,17.391999999999996,16.52797,13.566114000000004,13.149679749999997,28.09858207644215,0.16611485999999998,467.2124732114064
SMECF,SMC Corp,408.5,USD,-2.1242746174820146,8,0.0023133422011451044,25561953260.42388,USD,Producer manufacturing,Strong buy,438.04725080076656,431.922180556606,420.2091435368719,-0.09085984227318997,-8.374174302152138,13.663239611012958,471.0151999999997,472.4152700000001,436.0023039999999,379.86481950000007,24.56850329010958,4.270056352704,2.035849978941864
AIVAF,Aviva Plc,8.514,USD,-0.36278525453482247,1160,1.1281851779809375,25556819015.10706,USD,Finance,Buy,8.456066323899007,8.480338684645877,8.481786471428583,0,-1.812897868807101,-2.5858123569794147,8.424799999999987,8.434525000000004,8.647769999999996,6.686687639999997,23.839209154256316,0.41068643000000005,22.463735987834752
ES,Eversource Energy (D/B/A),67.81,USD,0.9528063123418201,462258,0.19730159261991706,25501985263.373383,USD,Utilities,Buy,68.54200653799919,69.00314264539597,69.19685901621452,1.1787526111608568,-2.234717416378312,0.029502876530455847,68.15399999999997,68.37449999999998,69.3442,69.15194999999993,14.505123104237525,0.884755,101.83490199464642
SGGKF,Singapore Technologies Engineering Ltd.,8.128,USD,-4.7685998828353835,1248,0.7226404169079328,25328703111.36278,USD,Electronic technology,Buy,8.471587299064948,8.321991545173004,8.00002536982326,-6.574712643678152,-6.229810798338708,23.15151515151516,8.4398,8.498649999999992,7.518791999999999,4.457961635000001,71.0948644106876,nan,-30.11936284397501
WRB,W.R. Berkley Corporation,68.03,USD,2.3777276147479283,441697,0.29494213866354435,25325985009.75079,USD,Finance,Buy,66.87647822441203,67.25131558549302,67.98221470981099,2.316137765077465,2.5011300286273865,-2.4939085566862476,66.4999999999998,66.5705,66.59239999999998,70.72689999999993,14.44220358772954,1.093817,9.226452719936926
STZ,"Constellation Brands, Inc.",145.91,USD,2.500878117316475,854414,0.505124201230759,25125101502.705585,USD,Consumer non-durables,Buy,150.11631856763606,151.00390825039239,151.17998375819502,1.1157311157311054,-10.098582871226132,5.426300578034676,142.3839999999998,150.12150000000037,152.71920000000006,148.46345000000017,15.215441728539249,3.275606,nan
CAJFF,"Canon, Inc.",26.0,USD,-2.9307448198618635,5283,1.1770341324302647,25093067504.881588,USD,Electronic technology,Buy,26.911923007995107,27.5660121781924,28.18934975416758,-0.03844675124952542,-13.391072618254496,-13.333333333333334,26.625,26.802282500000025,28.66736299999999,30.208515250000026,11.959575282090597,0.4987224,82.29760799583988
SNMRF,Snam S.p.A.,7.484,USD,-7.787087235091174,1162,0.1195928491298128,25084471821.82376,USD,Utilities,Buy,7.033050650832542,6.620334890775482,6.181646930526181,6.035704165485976,1.5233935184557197,13.051359516616312,7.742340000000001,6.233605000000006,5.332075999999998,5.381536499999999,16.852734645894895,nan,14.332029492695831
NWWCF,New China Life Ins Co. Ltd.,6.305,USD,-6.16163119511833,5954,1.394771364317841,25044780408.8625,USD,Finance,Buy,6.723784642425753,6.739036718413443,6.550869770613987,0,-0.5567559894642261,-13.034482758620694,6.7829999999999995,6.75384999999999,6.604679999999997,4.9294090000000015,3.884376375072317,0.543197,38.359921537182984
HRNNF,Hydro One Ltd,41.74,USD,-2.65858208955224,180472,1.6596728879569982,25034891639.956596,USD,Utilities,Buy,42.3409042809995,42.00253391672161,41.29950306442032,-3.2900834105653263,-2.0417742314010736,4.821697639377201,42.84000000000001,42.705,42.565549999999945,38.716304500000035,25.41445007179065,0.4014697776,16.242273971710603
DUAVF,DASSAULT AVIATION,323.4245,USD,0.03232092045033713,117,0.23569701853344077,25033902602.329006,USD,Electronic technology,Buy,352.8743165925835,358.5523020801848,358.8255496920461,-6.78479756194709,-18.532871536523924,0.13142414860681834,331.2288799999998,354.7624500000001,372.94890000000026,346.2114839999998,21.993860263156627,6.846182599999999,20.64036367599505
HUBB,Hubbell Inc,472.745,USD,-1.5053024147342589,158390,0.24434654538661105,24980686310.411522,USD,Producer manufacturing,Buy,496.381249131086,496.4243789993832,490.0896205305713,-1.353212444963799,-10.305278336432275,5.587072566055432,480.90299999999996,513.9402500000011,505.57790000000017,466.46467500000057,27.93258294188898,5.361725,14.464553828673447
CLPHF,CLP Holdings Ltd.,9.835,USD,-0.9566968781470178,2809,0.2659735636101958,24847640566.64795,USD,Utilities,Buy,9.417501736417995,9.197889604276115,8.967058296534518,1.6012396694214992,3.5263157894736934,11.255656108597297,9.703,9.091875000000005,8.59375,8.065676000000003,18.47777118677778,nan,-11.001029259659415
NTOIF,Neste OYJ,32.23,USD,0.7187499999999902,685,1.5293592319714222,24751653988.828777,USD,Energy minerals,Buy,31.04429448693093,29.664667572147913,27.49731483589817,0,5.15497553017944,40.48470054921104,32.922000000000025,29.86385999999999,23.98241400000006,18.7782735,29.89585851429046,1.07431482946,nan
JBHT,"J.B. Hunt Transport Services, Inc.",262.34,USD,0.04957858205255157,218745,0.2151477934380538,24738451837.85622,USD,Transportation,Buy,245.74078104483203,236.55780618813793,224.71569587363646,0.5634990608348872,9.765690376569026,34.92426775014785,250.75999999999985,247.90050000000002,228.11699999999985,188.98207499999955,40.61179311732743,1.702171,17.295540383497958
WRB/PH,W.R. Berkley Corporation 4.125% Subordinated Debentures due 2061,15.8,USD,0.5089058524173032,1746,0.15715430104139477,24737787798.0,USD,Finance,,15.897810039873285,16.046895895508758,16.246793393665076,0.5089058524173032,-1.557632398753894,-3.5409035409035305,15.810000000000002,15.849245,15.974398,16.949121000000005,3.3542086827300714,1.093817,9.226452719936926
EXXRF,Exor NV,77.1104,USD,0.4146265235962039,3676,0.5447701473072705,24693051967.888218,USD,Finance,Strong buy,78.97945974677626,79.92364617979541,81.5641041498955,1.4610526315789454,-11.843603521207271,-11.265362485615658,77.62648000000004,79.2999099999999,79.09849399999989,87.79215300000004,nan,nan,nan
FSLR,"First Solar, Inc.",229.405,USD,-1.699018725628831,678578,0.27308467307855605,24650337881.52571,USD,Electronic technology,Strong buy,215.82029842266743,214.54853131369705,216.10352442800908,-2.201901351408958,19.46310472322033,-13.71210411494772,231.411,211.82175,202.05790000000016,224.40685000000002,14.820784825501015,3.232587,31.587180141120463
FUJIF,FUJIFILM Holdings Corp.,20.45,USD,9.946236559139773,591,0.29834923519612294,24622671221.920643,USD,Health technology,Strong buy,19.4129629387158,19.747184055153816,20.191408794897445,12.671555528619683,0.8382642998027522,7.068062827225118,18.682000000000023,19.135699999999982,21.27608999999999,21.406677451150014,nan,0.33657465,nan
BAP,Credicorp Ltd.,308.86,USD,-2.3552843729252912,110463,0.287353361677686,24564591938.031868,USD,Finance,Strong buy,322.81747275133296,323.67648781574627,318.47693592079213,2.2410539905326354,-9.483617607408712,6.96450216450217,318.8720000000002,322.67755,330.35382,295.5446050000003,11.866497105029604,7.191884345679999,34.10360248959235
DXCM,"DexCom, Inc.",63.53,USD,3.0829141651792935,3732680,0.6413997315203563,24514509276.82898,USD,Health technology,Strong buy,62.90830205538934,63.865742540125446,65.13432807065199,2.815989642336951,1.761973410219448,-4.652558907399062,60.53800000000001,60.644500000000015,63.14079999999999,68.07105,27.17163508831958,0.60652,75.51985586667665
CHWRF,China Tower Corporation Limited,1.4,USD,-3.448275862068969,540,0.8537549407114631,24473185716.127853,USD,Communications,Strong buy,1.3619448983979943,1.361266509676807,1.3634219470677895,0,16.666666666666664,3.039670273055118,1.3537200000000005,1.3619654499999998,1.4047461799999998,1.2035460949999994,15.103012904359437,nan,8.26064081904827
OMVJF,OMV AG,74.73,USD,5.283178360101437,100,0.40096230954290296,24437563232.594437,USD,Energy minerals,Buy,69.13237477565019,66.2928309320206,62.900566057487715,0,6.680942184154185,34.64864864864866,70.98600000000003,62.36840000000001,56.658835999999994,48.274835655,8.958404802699858,2.7821247187,147.01310667176105
FN,Fabrinet,681.415,USD,-5.626419588942441,598449,0.5797535144921183,24414920596.965347,USD,Electronic technology,Strong buy,658.6387346829291,626.3424829730778,583.2498255610235,-4.96304044630405,-0.5494906447940667,46.622842879889824,696.095,679.2902499999998,616.9181000000002,475.3914750000001,58.58963225368219,3.8076,29.62884529647794
FTAIM,FTAI Aviation Ltd. - 9.500% Fixed-Rate Reset Series D Cumulative Perpetual Redeemable Preferred Shares,26.753,USD,-0.9144478312882645,913,0.23764283297326844,24411669417.0,USD,Electronic technology,,26.974356393714004,26.99947934122915,26.9907167005448,-1.0979667282809633,-1.2075332348596683,-1.4622467771638987,26.932580000000012,26.884225000000033,26.96091799999995,26.872367000000025,5.32059186189889,1.681286,2363.5962763351295
FTAIN,FTAI Aviation Ltd. - 8.25% Fixed-Rate Reset Series C Cumulative Perpetual Redeemable Preferred Shares,25.4323,USD,-0.030267295597483562,3335,0.41519346646083366,24411669417.0,USD,Electronic technology,,25.39565891996454,25.401363466604693,25.41860016561301,0.009044435705866084,0.5229249011857737,0.08776072412436568,25.43246,25.390870000000042,25.304574000000045,25.47180800000001,5.0579332564337145,1.681286,2363.5962763351295
EQR,Equity Residential,65.12,USD,1.9411396368190388,396559,0.15404547328489476,24398624958.39449,USD,Finance,Buy,63.60266802210259,63.03361912389007,62.75255782971805,1.7659009220190696,6.727853806441045,4.492939666238775,65.148,64.64399999999999,61.98479999999998,62.44375000000001,26.264418811002663,0.417489,-3.2655768405446484
ALFVF,Alfa-Laval AB,58.95,USD,0.5972696245733812,281,0.6428734843285289,24365585720.541294,USD,Producer manufacturing,Buy,55.842916516071725,53.200926851880666,49.59659583473417,0,0.5972696245733813,7.671232876712334,57.564,48.88925,40.06681541999998,25.88236053,28.310937484781974,0.5717248615,12.687904624234895
AWK,"American Water Works Company, Inc.",124.68,USD,0.3137822833695394,431892,0.2527576197387518,24347575111.417812,USD,Utilities,Buy,128.537805089341,130.1009117278285,131.3965062097069,-0.3675883011027599,-3.714572553865165,-4.261690854641775,125.99400000000011,128.43910000000008,132.93024000000008,134.33795999999998,22.062180383274647,1.568074,2.885595688901837
AKRBF,Aker BP Asa,38.5,USD,2.6119402985074545,3385,0.48404164045072356,24332855773.924046,USD,Energy minerals,Buy,36.63093487304166,35.283915132802456,33.41944191114773,4.990455413144255,11.111111111111114,51.50620781929441,37.328799999999994,37.50619999999999,35.95436399999995,28.523102999999992,43.224282920188195,0.970805,-66.34150267965958
CMTDF,"Sumitomo Mitsui Trust Group, Inc.",34.8952,USD,2.1821376281112856,496,0.6931246506428171,24288277465.038963,USD,Finance,Buy,33.73321246527902,33.00529789374044,31.852361472349454,0,1.9433245690914573,13.739243807040427,34.19564,32.873704999999994,29.815711999999998,21.684583500000002,12.270237164822905,0.6187955291789999,18.857120331829297
RYLPF,Koninklijke Philips N.V,25.5,USD,-5.303030303030306,2340,0.6295738269479122,24276459307.074177,USD,Health technology,Buy,27.399237304912923,27.746807948619374,27.77255900600773,-0.526623756582803,-15.880451276637856,-7.2727272727272725,26.399599999999953,28.44015,27.95016,25.659486699999967,21.926139242770997,0.41970237656,nan
BG,Bunge Limited,124.605,USD,1.7599020008166606,306504,0.2099016974354114,24175626266.339115,USD,Process industries,Strong buy,123.47818108144126,121.57483346696367,117.35267497996472,0.8131067961165127,3.811547113221697,39.69170403587444,124.48899999999995,125.63175000000008,124.6870999999999,102.78452499999995,29.00016291572602,1.99279,-45.54452935883299
WTW,Willis Towers Watson Public Limited Company,255.33,USD,2.798131894677517,256872,0.2688928832342767,24115401971.254654,USD,Finance,Strong buy,267.8735681529767,277.2628803747451,287.6969844844744,2.5586439588688963,-13.649430146437142,-22.029498885394087,248.98200000000003,266.58449999999993,280.4888,313.66069999999985,14.946350486738355,3.133323,nan
EJPRF,East Japan Railway Co.,21.31,USD,-7.70097020097021,23,0.21120293847566557,24109112202.147373,USD,Transportation,Buy,23.43667647750086,23.708719930829957,23.566743670238857,-7.70097020097021,-4.116985376827908,-22.761870242841614,22.95560000000001,24.172400000000014,23.276493999999953,20.194465141649996,15.42093542322989,0.448372797024,4.565579661079551
UTHR,United Therapeutics Corporation,567.43,USD,-0.20225825741322082,61952,0.13307250961066108,24085551781.843307,USD,Health technology,Strong buy,560.7307579847625,548.1650621981416,527.7737633530663,-0.450877192982465,-1.977957435046995,15.785500030607864,574.6160000000002,573.197,561.8911999999999,470.6802250000001,20.942549437895373,7.219744,8.12927016154779
LPLA,LPL Financial Holdings Inc.,301.105,USD,0.4587462049177593,227890,0.2816448484291215,24083238965.06511,USD,Finance,Strong buy,307.507870500856,312.51030659717264,320.40284128734424,0.7040133779264275,-3.9231014677728013,-15.894807407614305,298.94099999999963,315.6444999999994,308.0943999999994,341.436275,26.88173482961495,5.357352,-22.47300664451827
SYF/PB,"Synchrony Financial Depositary Shares Each Representing a 1/40th Interest in a Share of 8.250% Fixed Rate Reset Non-Cumulative Perpetual Preferred Stock, Series",25.71,USD,0.03891050583658196,3529,0.13734296433519624,24051586793.0,USD,Finance,,25.874138121448393,25.875947558314877,25.883333196849865,-0.42602633617350666,-2.243346007604562,-2.094440213252097,25.88399999999998,26.09050000000002,25.816518000000016,25.998286999999976,2.661435581043871,2.101997,32.616723638510216
SYF/PA,"Synchrony Financial Depositary Shares, each Representing a 1/40th Interest in a Share of 5.625% Fixed Rate Non-Cumulative Perpetual Preferred Stock, Series A",19.905,USD,-0.17552657973921834,28685,0.3921587391860707,24051586793.0,USD,Finance,,19.907799542592393,19.81479490925822,19.74260523816015,-0.2755511022044074,0.03769317753486762,1.5561224489795902,20.000999999999976,20.194755000000022,19.64792800000001,19.801997999999955,2.0605163454172795,2.101997,32.616723638510216
SYF,Synchrony Financial,71.365,USD,-0.021014289717008364,1050485,0.2917896524606455,24046532522.869778,USD,Finance,Strong buy,72.49664104755075,72.58615442345307,72.8594735273211,0.5140845070422463,-6.5658549358470815,-14.747342014096287,70.93099999999995,74.22824999999996,71.05849999999998,74.24667500000005,7.387528208525703,2.101997,32.616723638510216
LYB,LyondellBasell Industries NV,74.21,USD,-1.1324273914202085,989046,0.19964678897508448,23953858489.39408,USD,Process industries,Buy,72.45966396612506,69.983991295073,66.31346162947924,-0.18829858776059255,5.8328579577866355,70.2845341899954,74.11799999999998,73.20300000000006,73.78140000000002,55.88020000000019,nan,3.193463,-177.06509973712693
NRSCF,"Nomura Holdings, Inc.",8.3,USD,5.06329113924051,100,0.0025150905432595573,23883231762.69623,USD,Finance,Buy,8.166363346360951,8.034530563838135,7.769374998935622,0,7.207439938000525,-6.214689265536712,8.235099999999997,7.774225000000001,7.080890000000002,5.340627295000002,11.069029830741998,0.18587773002599997,1.25774662262337
FTAI,FTAI Aviation Ltd.,231.78,USD,-2.601168214480816,358816,0.28590576892752423,23776680831.500862,USD,Electronic technology,Strong buy,244.44184070699632,244.6323929852985,238.36837445752957,-2.5356376939573613,-12.843363979919905,17.042872292076957,252.4,246.85199999999995,247.86729999999997,209.35227499999996,46.09601845590868,1.681286,2363.5962763351295
STRL,"Sterling Infrastructure, Inc.",774.37,USD,-8.773149238961409,285744,0.32711921607882805,23762282285.31709,USD,Industrial services,Strong buy,649.565709404558,579.2521451798277,513.1464100168625,-9.714465599459016,71.43078523831663,150.25692402158808,843.574,670.6435000000001,523.6161999999999,388.7624499999999,69.23104431709476,4.984286,30.73659357613726
LUNMF,Lundin Mining Corp.,27.79,USD,-1.6631280962491237,15688,0.24241412825635822,23747490525.72367,USD,Non-energy minerals,Buy,27.10244700373879,26.458003892057686,25.137714706061907,-2.5254296737986754,-8.885245901639347,26.60592255125285,29.313600000000008,27.124875000000014,26.28497991999999,20.43632097999998,16.569593651578238,0.295162,nan
NTAP,"NetApp, Inc.",120.325,USD,0.3293587926290303,939836,0.3978278197051412,23743782102.65509,USD,Electronic technology,Buy,112.76894137498907,110.02507478681626,108.52214789665464,0.3502773028647693,15.920038535645476,11.774268462610308,118.99900000000011,113.43474999999985,105.95150000000004,109.5094749999998,20.12729584155766,2.26762,10.629556978422587
HLAGF,Hapag-Lloyd Aktien,135.0,USD,3.6428544009826918,10,0.17953321364452424,23727638706.544056,USD,Transportation,Neutral,137.764977778246,139.84431104942993,141.40576993382476,0,-1.4598540145985401,-8.576970064713962,138.23469999999992,138.76730500000014,147.41866399999978,148.88537749999986,82.89279639445465,0.543335833,-89.55509290597855
CTSH,Cognizant Technology Solutions Corporation,50.065,USD,6.227455972841067,4959263,0.6966424974928732,23724275869.512516,USD,Technology services,Buy,54.097272044763194,57.71932688199424,61.864576364968876,4.389074228523763,-18.15432401504006,-39.67345463308832,47.388999999999996,52.20625000000017,57.51370000000009,69.62409999999991,10.869990012592817,1.376474,-3.03783078250983
ARLUF,Aristocrat Leisure Ltd.,39.31,USD,0.9242618741976879,193,0.060644147682639434,23634892212.618282,USD,Consumer services,Strong buy,35.851869166461,35.72639861981789,36.32864322517982,0,10.592207061471376,3.6109646810753944,37.082,33.73174999999999,35.771698,40.853165999999995,23.95871265930106,0.9373015144,22.574626865671636
TELNF,Telenor ASA,17.27,USD,6.60493827160494,100,0.03869370066553165,23631403176.29068,USD,Communications,Buy,17.127921907826845,17.008016354215133,16.730080553488897,0,-0.9179575444635694,13.843111404087011,16.908,17.455250000000003,15.994394000000009,14.025069500000004,13.549885121170956,0.23182148176,81.25225905198887
WRTBF,Wartsila Corp.,40.045,USD,-9.706877113866966,2000,0.8625894936599673,23627486215.716656,USD,Producer manufacturing,Buy,41.64247872629614,40.593020069595816,38.403866387818866,0,-2.5906105570420768,7.474503488996252,42.215999999999994,41.5028225,35.016774,18.173786195000012,31.468941803131532,0.33439010758,28.383384888988644
NVZMF,NOVONESIS A S,57.18,USD,-3.509956125548428,2686,3.6385803305337303,23585887782.78,USD,Process industries,Strong buy,59.052409201609365,59.256159983941444,59.76890460873364,0,-0.9012131715771284,-7.550525464834279,59.77200000000003,60.14500500000001,58.456662000000016,63.30268350000005,38.92561861610154,0.76451867394,37.98639874940684
VNNVF,VONOVIA SE,27.75,USD,-2.665731322343043,65535,9.567292953181799,23543889290.018482,USD,Finance,Buy,27.28206123502805,27.700232917210982,28.346701518221376,6.854062379668853,3.159851301115247,-3.5453597497393106,27.053999999999984,27.985874999999993,29.778420000000004,30.50789044499999,5.875600532902867,0.49264153623999996,nan
EXE,Expand Energy Corporation,98.29,USD,1.6547729858310152,600325,0.26396317139400344,23513804389.773712,USD,Energy minerals,Strong buy,99.24525956917418,101.02764773524666,102.8336168471483,1.3298969072165012,3.2349543115219124,-10.62920531005637,96.752,97.55799999999986,101.82619999999976,104.8497249999998,7.324525124261326,1.169711,nan
AER,AerCap Holdings N.V.,140.85,USD,0.7726980038634786,689669,0.5148777004111741,23504561537.939476,USD,Finance,Strong buy,141.88615260907642,141.51589039387642,140.17277208063751,-0.6419300225733611,-2.5933609958506225,-2.935703948728564,142.02599999999998,142.06850000000014,140.5158,134.48744999999997,6.1692705938005075,3.998,103.25932124924326
TERRF,Terna Rete Elettrica Nazionale SPA,11.7,USD,-3.5051546391752635,162,0.42475091767173573,23499053844.972065,USD,Utilities,Buy,11.14851885777282,10.689364784747026,10.122531329597418,-3.5051546391752635,0.5154639175257621,9.701555511799942,11.732059999999999,10.162255,8.860273999999997,7.708577269999999,nan,nan,nan
XPO,"XPO, Inc.",200.0,USD,-2.0711942417862166,245834,0.19549770147017367,23481995663.712482,USD,Transportation,Strong buy,205.05389067077186,200.15811917092353,190.44527606728377,-1.72473097145103,-11.445649767544829,47.56880395484394,200.8160000000001,211.372,203.69619999999995,160.20439999999977,68.52600561913246,1.452528,-10.196923076923074
PAAS,Pan American Silver Corp.,55.58,USD,-1.4539007092198586,9710528,1.5452887162453737,23448313053.723488,USD,Non-energy minerals,Strong buy,56.113933325640794,55.81340635322447,54.2774531870192,-1.94071983062809,-4.796163069544372,5.066162570888469,60.10200000000001,56.20749999999997,55.64399999999996,47.41870000000004,17.920402878823797,1.1271100599,268.102187123853
CHKGF,CK Asset Hldgs Ltd,6.6975,USD,-1.5797207935341653,181,0.06293244323910852,23439765300.290924,USD,Finance,Strong buy,6.165865310726822,5.873324051312053,5.5259151276557175,0,9.436274509803917,23.57011070110701,6.401700000000001,5.849174999999999,4.919638160000001,4.7967795399999975,16.822137882214232,0.2311008,-20.29467700932465
AIBRF,AIB Group PLC,11.09,USD,-0.1800180018001762,2475,0.7893981437183044,23429841679.926315,USD,Finance,Buy,10.960881392133679,10.796055237905767,10.54938972383174,-0.5826983415508696,-4.355325571366975,1.9301470588235208,11.183599999999998,11.219319999999996,10.750637999999991,9.626662500000002,10.069569676267975,0.4533126,15.062575790793185
BESVF,BE Semiconductor Industries N.V.,290.0,USD,-7.519612220167097,2,0.005543237250554323,23410126776.58518,USD,Producer manufacturing,Strong buy,277.7867727422566,257.40963990319597,232.94273716344588,-2.9938116741930054,13.50293542074364,44.27860696517413,305.42320000000007,269.64177,214.94121726,130.082712815,132.58773628718228,1.2490958952599998,-7.934851738567971
JXHGF,Eneos Holdings Inc.,8.61,USD,-5.628322463966685,100,0.04729697772312349,23241969792.478333,USD,Energy minerals,Strong buy,8.48244348609598,8.040148054143918,7.402089213327649,0,-4.333333333333339,26.246334310850425,8.756699999999999,7.521265,5.988805999999999,4.488872829999999,14.240720951155676,0.2122089,14.506959634984225
MKL,Markel Group Inc.,1854.91,USD,0.5916485900216965,15415,0.24534770457048635,23211805857.342575,USD,Finance,Buy,1873.043583103113,1903.3066039096798,1934.3967970466024,0.542031860632768,-5.752668776960873,-13.456630570187505,1839.7440000000001,1841.0930000000003,1894.1997999999994,1984.72945,13.424809818028912,29.24178,1.828667025329986
SZKMF,Suzuki Motor Co.,11.8425,USD,-0.9824414715719187,188,0.02878314654908445,23200494007.871452,USD,Consumer durables,Strong buy,11.820523462581,12.248216192242376,12.748056972178684,1.8709677419354784,-2.1280991735537214,-20.891783567134276,11.6525,11.445925,12.18097,13.746875000000005,8.259446670310167,0.39842484819299995,-0.25628895570742316
DG,Dollar General Corporation,105.235,USD,2.788630591912487,1697336,0.44634076443957876,23175515991.055042,USD,Retail trade,Buy,114.39889726492412,119.24822019329079,122.18717370407039,3.2525510204081614,-14.658178574324873,-20.747825432089464,103.47899999999997,113.36675000000005,120.5216999999999,121.31507499999992,15.365465483004323,1.894087,33.925184301609335
PPG,"PPG Industries, Inc.",103.94,USD,1.2665627435697557,309797,0.22020056214947398,23168225227.336124,USD,Process industries,Buy,106.93075086367827,107.85929160620373,108.35698960462221,1.256697515830484,-9.617391304347828,0.8832378918761492,104.86800000000012,107.71049999999987,106.54600000000009,107.47195000000016,14.891330821358473,2.247911,18.227243470307247
RF,Regions Financial Corporation,27.115,USD,1.7066766691672854,2889550,0.24686371885645308,23139387115.609528,USD,Finance,Buy,27.269368462396837,27.279657446627862,27.175461700848594,1.6685414323209475,-4.7259311314125165,0.09228497600590099,26.87100000000001,27.73674999999995,26.949900000000024,26.78402499999994,11.244505266650078,0.633025,16.40278045954817
HLMAF,Halma PLC,61.03,USD,1.9034897311738197,110000,7.345036424703361,23051134495.23451,USD,Electronic technology,Buy,58.95899134086447,57.09254142622073,54.80472556925754,-0.6592333360462295,-2.5546862525946055,26.408450704225352,61.53400000000001,61.456374999999994,56.34219999999999,49.67227800000003,49.631033964314575,0.755434426,21.542269685951993
OLCLF,"Oriental Land Co., Ltd.",14.05,USD,-1.6106442577030717,27350,1.5186429384491518,23031757495.119827,USD,Consumer services,Buy,16.486017431377878,17.79479759628328,19.378100927186935,0.3571428571428622,-16.51812240047533,-21.288515406162468,13.844000000000003,18.17220000000001,22.019896,29.101423492,30.008164185605892,0.10314485999999999,-7.1174050403013
CHD,"Church & Dwight Company, Inc.",96.71,USD,2.8282828282828247,822545,0.42518702165523153,22914816639.8101,USD,Consumer non-durables,Buy,95.43373109346778,95.33585115272878,94.7878633337239,2.6754432529992527,2.4361826077745974,15.792624521072796,94.80199999999996,94.545,95.19520000000016,91.5714999999998,31.899594287033675,0.89382,30.076800961084633
TSN,"Tyson Foods, Inc.",66.38,USD,0.8967928256573783,415208,0.16400890070846766,22909629906.681557,USD,Consumer non-durables,Buy,65.26199486849409,64.3821025410963,63.09434510898823,-0.04517391959042484,4.535433070866135,13.33447157247737,66.636,65.96450000000003,63.9959,58.979574999999905,50.940065996469954,1.064984,-50.367549038278426
INSM,Insmed Incorporated,105.69,USD,-3.1610775151181993,1288569,0.22843874846237575,22908567016.691586,USD,Health technology,Strong buy,123.61875609694269,132.13822099717765,139.5177767047546,-1.555514157973176,-26.731369150779894,-39.87712611638887,112.88800000000015,126.56099999999985,139.98199999999994,156.04367500000004,nan,-0.80036,3.4235749117201912
KEY,KeyCorp,21.125,USD,0.4039923954372664,2632658,0.2522732866921356,22904269078.19035,USD,Finance,Strong buy,21.19358080628358,21.050107405336856,20.765343015032055,0.30864197530864806,-3.4064929126657564,2.399418322830834,21.055000000000025,21.64675000000001,20.82589999999998,19.80437499999999,12.939483033198579,0.425368,nan
CGMBF,"China Minsheng Banking Corp., Ltd.",0.45675,USD,-7.838983050847458,7200,0.04866518823627219,22860246868.766644,USD,Finance,Buy,0.4522052869015096,0.4324342725574706,0.425257301302942,0,-7.838983050847458,0,0.49515000000000003,0.3976621000000004,0.4370800399999996,nan,5.251966771004589,0.0704688,-2.447668132847926
QBEIF,QBE Insurance Group Ltd.,15.2764,USD,-3.891789871028619,780,0.5040387722132472,22823317330.484028,USD,Finance,Strong buy,14.735290251250216,14.371606861882194,13.931074438673267,0,-1.4425806451612861,12.57479734708917,15.13828,14.183819999999994,12.826704,9.405774209999997,10.554382838674652,0.649629,35.15498019983362
BOUYF,Bouygues SA,59.342,USD,6.634321653189579,236,0.07855145786180269,22823016867.519646,USD,Industrial services,Buy,50.58216545139368,47.497174219117866,44.33838923520887,0,16.242899118511268,16.242899118511268,52.52040000000001,42.563750000000006,37.29487,36.26608957499995,16.352606381050396,0.9414954,20.846929795949347
KEY/PL,"KeyCorp Depositary Shares each representing a 1/40th ownership interest in a share of Fixed Rate Perpetual Non-Cumulative Preferred Stock, Series H",24.9793,USD,0.4192964824120543,7487,0.384208797750272,22812109889.0,USD,Finance,,24.929794989723955,24.937637939153078,24.960999084052684,0.6012887635924293,-0.28223552894212456,-1.6562992125984255,24.98885999999999,25.02171500000001,24.807524000000015,25.054458499999974,15.300318510351586,0.425368,nan
KEY/PI,"KeyCorp Depositary Shares Each Representing a 1/40th Ownership Interest in a Share of Fixed-to-Floating Rate Perpetual Non-Cumulative Preferred Stock, Series E",25.2095,USD,0.15693285657527514,5007,0.1605996747591967,22812109889.0,USD,Finance,,25.10530663866029,25.078786820932123,25.054770666806327,0.19674085850555773,0.03769841269840943,1.6102378073357508,25.212899999999955,25.104149999999997,25.014959999999963,25.018208999999985,15.441320592919269,0.425368,nan
KEY/PK,"KeyCorp Depositary Shares, each representing a 1/40th ownership interest in a share of Fixed Rate Perpetual Non-Cumulative Preferred Stock, Series G",21.13,USD,-0.18894662257913414,3478,0.21123723800326755,22812109889.0,USD,Finance,,21.363874509808237,21.46436033767313,21.568442385879695,-0.2360717658168117,-3.0733944954128516,-0.8446738620366012,21.28018000000005,21.3504,21.44078800000001,21.947469499999983,12.942545632733063,0.425368,nan
KEY/PJ,"KeyCorp Depositary Shares each representing a 1/40th ownership interest in a share of Fixed Rate Perpetual Non-Cumulative Preferred Stock, Series F",21.3,USD,0.2824858757062254,13545,0.24665886050708472,22812109889.0,USD,Finance,,21.41533767863824,21.484076846110753,21.571421494175187,-0.23419203747072928,-2.068965517241376,0,21.33199999999996,21.42449500000001,21.416305999999953,21.92559300000002,13.04667401690555,0.425368,nan
RF/PF,"Regions Financial Corporation Depositary Shares Each Representing a 1/40th Interest in a Share of Non-Cumulative Perpetual Preferred Stock, Series F",25.69,USD,0.23410066328522153,12009,0.5147251070468777,22751099410.0,USD,Finance,,25.607739563237967,25.558877422473522,25.529694769644674,-0.34910783553141916,0.3907776475185675,0.9430255402750569,25.730000000000008,25.675580000000004,25.414230000000003,25.555720000000015,10.653562245998176,0.633025,16.40278045954817
RF/PC,"Regions Financial Corporation Depositary Shares, each Representing a 1/40th Interest in a Share of 5.700% Fixed-to-Floating Rate Non-Cumulative Perpetual Pref",24.5,USD,0.40983606557377633,3792,0.17558888492723154,22751099410.0,USD,Finance,,24.43692993383208,24.401011814580684,24.364097737224547,-0.0815660685154958,-0.1629991850040715,3.901611535199329,24.512000000000015,24.58575000000004,24.29550000000002,24.353166499999976,10.160072986646762,0.633025,16.40278045954817
RF/PE,"Regions Financial Corporation Depositary Shares, Each Representing a 1/40th Interest in a Share of 4.45% Non-Cumulative Perpetual Preferred Stock, Series E",16.43,USD,-0.06082725060828201,10820,0.43961758957919417,22751099410.0,USD,Finance,,16.641169070181487,16.769547473321214,16.94970513043955,-0.06082725060828201,-2.5504151838671394,-5.083766608896586,16.52199999999997,16.672510000000038,16.699204,17.55073548,6.813469353902297,0.633025,16.40278045954817
FWONK,Liberty Media Corporation - Series C Liberty Formula One,91.6,USD,2.300647755193196,328072,0.16058259894746524,22747558908.648643,USD,Technology services,Strong buy,89.77749378786193,89.37624573319833,89.87577289274948,2.5526197939991055,1.7325633051976765,-6.511532965911419,90.97200000000018,89.22599999999986,87.37959999999994,93.925575,29.419321685508734,0.30184,nan
FCNCA,"First Citizens BancShares, Inc.",1948.615,USD,1.048802368815432,12111,0.2338685539388439,22719530777.225605,USD,Finance,Buy,1947.0661225018036,1949.8954058834204,1953.5760389608085,1.1201174864947632,-1.8369536744111028,-8.791067341312369,1928.5550000000003,1966.129250000001,1924.9723000000001,1941.1398250000013,11.20685242622519,40.417579,-0.41648458829477975
FWONA,Liberty Media Corporation - Series A Liberty Formula One,83.85,USD,2.168880224198856,47452,0.324229330141056,22718259097.363834,USD,Technology services,Strong buy,82.30964503649233,81.94469869893251,82.33919115622517,2.318486882245261,1.587109280348907,-6.197561248461804,83.21799999999999,81.98499999999994,80.13299999999995,85.67647499999994,26.930241521068858,0.297018,nan
NHYKF,Norsk Hydro ASA,11.56,USD,0.26019080659151034,97507,4.897781840831006,22641596342.777496,USD,Non-energy minerals,Buy,11.099368308785767,10.649714056845514,10.012667195213186,-0.0432338953739646,4.639058610545382,46.886912325285905,11.530499999999996,11.466624999999985,10.755343999999996,8.327518500000004,36.032129146372256,0.23649378896,-30.713919121245304
FCNCB,"First Citizens BancShares, Inc.",1600.01,USD,0.3141065830720997,10,0.19305019305019305,22554343826.714603,USD,Finance,Buy,1620.0158752113184,1631.4065489251802,1643.1264280711816,0.12578222778473033,-5.492616656822209,-10.862952646239554,1614.9959999999978,1631.9450000000015,1627.6114999999988,1658.245234999999,9.201959314941416,40.143234,-0.41648458829477975
FCNCO,"First Citizens BancShares, Inc. - 5.625% Non-Cumulative Perpetual Preferred Stock, Series C",21.32,USD,-0.14004749436766153,3353,0.2944870409892938,22483720979.0,USD,Finance,,21.55334800446372,21.66508619871533,21.799410267922163,0,-1.3419713095788948,0.3766478342749616,21.377959999999987,21.556739999999998,21.64765400000004,22.23696900000009,0.12261534152570981,40.417579,-0.41648458829477975
FCNCP,"First Citizens BancShares, Inc. - Depositary Shares Each Representing a 1/40th Interest in a Share of 5.375% Non-Cumulative Perpetual Preferred Stock, Series A",20.69,USD,0.43689320388349445,3515,0.5845862160723789,22483720979.0,USD,Finance,,21.047488272661592,21.126114675261793,21.1978937939976,0.04835589941973677,-3.1367041198501786,1.8208661417322882,20.833620000000035,21.21641000000003,21.274363999999988,21.543990499999982,0.11899209269075686,40.417579,-0.41648458829477975
BABWF,International Consolidated Airlines Group SA,5.026,USD,-7.7798165137614745,6450,1.0173822518060507,22427481881.66693,USD,Transportation,Strong buy,5.169002729366936,5.20282380948449,5.175636133539976,-6.925925925925935,-3.900573613766742,-10.3140613847252,5.221200000000001,5.317375000000001,5.1126999999999985,3.192634,6.236544153442116,nan,46.96536178894944
KUBTF,Kubota Corp.,19.7,USD,11.362351611079694,140,0.13886133703630232,22422207177.732796,USD,Producer manufacturing,Strong buy,17.158589921603323,16.799873784923903,16.135282249053304,12.738926404944484,13.872832369942188,27.922077922077914,17.502800000000008,17.647149999999996,14.746817999999994,14.091380999999997,16.29741295225835,0.35748433596299994,6.047915657404658
CPAY,"Corpay, Inc.",342.625,USD,4.385644212899485,209447,0.366099200408317,22394627078.40234,USD,Commercial services,Strong buy,325.40996888232877,321.57302683020816,318.56937641699227,4.382464050694611,3.004840212849113,13.583623404607996,333.92300000000046,320.64475000000016,311.92030000000045,308.39202499999936,20.48126871783223,6.559856,17.324402987691553
CAOVF,China Overseas Land & Investment Ltd.,2.045,USD,-2.6190476190476266,218,0.08583690987124463,22382287658.98455,USD,Finance,Strong buy,1.7945993441024288,1.7460277859760047,1.721488731222879,0,29.841269841269842,39.115646258503396,1.9039999999999992,1.6983749999999997,1.7159500000000005,2.0722030000000022,12.702962278624947,0.0704688,-19.213648145139434
FIS,"Fidelity National Information Services, Inc.",43.1996,USD,3.348325358851674,1795217,0.21497435995199718,22328972137.683327,USD,Technology services,Strong buy,45.05751721612819,47.09712477931372,50.391369941896066,3.422552070864241,-11.639190018408682,-35.03819548872181,42.48392000000002,45.17847999999999,46.922592000000016,59.52864800000006,8.355014021854753,1.476842,223.4392593519329
TEAM,Atlassian Corporation,87.955,USD,0.5659730162359988,2993334,0.3856938321037241,22320152229.279556,USD,Technology services,Strong buy,82.89721176526551,85.4000424218998,95.06148926248346,2.511655011655013,25.443913570562657,-45.75366966818798,84.3790000000001,80.93874999999996,73.95190000000001,128.40707500000005,nan,1.492031,49.81487101669196
HLDVF,"Henderson Land Development Co., Ltd.",4.61,USD,-1.2847965738757947,272,0.12721575230344698,22318795727.994392,USD,Finance,Buy,4.156755111768138,4.028869495543304,3.88841804805126,0,22.119205298013256,10.419161676646718,4.51,3.9955500000000006,3.65512,3.4469294999999995,31.399647672795027,0.1034208,-12.275409723381062
NNGPF,NN Group NV,88.566,USD,1.2055627292569013,683,1.2200785994998216,22306160560.117455,USD,Finance,Strong buy,85.69156389644263,83.83488817529378,81.30193384769326,0,2.8641114982578495,15.132921676958084,87.2894,81.91024999999999,79.62810800000008,59.4547315,18.08142273510853,4.1379304,-15.193361973678785
CMS,CMS Energy Corporation,72.1,USD,0.6420993858179701,560749,0.251608626671226,22273101974.43607,USD,Utilities,Buy,74.2660202099783,74.66684070935179,74.54001066879272,-0.16615895873719821,-6.991744066047475,3.1325990559290484,72.62399999999988,74.52349999999994,76.24879999999996,73.60394999999995,19.954058616776905,0.783086,6.908692822060485
VRSK,"Verisk Analytics, Inc.",169.94,USD,4.546293448169785,715546,0.406264946522959,22265853707.026882,USD,Technology services,Buy,175.37983695478655,181.5745108709929,191.2444561725686,3.856261076819656,-4.902070509233347,-23.429755789853115,163.4239999999996,174.1689999999995,182.70380000000026,217.94607499999984,25.882603795424775,1.935066,-3.8513355201499517
BCE,"BCE, Inc.",23.8451,USD,0.23160992013450815,638626,0.20770840670265237,22236172209.237312,USD,Communications,Buy,24.12482086317413,24.300101810747655,24.361106929818746,0.48504003371259247,-1.5478943022295635,0.16845200588111287,24.137020000000195,23.980255000000035,24.582302000000023,24.233925499999895,4.915663272370161,0.4906458696,1551.9721373615198
NI,NiSource Inc,46.29,USD,-0.021598272138224645,875079,0.18594151122633673,22193242030.68402,USD,Utilities,Strong buy,46.86129725466327,46.59738238162148,45.94466033954647,-0.8779443254818066,-4.684443529290639,10.84770114942529,46.849999999999966,47.50600000000003,47.15819999999995,44.03070000000012,23.033288550529928,0.235255,8.281249999999996
BCEFF,BCE Inc.,15.45,USD,0.5204944697462595,1000,1.6711229946524064,22179351543.9831,USD,Communications,,14.713279130621181,14.185541776653496,13.645874309360966,-0.0006472450016604636,2.3178807947019844,1.980198019801973,15.24402,13.199100000000005,12.357413999999997,nan,3.1850148482547356,0.4906458696,1551.9721373615198
L,Loews Corporation,107.63,USD,1.7296786389413972,163077,0.20471968654263414,22146904668.33724,USD,Finance,,107.77540063683409,107.68509019971557,106.86678984256457,1.061032863849761,-1.6358983732407295,2.5047619047619003,105.41999999999993,108.0280000000002,108.10359999999997,103.8134499999999,13.672857542112348,nan,29.317255881193326
CMS/PC,"CMS Energy Corporation Depositary Shares, each representing a 1/1,000th interest in a share of 4.200% Cumulative Redeemable Perpetual Preferred Stock, Series C",16.92,USD,0.4750593824228138,11483,0.8490705550051019,22130998966.0,USD,Utilities,,17.10218367044652,17.199922398051335,17.349781296822837,-0.23584905660376854,-2.9259896729776136,-3.092783505154634,17.060000000000002,17.196355,17.088842000000035,17.95367544999998,4.682700024907979,0.783086,6.908692822060485
GNENF,Ganfeng Lithium Group Co. Ltd.,9.36,USD,0.15837007233659267,1692,0.05677623719850207,22088766007.37705,USD,Process industries,Buy,9.660243283443114,9.313572061099658,8.718982235800505,1.6617790811339055,-12.52336448598131,43.778801843317964,9.896780000000007,10.343869999999999,9.444308000000001,6.965813999999999,83.18660584730384,0.22979437823999999,nan
TNABF,Tenaga Nasional Berhad,3.785,USD,2.2972972972972965,3794,1.3360095781393055,22063302752.182945,USD,Utilities,Strong buy,3.7053076998705037,3.626426017899482,3.542556053795844,3.6986301369863077,1.7473118279569877,18.466353677621292,3.771000000000001,3.7119999999999997,3.576899999999999,3.352630000000001,18.793427216060365,0.05221557720000001,11.500377822032174
DRI,"Darden Restaurants, Inc.",192.525,USD,-1.717800806575109,321632,0.34645591259321656,22050851510.88583,USD,Consumer services,Strong buy,196.55977815896532,197.67010764416702,198.01644022026272,-0.7244882173980308,-3.0881908788885486,4.326975181532466,194.99099999999981,196.56724999999943,197.80249999999992,196.15872500000012,20.371075770561532,3.632782,6.63800690542279
CLNXF,Cellnex Telecom SA,32.7,USD,-3.0967550748258845,127,0.0744169694128677,22034551641.763226,USD,Industrial services,Strong buy,33.27892734415755,33.23330706242019,33.21378185223531,0,-3.851808291678904,-0.022930520522816734,33.24650000000001,33.244175000000006,33.17176000000001,34.298591,nan,-0.058117,-911.1052053044277
PFG,Principal Financial Group Inc,101.56,USD,1.024569780165126,261554,0.25224572900649395,21938218076.14165,USD,Finance,Buy,98.10641384900313,96.12516041054243,93.84807741099812,1.0647825654294034,7.232604793580413,15.0039633110633,100.82399999999998,99.88250000000005,93.93399999999995,87.67629999999996,14.519357236804485,2.311935,49.93890806199224
AKAM,"Akamai Technologies, Inc.",150.45,USD,-0.28499469777306924,1219371,0.14654955035175432,21873242001.501854,USD,Technology services,Buy,127.07778468853472,118.76190442451816,110.75284236790397,-1.4799292777159447,54.19698677872297,72.33676975945016,153.54000000000013,120.7725,112.61740000000036,91.66562499999996,50.675334298898576,1.579465,0.14842300556586133
TROW,"T. Rowe Price Group, Inc.",102.03,USD,0.019605920988134518,372388,0.1960793708956077,21861623372.42623,USD,Finance,Buy,99.73651238135815,98.62253636314607,98.52186717024512,0.7106899615042926,6.005194805194806,-0.4293939689665246,102.46,102.30600000000015,95.27219999999987,101.13790000000009,10.935691318327974,2.288716,5.875944713011499
AMKAF,A.P. Moeller-Maersk A/S,2277.48,USD,-0.9584608961870288,2,0.36363636363636365,21806354012.04,USD,Transportation,Neutral,2359.516370201707,2376.33977567504,2352.22101102631,2.956028009710268,-5.889256198347106,-4.793993712795125,2264.4775999999997,2403.2475,2420.0591399999994,1994.696116499999,21.511130570630087,9.0596969472,-76.56680905685313
BMBLF,"Brambles, Ltd.",16.074,USD,-0.40892193308549535,712,1.3482295019882597,21645927287.935658,USD,Transportation,Buy,16.348372364827995,16.340464599590657,16.270749016009834,-2.864394488759951,-1.7601760176017403,5.334207077326355,16.15292,16.276234999999996,16.505477999999997,15.71164950000001,23.041531629694894,0.346193,24.59625339582942
