Symbol,Description,Price,Price - Currency,Price Change % 1 day,Volume 1 day,Relative Volume 1 day,Market capitalization,Market capitalization - Currency,Sector,Analyst Rating,Exponential Moving Average (8) 1 week,Exponential Moving Average (13) 1 week,Exponential Moving Average (21) 1 week,Change from Open % 1 week,Performance % 1 month,Performance % YTD,SMA 5,SMA 20,SMA 50,SMA 200,PE Ratio TTM,EPS Forecast Next Qtr,EPS Growth YoY TTM
NVDA,NVIDIA Corporation,208.8,USD,-1.5373007639347311,48118547,0.41331276500245073,5052959941826.269,USD,Electronic technology,Strong buy,204.8334219510822,203.360675247305,200.07612603179487,1.4232282508379106,3.2444477419993114,9.953011826059466,206.8338599999999,202.77396499999995,209.4625859999998,192.80014650000004,31.976477074336124,2.079754,110.33338701884364
AAPL,Apple Inc.,321.18,USD,-1.4452729448586883,13483667,0.3015630168600279,4717285355143.116,USD,Electronic technology,Buy,310.7120435637279,302.97615214880307,293.6105288076709,-3.6955967676646493,7.945875820903548,17.970285210556284,327.0280000000003,311.46799999999985,305.4574,275.59664999999984,38.853202685538015,1.891523,29.004822172630675
GOOGL,Alphabet Inc.,320.82,USD,-6.217662018766986,40400007,1.4618915127312064,3904844409238.952,USD,Technology services,Strong buy,348.69166321435887,349.9458286932695,344.0234301274239,-8.567031463748291,-5.83228154627374,1.2369832754812295,341.7639999999998,353.5469999999999,366.11859999999973,323.5710500000002,16.11545339468344,3.031129,112.04239228843795
GOOG,Alphabet Inc.,320.25,USD,-6.335000438711949,25816373,1.4560235275925235,3899958752909.903,USD,Technology services,Strong buy,346.94245761261044,348.071536166637,342.3119966417178,-8.544421281092045,-5.837903000543955,0.8375578576151721,341.16800000000006,351.5960000000001,363.6819999999999,322.839,16.086821113544577,3.030005,112.04239228843795
MSFT,Microsoft Corporation,380.525,USD,-2.514474560639442,14736595,0.5240804832213887,2826705038348.415,USD,Technology services,Strong buy,391.005820310695,396.0870806606314,404.2766191403547,-2.7988554201476816,2.1872818089048773,-21.44162185038761,392.94499999999994,385.3957499999996,399.6795000000002,436.8493250000005,22.663652985985788,4.236637,29.74746147782946
AMZN,"Amazon.com, Inc.",233.94,USD,-4.455789258729833,22890525,0.6628755111245872,2516518229918.2456,USD,Retail trade,Strong buy,243.18689341222378,243.58249302359005,241.54647660681763,-5.95754944524843,0.5977209202322022,1.1238869196853092,244.71200000000016,243.5949999999998,249.90300000000028,234.53355000000013,27.957503256569908,1.814544,36.47513577870922
AVGO,Broadcom Inc.,389.43,USD,-1.8598321614878646,5450036,0.3153966769018674,1852744398425.453,USD,Electronic technology,Strong buy,386.3714850708241,385.9006759107905,379.9921212898091,2.817087337628054,3.060616886983446,10.390475515555249,384.345,381.09924999999964,400.0336999999995,364.68140000000017,64.82936573997004,3.212946,125.81008946695735
META,"Meta Platforms, Inc.",602.2,USD,-3.9813766602356484,6584892,0.38595329683372437,1528638364917.0562,USD,Technology services,Strong buy,611.6704025951107,611.6213383706835,616.7356859620153,-6.8810886036802215,7.106332648578474,-9.132747368818134,633.0079999999998,618.1580000000005,606.1519000000001,638.6539750000004,21.892927515578084,7.192308,7.29342195593833
TSLA,"Tesla, Inc.",326.16,USD,-12.793775567498185,64847915,1.9307231405751424,1224966852062.575,USD,Consumer durables,Buy,380.633672242291,387.9289200847905,393.3061172414857,-15.51244025955523,-16.925192939558336,-28.754914809960678,365.9019999999995,392.15150000000017,405.0957999999995,415.4414750000003,301.5532544378699,0.487263,-37.36391012277044
MU,"Micron Technology, Inc.",990.34,USD,3.216325509651062,21106196,0.5264762801839337,1118483106616.8245,USD,Electronic technology,Strong buy,937.5677202197257,871.5334055779896,767.8901284359565,11.830798242939574,-8.301851851851849,235.5662854722575,927.01,990.441,952.3035999999997,498.41095000000024,22.420034365583707,31.159531,697.287150515315
LLY,Eli Lilly and Company,1186.0,USD,1.9767671817095305,728550,0.3342785786046293,1116905302713.8528,USD,Health technology,Strong buy,1155.8652266112376,1122.3693716761632,1083.9674585048622,0.5382952570677666,6.1772605192479855,10.182088442958,1170.0859999999996,1186.922,1125.2993999999997,1014.3692499999996,42.69104783845074,6.017219,130.14091274344932
BRK.A,Berkshire Hathaway Inc.,733456.02,USD,0.09635073222312332,63,0.4452296819787986,1055884135892.7239,USD,Finance,Buy,736594.0211070401,734327.4652863777,733203.243726766,-0.3456494565217366,-0.35931620520255203,-2.2058639999999974,734386.4079999996,742548.604,732744.0792000007,735207.39025,14.555657593492963,7492.433283,-10.480948284775364
BRK.B,Berkshire Hathaway Inc. New,489.5,USD,0.02247696111486006,1035284,0.27963942082709775,1055104850896.6846,USD,Finance,Buy,491.4702674671882,489.8487722391191,488.9583008866603,-0.2018389773491833,-0.3096227491241014,-2.3075694666240825,490.12,495.24599999999907,488.77279999999996,490.1118500000008,14.571401355036137,4.997453,-10.480916050876308
JPM/PC,"J P Morgan Chase & Co Depositary Shares, each representing a 1/400th interest in a share of 6.00% Non-Cumulative Preferred Stock, Series EE",25.125,USD,-0.376685170499599,50791,0.6172563441011799,933032667678.0,USD,Finance,,25.23553289104155,25.22558207475633,25.218620503572215,-0.7701421800947879,-0.5344418052256593,-0.13910969793322792,25.244999999999976,25.267249999999997,25.209500000000013,25.246411999999946,1.0763398020819945,5.766662,19.772185022704537
JPM/PK,"J P Morgan Chase & Co Depositary Shares, each representing a 1/400th interest in a share of 4.55% Non-Cumulative Preferred Stock, Series JJ",18.2,USD,-0.8174386920981042,74317,0.6627044283141018,933032667678.0,USD,Finance,,18.390763182079368,18.50274594868479,18.67556044418304,-1.1406844106463925,-0.7633587786259574,-6.522855675398047,18.351999999999986,18.37349999999997,18.39759999999997,19.196379999999976,0.7796769909608876,5.766662,19.772185022704537
JPM/PL,"J P Morgan Chase & Co Depositary Shares, each representing a 1/400th interest in a share of 4.625% Non-Cumulative Preferred Stock, Series LL",18.55,USD,-0.3224073078989722,115827,0.6944385322344018,933032667678.0,USD,Finance,,18.71932935008572,18.826499804054116,18.995931207118893,-1.0138740661686112,-0.5361930294906052,-5.837563451776643,18.668000000000045,18.67900000000001,18.705601999999956,19.501336999999996,0.7946707792485971,5.766662,19.772185022704537
JPM/PJ,"J P Morgan Chase & Co Depositary Shares, each representing a 1/400th interest in a share of JPMorgan Chase & Co. 4.75% Non-Cumulative Preferred Stock, Series GG",19.155,USD,-0.6998444790046554,20479,0.27772315562071037,933032667678.0,USD,Finance,,19.283621746580657,19.378258533511904,19.542146350683485,-0.8540372670807409,-0.2343749999999904,-5.593888615081311,19.314999999999955,19.273250000000033,19.258408000000053,20.06438700000008,0.8205886132887804,5.766662,19.772185022704537
JPM/PD,"J P Morgan Chase & Co Depositary Shares, each representing a 1/400th interest in a share of 5.75% Non-Cumulative Preferred Stock, Series DD",23.8617,USD,-0.49332777314429277,63401,0.6691857488904251,933032667678.0,USD,Finance,,24.031415105667215,24.126784872755334,24.26933328184252,-0.9476961394769648,-0.7003745318352148,-4.400240384615392,24.01434,23.993084999999933,24.01923400000003,24.68656900000001,1.0222207942423853,5.766662,19.772185022704537
JPM/PM,"J P Morgan Chase & Co Depositary Shares, each representing a 1/400th interest in a share of 4.20% Non-Cumulative Preferred Stock, Series MM",17.0,USD,-0.8746355685131112,77707,0.591496312805617,933032667678.0,USD,Finance,,17.2036334629116,17.3284739392476,17.516081147105663,-1.220220801859389,-0.7589025102159895,-7.306434023991276,17.158000000000033,17.16299999999999,17.22120000000003,18.069075999999985,0.7282697168315984,5.766662,19.772185022704537
JPM,JP Morgan Chase & Co.,347.75,USD,-0.1321041900002813,2144661,0.254866445806918,931800092429.926,USD,Finance,Buy,332.0059250846389,325.23340570518616,319.02130323869227,1.740784084259798,5.548304853249149,7.829457364341085,344.2319999999998,337.87850000000014,321.3473999999998,310.44910000000044,14.89739964871696,5.766662,19.772185022704537
AMD,"Advanced Micro Devices, Inc.",542.0,USD,-1.8702587221407565,9891026,0.41535410467376327,883785544924.078,USD,Electronic technology,Strong buy,508.5465842756399,474.2338940657527,424.1393465592766,4.836603835627036,6.466567140724448,147.60164458656922,527.6180000000004,533.70575,507.05380000000014,304.0968000000001,177.88571991204176,1.612661,123.34701656648583
WMT,Walmart Inc.,108.23,USD,-1.0061282356169343,8403147,0.46316561951159674,861302915587.6666,USD,Retail trade,Strong buy,114.78785543950146,117.03040529591664,118.26625921985918,-5.028080028080019,-9.589842118452921,-2.867399596140896,110.87799999999997,112.58700000000006,118.08000000000014,117.72249999999998,38.126607249797445,0.742268,21.780351780351772
ASMLF,ASML Holding N.V.,1794.008,USD,-1.429215063570727,97,0.01402301509281212,685283780583.3599,USD,Electronic technology,Strong buy,1753.3068970755362,1699.1144388912785,1610.6846541861703,0.6228041442500573,1.4205599023110629,59.46737777777778,1772.2596000000012,1799.5337799999986,1734.9242920000002,1371.8407365,57.02652543879843,11.75046694663,11.202880168603903
V,Visa Inc.,350.38,USD,-0.8601663742855583,1478769,0.2231953624621965,660159694830.6855,USD,Finance,Strong buy,343.93239158584333,337.9799088045929,333.47802201604253,-1.8818258190982995,6.556778784745454,0.14576842827335607,355.7500000000001,351.5825000000003,335.8516000000005,329.8031499999997,30.80290815743435,3.23201,15.69616648189022
XOM,ExxonMobil Holdings Corporation,157.555,USD,2.010359339592113,6166330,0.4557872817554715,652979683863.4324,USD,Energy minerals,Buy,146.51463945398842,146.4513940571744,145.3604535745671,7.5460750853242375,12.975046608346478,31.197435256890667,151.88699999999997,142.76675000000017,146.4489000000001,137.88092499999993,26.586625267882756,3.612313,-21.597914957796423
JNJ,Johnson & Johnson,258.78,USD,1.2322497359464764,2544950,0.3195845765930377,622939637773.04,USD,Health technology,Strong buy,249.95390432118595,245.2571943185611,239.39328558364008,2.6864013332804184,9.820064505177385,25.123295619379164,253.3760000000005,255.529,241.13820000000007,224.25997500000022,29.99374116228934,3.049391,-7.724064171122985
INTC,Intel Corporation,101.37,USD,-1.2180861430520364,41337745,0.44474497317271183,509485633635.8554,USD,Electronic technology,Buy,108.40420622887389,104.37859185245217,94.68544477245933,3.8839926214388263,-21.86078779002543,168.38760921366162,100.308,112.87550000000006,115.85580000000003,65.48640000000005,nan,0.217338,85.99601994499474
TCTZF,Tencent Holding Ltd.,55.979,USD,-4.817044140651565,3342,0.48870366308400964,504358278245.5155,USD,Technology services,Strong buy,57.480456873294976,58.48213197450823,60.68635825047793,-8.080459770114942,3.664814814814813,-29.850877192982455,59.453199999999946,57.783650000000065,57.783279000000014,69.79533442500002,15.739436417317812,1.07700480954,20.382521282675853
MA,Mastercard Incorporated,527.8,USD,-0.7857438249558374,706551,0.2763701022069226,466355554680.6861,USD,Finance,Strong buy,519.7247494753963,515.0879766619028,515.2460150086625,-2.259259259259268,7.972096638913318,-7.518704771249861,537.824,527.9560000000001,506.3259999999993,528.1718,30.545749175299495,4.768219,21.205106621773286
ABBV,AbbVie Inc.,257.35,USD,1.5988945913936088,1055879,0.21094986425738577,454684144571.26575,USD,Health technology,Strong buy,244.34710731531618,237.12389764656015,230.97162586262303,1.6791781904385732,10.464866721037053,12.507650607676844,254.9240000000002,252.0304999999998,232.27359999999996,223.8641499999997,126.9297163995068,3.604838,-13.546819034623924
AMAT,"Applied Materials, Inc.",564.58,USD,1.9244656268053297,2264436,0.33033318044263765,448253590783.7665,USD,Producer manufacturing,Strong buy,552.2192767158474,522.1737145921792,478.2224086867241,3.4730495024100665,-2.980624650942976,111.38984573910442,547.682,596.2620000000001,535.4201999999999,365.11094999999995,53.04707319364841,3.39777,29.538345443701996
CSCO,"Cisco Systems, Inc.",112.85,USD,0.5703591480260232,4456256,0.2298778841317464,444790915181.66693,USD,Electronic technology,Strong buy,113.94709424562551,110.59287207942639,104.58849098134509,0.5121353818748506,-4.800067487767851,47.23726270467741,111.97600000000007,114.72300000000007,117.32739999999993,88.14715000000004,36.79011540718523,1.166793,25.71311475409837
BAC/PO,"Bank of America Corporation Depositary shares, each representing 1/1,000th interest in a share of 4.375% Non-Cumulative Preferred Stock, Series NN",17.0534,USD,-0.6790914385556308,35749,0.38079787641990986,437291888680.0,USD,Finance,,17.366557538770277,17.445488378945495,17.557622124907596,-0.9099360836722892,-1.8226827864133626,-6.145294441386911,17.178680000000032,17.441419999999958,17.42151444000003,17.90201610999995,3.9218545178575535,1.178003,27.340615573842513
BAC/PM,"Bank of America Corporation Depositary Shares, each representing a 1/1,000th interest in a share of 5.375% Non-Cumulative Preferred Stock, Series KK",21.0304,USD,-0.518448438978242,30126,0.3697848261301845,437291888680.0,USD,Finance,,21.344327602764718,21.481991107899816,21.663996627093745,-1.2193518083607278,-1.0799623706491126,-4.624036281179141,21.194080000000035,21.33651999999995,21.433305999999984,22.158177500000082,4.836464825334039,1.178003,27.340615573842513
BAC/PE,Bank of America Corporation Depositary Sh repstg 1/1000th Perp Pfd Ser E,18.6548,USD,-0.5607675906183367,3581,0.22446203701962553,437291888680.0,USD,Finance,,18.77448695770567,18.90094781652714,19.109991557268348,-0.7723404255319102,0.025737265415565813,-1.0355437665782483,18.732960000000027,18.68953499999989,18.88588600000007,19.688036499999953,4.290136375135111,1.178003,27.340615573842513
BAC/PS,"Bank of America Corporation Depositary shares, each representing 1/1,000th interest in a share of 4.750% Non-Cumulative Preferred Stock, Series SS",18.71,USD,-1.0052910052909934,29642,0.6192989273730878,437291888680.0,USD,Finance,,18.93047396299648,19.009607623879834,19.135062215197355,-1.1621764395139929,-1.0576414595452104,-5.121703853955365,18.900000000000027,18.97500000000002,18.937300000000025,19.548943499999996,4.302830991421935,1.178003,27.340615573842513
BAC/PL,Bank of America Corporation Non Cumulative Perpetual Conv Pfd Ser L,1278.8832,USD,-0.3721234594830479,1617,0.1287492137300646,437291888680.0,USD,Finance,,1256.9165687280074,1247.1621141445023,1240.863564070179,-0.3208729540140306,2.5543250763814838,2.24521905980173,1280.818639999998,1267.305164999999,1237.246015999998,1240.895764499994,294.1110778925097,1.178003,27.340615573842513
BAC/PB,"Bank of America Corporation Depositary Shares, each representing a 1/1,000th interest in a share of 6.000% Non-Cumulative Preferred Stock, Series GG",24.85,USD,-0.5204163330664492,34573,0.4340969445089681,437291888680.0,USD,Finance,,24.975009273792143,24.98781837493156,25.01232604340488,-0.6397441023590569,-0.5999999999999943,-1.0354440461967265,24.969340000000017,24.998549999999938,24.95061999999993,25.139293999999918,5.714877078398455,1.178003,27.340615573842513
BACRP,Bank of America Corp.,188.0,USD,-0.407903798273036,10,0.8771929824561403,437291888680.0,USD,Finance,,193.82179346129954,198.69512285416434,204.54298549922945,0,1.610636687925624,-23.26530612244898,195.06200000000018,194.97099999999995,215.12880000000004,217.00012499999985,43.23528735367845,1.178003,27.340615573842513
BAC/PQ,"Bank of America Corporation Depositary shares, each representing 1/1,000th interest in a share of 4.250% Non-Cumulative Preferred Stock, Series QQ",16.72,USD,-0.8303677342823285,38058,0.43441783695119907,437291888680.0,USD,Finance,,16.91145640170165,16.973543764838173,17.074170951916948,-1.298701298701313,-1.065088757396448,-5.322763306908274,16.853999999999996,16.960999999999956,16.91055200000001,17.408908354999998,3.8451808752845937,1.178003,27.340615573842513
BML/PJ,Bank of America Corporation Depositary Shares (Each representing a 1/1200th interest in a Share of Floating Rate Non-Cumulative Pref,19.81,USD,-0.4022121669180585,6940,0.9108926485450656,437291888680.0,USD,Finance,,19.948343380473,19.972861605159853,20.03339976333035,-0.4522613065326626,-0.4522613065326626,-0.20151133501260804,19.902000000000033,19.991829999999915,20.028842000000044,20.21114699999996,4.5558034174275,1.178003,27.340615573842513
BML/PH,Bank of America Corporation Depositary Shares (Each representing a 1/1200th interest in a Share of Floating Rate Non-Cumulative Pref,18.6618,USD,-0.3108974358974325,1503,0.1267605633802817,437291888680.0,USD,Finance,,18.87764534598256,18.989990079933175,19.11280886135378,-0.7351063829787299,-2.294240837696345,0.656957928802591,18.710359999999973,18.705564999999993,19.06905400000001,19.357144500000057,4.291746199664236,1.178003,27.340615573842513
BML/PG,"Bank of America Corporation Depositary Shares (Each representing a 1/1200th interest in a share of Floating Rate Non-Cumulative Preferred Stock , Series 1)",18.75,USD,-0.05330490405118103,1561,0.35720823798627005,437291888680.0,USD,Finance,,18.91647297519678,18.999691672081713,19.117468586166897,-0.47770700636942603,-0.21712753049365027,1.2965964343597969,18.84421999999996,18.819255000000023,19.04709600000006,19.41579050000013,4.312029988731228,1.178003,27.340615573842513
BML/PL,Bank of America Corporation Depositary Shares (Each representing a 1/1200th Interest in a Share of Floating Rate Non-Cumulative Pref,19.25,USD,-0.20736132711248909,4604,0.34543817527010806,437291888680.0,USD,Finance,,19.358884140411003,19.41551568189257,19.495557085820394,-0.156119522201653,-0.3623188405797116,-0.41386445938954114,19.316019999999945,19.262459999999965,19.445557999999963,19.6462535,4.427017455097395,1.178003,27.340615573842513
BAC/PN,"Bank of America Corporation Depositary shares, each representing 1/1,000th interest in a share of 5.000% Non-Cumulative Preferred Stock, Series LL",19.5206,USD,-0.5573102394294309,45512,0.5125923690052361,437291888680.0,USD,Finance,,19.864639280176235,20.0093697838012,20.1940691107182,-1.4111111111111059,-1.5105953582240088,-6.286125780124804,19.674119999999995,19.852529999999906,19.936611999999972,20.67477821999996,4.489248671894764,1.178003,27.340615573842513
BAC/PK,"Bank of America Corporation Depositary Shares, each representing a 1/1,000th interest in a share of 5.875% Non- Cumulative Preferred Stock, Series HH",24.0,USD,-0.5799502899751474,26093,0.4984745642908587,437291888680.0,USD,Finance,,24.351254303148668,24.449675593584217,24.546909424273863,-1.2751953928424464,-1.960784313725492,-2.399349328995526,24.196000000000005,24.321009999999948,24.450482540000063,24.76980363499993,5.519398385575972,1.178003,27.340615573842513
BAC/PP,"Bank of America Corporation Depositary Shares, each representing a 1/1,000th interest in a share of 4.125% Non-Cumulative Preferred Stock, Series PP",16.17,USD,-0.7975460122699325,16616,0.27989414691747533,437291888680.0,USD,Finance,,16.52299822377492,16.599463867877095,16.69590836703402,-1.3422818791946238,-2.8828828828828645,-6.315179606025491,16.305999999999983,16.58856499999999,16.582676000000006,16.978447000000003,3.718694662281812,1.178003,27.340615573842513
BAC,Bank of America Corporation,60.965,USD,-1.0629665692956736,10418691,0.29888070117753623,432643622093.08997,USD,Finance,Strong buy,58.25569213277086,56.684440298409974,55.220343629516,-0.6275468622656855,5.989221140472878,10.785026349264042,61.09899999999989,59.68475000000002,55.84249999999998,53.19522500000009,14.020421774026632,1.178003,27.340615573842513
CAT,"Caterpillar, Inc.",905.485,USD,1.8188258312624475,841678,0.345343507604177,417099914464.54803,USD,Producer manufacturing,Buy,918.5476051128869,898.1224768241162,855.0014998166511,1.7398876404494397,-8.095914742451154,56.76950778233695,885.8689999999993,947.1027500000004,927.0491000000005,728.0281900000002,45.0476602688477,6.216453,-2.04958774340682
COST,Costco Wholesale Corporation,920.9816,USD,-0.6824470781076435,592823,0.29358852885960335,408435832871.83374,USD,Retail trade,Buy,947.4393236115299,958.7276657733665,965.1944882346527,-1.892772303595211,-4.512016588906173,6.949113965208906,930.8363200000003,934.8920800000003,971.382032,956.9329830000001,46.32284803186835,6.564859,12.777024612434968
LRCX,Lam Research Corporation,319.815,USD,0.16442732312317243,2243022,0.2506905854359054,399951389435.1545,USD,Producer manufacturing,Strong buy,332.0124331732218,320.57982822885623,298.53776248128077,-0.4156936011209651,-13.49454294640321,79.8228844531909,316.2330000000001,349.7187500000001,338.1311000000002,236.73722500000002,60.364092787980596,1.679334,47.59583240472476
CVX,Chevron Corporation,196.2539,USD,1.696497046326043,3411617,0.5298074036379927,390858822573.0836,USD,Energy minerals,Strong buy,183.8227416235236,183.5395719177532,182.36459154691673,5.3485962746255815,11.647457048583448,28.97440278644892,191.47877999999997,178.38819500000022,182.57987799999955,174.19631950000013,34.05707592190889,5.527577,-33.93295269542089
IDCBF,Industrial and Commercial Bank of China Ltd.,0.90485,USD,2.8332121101918366,2500,0.015062845202754934,385091431257.4982,USD,Finance,Strong buy,0.8682678966506987,0.8626245089076815,0.8511812705867526,-0.071783545002753,-1.4324618736383437,13.233637842572895,0.8472139999999992,0.8804413500000005,0.8364027200000007,0.7247290200000002,6.195593160892279,0.036059100000000004,3.5194676118190076
UNH,UnitedHealth Group Incorporated,421.72,USD,-2.2234587651573055,1746614,0.2861662797898659,382982632331.5929,USD,Health services,Strong buy,412.9674379347312,398.53079880064666,380.5951537147536,-1.2943241661790457,2.979097479976569,27.448284198915076,427.4040000000003,424.6024999999998,407.07199999999926,342.9318750000004,27.11851327888882,4.061296,-32.64203819448956
ORCL/PD,"Oracle Corporation Depositary Shares, each representing a 1/2,000th interest in a sh of 6.50% Series D Mandatory Convertible Preferred Stock",39.8,USD,-2.6418786692759424,5956274,0.8960940536528934,362478453455.0,USD,Technology services,,45.702565878141066,47.46705257751821,48.32161282243927,-2.066929133858276,-20.921915358633022,-18.940936863543797,40.40600000000002,42.39074500000001,51.553298000000005,nan,6.832852630133223,1.732941,34.18415535948765
GE,GE Aerospace,348.46,USD,2.1307775726134945,1432661,0.351963918527579,361549031336.97253,USD,Electronic technology,Strong buy,347.535969069135,338.9451175976061,329.2914066423845,-1.507935386311292,-0.23476866697205487,12.497175141242932,344.0960000000001,359.6985000000001,336.99020000000013,313.3176500000002,41.07212314800627,1.986843,18.431815961025716
KO,Coca-Cola Company (The),81.28,USD,-1.119221411192216,5248441,0.35010755497037244,349705758266.83014,USD,Consumer non-durables,Strong buy,81.58916074177903,80.83044507259324,79.5544187325938,-0.3310852237890816,-0.05533353827236607,16.363636363636374,81.82599999999994,82.63799999999996,81.31639999999993,75.47957500000012,25.59113378042253,0.932085,27.166079436258816
ORCL,Oracle Corporation,120.715,USD,-4.072631913541004,14589003,0.38260946277060814,347716040279.88184,USD,Technology services,Strong buy,148.5262331908655,157.5722412812869,165.36550440078585,-2.860706526112491,-29.08711742936027,-38.869195320808224,124.27900000000008,136.31775000000016,172.99670000000012,188.28672500000002,20.72431671473699,1.732941,34.18415535948765
MS/PP,"Morgan Stanley Depositary Shares, each representing 1/1,000th of a share of 6.500% Non-Cumulative Preferred Stock, Series P",24.97,USD,-0.21978021978021867,60669,1.163502955311698,344636753296.0,USD,Finance,,25.149400720832475,25.198433181428957,25.265477231695364,-0.2795527156549532,-1.1480601741884509,-2.116816934535487,25.035000000000007,25.165085000000005,25.21680799999995,25.47457699999995,2.0182996815338106,3.119137,40.177660948582584
MS/PQ,"Morgan Stanley Depositary Shares, each representing 1/1,000th of a share of 6.625% Non-Cumulative Preferred Stock, Series Q",25.255,USD,-0.1778656126482281,16978,0.48828186788377637,344636753296.0,USD,Finance,,25.41573151355299,25.483232740276726,25.590559405281653,-0.6490952006294362,-0.5708661417322818,-3.7171178040411794,25.346999999999994,25.42074999999998,25.464000000000055,25.940067499999987,2.0413359414151535,3.119137,40.177660948582584
MS/PO,"Morgan Stanley Depositary Shares, each representing 1/1,000th of a share of 4.250% Non-Cumulative Preferred Stock, Series O",16.53,USD,-0.8398320335932846,43213,0.5019584429101114,344636753296.0,USD,Finance,,16.837721690491975,16.961600036777767,17.12266251994144,-1.4898688915375446,-2.015411973918197,-6.451612903225809,16.71200000000001,16.822999999999965,16.93310200000001,17.568520500000005,1.336103073117897,3.119137,40.177660948582584
MS/PE,Morgan Stanley DEPOSITARY SHARES REP 1/1000TH SHARES FIXED/FLTG PREFERRED STOCK SERIES E,25.3101,USD,-0.078562968811685,26784,0.7066943884497261,344636753296.0,USD,Finance,,25.38733693927228,25.407960964942426,25.428311454367662,-0.15739644970415356,-1.0164254986312156,0.039920948616592004,25.338019999999936,25.354004999999976,25.439721999999964,25.497419500000028,2.045789618325547,3.119137,40.177660948582584
MS/PF,Morgan Stanley Dep Shs Rpstg 1/1000th Int Prd Ser F Fxd to Flag,25.16,USD,-0.03972983710767407,56314,0.7213140791634325,344636753296.0,USD,Finance,,25.23618565273324,25.256587178625516,25.27098538502819,0,-1.0228166797797071,0.039761431411537033,25.16800000000004,25.197515000000145,25.279469999999996,25.290655000000005,2.033657188121373,3.119137,40.177660948582584
MS/PI,Morgan Stanley Depository Shares Representing 1/1000th Preferred Series 1 Fixed to Floating Non (Cum),24.806,USD,-0.3450921785801757,20705,0.37363664580581357,344636753296.0,USD,Finance,,24.965070974695717,25.001352679406985,25.039703372756033,-0.3775100401606331,-0.6169871794871791,-0.8949260886935685,24.897579999999977,24.955394999999957,25.015675079999987,25.139860770000112,2.0050437284792837,3.119137,40.177660948582584
MS/PL,"Morgan Stanley Depositary Shares, each representing 1/1,000th of a share of 4.875% Non-Cumulative Preferred Stock, Series L",19.13,USD,-0.7780082987551977,13380,0.349036497530919,344636753296.0,USD,Finance,,19.516153593160322,19.70090316391705,19.920395839671485,-0.93267253924112,-2.3481368044920923,-6.591796875000007,19.286000000000005,19.451505000000004,19.672503999999943,20.483194850000096,1.5462584264213775,3.119137,40.177660948582584
MS/PK,"Morgan Stanley Depositary Shares, each representing 1/1,000th of a share of Fixed-to-Floating Rate Non-Cumulative Preferred Stock, Series K",23.195,USD,-0.6212510711225346,30145,0.5676586176961854,344636753296.0,USD,Finance,,23.518567344783936,23.652537922919244,23.820437110794654,-1.4655904842820682,-1.0452218430034173,-5.5193482688391065,23.383000000000003,23.47524999999997,23.61059999999995,24.28426450000005,1.8748282384131654,3.119137,40.177660948582584
MS/PA,Morgan Stanley Dep Shs repstg 1/1000 Pfd Ser A,19.006506,USD,0.034242105263166726,30649,0.5048601582331129,344636753296.0,USD,Finance,,19.142496577830784,19.246196267189166,19.4041697786429,-0.6455514898065726,-0.801116910229637,-1.5716934230968258,19.047301200000085,19.002815299999984,19.319126120000014,19.768585529999953,1.5362765321133547,3.119137,40.177660948582584
HBCYF,HSBC Holdings Plc,19.905,USD,-3.3737864077669912,230,0.007870216704706048,342038847053.0763,USD,Finance,Buy,18.954626324709782,18.550623172298824,17.98900308188689,1.920122887864823,12.776203966005681,24.01869158878505,19.629999999999995,19.150764999999996,18.382142000000005,16.421774999999997,16.688907364113476,0.448379,8.839871595954788
PG,Procter & Gamble Company (The),146.67,USD,-1.649567491450418,2077471,0.2983851700600895,341535644273.54877,USD,Consumer non-durables,Buy,148.1644078750563,148.04961375991263,148.26779097151834,-1.9323348488900876,-1.9978618201256242,2.487596953392477,148.60199999999992,148.64050000000026,146.81959999999992,148.1564999999999,21.451136396876006,1.407994,8.592211422400094
RHHVF,Roche Holding Ltd,427.836,USD,5.124576146247971,434,0.744297719087635,341162872455.9645,USD,Health technology,Buy,414.62036659665324,414.1163320054747,412.83287415006265,5.508261405672013,3.7404524623554196,6.790804482939375,414.8771999999999,413.2549649999999,409.38401399999964,405.7953705000002,21.145737770454275,12.524596500000001,78.0470861833516
MS,Morgan Stanley,214.67,USD,-1.7528604118993194,1391638,0.21997634481093434,338595752082.61926,USD,Finance,Buy,212.9881070396509,207.63541447357107,199.92369493425318,-0.39439495174462824,-3.5234371488921865,20.253200011203543,215.20200000000014,217.8965,212.19040000000007,182.74040000000002,17.351557574483905,3.119137,40.177660948582584
RHHBF,Roche Holding Ltd,430.0,USD,1.1312589665796473,32,0.8226221079691517,337207486114.3491,USD,Health technology,Buy,426.5734121985193,424.79489850874484,422.3699153852827,3.614457831325301,9.001495601916396,1.1764705882352942,424.4380000000003,418.7403800000003,419.4282419999997,401.91002900000007,21.252693184527104,12.524596500000001,78.0470861833516
HD,"Home Depot, Inc. (The)",325.1351,USD,-1.9052345753507214,1217293,0.37369854428030874,324197649652.19946,USD,Retail trade,Buy,334.9858539341089,334.7488029600494,337.70358980825574,-4.363590905079861,0.3921695768298561,-5.3271117840607936,332.0190200000006,342.22975500000086,326.9751020000007,350.5044254999996,23.085914922925085,4.729342,-4.4544547940001165
GS/PC,"Goldman Sachs Group, Inc. (The) Depositary Share repstg 1/1000th Preferred Series C",19.37,USD,-0.051599587203292115,8170,0.585877274128893,323977129596.0,USD,Finance,,19.440611072641858,19.516012999893103,19.646815743490325,-0.20607934054610583,-0.9207161125319678,-2.955911823647294,19.365979999999983,19.319174999999984,19.56074600000002,20.00258000000006,0.29896450548924763,16.1068,42.76022386744228
GS/PD,"Goldman Sachs Group, Inc. (The) Dep Shs repstg 1/1000 Pfd Ser D Fltg",19.05,USD,-0.10487676979548807,21725,0.2291236455602218,323977129596.0,USD,Finance,,19.077447679774828,19.137480473598973,19.26503777145829,0.05252100840336956,-0.052465897166831116,-2.307692307692304,19.083999999999897,18.997499999999928,19.12699929999992,19.616831825000066,0.2940254945570556,16.1068,42.76022386744228
GS/PA,"Goldman Sachs Group, Inc. (The) Depositary Shares each representing 1/1000th Interest in a Share of Floating Rate Non-Cumulative Preferred Stock Series A",19.2899,USD,0.15524402907579343,11799,0.37630121957442464,323977129596.0,USD,Finance,,19.37116189777147,19.417737166613936,19.528229303984666,-0.5675257731958723,0.46822916666666714,-0.5675257731958722,19.335459999999994,19.309114999999956,19.423218000000077,19.857699999999962,0.29772820931528327,16.1068,42.76022386744228
MRK,"Merck & Company, Inc.",130.73,USD,2.5574645014513147,2605487,0.3087384350188083,322880155126.13947,USD,Health technology,Strong buy,125.00173242165404,122.72144421222137,119.66335398876652,2.7065247279726545,12.190517056425646,23.879465554818527,127.27200000000002,126.47849999999998,120.72979999999995,110.27910000000008,36.792187324102215,-0.277733,-48.270440251572325
GS,"Goldman Sachs Group, Inc. (The)",1070.91,USD,-2.484975414314329,679744,0.34433455866355167,315926377577.53815,USD,Finance,Buy,1042.5990377899018,1018.7400138298237,985.1292952533603,-0.34802028567440646,-0.5968403660868283,21.14366515837105,1074.9839999999997,1060.2154999999998,1039.8504000000007,909.0992499999999,16.528863116855455,16.1068,42.76022386744228
ACGBF,Agricultural Bank of China,0.6696,USD,3.9364212094871376,2000,0.27469886137321964,302594942685.17456,USD,Finance,Strong buy,0.6875431761365445,0.6967250383612618,0.6978214293022426,0,-9.393521149630597,-2.0909489691475334,0.6722319999999999,0.7079526499999996,0.7128428599999999,0.4953996299999999,5.678089420597529,0.0264924,4.890422600980622
PM,Philip Morris International Inc,192.445,USD,-0.9547092125579094,1740356,0.361269202097158,299936860268.3083,USD,Consumer non-durables,Strong buy,185.0105721779572,181.94839312468457,178.5403409931591,-0.1841286307054036,8.315979062306527,20.082990141020844,192.0969999999999,184.6597500000001,183.0127000000001,168.82862500000027,27.662464603487184,2.322909,32.011992637431455
PLTR,Palantir Technologies Inc.,121.615,USD,-2.3721602311953105,13686973,0.4377994325561831,291549133320.17303,USD,Technology services,Strong buy,128.49574455670708,131.7653284888864,136.49033040628262,-7.783591143463756,1.2193091968372778,-32.92057363485936,129.21499999999995,127.02974999999999,131.84059999999997,154.567575,137.0155475439387,0.344061,287.59825327510913
RY,Royal Bank Of Canada,207.755,USD,-1.7474580279025744,477791,0.3451695686476676,288733178519.8173,USD,Finance,Buy,203.97806072439917,198.00962492871702,190.28826077255547,-3.705677867902667,3.001983143282106,21.32387292688623,211.17700000000005,209.42674999999994,199.3922999999998,172.33017500000017,18.35542816921096,2.855876562,24.338571258428367
DELL,Dell Technologies Inc.,443.09,USD,0.29198732458125026,2647775,0.41803929038052484,287246839359.2267,USD,Electronic technology,Strong buy,396.0522555078785,361.7334091787164,316.2756071098056,10.692248120112906,12.174683544303791,245.0856697819314,413.45199999999994,418.83950000000004,379.25519999999995,206.79380000000003,35.21030506750582,4.879839,100.63934948979589
NFLX,"Netflix, Inc.",68.395,USD,-0.19699401721874377,16498857,0.3028911598226546,284792667219.92255,USD,Technology services,Strong buy,75.12088561479928,78.76627959416084,82.96747104080747,0.11710458903608037,-6.640731640731652,-27.339849144799746,68.42899999999993,72.79474999999994,79.03649999999979,92.76131500000002,21.54716148950917,0.821759,35.26804738770987
RTX,RTX Corporation,210.0,USD,7.758620689655175,5069293,1.2624644661324176,282803510503.2328,USD,Electronic technology,Strong buy,194.50300742434683,191.76950267356497,189.709224792144,7.897035400503522,14.754098360655737,14.44141689373297,197.29999999999995,194.87299999999988,185.65280000000018,186.30975000000007,39.35679748116496,1.729458,56.45672061928219
KLAC,KLA Corporation,215.09,USD,0.18631515207974553,2285739,0.24181730778721702,280966750708.36346,USD,Electronic technology,Strong buy,221.00304178249493,212.65569500950102,198.311810518365,-1.126695792136118,-13.291139240506329,70.74564780782877,213.538,234.273,220.12072000000003,159.99896249999992,60.80626466514008,1.001269,28.554295682512006
NVSEF,Novartis AG,152.56,USD,-0.294098424939539,254,0.022819768747697807,278514324928.9733,USD,Health technology,Buy,151.39725979408638,150.64454340328234,149.31311270447733,-1.851226377161237,0.19045117225979644,9.275839839553031,151.32100000000008,149.71565499999988,148.77866400000008,131.99045249999978,23.458373465332098,2.250207,-13.131450997888486
CICHF,China Construction Bank Corp.,1.02208,USD,-0.5836121702591243,163,0.0008219566299374759,275678455453.0728,USD,Finance,Strong buy,1.050257718090337,1.0535140234895743,1.0477690470454888,-10.502443039526447,-10.343859649122791,1.5681208387161014,1.0372479999999995,1.057037,1.0821947999999997,1.0272216099999991,5.392563569997801,0.0456258,2.8443148205674262
GEV,GE Vernova Inc.,1012.5,USD,2.788747550836018,1791689,0.6589612923238207,272079009328.07886,USD,Producer manufacturing,Strong buy,1042.2692209397799,1022.1113390753472,977.4390707585295,-6.362164662349675,-4.0420793252144325,53.13298749224881,1042.672,1076.7939999999994,1033.8655999999996,825.8758999999995,28.982561800840422,4.135235,735.9407527936638
PCCYF,"PetroChina Co., Ltd.",1.2,USD,-2.4390243902439046,17655,0.5647503646646365,269673989170.50745,USD,Energy minerals,Strong buy,1.2131668276332406,1.2361845275246957,1.2404089082611047,-13.669064748201437,0,9.090909090909078,1.2180000000000002,1.1738699999999986,1.2681340000000005,1.196463,9.845715908710226,0.048569400000000006,-2.990429085349199
CTATF,CONTEMPORARY AMPEREX TECHNOLOGY CO LTD,79.9,USD,0.9730822696828135,602,0.36180058897770295,268155802018.26926,USD,Producer manufacturing,Strong buy,82.59520070055515,82.96956603451866,81.30027456311538,1.139240506329121,-12.197802197802194,21.761658031088082,79.35440000000003,82.63999999999999,86.38665200000005,nan,32.500531735545685,0.71701785771,nan
WFC/PY,"Wells Fargo & Company Depositary Shares, each representing a 1/1,000th interest in a share of Non-Cumulative Perpetual",22.1565,USD,-0.6434977578475314,11859,0.2652812419609203,264461566936.00003,USD,Finance,,22.686003718905415,22.9521128478938,23.24396430952964,-1.1311914323962469,-2.3942731277532956,-8.783449979415389,22.33329999999996,22.49610999999996,22.98005200000005,23.952165499999992,3.220655570899048,1.828278,17.985525142347537
WFC/PA,"Wells Fargo & Company Depositary Shares, each representing a 1/1,000th interest in a share of Non-Cumulative Perpetual",18.04,USD,-0.606060606060603,37220,0.5330331620523925,264461566936.00003,USD,Finance,,18.308245346024464,18.436494738261597,18.603356899744206,-1.2048192771084467,-1.4207650273224128,-7.010309278350513,18.178000000000008,18.25475000000001,18.36970999999996,19.05740300000003,2.6222835961915836,1.828278,17.985525142347537
WFC/PZ,"Wells Fargo & Company Depositary Shares, each representing a 1/1,000th interest in a share of Non-Cumulative Perpetual",18.21,USD,-0.7088331515812378,84500,0.6625704912274099,264461566936.00003,USD,Finance,,18.500881759347422,18.629570112313036,18.80103083700775,-1.3008130081300728,-1.1937059142702056,-6.806550665301936,18.36499999999999,18.472250000000013,18.56746200000001,19.277339999999967,2.6469946943818594,1.828278,17.985525142347537
WFC/PC,"Wells Fargo & Company Depositary Shares, each representing a 1/1,000th interest in a share of Non-Cumulative Perpetual",16.7899,USD,-0.8275251033668065,55348,0.607131613558556,264461566936.00003,USD,Finance,,17.056888958525946,17.176083272637683,17.33233331896186,-1.525513196480946,-1.4677230046948344,-7.238121546961337,16.945979999999995,17.015244999999986,17.14189799999998,17.766539500000007,2.4405698088523873,1.828278,17.985525142347537
WFC/PD,"Wells Fargo & Company Depositary Shares, each representing a 1/1,000th interest in a share of Non-Cumulative Perpetual",16.34,USD,-0.7290400972053522,59628,0.6424046541693601,264461566936.00003,USD,Finance,,16.64102981577195,16.775591674331054,16.94591972751382,-1.5069318866787222,-1.6255267910897024,-8.098987626546688,16.48999999999997,16.604749999999996,16.703400000000016,17.369839499999994,2.375172614288829,1.828278,17.985525142347537
WFC/PL,Wells Fargo & Company 7.50% Non-Cumulative Perpetual Convertible,1172.77,USD,-0.7388912399492186,2085,0.32037000046096403,264461566936.00003,USD,Finance,,1174.5517703457808,1176.8091562876864,1182.6031788581802,-1.447899159663867,0.5090715871206649,-3.552719228270438,1182.6679999999972,1173.2632500000007,1172.382502000001,1206.6508125000048,170.4731448506432,1.828278,17.985525142347537
PANW,"Palo Alto Networks, Inc.",324.35,USD,-3.2599618229539344,2373886,0.41494534300856056,264345249037.43668,USD,Technology services,Strong buy,311.36615567427873,287.7937864516414,261.56949910681874,-8.561682453766352,13.52022959540809,75.50457226340566,341.82399999999996,337.5055,294.85189999999994,211.03867499999996,266.80101998848403,0.976201,-30.432045779685268
WFC,Wells Fargo & Company,85.99,USD,-0.4975700069428452,3787333,0.19564919409692888,263145685499.03543,USD,Finance,Strong buy,84.60182900581611,83.5750114622375,83.12698831777752,-2.150659990896678,2.35686227830019,-7.834941050375137,86.79799999999992,86.14949999999999,82.00319999999999,84.62185000000005,12.499454902245802,1.828278,17.985525142347537
AZN,AstraZeneca PLC,168.905,USD,-0.48606610499027203,1308796,0.4799675463494832,261950864844.97635,USD,Health technology,Strong buy,177.67432125634247,180.7308406229084,182.66018445003988,0.26415766354030223,-6.064734998053501,-8.729601210418243,168.2790000000002,178.46775,180.8044999999999,183.66204449999998,25.739821177390823,2.482201,29.767648087677678
BABAF,Alibaba Group Holding Limited,13.6425,USD,-3.9260563380281637,2321,0.029812136018352253,261615664191.05356,USD,Retail trade,Strong buy,14.156454168238184,14.748847242025,15.557236320679259,-8.669456066945607,6.582031249999996,-20.91304347826087,14.502499999999992,13.436249999999998,14.874506420000003,18.05141460499999,17.704908798578916,0.18519478949999998,-17.35061036113446
TXN,Texas Instruments Incorporated,283.005,USD,-3.8019647166796977,4716091,0.6797827418225307,257560824756.96313,USD,Electronic technology,Buy,291.1251676987875,284.1923536755394,269.7558851009324,-1.8400332974922848,-9.845178554362723,61.74949275569399,287.3170000000002,296.17499999999995,301.1781999999995,223.5541999999995,43.05371731093971,2.393245,20.161231354197135
MBFJF,"Mitsubishi UFJ Financial Group, Inc.",22.92,USD,2.3214285714285854,2547,0.05858135148810893,256291440000.00003,USD,Finance,Strong buy,20.614401475413565,19.97006738224567,19.27800350167033,11.262135922330097,13.746898263027314,35.66143829535367,21.725999999999978,21.07093000000001,19.95859599999999,17.668141,17.11129406704485,0.37120682270099997,25.886179737905824
LVMHF,LVMH-Moet Hennessy Louis Vuitton,516.01,USD,-4.830320914791599,2240,1.3869969040247678,254688193290.85605,USD,Consumer non-durables,Strong buy,554.9043070715771,560.255283015537,571.3519788023914,-7.394313116013294,-4.97755138156465,-31.34969733253509,545.9200999999997,556.9375650000018,556.3737180000019,627.9993204999978,20.097742070608213,12.265724400000002,-1.2521334096479337
BACHF,"Bank of China, Ltd.",0.65,USD,0.370599135268695,200,0.0005642976229809078,253912595961.14642,USD,Finance,Strong buy,0.6523121555912226,0.6461021318201913,0.6352097274776473,0.1078084090559116,0.9787167935373577,12.068965517241391,0.66452,0.6643060000000001,0.6398156999999991,0.5904878949999997,5.568491160521447,0.029436000000000004,4.854735561515836
NSRGF,Nestle S.A.,98.624,USD,-5.633802816901413,1217,0.08888207240565867,253683098563.03622,USD,Consumer non-durables,Buy,100.69203412375722,100.27345998112092,99.82070696501209,-7.063701470033933,1.5276919909409046,-1.6474530296381997,103.20420000000013,102.77410000000017,100.37801600000007,99.1246705,22.296852330314515,2.8289265,-4.280172410629131
SNDK,Sandisk Corporation,1659.49,USD,3.7654679947726164,6538094,0.48720282340483945,245753491197.12186,USD,Electronic technology,Strong buy,1683.0642443897475,1582.9625375466924,1387.854357703888,17.79624923692841,-17.343726652388305,579.1446695314099,1518.7860000000007,1772.1174999999998,1731.885,810.5004000000001,57.68708003239812,34.674195,nan
RYDAF,SHELL PLC,43.938,USD,-0.1409090909090855,2969,0.45310258523334246,243467567219.11823,USD,Energy minerals,Buy,41.55996494831122,41.60957948797359,41.40182502838766,2.371854613233925,12.158264199106588,20.460589444825224,43.26259999999997,40.91528000000005,41.74943599999997,40.01531649999998,13.881303951650677,1.531608,44.464702042498494
SMAWF,Siemens AG,309.432,USD,1.7199211045364986,83,0.13191354100445007,235868923605.03204,USD,Producer manufacturing,Strong buy,307.9233789583055,303.88615851642703,298.16444595545846,0.5465475223395666,1.2241159344433965,8.618365627632695,304.91000000000014,307.2319200000002,307.758628,286.8637305,27.356557521076056,2.9388584297600002,-15.273050717717544
LIN,Linde plc,506.9,USD,-0.34796626496550587,582979,0.3322899168093912,234491701773.84116,USD,Process industries,Strong buy,516.7901362607145,512.9322993391872,504.84619756467066,-1.3006737022469845,-3.241200274872112,18.912451909543023,509.1740000000001,522.0609999999999,514.9707999999998,472.82739999999984,33.64350757957894,4.487593,9.33896472398204
AXP,American Express Company,341.54,USD,-2.0645753283248234,1197063,0.48167248164037185,233041757600.25613,USD,Finance,Buy,340.41263490338594,335.48922485604277,332.7127970987569,-4.0078695896571075,1.8974879169401555,-7.566982408660347,349.6700000000004,348.9529999999998,330.9243999999996,339.1692749999999,21.30364271457086,4.403453,11.993629104931163
C/PR,"Citigroup Inc. Depositary Shares, Each Representing a 1/1,000th Interest in a Share of 6.250% Noncumulative Preferred Stock, Series II",24.7169,USD,-0.5756234915526969,48955,0.47070712315305985,226796513000.0,USD,Finance,,24.938293711968203,24.971970831131735,25.028594104292903,-1.0532425940752659,-0.8945469125902257,-1.408456322297572,24.877380000000013,24.986095000000006,24.971974,nan,2.668087954317296,2.688836,36.96699982257968
C,"Citigroup, Inc.",131.745,USD,-0.38185255198487367,3216488,0.23227774493452813,225930484727.29678,USD,Finance,Strong buy,134.3163689866779,132.24164612536012,128.29858230799258,1.6864773078110544,-8.59293693193644,12.400819042743803,130.983,137.35825,134.17490000000004,117.73927500000002,14.221332268267146,2.688836,36.96699982257968
LRLCF,L'Oreal Co.,419.6,USD,-2.5545750116117047,79,0.12384386267440038,222820119889.54477,USD,Consumer non-durables,Buy,434.2633348784133,434.134015141318,433.8331019162974,-2.227607419144375,-4.757581260214269,-3.7879482711180366,430.7200000000009,434.6533250000005,434.4657699999989,434.02819150000033,31.215245748547527,8.57230236,8.615986865506477
ANET,"Arista Networks, Inc.",175.945,USD,0.6147423800537477,1822444,0.2857308063114881,221550401731.67822,USD,Electronic technology,Strong buy,167.98134526553238,163.30877336927082,157.42489293841575,4.146442523973006,6.356162727437578,31.253263707571787,172.67099999999988,172.18174999999997,163.21850000000003,145.28272999999993,60.24688398849473,0.885867,23.546831373212623
NONOF,Novo-Nordisk A/S,48.85,USD,0.7476153647847472,615,0.01501182639005851,216544771540.81314,USD,Health technology,Buy,47.4032835569698,46.32803263727546,46.05326759346145,-4.64571540113214,2.5400976912210234,-4.68292682926829,49.54376000000006,48.902185000000074,46.114627600000006,47.088274899999995,11.554447249506289,0.770887968,24.473615497595326
BHPLF,BHP Group Limited,42.3,USD,3.3977022732828175,3026,0.019830789496103965,214913178485.497,USD,Non-energy minerals,Buy,41.60079461576399,41.0950435213635,39.77808709553356,1.9277108433734873,-3.86363636363637,49.522799575821836,41.26152,42.49904500000003,41.390130000000035,32.489887155000034,20.326577461343103,1.317595,-1.0764221517754036
TMO,Thermo Fisher Scientific Inc,576.93,USD,9.586673251529064,3201388,1.559200175139153,214399577844.07285,USD,Health technology,Strong buy,521.607392225754,510.92855659178815,507.84918338536517,8.737772584201876,22.779799527548995,-0.44348576358930974,537.1119999999999,524.3029999999997,489.9032000000001,529.6021500000002,31.719144303880977,6.368946,6.7355597415629465
STX,Seagate Technology Holdings PLC,925.66,USD,1.9337077414381616,1877788,0.39317397213547495,207559800050.78357,USD,Electronic technology,Strong buy,865.4927172049137,818.319233300308,735.085773876954,14.276190711340458,-5.953711417714834,228.28315068978964,863.1399999999998,878.9475000000002,886.8590999999999,500.6811,87.86521120075938,5.099072,52.226685547495876
TD,Toronto Dominion Bank (The),119.075,USD,-1.8342951360263764,694842,0.2330396511377889,201176734266.5657,USD,Finance,Buy,118.24062117731732,115.12427578098773,110.4731383778319,-3.582995951417002,0.16403095558547057,26.13877118644067,121.00100000000005,121.07725000000009,116.47389999999992,98.44502500000004,19.0954055371817,1.739422971,-10.785457988270956
SFTBF,Softbank Group Corp,35.24,USD,-2.0294690019460577,2830,0.5089287319941734,201167694863.283,USD,Communications,Strong buy,37.910060289716306,37.534739736930085,35.999886639829974,2.7105800058292036,-13.627450980392148,25.409252669039144,35.155440000000006,36.88757000000002,40.841132,32.741626875,6.41591704745931,0.134881297265,325.63050279147217
BCDRF,Banco Santander S.A.,13.65,USD,1.006363770904255,202751,0.395026374577845,200297235171.4978,USD,Finance,Strong buy,13.490102928092318,13.1939260448394,12.798533644669016,1.1111111111111138,-1.086956521739133,12.75400627787874,13.467599999999994,13.770480000000001,13.02075199999999,11.883273499999996,10.987393436651795,0.28552471900000004,25.44556856360393
KXHCF,KIOXIA HLDGS CORP,363.36,USD,-5.130414349494786,489,0.08120765245117577,199126757900.39307,USD,Electronic technology,Strong buy,423.7188732261173,398.35977694523274,343.93969921896615,4.14445399828032,-32.53620497586335,368.79112372597086,359.78999999999985,485.82648,444.141916,nan,57.31905491891219,10.604982843312,88.2599467254905
AMGN,Amgen Inc.,367.615,USD,0.42753722169102515,546706,0.281049021567384,198404842425.13858,USD,Health technology,Buy,359.7455281626299,355.85451184980565,351.66678700836985,-0.09104497893735006,5.542476529528296,11.815250783222323,366.07299999999987,363.74024999999904,349.35299999999944,341.0915749999996,25.5657477467453,5.61628,31.258158449643542
CBAUF,Commonwealth Bank of Australia,117.0,USD,-5.705996131528045,148,0.20898051397910195,195600294285.1127,USD,Finance,Neutral,112.94907286610392,111.2642155275585,108.7788267135648,0,-5.705996131528044,19.84021304926765,111.75399999999999,111.26529999999998,105.44778154,78.88993774499998,28.37139533844395,2.2208811086,17.269317980189356
WDC,Western Digital Corporation,565.01,USD,1.4981946215890982,3228126,0.48704435633127957,194748843674.83084,USD,Electronic technology,Strong buy,544.5391690196261,517.147924195261,466.1574754144719,14.989010094431777,-15.062912463733262,218.8544018058691,526.9419999999999,562.2267500000003,558.3754,320.3682499999999,33.7277117495717,3.295611,218.5112653294039
APH,Amphenol Corporation,157.895,USD,0.24442892514762196,2259683,0.4063692460922489,194247869140.8547,USD,Electronic technology,Strong buy,154.8181460150793,151.5737042163971,147.5525809010664,3.8782894736842177,-1.1364347880533452,15.15096266044341,154.98500000000004,160.6412499999999,150.55309999999994,141.27762500000009,45.37212643678161,1.176922,68.63733281643728
IBM,International Business Machines Corporation,206.57,USD,0.3887835933323531,8854467,0.47657434212029465,194152100930.7374,USD,Technology services,Buy,247.52275822394472,252.01550159972084,255.89457333408353,-1.6661112962345885,-21.029895251930572,-30.57870681543218,209.702,257.07500000000016,260.17139999999995,272.42099999999994,18.33749078997594,2.888821,82.71751119185106
TTE,TotalEnergies SE,86.675,USD,2.078671534566012,2000017,0.977058280347099,193474875107.90552,USD,Energy minerals,Strong buy,82.90142303422473,83.42136765295078,82.65600195709062,7.992773486169938,7.603972687771571,32.42933537051183,83.46099999999998,79.52125000000005,84.5911000000001,76.457425,12.629929947147488,2.679577,13.176951225257834
IDEXF,Industria de Diseno Textil Inditex SA,62.135,USD,3.6663190823774734,1795,0.8026292255410481,193390570513.30484,USD,Retail trade,Strong buy,62.34324985967291,62.235321213542534,61.95111241447664,-0.06433453960594958,-4.223506743737961,-6.313845225979127,61.4135,62.495250000000034,61.894314000000016,61.27394999999998,26.240077293761566,0.605157265,10.833829127400978
TMUS,"T-Mobile US, Inc.",178.48,USD,-6.525610139310782,3382076,0.9060142995954268,193151899452.13577,USD,Communications,Strong buy,185.0235667244366,187.38315266951594,191.45686264356007,-6.5011263031065,-1.6639118457300333,-11.752781211372069,189.6520000000001,183.82749999999987,185.21439999999987,200.56755000000027,18.982589366431615,2.890801,-8.355183001120901
TOYOF,Toyota Motor Corp.,18.06,USD,-0.22099447513813644,3540,0.03211819495744339,192167535820.3117,USD,Consumer durables,Strong buy,17.936057158888612,18.383249952715286,18.998343322669047,1.0067114093959717,6.235294117647051,-14.407582938388638,17.967999999999986,17.571725,18.058379999999993,20.456786500000007,9.71232315434965,0.443028667653,-22.622851784370432
HESAF,Hermes International SA,1811.46,USD,-6.346744424108943,10,0.062189054726368154,189557765598.09384,USD,Consumer non-durables,Buy,1885.0690778404633,1919.378307482999,1988.8879432678693,-6.4188333996311435,-0.5066774318457015,-27.314822245405654,1883.3358800000035,1868.0746974999997,1879.1315689999947,2221.5951852500007,35.808910526383485,23.891895200000004,11.395855258297342
NEE,"NextEra Energy, Inc.",90.04,USD,0.7046191701152105,2698142,0.32422937629361975,187787924098.13174,USD,Utilities,Strong buy,88.82925118638573,89.06213976206331,88.90326462674247,1.1912789390874379,4.697674418604659,11.920447482908642,88.83600000000004,88.31800000000007,87.90400000000008,87.5455,22.859173881032778,1.105999,47.29815638906547
MCD,McDonald's Corporation,263.16,USD,-0.15555639867965557,1509790,0.3896160568710052,186976727148.56183,USD,Consumer services,Buy,273.9039856709872,279.2786052600972,286.057595998108,-2.4430027803521686,-3.9176311657964735,-13.799993448851911,265.198,270.9425000000003,275.8144999999997,301.2982249999997,21.69336158075658,3.323538,7.012173606210305
CRWD,"CrowdStrike Holdings, Inc.",182.845,USD,-2.9588154123765995,2779550,0.32361114434095556,186183615756.96417,USD,Technology services,Strong buy,180.07805067058342,168.97870368279342,155.8383218181938,-9.96405357494584,9.322730601934202,54.29957805907173,192.79699999999997,192.62337499999998,176.96650000000002,130.89660000000012,nan,0.292155,73.039496279336
TOELF,Tokyo Electron Ltd.,408.984,USD,0.3046043821828415,259,0.037512854308184754,185906031154.54187,USD,Producer manufacturing,Strong buy,412.83478472197436,391.5510449063723,360.21489341689886,-3.609255758924158,-9.114666666666672,81.89192795196797,407.47479999999973,439.0249749999998,400.02622,281.86178650000016,51.91420499803667,2.152370619971,0.23308245294200833
PEP,"PepsiCo, Inc.",135.05,USD,-0.4423147806855837,2309073,0.3129971799289889,184328586011.15445,USD,Consumer non-durables,Buy,140.57850990437603,143.4012167698382,146.00392107163748,-1.831794722686619,-6.003132068905516,-5.704510543220212,135.65599999999966,138.67199999999997,142.62619999999941,149.85164999999978,17.712172282188153,2.299575,39.01002734731084
VZ,Verizon Communications Inc.,44.105,USD,-0.4177015127568351,9397943,0.42202652889759457,184163037119.85614,USD,Communications,Buy,44.58153177868772,45.21647427575218,45.52417915496179,1.906192236598881,-3.5112666812513758,8.180034338974721,43.852999999999994,43.30974999999994,45.49599999999994,44.439400000000234,10.747094227442188,1.278324,-2.501663023852507
ADI,"Analog Devices, Inc.",376.54,USD,-2.634913246968168,1377951,0.439372113010526,183407757795.803,USD,Electronic technology,Strong buy,388.50842322669854,386.10189867158107,373.99864188416296,-1.4561480644013056,-11.787375103958018,36.888791943868846,378.78000000000014,387.3314999999999,404.1610000000008,327.29182499999973,55.95613148665518,3.337881,83.19222497481829
ALIZF,Allianz SE,483.285,USD,2.0923993409100574,93,0.6595744680851063,183017162026.39114,USD,Finance,Buy,469.07226832065925,461.19051918009933,453.3572397048787,2.453838163278295,4.381209503239746,8.158583801445749,477.6098999999993,473.4595625,456.16222100000005,438.9985400000002,14.868756885539534,nan,nan
EADSF,Airbus SE,231.472,USD,-2.6669946533958195,590,0.49966124661246614,182221276870.43497,USD,Electronic technology,Strong buy,220.480010408528,217.14038412689897,215.56412694654182,6.384778012684987,7.307032590051458,-4.6066350710900466,227.64780000000002,225.87859000000012,213.96588399999985,221.00579949999977,31.580648874068537,2.2834404743000003,20.885299878592313
MRVL,"Marvell Technology, Inc.",207.82,USD,-1.5024408739750774,8258408,0.36766404122634305,182001781822.21252,USD,Electronic technology,Strong buy,223.94162698433473,213.28773043024492,191.66510487059813,7.675966943861557,-25.46445735600029,139.58957804934286,202.078,233.83450000000008,238.52380000000002,132.2674250000001,71.01558228540185,0.92766,nan
UNP,Union Pacific Corporation,305.295,USD,4.352953240360956,3031223,1.0375500450142423,181257668599.42792,USD,Transportation,Strong buy,285.02229834680963,277.5595998613496,269.34410867356115,1.4437614221631592,16.920778424762474,31.925653771342116,297.7800000000004,285.6760000000001,274.2055999999999,248.7579999999999,25.13233175550525,3.370345,9.43890880916774
QCOM,QUALCOMM Incorporated,169.245,USD,-3.6354836872971537,2837474,0.26250056975866,178384234958.91803,USD,Electronic technology,Buy,186.37642445696977,186.66410042578391,182.26879055261074,-3.591569353460556,-18.373203433973185,-2.6197079368001916,172.095,181.66975000000008,203.86249999999995,169.14072500000003,18.409402397372027,2.230401,-6.380855397148674
ABLZF,ABB Ltd.,98.98,USD,0.4873096446700548,5776,2.7763891559315517,177882337659.89496,USD,Producer manufacturing,Buy,101.39774401175521,100.49330737149585,97.44235250130123,0.15177577658606262,-8.36882058877985,29.45330891969659,97.95360000000005,103.24853999999998,104.272824,86.62099100000003,36.497445536485934,0.788197,9.205428799197774
SCHW,Charles Schwab Corporation (The),101.66,USD,0.8531746031746026,2736849,0.31753154136968137,176800520084.60577,USD,Finance,Strong buy,97.30865582157492,95.73964190556525,94.94279806585193,1.043633833614946,10.033553414871735,1.8943570211486425,101.304,99.02900000000007,93.55900000000001,95.2342500000001,18.492041837198727,1.663862,48.00904611905337
ABT,Abbott Laboratories,101.085,USD,0.5120811375161585,3235746,0.2321045719202018,176071103688.91266,USD,Health technology,Strong buy,95.64310618097835,95.4188786395122,97.84208242945644,0.38232373386295027,13.642495784148387,-18.937449879711313,100.73300000000015,95.31025000000014,90.91369999999998,109.17167500000009,32.673411338806645,1.416816,-61.310089540293134
SCHW/PD,"The Charles Schwab Corporation Depositary Shares each representing 1/40th interest in a share of 5.95% Non-Cumulative Perpetual Preferred Stock, Series D",23.98,USD,-0.7996425808640139,19398,0.6025889143272519,175304863511.0,USD,Finance,,24.24148351646921,24.343941311040208,24.476385259706827,-1.2762453684643835,-1.1134020618556684,-4.271457085828344,24.194659999999995,24.208170000000006,24.311821999999953,24.838145500000056,4.3619827194179175,1.663862,48.00904611905337
SCHW/PJ,"The Charles Schwab Corporation Depositary Shares, Each Representing a 1/40th Interest in a Share of 4.450% Non-Cumulative Perpetual Preferred Stock, Series J",17.25,USD,-0.9758897818599408,25052,0.4482993720730893,175304863511.0,USD,Finance,,17.45264577269304,17.589352318147746,17.811362398488605,-0.9758897818599408,-0.40415704387990925,-8.244680851063832,17.406,17.41049499999999,17.50769800000002,18.515405500000046,3.1377899045020468,1.663862,48.00904611905337
WELL,Welltower Inc.,247.75,USD,1.105941887038854,611815,0.25923648211074846,174890294921.39246,USD,Finance,Strong buy,231.06888613463346,224.66912626271147,217.60614643169134,1.7620964429475034,16.28179855439782,33.47879963364041,245.44999999999987,235.62400000000008,220.88239999999968,201.96319999999974,nan,0.642865,-164.84476067270379
SBGSF,Schneider Electric SE,304.312,USD,-0.08930213011845381,207,0.2382596685082873,171847943337.48407,USD,Producer manufacturing,Strong buy,309.3098889926249,309.3936791994317,306.5465322127953,-2.1363219758485865,-8.615015015015011,9.464748201438853,303.37519999999995,310.8398200000001,313.96941200000015,296.65397200000024,35.507816350191455,5.0555193140200005,10.360674450376802
SAPGF,SAP SE,146.38,USD,-1.0932580170002264,2296,0.017640437784035252,170907271868.47104,USD,Technology services,Strong buy,159.356375793377,164.7754609848472,174.21376368479395,-5.731581658938695,-4.793495934959353,-39.4773836103531,153.3920000000004,156.31864999999974,165.4868459999999,205.4180949999999,19.839857239944823,2.0041656901400002,40.32944821149316
BLK,"BlackRock, Inc.",1043.595,USD,-1.2336390221742786,192840,0.2299128765637062,169690967720.05032,USD,Finance,Strong buy,1035.2079199967134,1034.1796587519018,1036.6059336177493,-2.5351625978295367,-0.5275799948528859,-2.598838945717915,1052.9550000000002,1019.6732499999998,1033.6911,1056.7459499999998,25.60096065391192,14.277505,-1.474835706396028
TJX,"TJX Companies, Inc. (The)",153.38,USD,-1.3062222508204113,840929,0.18502162438543596,169439575259.57892,USD,Retail trade,Strong buy,155.50481071376748,156.09505044890247,155.83845804999333,-0.7441920662654538,-6.966305765323151,0.08482871125611449,154.80000000000004,153.00199999999995,156.43179999999987,153.93235000000004,29.794673556207385,1.19166,21.384107521810904
SMFNF,Sumitomo Mitsui Financial Group Inc.,43.9488,USD,-1.6365264100268604,13,0.0023439049456394547,167744157525.0,USD,Finance,Strong buy,41.48465279403135,40.249857604488994,38.6789005549854,2.8643651258045573,11.446177253708624,36.805603112840465,43.58675999999999,42.155939999999994,40.022502,34.47899999999997,16.960621380384985,0.69213199341,29.243213344383395
DE,Deere & Company,614.205,USD,1.1320040175851678,833593,0.8966178850525359,165796929365.10806,USD,Producer manufacturing,Buy,596.3289688744297,589.2557122357637,578.995937981205,2.7992568788913474,4.0919567501610175,31.803648068669535,598.3309999999996,605.96775,583.6189000000002,542.9874749999996,34.80565771504021,4.739809,-14.629402971355596
BA/PA,"Boeing Company (The) Depositary Shares, each representing a 1/20th interest in a share of 6.00% Series A Mandatory Convertible Preferred Stock, par value $1.00",64.77,USD,-0.5069124423963108,86417,0.060514780033182745,164479271571.0,USD,Electronic technology,,67.82255242958652,68.58246784444884,69.19034540551395,-2.4841915085817607,-5.44525547445256,-6.752087532392741,65.21200000000005,67.59128000000001,69.02001199999997,69.78047799999995,33.300771208226216,-0.28085,nan
BA,Boeing Company (The),208.45,USD,-0.09585430146178626,1974647,0.407901154347664,164321611114.1862,USD,Electronic technology,Strong buy,217.73687229490403,219.15790126717846,219.82032664723081,-3.575723933758913,-4.769518936452099,-4.4464817785927195,209.08199999999974,217.9324999999996,220.27080000000024,218.4509500000006,107.17223650385603,-0.28085,nan
BUDFF,Anheuser Busch Inbev SA NV,81.5,USD,1.2172146264463728,1866,0.27881124209960106,161682631823.1454,USD,Consumer non-durables,Strong buy,80.53541432402317,79.68103056327494,77.92185496584439,1.2172146264463728,0.12223512140589572,28.08423699512808,80.00268000000004,80.99518500000003,79.10638200000002,68.56022750000005,23.01666428974657,nan,29.175750071893496
GILD,"Gilead Sciences, Inc.",130.14,USD,-0.15344483658126212,1623152,0.2988138789012846,161577892384.13284,USD,Health technology,Strong buy,130.61214560170183,131.1828961598202,131.6284312844578,-3.0831099195710565,2.771855010660974,6.245407788390882,131.65,130.78900000000002,129.7511999999998,131.32939999999994,17.707567964731812,-7.247792,54.53876400950438
DIS,Walt Disney Company (The),93.0319,USD,-2.9603629915510705,5404187,0.6036145408481279,161550955126.1768,USD,Consumer services,Strong buy,97.92899748766426,99.29238600871084,100.90648776174072,-4.923965252938172,-8.810135267594593,-17.990215091678426,95.82438000000002,96.90809499999983,100.03903799999975,105.12528449999974,14.885103999999998,1.857809,27.6526214742346
ETN,"Eaton Corporation, PLC",413.7725,USD,1.68649087021699,651291,0.34715222240990506,160667858145.21387,USD,Producer manufacturing,Strong buy,404.52546232886294,400.82930388652153,393.9578957691071,1.3626564758335171,-1.8449768710710548,28.01970854862164,405.0065000000004,407.10312500000015,403.7410500000006,373.7641125000001,40.449342092400336,3.072269,3.25426466135056
T/PA,"AT&T Inc. Depositary Shares, each representing a 1/1,000th interest in a share of 5.000% Perpetual Preferred Stock, Series A",18.1321,USD,-1.0796508456082765,67887,0.5136677680985281,160089733861.0,USD,Communications,,18.809543772016823,19.079610888401003,19.38071623188876,-2.3054956896551593,-4.062962962962949,-10.414525691699593,18.42042000000005,18.709744999999913,19.134496000000016,20.066302499999985,5.996263103938623,0.601022,72.38057234066811
T/PC,"AT&T Inc. Depositary Shares, each representing a 1/1,000th interest in a share of 4.750% Perpetual Preferred Stock, Series C",17.16,USD,-1.4925373134328446,184064,0.8830995612425304,160089733861.0,USD,Communications,,17.69456441911234,17.925586809899993,18.198059288044462,-1.7744705208929523,-3.1602708803611668,-10.251046025104607,17.418000000000017,17.627500000000033,17.959232000000014,18.861053999999992,5.674790833030193,0.601022,72.38057234066811
DBSDF,DBS Group Holdings Ltd.,56.25,USD,-1.4022787028921948,1142,0.3326633458591861,159843803723.35733,USD,Finance,Buy,53.24148643113606,51.53836477087141,49.69324026011847,-1.1770906535488435,8.486017357762774,25.628140703517595,56.45970000000004,54.124624999999966,51.43932200000003,46.001787499999956,18.78411445640142,nan,2.9161631783345485
T,AT&T Inc.,22.925,USD,-0.49913194444443765,46322944,0.5378201095130686,159290674859.52365,USD,Communications,Buy,22.552839300998624,23.22602334180784,24.022386365205623,6.134259259259255,2.756611385029144,-7.523194836627666,22.397,21.59525,22.930500000000038,25.256124999999955,7.581269221865803,0.601022,72.38057234066811
UBS,UBS Group AG Registered,51.805,USD,-1.6049382716049363,694117,0.4042707323312215,156861541092.4522,USD,Finance,Buy,50.35209894687629,48.84526696182205,47.11536926075408,-0.6996358060187885,2.8693407466243057,11.169527896995703,52.20300000000003,51.64175000000002,49.34530000000004,43.665825000000034,18.507942116831703,0.902427,85.69118793825896
CILJF,China Life Insurance Company Limited,3.645,USD,3.5511363636363638,829,0.11513888888888889,156682447634.80682,USD,Finance,Strong buy,3.5872407905747474,3.612261954942053,3.6205213490943446,1.9580419580419535,-2.929427430093206,-0.6811989100817415,3.4969999999999986,3.5692500000000082,3.665349999999998,3.6453362499999993,4.77855661302326,0.20016480000000003,44.48759727960711
IBDSF,Iberdrola S.A.,24.065,USD,-1.129827444535738,2107,0.3232537089029011,156338640129.92856,USD,Utilities,Buy,24.05738603393335,23.804253494034786,23.41417574765359,0.18734388009992384,-1.048519736842101,11.515291936978699,24.296999999999993,24.421000000000028,23.662199999999995,22.398284500000013,19.62702349270136,0.26961609842,28.866412114058658
RLLCF,Rolls Royce Holdings plc,0.0014,USD,-9.677419354838708,3240000,5.927021896504319,155183995850.779,USD,Electronic technology,,0.0016077547754360484,0.0017905132135419897,0.002067493054550634,-6.66666666666667,-6.6666666666666705,-57.57575757575758,0.0014899999999999998,0.0015355,0.0016530200000000011,0.002697155000000003,0.0015056395233988427,0.23545227420000003,149.73653292629368
SCCO,Southern Copper Corporation,184.73,USD,-5.4992838142009415,622196,0.5357174376285975,154125498812.52716,USD,Non-energy minerals,Buy,178.89216041925425,178.83947254062582,176.44715543100017,6.160565484742256,3.224184175234679,28.298882320393872,183.15399999999997,176.02400000000003,181.2554296649997,166.85956652490006,27.33986502486384,1.847556,55.9165589809858
IBKR,"Interactive Brokers Group, Inc.",90.64,USD,-3.058823529411764,1646643,0.44416940911501057,153744666103.59998,USD,Finance,Strong buy,89.92736111293199,87.49263472074746,83.86939489707332,-1.004805591961557,-2.2222222222222245,38.57208377923866,92.15399999999994,92.73449999999994,89.76320000000001,75.43027500000002,36.131706928167105,0.695303,31.567629936539564
SAFRF,Safran SA,364.576,USD,-2.367071488826104,351,0.2626459143968871,151996911211.00272,USD,Electronic technology,Strong buy,371.33496169846313,366.02531458358635,361.1376507452657,-2.7392728708475986,-3.9067153754105193,2.5536008641398915,370.9223000000003,382.763425,361.3607999999999,356.02871300000004,18.073497242300014,5.758422982220001,nan
RTPPF,Rio Tinto plc,88.38,USD,-6.2977099236641205,223,0.14406615414432455,151206008149.6897,USD,Non-energy minerals,Buy,97.00691846762528,97.02950081605488,94.82201577820904,0,-9.98964239265822,7.439824945295394,96.78273999999999,103.35774500000002,97.615764,76.50412849999996,14.227441247332234,4.12625,-10.306158212328349
RYCEF,Rolls Royce Holdings plc,18.088,USD,-0.4732034774953149,17667,0.5878770938566893,150822743755.79715,USD,Electronic technology,Strong buy,18.16939054014667,17.830191729368575,17.392012973737504,2.77272727272727,-2.2270270270270216,13.050000000000006,18.09280000000001,18.769187499999976,17.72339300000001,16.412774749999986,19.452862642313047,0.23545227420000003,149.73653292629368
RTNTF,Rio Tinto Ltd.,107.296,USD,-3.3769789096410494,258,0.8125984251968504,149544962389.0102,USD,Non-energy minerals,Buy,117.09995384229657,118.24269212330151,116.37185666049274,0,-15.879263034104266,11.56909639180618,110.373,121.9712,116.99102,89.89029199999993,17.06298714094973,4.208768,-5.208519584484585
BX,Blackstone Inc.,122.21,USD,-0.4966617814688157,3283226,0.8057523666640956,149281245828.72723,USD,Finance,Buy,122.16230529982775,121.96253174002281,123.71173468277559,-3.7716535433070915,1.0250475324460568,-21.225989428902924,123.93999999999991,121.74749999999997,120.04799999999997,132.90654999999987,31.353584073066855,1.44923,17.915053242981607
COP,ConocoPhillips,121.76,USD,2.50021045542554,2378151,0.4351379426860907,148339471924.46365,USD,Energy minerals,Strong buy,114.08760904959308,114.28466324205637,113.58114270370093,7.013534891896646,11.216660577274387,30.071573549834426,117.68799999999996,110.28700000000022,114.02060000000007,106.96752499999995,20.703257838536356,2.894638,-25.34653465346535
SMEGF,Siemens Energy AG,171.0,USD,1.4384686706399747,7845,0.38058876038189865,145678658067.40417,USD,Producer manufacturing,Strong buy,178.320999247875,181.18043520757922,179.76620603554653,-3.250445557158621,-8.825528851921467,22.142857142857142,172.68754000000007,177.99573500000005,186.2317140000001,165.94221350000004,58.24657038317833,1.3355797828800002,1156.3335310399368
CIHHF,"China Merchants Bank Co., Ltd.",6.1,USD,-2.4000000000000057,1010,0.035444192942745346,145507133667.9408,USD,Finance,Strong buy,6.025440904418545,6.0378125869370125,5.985590007098504,0,7.017543859649113,2.17755443886097,5.939219999999999,6.1789000000000005,5.918746459999998,6.163390075000004,7.279682630850761,0.2237136,3.212921241932295
SHOP,Shopify Inc.,111.995,USD,-5.425603783144737,3339611,0.5141229791478066,145330836744.01138,USD,Commercial services,Strong buy,116.41511521460026,116.77113168894768,119.20160815844297,-9.848667793608628,3.6762319781187602,-31.05616869104137,120.26200000000003,120.26249999999996,113.19899999999976,134.264,109.82958582763536,0.394587072,-13.11099438612342
BBVXF,"Banco Bilbao Vizcaya Argentaria, S.A.",25.975,USD,-1.1041309727774573,5534,2.0628471316211283,144598972702.5534,USD,Finance,Buy,24.81137909147226,24.295340860618992,23.71790577019539,0.9718172983479106,4.737903225806455,8.229166666666673,25.63099999999999,25.27765000000001,23.878269999999997,22.608560000000008,11.905934158269988,0.5883778914000001,12.084507504919758
FRCOF,Fast Retailing Co. Ltd.,456.705,USD,-0.4674730304021006,31,0.1933873986275733,143545804557.49747,USD,Retail trade,Strong buy,489.33065538228465,482.1922571434934,466.3978905518898,-2.3153594421748314,-13.747875354107652,21.383388704318932,477.8699999999999,503.83699999999965,492.70355000000035,400.15237649999995,42.991959669392095,1.807682289381,18.07124525274873
DTEGF,Deutsche Telekom AG,29.985,USD,-6.032591664055157,361,0.05165555332970838,143406568981.07748,USD,Communications,Strong buy,31.17798295068715,31.906977594346106,32.70006184598087,-5.170777988614805,-1.1700725115359276,-8.021472392638044,31.335899999999988,29.924084999999998,31.655014000000016,33.61133949999999,14.308482247794618,0.6403427634600001,-21.039392916282
PFE,"Pfizer, Inc.",25.005,USD,0.7453666398066024,12470319,0.3455763926693135,142514591657.8483,USD,Health technology,Buy,25.050401710193267,25.3399528622127,25.598418954222485,-0.3387803905938655,0.06002400960384382,0.1000800640512353,24.913000000000086,24.406249999999996,25.172100000000036,25.849125000000004,19.17120294410795,0.680589,-5.382662314109543
UBER,"Uber Technologies, Inc.",69.06,USD,-1.8057727854400625,7846101,0.5618928943950724,140578470532.9268,USD,Transportation,Strong buy,72.3000172300397,72.80006742247708,73.97839930444492,-4.744827586206894,-2.841868317388852,-15.821550463188693,71.114,73.05300000000011,72.48640000000019,79.39587499999983,17.210357116156207,0.803031,-30.030166175521806
PLDGP,"Prologis, Inc.",52.45,USD,0.6717850287907896,327,0.3896568160152526,137758884632.0,USD,Finance,,52.686244274250996,52.818580607487206,53.031809462451875,0.2906420895636564,0.3827751196172303,-6.339285714285709,52.29464000000006,52.719260000000055,53.07737800000006,53.955581499999965,nan,nan,nan
PLD,"Prologis, Inc.",143.74,USD,-0.6634416033171939,3116812,0.7658045035509846,136844934879.08559,USD,Finance,Buy,143.44470443178938,142.45923609653053,140.41909931866596,-3.530201342281873,0.0905229440846706,12.525442304681395,147.12999999999997,142.5955,143.42040000000006,134.33440000000002,32.006234691605435,0.79,22.353902738046575
CB,Chubb Limited,351.82,USD,2.502694985869526,940920,0.43194765506161975,136456947361.4085,USD,Finance,Buy,343.59098723793,338.42152846921084,332.3620197861335,-0.12774292446134744,6.32857833655706,13.322167106873678,350.90799999999956,348.6190000000001,333.69159999999954,316.38155000000035,12.451072684932864,6.283256,24.671623022788943
UNCFF,UniCredito Spa,90.305,USD,-4.555303070337672,517,0.323995738547346,136175694431.05235,USD,Finance,Strong buy,90.01724077681429,88.15628172698302,85.95500668964708,-2.897849462365584,-1.429896850952342,10.128048780487813,92.82792000000006,92.24757500000007,88.34577399999996,81.48722700000003,nan,2.11800822049,nan
CVS,CVS Health Corporation,106.455,USD,-1.503515914137676,1804090,0.22215301835971085,135828837283.9727,USD,Retail trade,Strong buy,102.24260639874863,98.28855267979486,93.52095157204943,-0.7967570589879824,4.819810949192592,34.27724520686175,108.04299999999998,105.40525000000002,99.83289999999994,83.69472500000008,46.74819954329878,1.834428,-45.60221680760594
GLW,Corning Incorporated,156.785,USD,1.7687913799818216,4627783,0.4744946597417958,134935098060.20593,USD,Electronic technology,Strong buy,177.20337619051767,175.59095569073077,166.4614751808234,-0.6809831496262618,-18.53208625617043,76.3412439545608,156.19299999999993,190.47974999999994,189.41049999999987,133.74462499999998,75.25077993760499,0.755445,298.67967853042484
CFRHF,Compagnie Financiere Richemont AG,229.8,USD,-2.0376843720692306,485,0.35326680748779954,134838322574.81575,USD,Consumer durables,Strong buy,224.43390730009065,218.2388874145394,211.89572064279133,-4.2998438313378395,4.4545454545454595,8.39111362671573,236.50525999999974,229.97518999999983,218.13069799999985,203.37032899999994,33.41245058492665,4.126590775,37.975213456299976
APP,Applovin Corporation,398.58,USD,-3.3698603568657957,1936508,0.3494227105960082,133898966625.29453,USD,Technology services,Strong buy,466.21638265681605,474.6291154853335,481.3647726839043,-7.250895890538471,-13.906168999481597,-41.67434918126345,417.7779999999999,475.89800000000014,500.16460000000006,526.2139749999996,35.15993013531871,3.757904,104.69844709281328
BTAFF,British American Tobacco p.l.c.,62.038,USD,-2.379228953579859,602,0.5357301770935303,133850821362.70656,USD,Consumer non-durables,Strong buy,61.18321897546209,61.02130520221647,60.492523143272436,-1.055821371610855,8.458041958041948,7.518197573656835,62.39239999999999,61.57240000000003,62.326759999999965,58.53688800000003,13.190565816802835,2.1894372981,179.06315695843656
BKNG,Booking Holdings Inc. Common Stock,172.63,USD,-2.940515011807049,1669755,0.34219581112183983,133767261753.11247,USD,Consumer services,Strong buy,175.56535971093996,174.87054877796794,176.46120586179418,-4.826749731234664,3.019633585964076,-19.434026721226708,178.2039999999999,179.3309999999996,170.57599999999974,185.95943399999993,22.695361800588977,2.427527,18.312049898119483
DHR,Danaher Corporation,189.35,USD,5.699452941833208,4023869,0.5487535912380089,133110414549.03203,USD,Health technology,Strong buy,191.7552737080307,190.3389165033513,191.69131137259933,-6.262376237623765,5.740771765231474,-17.245749748699797,190.48800000000008,194.76849999999965,183.9105999999999,204.00590000000022,33.61978658049395,1.932267,19.62321056879488
PIAIF,Ping An Insurance (Group) Company of China Ltd.,6.925,USD,8.88364779874213,4418,0.12220049400199703,132621853827.18407,USD,Finance,Strong buy,6.917523608878612,7.1622857475227715,7.398658959816693,8.88364779874213,4.135338345864653,-16.515973477998795,6.491,6.799545000000002,7.544442000000003,7.589678890000004,6.742276788144929,nan,14.5776861270325
UNLYF,"Unilever, PLC",61.485,USD,1.2432076403754366,777,0.15797820429407938,132454810047.75096,USD,Consumer non-durables,Buy,59.93787553566664,59.761935569533115,60.43493216395846,-0.09748964172557034,6.615224553494014,-1.9690688775510194,61.32700000000002,60.56746000000004,58.436355999999996,63.604345812499915,19.197065418278655,1.8295801200000001,17.002459407933067
SNEJF,Sony Group Corporation,22.312,USD,5.744075829383885,6226,0.0806644909106692,132210507722.65544,USD,Electronic technology,Strong buy,21.36778743870949,21.36945930218819,21.711924523324754,-1.838979322481299,15.786196159833947,-17.54619364375461,21.536400000000036,21.04746000000004,21.400643999999986,23.78455599999998,nan,0.274902402203,-128.10501299022633
LMT,Lockheed Martin Corporation,572.222,USD,11.24931954273271,1619166,1.6329801959677894,131933568511.07436,USD,Electronic technology,Buy,535.4413571685892,538.894062105017,543.6569216488484,12.061962673560108,14.712828017561094,18.411174340403512,522.3963999999999,520.5065999999999,522.0048399999987,543.0354099999989,27.712521490665182,7.61392,-10.80754195373751
BNPQF,BNP Paribas,116.921,USD,-0.6618521665250606,242,0.1072790140969944,129156798300.42007,USD,Finance,Strong buy,116.41527774711486,113.87829413527558,110.4425228584476,-0.06752136752136198,-1.220789753814434,25.276974177649212,118.39879999999997,117.84634500000004,113.30180199999995,100.06169050000011,9.67394348018764,nan,22.106666890565336
CRM,"Salesforce, Inc.",157.44,USD,-3.4110429447852773,5496513,0.4785626927442275,128943360000.0,USD,Technology services,Strong buy,166.13321299596416,170.7269034280729,179.05600849470454,-6.207553913975941,3.798219584569727,-40.6,167.00600000000003,164.6774999999998,170.34020000000015,207.00375000000025,18.224753437977498,3.275434,35.12270658345455
HTHIF,Hitachi Ltd.,28.393,USD,-3.1910504655817302,8470,0.31625836852501127,128397416041.01341,USD,Producer manufacturing,Strong buy,29.296957345571197,29.80486944392948,30.2902234385702,-2.5802024360953815,-6.6019736842105194,-14.349924585218698,29.044879999999996,28.955970000000008,30.175928,31.608860000000032,25.523427448314653,0.226382401817,24.79941801511023
IITSF,Intesa Sanpaolo S.p.A.,7.26,USD,2.1097046413502034,72817,0.8611332848467647,128188406276.21454,USD,Finance,Strong buy,6.936585898434149,6.849383521893693,6.771324811004032,0,2.39774330042313,0.9735744089012432,7.137499999999998,6.864622500000003,6.7956410000000025,6.662143249999998,11.675401941874078,0.1598884,15.4398102756725
AIQUF,L'Air Liquide SA,197.9525,USD,-0.013890291948683407,85,0.13676588897827835,126081018385.58635,USD,Process industries,Strong buy,199.89447447160757,200.80180849276474,201.13166425601244,-1.0237500000000068,6.334604641168882,5.293882978723397,200.1917399999999,199.53219000000044,200.61831400000017,198.609831,30.468119699094824,3.53182055,20.738675926965
BMY,Bristol-Myers Squibb Company,61.635,USD,1.4400921658986174,2047420,0.2071392892794031,125863060424.57144,USD,Health technology,Buy,58.88290666284553,58.428037972146704,57.814698596470386,1.4400921658986174,11.274598302942765,15.833489945498961,60.845000000000105,58.556749999999965,57.33810000000004,54.99176999999983,17.30056700162802,1.59592,33.756335648582706
SPGI,S&P Global Inc.,420.615,USD,-1.9682561879457403,479804,0.3668187879071905,124502039291.23051,USD,Commercial services,Strong buy,419.6549748474983,415.90276500054773,417.9305293618732,-7.136706848589215,7.903170476954152,-14.779221139950664,436.0250000000001,426.49729215999923,406.7890499480003,435.70719632500027,26.612107254482645,4.80932,24.096290945636138
ADTTF,Advantest Corp.,178.36,USD,-3.589189189189182,167,0.02109065191583946,124418630051.26712,USD,Electronic technology,Strong buy,179.6814430830871,175.64419180070286,167.00095769701866,-3.589189189189182,-8.678511084941881,21.764063353358836,179.642,178.064925,163.48658600000002,78.40611659374997,55.17306321143046,0.9540257618319999,122.44827441877216
IVSXF,Investors AB,40.03,USD,-0.2491901320707735,344,0.25282963398500663,124302651265.23952,USD,Finance,Buy,39.73092289321729,39.50019515374187,38.887857051963145,0,2.2164342985547267,10.055673929479685,39.95400000000001,39.90244999999998,38.28936999999998,28.04140800000001,4.5497379098642705,nan,997.5461735355408
BMO,Bank Of Montreal,175.96,USD,-1.731263263710485,233010,0.40336324729139356,124262199659.7433,USD,Finance,Buy,173.00267154749343,167.79214361664313,160.83649740394068,-3.212321232123214,2.744365292537672,35.17707613121305,178.75000000000009,177.9215000000001,168.9680000000002,143.95470000000006,18.355185696871548,2.6390427195,22.926046761535368
COF/PJ,"Capital One Financial Corporation Depositary Shares, Each Representing a 1/40th Interest in a Share of Fixed Rate Non- Cumulative Perpetual Preferred Stock, Ser",17.34,USD,-0.8576329331046231,29962,0.332309262114171,124041680898.0,USD,Finance,,17.50264491979743,17.618037350728837,17.788643283582374,-1.1402508551881374,0.8139534883720964,-4.6204620462046195,17.51599999999998,17.499499999999976,17.538203999999975,18.26700649999999,6.112521150592216,5.33754,-76.17936014778739
COF/PK,"Capital One Financial Corporation Depositary Shares, Each Representing a 1/40th Ownership Interest in a Share of Fixed Rate Non-Cumulative Perpetual Preferred S",16.7999,USD,-0.5334517465956164,3339,0.49313975985467223,124041680898.0,USD,Finance,,16.928038017863148,17.039616813673433,17.20540633055416,-0.8270365997638744,0.6584781306171339,-4.43742889647325,16.894000000000045,16.930254999999967,16.967827999999997,17.65601050000002,5.92213056965595,5.33754,-76.17936014778739
COF/PI,"Capital One Financial Corporation Depositary shares each representing a 1/40th interest in a share of Fixed Rate Non-Cumulative Perpetual Preferred Stock, Serie",18.04,USD,-0.7154650522839986,50488,0.4304357130007988,124041680898.0,USD,Finance,,18.21235898459437,18.35009721071205,18.55860757185173,-0.9879253567508218,0.8948545861297548,-5.747126436781617,18.20400000000002,18.2215,18.25200000000003,19.12973149999996,6.359278059785673,5.33754,-76.17936014778739
COF/PN,"Capital One Financial Corporation Depositary Shares, Each Representing a 1/40th Ownership Interest in a Share of Fixed Rate Non-Cumulative Perpetual Preferred S",15.32,USD,-0.8414239482200584,7496,0.23872155309134221,124041680898.0,USD,Finance,,15.509495538372498,15.632197151131967,15.819915352004193,-1.1612903225806432,0.9887936717205034,-6.069895769466576,15.456000000000028,15.512000000000004,15.587756000000002,16.366410000000016,5.4004512126339534,5.33754,-76.17936014778739
COF/PL,"Capital One Financial Corporation Depositary Shares, Each Representing a 1/40th Interest in a Share of Fixed Rate Non-Cumulative Perpetual Preferred Stock, Seri",15.74,USD,-0.6940063091482613,94601,1.7119161495684967,124041680898.0,USD,Finance,,15.891518856290343,16.018332104467273,16.20350000201426,-1.3166144200626901,0.44671346522016775,-6.587537091988136,15.865999999999996,15.882000000000001,15.934863999999987,16.691860500000022,5.548505358150027,5.33754,-76.17936014778739
PH,Parker-Hannifin Corporation,977.2,USD,0.6623608063702076,214077,0.44530130646844157,123211620474.79755,USD,Producer manufacturing,Strong buy,948.0638257531759,937.8700839329474,926.5850883551193,2.2165040114643206,4.094763304785041,10.842662855457633,962.3100000000007,962.2265000000001,916.7630000000012,899.8947499999986,36.04999483524429,8.26808,4.3367808437996755
EBGEF,Enbridge Inc.,25.1,USD,0.039856516540460594,300,0.32082130253448826,122846590433.0115,USD,Industrial services,,25.125225244777166,25.132046748537075,25.108038016791774,-0.2384737678855275,0.5608974358974381,1.5783083771752349,25.302,25.22079999999997,25.20164999999996,24.88124499999999,11.789518921155798,0.408496,12.963747234326824
ENNPF,Enbridge Inc.,18.21,USD,0.33057851239670677,400,0.2206287920573635,122846590433.0115,USD,Industrial services,,18.115851581107943,18.02141437613928,17.833572783536564,0,0.33057851239670677,7.117647058823534,18.20301999999999,17.996015000000007,17.620069999999988,nan,8.553272492201078,0.408496,12.963747234326824
ENBNF,Enbridge Inc.,16.502,USD,4.101742388876961,400,0.5329070077271516,122846590433.0115,USD,Industrial services,,15.701600751242049,15.383520682765749,14.861720894508451,0,3.767237422105391,5.4440894568689995,15.874279999999999,15.054619999999996,nan,nan,7.751021563223623,0.408496,12.963747234326824
EBBNF,Enbridge Inc.,25.05,USD,0,5991,0.7495402169425366,122846590433.0115,USD,Industrial services,,24.75725006980089,24.666974959166183,24.558509131272483,0.441058540497191,1.8396178473422118,4.01959970102151,24.986999999999956,24.760749999999963,24.64670209999997,24.311512525000033,11.766033823703296,0.408496,12.963747234326824
EBBGF,Enbridge Inc.,25.39,USD,0,945,0.38399024786672087,122846590433.0115,USD,Industrial services,,25.18289610340001,25.09267139026836,24.980777408309432,0.31608060055314835,0.8740564163686884,3.4721656206699825,25.334799999999994,25.212249999999997,25.065579999999983,24.701461499999947,11.925732486380307,0.408496,12.963747234326824
ENB,Enbridge Inc,56.235,USD,-0.026666666666667678,1018127,0.4108949948376152,122800175962.66231,USD,Industrial services,Buy,55.604405271002136,55.22325172693871,54.426976673403544,-0.8026106897159963,2.8062157221206516,17.351836393989977,56.0769999999999,55.310250000000075,55.682900000000146,51.48958999999997,26.413689104828535,0.408496,12.963747234326824
IVSBF,Investors AB,40.29,USD,-1.731707317073173,1692,0.19220283533260632,122278624968.99178,USD,Finance,Buy,40.53601787490374,40.31590630056304,39.73615767397401,-1.9469457288878174,0.6998250437390681,11.916666666666664,40.86260000000001,40.79014999999998,40.44292200000003,36.858031,4.57928904292859,nan,997.5461735355408
COF,Capital One Financial Corporation,198.06,USD,-1.6388557806913049,1673859,0.3952594622318314,122008816640.13647,USD,Finance,Strong buy,199.2837887199284,197.87582944553498,198.5464196960052,-4.778846153846153,-0.11095420617308799,-18.944137507673418,204.08799999999985,203.71349999999998,194.16379999999978,207.4401999999999,69.81810490693739,5.33754,-76.17936014778739
VRTX,Vertex Pharmaceuticals Incorporated,476.47,USD,0.8252745624986848,307067,0.26513293817861816,120930670304.0332,USD,Health technology,Strong buy,476.60633391402257,469.40943507225654,462.85974423000005,-1.8902501801708949,1.437179296101518,4.8597966280759,479.428,492.146,463.7829000000005,450.8285499999991,28.24613925363844,4.73961,nan
SYK,Stryker Corporation,315.28,USD,1.9531755270986817,662079,0.2971529501612783,120865972904.56032,USD,Health technology,Strong buy,319.51281669878153,320.8149363613105,325.8748562365765,-1.2373523791623735,2.1050586177861264,-10.248235026189935,315.6220000000001,322.02950000000016,313.1235999999998,344.01012499999973,36.519059919150266,3.487366,16.505627378478323
PGR,Progressive Corporation (The),206.25,USD,0.8360222939278419,841536,0.2536583260303558,120519383861.2863,USD,Finance,Buy,212.5223898293759,210.53459997770233,209.8977510234617,-0.36231884057971014,-2.491490166414528,-3.7743771577866956,207.3740000000003,220.19349999999991,208.73480000000018,211.64107499999966,10.339693393625236,3.654735,12.305059171930758
MO,"Altria Group, Inc.",72.0501,USD,-0.16613551337120858,1930272,0.29427781799261954,120315827443.96063,USD,Consumer non-durables,Buy,72.1412964276397,71.33639005130479,69.95963664426958,-2.7007427413909477,1.5791625546313175,24.95681581685745,73.21601999999997,72.49700500000002,71.85820199999998,65.37885049999994,15.060010033025375,1.497864,-19.928367001958186
ZIJMF,Zijin Mining Group Company Ltd.,4.12,USD,-5.28735632183907,1379,0.02157623891264518,118970356410.1508,USD,Non-energy minerals,Strong buy,4.024964821334574,4.140826969511968,4.259513934112074,10.013351134846461,5.102040816326535,-12.340425531914894,3.9744000000000006,3.797845000000001,4.063375000000007,4.535128249999998,13.026662923081982,0.11283098442000002,70.92361166516264
ISRG,"Intuitive Surgical, Inc.",332.515,USD,-2.399542105726617,2131313,0.4428216775066555,117470250192.09117,USD,Health technology,Strong buy,387.53928491620314,406.0282398446201,427.26605914668767,-4.177113051497076,-17.541227526348422,-41.33261582977522,344.37100000000004,391.48824999999954,408.98889999999983,484.53967499999965,38.110164926476486,2.636839,21.753509530853165
SBUX,Starbucks Corporation,102.55,USD,-1.3752644739373021,2006284,0.3696143450787059,116876233766.20454,USD,Consumer services,Buy,103.3024866635185,102.24817986792976,100.45148894799601,-2.9984865682936075,2.085407127214825,21.770363334124923,104.25700000000006,104.59775000000009,102.59940000000007,94.16690000000034,78.27049305449549,0.657875,-52.37541347097525
VRT,"Vertiv Holdings, LLC",304.19,USD,1.0061097091247087,1595035,0.43204874291337103,116842065105.97853,USD,Electronic technology,Strong buy,306.75283437753075,304.08269252739655,291.2830742988119,3.115254237288135,-9.992306781867672,79.50019178001357,298.216,308.3555,317.8862000000001,243.64330000000007,76.36249529308398,1.42225,130.95431354359923
MZHOF,Mizuho Financial Group Inc.,47.911,USD,-7.01948455208818,4,0.00040628110589717025,116830599195.3153,USD,Finance,Strong buy,48.19742786251106,47.07191843688318,45.431251622347354,0,-10.841691944098107,33.45682451253483,52.157399999999996,49.43359999999997,46.40868399999999,38.761421999999996,15.126267367228882,0.724385779689,35.90802922046076
HWM,Howmet Aerospace Inc.,286.165,USD,1.9469184182401253,810723,0.5106387722745437,114496762826.19383,USD,Electronic technology,Strong buy,271.3999080089797,265.73038233787486,257.2332106959816,4.211580480699198,3.508581556435732,39.25981799600954,278.05500000000006,273.77825,267.11650000000003,233.49272500000004,66.38634992808426,1.244269,40.55234927777234
BPAQF,BP Plc,7.3138,USD,2.866385372714477,36980,2.646551539050591,113003655132.91507,USD,Energy minerals,Buy,6.810296450368012,6.863773705350671,6.830370246527674,4.708728829331845,15.724683544303787,21.29021558872304,6.950559999999986,6.765269999999998,7.230168000000001,6.159268000000002,37.789448013028775,0.311908,nan
LOW,"Lowe's Companies, Inc.",201.155,USD,-1.563494005382918,729154,0.23738115217990327,112789038517.63791,USD,Retail trade,Strong buy,214.4764877172963,219.49557891092437,225.8131350687345,-4.010784500858943,-5.936404021510401,-16.70600414078675,204.49099999999993,213.98924999999994,215.49109999999976,240.04953500000033,17.013007882540002,4.255,-2.0584653871323124
ESOCF,ENEL Societa per Azioni,11.105,USD,-1.0249554367201443,1349,0.07803822658274713,112788987268.08142,USD,Utilities,Buy,11.43306527771263,11.454835557032505,11.388411317431203,-5.004277159965775,-4.943291247592543,6.166347992351812,11.371000000000006,11.54965000000001,11.557739999999999,10.991172999999996,23.75003598060944,0.20257403456000003,-38.106477578362274
FTNT,"Fortinet, Inc.",152.055,USD,-1.931634956465659,1207333,0.2861184786771321,111402851076.294,USD,Technology services,Buy,148.4885560871757,138.8298898849367,126.67930155725519,-5.3413017088430195,4.988607332734926,90.1400525196949,157.43500000000006,158.22175,145.8055000000001,98.48180000000006,58.7493238544162,0.745963,6.532208273307267
ZFSVF,Zurich Insurance Group Ltd,756.25,USD,0.21467474126393127,220,0.49594229035166815,111285799128.1634,USD,Finance,Buy,736.9816744136899,728.2500690956471,722.4303978436149,2.0084709183122893,9.840232389251996,4.454419889502763,754.7919999999997,732.2306499999993,714.5128000000004,718.3824676,15.340054083547832,23.46,26.558481531120037
BNY/PK,"The Bank Of New York Mellon Corporation Depositary Shares, each representing a 1/4,000th interest in a share of Series K Noncumulative Perpetual Preferred Stoc",24.735,USD,-0.44274501911853265,9203,0.1864620035294666,110088341723.0,USD,Finance,,25.193046655465583,25.28406742017914,25.36061277355839,-1.8452380952380947,-2.771226415094347,-3.7548638132295715,24.93799999999998,25.170254999999976,25.404402,25.560635,2.8797122034135096,2.243265,31.18795246968262
BNY,The Bank of New York Mellon Corporation,159.97,USD,-0.261861712076805,960510,0.21852690736682823,109800062506.5672,USD,Finance,Strong buy,149.6264587599173,144.7497749871459,138.71215658953867,1.0996650445554,9.030806979280262,37.89328506163261,158.662,152.47600000000003,145.47119999999998,124.82464999999998,18.62411809905232,2.243265,31.18795246968262
BYDDF,"BYD Co., Ltd.",11.095,USD,-0.8489722966934663,57432,0.24207427202164816,109147871283.949,USD,Producer manufacturing,Strong buy,11.010339606350806,11.277461617313872,11.645481646636195,-1.6409428994423676,16.78947368421053,-12.430939226519333,11.287960000000009,10.605130000000004,11.090088000000016,12.400140500000003,26.41139570669492,0.1044978,-40.930309800384116
SO,Southern Company (The),96.1,USD,0.3131524008350701,1167500,0.3278185778143449,108333643722.01147,USD,Utilities,Buy,95.43382148172688,95.04826828419768,94.5369563219908,0.3445755455779454,1.930420025456081,10.244350120454277,95.10200000000002,95.88400000000006,94.21680000000013,92.8585249999999,24.579891040233264,0.995297,-6.2556946242746925
RCRRF,"Recruit Holdings Co., Ltd.",79.765,USD,1.7229066238171744,5690,3.581093838504626,108287988358.76186,USD,Technology services,Strong buy,72.40896112014826,67.76130878235976,63.02066163014887,-1.5392781316348194,11.077844311377241,36.14097968936677,78.13379999999998,74.36409500000003,66.52439999999996,53.740876999999934,36.437027425070156,0.673854176996,22.927653716688813
CM,Canadian Imperial Bank of Commerce,116.05,USD,-1.4353660608119567,309655,0.29287188856425855,107533163190.12921,USD,Finance,Buy,115.11163343665845,112.757833242257,109.02247505917941,-4.233371843538546,3.755029056772466,27.611612051902355,118.04000000000003,116.63399999999986,113.7337999999999,98.78360000000002,15.637111603185238,1.7697626100000001,28.852264365883386
BNS,Bank Nova Scotia Halifax Pfd 3,85.99,USD,-1.8042708690190687,858463,0.3972941183820894,105985604138.93483,USD,Finance,Buy,85.33769963853248,83.30302483833864,80.6163716592424,-3.738945483040416,-0.11615750958300444,16.2812711291413,87.4839999999999,87.24999999999997,83.62500000000001,74.54934999999998,16.16467025344389,1.4778140025000002,53.813572502080554
AXAHF,AXA,51.35,USD,0,339,0.3325159391858754,105700715118.82768,USD,Finance,Strong buy,49.64631218857953,48.898905388518166,48.21664875283891,0.6862745098039243,3.9473684210526376,3.174603174603171,51.11999999999998,49.25852000000008,48.374985999999964,47.01088300000001,9.65001544605715,2.512532,46.9467483863275
TT,Trane Technologies plc,477.48,USD,0.8192567567567557,228186,0.2214344202399984,105549572407.163,USD,Producer manufacturing,Buy,472.6348886974512,468.1643190942831,460.68986720878934,0.5856330313882514,-1.5261508001979824,22.155137126483837,471.8220000000003,479.01499999999976,469.85180000000065,438.5832500000004,36.9355013382428,4.265686,7.558033114235796
MDT,Medtronic plc.,82.15,USD,0.3174990841372636,1306951,0.19452505886278085,105155719632.42154,USD,Health technology,Strong buy,81.95160435918274,82.32596283128163,83.90350958376348,-1.0002410219329938,3.009404388714741,-14.462723865056226,82.5760000000001,81.8995,79.79700000000001,90.45660000000004,22.047180698317277,1.38781,3.002073255010367
KYCCF,Keyence Corp.,430.75,USD,-3.093363329583802,3265,1.0960053709298423,104468206375.12502,USD,Electronic technology,Strong buy,466.4573805995244,463.8332059049726,451.6995575320088,2.071040970593116,-11.404771698889345,26.616696061140512,440.95799999999997,474.6231299999995,480.6974320000023,407.7150150499991,37.259671433294145,2.8480455872439996,5.50662903600504
GD,General Dynamics Corporation,383.875,USD,2.871422446135699,644051,0.6524643979182766,103811384746.93663,USD,Electronic technology,Buy,365.57382494330153,359.8634364848896,354.79935367851385,3.7528041298413446,10.946531791907514,14.065192844832703,372.789,367.31425000000024,354.3982999999999,348.128525,24.137464866666246,3.964277,10.37337775001735
AAIGF,"AIA Group, Ltd.",9.904,USD,0.6504065040650413,3493,0.15348111694531713,102473169470.83046,USD,Finance,Strong buy,9.704716075032596,9.875609808791264,10.039801329283597,5.766766339171285,9.050869852455396,-8.735716918540364,9.858400000000008,9.368900000000002,9.879571000000004,10.339148000000005,16.757140845599505,0.374732,-4.647512065929555
SNYNF,Sanofi,84.95,USD,-0.6432748538011662,310,0.01251347216559764,102436836474.99414,USD,Health technology,Buy,86.86205899160116,87.73567877219133,89.07824743452326,-3.080433542498577,4.837714426755524,-9.809958594330604,86.81599999999987,85.84415000000021,87.63104799999975,93.6419389999999,16.997564079191854,nan,9.067004402783253
EQIX,"Equinix, Inc.",1034.075,USD,0.5185955635048736,105189,0.2547627697449684,101984872749.12962,USD,Finance,Strong buy,1044.8088058769986,1041.2975659141775,1019.7599977459961,0.7448145514063288,-6.384664131812409,34.96854442936203,1025.6009999999994,1033.4372500000004,1057.633499999999,924.0198499999997,71.51279391424619,4.726956,50.236888039231985
GLAXF,GSK plc,25.312,USD,-1.7391304347826102,101,0.06572097865694951,101389623648.82242,USD,Health technology,Buy,25.79231318757675,25.95339765660695,25.938275261691707,0,-2.3215608792294304,-0.2875714004333283,25.705199999999984,25.659154999999977,26.26626400000001,23.21586950000005,13.447638258530846,0.6158353752000001,91.03740860452251
USB/PP,"U.S. Bancorp Depositary Shares each representing a 1/1,000th interest in a share of Series K Non-Cumulative Perpetual Preferred Stock",21.3334,USD,-0.7748837209302277,29968,0.6340903993533835,100426963921.0,USD,Finance,,21.57059401412841,21.730237953494594,21.969727723407022,-1.371243643088294,-1.0968938340287402,-5.6044247787610635,21.53867999999997,21.470765000000007,21.702463999999917,22.671766500000007,4.256634342950637,1.301586,19.95117514719256
USB/PQ,"U.S. Bancorp Depositary Shares, Each Representing a 1/1,000th Interest in a Share of Series L Non-Cumulative Perpetual Preferred Stock",14.3508,USD,-0.9606625258799217,8442,0.22098955783764257,100426963921.0,USD,Finance,,14.638012777660022,14.743581075152699,14.880047408258433,-1.7741273100616006,-2.5081521739130506,-6.570312499999999,14.522140000000018,14.596285000000005,14.731192000000032,15.240151630000012,2.8634023704058422,1.301586,19.95117514719256
USB/PA,"U.S. Bancorp Depositary Shares, Each representing a 1/100th interest in a share of Series A Non-CumulativePerpetual Pfd Stock",762.4987,USD,0.03918918918918129,406,0.4270986745213549,100426963921.0,USD,Finance,,767.1614502011046,769.4589731034719,772.7658189974522,-0.5855747793321978,-0.6710480036474946,-1.3585122897800794,763.7557200000003,765.5124749999957,769.8459459999973,781.9463719999975,152.14068797637574,1.301586,19.95117514719256
USB/PR,"U.S. Bancorp Depositary Shares, Each Representing a 1/1,000th Interest in a Share of Series M Non-Cumulative Perpetual Preferred Stock",15.12,USD,-0.8524590163934478,35478,0.5139385440870557,100426963921.0,USD,Finance,,15.413297784289401,15.53937958743769,15.711167067948923,-1.3698630136986356,-2.765273311897116,-7.522935779816527,15.284000000000015,15.3595,15.506792,16.17343399999999,3.0168801628157547,1.301586,19.95117514719256
USB/PH,U.S. Bancorp Depositary Shares repstg 1/1000th Pfd Ser B,18.5899,USD,-0.48233404710920574,13111,0.2515830678896266,100426963921.0,USD,Finance,,18.687275783017157,18.723874050527424,18.775628869206518,-0.6419027258150762,-0.26877682403433734,3.7382812499999907,18.705979999999993,18.614489999999996,18.79789599999992,18.770848999999927,3.709226226106389,1.301586,19.95117514719256
USB/PS,"U.S. Bancorp Depositary Shares, each representing a 1/1,000th interest in a share of Series O Non-Cumulative Perpetual Preferred Stock",17.105,USD,-0.7006972140464501,21706,0.44748826441101464,100426963921.0,USD,Finance,,17.388002675858832,17.51391404165599,17.700058797580088,-1.4121037463977002,-2.201257861635209,-6.171146461876028,17.250139999999956,17.349534999999992,17.475729999999995,18.237802000000016,3.412945448740971,1.301586,19.95117514719256
NEM,Newmont Corporation,94.07,USD,-1.7545691906005294,2671201,0.373922106449475,100424685722.25713,USD,Non-energy minerals,Strong buy,97.42184984461223,100.45998404016525,102.42397192861654,4.406215316315204,-3.921969155346751,-6.852163580552532,92.24199999999999,94.06950000000003,101.18620000000001,104.05395,12.202620313918796,1.992121,73.0415263748597
DUK,Duke Energy Corporation (Holding Company),128.81,USD,0.6721375537319261,1182906,0.36531615978290033,100419783019.61632,USD,Utilities,Buy,126.6157883071228,126.40320456164744,126.05984687300896,2.3032324676356173,3.254509018036074,9.924901860385727,126.70600000000005,126.73600000000002,124.98919999999997,124.59449999999994,19.718331419823958,1.305146,8.965804837364464
MSBHF,Mitsubishi Corp.,29.9,USD,-3.2362459546925573,1000,0.11079841336672043,99958722119.1391,USD,Distribution services,Buy,29.09444187144621,29.738629044612956,29.92698905120882,3.999999999999995,10.740740740740737,26.64125370605675,28.999999999999993,27.970475,30.22154,28.612294500000008,22.631425180518345,0.48303850123099995,-15.8891610718286
DUK/PA,"Duke Energy Corporation Depositary Shares, each representing a 1/1,000th interest in a share of 5.75% Series A Cumulative Redeemable Perpetual Preferred Stock",24.4701,USD,-0.48759658397723155,27956,0.5715442284377805,99749330311.0,USD,Utilities,,24.63753930412207,24.68422986993216,24.741607393846397,-0.9708619991906201,-0.5280487804878162,-2.1728179870150703,24.626020000000004,24.605755000000034,24.685299999999913,24.92996699999997,3.7459012629161883,1.305146,8.965804837364464
PNC,"PNC Financial Services Group, Inc. (The)",247.57,USD,-1.9563581640331067,455182,0.20769043483847324,98780427850.88338,USD,Finance,Strong buy,242.87281484666352,237.1592489877809,230.65386602655772,-1.6799046862589428,5.04051932623361,18.607770804388448,250.69200000000006,250.42050000000026,234.8354000000001,214.73940000000016,13.616663183253214,4.904722,24.22383164799126
USB,U.S. Bancorp,63.075,USD,-2.1637971149371737,2278909,0.26226786195155355,98253928173.05841,USD,Finance,Strong buy,60.7657997016141,59.333156767140196,57.76754753863958,-1.0122410546139298,7.051934826883912,18.27301706356648,63.50699999999999,62.377749999999956,58.39849999999998,54.16917499999999,12.585298695079613,1.301586,19.95117514719256
CEG,Constellation Energy Corporation,273.43,USD,-0.534739905420142,847387,0.35191717651280197,98189263220.93115,USD,Utilities,Strong buy,263.3965559423938,269.32140447871535,278.41751825179426,7.051969712393019,1.8721707866843147,-23.622905027932962,263.2879999999999,254.4347499999999,264.06449999999984,311.18820000000045,23.745755499396434,2.432999,21.378125395286084
CNQ,Canadian Natural Resources Limited,46.865,USD,2.3029906134031863,1932314,0.28068241632763524,97497330398.95708,USD,Energy minerals,Buy,43.741939001637085,43.77874360693483,43.26988049908999,6.8757126567844935,13.999027000729756,39.08591779195727,45.082999999999956,41.964749999999995,44.23450000000002,39.94467500000001,14.05187641300665,1.41073856,34.74076146436405
NOW,"ServiceNow, Inc.",94.415,USD,-1.094699350513291,28479876,1.3482095396389722,97370942318.68497,USD,Technology services,Strong buy,101.60819749286127,102.78094790274368,107.09615914386274,-6.074352622835024,-0.7620348959428151,-38.323099033185265,99.97500000000002,103.34725000000014,103.96989999999998,127.13180500000013,58.95778693643063,1.036042,0.7803650094398972
PWR,"Quanta Services, Inc.",648.045,USD,0.762664427651829,324179,0.39863849127322337,97245732216.23027,USD,Industrial services,Strong buy,665.1023315100033,662.0106531796807,639.73199457797,2.1846765165013484,-8.69390630503699,52.499117543240374,638.2950000000004,665.1762499999994,697.0889,555.5685249999999,88.90725751131842,3.307092,17.851541657908776
UPS,"United Parcel Service, Inc.",114.37,USD,-1.2689917127071813,1162892,0.27806383126007495,97215211751.83875,USD,Transportation,Buy,111.1764503713335,109.27227195256529,107.40022147027314,-2.994062765055132,6.93782141187471,15.176233635448144,115.48400000000001,112.11949999999997,107.5188000000001,102.63079999999987,18.515760332853052,1.663656,-9.902564252166055
CSX,CSX Corporation,52.275,USD,4.696575205287401,11420435,0.9268394896233804,97134212428.70218,USD,Transportation,Buy,48.9851733479276,47.549308116364685,45.684745895797626,2.7417452830188602,13.063696333946142,43.63236708339056,50.59100000000004,49.27324999999997,47.43479999999999,40.84292500000001,30.188842688842687,0.535822,6.402851173651228
SPOT,Spotify Technology S.A.,469.205,USD,-1.0450059051796947,465826,0.34887228721625935,96601023841.00598,USD,Technology services,Strong buy,476.6095325223628,479.8967664442857,489.8133425025119,-3.1868358609305676,1.4453429040906345,-19.914487608383972,481.41100000000034,476.9172500000006,477.18170000000015,529.0241249999999,37.377322117069745,3.1527776883600005,106.90951046645789
ADP,"Automatic Data Processing, Inc.",241.09,USD,-0.8349786113853246,459333,0.21634528770655004,96371936460.89832,USD,Technology services,Buy,236.33533843888821,231.58867017738058,230.28877746549637,-5.198379930006684,9.194256986276558,-6.201610706921359,248.18699999999976,240.9447499999998,229.7588000000001,236.66777500000015,22.47275845676308,2.594758,9.820039308819906
TKOMF,"Tokio Marine Holdings, Inc.",50.41,USD,8.19918437432924,779,0.38612143742255267,95945823132.32411,USD,Finance,Strong buy,47.33544420333438,46.65267919296339,45.617858134033305,3.1934493346980455,8.78290893396632,26.562892292242022,46.963500000000025,46.40425000000005,46.55937200000003,42.05350000000004,15.575973482148687,0.663900686163,-10.030390006458116
MAR,Marriott International,363.07,USD,-1.81990265008113,308618,0.2604951211923802,95737427425.39714,USD,Consumer services,Buy,372.2499208170622,369.4635091881007,361.0538343927902,-1.8225575295421996,-5.563647713676322,16.91193044598293,366.7699999999999,371.16499999999996,375.99620000000016,331.68432499999983,38.09838611513358,3.075393,8.54233581630561
MCK,McKesson Corporation,817.51,USD,0.42626897941133457,155747,0.20162186065803392,95712223530.08478,USD,Distribution services,Strong buy,801.3995136582563,802.7008790695547,809.2311710607476,-2.1813004044320023,7.177880329330327,-0.059902200488998664,826.6480000000001,799.0175,776.4534000000006,832.5775999999992,21.252905178106264,9.561558,49.00157656000032
WM,"Waste Management, Inc.",237.69,USD,0.5541924020644734,383614,0.26144386853015633,95450540712.32947,USD,Industrial services,Strong buy,230.3495859983048,228.20324268044115,226.89901021646702,-0.4939925482480038,9.549707332810987,8.366007112245827,237.12200000000036,232.30549999999957,223.58559999999977,222.7061499999997,34.40096100963904,1.977423,4.211034357937912
IFNNF,Infineon Technologies AG,73.01,USD,-5.5131357577326146,332,0.12072727272727272,95013428554.04785,USD,Electronic technology,Strong buy,79.32043721264198,77.39423421426758,72.34362468432322,-0.19138755980861322,-19.236725663716815,64.28892889288932,74.20500000000001,81.81299999999995,85.582758,56.05337900000001,76.67056288103818,0.51077377234,48.88543768339495
GMBXF,Grupo Mexico S.A.B. de C.V.,12.185,USD,-0.30681120883615987,5657,0.564362460967507,94860222576.4879,USD,Non-energy minerals,Buy,11.831834814010708,11.75868209588734,11.509697442577975,2.3949579831932786,6.233653007846555,27.059436913451517,11.88100000000001,11.521260000000007,11.900700000000002,10.643634000000002,13.861948814217614,0.211367,65.64800042495133
ATLPF,Atlas Copco AB,20.0225,USD,0.024978144123904377,74771,2.111363995753044,93758692016.93784,USD,Producer manufacturing,Strong buy,19.658706008469295,19.57214825804761,19.405689118555387,0.024978144123904377,-0.4722256741642792,1.947556008146641,19.8345,19.2536385,19.602425400000005,17.655504520000008,35.713693278369895,0.16521143600000002,-7.449013362725715
MGCOF,Midea Group Co Ltd.,12.12,USD,0.580912863070527,50118,5.030917486448504,93739061745.03098,USD,Consumer durables,Strong buy,11.62923399445012,11.558000709510257,11.510701673356857,0.1652892561983436,10.483135824977197,-0.931829328102017,11.780000000000003,11.249549999999996,11.420102,nan,14.928287205701842,0.25999214598,3.4366654531341627
STOHF,Equinor ASA,39.2,USD,6.305084745762719,168025,3.500849037930639,93717363225.62907,USD,Energy minerals,Buy,36.318530046932345,35.97602951432033,34.81245958590582,-0.9725906277630364,8.587257617728534,62.507254788160196,36.26500000000001,36.190050000000014,37.689583999999996,27.804929500000007,17.552426472846328,1.25226,-31.960101946209623
ITOCF,Itochu Corp.,12.02,USD,3.2823509194019564,630,0.044740505070590575,93498139306.63834,USD,Distribution services,Strong buy,11.962781457284958,12.083031559436945,12.209575391989492,3.317861440605116,4.612706701479542,0.1666666666666631,11.92979999999999,11.673220000000004,11.973211999999991,12.450178849999997,14.9105107540084,0.26481537353699997,-1.7722361211992697
BROXF,BROOKFIELD CORP.,15.2697,USD,90.87125,500,0.3563791874554526,93372647579.88751,USD,Finance,,13.845897572265885,14.233209948936596,14.86961895380827,0,90.87125,-1.4858064516129015,13.938900000000007,14.348131999999996,17.434782,nan,30.777823983717447,0.626343168,169.9492374738812
NET,"Cloudflare, Inc.",262.63,USD,-2.360770317495733,753265,0.2781247986566092,93265889533.37538,USD,Technology services,Strong buy,250.46394755117865,240.0206581490024,229.10254736792766,-5.813369674365221,22.062651050381113,32.04122674710909,270.8,261.32049999999987,240.37579999999994,211.74749999999992,nan,0.268447,-4.503367003366998
INGVF,ING Groep N.V.,33.25,USD,-1.8884626733549736,146,0.07056208013145812,92691324214.71846,USD,Finance,Buy,32.084915570292225,31.180288714353267,30.074934988693347,0,7.147460685743749,15.361262902246501,32.834,30.663675000000005,28.455953999999988,21.22802956,13.18972439165652,0.7319382595800001,nan
MRAAF,Murata Manufacturing Inc.,50.12,USD,-4.00306454702165,2722,0.5584620750497534,92439928164.06212,USD,Electronic technology,Strong buy,55.83263629679648,52.51035526416545,46.75836089420183,0.1758874320434941,-25.868954296701673,133.11627906976742,49.96670000000002,59.61803499999998,57.48352500000001,31.819316750000006,62.42509286222672,0.248690229788,-3.653664724373558
CMI,Cummins Inc.,669.24,USD,1.2849035187287188,235784,0.3151344852160088,92347798144.71011,USD,Producer manufacturing,Buy,665.3042945705338,656.3501353456314,635.6052449153262,2.644171779141106,-4.513643659711074,31.107846018219224,655.6700000000002,672.5474999999999,675.2838000000006,573.1468400000002,34.73738301748704,7.205678,-4.155514651012388
CDNS,"Cadence Design Systems, Inc.",334.07,USD,-0.872377674252989,475000,0.2450945992914857,92141856970.51228,USD,Technology services,Strong buy,356.7031895267262,353.80040668160837,346.10186847274116,0.31529637859588355,-12.814155596732524,5.8188153310104545,335.15200000000016,365.10249999999957,373.0315999999999,327.85224999999997,77.98996148009805,2.053518,8.486982068686055
BN,Brookfield Corporation,41.23,USD,-1.387227935900515,1380622,0.4407925659918791,92091144469.81924,USD,Finance,Strong buy,43.37941716423873,43.70744102715665,43.91830599621256,-5.218390804597709,-5.760000000000007,-10.563991323210422,42.24199999999995,43.065000000000055,44.30220000000004,44.741067118850054,83.10377301771942,0.626343168,169.9492374738812
CME,CME Group Inc.,254.095,USD,1.9479216819130114,1024077,0.3983674232148121,92073706070.61763,USD,Finance,Buy,251.13498700678485,258.4989388169124,266.3073174941274,4.351129363449691,2.2227139236432416,-6.666789105401386,246.17499999999936,238.13025000000016,257.1276999999999,278.7115999999999,21.555212460023245,2.940163,14.086483556897594
VLO,Valero Energy Corporation,309.29,USD,-0.5242506110896679,876136,0.3151692825853365,91838340330.36195,USD,Energy minerals,Buy,278.89464813948564,266.81857942900734,252.10922738794233,0.09709052072882984,27.36369626091254,89.45788667687597,311.59400000000005,285.39300000000003,263.9518,214.2885,22.460821193591958,10.127421,385.49871311215315
WMB,"Williams Companies, Inc. (The)",75.07,USD,0.7786280037588916,1260130,0.2107971295805401,91810479073.44542,USD,Industrial services,Strong buy,74.26872377895566,73.85307735371535,72.7430621198781,2.3728351288694873,1.15887346718771,24.88770587256695,74.09200000000001,74.72049999999999,74.33880000000002,68.26404999999988,32.98475328441495,0.50136,22.09108953382329
BCLYF,Barclays Plc,6.8,USD,-3.546099290780142,12496,0.39321688290028917,91709640683.87097,USD,Finance,Strong buy,6.669673503863447,6.503687993220252,6.318931925236372,-4.895104895104902,0.7407407407407381,8.799999999999997,6.959999999999998,6.880234999999997,6.446743999999998,5.960001000000009,11.309854076270993,0.202673016,18.367794117082507
MPC,Marathon Petroleum Corporation,314.075,USD,-0.552529922107531,814993,0.41354200859230966,91689994479.03015,USD,Energy minerals,Buy,281.26734791226136,268.5305314130133,253.72085101606135,0.3035628694679625,28.047537508153944,92.86152901443046,315.513,285.9822499999999,267.29850000000005,218.10367500000004,20.52348528412358,13.953687,114.97787455222308
MNST,Monster Beverage Corporation,93.46,USD,-2.3100240409741906,1159866,0.21794533179321054,91404636928.31001,USD,Consumer non-durables,Buy,93.68816189321869,91.11606195064557,87.7094260913101,-3.8922309630315297,-1.496627318718383,21.89904786748401,95.30799999999994,96.67125000000004,92.30990000000008,79.75194999999994,45.355721634475394,0.581399,36.0401399617086
SNOW,Snowflake Inc.,263.42,USD,-1.6355489171023134,1477918,0.39162683978769997,91301369446.45886,USD,Technology services,Strong buy,246.762332251257,231.51397117971476,218.38123326953885,-1.385145253069777,16.32333134618357,19.790814006366535,269.2379999999999,262.563,232.74020000000002,209.4174000000001,nan,0.44635,16.45828381269312
HOOD,"Robinhood Markets, Inc.",101.1601,USD,-3.177545941807048,8358268,0.4259696728389229,91176138460.2918,USD,Finance,Strong buy,100.01101301440453,96.36924338630348,94.17084297685561,-1.2975900087813397,-0.47705248659550015,-12.398811894906386,102.24801999999998,107.14100499999986,94.984602,100.91957550000001,48.92397349712241,0.421352,18.0126705096741
MELI,"MercadoLibre, Inc.",1791.82,USD,-0.4107358229445201,91112,0.2715810702819451,90840222144.35912,USD,Retail trade,Strong buy,1752.7047612021906,1744.929426121888,1770.470529007279,-1.515343054540267,13.325638390386587,-11.626347069122833,1812.002,1788.547,1694.4327999999996,1902.4074250000006,47.31277626096462,8.640731,-6.841315524069561
OVCHF,"Overseas Chinese Banking Corp., Ltd.",20.16,USD,-0.03966679888932526,1163,0.19298420284083367,90601629853.91638,USD,Finance,Buy,18.19407680217889,17.252785339084642,16.189072934650792,0,4.66746274855927,40.97902097902098,18.717799999999986,16.4072,13.999743319999995,10.047379389999998,15.913662068334025,nan,3.6317528876672784
FCX,"Freeport-McMoRan, Inc.",62.94,USD,-3.1692307692307726,8751527,0.635270882617518,90480014721.2409,USD,Non-energy minerals,Strong buy,62.303896032361536,62.31654422616417,61.308292632328325,6.641816333446279,-3.8746656476881873,21.585306911551474,61.52399999999992,61.0105,63.748199999999976,56.487300000000005,33.48406660637336,0.781152,55.154766817994215
LLOBF,Lloyds Banking Group plc,2.0,USD,-6.54205607476636,6,0.05333333333333334,89166895094.172,USD,Finance,,2.0887519868181372,2.0920907101559085,2.0916120249010133,-6.367041198501878,-6.716417910447767,-4.761904761904766,2.0911999999999997,2.0933350000000006,2.0965100000000003,nan,19.321319336969605,0.032453136,nan
CHDRF,Christian Dior S.E.,490.0,USD,-2.9356998534130962,54,5.09433962264151,88401185912.77274,USD,Consumer non-durables,,518.1759976022082,530.2135295134054,546.546401299731,0.9872014179427507,-9.59409594095941,-30.63420158550396,524.06848,520.6053075000002,595.520493,635.2320107499996,16.618808941034715,nan,-1.2990388512299729
JCI,Johnson Controls International plc,143.945,USD,1.021124289423808,743208,0.28242121294881,87823093512.0756,USD,Producer manufacturing,Buy,141.7490349537136,140.73550820263225,138.2239295736538,0.7806483231813909,0.1286867000556499,19.49609828988876,141.59499999999989,142.20525,141.9201,129.64825000000008,25.745841531032013,1.302403,49.09730926158032
MMM,3M Company,169.915,USD,-0.49484656828296963,1460965,0.38550271365053745,87628970834.78558,USD,Producer manufacturing,Buy,160.51923751594265,158.38461588755655,157.16189484176127,5.918838050118443,4.8663827686230885,6.130543410368518,166.07700000000006,161.42024999999984,157.13869999999986,158.3752749999999,30.169566761363637,2.378663,-21.668984700973585
XIACF,Xiaomi Corp.,3.4,USD,-0.8746355685131266,12166,0.11775854175317553,87293940827.48874,USD,Electronic technology,Strong buy,3.356892977241141,3.490211897687313,3.749745235109159,-5.55555555555556,13.33333333333333,-34.865900383141756,3.462600000000003,3.176285000000001,3.4225849999999993,4.506208749999998,18.492331020927168,0.03323824812,11.869946423812152
MITSF,"Mitsui & Co., Ltd.",30.85,USD,6.379310344827591,3234,0.26688012675568173,86767658569.33888,USD,Process industries,Strong buy,30.398274773367987,31.451966601739965,32.175282036089925,6.379310344827591,6.123151014791886,-1.2799999999999954,29.160000000000025,28.752540000000018,32.35189500000001,31.785072000000042,16.84123312478034,0.46519521005100006,-10.33536165710747
DDOG,"Datadog, Inc.",242.645,USD,-1.2715140171705253,987034,0.27458157657251653,86371963421.08669,USD,Technology services,Strong buy,239.58106911411178,224.04655965056222,204.2832069296465,-6.16613171429675,9.764317379896864,76.79052823315119,253.019,255.85675,238.63390000000004,164.315275,647.57139044569,0.582736,-18.825823223570197
KKR/PD,KKR & Co. Inc. 6.25% Series D Mandatory Convertible Preferred Stock,41.6,USD,-0.8343265792610284,44464,0.2120404891275839,85773799411.0,USD,Finance,,41.63441323193328,41.77528657674483,42.488061059607055,-2.6217228464419415,1.3768734007554646,-19.822684783656154,42.37199999999999,41.28700000000005,41.21285799999997,45.56528599999999,14.179079041548793,1.429139,27.19035852083061
SHECF,"Shin-Etsu Chemical Co., Ltd.",43.44,USD,3.834018548618413,64,0.08665041971297048,85732832958.98384,USD,Process industries,Strong buy,43.449401083331516,43.2106099288926,42.1615076435467,0.147547030616009,-6.7811158798283335,30.92224231464737,43.489599999999996,43.4658,44.34966700000001,37.76775824999999,27.31728123705037,0.41625831976299993,-11.411643452079458
KKR,KKR & Co. Inc.,95.445,USD,-0.08897728462263997,677478,0.20146498796523568,85697480213.36642,USD,Finance,Strong buy,96.32488918584188,96.77462916678117,98.91888369718447,-5.621477306437262,-0.48482952768220566,-25.9427374301676,97.19899999999993,95.56674999999997,95.48790000000001,107.8564250000002,32.53178363270732,1.429139,27.19035852083061
RACE,Ferrari N.V.,359.98,USD,-3.129625144640886,182882,0.6573093597270154,85106771676.99205,USD,Consumer durables,Strong buy,365.3831515113147,361.54068288667537,361.01797371253457,-4.171436177292682,3.7077583474979123,-2.986039993532039,369.98199999999997,373.81799999999987,356.99759999999964,365.1846999999995,34.691873488588115,2.8459963891,8.872330655924301
ADBE,Adobe Inc.,213.43,USD,-2.2577395127312725,1549731,0.326929459645166,84838425237.51369,USD,Technology services,Buy,223.53409827269348,229.40141971257918,241.08680541932222,-9.43692451309033,7.814710042432814,-39.137377914022956,226.18799999999982,219.3665000000001,228.32819999999995,279.44197499999996,12.207230652200025,6.067412,11.805369041681042
ACN,Accenture plc,138.16,USD,-1.3776857734313703,4939975,0.6815982699347841,84545923669.23091,USD,Technology services,Buy,146.5895778109756,156.71102113807197,171.9152217127858,-3.276393167180066,10.713999519192235,-48.5992782469586,141.48199999999997,136.25799999999984,155.32599999999994,213.62019999999993,11.03355747576227,3.184357,-0.3414327441164492
PSX,Phillips 66,210.5,USD,-0.43044321460668683,983576,0.41197580391483735,84396824872.12999,USD,Energy minerals,Buy,189.70527328657116,183.5882523708543,176.4952411338244,2.149754937642552,24.92581602373887,63.17829457364341,209.96800000000002,190.3325,181.96639999999985,157.81530000000004,20.71564941838723,7.500788,131.74147053457398
ESLOF,EssilorLuxottica,181.8799,USD,-2.8678771695594167,519,0.19893441680401702,84218588711.55388,USD,Health technology,Strong buy,195.03147564580578,202.99471035515694,217.44797685406087,-5.529203999480594,-3.558035951004831,-41.71963694915526,187.7859600000004,191.56923000000026,197.67300399999985,271.71227300000044,31.08309564328134,4.43499928598,10.222765343239438
MRSH,Marsh,176.025,USD,0.0198874936075894,525493,0.22828043462914796,84001116986.08316,USD,Finance,Buy,174.07405401013264,172.78819319796347,173.50314228037897,-2.479224376731299,8.610476954402428,-4.546933463478115,179.57700000000023,176.01225000000005,168.40130000000048,177.73672499999992,21.539487530897432,1.977292,-1.9073111593907066
EPD,Enterprise Products Partners L.P.,38.815,USD,-0.19285163281049844,785289,0.26891141845449207,83976961906.25494,USD,Industrial services,Buy,37.721384018634836,37.532366888418395,37.08625941804813,1.609947643979044,7.046332046332046,20.919003115264786,38.648999999999965,37.56874999999998,37.7319,35.16227500000003,14.429368029739777,0.742223,1.055636951049994
PROSF,Prosus NV,42.1324,USD,-6.372444444444452,466,1.0194705753664406,83920955375.277,USD,Technology services,Strong buy,44.52699237524167,45.80218795160181,47.92703398568808,-6.372444444444452,-6.372444444444452,-32.99554707379136,44.46400000000001,45.42961630000001,50.729940520000035,48.13636963000001,8.005309521102863,nan,1.243835755316769
GLCNF,Glencore Plc,7.16,USD,-0.6934812760055453,1552,0.06472248981413135,83766784480.89203,USD,Distribution services,Strong buy,7.129680027512714,7.175118550642098,7.065306018105908,4.985337243401757,1.272984441301271,25.614035087719298,7.040479999999993,6.886455000000002,7.386918000000004,6.453906499999997,251.8827886661188,0.260459,nan
HCA,"HCA Healthcare, Inc.",375.76,USD,1.0460644849006335,516749,0.287247641966064,83358521391.78378,USD,Health services,Buy,391.2413656541844,403.10150240681696,418.25745491007876,0.6212510711225346,-2.1865889212828074,-19.33018462859597,372.46400000000006,390.61100000000016,389.9215999999999,458.0111500000001,12.580309284908383,7.096661,25.46742221531456
MCO,Moody's Corporation,473.895,USD,-3.227486216050645,340997,0.3958457882682349,82789457117.40863,USD,Commercial services,Strong buy,474.7944086456935,468.7206999260387,466.2897258523778,-6.757634188572332,5.302979801346579,-7.028368516048035,494.11899999999997,484.82975,462.8492999999997,471.90329999999926,30.053080171987368,4.291444,34.01494097549782
ABNB,"Airbnb, Inc.",136.97,USD,-2.1992145662263565,977395,0.3118586965930874,82552491444.94836,USD,Consumer services,Buy,141.71030640958932,140.02176795439124,137.73454427665092,-6.696185286103551,-1.679707127987943,0.7576872149477719,142.40799999999996,145.4974999999999,139.2354,131.64242499999997,33.73728416956083,1.259363,2.1538384117957854
NGGTF,National Grid PLC,16.49,USD,2.384204644231943,514,0.23657200718000646,82052226309.03401,USD,Utilities,Buy,16.43805920526764,16.549950663848286,16.611790264564632,2.2065203917193386,2.0547097413045994,3.9067422810333916,16.49199999999998,16.34775,16.63917,16.2437665,19.131173254875023,0.4603291,10.73462745815208
SNPMF,China Petroleum & Chemical Corp.,0.511,USD,-13.021276595744682,1313,0.15352595208306538,82013146381.50142,USD,Energy minerals,Buy,0.5356251167572447,0.5487181069311511,0.5621160011654819,-13.021276595744682,-7.090909090909097,-10.882455528426929,0.5377000000000001,0.5337008500000003,0.5647286399999999,0.5681679599999999,12.09812903736584,0.0117744,-16.120063077458617
ELV,"Elevance Health, Inc.",377.38,USD,-3.009586470996423,276557,0.15750933442016105,81842133102.3793,USD,Health services,Strong buy,389.89684493379076,384.0715091603428,374.2423296248613,0.2550342702300567,-5.390092258323305,7.592302209550961,383.05000000000007,400.0725000000001,398.7560000000007,350.450399999999,16.77311536905921,4.72939,-4.238366624246124
CP,Canadian Pacific Kansas City Limited,91.6999,USD,0.4160096364432834,1454768,0.6671095819000036,81405333860.76047,USD,Transportation,Strong buy,89.76441352273669,88.32202658241913,86.31829840045262,-2.249333759727111,7.201192424596671,24.204117567384536,91.90998000000012,89.71199499999993,88.64099800000004,80.30794950000002,28.43721868132877,0.873664,12.587181014183418
LLDTF,Lloyds Banking Group plc,1.4,USD,-9.677419354838717,205,0.0013037138036581573,81296017882.80365,USD,Finance,Strong buy,1.394580129916272,1.3687822348918721,1.3394432993808443,-6.354515050167237,-0.14265335235378046,2.9411764705882213,1.4690000000000003,1.40093,1.3359500000000006,1.141422545,13.524923535878724,0.032453136,nan
CTAS,Cintas Corporation,203.07,USD,0.8492252681763903,668534,0.25469560908052435,81245693265.41641,USD,Commercial services,Buy,187.09812407687718,183.825226575748,183.14289662056197,-0.20885034030320715,17.66716884922933,8.257810001066202,202.21799999999985,185.5555000000002,177.9380999999998,184.45812499999974,41.3719338277239,1.34902,11.519062116599276
ICE,Intercontinental Exchange Inc.,142.515,USD,-0.010524100189444172,867730,0.2935245850899266,80594014987.3895,USD,Finance,Strong buy,139.45321340654868,142.40814165401818,146.63590339766347,2.988148576383864,6.672904191616761,-11.667906284864273,140.98700000000002,134.74025000000003,140.6452999999999,154.94999999999993,20.749676047930347,1.835983,42.23616633532139
CMCSA,Comcast Corporation,22.495,USD,-4.357993197278906,17408515,0.5926813703609465,80357282901.20302,USD,Consumer services,Buy,23.705307860462394,24.42772485718194,25.380634173539676,-5.799832495812387,-0.28812056737587644,-19.65269961380529,23.478999999999996,23.559500000000003,23.947699999999987,27.122775258749943,4.423795476892822,1.028122,24.843485306032253
EMR,Emerson Electric Company,143.455,USD,2.7393826541574287,1560532,0.7741564348319497,80349144807.53656,USD,Electronic technology,Strong buy,141.3598943895362,141.03679646637963,140.49006165833168,2.86462067976481,-2.305230182511571,7.674697890865438,139.69299999999996,139.56324999999993,140.17729999999995,139.031675,33.096853082318205,1.676914,3.4463007159904335
WEBNF,Westpac Banking Corp. Ltd.,23.38,USD,-1.141649048625791,5523,3.894098568709018,79864676165.46394,USD,Finance,Buy,25.015142725586458,25.353260185860915,25.611017585440884,-5.028840685677145,5.983680870353583,-8.707536118703635,24.729600000000012,24.88464999999998,25.97426800000002,24.436152500000027,16.701042562581968,0.7324555557899999,14.37204156459396
ENGQF,ENGIE SA,31.276,USD,-1.32508833922262,1679,0.13286276123477697,79469985558.96576,USD,Utilities,Strong buy,31.014359758361856,31.101363630439238,30.82418696543231,-0.4836451571846793,1.157901546024971,17.358348968105073,30.908400000000007,31.000749999999993,31.133139999999994,29.14880900000001,17.639757015426568,nan,3.5250456672288224
ITW,Illinois Tool Works Inc.,275.33,USD,0.5110794728580211,365560,0.2764448926662398,79212442243.32205,USD,Producer manufacturing,Buy,268.61640978230986,266.3313997141676,264.8793021061582,-0.6100642552884261,4.676272668516904,11.627812690046616,273.79800000000023,271.494,260.83580000000006,261.0085000000001,25.56215764552966,2.791341,-5.191535807337499
MHVYF,Mitsubishi Heavy Industries Ltd.,23.515,USD,-1.8162839248434186,4509,0.9703660662405579,79013115477.29605,USD,Producer manufacturing,Strong buy,23.901584442579406,24.65625780974821,25.5328642989376,-0.5708245243128881,0.06382978723404498,-2.427385892116186,23.606999999999992,23.55585500000002,23.937449,27.554914000000007,37.776553460805424,0.147155666658,27.8771392951948
TRV,"The Travelers Companies, Inc.",377.89,USD,1.5614921522253287,635862,0.309265083106279,78818408518.18558,USD,Finance,Buy,341.80579807318173,329.9316991931813,319.01344198527346,2.79923830250271,20.63912654833354,30.934479054779793,371.41600000000005,344.2130000000005,319.02040000000034,297.03460500000006,10.118620468055482,6.702963,65.14110353488454
VCISF,Vinci SA,139.725,USD,2.9130146571407405,1525,2.1116034339518137,78656194871.32076,USD,Industrial services,Strong buy,142.49093139635804,144.0143417005197,144.70760862237418,3.7998662803654852,-6.041960863425468,-1.1845827439886927,135.96780000000018,144.20565000000005,145.113884,133.15606250000002,13.758848115573352,4.0486027,16.304065595490236
CNI,Canadian National Railway Company,129.595,USD,1.317332499413652,896086,0.6195043279562384,78612324368.83751,USD,Transportation,Buy,123.0561572560629,119.8734086007162,116.06284267206719,0.46902860686874154,12.818838687211626,31.009906995551955,128.065,124.01925000000006,119.49710000000005,106.09212499999995,23.73417739485366,1.3820998399999997,10.05730492344155
SU,Suncor Energy Inc.,66.46,USD,2.688504326328793,1021959,0.2978140214951085,78472329650.86996,USD,Energy minerals,Strong buy,61.21313977966493,60.94752257687409,59.83915115763418,6.88324220006432,19.103942652329742,50.22603978300179,63.91200000000001,58.796499999999995,61.39940000000001,54.1977,17.58865691668185,2.1579859839999997,12.754683562320244
HON,Honeywell International Inc.,247.46,USD,6.210566977123481,2654960,0.9262092454378802,78401904514.7609,USD,Electronic technology,Strong buy,234.87370373457446,234.4907275860444,233.51641355423146,9.982222222222227,4.627882787370954,20.635644096859874,232.30199999999945,228.5578414,231.8233539200002,226.11065356695045,17.53891078161767,2.193871,-18.970388918242183
EOG,"EOG Resources, Inc.",146.76,USD,1.9166666666666603,709381,0.252820571634996,78168555579.05916,USD,Energy minerals,Buy,137.66392025500838,136.08282607662082,133.46342063915586,5.704407951598954,11.114476075105978,39.771428571428565,143.03599999999997,136.25550000000015,136.6947999999999,122.94049999999996,14.43223947526281,4.990824,-5.629437149088195
NSC,Norfolk Southern Corporation,347.95,USD,5.1399045144134865,1398364,1.3935926175958753,78147480837.50392,USD,Transportation,Buy,327.0500897560356,320.8360017177097,314.403557083785,2.1069929864718158,14.160569572492523,20.44376752397106,337.0639999999997,325.9625,316.7551999999998,300.6144000000001,29.325995162201114,3.377959,-18.973311844405593
AMT,American Tower Corporation (REIT),166.96,USD,0.5419727809225615,1176637,0.5092302326445958,77785505223.6011,USD,Finance,Strong buy,172.74396230064954,175.03717593701893,177.2293827587002,-0.7549188610830303,-6.45974564401367,-4.735821065845021,166.70600000000022,167.2030000000002,176.8653999999999,179.37705000000028,26.951201795024943,1.566771,58.97402997331144
ANZGF,ANZ GROUP HLDGS LTD,25.7,USD,-1.4476080912664222,380,0.6838222062263811,77427711654.68794,USD,Finance,Buy,25.30591799660201,25.225235456415778,24.616773192480654,-1.4476080912664222,4.386677497969123,2.12596860719253,25.050500000000007,25.724125000000004,22.26814402,nan,19.031660592919536,0.8330044872,-0.12334411998343688
NPPXF,NTT Inc.,0.9056,USD,-1.1407674253588855,55,0.0005721841517473984,77189099000.0,USD,Communications,Buy,0.9144814715602683,0.9235395987586831,0.9370053666278528,-2.2294197031039196,0.08288666629827235,-12.077669902912627,0.90951,0.9065590000000003,0.9282527200000007,0.9840694849999998,11.422644828799791,0.018359635008,-0.48233331407778346
MDLZ,"Mondelez International, Inc.",60.055,USD,-1.3227078540913566,1901026,0.24568054661351776,77089588327.51569,USD,Consumer non-durables,Strong buy,60.45695102716219,60.34009761970349,60.067156579585415,-1.0136805670018163,-1.3875205254515581,11.33667037449018,60.40900000000001,59.854249999999965,60.90510000000002,58.612925,29.77589369824979,0.679894,-25.044596402556852
INTU,Intuit Inc.,281.33,USD,-1.1038070798326864,927576,0.24344086904235165,76954160968.18279,USD,Technology services,Strong buy,292.2094988734572,313.89554686469023,353.0513477793021,-1.117711152507823,7.238697872989254,-57.41295791704512,288.1259999999998,277.68399999999826,301.09930000000026,477.23540000000025,17.035126281434113,3.537886,34.38603629261943
BAESF,BAE Systems PLC,26.24,USD,1.2033323048441746,2718,0.17037334202542437,76905691429.15591,USD,Electronic technology,Strong buy,25.820322318061198,26.143040105072153,26.421232134288154,3.781047302641985,9.607351712614857,11.659574468085099,25.763599999999997,25.30837500000002,25.599804000000017,26.33753374999999,28.630655121762334,0.48706218000000007,14.336737814628211
NOC,Northrop Grumman Corporation,540.4299,USD,2.884157021017363,410494,0.414086239536604,76775115571.71431,USD,Electronic technology,Strong buy,540.2933073078984,554.7640086191085,573.2069220277631,3.237926950408794,4.115032654555248,-5.1194894573289655,524.70598,526.2649949999995,536.7714980000001,608.9041245,17.13588729750554,7.10067,15.966068289956544
SHW,Sherwin-Williams Company (The),310.22,USD,-3.0289768997530544,754039,0.4506311587679704,76511302948.70338,USD,Process industries,Strong buy,325.7534487470617,325.72644264136346,327.19657746952197,-6.467271685711698,-3.6583850931676936,-4.030935808197981,320.7019999999999,334.4845000000003,319.26360000000057,332.49555000000015,29.77016457943477,3.520848,-1.3938568103105617
RCL,Royal Caribbean Cruises Ltd.,284.53,USD,-0.4617806541892776,961251,0.49077910623410076,76309518380.0567,USD,Consumer services,Strong buy,289.42452827750304,288.0168744588341,287.17525577214195,-1.5773634508284629,-2.554882016507427,2.1651705565529524,286.28000000000014,294.8005,286.9622,286.22224999999975,17.368029104404727,3.981717,37.58860483085296
CI,The Cigna Group,287.5,USD,0.9303142004563725,319676,0.201380856988067,76053069408.63612,USD,Health services,Strong buy,286.0285556458192,284.8064242097673,283.50843622528845,2.2294918749777697,0.2685453213824789,3.9181667028121065,285.646,287.26099999999974,286.7602,280.30975,12.179829355295153,7.597032,30.779203510404905
AMXOF,America Movil S.A.B. de CV,1.24,USD,-7.4626865671641855,100,0.007413777764597729,75902881786.5509,USD,Communications,Strong buy,1.3033561352937966,1.2815994942469575,1.2346909437541846,0,-12.056737588652478,21.568627450980387,1.3199999999999996,1.2998349999999994,1.1463717999999998,0.92378185,14.589556764676837,0.01918845417,71.06256989042147
AON,Aon plc,352.58,USD,0.07095620582976188,158550,0.13516125108084245,75302958186.48308,USD,Finance,Strong buy,345.8497921799251,340.10773060341256,337.0422928962917,-3.3683229643434704,10.773194256809816,0.41581225791751525,358.85999999999956,351.799,334.45120000000054,336.33510000000075,19.3463779726304,3.802047,55.29197235784827
ROST,"Ross Stores, Inc.",234.51,USD,-1.5532513328575697,452631,0.2356701680849471,75226370118.03236,USD,Retail trade,Strong buy,227.53545843017434,225.27007411212477,219.77787840123133,-0.41192457958212964,0.6005748359143654,29.85768868708123,235.5539999999997,221.96599999999984,225.18579999999992,199.54634999999996,32.68295402282831,1.932503,13.472182686529393
FDX,FedEx Corporation,315.95,USD,-1.5793408510373166,395942,0.2744217602867266,74747825059.52557,USD,Transportation,Strong buy,316.9528593561247,314.5390505900242,306.12539883819704,0.6210191082802512,-3.0857949142664345,35.79715581549107,314.2719999999997,315.0934999999999,319.3510104819993,272.48534129229984,17.044289798780817,3.308983,9.927059242127733
DASH,"DoorDash, Inc.",171.35,USD,-3.589714735835253,1781119,0.594112111905765,74660406257.88414,USD,Transportation,Strong buy,177.0344598317322,175.22779480853126,176.8829937897245,-7.202816138640678,-1.0681293302540384,-25.412440691246246,182.0560000000001,186.60449999999994,170.6134000000002,193.62509999999983,81.61855768314756,0.465375,174.50313807531379
ECL,Ecolab Inc.,263.93,USD,-1.1053657074340484,279573,0.29550715976452696,74279800733.81226,USD,Process industries,Strong buy,270.0441192101449,269.33091559910423,269.3433289689058,-3.208889540853748,-1.4818962299365326,1.0451761102603438,267.29800000000006,274.8050000000001,265.0312,270.7174,35.68791832871341,2.080258,0.5971489199629989
MURGF,Muenchener Rueckver Ges,584.74,USD,3.585473870682021,35,0.09555009555009555,74244503632.578,USD,Finance,Buy,571.1206762735139,573.8338745122232,583.1358409439407,-1.3894252578927808,6.899451553930532,-12.76508455106257,583.8688000000004,575.9763825000001,553.4102530000002,612.2353107499998,9.709938490813448,15.74989592268,59.852461482466666
CHGCF,"Chugai Pharmaceutical Co., Ltd.",45.0475,USD,3.213426509336685,2755,0.35699013903826465,74137506015.01755,USD,Health technology,Strong buy,46.555087862985744,47.87730902189217,49.37693522302349,3.3199541284403624,1.139425235743153,-16.065772312278746,44.74399999999995,44.78425,46.590130000000066,51.48910550000002,26.03228660756696,0.46539161525999995,4.159491019369339
EIPAF,ENI S.p.A.,25.25,USD,-0.04948045522018521,2322,0.009504683983584158,73851140597.6911,USD,Energy minerals,Buy,25.24993833396322,25.230864562306216,24.548144793012195,1.7632241813602016,1.9789983844911083,23.110677718186242,24.862000000000002,26.107874999999996,24.176310000000004,17.985015499999996,28.00419126364436,0.8241778775400002,1.8868168523695046
BAM,Brookfield Asset Management Inc,45.977,USD,-0.9329885800474033,791593,0.40342087208784994,73415449766.81558,USD,Finance,Buy,46.77727508411379,46.96756740836134,47.50944183598472,-4.868611628388169,-2.3220735075419663,-12.24088566520329,46.92539999999998,46.43684999999994,47.13054000000007,49.63698499999997,29.803743944019505,0.42852832,13.918809923757516
SPG/PJ,"Simon Property Group, Inc. Simon Property Group 8 3/8% Series J Cumulative Redeemable Preferred Stock",55.0,USD,-0.3478765038411367,381,0.2950972039346294,73359056652.0,USD,Finance,,54.79482639212933,54.67079101450796,54.530519127726514,0.036376864314301795,0.5300676293182218,2.9576937476600493,54.98442000000013,55.022104999999954,54.8383800000001,54.08330999999998,10.063859764688662,1.642732,-18.347253141294775
SPG,"Simon Property Group, Inc.",226.16,USD,-0.026522853859076243,203419,0.1428501605263923,73339599736.6118,USD,Finance,Buy,220.41599117993155,215.643237533334,209.6961877662227,-1.3048221688850137,5.171130952380954,22.599880739415624,227.2119999999999,224.4869999999998,214.73320000000035,195.2378999999998,41.38259135239978,1.642732,-18.347253141294775
AEP,"American Electric Power Company, Inc.",134.42,USD,1.014503644698275,1044058,0.3125377741086897,73138603704.45901,USD,Utilities,Buy,133.47205286939493,132.58187518917057,130.93177492187803,1.3343384847342492,2.274975272007898,16.441441441441434,132.23200000000008,135.00399999999996,131.28439999999998,125.83887499999992,19.881968376991225,1.484626,30.44124172792346
VOLVF,Volvo AB,35.94,USD,4.249456127628705,300,0.07922674694977025,73091371109.23466,USD,Producer manufacturing,Buy,34.61689180281935,34.52885869134604,34.30683000249287,5.7058823529411695,8.909090909090903,9.614944719786493,34.688000000000024,34.29524999999999,33.95674800000003,32.20287449999999,19.85516842409031,0.5628733331,-8.072968520659566
AEM,Agnico Eagle Mines Limited,143.13,USD,-2.6657599455967467,1431171,0.5998986707355979,72921454431.20532,USD,Non-energy minerals,Strong buy,154.3091529106439,163.07822551001382,170.8424000431002,4.39063525636349,-11.429455445544555,-15.92457706766918,141.022,147.48100000000005,162.9375999999998,183.8040750000001,13.549457050678283,2.8804371199999994,131.3305660574122
HLT,Hilton Worldwide Holdings Inc.,319.02,USD,-1.6068840020972877,329269,0.16235039233030493,72624387520.43314,USD,Consumer services,Buy,329.0598509419489,327.7529503767879,322.6674560803632,-1.4094084193608216,-6.596398770311821,11.20716700944678,322.38800000000003,330.26849999999996,332.0604000000001,303.95270000000033,48.765649123343366,2.265714,3.1910530632847522
URI,"United Rentals, Inc.",1157.89,USD,11.866944911406117,505771,1.0859264409049734,72537825821.97664,USD,Finance,Strong buy,1076.6127927068458,1038.5058468286566,993.4137600125629,9.475545302410017,9.011740116930438,42.8453348795322,1052.8819999999998,1083.6585000000007,1044.2171999999998,900.0329499999992,27.819516355729615,13.459968,7.655638525983063
KMI,"Kinder Morgan, Inc.",32.59,USD,0.30778701138812375,7781201,0.9739441802837385,72507072773.85226,USD,Industrial services,Buy,32.31525393840946,32.24489404476793,31.947107487395602,0.2769230769230874,1.4948614138897665,18.552200800291036,32.467999999999996,32.363000000000014,32.2923,30.326575000000016,20.99871134020619,0.314087,27.338365605513616
MIELF,Mitsubishi Electric Corp.,34.5,USD,2.666349244137605,3157,1.1184327062741348,72487153198.24152,USD,Producer manufacturing,Strong buy,36.24223539241488,36.63281628832465,36.25188491800212,5.0548112058465176,-13.259918539749588,15.0,34.2376,36.25465,38.017478000000025,32.476775,27.61662857742297,0.311105771119,20.251508213789734
DPSTF,Deutsche Post AG,64.6775,USD,-0.8013803680981717,379,0.041538798772468216,72389859961.19315,USD,Transportation,Buy,62.25119248036453,60.660340330300905,58.833065379828405,0,6.290057518488074,18.47865909507234,64.7515,61.20555499999995,57.50982600000004,49.60462450000009,18.129380964454565,1.05306154832,15.294024135682442
CL,Colgate-Palmolive Company,89.905,USD,-1.8825712103022967,1394642,0.3695147680107457,71941019652.30093,USD,Consumer non-durables,Strong buy,91.16807376525647,90.47866982616524,89.53021542594156,-2.3726789010750378,0.07235084594835009,13.90472570632205,91.3889999999997,92.32675000000032,90.48550000000037,85.61605000000013,34.886112296767685,0.946984,-27.029475889798103
SNPS,"Synopsys, Inc.",373.73,USD,-1.0275151611450957,632507,0.3352512851510395,71561565109.38289,USD,Technology services,Strong buy,425.5267742762776,437.37280495705124,445.27699873909046,-2.1649214659685816,-19.62795698924731,-21.967261034785146,380.629,425.0909999999999,461.0184000000001,452.1503749999998,86.46153846153847,3.666715,-68.87197361409169
RBSPF,NatWest Group plc,8.975,USD,-1.8578661330359019,527,0.06612627986348123,71381625917.65263,USD,Finance,Strong buy,8.694729471492561,8.512817760517354,8.350396389891475,-0.16685205784205304,3.220241518113851,0.6730229949523332,9.037980000000001,8.882895000000001,8.357988,8.144677499999998,9.740252693084908,0.2286501075,22.587683412425676
MFC,Manulife Financial Corporation,42.675,USD,-0.8480483271375511,441273,0.33926669931658143,71219900063.12798,USD,Finance,Strong buy,41.23378309507576,40.31896144825039,39.21486903608624,-1.579797047970485,6.421446384039888,17.271228359439398,42.88699999999999,41.702249999999985,40.13630000000001,36.72237500000001,17.050575384341904,0.7590140799999999,35.8905013511072
SLB,SLB Limited,47.605,USD,-0.1363541011118205,4200540,0.41692729130233436,71172215132.61526,USD,Industrial services,Strong buy,48.84227046577939,49.67535910978468,49.52188544591217,1.287234042553185,0.4324894514767897,23.939078365009113,47.04900000000001,46.84275000000001,51.55130000000009,46.24782499999994,20.8738928352188,0.511294,-22.62595419847327
ORLY,"O'Reilly Automotive, Inc.",85.87,USD,-0.7627412458106975,1874126,0.2606704549709408,71161763593.70485,USD,Retail trade,Strong buy,87.88754731753743,88.92036610581864,90.1918068783552,-0.278713273719655,-1.1511453896627144,-5.3669825876129496,86.19000000000005,87.0934999999998,88.45560000000012,93.48514999999998,28.056590211069725,0.862652,12.50964967099217
MKGAF,Merck KGaA,162.161,USD,5.245361145905667,157,0.19969473416433475,70504011768.9377,USD,Health technology,Buy,160.01415632934786,156.30426610015095,151.97263179668622,2.1744061495809928,3.4335174578065866,9.754380740309584,157.67820000000006,162.8353500000001,156.52412000000004,143.24254800000003,24.100515523894874,2.31287935492,-4.042813325539984
PCAR,PACCAR Inc.,133.22,USD,1.6093356723361947,2000222,0.7022815437580983,70111855201.97375,USD,Producer manufacturing,Buy,123.62677486342382,121.62262906626123,119.76011159347708,5.071377868917101,10.988919436807462,21.340741415429445,128.22200000000018,124.13349999999994,118.40610000000014,114.7802249999999,28.3495062989445,1.355771,-28.717917602087244
ET/PI,Energy Transfer L.P. Series I Fixed Rate Perpetual Preferred,11.5302,USD,0.0017346053772880335,22350,0.3928613489470085,70096415378.0,USD,Industrial services,,11.527273053187981,11.560521422102333,11.595150577648381,-1.3669803250641475,0.5248474280732348,0.6125654450261764,11.530019999999993,11.51710000000001,11.512694,11.639334000000009,9.688429543735822,0.380889,-10.370537731586094
ET,Energy Transfer LP,20.355,USD,-0.07363770250368468,3294418,0.41900960275120325,70044797988.17822,USD,Industrial services,Strong buy,19.732127321838014,19.54437155819944,19.269451576243494,0.12297097884900214,8.098778544875213,23.738601823708215,20.314999999999987,19.76075000000001,19.58349999999999,18.25452500000002,17.103604739097555,0.380889,-10.370537731586094
TRP,TC Energy Corporation,69.935,USD,0.12168933428777087,478243,0.18346667358217322,69935001302.25755,USD,Industrial services,Buy,68.4452606763005,67.5682644545351,65.96068621670729,0.20776615560968045,2.6342823598473757,27.131430648972923,69.34099999999994,68.44475000000004,68.50350000000012,60.622824999999985,30.48793720384207,0.5892677119999999,-21.54950744946246
GM,General Motors Company,79.56,USD,-3.129185437720679,1608787,0.24470314855855324,69810042035.53246,USD,Consumer durables,Strong buy,78.27104940452594,78.25582299816637,77.72705306632515,3.3380958566047636,0.46723071094835783,-2.2724481021987404,78.61599999999997,77.46100000000008,78.95900000000006,76.44844999999995,40.12912337334813,3.5702,-68.57106623125456
TNCAF,TC Energy Corp.,14.45,USD,0,1000,1.5429717636167257,69765136299.0945,USD,Industrial services,,14.438372736189656,14.303624109516344,14.069486906091498,0,-0.34482758620690146,1.6982552942915183,14.651419999999998,14.311670000000003,13.587293999999996,12.170688250000001,6.299430794244911,0.5892677119999999,-21.54950744946246
NXPI,NXP Semiconductors N.V.,274.37,USD,-1.588952654232427,1424880,0.4591164573021341,69270488447.21704,USD,Electronic technology,Strong buy,281.24713174763207,277.68852455133816,268.3516728375333,1.6938472942920655,-10.789940010729788,24.371614423970453,272.00600000000014,278.9914999999998,295.9540000000001,240.41762500000019,26.253743768360017,3.515999,13.848248815294934
NU,Nu Holdings Ltd.,14.255,USD,-1.75740868366643,74338599,0.5532107942327666,68858557449.367,USD,Finance,Strong buy,13.542909555781721,13.594611745352895,13.874642955064132,4.739162380602508,13.857827476038349,-16.44196951934348,14.146999999999995,13.682749999999988,12.978700000000018,15.143825000000001,21.978106691335185,0.198443,47.543221110100085
APO,"Apollo Global Management, Inc. (New)",119.37,USD,0.27721774193548243,814082,0.2017710691661783,68818896544.10231,USD,Finance,Strong buy,122.6946335042183,123.57619737613499,124.40804750752014,-1.8742293464858208,-9.568181818181815,-17.681539204192806,119.10399999999993,119.46300000000004,126.66699999999993,126.95609999999994,78.49674492010259,2.154199,-73.13820391436445
APO/PA,"Apollo Global Management, Inc. 6.75% Series A Mandatory Convertible Preferred Stock",60.48,USD,0.09930486593842298,30879,0.042797583465959785,68628645762.0,USD,Finance,,62.76789625380555,63.42394190557446,64.12125083712667,-0.34602076124567616,-11.12417340191036,-20.87135707977628,60.438000000000045,61.08200000000003,64.88939999999998,66.10909800000005,39.7711580193332,2.154199,-73.13820391436445
REGN,"Regeneron Pharmaceuticals, Inc.",652.095,USD,0.14051414355478936,415393,0.6930263589693453,68365004609.72019,USD,Health technology,Strong buy,656.0766648281854,664.7822919664297,677.2495590888836,-3.3532428266540197,7.266581129095946,-15.777203745560215,665.4609999999991,654.9337499999987,641.6799000000003,705.7837749999989,15.888402668472938,10.213224,4.472156251829569
TDG,Transdigm Group Inc.,1217.69,USD,1.92433246840211,94911,0.2822929164884571,68109761054.66184,USD,Electronic technology,Strong buy,1258.0804873834807,1256.343505380992,1259.3307963080874,-0.32170396686365943,-5.73914524356919,-8.377538505526582,1207.4080000000017,1274.0089999999989,1253.3274000000001,1281.3803500000006,37.98704742414695,10.300865,8.239322242219385
TRPPF,TC Energy Corp.,17.8118,USD,-1.0455555555555465,900,0.6360424028268551,68069736751.395485,USD,Industrial services,,17.945490811400692,17.842785531889163,17.6378195866324,0.3481690140845162,-2.010210593490733,1.030050708443484,18.05368000000001,17.979354999999995,17.536152,nan,7.764996638126749,0.5892677119999999,-21.54950744946246
MPNGF,MEITUAN,11.0,USD,2.2304832713754665,3099,1.3118015577378936,67922424807.68679,USD,Technology services,Strong buy,9.764905300955794,9.86640599326301,10.20607352165968,1.8518518518518452,22.973728339854663,-16.9811320754717,10.006199999999984,9.455734999999997,10.084046000000003,12.314312485,nan,0.004185357660000001,nan
MPWR,"Monolithic Power Systems, Inc.",1380.375,USD,-1.2925024133862522,209776,0.2795947890790416,67817822856.69714,USD,Electronic technology,Strong buy,1390.9169755143173,1394.3623885760853,1356.3086257840796,3.557120993878283,-4.342568466570571,48.810646773141585,1360.5769999999989,1342.8472499999993,1473.8731000000002,1199.8201,99.45064841498558,5.871416,-63.151159888922514
MSI,"Motorola Solutions, Inc.",405.77,USD,0.3561447332624336,179748,0.23447665727923434,67356022210.991196,USD,Electronic technology,Strong buy,411.7815802225447,413.64659321529365,416.2096924088911,-2.9885002510340213,3.565594691168956,5.8567254513200435,408.0239999999997,413.51599999999996,408.0362000000002,416.82830000000007,32.71309829972831,3.851273,3.4787976874754927
HKXCF,Hong Kong Exchange & Clearing Ltd.,52.966,USD,8.359247135842878,849,0.26487380276417183,67024808039.445755,USD,Finance,Strong buy,50.03709839816694,50.26525647512555,50.76752180414153,8.862580671681664,11.296490859424244,-3.3995987598030224,50.29559999999998,48.14445000000006,49.63842000000006,52.54098400000008,30.847987896658054,0.48258000504000004,19.58716351586279
RSG,"Republic Services, Inc.",217.6,USD,0.49879918714205806,328407,0.2788293086488053,66947707962.017365,USD,Industrial services,Strong buy,215.71019066065062,214.4771276798872,214.45531214885466,-2.012878821993065,4.655636783378226,3.3483733080028415,218.31799999999993,218.09700000000038,211.74640000000008,214.73374999999984,31.19623810069962,1.81595,5.163809609962764
JAPAF,Japan Tobacco,37.31,USD,-6.338646918538969,10,0.08375209380234505,66219784667.967316,USD,Consumer non-durables,Strong buy,37.93659598935273,37.90322146073631,37.66528560695726,1.52380952380953,1.1111111111111212,-1.2440444679724691,37.549000000000014,37.536249999999995,38.005618,32.38938150000002,19.133871110896003,0.586542958001,189.52330676486494
CVNA,Carvana Co.,60.37,USD,-3.7928286852589683,3772604,0.5236720154835517,66215973993.235535,USD,Retail trade,Strong buy,65.6533698618099,66.89421361390251,68.22773845060358,-10.761271249076138,-8.530303030303033,-28.417283247960537,64.03599999999999,66.427,67.288,72.53384500000008,30.30014053402931,0.383466,248.80952380952377
CRH,CRH PLC,98.63,USD,-1.429142514491312,1586102,0.5140753597680289,65904583656.011986,USD,Non-energy minerals,Strong buy,105.04557213299148,106.72224240521146,108.60027113350246,-5.081320373400059,-10.033749885980116,-21.410358565737056,100.2599999999999,104.862,105.61699999999999,114.51894999999992,18.27598347138066,2.01761,14.203787958946137
APD,"Air Products and Chemicals, Inc.",295.375,USD,-0.5471380471380471,177174,0.18153499708138643,65774310161.308914,USD,Process industries,Strong buy,293.63851567254767,291.6837068231803,288.72259026336457,0.09318874957640706,4.951321773735078,20.42359752120026,296.2029999999998,296.1117499999999,289.80310000000003,275.31672500000036,31.243389041675478,3.343054,37.39881116746843
MCQEF,"Macquarie Group, Ltd.",178.0,USD,9.578921447919234,994,1.12,65506898874.498886,USD,Finance,Buy,163.52914317706185,158.2771517000361,153.09107971497383,5.300520586843356,9.578921447919234,30.488967084524596,169.07300000000004,151.68765000000013,143.51817800000003,127.00885500000004,20.515138847629547,4.39302645,42.465109438803175
ALL,Allstate Corporation (The),254.3899,USD,1.0165190803319695,309223,0.20844551388782906,65485284850.82237,USD,Finance,Buy,240.96748781188577,233.79821182956863,226.68230370774253,2.2179852935267435,12.32829955402482,22.869928516228757,252.31798000000003,247.2479950000001,229.4923979999999,212.22579949999985,5.612412661081977,6.033913,209.7751503553855
WBD,"Warner Bros. Discovery, Inc. - Series A",26.075,USD,0.8704061895551174,5907730,0.23212594324236158,65373590906.04254,USD,Consumer services,Buy,26.57751396114212,26.690053011832216,26.565327693103892,-2.9586899888351383,-3.2467532467532467,-9.430357763112193,26.096999999999998,26.601250000000004,26.783499999999986,26.23895000000001,nan,-0.135056,84.13440799182655
LITE,Lumentum Holdings Inc.,836.995,USD,0.8792334578763359,2626559,0.6723214288228281,65118214512.6149,USD,Producer manufacturing,Strong buy,812.8740539604737,811.0971896391436,770.4681196375918,9.535681101383274,0.5822267620020461,120.62180399599346,800.5250000000001,784.33675,858.8928999999998,585.2387750000001,155.34140049368054,2.968827,nan
FIX,"Comfort Systems USA, Inc.",1846.535,USD,3.0973278393800396,276344,0.6233852482665634,65002515501.74795,USD,Industrial services,Strong buy,1793.9405511782484,1765.615261014854,1677.3215238737394,8.619066946665024,-4.817783505154636,96.77482949701621,1759.4689999999996,1791.4792500000008,1852.5343000000005,1372.9004750000001,53.297052193464786,10.454582,107.81259372113385
ALL/PB,Allstate Corporation (The) 5.100% Fixed-to-Floating Rate Subordinated Debentures due 2053,25.635,USD,0.1171646162858861,5581,0.17275803041606178,64826313010.0,USD,Finance,,25.69145561452641,25.74928135220051,25.816867786341735,-0.05847953216373106,-0.6780317706315272,-0.6395348837209269,25.636000000000017,25.617079999999923,25.77342999999991,25.99303052500001,0.5655656870293847,6.033913,209.7751503553855
ALL/PI,"Allstate Corporation (The) Depositary Shares each representing a 1/1,000th interest in a share of Fixed Rate Noncumulative Perpetual Preferred Stock, Series I",18.235,USD,-0.6808278867102396,15649,0.6916532231331904,64826313010.0,USD,Finance,,18.59140916398584,18.72180742166592,18.904416744229678,-1.751077586206893,-2.694770544290283,-6.391170431211504,18.463,18.562854999999995,18.677980000000094,19.419431000000067,0.4023050635061763,6.033913,209.7751503553855
ALL/PJ,"Allstate Corporation (The) Depositary Shares each representing a 1/1,000th interest in a share of Fixed Rate Noncumulative Perpetual Preferred Stock, Series J",25.82,USD,-0.0773993808049519,21775,0.6882415783252104,64826313010.0,USD,Finance,,26.003987745782247,26.043921994418398,26.11320745312159,-0.9209516500383671,-1.3374092472296577,-1.862409730140625,25.918000000000013,25.998,26.050299999999915,26.33363800000005,0.5696472026174649,6.033913,209.7751503553855
ALL/PH,"Allstate Corporation (The) Depositary Shares each representing a 1/1,000th interest in a share of Fixed Rate Noncumulative Perpetual Preferred Stock, Series H",19.42,USD,-0.8171603677221482,26388,0.23981307884622902,64826313010.0,USD,Finance,,19.927685351328467,20.098895187699238,20.327003152384346,-2.656641604010013,-3.813769192669636,-7.83103939250118,19.704000000000114,19.85749999999999,20.045503999999934,20.94305950000009,0.42844882551631175,6.033913,209.7751503553855
TFC/PI,Truist Financial Corporation Depositary Shares,18.02,USD,-0.8800880088008809,4899,0.36431917899903327,64449334194.0,USD,Finance,,18.39008068353736,18.61439969191403,18.910958905658315,-1.2061403508771869,-2.2246337493217587,-9.08173562058527,18.165999999999944,18.11999999999996,18.73976399999992,19.79080549999994,4.133217120051379,1.115738,18.476045544715888
TFC/PR,"Truist Financial Corporation Depositary Shares, each representing 1/1,000th interest in a share of Series R Non-Cumulative Perpetual Preferred Stock",18.245,USD,-0.9070171627199546,26942,0.3382765249250109,64449334194.0,USD,Finance,,18.357037536685993,18.427092835635236,18.566013260708356,-0.626361655773412,0.24725274725275664,-5.220779220779216,18.417400000000004,18.377599999999994,18.339040000000015,19.069808499999933,4.184824991972109,1.115738,18.476045544715888
TFC/PO,"Truist Financial Corporation Depositary Shares, Each Representing a 1/1,000th Interest in a Share of Series O Non-Cumulative Perpetual Preferred Stock",20.31,USD,-0.8300781250000083,14790,0.4074110802591564,64449334194.0,USD,Finance,,20.593133561146765,20.753877013459853,20.96246504198335,-0.48995590396864974,-1.4556040756914155,-5.841446453407517,20.454,20.490579999999987,20.739050000000024,21.587946999999964,4.658470572044589,1.115738,18.476045544715888
DLR,"Digital Realty Trust, Inc.",180.05,USD,0.9192309848102768,1023106,0.42758610025249205,64397717983.22852,USD,Finance,Strong buy,181.80982378188068,183.1058651045062,182.46826169253976,3.542469377192493,-7.027780646493849,16.43171236420074,177.58,178.92300000000003,184.9443999999997,175.55484999999976,47.62345597376147,0.472755,251.46416287068885
BSX,Boston Scientific Corporation,43.285,USD,0.7330695834302949,6977356,0.4654915999631735,64336882441.604256,USD,Health technology,Strong buy,46.24049727387107,49.73535816931447,55.78305313438201,-1.1532313313541964,-3.0136679363656866,-54.77956539908065,43.44900000000008,43.972249999999995,47.63649999999995,74.68267499999999,18.150369003690038,0.827817,74.73622508792495
GWW,"W.W. Grainger, Inc.",1362.1775,USD,0.6032082480927038,52261,0.21582594173224054,64312644364.19446,USD,Distribution services,Buy,1341.3242084142748,1305.4878803620497,1256.5236720965588,-2.7842405383995064,2.534230077304651,35.23325192597888,1368.805500000001,1366.0248750000005,1317.3437500000007,1120.7103375,36.47823374091511,11.297336,-4.647581985736291
DB,Deutsche Bank AG,34.165,USD,-4.003933689238562,1341482,0.7860844254867518,64000579618.30071,USD,Finance,Buy,34.313506227383655,33.90835599123784,33.728776800723466,-2.4971461187214614,-3.1055019852524075,-13.154550076258271,35.003000000000014,35.191750000000006,33.741899999999994,34.64704999999999,10.054953838207249,0.83932616138,59.0417610555007
DLR/PL,"Digital Realty Trust, Inc. 5.200% Series L Cumulative Redeemable Preferred Stock",19.56,USD,-0.9118541033434636,3926,0.21590171687508936,63811146156.0,USD,Finance,,19.790817566874434,19.89780293631686,20.051592290069756,-0.5592272496187238,-2.5896414342629464,-4.817518248175192,19.670000000000027,19.662999999999887,19.96008600000009,20.606556999999935,5.173645092178697,0.472755,251.46416287068885
DLR/PJ,"Digital Realty Trust, Inc. 5.250% Series J Cumulative Redeemable Preferred Stock",19.84,USD,-0.4515805318615146,2482,0.40006447453255967,63811146156.0,USD,Finance,,20.064186958055757,20.174091246240486,20.34163913158793,-0.8991008991008976,-1.733531451213479,-4.615384615384619,19.90799999999998,19.999414999999942,20.214798000000002,20.961709500000012,5.24770545137144,0.472755,251.46416287068885
DLR/PK,"Digital Realty Trust, Inc. 5.850% Series K Cumulative Redeemable Preferred Stock, par value $0.01 per share",21.85,USD,-0.5009107468123836,6065,0.5627151353206966,63811146156.0,USD,Finance,,22.227708908224734,22.386445435340313,22.611934863625272,-0.8170676350431217,-2.2808586762075045,-8.539137714524902,21.99298,22.145645000000048,22.394349999999932,23.312236500000107,5.779353029862195,0.472755,251.46416287068885
HPE,Hewlett Packard Enterprise Company,48.135,USD,0.010388531061698425,3888700,0.24220145357370218,63740536463.602936,USD,Electronic technology,Strong buy,44.70379024338087,41.77353409942069,37.86392480877753,4.369037294015613,4.075675675675671,98.24958813838548,46.672999999999966,45.837749999999986,44.252299999999984,28.806975,45.269444183203234,0.919262,9.856390122946578
HPE/PC,Hewlett Packard Enterprise Company 7.625% Series C Mandatory Convertible Preferred Stock,124.29,USD,-0.5361715749039593,10172,0.04747458718764876,63733915446.0,USD,Electronic technology,,115.81746496575848,108.62896115212735,99.17846691001722,5.276977807894294,3.964868255959857,87.46606334841631,121.106,118.46949999999995,114.39816199999996,77.51570900000007,116.89081162418886,0.919262,9.856390122946578
SFBQF,Softbank Group Corp,1.334,USD,2.6153846153846176,5600,0.2476123098691192,63641157089.29899,USD,Communications,Strong buy,1.3149172934852857,1.3248908003401465,1.3405442824082339,3.813229571984448,2.6153846153846176,-11.066666666666663,1.327999999999998,1.3049000000000004,1.338815000000002,1.3849707500000001,18.85248049053035,0.017219229170000003,-2.032713307970299
TFC,Truist Financial Corporation,50.735,USD,-1.9234486758167362,1829926,0.2235363460549022,63209684328.8728,USD,Finance,Buy,50.71387121978599,50.24486072627589,49.71603992382892,-3.3619047619047633,3.5830951408738314,3.0047710892295134,51.46900000000001,51.311749999999996,49.58750000000007,48.500075000000095,11.637001697325566,1.115738,18.476045544715888
AFL,AFLAC Incorporated,123.59,USD,0.008091924259593071,424023,0.2262732663938763,62905443957.01343,USD,Finance,Buy,120.69159891929294,118.87409405346325,116.88962787093904,-0.9139741842379544,4.915110356536508,12.211730524786637,123.91200000000003,121.56600000000017,118.36000000000004,112.85064999999994,14.025192918747164,1.764103,37.547803012565346
BE,Bloom Energy Corporation,221.02,USD,1.2831087892952118,4624236,0.3726881978540639,62867786305.33791,USD,Electronic technology,Buy,245.63642120010508,242.97870771001877,227.1865542338145,3.340736411455294,-28.55341845805722,144.0322402561555,215.50399999999996,251.01799999999997,271.85159999999996,175.8739,nan,0.40608,32.85714285714286
NBNKF,Nordea Bank Abp,18.53,USD,1.2562772881022544,226,0.03607687887108103,62863022529.6869,USD,Finance,Buy,18.40696825721935,18.361643297829293,18.139682951193397,0,2.0852271162163047,-3.288100208768262,18.452019999999997,18.240005,17.902512000000012,13.619659894999998,11.775213719588864,0.42091225905,-3.4495140549397703
D,"Dominion Energy, Inc.",71.37,USD,0.3938669292446211,1157460,0.3338353005348356,62770804762.732315,USD,Utilities,Buy,69.34150163645954,68.03979103779828,66.51654049117553,0.3938669292446211,4.647412402873482,21.167883211678834,70.74400000000028,70.04349999999951,68.02600000000001,62.97900000000002,21.112886048988287,0.684128,26.82524198994522
CRARF,Credit Agricole SA,20.72,USD,2.7777777777777715,289,0.7684126562084551,62673314955.815796,USD,Finance,Buy,19.950593689304796,19.82231624124368,19.75197022921695,2.7777777777777715,2.270483711747272,1.3946660141913392,20.225980000000007,19.57980999999999,19.422595999999995,18.562702499999997,7.867195590477574,nan,20.6886816347226
IMO,Imperial Oil Limited,129.02,USD,2.657542966263529,196932,0.48401938712309645,62393132829.86242,USD,Energy minerals,Buy,121.82190353252192,121.41731333452557,119.53491106097212,5.88428395568323,12.947561936444021,48.966632028634116,124.83999999999995,118.91350000000004,122.25200000000002,110.47970000000011,30.76642606920864,2.937783552,-35.32530230093818
NTIOF,National Bank of Canada,160.945,USD,-0.6564470382726861,757,0.016279534882720683,62327226777.771286,USD,Finance,Buy,157.7348974556273,154.0100189799667,148.55032032449446,-6.138099959176536,3.1566465837713,27.794981737335235,162.41170000000005,160.58317500000004,154.34932600000002,133.30916682499995,19.368769602379924,2.2442996235,9.31864127819722
AJG,Arthur J. Gallagher & Co.,242.21,USD,-0.1195876288659761,254226,0.2157853869666733,62223747521.769905,USD,Finance,Strong buy,236.77666258723525,231.25359138503347,230.02270924541662,-3.4750727294464587,13.351740921003369,-5.795184940297928,248.0980000000001,245.99099999999999,223.6402,236.45930000000016,39.090087472967305,2.819283,-4.688509460083067
B,Barrick Mining Corporation,36.855,USD,-1.7462010130631862,3782452,0.5061706159337519,61750861496.146545,USD,Non-energy minerals,Strong buy,37.81025319423445,38.80320261362931,39.56403329325495,4.731457800511507,-5.439384220654277,-16.51376146788992,36.111000000000004,36.51575000000001,39.222699999999975,41.204724999999996,10.208574107352558,0.8101343360000001,179.97248220371966
TRGP,"Targa Resources, Inc.",287.06,USD,0.9175602039022724,199343,0.20395733064859378,61615682196.757744,USD,Utilities,Strong buy,272.72095885395123,266.0254580707504,255.20484023986228,0.6874780778674077,8.945311017495916,56.15514333895445,283.39799999999997,275.01100000000014,269.5535999999998,219.30970000000013,29.24141022114924,2.77043,80.38477086472385
COHR,Coherent Corp.,314.7199,USD,0.8103718889138017,1341642,0.3479435303461266,61571590226.786285,USD,Electronic technology,Strong buy,331.04202364000895,330.5513708102033,314.5216441086513,9.031664645764774,-19.03061565772209,67.40420212765957,301.42598000000004,329.78799499999985,362.45959800000026,250.76709950000009,150.25298386326747,1.616885,nan
SCBFF,Standard Chartered PLC,28.265,USD,1.1270125223613643,1224,0.24469233537243615,61464241508.35129,USD,Finance,Buy,27.06104746993865,26.39011295976284,25.52277778086753,3.4874141876430222,2.781818181818184,13.971774193548386,27.89550000000001,27.435565000000015,26.51328599999998,23.517306999999995,13.968694704676144,0.661062,35.46140184605323
TGT,Target Corporation,134.77,USD,-2.283932714617153,1279271,0.37491959912674844,61211337991.49139,USD,Retail trade,Buy,133.57033994522064,130.93758179447093,126.79208248441401,-4.62812256740499,2.168144947312572,37.646818506791966,138.072,134.805,130.25780000000006,112.68377500000001,17.78414114355841,2.264106,-16.704953890458228
SRE,DBA Sempra,93.35,USD,0.322407307898976,470336,0.1985001408766223,61023587554.67115,USD,Utilities,Strong buy,92.87573301592509,92.80177736757817,92.53917052776016,0.9080099448708131,1.644163763066192,5.218665464382322,91.98599999999989,93.20350000000008,91.91499999999992,91.97831500000004,31.720411838662542,1.057802,-35.24545074482364
NKE,"Nike, Inc.",41.07,USD,-2.7007818052594184,6938756,0.4782344136242237,60927290858.82303,USD,Consumer non-durables,Buy,43.42870604351773,44.623984484766574,47.12566520363789,-6.310309744001528,-3.113941967445153,-35.828125,42.693999999999974,42.767500000000034,43.530400000000014,55.34030000000003,19.573920503288534,0.446895,-2.8296207104154196
O,Realty Income Corporation,64.77,USD,-0.39981546978318483,1239657,0.2783871989815755,60397537616.45701,USD,Finance,Buy,63.62931486549395,63.21187721799516,62.75542287923246,-1.385505481120601,6.2674323215750505,14.942324755989342,65.13599999999997,63.76799999999999,62.347600000000035,61.1672,53.21666255854079,0.397716,10.444646098003627
MET/PA,"MetLife, Inc. Preferred Series A Floating Rate",20.85,USD,-0.5722460658082854,13555,0.4768672757527678,60013345152.0,USD,Finance,,21.326337689087747,21.43977431058823,21.574392732770395,-2.1126760563380245,-2.2961574507966187,-3.739612188365645,21.036,21.19188000000006,21.715434000000105,21.98511349999993,4.0328040076594265,2.295325,-15.833428297002946
MET/PF,"MetLife, Inc. Depositary Shares, each representing a 1/1,000th interest in a share of 4.75% Non-Cumulative Preferred Stock, Series F",18.285,USD,-0.9479956663055292,33549,0.33161671674837895,60013345152.0,USD,Finance,,18.524706941254863,18.637665669795208,18.82619085202606,-0.6789788158609452,-0.6249999999999916,-7.604850934815558,18.432999999999968,18.524000000000065,18.585060000000006,19.462395999999938,3.5366820757819,2.295325,-15.833428297002946
MET/PE,"MetLife, Inc. Depositary Shares",22.17,USD,-0.7165248544558738,16606,0.29923254762114987,60013345152.0,USD,Finance,,22.399945108888506,22.51207432123393,22.719936975578808,-1.0267857142857004,0.726942298955021,-6.966009232060414,22.331999999999958,22.44143500000001,22.446148000000004,23.432731499999978,4.288118218216282,2.295325,-15.833428297002946
MET,"MetLife, Inc.",92.0905,USD,-1.2646081269432725,891416,0.2978453345073187,59254411511.95729,USD,Finance,Strong buy,89.09655838371208,86.56932335756436,83.97402025372362,-2.031382978723398,5.042203718489795,16.65885482645048,93.14409999999991,90.53302499999992,86.47120999999991,79.28170250000002,17.812131293398583,2.295325,-15.833428297002946
CTVA,"Corteva, Inc.",88.495,USD,-0.039534621032414535,860631,0.3001996712851777,59187225732.06642,USD,Process industries,Strong buy,84.34896380994515,82.78838560156271,80.87417931076085,1.9762618114773027,12.861879862262477,32.08208955223881,87.60899999999998,85.48125000000002,81.33749999999998,74.4999749999999,51.9702842377261,2.233865,3.8229376257545398
COR,"Cencora, Inc.",303.905,USD,1.1061946902654831,258181,0.20799897910262058,59128078022.469025,USD,Distribution services,Strong buy,295.8488263355132,296.44685104796935,301.72664062401674,-0.4504061844863732,10.230322814653602,-9.868616169405076,303.88899999999995,298.67774999999995,282.04429999999996,324.4990249999999,23.31471664531373,4.3441,51.27485000058027
GRWTF,"Great West Lifeco, Inc.",14.5277,USD,-3.1486666666666703,2000,3.179650238473768,59081257540.371,USD,Finance,,14.93955639501431,14.937360971042324,14.813813498519483,0.039250791901936026,-3.1486666666666707,-3.980198150681762,14.858880000000003,15.145909999999997,nan,nan,4.337620499289754,0.9668334719999999,17.38710712254484
PSA,Public Storage,314.02,USD,0.7443054218800107,454723,0.36314072488709825,58557152037.524796,USD,Finance,Buy,316.94915515709204,313.4070422374726,308.1318548797349,-0.9931582432134293,-2.6807574301918473,21.196449247394813,313.8080000000001,320.1475000000006,313.9469999999995,293.04664999999966,32.41229111402413,2.54092,-3.7895113159018523
OKE,"ONEOK, Inc.",92.9,USD,1.253405994550415,823529,0.2735639378957651,58530056219.64359,USD,Industrial services,Buy,90.35236893052836,89.36625935681428,87.80681222746252,-0.7160414662819147,7.572950440018535,26.463381432071895,92.71200000000009,90.4164999999998,89.4851999999999,81.26750000000004,16.59165595085012,1.475904,9.310270776799477
RLXXF,RELX PLC,33.404,USD,2.623655913978514,1203,0.5582107558813977,58347970249.20213,USD,Commercial services,Strong buy,32.94037585803233,33.17073430046341,33.965752219853485,0.8574879227053323,9.50336010490085,-18.87704300944701,33.27080000000002,32.4207,32.667192,36.720611999999974,22.13455690174091,0.9944606,17.054367411408677
TEL,TE Connectivity plc,199.85,USD,-0.21469942081086818,1437499,0.5068596940166115,58335377870.17999,USD,Electronic technology,Strong buy,203.74317705450028,206.26384438973193,209.1217390396877,-2.6309378806333767,-3.1265147842947245,-13.259548611111114,203.118,200.43799999999996,205.5575999999996,220.10749999999982,19.596211170379668,3.04225,110.56717527305761
GWLIF,"Great West Lifeco, Inc.",64.46,USD,-1.4825003820877471,1408,0.03621818368895577,58268481822.92964,USD,Finance,Buy,62.76093023141054,60.45379021122477,57.43032755276628,-2.731250943111517,2.757851107922839,31.30983907109389,65.28549999999998,64.00562499999998,60.436566600000006,49.71248764999993,19.24619983784202,0.9668334719999999,17.38710712254484
TER,"Teradyne, Inc.",371.605,USD,0.5805770584095813,702169,0.26184943373212627,58171848034.50968,USD,Electronic technology,Strong buy,369.4500186877952,365.1709365295643,347.60569200956644,10.855719463627835,-9.402199088182948,86.46444879321594,354.2440000000001,378.9414999999999,380.42020000000025,283.34527499999996,68.77753100129559,2.087874,52.929521652986125
PSA/PL,"Public Storage Depositary Shares Each Representing 1/1,000 of a 4.625% Cumulative Preferred Share of Beneficial Interest, Series L, par value $0.01 per share",17.6333,USD,-0.4184691146074601,12211,0.521632520547477,58124528024.0,USD,Finance,,17.91162197080269,18.012989499265387,18.154729142252663,-1.709587513935356,-1.8190423162583653,-4.890507011866239,17.748140000000006,17.854955000000004,17.997284000000004,18.579441124999978,1.8200613110659247,2.54092,-3.7895113159018523
PSA/PM,"Public Storage Depositary Shares Each Representing 1/1,000 of a 4.125% Cumulative Preferred Share of Beneficial Interest, Series M",15.7,USD,-0.8838383838383874,5421,0.7181749533007432,58124528024.0,USD,Finance,,15.864132227940342,15.94513214067573,16.070962590812613,-0.5069708491761729,-1.1335012594458531,-4.4430919050517375,15.77200000000003,15.851124999999977,15.94242600000003,16.47502250000002,1.6205113384185048,2.54092,-3.7895113159018523
PSA/PG,"Public Storage Depositary Shares, Each Representing 1/1,000 of a 5.05% Cumulative Preferred Share of Beneficial Interest, Series G",19.71,USD,-0.655241935483866,3602,0.24009011711225312,58124528024.0,USD,Finance,,20.000120676333637,20.06424420367245,20.176696428905156,-1.4992503748125972,-0.9298818798693075,-2.6185770750988024,19.92799999999997,19.98099999999996,20.040802000000124,20.59163850000001,2.0344126420527853,2.54092,-3.7895113159018523
PSA/PR,"Public Storage Depositary Shares Each Representing 1/1,000 of a 4.00% Cumulative Preferred Share of Bene cial Interest, Series R",15.26,USD,-0.26143790849673804,8240,0.3164581269058537,58124528024.0,USD,Finance,,15.462401074674231,15.542213914326728,15.654956636724743,-0.4566210045662119,-1.2936610608020767,-4.625000000000002,15.343999999999998,15.387635899999992,15.530842360000026,16.02026158999999,1.5750957340297058,2.54092,-3.7895113159018523
PSA/PI,"Public Storage Depositary Shares Each Representing 1/1,000 of a 4.875% Cumulative Preferred Share of Beneficial Interest, Series I, par value $0.01 per share",18.6519,USD,-0.2572192513368879,6867,0.4219251139756934,58124528024.0,USD,Finance,,18.88488052108916,18.976044905368727,19.11023226900177,-1.4690966719492788,-0.15042826552461702,-3.806601340897366,18.778379999999977,18.838305000000002,18.97570200000001,19.55301091999995,1.9251984352259943,2.54092,-3.7895113159018523
PSA/PS,"Public Storage Depositary Shares Each Representing 1/1,000 of a 4.100% Cumulative Preferred Share of Beneficial Interest, Series S",15.6148,USD,-0.2892701834598708,7336,0.4420688533085865,58124528024.0,USD,Finance,,15.78434420160823,15.86168310633345,15.977544044196033,-1.234661606578114,-1.4839116719242837,-4.203680981595093,15.67298,15.775750000000022,15.867094000000002,16.36269299999999,1.6117172259323103,2.54092,-3.7895113159018523
PSA/PH,"Public Storage Depositary Shares Each Representing 1/1,000 of a 5.60% Cumulative Preferred Share of Beneficial Interest, Series H",21.34,USD,-0.7903300790330158,5548,0.4017582353920909,58124528024.0,USD,Finance,,21.76464704245241,21.92254769576737,22.15820826790975,-2.1998166819431733,-0.9285051067780841,-6.8935427574171095,21.57601999999997,21.748015000000073,21.908830000000076,22.894664750000025,2.2026568128567448,2.54092,-3.7895113159018523
PSA/PF,"Public Storage Depositary Shares Each Representing 1/1,000 of a 5.15% Cumulative Preferred Share of Beneficial Interest, Series F, par value $0.01 per share",19.96,USD,-0.19999999999999576,41427,2.1251917325440024,58124528024.0,USD,Finance,,20.13981839532668,20.212524257751806,20.35350087202836,-0.942928039702222,0,-3.6679536679536584,20.044000000000004,20.109250000000007,20.161491959999974,20.90533324499995,2.0602169627282394,2.54092,-3.7895113159018523
PSA/PN,"Public Storage Depositary Shares Each Representing 1/1,000 of a 3.875% Cumulative Preferred Share of Beneficial Interest, Series N",14.7699,USD,-0.33805668016194657,12084,0.9982074559918055,58124528024.0,USD,Finance,,14.980457351566265,15.044709202221869,15.142719649052887,-1.2707219251336968,-1.0060321715817702,-4.5872093023255855,14.859199999999998,14.971600000000041,15.038577999999973,15.479357000000004,1.524508943777546,2.54092,-3.7895113159018523
PSA/PQ,"Public Storage Depositary Shares Each Representing 1/1,000 of a 3.950% Cumulative Preferred Share of Beneficial Interest, Series Q, par value $0.01 per share",15.0299,USD,-0.5958994708994685,4378,0.3956834532374101,58124528024.0,USD,Finance,,15.204842820183426,15.273536657882445,15.384687933097702,-0.9235332893869501,-0.6615994712491816,-4.874050632911398,15.12206,15.187014999999999,15.256632,15.769768499999996,1.5513454372800182,2.54092,-3.7895113159018523
PSA/PK,"Public Storage Depositary Shares Each Representing 1/1,000 of a 4.75% Cumulative Preferred Share of Beneficial Interest, Series K",18.37,USD,-0.487540628385698,5302,0.2584211065024443,58124528024.0,USD,Finance,,18.520758068369688,18.57676199832969,18.68174671309355,-0.9703504043126668,0,-3.6706869428421567,18.505000000000013,18.517250000000008,18.58532400000008,19.074969029999938,1.8961014832323526,2.54092,-3.7895113159018523
PSA/PO,"Public Storage Depositary Shares Each Representing 1/1,000 of a 3.900% Cumulative Preferred Share of Beneficial Interest, Series O",14.8326,USD,-0.45234899328859735,13653,1.3177808235044302,58124528024.0,USD,Finance,,15.041575348647406,15.110658946572636,15.219598937530616,-1.2476697736351547,-1.1160000000000043,-5.40433673469388,14.943520000000007,15.037435000000011,15.099426000000008,15.584743500000013,1.5309806674029498,2.54092,-3.7895113159018523
PSA/PP,"Public Storage Depositary Shares Each Representing 1/1,000 of a 4.000% Cumulative Preferred Share of Bene cial Interest, Series P",15.24,USD,-0.5870841487279834,24483,0.7958871201063653,58124528024.0,USD,Finance,,15.488046949880383,15.572339763131259,15.684358207622328,-1.0389610389610398,-1.7408123791102488,-4.571070757670635,15.350000000000012,15.44577000000002,15.587188000000005,16.051136380000006,1.5730313883756697,2.54092,-3.7895113159018523
PSA/PJ,"Public Storage Depositary Shares Each Representing 1/1,000 of a 4.700% Cumulative Preferred Share of Beneficial Interest, Series J, par value $0.01 per share",18.055,USD,-0.2668021852369519,8160,0.43785280418965034,58124528024.0,USD,Finance,,18.156924249720067,18.226887656835775,18.349652555987245,-0.35871964679912405,0.4730105731775229,-3.6038441003737356,18.11183999999998,18.10471000000005,18.189405999999984,18.770856500000086,1.8635880391812805,2.54092,-3.7895113159018523
FANG,"Diamondback Energy, Inc.",206.59,USD,1.7584474436016122,630002,0.3946016906311271,58116520822.72018,USD,Energy minerals,Strong buy,191.4338601100896,189.84406681188105,186.37283534190675,7.35846419037354,10.801823545186386,36.72854826433701,200.0659999999998,186.57850000000013,192.28330000000022,172.07129999999984,232.93494193257413,6.11679,-94.57404178520082
CMCLF,CMOC GROUP LTD,2.17,USD,-8.823529411764705,740,0.013716429502186288,58072737561.0,USD,Distribution services,Strong buy,2.1647338109758114,2.2252440868818764,2.275431484676566,3.827751196172252,-3.555555555555559,-20.073664825046038,2.2099999999999995,2.0587500000000007,2.2582720000000003,2.401599999999999,13.615751117522183,0.052331173620000004,59.49119110570209
OXY,Occidental Petroleum Corporation,58.185,USD,1.191304347826091,3428241,0.4291615933684824,57872820286.64505,USD,Energy minerals,Buy,54.60921553665299,54.614873766643306,54.02418465200969,7.332595462091867,11.708253358925147,41.12512124151309,56.450000000000024,52.701499999999974,55.05699999999993,49.887674999999746,66.406071673134,1.848178,-64.53780152177433
MPLX,MPLX LP,57.005,USD,0.6977565801095268,388172,0.2891808105677658,57844898877.35701,USD,Industrial services,Buy,56.756789791791746,56.58285770173361,56.29741710704208,-0.30605106680657074,0.573394495412849,7.071750563486101,56.85900000000004,56.793749999999946,56.25990000000002,55.08702499999995,12.362023724329365,1.069401,6.462113866186442
ANCTF,Alimentation Couche-Tard Inc.,62.9425,USD,-0.9559402045633275,206,0.0036209912023975883,57795700403.40592,USD,Retail trade,Strong buy,62.385625387194345,61.23802739332836,59.91672534469591,-3.016178736517724,3.184426229508201,14.732956616842879,63.92070000000001,64.12164999999999,60.66917613999999,56.55909678500001,18.39566824529562,0.931354,25.23629427608386
KBCSF,KBC Group SA,138.25,USD,0.25380710659898065,240,0.48212133386902367,57741837968.21035,USD,Finance,Buy,134.33113761823722,131.62837356603887,126.15360688230903,0,8.815426997245181,4.182366239638291,133.7836824,130.95292060000003,108.56949824000002,78.04241928000002,13.740126252224929,3.1242992802,9.823618049612278
CIEN,Ciena Corporation,405.17,USD,2.016819417866852,662937,0.37895141552661765,57352996104.47489,USD,Electronic technology,Strong buy,438.61279950677005,446.0305278755805,430.25317142824304,8.04245220127464,-7.283752860411895,68.12033195020747,392.8480000000001,434.9615000000002,486.84779999999984,344.99792499999995,134.86336251373032,1.720804,318.48446858894005
WUXIF,Wuxi Apptec Co Ltd.,20.83,USD,-0.537185149814973,2770,3.2265579499126384,57236830299.97205,USD,Health technology,Strong buy,19.031289636045877,17.693764200577863,15.927243435006563,0,33.269353806781815,38.86666666666665,20.896980000000003,17.615145,12.081595999999996,nan,21.804047184962997,0.23193587151,80.79104567644615
PCRFF,Panasonic Holdings Corporation,24.5,USD,0.2557544757033248,2017,0.0646920153310775,57198533813.477776,USD,Consumer durables,Strong buy,24.93956669373227,23.81353244622878,22.013655408075742,-2.0,-7.547169811320755,104.16666666666667,24.809500000000007,26.82045000000001,24.749799999999997,16.954392249999998,47.930241526731685,0.279036528628,-51.10427650130591
CARR,Carrier Global Corporation,68.84,USD,1.086637298091056,1857995,0.3526295942393454,57177156507.03789,USD,Producer manufacturing,Buy,68.83084230129073,67.64030508019677,65.9684929144497,0,-1.9373219373219364,29.617774430427424,67.85999999999997,69.84600000000002,68.25299999999999,60.71952500000002,45.22698902831615,0.816828,-65.07102370516557
LNG,"Cheniere Energy, Inc.",272.12,USD,1.7651458489154928,698615,0.4404925668002471,57023256252.4766,USD,Industrial services,Strong buy,254.15713998846985,250.7998847585075,247.04238377404994,3.625285605483618,17.6023164354553,39.93623367273475,265.93199999999996,255.219,244.1756,232.07954999999998,44.54265697636352,3.016408,-55.368531790387266
F,Ford Motor Company,14.12,USD,-2.0804438280166484,24449589,0.5460989725675335,56263860546.0305,USD,Consumer durables,Buy,14.093917790703912,13.961684654463353,13.732611612444826,-1.258741258741269,2.0599927719551743,7.13201820940819,14.20599999999998,13.942499999999992,14.343399999999988,13.252675000000009,nan,0.35862,-212.7644230769231
KEYS,Keysight Technologies Inc.,328.57,USD,0.3175281653589047,214977,0.18539453893438826,56151091670.64092,USD,Electronic technology,Strong buy,328.23828306168446,325.9664828966738,313.81326902611926,3.184373331658445,-8.492891259242757,60.036043056840874,322.84800000000007,325.7480000000004,338.3305999999999,264.58374999999995,54.13549939038455,2.476719,42.551142635695335
LHX,"L3Harris Technologies, Inc.",300.955,USD,5.5389956515640195,694575,0.6614673046160862,56066398117.857285,USD,Electronic technology,Strong buy,298.32753689253514,304.1210599747813,309.49447242066685,6.078389905184873,4.288238963199113,2.365646258503396,285.2769999999993,290.0562499999998,299.74530000000004,316.3294749999994,32.67378866343137,2.80453,9.161047179985536
BKR,Baker Hughes Company,56.34,USD,-0.45936395759716964,2186592,0.2938404113372286,55893147054.16962,USD,Industrial services,Strong buy,57.842392785005266,58.85029487707856,58.86719875928281,0.17780938833570664,-3.9058502473136603,23.228346456692925,56.084,56.08074999999998,60.50040000000002,56.15945,17.9638427446354,0.492693,7.1213880729558
VST,Vistra Corp.,165.715,USD,-0.6147295190116382,942741,0.236683242643851,55876193962.39653,USD,Utilities,Strong buy,158.2091956960525,157.56717411944447,158.47497712202616,5.202513966480442,3.5201149425287297,1.1135517725303663,161.6430000000002,158.9322499999999,154.76029999999977,165.35002500000016,27.671280912384994,2.039067,-6.065501772437812
LDNXF,London Stock Exchange Group plc,114.75,USD,-6.489125031577742,691,0.6473674348885141,55872915719.67866,USD,Commercial services,Strong buy,116.79548060472715,117.62818867083676,118.36334244733698,-3.172728039827867,2.769354223350277,-7.455945804266304,119.83491999999998,114.8104499999999,121.343836,117.84934899999995,36.22997137721756,3.1890707775,97.71836647542726
ALAB,"Astera Labs, Inc.",325.585,USD,-1.6047386633222027,910663,0.2408666324638198,55807853505.03562,USD,Electronic technology,Strong buy,343.7155758266441,320.0285057365307,285.2323666748345,5.234493681114449,-18.487594822622242,89.64091213559716,317.796,379.419,348.2718,205.5133,219.45605284443243,0.690513,532.3955669224212
NBIS,Nebius Group N.V.,221.37,USD,1.4713971397139751,9165316,0.5076957372953647,55707858190.57289,USD,Technology services,Strong buy,214.6483646360245,205.68929799495763,187.60150733328513,18.401839916561926,-14.114451988360813,154.49215381962406,203.35599999999994,216.61250000000004,226.75280000000006,139.64127499999992,73.85647082374136,-0.609459,nan
CVE,Cenovus Energy Inc,29.805,USD,2.8113142462918295,2161189,0.3878760931661868,55685218618.04955,USD,Energy minerals,Strong buy,27.395251438815997,26.981931393802395,26.02731225868141,6.789681117878894,17.227138643067843,75.63347083087803,28.759000000000004,26.526250000000015,27.697100000000013,22.522934999999976,16.476440809108638,1.156519232,75.32494235845182
MARUF,Marubeni Corp.,33.42,USD,4.437500000000005,5554,0.4108565552851362,55463349792.47749,USD,Process industries,Strong buy,31.82605893590365,32.208620982462946,32.36428989236485,13.968080752966852,13.867120954003406,19.357142857142865,31.800400000000003,30.4717,31.491514000000002,31.57791949999999,16.075707883430653,0.622676830919,3.1162043924422123
AME,"AMETEK, Inc.",240.985,USD,1.6428360538192293,271689,0.30850976370170385,55234484807.61789,USD,Producer manufacturing,Strong buy,235.09930532536495,232.761948125899,229.04062770453737,1.27547804160539,1.4118587720405749,16.98300970873787,237.60899999999987,236.09774999999982,231.57230000000024,217.48582499999975,36.405867601293174,1.992908,8.401021878684658
ENAKF,E.ON SE,21.11,USD,-5.463502015226148,282,0.6550522648083623,55162075138.91938,USD,Utilities,Strong buy,21.333637489572293,21.395336806679662,21.298919472135285,0,3.0258662762323136,3.836694540088545,21.24200000000001,21.162770450000018,21.838148180000015,17.149358545000005,13.903967098663934,0.35403860000000004,-18.102056038634583
TKPHF,"Takeda Pharmaceutical Co., Ltd.",34.502,USD,-0.5706051873198859,90500,1.9466719438325992,55066531311.03361,USD,Health technology,Strong buy,32.865265363604166,32.83325339049964,32.62757356503417,-3.490909090909084,14.301805532549293,9.218106995884783,31.852599999999995,32.039162499999996,33.252669,28.865109750000006,nan,0.33438262,-239.28712543298985
THLEF,THALES,267.2999,USD,4.798831647455492,110,1.1727078891257996,54935199979.424484,USD,Electronic technology,Buy,263.95331493800495,267.33310223239715,271.68043366106014,4.21048732943469,2.071560859188536,-4.539159315738728,259.58196000000027,260.2177700000001,263.1876479999999,282.15832799999987,27.981432616458942,5.3448408,83.69912203798098
NOKBF,Nokia Corp.,9.83,USD,-5.3442465093885385,5082753,3.2631316132504864,54866286386.415016,USD,Electronic technology,Buy,11.804577938281861,11.868812427589601,11.291600586806613,-6.112702960840502,-28.09070958302853,52.1671826625387,10.245000000000001,11.804520000000007,13.521358999999995,9.009612750000002,61.65287661785489,0.08357900564,7.262123570069331
NUE,Nucor Corporation,240.6425,USD,2.0103857566765604,385219,0.38933579779227573,54804150512.72834,USD,Non-energy minerals,Strong buy,235.41487951543309,230.12061351427204,219.53453347183404,1.1868219661929271,0.20508015823443965,45.68501029180288,235.41850000000028,231.21162499999997,239.4874500000002,187.76671250000018,23.84345956443335,4.46163,79.7147385103011
SCGLF,Societe Generale,85.072,USD,-2.9633854226075043,11,0.0016458442432857037,54452106653.70986,USD,Finance,Strong buy,84.52458327563991,83.14198803808594,81.1020157635686,2.2131442989306724,-3.371194911403911,2.6819553409776806,87.06920000000005,82.05177999999997,81.821572,55.18841499999999,10.643924728039073,nan,63.91279145112259
RNMBF,Rheinmetall AG,1167.0,USD,1.701118973751175,59,0.08929922809141819,54447224297.41417,USD,Electronic technology,Strong buy,1237.1683175530611,1324.7990835994297,1440.9510372399182,2.920944015239698,-13.683431952662723,-38.59510655090766,1134.7106000000003,1152.989900000001,1288.68197,1745.4815090000002,64.77855132887176,6.91877878342,-0.061595264786545735
ARGNF,Argen X NV,865.0,USD,-7.524214757638606,1,0.012062726176115802,54115260855.20833,USD,Health technology,Strong buy,864.4672065422134,838.8101556633136,798.576891977131,0,-3.888888888888889,5.888113600195865,904.1519999999998,826.8043,728.1112699999999,nan,42.954305447826485,nan,64.767023064821
EBKOF,Erste Group Bank AG,133.278,USD,4.903658459794715,284,0.4266185969656001,53316507154.06713,USD,Finance,Strong buy,130.03230761187848,127.29347839987756,123.9854380434336,3.56515657782267,0.10590594650622376,9.847432747521012,130.798,132.57668000000007,123.82903199999988,115.29276600000003,13.468371394996403,2.78850965694,28.074470461733576
DAL,"Delta Air Lines, Inc.",80.98,USD,-3.041187739463592,3013076,0.47243413974798143,53254307253.09627,USD,Transportation,Strong buy,83.79210710024847,81.4345834810506,78.02896973527099,-4.493454416794436,-4.1996924168934076,15.934144595561932,83.56799999999997,88.17549999999997,82.67980000000006,70.04005000000002,13.453391590384264,2.239105,-12.686577989236861
UOVEF,United Overseas Bank Ltd.,32.08,USD,-3.6347251426854936,46950,8.805491475834131,52938298079.16728,USD,Finance,Buy,31.013640900030122,30.366803816374446,29.695292282466692,0,9.488054607508525,11.933007676203763,31.432799999999986,29.722725000000004,28.698749999999997,24.728619509999998,15.03693141603083,nan,-17.669491525423716
SNGNF,Singapore Telecommunications Ltd.,3.24,USD,-6.086956521739129,966,0.113842600230985,52891608494.432434,USD,Communications,Strong buy,3.4563011576500124,3.5270757695766672,3.5536614946295346,0,-7.428571428571423,-8.732394366197173,3.3303999999999996,3.6495700000000006,3.6904200000000014,2.7026821600000046,12.355693885090828,nan,45.24373484155458
GPDNF,Danone,81.665,USD,-1.3588597656721826,933,0.1423688467055269,52846005592.90205,USD,Consumer non-durables,Buy,80.5147675133263,79.71490036671474,79.8099830118636,-2.3145933014353925,7.047589086166339,-9.371878814781926,82.81411999999985,80.1524,76.584075,83.04241225000004,24.70109901506575,2.15087928598,1.987862275112016
UCBJF,UCB S.A.,277.4375,USD,-2.324496549781728,347,0.4351097178683386,52712075787.934395,USD,Health technology,Strong buy,288.3002866275627,290.83704564293225,291.5182268298698,-2.324496549781728,-7.536243959340113,-3.647461276654858,277.93149999999997,291.17650000000003,292.34997800000014,292.1212019999999,29.440826604395664,5.807375100000001,66.28532187209156
ETR,Entergy Corporation,115.1,USD,0.19150417827297952,355400,0.1499927219344689,52702774118.572426,USD,Utilities,Strong buy,113.67401777739066,112.6524855684527,110.57521592641444,1.0624286592325873,2.0480539054880644,24.338338554607326,113.47,114.47499999999982,112.24459999999995,103.70530000000008,29.31811813851601,1.02458,27.385703624387546
LBLCF,Loblaw Companies Limited,45.524,USD,-1.3136787340125766,602,0.015207511803504803,52654087846.80074,USD,Retail trade,Strong buy,45.656078873109934,45.62400317755333,45.48192429931432,-3.346072186836519,0.8953900709219935,1.729608938547488,46.157899999999984,45.59654000000006,45.405383,44.383874299999974,27.367431031488792,0.454223616,33.1101364429293
FAST,Fastenal Company,45.795,USD,1.0258107213765795,1662383,0.1777992062142576,52549658409.0662,USD,Distribution services,Buy,46.14788020922838,45.96367491175338,45.653460346137756,0.6704770279182232,-0.7262085410795596,13.748137108792855,45.27699999999997,46.58874999999995,45.69309999999999,44.21937500000003,38.971151391370945,0.333469,13.569150478399544
DVN,Devon Energy Corporation,45.55,USD,1.4928698752228042,4421962,0.5130272509725239,52537511370.43337,USD,Energy minerals,Strong buy,43.90604362816446,44.21000439400727,44.03012845135511,5.074971164936553,5.954873226331694,24.18211559432933,44.42800000000003,42.72000000000001,44.39839999999992,41.52797499999998,12.640839207415217,1.402456,-18.007645399108032
EA,Electronic Arts Inc.,208.9,USD,-0.023929169657804714,449610,0.20171133184212636,52381983428.17804,USD,Technology services,Buy,205.96245150129548,204.80349747915628,203.2831058874195,-0.1768050843408059,2.6233051680094337,2.2015655577299413,209.0159999999998,206.6215000000001,203.9328000000002,202.4890000000001,59.723254617187955,0.824133,-17.434614295156265
CAH,"Cardinal Health, Inc.",223.4075,USD,1.3002176475922766,327747,0.1532496087949392,52323343253.560616,USD,Distribution services,Strong buy,224.84023444373227,220.78416519225186,216.03720740973688,-2.5272687609075,-0.8003641046134758,9.208339443711202,225.06150000000002,232.48987500000035,217.28854999999987,206.48568749999993,34.16121288112787,2.419099,2.1269286026609975
FITB/PM,"Fifth Third Bancorp Depositary Shares Representing a 1/40th Ownership Interest in a Share of 6.875% Fixed-Rate Reset Non-Cumulative Perpetual Preferred Stock, S",25.82,USD,-0.3088803088803023,3327,0.14444680823351147,52266987417.0,USD,Finance,,25.889227085513447,25.922085863454274,25.927364041642683,-0.46260601387818423,-1.8996960486322187,-1.1863758132414801,25.908000000000026,25.84955999999999,26.021054000000003,25.967730000000003,8.787992239882918,0.845956,-8.564404195064261
FITB/PA,Fifth Third Bancorp Depositary Shares each representing 1/40th share of Fifth Third 6.00% Non-Cumulative Perpetual,22.908,USD,-0.3999999999999945,1784,0.2505301296184471,52266987417.0,USD,Finance,,23.26956845047462,23.42939104596761,23.627098412627,-0.7022106631989554,-3.254006799417186,-7.1422780705310105,22.965600000000016,23.19599000000003,23.46679599999996,24.209527500000025,7.79687553180627,0.845956,-8.564404195064261
FITB/PK,"Fifth Third Bancorp Depositary Shares each representing a 1/1000th ownership interest in a share of Non-Cumulative Perpetual Preferred Stock, Series K",18.13,USD,0,11128,0.27529971747638626,52266987417.0,USD,Finance,,18.22736531412348,18.421448136116243,18.694318946058523,0.2765486725663756,-1.4138118542686327,-6.546391752577318,18.156000000000027,18.063440000000007,18.334399999999917,19.4016155000001,6.170654504611824,0.845956,-8.564404195064261
FITB/PI,Fifth Third Bancorp Depositary Share repstg 1/1000th Ownership Interest Perp Pfd Series I,25.29,USD,-0.2366863905325533,5854,0.2869115592912981,52266987417.0,USD,Finance,,25.41130764704827,25.44921652749243,25.485235764999956,-0.2366863905325533,-1.710066070734556,-1.1723329425556885,25.33800000000006,25.348759999999952,25.520816000000135,25.584802499999963,8.60760355331677,0.845956,-8.564404195064261
DBOEF,Deutsche Boerse AG,289.775,USD,1.0866531779808666,126,0.017387944358578055,52107701400.03398,USD,Finance,Strong buy,286.0612034465425,285.2519805548002,283.28992317971955,-1.8377371273712775,3.992500984209926,11.537721324095443,290.26647999999994,285.27561999999995,285.43737600000014,272.0447295000002,22.687305396687297,3.47967822908,23.901992081839214
RWNFF,RWE AG,66.598,USD,-0.010509721492387962,443,0.12764363510632168,51945451846.246895,USD,Utilities,Strong buy,64.72699639121333,64.71402013125663,63.82272121128153,-0.009008467959882631,5.349911414831685,19.970456838161116,65.19420000000001,64.13435000000001,64.83394,59.29055249999998,17.881294395385225,0.7194978000000001,-36.219717115608134
NDAQ,"Nasdaq, Inc.",91.73,USD,0.9130913091309112,1517606,0.4005623581880648,51877061437.87095,USD,Finance,Strong buy,88.28084262229298,88.02338717579529,88.13190690083086,0.13099006658662216,9.724880382775131,-5.676092544987142,91.27599999999994,86.46824999999991,87.69129999999988,89.07845000000009,27.6353448016148,1.00388,50.50784438197154
BAYZF,Bayer A.G.,52.8,USD,-3.9301310043668187,25441,4.742473669493895,51871992364.215454,USD,Health technology,Strong buy,51.88295090101566,50.16303049162992,48.39453128247975,0.5714285714285661,19.362495761275003,20.35559607932528,55.405360000000016,51.788252499999984,47.450672999999995,41.314647250000014,nan,0.8778946696400001,29.2178094995192
HOCPF,Hoya Corp.,154.17,USD,-0.26394441641114225,273,0.47660614525139666,51502128626.40622,USD,Health technology,Strong buy,164.98123589392324,166.5813183006154,165.00894389194784,0,-9.049613592118462,0.2858246829193263,164.02400000000006,171.76051499999994,164.80234799999994,133.41779950000011,32.872185255256696,1.108431038,21.04126607194413
DSDVF,DSV A S,218.215,USD,-2.3537308423761005,297,0.8714788732394366,51268418222.94686,USD,Transportation,Strong buy,242.62838457025418,244.27050143955506,245.39191403312284,-13.868166567988945,-5.80579716400837,-12.658101184758245,242.89279999999994,246.5114499999999,244.78168000000005,245.2080929999999,49.497267539428144,2.7730042472000003,-37.486658044052845
STT/PG,"State Street Corporation Depositary shares, each representing a 1/4,000th ownership interest in a share of Fixed-to-Floating Rate Non-Cumulative",21.25,USD,-0.5615348619560178,14295,0.32168776371308017,51268325937.0,USD,Finance,,21.47424711084016,21.628757788236946,21.837215619908935,-0.8861940298507521,-0.5615348619560178,-5.800056741612876,21.369160000000015,21.39753999999998,21.575494000000102,22.3747355,1.8737159534789394,3.588638,27.089660118560694
STT,State Street Corporation,184.99,USD,-0.1349600518246599,579313,0.21298254832293884,51199134177.7458,USD,Finance,Strong buy,173.37055180238096,166.37049891273531,157.69337033492567,0.45614987781699884,6.942999190657891,43.86033128548099,183.72200000000015,178.20700000000005,167.68939999999998,137.83705000000012,16.31146890513266,3.588638,27.089660118560694
FITB,Fifth Third Bancorp,56.48,USD,-2.0634645396219957,1076611,0.18481877430560278,51188476665.72151,USD,Finance,Strong buy,55.39481599189244,53.984494199707115,52.39119123959163,-2.334428497319733,5.787600674283567,20.55496264674492,57.44399999999998,57.22300000000001,53.41019999999993,48.75647500000003,19.223307579728395,0.845956,-8.564404195064261
CMPGF,Compass Group Plc,30.082,USD,-2.710219922380339,550,0.5156572285767861,51148821267.40868,USD,Consumer services,Strong buy,31.577302466020704,31.44563928448185,31.27399752454164,-2.331168831168831,-7.7239263803681,-4.166932143994902,30.980799999999995,32.038349999999994,30.54997399999999,32.287728999999985,25.334343944753243,0.75,38.08582393301547
ROK,"Rockwell Automation, Inc.",459.055,USD,0.18659973810563468,350334,0.5657938384683737,51080867369.1693,USD,Producer manufacturing,Buy,460.6737303953789,451.9615695827059,438.6004543134954,-1.1317869526824742,-1.1168792004135797,17.105867346938776,460.52700000000016,470.32824999999985,460.89349999999945,407.6329749999999,47.6989817123857,3.379511,21.16633932618221
CRZBF,Commerzbank AG,45.0,USD,0,216,0.0905318747642399,50737327899.58376,USD,Finance,Buy,43.346359014421175,42.67885219026167,41.65233255187239,0,-1.402278702892201,6.685633001422475,44.01550000000001,42.044030000000014,40.712742000000006,24.7752672,16.58373581390662,0.83458090208,6.759401220693216
AAUKF,Anglo American plc,46.9,USD,2.167519878008926,1002,0.06714332620801029,50611845478.551994,USD,Non-energy minerals,Buy,48.52319105121367,48.68764472237462,47.872207058248605,4.804469273743014,-8.94971850126189,10.743801652892556,45.664500000000004,50.092972700000004,48.689935079999984,39.903528179949966,nan,0.7125,-33.330645047036164
STMEF,STMicroelectronics N.V.,56.55,USD,-9.76543800861657,309,0.003398394066337972,50461165823.224884,USD,Electronic technology,Strong buy,64.98827171302332,62.634523975474586,57.30619922970174,-9.76543800861657,-21.892265193370175,102.108649035025,62.436000000000014,69.56530000000001,66.375162,37.51020099999998,374.7730436081672,0.27430339698,-87.17468771830289
WAB,Westinghouse Air Brake Technologies Corporation,297.06,USD,2.4344827586206907,530255,0.5293884440559249,50404349920.77248,USD,Producer manufacturing,Strong buy,270.9054605363497,266.76266252808006,260.41218121967205,12.680650912263403,9.55559653328417,39.06001310738695,274.104,266.67750000000007,265.06199999999984,239.68324999999967,39.969860470122846,2.730374,10.920243567548207
XEL,Xcel Energy Inc.,80.56,USD,0.46140416510787446,980573,0.22113403660223135,50291159885.175705,USD,Utilities,Strong buy,80.06411324968981,79.97863494990422,79.69972108217445,1.6594106883715032,1.5760938091035177,9.130316987266337,79.38199999999992,80.22249999999994,79.50179999999992,79.09542500000003,23.191409736016354,0.790109,2.4116277012883596
ASMXF,ASM International N.V.,1022.2346,USD,0.8237739580276758,10,0.14705882352941177,49742494467.47565,USD,Producer manufacturing,Strong buy,1056.7204414819053,1035.8459970762422,985.5549943393622,0.8237739580276758,-14.165013896702582,56.97826303948892,1029.5936600000002,1097.8194399999998,1033.4318430000003,720.7250002499999,43.86968378301088,6.3910054479800005,119.88562984379305
WPM,Wheaton Precious Metals Corp,109.2975,USD,-1.8521012931034482,654633,0.44477239413951886,49634736807.32525,USD,Non-energy minerals,Strong buy,114.18970701240445,118.4298885291648,121.60827553874996,5.621859296482407,-6.511419040287398,-8.153361344537815,107.64949999999976,109.97987500000002,119.05715000000008,124.10888749999991,27.801574231241776,1.150169,196.8473199805999
BFFAF,BASF SE,55.3875,USD,3.2049191782736406,256,0.4476307046686484,49434575515.06688,USD,Process industries,Buy,55.074738726639744,55.847351499120904,56.14357083681174,4.840999432140838,-0.4072715503290437,6.514423076923082,54.510999999999875,55.14076249999996,58.044529000000004,52.92606224999998,nan,0.9381246299200001,nan
AMSYF,ArcelorMittal,66.45,USD,3.0392308885098593,100,0.0015758752411089117,49426354217.356636,USD,Non-energy minerals,Strong buy,62.47096574723357,59.44832199914721,54.62723646593034,0,-3.625815808556925,20.271493212669686,64.55499999999999,57.29442500000005,40.53074666,31.906112665000006,15.203091635555632,nan,174.94910786763285
PBCRF,PT Bank Central Asia,0.4,USD,20.12012012012012,1139,0.0065251340831986105,49310018750.0,USD,Finance,Strong buy,0.34623846008907533,0.35028454679404086,0.36970798633515883,0,15.707260630604575,-13.978494623655914,0.35349439999999993,0.3265113000000003,0.41282002000000034,0.5612349049999966,14.376255635644958,0.006782728399999998,1.8948881782819302
PYPL,"PayPal Holdings, Inc.",55.78,USD,0.4863988470545904,5759811,0.2378643009757105,49203844963.84147,USD,Commercial services,Buy,49.22034141168822,48.07833601347089,48.367654866134004,-1.2568596211718903,32.39971516733918,-4.925856485426965,56.104000000000056,48.92349999999991,45.53300000000001,52.59427500000007,10.463720267126886,1.277537,19.591699383062267
FNCTF,Orange,18.49,USD,1.8171806167400786,1166,0.015091995159171364,49162944056.519325,USD,Communications,Strong buy,19.436415984448562,19.379346663033576,18.93931449286562,2.8937117417918734,-5.276639344262301,9.602845287492574,18.287999999999993,19.534577499999997,18.022961000000002,13.88082975000001,77.78031259053687,0.4682446,-73.11402123339391
HINKF,Heineken N.V.,88.97,USD,0,844,0.12047160923805988,48932167655.35675,USD,Consumer non-durables,Strong buy,85.35481464420083,83.94722928880263,83.02875767770162,0,9.920929083271561,9.340051616074714,87.54080000000005,82.71562499999985,79.92709800000017,82.36263167500017,22.508688003175465,2.58758133084,120.8211384701732
VTR,"Ventas, Inc.",98.0,USD,0.8437950195513408,462409,0.18179748052624786,48761831562.0498,USD,Finance,Strong buy,91.4559985812056,89.43650791444166,87.23456154591958,2.0620704019995877,17.140808032512556,26.664081685407773,97.03000000000006,92.739,88.0396000000001,81.97924999999994,177.50407534866872,0.142327,66.84799032940465
MDLN,Medline Inc.,37.05,USD,-0.3496503496503566,1405942,0.2856350986635708,48672147400.43706,USD,Health technology,Strong buy,39.010751284938976,39.4353064026346,40.285240028951165,-7.351837959489885,6.741573033707854,-11.596277738010022,38.398000000000046,40.01700000000001,37.7306,nan,30.98862495817999,0.322456,-22.06505442930709
MBGAF,Mercedes Benz Group AG,50.3635,USD,-1.673158208139318,24446,1.1173424380790449,48495198165.989044,USD,Consumer durables,Buy,52.454726951521124,54.26533615901349,56.58871278193714,-2.9605009633911306,-2.4719209914794704,-29.354046850890732,51.23680000000003,51.01999500000001,54.54060799999999,62.84458649999997,8.56888949560668,1.44436670818,-39.13707316374543
NTDOF,"Nintendo Co., Ltd.",42.065,USD,-0.4378698224852125,4449,0.40640157847140396,48492883226.31563,USD,Consumer durables,Strong buy,44.43864657726925,46.077085157036215,49.51659445546031,-1.4642739183089364,-4.722536806342018,-36.10056205377487,43.32125999999998,43.41278999999996,44.52536667999999,61.64800166999998,18.32333410224458,0.380831778613,43.81144183062197
ANFGF,Antofagasta plc,49.1312,USD,-2.8074950940051977,5258,0.5677204802625896,48436321012.581795,USD,Non-energy minerals,Buy,50.798614149590136,51.071388930842645,50.338099595209755,0.9891058581706089,-3.285039370078735,9.076216060209134,48.56312000000001,50.13379249999993,52.845754999999954,47.126215249999994,35.77157541946299,0.727143,67.34912301564866
EW,Edwards Lifesciences Corporation,83.87,USD,-0.592627711271779,1495805,0.32269370985380746,48292346548.72869,USD,Health technology,Strong buy,87.26523704101838,86.53709528955021,85.44103030103507,-2.442712574153768,-2.691727578605399,-1.8605195413058615,84.70400000000006,89.80950000000006,87.19739999999996,83.39575000000005,45.56666304465935,0.743107,22.97721654306141
EXC,Exelon Corporation,47.065,USD,0.7815845824411025,1822126,0.23614005869527893,48157291419.50727,USD,Utilities,Buy,46.676488043252064,46.593293945339404,46.49564190279173,1.3349122618150446,1.6522678185745154,8.046372819100082,46.37500000000004,46.777750000000026,45.94590000000008,46.19295000000002,17.235507379060312,0.445082,1.3096386436150604
EBAY,eBay Inc.,108.34,USD,-2.3524109959441186,891540,0.2570622411309771,48102958676.875175,USD,Retail trade,Buy,110.64311124214336,108.7309271469501,105.33445124828565,-3.8729426378598957,3.092587306118565,24.528735632183913,111.71700000000001,112.62924999999989,111.58429999999997,95.91004999999997,24.59757066636395,1.504666,5.265044691936331
HCMLF,HOLCIM LTD,88.732,USD,-2.8818475346139065,248,0.4695191215448693,47805820666.22548,USD,Non-energy minerals,Buy,91.24727943931077,91.38914268101567,91.36873083396264,-2.556128074360094,-7.281086729362595,-9.412773603397582,90.55731999999992,93.25417999999999,92.16262580000013,94.50285595,46.269856050229,1.9793600000000002,-66.62144771299785
AZO,"AutoZone, Inc.",2926.855,USD,-1.533919830442894,42870,0.2753500966968907,47781947673.85261,USD,Retail trade,Strong buy,3089.3057688486238,3164.8222480809277,3264.2885553275096,-4.481934866963211,-1.9117597774724377,-13.286335181064848,2990.580999999996,3059.8592500000073,3119.8426999999997,3513.0178749999995,20.122909145411207,54.531748,-1.5630245048673954
ODFL,"Old Dominion Freight Line, Inc.",229.35,USD,-1.481958762886605,232971,0.16808718014096408,47697524950.02255,USD,Transportation,Buy,225.89471785295348,221.42269236539244,213.45421307831805,-2.137736815156178,3.13891262310563,45.388272583201264,232.5079999999999,225.04574999999986,223.46670000000006,185.71444999999952,47.957092673134824,1.532407,-10.34793041391721
FKURF,Fujikura Ltd.,27.16,USD,-9.011725293132331,465,0.02114895687886878,47666257529.29947,USD,Producer manufacturing,Strong buy,31.429653726028366,31.76463009595168,30.850107022096452,-9.1942494149114,-30.811361609985994,42.8844139242892,29.044999999999998,33.660125000000015,33.570100000000004,22.802123922099998,45.4283840212426,0.231405925751,62.92174600665543
GDERF,GALDERMA GROUP AG,200.65,USD,-5.709586466165415,44,0.04072565716401332,47117406838.05315,USD,Health technology,Strong buy,207.72917151437778,206.3057577637387,202.19281273511604,-1.8586451455123418,-9.515219842164598,-0.17412935323382803,208.69999999999987,216.3234999999999,211.5193800000002,nan,75.04684284421377,2.496667,185.5048862613153
WMMVF,Wal-Mart De Mexico S.A.B. de C.V.,2.7,USD,-1.0989010989010917,6500,0.016415517664612286,47105068932.32639,USD,Retail trade,Buy,2.878530714551406,2.9487515380061486,3.0184579935060794,-3.433476394849773,-5.263157894736839,-12.052117263843638,2.757400000000005,2.83287,2.9773869999999976,3.1638372499999945,16.704363806611145,0.043225148940000006,9.039945908973676
HUM,Humana Inc.,391.79,USD,-1.4612676056338032,274776,0.219103612527187,47038896022.10334,USD,Health services,Buy,372.0453183551504,346.1509625958074,317.1507713960543,-2.130795363709026,8.259187620889762,53.01905952194969,398.38599999999985,396.242,358.95799999999997,262.62675000000013,41.93002921692227,7.245671,-33.932220407412906
FLEX,Flex Ltd.,128.01,USD,0.7952755905511739,1071206,0.3244442016039906,46901527176.450714,USD,Electronic technology,Strong buy,131.953074627532,126.99456944184605,116.41215009213862,6.316182882770641,-13.838594601871172,108.34960937499999,124.31199999999994,136.62075000000004,141.96829999999997,86.52267500000002,54.89985847235921,0.901445,10.433835369896748
AMP,"Ameriprise Financial, Inc.",518.64,USD,-1.552712501423648,259104,0.4567128078731772,46624225900.321014,USD,Finance,Buy,493.3151261001308,483.8031596764478,478.4694457602669,-1.9139117936303813,11.169699697768637,5.844897959183671,525.5840000000001,500.92849999999964,475.01239999999996,474.60055000000034,12.900305195790438,11.429033,36.60602642165923
GRMN,Garmin Ltd.,241.46,USD,0.39499397114465806,120537,0.15173057598254414,46567057270.92695,USD,Electronic technology,Buy,241.0912885023004,239.9224657561614,237.64735751709134,-3.230201987816609,2.3222306975167464,18.554524475867836,242.59399999999988,241.63250000000025,238.20019999999994,228.86480000000017,26.92311980821765,2.288418,18.14337654125831
MCHPP,Microchip Technology Incorporated - Depositary Shares Each Representing a 1/20th Interest in a Share of 7.50% Series A Mandatory Convertible Preferred Stock,68.91,USD,-4.344808439755704,7607,0.02045973759250184,46166569099.0,USD,Electronic technology,,73.14690211184103,73.2352082291022,71.80465129439494,-1.289213579716381,-16.065773447015832,16.068721576553813,69.96199999999992,72.83799999999998,77.12259999999996,66.13594499999998,319.17554423344137,0.699871,nan
DGEAF,Diageo plc,20.756,USD,-2.900449101796412,5335,0.47800804594611546,46152724382.42793,USD,Consumer non-durables,Strong buy,20.704558022914973,20.677518855204593,20.874645181391042,-2.4807367036271315,1.0220967584931415,-5.654545454545453,21.205600000000025,20.79003000000004,20.67184400000005,21.685333500000006,18.955179129182486,0.638143,-30.636144963394337
CCEP,Coca-Cola Europacific Partners plc,103.35,USD,-2.3894975443898763,883513,0.5750600484683549,45806539926.34397,USD,Consumer non-durables,Buy,101.95792089522614,100.281141001583,98.64643068671786,-1.109941632379687,4.753699574295559,14.02250661959399,105.14799999999994,104.64799999999983,98.54340000000003,94.87524999999992,21.44413320883909,2.4668496,44.86894312853191
SMTOF,Sumitomo Electric Industries Ltd.,14.44,USD,-8.607594936708868,994,0.1261629456636247,45655038955.07969,USD,Producer manufacturing,Strong buy,16.43572264024589,16.47123293353888,15.545557106220365,-1.6683690840994279,-31.146290291817667,50.41666666666667,14.970800000000002,16.877850000000002,16.109469999999998,6.75893580125,19.357565523151408,0.133528191368,80.1526575375956
XYZ,"Block, Inc.",76.5,USD,-1.2393493415956545,1669289,0.3684850229927737,45531556285.39891,USD,Commercial services,Strong buy,75.9264483241552,74.0034032252274,71.82408593155947,-3.5795311318376646,6.978045028667312,16.402921485088253,78.71399999999998,78.26200000000003,74.14839999999998,67.57230000000004,59.43132380360473,0.870437,-68.69116824362123
DNBBF,DNB NOR BANK ASA,31.598,USD,-0.12011632317612927,331,0.2079798931825322,45521152193.73503,USD,Finance,Buy,31.36715501107021,31.34757402572549,31.138090292869258,3.1939908556498953,0.6754603963550619,9.033816425120767,31.351200000000013,31.256600000000002,31.401329999999962,30.02482449999998,11.329250051899319,0.6936225553200001,-5.744248082580804
SDVKF,Sandvik AB,36.21,USD,-9.183251194462203,155,0.0072171572781538984,45421311351.38054,USD,Producer manufacturing,Buy,39.24696300108663,39.193606876175004,38.2190531921365,-9.202607823470414,-2.5302826379542336,10.060790273556238,39.54929999999998,40.58740999999999,38.747402000000015,25.557532035000026,26.26335819240091,0.453056942,13.611512030141887
FER,Ferrovial N.V.,63.2,USD,-1.4348097317529658,660500,0.6102028127531925,45392324026.187256,USD,Industrial services,Buy,65.72940296830792,66.42778728011234,66.63049486786363,-1.110937255515559,-9.390681003584227,-2.4992286331379057,63.581999999999994,65.54550000000006,66.87399999999997,66.7456,43.627107038611484,nan,-68.71270985641983
PSKOF,ORLEN SA,39.08,USD,4.687918564157514,300,0.7600709399543958,45369615467.355804,USD,Energy minerals,Buy,34.01024263550027,31.34182244553027,28.148187925096494,0,4.687918564157514,41.95423174718488,36.262,30.258,21.31846,nan,11.29930467352021,1.29112608756,70.50061108928884
SSUMF,Sumitomo Corp.,9.54,USD,1.92307692307692,160,0.011810558639423645,44889477802.73214,USD,Distribution services,Strong buy,9.990448831537003,10.098510426504044,10.013613565263082,-1.0373443983402637,-9.380194728093096,10.688905003625802,9.561000000000003,9.818731249999995,10.156021999999995,8.490232874999997,12.148513743722857,0.206650291562,1.7041933667596192
CRWV,"CoreWeave, Inc.",82.205,USD,-0.5263794772507288,9695105,0.4358607740984239,44848610380.029106,USD,Technology services,Strong buy,89.73722790149039,93.09904181553193,94.754954110225,8.49996700323368,-20.131163468545058,11.193020424726079,78.13900000000007,85.01825000000005,98.32740000000004,96.87795000000006,nan,-1.168682,-21.728872558499315
SLF,Sun Life Financial Inc.,80.83,USD,-0.6392132759680345,121256,0.20549596985146215,44786607265.50226,USD,Finance,Buy,78.51855913473216,76.35522702738028,73.60749599100801,-0.8585796639273922,4.6885118507965355,29.597562930896267,81.11599999999989,79.76649999999994,76.28719999999993,66.65300000000003,21.02132143506255,1.3636831999999999,1.2784540473330384
SSREF,Swiss Re Ltd,164.37,USD,1.2941393973007915,445,0.3260789917197919,44654359977.40357,USD,Finance,Buy,160.94476239692952,160.08871608495437,160.59111056474447,-0.47229791099000973,7.531172722395949,-2.7914128570583707,165.22224000000003,157.25680999999997,159.06229999999988,157.7722469999999,10.042587548534362,nan,56.15397382686712
RNECF,Renesas Electronics Corp,25.12,USD,3.162217659137575,427,0.009924970015898546,44640352753.905174,USD,Electronic technology,Strong buy,26.2005417982489,25.233986282247148,23.469508906514115,4.353605849119316,-10.881851046393232,79.55682630450322,26.74728000000001,28.003555000000013,25.252744000000003,16.308279,nan,0.353239395509,-107.54707100039069
LZAGF,Lonza Group AG,652.374,USD,-1.0730153916142273,231,0.8648446274803444,44458240925.40645,USD,Health technology,Strong buy,670.6997960704336,662.7696041961973,659.3929221095149,-9.524443519866852,-0.07444168734491162,-6.113919842499961,686.9007999999993,700.046949999999,655.1761399999997,666.6320349999997,nan,11.185612200000001,-114.90147868675045
FERG,Ferguson Enterprises Inc.,228.26,USD,-0.5966119409484844,195351,0.18214322976567837,44268251316.45177,USD,Distribution services,Strong buy,231.7110252934513,233.55985723469345,235.31279235092006,-2.2608546715766042,-1.2929729729729769,2.2853557985302,229.08599999999964,230.91549999999998,229.9329999999999,240.33700000000044,25.028508771929825,3.2893,9.569291764281854
ANNSF,Aena SME S.A.,29.512,USD,-1.9404572036150969,14,0.02063983488132095,44268000385.476616,USD,Transportation,Buy,29.884144986644078,29.770667162217162,29.61836292343966,-0.8200026885334043,-2.709830553174653,5.467800729040102,29.761599999999977,30.51884999999997,29.454100000000007,29.065850999999995,17.699093984866234,0.49440462636000004,17.082687806726515
VIK,Viking Holdings Ltd,98.94,USD,-1.4050822122570967,571656,0.38889345818883064,44142783824.99791,USD,Consumer services,Strong buy,96.31409910115099,92.98336935168162,88.29864185854068,1.2588271415413,2.934443288241423,38.33030345406236,98.49599999999991,100.09650000000005,94.15180000000002,76.54930000000002,36.846417399076415,1.255741,117.98993343075175
MCHP,Microchip Technology Incorporated,80.68,USD,-5.10468125147023,3644174,0.4102945231336403,43809912901.7563,USD,Electronic technology,Strong buy,86.10964812408044,86.0194353987544,83.80010051355137,-2.2356861557103893,-16.979091564527756,23.513637756665645,82.09499999999998,85.97375000000001,91.20750000000011,75.12065000000003,373.69152385363594,0.699871,nan
DNSKF,Danske Bank A/S,55.09,USD,2.818215752146333,400,0.5685048322910744,43770167667.580734,USD,Finance,Strong buy,52.28548630531826,50.924543290972004,48.42053373220917,1.2497702628193472,8.019607843137262,11.036088240332976,53.084,50.99022000000001,41.033718,23.84332913000001,12.43127876721791,1.1404157272,0.7181905573936023
MSADF,"MS&AD Insurance Group Holdings, Inc.",29.715,USD,11.87876506024097,1363,0.33518591383041524,43677321115.724396,USD,Finance,Buy,27.508008812122277,27.161697330738086,26.686543385679563,0,-0.6519558676028093,22.394760688689356,27.60299999999998,27.707749999999997,26.593800000000005,24.13441900000001,8.922575990381066,0.463029144864,12.756134563735518
SEMHF,Siemens Healthineers AG,39.1,USD,-1.3933547695605624,1118,0.28348293524012375,43627313774.63119,USD,Health technology,Strong buy,39.82746372056611,40.44890163593492,41.90642762200859,-3.1339031339031354,-4.001728459927471,-22.87968441814596,39.94799999999999,40.11117500000004,39.92553999999997,47.249036,18.134161773328533,0.60416001854,7.2728669266144355
HLNCF,HALEON PLC,4.95,USD,2.0408163265306163,824,0.11052539803897898,43597617111.71085,USD,Health technology,Buy,4.790373305591048,4.76811796328661,4.787395681151402,-0.30211480362537124,19.277108433734934,-4.8076923076923075,4.891200000000001,4.748549999999992,4.583403999999998,4.830900750000003,19.893272392671175,0.13257000000000002,26.518607645628062
CRDO,Credo Technology Group Holding Ltd,232.57,USD,1.8837341744425387,2133918,0.40465727217635983,43369163692.06422,USD,Technology services,Strong buy,228.58943404781422,217.4361351750274,200.48987791331578,8.932084309133486,-16.231743115961606,56.71832884097034,219.89199999999997,241.29850000000002,231.1819,164.40339999999998,93.78578917654649,1.163072,789.7739504843918
SUHJF,Sun Hung Kai Properties Ltd.,14.86,USD,3.916083916083907,106,0.019340595179447882,43061014863.269875,USD,Finance,Strong buy,15.855525289971576,15.723907977766748,15.082614922274004,0,3.916083916083907,13.227674489484903,15.920000000000007,16.085700000000003,13.368003999999996,11.313752500000005,15.236832464731348,0.5149788,26.052293602768966
ADSK,"Autodesk, Inc.",203.925,USD,0.20884520884521443,567129,0.3104752190377983,43028175000.0,USD,Technology services,Strong buy,211.4769918957609,217.18537829743514,226.5035323676926,-5.182033756451379,5.513012883530812,-31.106418918918912,210.94499999999985,206.23925000000003,216.59030000000027,256.2467250000002,29.79704257868436,3.118894,46.64866718093768
DKILF,Daikin Industries Ltd.,146.91,USD,-0.843682505399568,50,0.0002323490254120129,42996537239.68298,USD,Producer manufacturing,Buy,148.5725240832749,146.54164163754004,142.83190612614385,1.01072607260726,6.1411747706090605,14.11371757029671,148.79699999999997,151.7115750000001,148.99683,131.45132750000002,24.83793560807904,1.811060757935,-1.8093888319330207
PRYMF,Prysmian S.P.A.,147.0,USD,-1.4381977270441584,1165,0.2325070849798427,42955097534.22222,USD,Producer manufacturing,Strong buy,157.43306108277258,156.6310989183023,150.55385623807396,0.1635322976287879,-14.782608695652174,39.62434402678508,147.2079999999999,159.83838000000003,167.69722232000004,125.23246608,27.138188464823973,1.4259658374600002,109.0653439115808
WCN,"Waste Connections, Inc.",168.7,USD,0.47647409172125244,710126,0.6443278811090273,42863448627.1091,USD,Industrial services,Strong buy,165.8444421463534,164.18438608619525,163.99861590703813,-1.9186046511627974,8.328517305593014,-3.5338517840805164,169.562,169.3894999999998,160.6757999999995,166.1985500000001,41.83350473415415,1.5002994765000002,59.043404662731426
DISPF,Disco Corp.,394.586,USD,-5.607758331977763,35,0.21957340025094102,42800129769.40824,USD,Producer manufacturing,Strong buy,441.68781715787554,444.77695780663106,437.58109434069166,-0.8059488375834508,-22.252893946111023,12.783970731149603,408.98000000000013,448.3598999999999,448.91688,400.3376946999999,50.28674550982692,2.1044236080010004,3.341850085839088
TTWO,"Take-Two Interactive Software, Inc.",229.97,USD,-1.545509033307652,501697,0.3398186453516399,42697761328.79989,USD,Technology services,Strong buy,234.12435352836877,230.69181353654352,227.84362640815942,-2.8842905405405457,-4.37042581503659,-10.762305737180105,235.02799999999996,243.81074999999996,233.28669999999977,230.17434999999975,nan,0.327034,93.64199183982105
IDXX,"IDEXX Laboratories, Inc.",539.52,USD,-1.0055045871559667,106782,0.1966098961161343,42558957905.27296,USD,Health technology,Buy,557.1085912570038,562.6477875037945,573.8033948681501,-5.339064830248278,-1.6820045558086594,-20.251873531107268,553.6460000000003,554.1734999999992,554.2837999999989,622.5327250000003,39.69685821499522,3.948737,25.583286362418328
ORXCF,ORIX Corp.,40.726,USD,1.3841175006223485,44,0.01736453687990844,42453370023.67922,USD,Finance,Buy,38.39433234561491,37.35610217157447,35.63978688565508,10.948865339036146,9.088474004232182,37.05535924617197,38.79259999999999,38.965350000000015,38.13694000000001,27.992266895000004,16.21429431302262,1.1371311450069999,22.671517255905794
COIN,"Coinbase Global, Inc.",160.885,USD,-3.1513363833373544,2397822,0.35301017990280753,42386922985.0,USD,Finance,Strong buy,163.2733139388498,168.85611074722402,179.31796250811598,1.7036475124849821,2.4875780354185255,-30.230490687135458,164.0810000000003,159.51824999999997,169.06760000000008,218.86367499999997,60.499003497160906,-0.392433,-50.16491136014392
RBGPF,Reckitt Benckiser Group Plc.,66.73,USD,-1.5346023314150687,1371,0.5808829760189816,42377219789.440605,USD,Consumer non-durables,Strong buy,65.41188569908874,65.99324809281632,67.94974737446032,-1.8820761652698148,8.858075040783046,-20.133904742431145,67.34200000000001,63.73716,64.61987199999997,73.20219194194996,10.17885894957617,1.8840052980000002,148.5761160160083
VLKPF,Volkswagen AG,91.85,USD,4.995427526291713,226,0.441578741695975,42357838575.403,USD,Consumer durables,Buy,93.01343174615543,95.99191521716823,99.40727122740189,-0.43360433604336657,-1.2365591397849522,-24.142316777060174,86.30809999999994,86.34848999999984,96.46940500000002,107.65614424999998,6.497988648497166,5.4101472169800005,-29.46601996186723
BDX,"Becton, Dickinson and Company",152.96,USD,-0.13058239749281056,329833,0.225382115320002,42146666066.5239,USD,Health technology,Buy,153.1431029353835,152.97711119312294,153.46246136726268,-3.0425963488843704,7.302700806734475,0.18091775812767685,154.5219999999996,154.0945000000001,149.4068000000002,154.60450528149934,38.785911707279965,3.141457,-24.7442943286772
VLKAF,Volkswagen AG,84.86,USD,-0.8760658801541875,270,0.3088538091969801,42098066567.08083,USD,Consumer durables,Strong buy,89.93155512583319,93.93346689668282,98.31422671454497,-0.9223584354932939,-4.45845530285971,-30.76185619581846,84.95478,85.48046999999977,96.383758,108.4374664999999,6.003476502030153,5.4101472169800005,-29.46601996186723
ADM,Archer-Daniels-Midland Company,86.9701,USD,-0.400710032065954,660494,0.23513562660707138,41915808591.20441,USD,Process industries,Buy,81.20649430840936,79.12275156060727,76.34711748785962,2.789386597328924,14.38918847823228,51.410341225626745,86.41202000000003,80.87450499999998,80.06260200000006,68.97477549999996,38.9389299306022,1.400812,-20.382846754357825
AIG,"American International Group, Inc. New",78.48,USD,0.293929712460069,561450,0.17272427044415253,41610585541.691505,USD,Finance,Buy,77.94315529266467,77.4883337747992,77.3454229168123,-1.998001998001991,2.2008073967964545,-7.9197465681098205,79.45399999999991,78.33699999999979,76.64179999999993,77.63187499999985,13.86278527520667,1.928731,26.484650788685833
SWDBF,Swedbank AB,36.9,USD,0.5449591280653835,558,1.3603120429058997,41380925269.767715,USD,Finance,Buy,37.10332229593338,36.69688131785354,36.18007169035343,0.5449591280653835,-1.7310252996005289,4.237288135593221,37.57000000000001,37.035402200000036,35.79518087999999,31.985878219999986,13.008462184442733,0.7422629149,-10.235424843355544
FSUMF,FORTESCUE LTD.,13.44,USD,1.81818181818182,600,0.07672634271099744,41358971039.01777,USD,Non-energy minerals,Buy,13.881347521250865,14.205408927969856,14.384679093896706,1.81818181818182,-4.341637010676165,-12.44299674267101,13.157999999999983,13.887424999999997,14.837888000000016,13.788800000000007,10.717449942272099,0.589672,5.604702490805192
ED,"Consolidated Edison, Inc.",112.165,USD,0.06691051833348456,391136,0.23776148620867155,41336135155.405975,USD,Utilities,Buy,110.88637119753888,110.22412327307555,109.36547172924112,-0.5981921304501924,4.165118870728082,12.581551741443352,111.49700000000034,111.65275000000005,108.66229999999997,105.9527249999997,18.892856541292595,0.752101,9.597563226878343
RKLB,Rocket Lab Corporation,68.96,USD,-1.132616487455206,7416490,0.4030399726959546,41250504922.12988,USD,Electronic technology,Strong buy,86.08037241388755,89.29195734791178,87.92669359695597,0.8334551835063505,-28.348260779004374,-2.5909670111850467,68.20599999999995,81.44900000000001,104.22740000000007,77.76445,nan,-0.05832,19.985465116279073
SSEZF,SSE Plc,34.142,USD,3.4292638594365497,201,0.29611078373600475,41185269968.58127,USD,Utilities,Strong buy,33.432040747663684,33.5594150772892,33.33837217698329,3.4292638594365497,9.271883501360223,6.793869252424161,33.737599999999986,32.3575,34.119746000000006,26.99417299999998,24.512168925617175,0.5805254,-0.32516031524191563
LYV,"Live Nation Entertainment, Inc.",176.35,USD,-0.8824190647481976,299089,0.20581524103117296,41038901694.215096,USD,Consumer services,Strong buy,175.85732984209733,172.25119566087503,167.60856667828048,-2.7624614027349024,3.9860840851465245,23.815207470336293,178.6359999999999,180.94049999999996,172.96119999999996,155.30489999999992,nan,0.662503,-160.3588180915534
FNV,Franco-Nevada Corporation,212.72,USD,-0.6491990098547544,333065,0.472558639750742,41024229955.508125,USD,Non-energy minerals,Strong buy,213.7978308072177,218.66298258923658,222.44912132682322,6.6265664160401,-1.157009432647186,1.9848499376737876,207.03400000000002,207.2925000000001,217.2971999999999,225.82949999999997,30.159751787307126,1.967288,126.50721479611555
LGRVF,LeGrand SA,156.7205,USD,-2.65795361236474,4959,1.9143761581222976,41003295101.3362,USD,Electronic technology,Buy,167.65323275481822,167.45905311281302,164.54813931599293,-2.65795361236474,-2.857187131965552,6.79420783645655,161.49406000000005,167.91662225000002,162.2870589,113.35855715999993,28.11651005697337,1.7705607433200001,14.800689829768546
CODGF,Compagnie de Saint-Gobain,83.6,USD,0.09578544061302478,451,0.06465393657893227,40934810088.402145,USD,Producer manufacturing,Strong buy,87.65408613849141,88.60645199788003,90.10573169716407,0.8808977917219617,-6.435366536094013,-19.070667957405618,84.48050000000003,87.45807000000003,89.16514399999998,95.58485832499997,12.304421789663408,3.5860684000000003,16.29370013115051
CMG,"Chipotle Mexican Grill, Inc.",31.9,USD,-0.9316770186335536,4911954,0.2982083273136112,40919215850.242226,USD,Consumer services,Strong buy,33.38098894441958,33.43978112138123,33.92400465100184,-6.574901156831174,3.2696665587568727,-14.362416107382554,32.998000000000005,34.07350000000002,32.554,35.11872499999998,29.22315866617809,0.318714,-4.085756963359985
OTPBF,OTP Bank Ltd.,152.0,USD,5.555555555555555,292,1.6026344676180022,40908479736.326904,USD,Finance,Strong buy,132.04970539272298,116.8268229635864,98.70962579393237,0,5.555555555555555,21.6,144.926,99.47685,nan,nan,11.53531209469884,4.1148899781359995,27.44321676139181
SVKEF,Skandinaviska Enskilda Banken AB,20.88,USD,2.455899310581706,266,0.15750828990999527,40874817242.69421,USD,Finance,Buy,20.1040651464645,20.008326318372017,19.754251697013395,0,2.8571428571428488,-4.2640990371389265,20.3935,20.014049999999973,18.948077999999995,14.413904680000005,12.968884813048307,0.4246425222,-5.23506646264085
YUM,"Yum! Brands, Inc.",148.24,USD,0.45402182015315845,385843,0.13050049615440174,40858086537.31897,USD,Consumer services,Buy,154.0496525927698,154.69019537588838,154.98949923832444,-0.49671096791514346,-2.003040920208899,-2.1776428665698715,147.654,156.97149999999996,153.72499999999994,154.00985,23.89849908913573,1.579155,23.677074610200584
SWZCF,Swisscom AG,783.258,USD,5.469406441883019,3,0.21897810218978103,40573167168.25293,USD,Communications,Buy,786.9653889069994,799.5862619111817,802.2245163061442,0,-4.828918590522474,7.949970712882885,766.0796999999998,818.6159250000002,800.4571699999996,655.7660409300003,26.235018703867343,7.3445253819000005,-5.8399908383667665
PRU,"Prudential Financial, Inc.",116.91,USD,-1.6323096339924257,306447,0.20336099388457743,40567769479.63492,USD,Finance,Buy,112.20540842032776,109.42298910729355,107.29448513400446,-1.797564048719026,8.119855729214835,3.5793390626384265,118.27800000000029,114.2430000000001,108.1991999999999,105.14110000000036,12.015786714903852,3.484144,53.97287588422402
KDP,Keurig Dr Pepper Inc.,29.795,USD,-1.3410596026489985,2255011,0.22917996323198986,40537869784.540565,USD,Consumer non-durables,Buy,30.946766064408326,30.54433191545898,30.00982852293042,-3.6072468456810043,-3.4823453190800104,7.099209202012945,30.310999999999996,31.507250000000074,30.7675,28.471274999999963,22.16724946060561,0.537379,21.748188405797098
MSCI,MSCI Inc.,557.6,USD,-2.3382082494088836,342367,0.48122777761535396,40537519164.99168,USD,Commercial services,Strong buy,590.3408093360795,587.9266355358258,583.3478348859989,-11.157847776556247,-4.959945457644456,-2.444145074094166,588.8120000000004,593.5869999999999,595.8243999999999,572.2420000000005,30.498777532858938,5.031874,21.125612826288588
TSCDF,Tesco PLC,6.4875,USD,2.326498422712933,827,0.614732773359102,40430997888.20957,USD,Retail trade,Strong buy,6.247999139451165,6.224322952328371,6.200963787240695,-0.19230769230769504,9.217171717171707,9.108797658890998,6.458700000000005,6.201749999999999,6.257703999999994,6.0590604999999975,17.79445328719438,0.216594,23.38188562010771
BMDPF,BANCA MONTE DEI PASCHI DI SIENA SPA,13.3006,USD,5.060031595576612,7205,4.095378843858353,40412784592.32493,USD,Finance,Strong buy,11.979678799545523,11.479204056977691,10.970822571049764,5.060031595576612,7.523039611964431,17.808680248007086,12.920620000000023,11.530174999999996,10.398808,8.95946099999962,7.367847809200318,nan,12.605259972242033
PWCDF,Power Corp. of Canada,64.46,USD,-1.7976843388178045,9037,0.07697464189372781,40340242503.800865,USD,Finance,Buy,62.6714058621649,60.838795287966555,58.37444189477467,-1.6778523489933015,-6.795835743204169,21.256583897667415,65.17499999999998,63.662509999999955,61.61205599999996,52.89555149999999,21.516707346729046,1.0568799999999998,3.0796559257684066
RVMD,"Revolution Medicines, Inc.",188.97,USD,3.245369611539091,1042834,0.5799734382160447,40174353923.992134,USD,Health technology,Strong buy,176.15560443598773,164.9736673114704,149.75948088951483,1.2483926275182238,15.719534598897726,135.35932245609663,184.36800000000002,185.9755,166.8262,111.26672500000004,nan,-2.036783,-76.93115869521715
HEI,Heico Corporation,342.78,USD,2.249134948096875,169000,0.4217230806546639,40037509269.19723,USD,Electronic technology,Strong buy,339.2857173410773,331.63660804704693,324.6498814519365,-0.46171269274327953,4.065090014875979,6.051605717467961,340.3040000000003,348.85500000000013,331.8206000000002,316.73414999999983,61.22055330320944,1.500337,30.878193590612646
HEI.A,Heico Corporation,249.05,USD,1.9651995905834232,94993,0.5864297562803539,39926329213.6,USD,Electronic technology,Strong buy,248.47784068673693,244.62324094548669,241.7252523216213,-0.37999999999999545,3.3402489626556062,-1.2998850711370036,247.83800000000002,253.40749999999997,243.86480000000003,241.42395,44.48036291546856,1.49769,30.878193590612646
CBRE,CBRE Group Inc,136.24,USD,-0.6200306368079322,349894,0.2699307633848494,39893331067.69918,USD,Finance,Strong buy,137.44951969611282,137.8541178287588,139.73487580801128,-3.038929613550624,4.350490196078437,-15.014659097997624,138.23600000000016,138.7445000000002,134.43660000000008,148.18474999999987,31.079478054567023,1.468696,33.86264390631204
PCG/PX,PG&E Corp 6.000% Series A Mandatory Convertible Preferred Stock,43.405,USD,-0.9018264840182558,4001,0.25578406991388625,39882293441.0,USD,Utilities,,42.2768294601876,42.139834256721606,42.051693826993294,1.4372516943211078,6.150648080215213,6.254589963280293,43.045,42.312254999999986,41.624866000000004,41.823316000000005,34.013792022568765,0.437935,17.353319845503044
FANUF,Fanuc Corporation,43.106,USD,2.1033682315599935,879,1.075229357798165,39866427819.70188,USD,Producer manufacturing,Buy,44.506332356653516,44.56874301417975,43.68676501857112,0.03713158505453293,-3.716774625865538,16.502702702702706,42.67379999999997,43.76659499999999,46.56652199999999,40.05509249999996,38.34962171461978,0.313767777752,7.161705177316509
WOPEF,Woodside Energy Group Ltd.,20.96,USD,-0.023849272597181042,120,0.01227734522871671,39804068075.086266,USD,Energy minerals,Buy,21.482004179261594,21.582107104319167,21.123506664722083,-0.023849272597181042,9.853249475891,31.823899371069185,19.91966,21.39574000000001,21.419770000000007,16.662076000000003,14.262855998095745,0.776513,-16.178287801471708
DHI,"D.R. Horton, Inc.",140.245,USD,-1.5962671905697483,1599613,0.6046012974859132,39770625049.345535,USD,Consumer durables,Buy,150.09350466918897,150.22339335702995,150.13251928155734,-6.391002536376979,-9.8392799742848,-2.837051406401551,144.0929999999999,153.17475,149.87450000000018,150.48287500000004,13.339008360361047,3.065217,-15.726320345626366
PEG,Public Service Enterprise Group Incorporated,79.64,USD,0.0753958280975148,386840,0.14713659497529516,39686318095.35562,USD,Utilities,Buy,80.09345533407372,80.22010663593349,80.47069641856301,1.6075529471804098,-1.3135068153655542,-1.4234434954821211,78.62400000000011,80.50850000000005,79.52159999999989,81.04029999999997,17.610507927382084,0.796594,23.627665390924015
AXON,"Axon Enterprise, Inc.",492.13,USD,0.13021628110439404,191987,0.2974688643667048,39666701481.005714,USD,Electronic technology,Strong buy,496.66020235256264,484.0096021250495,483.92902961529364,-1.895781835579298,18.74577743461056,-14.168861293754471,506.51000000000005,544.5944999999992,476.0958000000002,520.5984499999998,196.99383556160433,1.84391,-39.52993004623242
AU,AngloGold Ashanti PLC,78.27,USD,-3.572748552420852,1122115,0.5363935095771085,39526934318.287056,USD,Non-energy minerals,Strong buy,83.42202742479692,86.55737612091642,88.67427176300409,3.05464121132323,-4.838905775075992,-10.153245709694081,77.91599999999998,80.21599999999998,86.64259999999996,90.99245000000002,11.48226388522137,2.03,nan
CLS,"Celestica, Inc.",342.9182,USD,2.2110879284649814,1231442,0.6883762956645847,39426370588.24618,USD,Electronic technology,Strong buy,345.56249140886706,347.6530000892979,341.46405129831004,12.050124166775582,-3.0482895108849237,15.034619255283456,325.33764,341.54841000000016,364.3235639999998,324.70299100000005,41.70155828046924,2.253389248,137.55662783391023
DTGHF,DAIMLER TRUCK HLDG AG,51.47,USD,6.331990496849495,201,0.5827776167004929,39340421784.52883,USD,Consumer durables,Strong buy,48.65554370816073,48.412807231454316,48.08405246123986,0,8.931216931216929,16.884296582264113,48.88310999999999,47.777524999999955,48.47419500000001,44.959027250000005,24.833323827884495,0.9543510184000001,-47.32446369419668
A,"Agilent Technologies, Inc.",139.04,USD,4.181028023377778,746160,0.3417364614475463,39269339719.85853,USD,Health technology,Strong buy,132.05466712533948,129.6012160609045,128.02581060173972,5.854586981347543,9.239472030169697,2.0551967116852485,133.4160000000001,133.35399999999962,128.445,131.01175,27.925847074655042,1.486719,22.799358737205583
CMXHF,CSL Ltd.,81.9594,USD,-2.2710579032719664,200,0.03036606288811624,39251337443.831345,USD,Health technology,Buy,81.6611691470097,82.89586537664384,87.54258299233015,-2.2710579032719664,7.9691740218680085,-25.741234030986682,84.17547999999987,76.83370999999991,77.702382,107.53984149999992,27.39942501237137,2.354741,-43.543164122810374
ASAZF,Assa Abloy AB,35.31,USD,4.839667458432312,483,0.014987386392197872,39221513092.02284,USD,Consumer durables,Strong buy,35.4785750202389,36.12416708656915,36.445703383616085,0,3.7613870114604793,-6.646573604060903,34.44000000000001,37.246725,36.60786600000001,28.777681,23.296671853689457,0.4485914433,10.133791369625257
PAYX,"Paychex, Inc.",110.055,USD,-0.6185660104749757,723247,0.26467331912807224,39144676548.6881,USD,Technology services,Buy,105.55432567989077,103.01547556883843,102.16004101493147,-3.350311759023446,12.404248799918301,-1.8417766678558667,112.46899999999997,107.25124999999998,101.09980000000002,103.85727499999996,22.504294127269755,1.323163,6.805276491657191
PCG,Pacific Gas & Electric Co.,17.73,USD,-2.0982882385422363,8612487,0.6224243517490278,39045447968.4666,USD,Utilities,Strong buy,17.195033950589696,17.094235050215588,16.987878616487016,2.0725388601036236,6.3587282543491215,9.512044471896226,17.615999999999993,17.273500000000006,16.8536,16.666574999999998,13.89389546273803,0.437935,17.353319845503044
HIG,"The Hartford Insurance Group, Inc.",142.18,USD,0.9514342516330612,354691,0.25152400324613894,38975915894.22124,USD,Finance,Buy,137.20674016529472,136.12346864052537,135.44009626415726,1.3399857448324983,8.95019157088123,3.6448461874908875,141.15200000000007,137.55849999999995,133.66839999999996,134.41345000000004,9.988548787084719,3.157183,41.863501365385005
SYY,Sysco Corporation,81.45,USD,-0.815879201169023,473737,0.1991169933017517,38947972987.21323,USD,Distribution services,Buy,81.01306034019962,80.1742434722418,79.60766000194347,-1.2008733624454087,3.140433075851594,11.68243521184697,81.45199999999998,82.67199999999993,78.89479999999999,78.39837499999993,22.591739938423988,1.510617,-6.740991748363892
CNSWF,"Constellation Software, Inc.",1834.723,USD,-0.39505971769815657,771,0.10052937648316687,38880586163.456825,USD,Technology services,Strong buy,1953.964382347733,1956.9319963365363,1986.6474859708285,-8.492618453865338,-2.924708994708997,-23.361612364243946,1908.1516,1944.5612449999949,1937.1994600000003,2160.517259000005,52.84128635545321,27.811667,2.743313920117976
CCJ,Cameco Corporation,89.1,USD,-1.4053336284165212,1346547,0.3190105252504423,38805985901.33925,USD,Non-energy minerals,Strong buy,96.8021063203732,100.47247070170317,102.63062984392548,4.3081245609927326,-14.153579342903951,-4.19354838709678,87.72399999999996,94.23449999999998,102.32360000000011,104.57700000000004,82.97242006814197,0.26299820799999996,170.61195254337045
HIG/PG,"The Hartford Insurance Group, Inc. Depositary Shares each representing a 1/1000th interest in a share of 6.000% Non-Cumulative Preferred Stock, Series G",24.59,USD,-0.5661140315406412,19607,1.1777885903419774,38608580634.0,USD,Finance,,24.74702559081549,24.78737622014626,24.83411942328745,-0.606305578011312,-0.4453441295546536,-1.8363273453093847,24.72000000000002,24.731210000000004,24.78166999999998,24.968050500000025,1.7275173348882629,3.157183,41.863501365385005
LNVGF,Lenovo Group Ltd.,3.105,USD,0.6482982171799033,3080,0.06753719479437337,38516467362.53153,USD,Electronic technology,Strong buy,2.81160983360633,2.583187905410029,2.2946352865328246,14.999999999999991,5.182926829268293,162.02531645569618,2.928,2.890330000000002,2.7087039999999996,1.660085499999998,22.483343264019688,0.039955,30.059199238575516
GMGSF,Goodman Group Sydney NSW,18.83,USD,-12.255358807082956,162,0.016084992305019113,38503450689.18985,USD,Finance,Strong buy,20.402106974700782,20.495202835937338,20.49303941854651,0,-13.22580645161291,-6.745245641838361,20.363600000000012,21.107250000000004,20.438099999999977,20.939767229999998,34.00856499297749,0.49028471701,89.16901731401452
HOCFF,Hochtief AG,509.5,USD,-3.4370350715930504,17,1.096774193548387,38343447824.40709,USD,Industrial services,Buy,543.4379526653435,541.2342632026192,523.0308502658804,-3.4370350715930504,-14.037564487644056,26.41111524624736,523.265,555.7079999999999,562.24853,396.5152134999999,41.23969190104134,nan,-9.622063640624342
ESLT,Elbit Systems Ltd.,817.22,USD,3.094526233458221,37773,0.528506587268718,38287352782.91406,USD,Electronic technology,Buy,786.3466042272446,790.4430162779009,779.5588405967773,7.750118664627389,6.022314478463944,39.930139378788404,776.1879999999995,760.3535000000004,792.0370000000001,706.8838499999998,62.84818224229878,3.378365,66.89747263915679
EQBBF,EQT AB,32.5,USD,-1.5151515151515151,911,0.2365680749954556,37998231500.192924,USD,Finance,Strong buy,31.380215643542048,31.65691392753762,32.18869040900743,0,16.780452748832204,-16.666666666666668,30.564600000000002,30.71754999999998,33.41517000000001,32.02538099999999,32.65493361839784,0.77949845309,17.52447790367658
VG,"Venture Global, Inc.",15.285,USD,3.137651821862347,11747535,0.7121513407446481,37973411218.30669,USD,Industrial services,Strong buy,13.02876871319844,12.750891689706064,12.414224065670272,12.389705882352946,36.4732142857143,122.81341107871721,14.451000000000011,12.511749999999997,12.59510000000001,10.677649999999995,15.955114822546973,0.487276,89.62787015043547
GVDBF,Givaudan SA,4112.0,USD,3.6551550289891606,2,0.29850746268656714,37945193541.99232,USD,Consumer non-durables,Buy,4001.063380703552,3911.6512491205563,3869.19116899976,3.6551550289891606,2.8,4.498094027954257,4058.180000000001,3927.7838949999996,3786.2062040000005,4188.924088,28.234225106165272,68.397429,12.447610318224356
UMGNF,UNIVERSAL MUSIC GROUP,20.522,USD,-0.8599033816425161,1161,0.02860127215305253,37730250947.41428,USD,Commercial services,Strong buy,21.160180634327652,21.432393001665286,21.924509687332748,-2.045764799098847,-1.8086124401913883,-20.580495356037158,20.792480000000005,21.110174999999934,21.656217999999978,23.474416999999963,21.12029306412447,0.47738108,-16.671330501800462
AHODF,Koninklijke Ahold Delhaize N.V.,43.05,USD,7.356608478802981,457,0.9279187817258884,37638601817.81799,USD,Retail trade,Buy,42.0821783062702,42.76307237267225,43.10696938010035,7.356608478802981,7.062919671723443,6.9565217391304275,40.939539999999994,41.79370500000001,44.743212,39.92844849999998,14.793072461276921,0.7285806031800001,37.82005158729411
NTRA,"Natera, Inc.",262.34,USD,-0.711528271894653,200495,0.22058694092743444,37571122387.47883,USD,Health technology,Strong buy,252.68921782335858,241.6264959565155,231.13131691494294,-2.406904505040745,16.228789154224433,14.583970299191957,265.552,271.6884999999999,236.83260000000024,217.87425000000002,nan,-0.493939,-11.942436229709456
WAT,Waters Corporation,381.12,USD,2.7776279596569795,525070,0.745097310216732,37420592673.108894,USD,Health technology,Buy,368.7415787354729,361.4724074625051,355.04209804586236,3.711766626755194,5.834328399655658,0.5195832783858704,369.20199999999994,373.84349999999984,362.95259999999996,352.9012499999992,48.51509095306593,3.009411,-28.76263885740195
FRFHF,Fairfax Financial Holdings Ltd.,1615.96,USD,-0.08408972868695744,5087,0.5496310222251035,37256097249.46821,USD,Finance,Buy,1639.8417826387167,1644.9582413405524,1656.4525972754598,-1.0168079580536036,-0.875336608944749,-14.949473684210524,1630.7084000000025,1658.450225000001,1623.7656460000042,1695.2981705000018,8.029798189399873,86.803629,20.29096796634405
IRM,Iron Mountain Incorporated (Delaware),125.1808,USD,0.5387519074773109,252939,0.13105242288619362,37244379192.617,USD,Finance,Strong buy,124.02006996392674,122.41734954325621,118.7611793568128,1.2298237101730618,-3.521541425818879,50.82024096385543,124.66015999999999,123.04654000000005,125.40061599999997,106.449354,137.45558361699793,0.543268,121.95954179868389
WEC,"WEC Energy Group, Inc.",114.235,USD,0.6830601092896225,480184,0.30003239733060993,37209272468.01913,USD,Utilities,Buy,114.64936655154858,114.44288618112778,113.99188824580665,0.6919347730277625,-0.06561105765025181,8.10542254187565,113.08299999999983,115.51875000000003,113.5223000000001,112.57167499999983,22.778209806384716,0.803451,-2.111920051529289
TRI,Thomson Reuters Corp,85.11,USD,-2.542081758845756,564556,0.26962360696149257,37153820782.70599,USD,Technology services,Strong buy,87.98839458170772,88.97754240286135,93.46908315593328,-10.645669291338583,7.83655369021223,-36.55669859163212,90.95400000000001,89.22150000000023,85.7765,110.53777954544985,25.205653253627105,0.9456508159999999,-27.030200073555022
AMKBF,A.P. Moeller-Maersk A/S,2607.1201,USD,3.662827037773363,50,4.0983606557377055,37062836790.01828,USD,Transportation,Buy,2575.062357926136,2544.785882168885,2490.6195342412234,3.662827037773363,-2.5758039863157967,15.058413617487025,2530.9168199999995,2555.6960249999993,2520.0885479999997,2030.9608925000002,24.624629364215785,28.650463,-76.56680905685313
HBANP,Huntington Bancshares Incorporated - Depositary Shares 4.500% Series H Non-Cumulative Perpetual Preferred Stock,16.18,USD,-0.18507094386182069,19113,0.2140747452731181,37035677268.0,USD,Finance,,16.303703441489166,16.448237418009626,16.663400322519223,-0.8578431372549055,0.6845052893590506,-5.490654205607484,16.28000000000003,16.226249999999986,16.358091999999992,17.240424999999977,12.38897396630934,0.394205,0.6861460180402538
HBANZ,"Huntington Bancshares Incorporated - Depositary Shares, Each Representing a 1/1000th Interest in a Share of 5.50% Series L Non-Cumulative Perpetual Preferred St",19.92,USD,0.4538577912254333,2521,0.1816936936936937,37035677268.0,USD,Finance,,20.002868746734176,20.18060804265455,20.41771497775506,-0.39999999999999153,1.2709710218607015,-7.262569832402229,19.917659999999962,19.823054999999943,20.09674999999999,21.066487499999965,15.252679938744258,0.394205,0.6861460180402538
HBANL,"Huntington Bancshares Incorporated - Depositary Shares, Each Representing a 1/40th Interest in a Share of 6.875% Series J Non-Cumulative Perpetual Preferred Sto",25.0499,USD,0.19960000000000377,9606,0.3375844751907391,37035677268.0,USD,Finance,,25.0676765364179,25.114732778878444,25.178220181911307,0.3601762820512824,-0.635065450218167,-0.8709932726553171,25.053979999999985,25.008004999999994,25.122831999999974,25.36419486999994,19.18062787136294,0.394205,0.6861460180402538
HBANM,Huntington Bancshares Incorporated - Depositary Shares each representing a 1/1000th interest in a share of Huntington Series I Preferred Stock,20.68,USD,-0.5769230769230818,10064,0.7117447789588328,37035677268.0,USD,Finance,,20.892988257861514,21.129785972288648,21.43418083737473,-0.24119633381572944,0.14527845036320164,-6.804867057232995,20.793999999999954,20.742950000000004,21.101554000000014,22.18059374500009,15.834609494640121,0.394205,0.6861460180402538
AMKAF,A.P. Moeller-Maersk A/S,2515.54,USD,-0.3332078686186278,2,0.3225806451612903,36835715629.1446,USD,Transportation,Buy,2460.0997581076313,2450.94828839943,2424.437076244772,1.542591303119298,0.06284905089977276,5.157681760417368,2511.048999999999,2487.1154300000003,2452.162212,2101.9200719999994,23.75964197079351,28.439225468400004,-76.56680905685313
TTRAF,Telstra Group Limited,3.306,USD,1.7230769230769247,3760,0.8176579319343265,36760208497.78669,USD,Communications,Buy,3.4976574462776377,3.523443219602549,3.4801598892518846,0,-12.999999999999995,1.7230769230769245,3.5315799999999955,3.69662615,3.3916527800000025,2.7981863349999987,24.960527296801697,0.0724442488,46.63484372464042
BAMXF,Bayerische Motoren Werke AG,60.6,USD,-7.734470158343491,550,0.9642356241234222,36684726245.57752,USD,Consumer durables,Buy,70.2621813187997,75.17097841982068,80.65058967800796,-8.597285067873297,-9.322160706269635,-45.158371040723985,65.0560000000001,67.22213499999991,78.03512610000016,91.89071502500002,4.6882915074864435,2.14413085344,13.571954393896995
BAIDF,"Baidu, Inc.",13.27,USD,-1.7037037037037068,100,0.10911074740861974,36679940033.52931,USD,Technology services,Strong buy,14.243451141575905,14.615133833587208,14.91941587791557,13.263912598156372,-6.84581473057592,-27.70362299101063,14.0946,15.014289999999994,15.359510000000002,14.290149499999982,nan,0.20369425566,-100.32173548619406
UAL,"United Airlines Holdings, Inc.",112.94,USD,-3.6841207572914954,2055072,0.45706205864614685,36658491736.79754,USD,Transportation,Strong buy,117.67479418402979,114.552548154708,110.93025632242038,-3.568989071038257,-3.2799520424766624,0.3019538188277118,116.16599999999998,125.72725,114.9659,104.853425,10.55573209712694,3.194225,7.196601576980504
TGOPF,3i Group,36.3975,USD,7.386263055408045,535,0.036672218909155715,36512495783.29203,USD,Miscellaneous,Strong buy,34.25618930428682,34.37118425785196,35.68250878600135,6.0765027322404395,21.67989970748015,-16.115464392717215,34.914799999999985,32.76797500000006,31.994050000000037,42.304603,5.111798785780134,nan,5.939461368881218
MTB/PJ,"M&T Bank Corporation Depositary Shares each representing a 1/400th ownership interest in a share of Perpetual 7.500% Non-Cumulative Preferred Stock, Series J",25.9998,USD,-0.26927502876869897,15807,0.39212816416444224,36339050134.0,USD,Finance,,26.04267144159446,26.09018723359072,26.170088185079745,-0.498277841561418,0.4629057187017058,-2.2196314403911224,26.069960000000016,26.017990000000015,26.071744000000027,26.41489749999999,1.3729122332701438,4.922985,22.676538987245017
MTB/PH,"M&T Bank Corporation Perpetual Fixed-to-Floating Rate Non-Cumulative Preferred Stock, Series H",25.11,USD,-0.05850816129148315,3206,0.07621574332933949,36339050134.0,USD,Finance,,25.068408764948177,25.06047145829436,25.043445150869836,0,0.5204163330664492,1.9074675324675279,25.114939999999976,25.064804999999986,25.081107999999926,24.975184509999913,1.3259265908742879,4.922985,22.676538987245017
MTB/PK,"M&T Bank Corporation Depositary Shares each representing a 1/400th interest in a share of Perpetual 6.350% Non-Cumulative Preferred Stock, Series K",24.03,USD,-0.5380794701986714,6996,0.1786790621647852,36339050134.0,USD,Finance,,24.44584433966057,24.58063186801111,24.726583008039785,-1.3951579811243326,-2.3170731707317085,-6.62703269802412,24.191999999999993,24.405250000000002,24.60089999999998,nan,1.2688974901915229,4.922985,22.676538987245017
ROP,"Roper Technologies, Inc.",359.34,USD,6.720917109678952,616221,0.8224803089281318,36263642646.59962,USD,Technology services,Buy,351.4423550652719,350.1943656762817,356.7906261073465,-0.3936134826477481,8.514397016412747,-19.2004137341758,354.54399999999976,352.51099999999985,338.18170000000003,387.49537499999974,22.4513130025679,5.649259,15.44337213831305
NIPNF,NEC Corp.,26.7,USD,-4.829798609873465,1001,0.10576140817986834,36254757312.01172,USD,Technology services,Strong buy,26.297197180833805,26.40302683870852,26.962201631519637,-1.2025901942645674,16.08695652173913,-22.21412964311727,27.553000000000004,26.252350000000007,26.013299999999994,27.639120499999994,20.89010010047437,0.118689768912,45.86522920340439
DNZOF,Denso Corp.,13.14,USD,11.592356687898091,327,0.06480508928040588,36178529458.00931,USD,Producer manufacturing,Buy,12.473464082537514,12.452060476717953,12.602534821784452,6.310679611650495,8.14814814814815,-8.368200836820078,12.468999999999998,12.445500000000006,12.169750000000016,13.32309750000001,12.741464744397112,0.193106288947,6.666782700358058
KVUE,Kenvue Inc.,18.8399,USD,-1.5164662833246154,3785989,0.22182859218553372,36172769698.14435,USD,Consumer non-durables,Buy,18.765417934840908,18.50126211862542,18.274609345268946,-0.47596407818277664,4.260653016048698,9.090330052113496,18.995979999999996,19.17049499999998,18.256098000000016,17.42434949999999,22.34068540258508,0.31909,53.77461706783371
RKT,"Rocket Companies, Inc.",12.685,USD,-5.617559523809517,9253320,0.3524106961985021,35891314458.06734,USD,Finance,Buy,14.142677791623543,14.41593700301381,14.908768280802445,-13.531015678254937,-3.609422492401213,-34.94871794871795,13.661000000000021,14.597749999999996,14.0211,16.615249999999993,215.00000000000003,0.168451,nan
ADDDF,adidas AG,200.9925,USD,-2.1475757252668672,41,0.016321656050955414,35887024407.78226,USD,Consumer non-durables,Strong buy,199.78639170716255,194.3213832926017,189.81348188185862,-0.6610487816932761,3.0730769230769264,2.547193877551024,206.39524,205.37102999999962,190.8182749999999,187.58305824999982,22.309337488996228,2.7297837896800003,45.49031745837869
DLMAF,"Dollarama, Inc.",132.49,USD,-1.1707488092973677,150696,4.31884033049893,35875524665.19661,USD,Retail trade,Strong buy,132.80091787657062,132.4824324928137,132.77646965028444,-2.1058075956849374,-0.29574889188233305,-10.713202639045193,134.09789999999995,133.781015,129.93388799999997,135.1980925000001,37.08393228870862,0.8883954585,12.726500952952623
IFCZF,Intact Financial Corp.,202.768,USD,-1.0743035566180408,9,0.0004127152998147367,35847129380.70524,USD,Finance,Strong buy,203.36822028342922,200.6226942787316,198.17281681405547,-4.0212814802367625,1.8729903536977537,-2.087015307354292,206.85940000000014,207.83779999999993,200.84841523999995,194.29493839999998,15.01502806387594,2.6541074559999998,57.06207347889218
VMC,Vulcan Materials Company (Holding Company),275.77,USD,-0.7414606054061845,247133,0.3001552801631869,35782502303.3284,USD,Non-energy minerals,Buy,289.26327241875134,289.13448726869876,289.0362969978157,-5.204358736378963,-8.60977630488816,-3.265749964922128,279.85999999999996,293.16149999999976,285.5952000000002,291.12220000000025,32.81179354163196,2.486386,19.161787015638524
VODPF,Vodafone Group Plc,1.55,USD,0,2699,0.017305009284050925,35692713375.88865,USD,Communications,Buy,1.502536029823998,1.5006920174616152,1.4815065628130417,0,8.391608391608399,11.111111111111114,1.4840000000000013,1.4790300000000003,1.5093419999999989,1.1711409999999982,nan,0.061029055,87.37709600443175
HNDAF,"Honda Motor Co., Ltd.",9.14,USD,0.5500550055005579,250,0.001440052348782983,35577920834.95828,USD,Consumer durables,Buy,8.996172043088007,8.960253972048863,9.032653330080892,0,3.1602708803611868,-3.280423280423267,9.230000000000008,9.033480000000003,8.729515000000017,9.706668750000008,nan,0.360546092335,-160.2888061935655
PSZKF,Powszechna Kasa Oszczednosci Bank Polski SA,28.45,USD,4.518736223365175,16500,7.0597295909635465,35562498899.961296,USD,Finance,Buy,28.01121640149016,27.723493632959354,27.09680390558483,1.7161244190203806,-5.950413223140497,10.700389105058367,28.604999999999983,28.162749999999996,27.403899999999986,22.59422119,12.302527355112813,0.5681058,15.126523645090694
KMB,Kimberly-Clark Corporation,106.995,USD,-1.7312637766348191,790251,0.23758728634684004,35515955582.40706,USD,Consumer non-durables,Buy,106.96461445436294,105.37240244366123,104.63688385185063,-0.9305555555555514,4.979395604395607,5.7367328787429654,108.15099999999993,109.88275000000003,103.59509999999989,103.89979999999993,16.823377726064876,2.008139,-13.319795017172769
ALNY,"Alnylam Pharmaceuticals, Inc.",265.72,USD,-0.47567324618898904,377003,0.26558175855287974,35476959664.184875,USD,Health technology,Strong buy,285.44979321766345,292.4339488973084,304.3795138838505,-0.6839843019996202,-8.652755337068982,-33.46020934541993,268.8439999999997,291.95250000000027,292.2331999999998,355.3173249999999,63.13588519020125,1.630186,nan
MTB,M&T Bank Corporation,244.705,USD,-2.4029832887967046,300162,0.2365966256198639,35465828831.97253,USD,Finance,Buy,236.97553557766395,231.42082613299655,225.48469135134582,-2.184514530119509,7.1716375421539,21.768013535031848,248.55500000000012,242.8197499999998,228.11329999999964,211.1678250000002,12.921579706088913,4.922985,22.676538987245017
SDZXF,Sandoz Group AG,79.895,USD,-0.6226708924369067,103,0.4345991561181435,35153799496.59654,USD,Health technology,Buy,82.15007143640146,81.2022641877969,78.56318945569205,0,-6.5008777062609795,10.18480209626257,84.54411999999999,82.23115500000003,73.819824,47.14645912000001,36.66474918067055,1.735,41129.756617745006
KMTUF,Komatsu Ltd.,38.93,USD,-1.2179649835067163,451,0.08741665374476663,35132718757.32412,USD,Producer manufacturing,Buy,39.578776084490286,40.03234572818246,40.180945039680545,-3.7101162503091762,-7.154781779155736,20.76185749294288,39.12449999999999,39.54812499999999,40.68510799999994,39.16291950000001,14.932892284796466,0.587663736231,-17.34160559775447
OTSKF,Otsuka Holdings Co. Ltd.,66.5,USD,0.7575757575757576,600,1.3253810470510272,35082346130.36892,USD,Health technology,Strong buy,65.9378884983176,65.29074103849815,63.27043321556276,0,3.744149765990649,11.55846334507633,65.24888,66.21197,58.57944599999999,45.297062749999995,14.811115025833088,1.007943754103,3.508837120784971
STRF,Strategy Inc - 10.00% Series A Perpetual Strife Preferred Stock,97.48,USD,-0.5509079779636727,42276,0.6728043860556533,35048266944.0,USD,Technology services,,95.40666668212646,95.93888775444883,97.13267016156789,1.9558623574939908,7.2859344045784775,-4.431372549019604,97.022,94.789,95.89949999999988,101.36977499999998,nan,-2.193414,-84.12300328277735
STRD,Strategy Inc - 10.00% Series A Perpetual Stride Preferred Stock,60.02,USD,-1.2016460905349742,71636,0.9466395327325106,35048266944.0,USD,Technology services,,62.60809824188693,65.21624129596724,68.15353989966947,-0.5468102734051339,-3.8141025641025568,-21.59372958850424,60.80800000000003,59.44250000000011,65.86540000000005,73.74385050000001,nan,-2.193414,-84.12300328277735
STRC,Strategy Inc - Variable Rate Series A Perpetual Stretch Preferred Stock,84.77,USD,-3.0646083476272232,762168,0.7982124819407578,35048266944.0,USD,Technology services,,87.74769246553502,90.13224889408716,92.50888181953219,-1.5561491116014439,-2.6079963235294232,-14.511899959661154,86.55399999999997,85.49100000000007,91.60959999999996,97.20334999999999,nan,-2.193414,-84.12300328277735
STRK,Strategy Inc - 8.00% Series A Perpetual Strike Preferred Stock,61.2075,USD,-1.7378391395087431,39027,0.6360425755918845,35048266944.0,USD,Technology services,,63.03744914798705,65.63286807489821,69.18221301525527,-1.2463697967086056,2.199866421773255,-25.045922116091102,61.82950000000004,60.26437499999999,65.68824999999994,77.54448750000002,nan,-2.193414,-84.12300328277735
HBAN,Huntington Bancshares Incorporated,17.24,USD,-5.637657361795299,31883158,1.4289801483805868,34947732682.00985,USD,Finance,Strong buy,17.423812486060523,17.195060903051832,17.01129445433945,-5.637657361795299,0.9958992384299833,-0.8055235903337202,17.998,17.932499999999994,17.002799999999993,16.758050000000004,13.200612557427258,0.394205,0.6861460180402538
ACGL,Arch Capital Group Ltd.,99.9,USD,1.287640677278729,376683,0.2471299776680719,34904018809.64616,USD,Finance,Buy,98.26251638845724,97.15827514415325,96.27064261522627,-1.0989010989010983,6.844919786096263,4.312415161324016,100.45200000000001,100.13000000000005,95.44360000000006,94.44640000000005,7.669688989888909,2.46567,33.58322992195431
CCL,Carnival Corporation Ltd.,25.3874,USD,-2.7302681992337234,8011208,0.5332040596095347,34771831844.260605,USD,Consumer services,Strong buy,27.11493766751341,27.324670813286122,27.51103696331667,-4.594513340849304,-7.345255474452552,-17.27794069729554,26.019479999999994,27.08787,27.287747999999983,27.988201999999983,11.433705638623671,1.35407,20.346883468834697
CKHUF,CK Hutchison Holdings LTD,9.07,USD,4.252873563218403,167170,9.367627693256003,34738501528.96347,USD,Retail trade,Strong buy,8.666809115901824,8.540798974199062,8.330121739965076,3.7757437070938225,1.7820271119490212,28.28854314002829,8.642,8.596930000000006,8.344936999999994,6.970544294999996,22.837894939720748,0.46271609999999996,-30.82494189772828
HSY,The Hershey Company,171.11,USD,-0.7079440608135547,1089700,0.75753899723443,34708574822.18186,USD,Consumer non-durables,Buy,177.51268499117344,181.80134620461365,186.09872998387962,0.6529411764705962,-2.043737119303866,-5.973183866358928,171.43799999999996,174.78450000000004,181.15440000000012,192.33400000000026,31.833826347416796,1.425686,-33.70294538457743
RSNHF,"Resona Holdings, Inc.",15.025,USD,7.225691347011605,9212,1.2458581842279655,34593140356.44774,USD,Finance,Buy,14.040838621432687,13.554948560439827,12.975839682187008,-4.602568905199397,16.92607003891051,51.15694164989941,14.462499999999988,14.076185000000006,13.43499599999999,11.488506499999994,21.004218077279326,0.221571854647,16.178638982935503
STLD,"Steel Dynamics, Inc.",239.845,USD,0.5049446865571625,273076,0.24270067559550657,34588715045.049644,USD,Non-energy minerals,Buy,238.32411406569122,234.51050896932307,224.84609697013968,1.6766289372165046,-2.6010152284263963,39.74538250888539,235.60100000000006,232.71424999999977,245.87329999999997,195.27729999999997,21.764124063084154,5.327718,60.76617844430181
BLMIF,Bank Leumi Le Israel,23.5,USD,7.798165137614675,201,0.6236425690350604,34582389420.41391,USD,Finance,Strong buy,23.262363420498,23.533340356161116,23.51252286955859,3.61552028218695,4.910714285714293,2.620087336244548,22.914000000000016,24.06100999999999,24.22449000000001,15.7905665,10.81195546799755,0.50915338985,29.952844767777243
ON,ON Semiconductor Corporation,88.765,USD,-3.8611502220296736,3318185,0.43032387328511457,34546061171.28361,USD,Electronic technology,Buy,96.26954797260932,96.01550358379207,91.45600236772017,-1.2350486787204444,-27.970949811336066,60.660633484162894,89.245,93.13725,108.36450000000002,73.96057500000005,63.27250694988951,0.713952,-2.6912672539363216
ACGLN,"Arch Capital Group Ltd. - Depositary Shares, each Representing a 1/1,000th Interest in a 4.550% Non-Cumulative Preferred Share, Series G",16.265,USD,-0.4407173899736744,26990,0.5280622326917283,34460294046.0,USD,Finance,,16.29196549019379,16.413799743854007,16.590960985390566,-1.2446873102610705,2.4244332493702756,-2.8955223880596983,16.38440000000002,16.172099999999997,16.316540000000007,17.05605750000002,1.2487236378432742,2.46567,33.58322992195431
ACGLO,"Arch Capital Group Ltd. - Depositary Shares Each Representing 1/1,000th Interest in a Share of5.45% Non-Cumulative Preferred Shares, Series F",19.37,USD,-0.7684426229508123,20397,0.47432898157751535,34460294046.0,USD,Finance,,19.363367145480503,19.518666090355936,19.758627742404954,-0.7684426229508123,1.9473684210526367,-4.909180166912125,19.534039999999926,19.22125999999995,19.44930800000004,20.459972000000008,1.4871058632046863,2.46567,33.58322992195431
TKO,"TKO Group Holdings, Inc.",179.445,USD,-1.213872832369949,171977,0.17629902344957332,34296655823.348557,USD,Consumer services,Strong buy,190.918328682083,193.11262562331805,194.4897710113898,-2.650138338848814,-9.114161264181526,-14.521507169056358,182.14299999999994,191.37725000000006,195.38589999999982,197.02337500000004,65.88522543692173,1.457914,58.10983397190294
IQV,"IQVIA Holdings, Inc.",205.36,USD,3.445496675397947,441784,0.44594930024911683,34274583483.80698,USD,Health technology,Strong buy,196.10094950708512,191.04817548307062,188.68459942813644,0.08285004142502847,20.835539864666096,-8.894902621888994,203.1319999999999,202.873,186.8841999999999,196.5799,25.455537099933068,3.032149,9.947529812606458
PUKPF,Prudential PLC,13.67,USD,6.381322957198446,150,0.062152979199469625,34037733115.75923,USD,Finance,Strong buy,13.240694631824306,13.342513531283803,13.194093363307994,0,8.406026962728,-15.093167701863361,12.815999999999999,13.522500000000003,12.219287999999992,10.276653269999995,8.761740347497673,0.56,91.41311532267564
KR,Kroger Company (The),55.515,USD,-3.51929092805005,4603115,0.665313977280276,34011117558.06543,USD,Retail trade,Buy,59.519565147372965,61.24094691596285,62.942061292262714,-5.18360375747224,-1.7781316348195373,-10.97658755612572,57.60300000000001,57.95725,61.341100000000004,65.44779999999996,32.46870979061879,1.051047,-53.52794085670798
RPRX,Royalty Pharma plc,59.045,USD,0.5534741144414218,560851,0.21627205939259375,34002965730.78006,USD,Health technology,Strong buy,56.498237803483015,54.890637859846784,52.50510205702807,1.208433321906065,10.199701381112362,52.590774001809024,58.331999999999994,57.18650000000001,55.343000000000046,45.74984999999997,30.92332669948675,1.272838,-22.13205007952368
WEICF,Weichai Power Company Ltd.,4.1,USD,3.015075376884414,175,0.006147922529149935,33981486545.875,USD,Producer manufacturing,Strong buy,4.406231659263171,4.447268444680477,4.31289091364304,10.631408526713429,-20.849420849420852,66.32860040567951,4.115000000000003,4.522450000000001,4.890268000000001,3.484980999999999,22.409938801299365,0.0581361,-0.02938063352498723
RBLX,Roblox Corporation,47.43,USD,-4.45205479452055,1810438,0.2873629098648899,33958873032.626717,USD,Technology services,Strong buy,50.18795547151671,51.063218434852296,54.79253649896428,-8.78846153846154,1.5631691648822201,-41.767955801104975,50.89999999999999,53.58749999999998,48.60539999999999,72.27435000000001,nan,-0.344259,-16.91286183228886
EME,"EMCOR Group, Inc.",762.72,USD,1.002449844401781,110478,0.24249621092811136,33895489245.52293,USD,Industrial services,Strong buy,787.1661321535576,794.7068501973081,787.1400925922917,0.48482293423272343,-10.561803023018555,23.72177524007267,753.2660000000003,779.9804999999998,821.6947999999998,743.0732500000003,25.523883463955613,7.231557,32.03985595298589
FINMF,Leonardo S.P.A.,58.788,USD,-0.6539923954372632,1879,0.3416363636363636,33813311730.700386,USD,Electronic technology,Strong buy,59.59427635277913,60.65733562932778,61.68128309956265,3.345345873253052,-2.1830282861896917,-1.527638190954784,58.51580000000003,57.99297499999999,59.52461,63.00854249999995,23.584419582810494,nan,29.086893291153228
HLBZF,HEIDELBERG MATERIALS AG,191.7,USD,0.21957340025093447,591,0.43836226079216734,33809183253.094734,USD,Non-energy minerals,Strong buy,200.92035694793051,205.1438141802072,210.9205092965194,-2.6903553299492446,-6.28024991933355,-26.15562403697998,198.3408000000001,196.33599999999993,203.87476000000012,229.22101600000002,14.941685994762452,3.6317508000000003,26.609074792383108
EQT,EQT Corporation,53.95,USD,-0.11109053878910419,3313642,0.41086847922722,33744538526.525646,USD,Energy minerals,Strong buy,52.43333993116527,53.53225991377038,54.6668986761517,9.23263818586759,4.757281553398064,1.1246485473289622,51.27399999999998,51.13950000000007,53.06860000000003,56.47245000000004,12.513917238819818,0.552488,131.89715453714166
HENOF,Henkel AG & Co. KGAA,85.0,USD,1.7964071856287425,314,1.0746064339493497,33643480344.25482,USD,Process industries,Buy,81.31899884163015,81.19092653750785,81.42590216729367,0,13.879957127545552,4.308556983151095,81.36199999999997,83.36153000000022,82.64359200000003,78.07143748000013,14.69245094387725,3.1635062,16.76922631226696
JBL,Jabil Inc.,320.105,USD,0.5702346916334153,229712,0.24481004766459472,33542871220.07781,USD,Producer manufacturing,Strong buy,333.6325633168575,332.17236416926386,320.37477516493004,5.297697368421058,-11.377353266888143,38.39984435124736,312.8489999999998,334.7757500000001,352.45849999999996,275.02277500000014,39.949704843560845,4.058687,55.77091312039503
CICOF,COSCO SHIPPING Holdings Co Ltd.,1.98,USD,19.277108433734945,200,0.00983327679199178,33529969857.50226,USD,Transportation,Buy,1.8268667274225359,1.8255496548761976,1.8183489833534514,0,7.027027027027021,12.499999999999998,1.7890000000000001,1.84575,1.7956100000000013,1.6296489999999988,7.1733412034305895,0.10302599999999999,-35.81608504862801
ALC,Alcon Inc.,67.05,USD,-0.44543429844097576,639175,0.3072742082007444,33504886750.139347,USD,Health technology,Strong buy,68.22305400459888,69.05234413669984,70.72266120329125,-3.967344600401026,1.6217035465292409,-15.019011406844117,68.41000000000007,68.04299999999984,66.76420000000005,75.00029999999995,40.31749704822104,0.7471131433,-26.231025787532015
PPRUF,Kering SA,272.5,USD,-4.049261989176765,4,0.043859649122807015,33404938239.710865,USD,Consumer non-durables,Buy,292.92640437016905,295.2387588357849,298.54887499800026,-4.049261989176765,-12.370968260603924,-23.815434853110574,280.7659799999996,295.20174749999984,292.68745900000033,316.8303277499995,396.4655629022718,3.7516671000000006,-92.81155334965949
CCI,Crown Castle Inc.,76.27,USD,-1.5870967741935533,2127037,0.6135248405166026,33288191395.645287,USD,Finance,Buy,81.33148499474373,83.20959749758583,84.90753060430812,-3.455696202531651,-9.493295360151894,-14.158694428812604,77.46400000000003,77.97149999999986,85.02180000000003,87.69405000000025,16.811408922588605,0.693269,nan
RDDT,"Reddit, Inc.",172.725,USD,1.376335250616269,2128515,0.5416327114843266,33251124059.503902,USD,Technology services,Strong buy,176.6135686757453,172.92145237308674,171.39919329467472,-3.505586592178774,3.428143712574847,-25.607287449392715,178.35299999999998,186.7937500000001,173.54750000000016,181.1115749999999,48.97638018544248,0.950163,445.5909653465347
JDCMF,"JD.com, Inc.",13.7,USD,0,27,0.012036913200481477,33240962462.962055,USD,Retail trade,Strong buy,14.13426999041343,14.301917378100327,14.537453739408797,0,0.2194586686174057,-11.038961038961046,13.828000000000003,14.755800000000002,14.493012000000006,16.721102440000003,20.90929866593592,0.41474110839,-68.0714157181313
TTDKF,TDK Corp.,17.5,USD,-8.13648293963255,208,0.0014790143507055892,33209736328.123592,USD,Electronic technology,Strong buy,20.6504635990116,20.375278413670923,19.39856366214488,0.28653295128940237,-28.803905614320577,40.22435897435897,18.560999999999996,20.546900000000004,21.706530000000008,16.620379999999997,26.985245082327364,0.176339872137,10.572495889509582
TEVJF,Teva Pharmaceutical Industries Ltd.,28.4,USD,-13.939393939393943,200,0.7722007722007722,33075742383.253952,USD,Health technology,Strong buy,28.67945564581666,26.666949333751216,24.265391475239653,0,-6.3941990771259105,-13.52009744214374,30.224000000000007,22.462950000000003,19.567619999999998,12.380893500000004,20.185663008890906,0.0538117991,nan
IR,Ingersoll Rand Inc.,84.505,USD,1.1551352645439181,1762310,0.4404938612280993,33069921127.307873,USD,Producer manufacturing,Buy,80.13354862382353,79.62097797696103,79.95483295536627,2.9168189014736283,10.132933663495361,5.856194413127893,82.27300000000002,80.6147499999998,75.98430000000032,81.35932499999997,56.95174551826391,0.826713,-26.64623294443346
NTRSO,"Northern Trust Corporation - Depositary Shares Each Representing a 1/1,000th Interest in a Share of Series E Non-Cumulative Perpetual Preferred Stock",18.42,USD,-0.8611410118406706,19481,0.420537042273892,33060546244.999996,USD,Finance,,18.645732402295767,18.746336505222896,18.902286488232832,-1.3918629550321093,0.6007646095030201,-5.441478439425045,18.564000000000014,18.670249999999957,18.699300000000026,19.338515499999982,1.5813194831952613,2.82101,36.909099456994426
MLM,"Martin Marietta Materials, Inc.",550.485,USD,-0.031780045763257644,214364,0.511674779887995,33054364789.285923,USD,Non-energy minerals,Buy,577.1522183331558,583.7566153016784,591.6473006638598,-3.0631471437627638,-8.869152070986315,-11.104561970125149,552.9370000000006,577.7357500000005,575.5307000000004,613.8304750000012,13.123658990130169,4.800669,141.1770793804119
NTR,Nutrien Ltd.,68.715,USD,0.31386861313869113,544706,0.3011183712743646,32984819417.95254,USD,Process industries,Buy,66.84345812825342,67.47812361989408,67.86436420156275,2.8821679892199388,12.04141529430948,11.09943411479386,67.59900000000003,65.54925,66.9029,66.70597499999994,14.053117197482937,2.728931392,379.8244679764949
QSR,Restaurant Brands International Inc.,72.15,USD,-1.4209591474245007,350879,0.15041111330732765,32924969924.92007,USD,Consumer services,Strong buy,74.30362968391678,74.4892907810608,74.13880641145612,-4.310344827586206,1.619718309859163,6.071743604822125,73.62600000000008,74.05299999999995,74.20900000000005,71.99704999999999,28.70841954480344,1.035737,-14.54026115342764
NTRS,Northern Trust Corporation,177.69,USD,-0.54293070636964,371462,0.3304675058938659,32881050387.742355,USD,Finance,Buy,176.1840806483537,171.70029838674216,165.39508977927568,-4.741737475540782,1.589388828540393,29.918841851283165,181.77400000000003,180.94049999999987,173.9280000000001,149.57899999999995,15.254324591149075,2.82101,36.909099456994426
NTAP,"NetApp, Inc.",166.96,USD,0.25219166566591567,279987,0.1205610846144297,32763272096.31752,USD,Electronic technology,Buy,158.46265480549314,150.50099669168395,140.65576479561912,1.9354050918859615,8.022774327122155,55.09521597770552,164.8599999999999,162.36549999999986,155.06990000000008,119.38169999999984,26.260656201830823,2.108711,11.901577020557582
REPYF,Repsol S.A.,29.83,USD,0,670,0.651560828551979,32648970826.438774,USD,Energy minerals,Buy,26.740116498108087,26.088068660994878,25.11600681138872,0,22.490042294583816,55.04158004158005,28.375000000000007,26.149824999999993,25.99517,17.454231000000007,11.625796534258932,1.63816172752,139.59191662570169
MSTR,Strategy Inc,92.915,USD,-7.0942905709429045,7778732,0.5459638510768738,32561841046.91291,USD,Technology services,Strong buy,106.60249041422303,117.32371592935397,131.64990080409615,-2.8289060865927613,-12.784530905336267,-39.89585354809496,97.50899999999999,94.5332499999998,122.41099999999986,164.77720000000008,nan,-2.193414,-84.12300328277735
GASNF,Naturgy Energy Group SA,33.8975,USD,1.3681220095693873,4459,4.81689532245868,32558331005.70624,USD,Utilities,Buy,31.751396593493084,30.85411422951413,29.873734906897678,1.3681220095693873,0.6831514071433994,4.905222437137334,32.925200000000004,29.170480000000037,28.380083380000002,24.068427359999998,nan,0.6958909292000001,nan
SWSDF,Swiss Life Holding,1169.8928,USD,3.5294200936274978,1,0.01639344262295082,32443124741.056107,USD,Finance,Buy,1107.6321577815986,1097.610434850026,1083.572202424447,0,8.379102223828,-0.551454461993576,1120.4415600000002,1087.6908399999998,1060.3663500000005,757.796337445,21.277047057535512,nan,17.285370040511435
CASY,"Caseys General Stores, Inc.",874.66,USD,2.091649742045423,136253,0.4627175063997941,32366717124.315544,USD,Retail trade,Strong buy,832.4328232430787,814.562842062159,782.9198339082235,1.5181410896260275,4.748446126393693,58.50171248391713,863.0479999999998,823.5614999999995,824.8445999999998,682.7804249999992,45.6345935116296,6.657155,30.89078889860139
SBGOF,Standard Bank Group Ltd.,19.815,USD,0.02523977788996748,194,0.3667990168273776,32083131192.650772,USD,Finance,Buy,19.69032288017989,19.63950351637745,19.401877652458786,0.08839499936861647,-0.48964218455743946,3.270358306188932,19.82049999999999,19.630125,19.479749999999996,17.8498,11.054023296291339,0.9750540000000001,30.179182433252656
WDAY,"Workday, Inc.",129.45,USD,-2.24286361576801,1875866,0.5326237006822585,31974149558.13775,USD,Technology services,Buy,133.76576397720368,134.41357110161354,140.06459562464664,-7.851651480637814,10.132720775906058,-39.84665427509294,139.00800000000004,135.6715,132.4246000000001,168.03355,40.38497535408997,2.613324,76.99613473219216
SHLAF,Schindler Holding AG,330.5,USD,-1.4809162125746769,26,1.4857142857142858,31931480553.9612,USD,Producer manufacturing,Buy,339.6902478125749,342.98234363186367,346.0155083586501,-1.4809162125746769,-5.520139504302336,-8.105102182677598,333.41376,339.789805,351.433758,281.0286251050002,27.82132556475948,nan,2.7682796716801352
RJF,"Raymond James Financial, Inc.",163.675,USD,-2.5802035593119337,554663,0.448471170807762,31897478257.388855,USD,Finance,Buy,160.6516630747308,158.37683277089482,157.1481024605498,-3.0763309054302086,5.250466207960916,2.1500343256568817,167.25899999999984,163.46624999999995,156.46810000000022,157.94952500000002,14.26946113004891,3.334652,12.580850959415033
UI,Ubiquiti Inc.,527.0,USD,-1.9534883720930232,16678,0.19088801038335548,31895139900.474415,USD,Electronic technology,Buy,571.0437511107979,609.6962661493152,640.3741592093105,-3.8356264369913475,-6.0002853881278515,-5.704265674205553,535.76,537.5314999999997,570.2870000000001,676.3302500000001,33.876296877209676,4.033,71.46604649112173
CQP,"Cheniere Energy Partners, LP",65.7671,USD,1.8697335811648033,26392,0.3740394617868066,31834835707.098682,USD,Utilities,Neutral,62.82059894175739,62.488782280964365,61.85669902545471,6.075967741935482,10.51436733322131,22.380163751395603,64.05941999999999,62.85335500000002,62.52014200000001,58.9755955,15.296097311377803,0.97042,2.81696876942943
ICTEF,"International Container Terminal Services, Inc.",15.65,USD,-10.263761467889914,1695,0.4158284676904961,31601149786.3851,USD,Transportation,Strong buy,15.373723990239874,14.78173087084988,13.961946113553152,-9.222737819025511,5.104096709200804,59.36863543788187,16.446000000000005,15.804874999999985,14.5846,11.514484000000007,30.668864697340677,0.133723,19.539171170174356
CNC,Centene Corporation,63.95,USD,-2.944301107907114,1694444,0.47981662328871466,31578317670.54485,USD,Health services,Buy,63.663769787432905,60.52601843335545,56.273544397807,-4.0360090022505695,0.526605360370983,55.29383195726082,65.94199999999998,66.3435,63.1438,45.83934999999999,nan,1.084962,-295.7045441010065
SAABF,Saab AB,58.5,USD,-2.0264612292748296,194,0.03803101291878222,31552406620.237736,USD,Electronic technology,Buy,57.39895720712278,58.20723070567127,59.37909008596212,-2.564956695536308,8.213096559378464,-4.970760233918132,57.02799999999998,55.63615500000002,56.11939799999998,61.32265300000002,43.4297496294236,0.2534571299,33.055640132354405
CHHQF,China Hongqiao Group Limited,3.2125,USD,10.96718480138169,511,0.031237582907968336,31544817272.613342,USD,Non-energy minerals,Strong buy,3.102629057484532,3.287383193255571,3.352755475619644,10.96718480138169,16.39492753623189,-24.76580796252927,2.959999999999998,2.7739999999999982,3.4173800000000005,nan,9.681307159755939,0.2914164,0.7219653995694194
TRAUF,Transurban Group,10.1,USD,4.468349193214733,93,0.19749416011892124,31513857585.77397,USD,Transportation,Buy,10.212950224843794,10.245062582149123,10.190472933820038,0,-3.809523809523813,6.315789473684207,10.071000000000002,10.48124999999999,10.237866000000007,9.439367499999996,98.54658423879107,0.059942911710000005,581.7332361914556
SUNB,"Sunbelt Rentals Holdings, Inc.",76.87,USD,6.115405853119833,1900554,1.010955079922226,31498297584.105053,USD,Finance,Buy,75.96248876573028,75.28932701793309,74.18714285714286,4.364944674495966,-1.0427394438722994,5.301369863013705,73.35400000000001,73.139,76.51159999999999,nan,nan,1.037745,nan
EXPGF,Experian plc,35.52,USD,-3.9999999999999916,1629,0.42482722649628374,31412416552.70485,USD,Commercial services,Strong buy,35.31252944825317,35.55219804579461,36.48058812558827,-3.9999999999999916,7.311178247734143,-21.180517030955276,36.21499999999997,35.07227000000006,35.54098999999997,43.77667800000002,22.030486422224197,0.93,25.89774235205614
BPERF,Banca Popolare Dell Emilia Romagna Scare AZ,15.05,USD,-8.161708619374515,166,0.27195281782437747,31385725099.576397,USD,Finance,Strong buy,15.109930101893756,14.821429415792611,14.55543680928047,0,-6.230529595015576,3.793103448275867,15.717499999999998,14.53706315,14.01177526,nan,12.472357485100291,0.34261800000000003,16.30604644855107
GFS,GlobalFoundries Inc.,57.19,USD,-2.2226021542144028,735713,0.2266866582053266,31380199976.17302,USD,Electronic technology,Buy,67.33208112249164,67.2245914110465,63.899454198325024,-1.7691514943318467,-31.713432835820896,60.91727630838492,57.87200000000003,67.70600000000005,74.74980000000001,51.087874999999976,41.08477011494253,0.431086,nan
SKFOF,Sika Finanz Ag,195.37,USD,-2.148652709606327,17566,4.392158823823573,31348387070.696003,USD,Process industries,Strong buy,195.2570768734914,192.68378843543024,192.1311743538329,0,-3.085470509449873,-4.841459256733718,200.80119999999988,190.15171000000004,184.8645839999998,217.18475749999988,23.81723248025371,3.9834620000000007,-3.9856033126807584
ERIXF,Ericsson (L.M.) Telephone Co.,9.4,USD,-5.170239596469098,1260520,1.7001360896546236,31333425683.093136,USD,Electronic technology,Buy,10.894471418919405,11.186628583165426,11.177856579680011,-0.04253509145044194,-18.000610633750593,-0.5291005291005179,10.272500000000004,11.906403599999999,11.556889439999997,9.115397359999996,12.399241978936958,0.14636085100000001,39.06823744568052
FJTSF,Fujitsu Ltd.,18.05,USD,-7.908163265306126,3,1.9453776853507224e-05,31312746478.272125,USD,Technology services,Strong buy,19.938194405978336,20.472355640861455,21.244568027744528,-11.562959333659968,-11.302211302211305,-39.40919771735481,19.71099999999999,19.84776999999999,20.483427999999993,23.792072000000005,11.281063694643217,0.100929864321,98.92672175187333
AEE,Ameren Corporation,112.65,USD,0.5713775555753955,226048,0.16988469683448762,31176070298.535843,USD,Utilities,Strong buy,112.25304106724705,111.64128327411987,110.59083631818353,0.6612456438209356,1.9826181423139708,12.943653499097666,111.314,113.02200000000009,110.56220000000023,107.12715000000019,20.23604225048502,1.080277,23.498092111101244
SHLRF,Schindler Holding AG,288.405,USD,-8.297297297297305,500,3.7230081906180192,31135372384.629955,USD,Producer manufacturing,Buy,314.726471343799,322.3079761994058,328.8228050634904,0,-6.474365210623612,-20.495927003073707,310.79449999999963,326.70008799999994,341.5920852000002,270.8484342150001,24.277789408485496,nan,2.7682796716801352
ZTS,Zoetis Inc.,74.26,USD,0.09435233859011645,1345420,0.2530524682029272,31131881133.288048,USD,Health technology,Strong buy,78.30831906592375,83.49647970100892,91.64137143049093,-1.8892852424362436,-3.1820552947313665,-41.26582278481013,75.30800000000002,75.058,77.1096,112.45084999999997,12.302645748082371,1.852087,8.393341354355604
BAP,Credicorp Ltd.,388.59,USD,-1.2904209109152438,48750,0.17302217026233355,30905766950.94231,USD,Finance,Strong buy,379.02152429324366,368.1158952732654,354.4803226952117,-0.473824403237379,3.5287535467369877,34.57662337662337,390.1580000000001,389.39599999999984,362.61840000000007,320.2568550000005,14.92974846222707,7.305633359040001,34.10360248959235
EXPE,"Expedia Group, Inc.",256.97,USD,-1.5742301210356815,360518,0.2815525147319586,30841955829.589783,USD,Consumer services,Buy,255.27552762753263,250.23291121724498,246.3266026129117,-4.1264037607730275,7.981930875091935,-9.204296516147254,263.3680000000001,264.525,242.30920000000006,245.61480000000003,22.632751741692285,5.20999,33.764137606032044
DTE,DTE Energy Company,148.005,USD,-0.366879838438247,190536,0.1826907302403612,30789229922.41504,USD,Utilities,Buy,148.82862449218376,147.93380385246323,146.420247313343,-0.25945144551519034,0.17258883248730655,14.430957167156325,147.14499999999984,150.28425000000001,146.92389999999983,141.49357500000033,24.32492398718054,1.135102,-17.828106852497097
EXR,Extra Space Storage Inc,145.33,USD,0.19303688383316175,396755,0.3900169118245543,30702553136.599518,USD,Finance,Buy,146.1336089575303,145.26547172140607,144.12439075069736,-1.7310162958955804,-0.8392467248908227,11.740735045363685,146.27400000000003,146.4124999999999,145.2928000000002,140.50047500000016,33.05959963603276,1.158591,2.1921565892554016
DOGEF,Orsted A/S,23.208,USD,2.5813295615275798,221,0.12643020594965676,30652252745.037563,USD,Utilities,Buy,23.2705795815542,23.521298449245602,23.721582455549772,0.9043478260869496,2.644847412649266,9.633044858470944,22.969399999999997,22.619660000000025,24.26743199999995,22.111616249999944,nan,0.20741091360000002,-211.2102162184258
EIX,Edison International,79.63,USD,-0.9330679273451107,907050,0.4396526828628953,30641140817.88019,USD,Utilities,Buy,75.63084459972971,74.19206193870943,72.28578329409355,2.2995889003083145,10.781858653311074,31.90326321020374,78.61199999999997,76.25149999999996,73.23080000000004,66.32834999999994,8.64022048132636,1.16306,30.755916236308956
CFG/PI,"Citizens Financial Group, Inc. Depositary Shares, Each Representing a 1/40th Interest in a Share of 6.500% Fixed-Rate Reset Non-Cumulative Perpetual Preferred S",24.76,USD,-0.5622489959839239,12233,0.6161478795204997,30633567860.0,USD,Finance,,24.989026610456996,25.051761543853736,25.1162364754227,-1.1182108626197986,-0.16129032258064172,-2.519685039370067,24.91799999999999,24.91875,25.140102000000024,25.313484,5.3805032813247,1.390087,40.32444959443801
CFG/PE,"Citizens Financial Group, Inc. Depositary Shares Each Representing 1/40th Interest in a Share of 5.000% Fixed-Rate Non-Cumulative Perpetual Preferred Stock, Ser",18.4099,USD,-0.5944924406047474,23234,0.36924847113269677,30633567860.0,USD,Finance,,18.3969282307308,18.508916145911925,18.705144959094824,-0.8087284482758533,4.069530808366303,-3.965049556598859,18.51198000000006,18.379721749999984,18.38879069999994,19.267905174999985,4.00058672693294,1.390087,40.32444959443801
CFG/PH,"Citizens Financial Group, Inc. Depositary Shares Each Representing a 1/40th Interest in a Share of 7.375% Fixed-Rate Non-Cumulative Perpetual Preferred Stock, S",25.8819,USD,-0.37759815242493744,9665,0.42207636241358676,30633567860.0,USD,Finance,,25.761889135420343,25.78945007870297,25.867631075607523,-0.2239784117193508,2.5025742574257492,-2.258685800604225,25.920380000000016,25.709100000000024,25.78744199999997,26.166868499999996,5.624299187274545,1.390087,40.32444959443801
GBOOF,"Grupo Financiero Banorte, S.A.B. De C.V.",10.875,USD,4.592450108199078,1742,0.10891992947090676,30593076094.20794,USD,Finance,Strong buy,10.760236204964663,10.814230255725448,10.81020880876285,7.673267326732677,1.3986013986014019,17.56756756756757,10.599499999999997,10.653524999999993,10.706902000000005,10.573063999999995,9.195263655704752,0.32451585319000004,18.936103576627687
HRSHF,HAIER SMART HOME CO LTD.,2.95,USD,13.461538461538463,360,0.24317751958930017,30483336607.85178,USD,Consumer durables,Strong buy,2.70321727354843,2.7209724592777333,2.788952686095336,13.899613899613913,6.3063063063063165,-12.00596569724086,2.6830000000000007,2.638517499999999,2.722506999999997,3.0766847500000023,10.460729942856155,0.08502096036000001,-2.2849162378771495
TDY,Teledyne Technologies Incorporated,657.12,USD,1.0176787086856272,171382,0.35028332190126127,30443801779.627983,USD,Electronic technology,Strong buy,636.9065107184404,632.5018174336565,625.1812271244613,3.3743923734013004,8.223126204318243,28.093567251461987,643.4420000000002,639.7194999999995,627.2567999999995,596.73385,31.74768820477143,6.077196,14.031501875898703
LVS,Las Vegas Sands Corp.,45.91,USD,1.4585635359115947,3580787,0.8066078197632248,30421679779.209286,USD,Consumer services,Strong buy,47.542003418999435,48.905006088941384,50.58312005498154,1.045449543303608,-3.530153393570092,-29.585889570552155,45.560000000000024,46.00699999999996,48.515400000000064,55.91034999999991,17.886780691159853,0.765623,29.605130276711776
FTI,TechnipFMC plc,76.16,USD,1.411451398135822,1000765,0.371264061821338,30365136413.963253,USD,Industrial services,Strong buy,70.83660697958284,69.7646804528675,67.50516619235907,4.328767123287666,14.95849056603773,71.10761626600764,73.99999999999993,70.24449999999993,69.75240000000002,58.92465000000003,29.137653990358864,0.800533,37.96780153074689
VEOEF,Veolia Environnement,41.44,USD,-1.4623707050291332,234,0.28867505551443373,30330318935.637043,USD,Utilities,Strong buy,41.31312621789233,40.9805317630366,40.31743206796605,-2.448210922787192,-0.240731824747235,14.034122179416604,42.12349999999999,41.94587499999998,41.36903000000004,35.741306999999985,21.22145963200639,nan,27.298196472851348
KYOCF,Kyocera Corp.,23.0228,USD,-0.11800433839479635,1000,0.2077102027251579,30327263878.46927,USD,Distribution services,Buy,22.688371784838306,21.619205724659672,20.04503901633008,0.09913043478260936,-2.03063829787234,62.590395480225986,23.194559999999996,22.407357499999996,17.674685000000007,13.957171750000002,35.59328943216023,0.162610305,467.2124732114064
IBIDF,Ibiden Co. Ltd.,107.72,USD,8.44768395936736,735,0.25485436893203883,30236127591.55561,USD,Electronic technology,Strong buy,114.72282344106614,109.27062144985972,97.50539122058949,8.44768395936736,-23.194295900178254,130.78735940010714,107.71979999999999,124.90006999999999,98.837352,41.10507324999999,79.89847460747254,0.33210804955900003,77.90331189753367
KHC,The Kraft Heinz Company,25.445,USD,-1.9838212634822827,4599080,0.436502015509912,30172109659.7735,USD,Consumer non-durables,Buy,24.679157512498975,24.300507820918252,24.10119108234996,-1.680834621329207,13.796958855098396,4.755043227665711,25.78700000000007,25.042750000000034,24.06589999999999,23.92697499999999,nan,0.530211,-320.42971760119667
KHNGF,Kuehne & Nagel International AG,253.4,USD,0.5555555555555578,300,1.4157621519584709,30093801941.450962,USD,Transportation,Buy,247.13164236694652,242.4133806093477,237.13128544321486,0.5555555555555578,14.667378624081964,18.80538234328849,254.156,238.20902999999993,231.51725000000022,236.30601449999983,28.542657572595395,2.6594322201000002,-22.151104654245632
CBOE,"Cboe Global Markets, Inc.",287.185,USD,1.9109297374024097,289834,0.2926396534131331,30054993954.52108,USD,Finance,Buy,278.2233654887533,283.5042034574782,285.3715719484095,4.83117357181968,12.524488676436018,14.439131301055994,279.001,263.24075000000005,292.11609999999996,277.2815999999999,24.52015846723929,3.45953,53.54221289984268
CFG,"Citizens Financial Group, Inc.",70.82,USD,-2.2363335173937116,1094053,0.2286037276566353,29948499114.373276,USD,Finance,Strong buy,69.23082935409694,67.6163563575378,65.60425259659777,-2.478656017626014,4.531365313653127,21.14266164899075,71.83000000000001,71.11799999999998,66.90060000000001,60.83329999999997,15.389630144725976,1.390087,40.32444959443801
BIIB,Biogen Inc.,202.66,USD,2.4881157074946834,242855,0.1611948604290994,29920138654.33984,USD,Health technology,Strong buy,202.75885756595883,199.5865745714146,194.6593664122204,-0.6958055664445393,1.9006436041834278,15.561384501340019,201.9000000000002,205.28799999999995,199.41359999999943,181.70822499999974,21.749069016215753,3.024423,-7.97665369649806
ATO,Atmos Energy Corporation,178.54,USD,0.03922227825404448,114176,0.12293627945693811,29801866709.202328,USD,Utilities,Buy,176.41239036321198,176.7107747434402,176.83844534850797,0.6255988277066928,4.476563871496288,6.814238707747524,177.4139999999997,176.16550000000024,174.07620000000014,176.33590000000044,21.977940814417252,1.353685,13.394751535455054
FTS,Fortis Inc.,58.44,USD,0.17140898183063816,190653,0.277708628875096,29751804135.89043,USD,Utilities,Buy,57.64397324938605,57.20250792655898,56.54674564477943,-0.2389894161829986,4.208273894436519,12.211981566820278,58.285999999999966,57.749999999999844,56.70599999999997,54.511949999999985,23.964092911770194,0.53976384,6.121637237345439
PBA,Pembina Pipeline Corp.,51.04,USD,0.393391030684492,194514,0.21879482088630384,29676441137.36032,USD,Industrial services,Buy,48.6867430737951,47.819326720667846,46.60595160448012,-0.661736084079415,10.571923743500871,34.10404624277456,50.86200000000003,48.648499999999984,48.27800000000001,42.913049999999984,26.62293544899375,0.5123416319999999,-9.903483677891423
ILMN,"Illumina, Inc.",195.49,USD,2.4204956252947056,469074,0.3528567484678729,29577636840.224026,USD,Health technology,Buy,178.77893585699275,169.1478959806989,158.46854367201846,4.632429683945729,21.72478206724783,48.854031828218986,190.04399999999995,187.52150000000012,168.95770000000005,136.67757500000002,35.480416712040366,1.226309,nan
CRS,Carpenter Technology Corporation,594.8,USD,1.2149882585168272,170022,0.3236684480088209,29553000503.504745,USD,Non-energy minerals,Strong buy,557.6835110257955,528.4486236840463,489.83554909823766,5.220329388455482,4.350877192982448,87.8770649736252,576.87,587.432,530.8017999999997,396.2331750000002,62.60459535412434,3.08509,34.63277076336635
TNRSF,Tenaris S.A.,27.5625,USD,1.58013544018059,349,0.010806492565504684,29546857805.547947,USD,Non-energy minerals,Buy,24.56097285347052,22.929385244374732,21.417312130668677,0,-3.1195079086115967,30.62796208530805,26.221249999999998,20.581942500000004,18.632136999999997,13.528139769999994,14.56409901323652,0.40904820402000003,14.461470617765503
ADYYF,Adyen N.V.,930.83,USD,-2.7345872518286267,53,0.38433647570703405,29492004939.019905,USD,Commercial services,Strong buy,976.0335677675833,1007.482449741005,1068.3820732316274,-2.0178947368421007,-5.181827442192115,-43.23653527173382,942.9360000000012,955.5088650000001,999.9261560000028,1291.9320069999972,23.573269392269157,19.118114093560003,28.69586970172974
VEEV,Veeva Systems Inc.,181.4,USD,-1.7068545109726392,300373,0.231928490420585,29467214805.77404,USD,Technology services,Strong buy,180.3737827290921,178.39020427560482,181.7459654292262,-6.0103626943005155,15.541401273885354,-18.80399265923638,189.59599999999972,187.06550000000044,173.34200000000004,206.79630000000014,32.29999465821477,2.222485,19.0078616685385
DSKYF,"Daiichi Sankyo Co., Ltd.",16.1525,USD,-5.152671755725198,260,0.029042166992460205,29391948284.608097,USD,Health technology,Strong buy,16.355029650657453,16.625096921097235,17.24304486953932,-7.700000000000001,4.546925566343046,-28.968777484608616,16.6895,16.340325,16.38275,20.002115,18.273884062066905,0.258589904573,-14.92784226522868
TPL,Texas Pacific Land Corporation,425.13,USD,-1.840221657815753,63472,0.2684058581422267,29323098252.89065,USD,Miscellaneous,Buy,405.8651163284619,406.20435731123894,405.1353729347823,2.354640664499813,20.47438222625255,48.64685314685315,419.7420000000003,410.42200000000037,394.6947999999998,382.52378249900016,58.26651864643724,2.183253,9.453803573303722
NRG,"NRG Energy, Inc.",138.39,USD,-1.1358765537934017,658451,0.3553493638314315,29198416063.165237,USD,Utilities,Strong buy,137.20557999059326,139.39226628847553,142.90239076267585,6.257678132678114,2.884543900081775,-14.352023765317506,133.932,139.23449999999994,135.17399999999998,154.06065000000007,161.51960784313724,1.767433,-86.50623661332997
TECK,Teck Resources Ltd,59.6,USD,4.177591330187031,2404204,0.6439651430138884,29191846019.385075,USD,Non-energy minerals,Buy,59.60236347506659,59.467650194489686,58.11864124521001,9.619275335663058,0.6416751097602205,22.256410256410263,56.63799999999998,58.23600000000001,61.69079999999999,53.07970000000001,22.006883537532623,0.863519679,453.8008787023556
TTNDF,Techtronic Industries Ltd.,15.99,USD,-3.237518910741292,362,0.04241607592711934,29178894944.878754,USD,Consumer durables,Strong buy,16.07032082519287,15.733549583962109,15.225868510695621,-2.4999999999999902,-5.103857566765585,40.38630377524143,16.403,15.499174999999997,15.095228000000002,12.76671999999999,24.41203879372504,0.39,6.806466426099157
Q,"Qnity Electronics, Inc.",138.8,USD,0.043246360098026716,370102,0.2556726413100095,29056282510.670322,USD,Electronic technology,Strong buy,144.46257662913723,143.04876504760378,136.46440111120236,0.13707524709616747,-15.355531162336858,69.9106377769617,137.44999999999993,145.22999999999996,151.49320000000003,nan,44.7684169784544,1.074286,-13.765193447000248
NTOIF,Neste OYJ,37.825,USD,11.709982279976384,1909,0.3380256750774679,29048443631.154316,USD,Energy minerals,Buy,33.579655294942306,32.51830450762495,30.722489059199823,0,22.629275409304604,64.87228663586436,33.386000000000024,32.544159999999984,27.119864000000057,19.181956000000007,35.08566082230955,1.1478045618000001,nan
PPLAF,Pembina Pipeline Corp.,18.55,USD,-0.15931451699712867,700,1.1230547088079577,29044130601.763157,USD,Industrial services,,18.60568705479081,18.539126808596095,18.393440703303398,0,-1.0666666666666629,3.0555555555555594,18.701919999999994,18.528834999999994,18.229097999999993,nan,9.675851343629194,0.5123416319999999,-9.903483677891423
EPIAF,Epiroc Aktiebolag,25.21,USD,-0.26111726539008917,386,0.3178262659530671,28995987739.713764,USD,Producer manufacturing,Buy,26.840331110498433,27.1778019214506,27.07549349541691,5.525324403516117,-10.092724679029951,6.335414206175141,24.870399999999986,26.551450000000006,28.02673999999997,25.760451000000003,33.588605849554966,0.22131326229999998,-3.950914840773071
GFIOF,Gold Fields Ltd.,32.21,USD,-1.5899591816782017,1000,2.277385561375541,28828731368.724464,USD,Non-energy minerals,Strong buy,37.67491650853113,39.89085400557951,40.58544848496271,0,-6.366279069767436,-35.644355644355635,35.10808000000002,47.32529499999998,44.971204,24.637452499999995,7.70626889782411,2.63,216.9298767414801
NVZMF,NOVONESIS A S,61.85,USD,-3.465864218533926,15,0.012855673637298596,28797061628.289265,USD,Process industries,Strong buy,61.69181585864888,61.02839536960878,60.678618579797686,-3.975730778068264,0.5478516736299698,0,63.73276,63.106840000000034,60.82373000000001,61.529114500000034,42.10474836316684,0.6052918,37.98639874940684
CNP,"CenterPoint Energy, Inc (Holding Co)",43.94,USD,0.5952380952380907,1245328,0.2118675303934943,28744207794.791664,USD,Utilities,Buy,43.533396805058494,43.27144531636194,42.798456194517684,1.4078006000461563,1.3376383763837598,14.63605530915732,43.29199999999995,43.811499999999846,43.014200000000066,41.258874999999996,26.90753214941825,0.372474,9.788893370982919
EL,"Estee Lauder Companies, Inc. (The)",79.445,USD,-3.8545322522086436,830311,0.44180464831075944,28742796972.708153,USD,Consumer non-durables,Buy,82.52589279062936,83.5025718674335,85.28242659307507,-3.7613567534827426,-4.77645930720366,-24.778677271220946,82.04300000000003,81.98525,83.5032999999999,92.53857500000008,nan,0.317424,71.24638877424681
SAXPF,Sampo OYJ,10.795,USD,0.8595720825936702,670,0.23447069116360456,28668010172.342266,USD,Finance,Strong buy,10.531758185955187,10.535209190388244,10.586567865794313,0.8595720825936702,3.202676864244733,-3.400447427293072,10.52320000000002,10.408129999999982,10.80242092000003,10.915713448750013,14.99731500131197,0.19933972064000002,60.55444627508684
FE,FirstEnergy Corp.,49.445,USD,0.2331238597202554,715519,0.1944406716799777,28600532407.007397,USD,Utilities,Buy,48.140947559313446,47.942858023937816,47.78298520213073,1.4256410256410261,5.426439232409385,10.220686580472584,48.84700000000002,48.353750000000005,46.93149999999998,47.39498499999993,26.87082223792185,0.502426,-2.111926800723473
SVNDF,"Seven & I Holdings Co., Ltd.",12.35,USD,-5.000000000000003,73227,7.44290288153682,28550037121.58018,USD,Retail trade,Buy,12.186465233009823,12.461406409098036,12.818820007086726,-1.2000000000000028,5.017006802721087,-15.699658703071675,12.411999999999995,12.354900000000004,13.324310000000008,13.873978438749994,15.608975204776486,0.154817516457,47.35323518795187
TPR,"Tapestry, Inc.",141.145,USD,-1.7985110971961178,401146,0.18173383463347298,28517601652.249466,USD,Retail trade,Strong buy,142.24106561976544,142.1381762745294,140.63135331052234,0.31627576403697344,-4.8375134843581336,9.228447608729308,141.92300000000012,142.56425000000013,141.57770000000008,133.83722499999996,45.34633425432115,1.265123,-18.09809493737501
TSEM,Tower Semiconductor Ltd.,254.63,USD,2.04384242375666,543098,0.2921977846796226,28456588601.02152,USD,Electronic technology,Strong buy,241.70729288078073,234.78709891131288,217.9557143538837,6.215325574604766,-9.151562722991287,111.3287409743547,243.276,239.39550000000008,255.16879999999998,163.74719999999994,118.26753367394333,0.758,19.213732004429676
NRSCF,"Nomura Holdings, Inc.",9.85,USD,3.684210526315786,100,0.006929910881346066,28343353356.932343,USD,Finance,Buy,8.943626898421499,8.661067617900978,8.312042062867505,0,11.766708271871087,11.299435028248588,9.082599999999996,8.345932100000002,7.485652840000003,5.466593005000002,13.136137811181769,0.236839360472,1.25774662262337
MTZ,"MasTec, Inc.",358.41,USD,0.29662795578564494,217630,0.1846430093747709,28321040669.399746,USD,Industrial services,Strong buy,364.5507088948417,362.8727362050454,349.3185777604891,6.22388192406864,-6.05488715892112,62.90623153493025,346.6719999999995,372.3095000000001,377.99519999999984,294.01395,62.65799548958934,2.230749,111.18289891456841
AJINF,"Ajinomoto Co., Inc.",30.2,USD,-13.714285714285715,300,0.2764976958525346,28263021325.68357,USD,Consumer non-durables,Strong buy,33.41232895068824,32.701274156828305,31.3795218839247,0,-21.55844155844156,31.30434782608695,35.73479999999999,34.286675,32.395458,20.105403295,34.658673685483585,0.21113447440799998,88.61698260298954
VICI,VICI Properties Inc.,26.415,USD,-0.620767494356656,1374986,0.22607507396635163,28238431367.529346,USD,Finance,Strong buy,26.993877088022845,27.32081911895021,27.724559255142964,-1.5834575260804795,0.3037782418834186,-6.196732954545459,26.656999999999982,26.592750000000006,27.350499999999982,28.552124999999975,9.065170390198702,0.71313,16.249102369743866
IMBBF,Imperial Brands PLC,36.9,USD,-0.24330900243309922,1278,0.172455671605538,28189999148.415417,USD,Consumer non-durables,Strong buy,37.386629662168275,37.76694826711008,38.47406429352079,-2.0960466967365328,1.9337016574585517,-14.35335623433294,37.47000000000004,36.955549999999995,37.12766400000002,40.536614499999985,13.12776510223078,2.794419579,-27.3536421830961
FUJIF,FUJIFILM Holdings Corp.,23.5,USD,1.249461439034895,100,0.1786671431123817,28096668273.924828,USD,Health technology,Strong buy,21.230688007294106,20.844760739474946,20.77731630004607,0,12.763915547024952,23.03664921465968,21.970000000000027,19.73494999999998,21.33177199999999,21.466698273750012,16.267004053874054,0.293059144807,0.16675986271634904
KGC,Kinross Gold Corporation,23.49,USD,-3.0940594059405946,2133256,0.31575256045632477,28049409679.593555,USD,Non-energy minerals,Strong buy,24.933212494207286,26.15644040276128,27.179843251782533,4.076207354895871,-6.785714285714289,-17.795275590551185,23.247999999999983,23.70449999999998,26.1202,28.932,10.011646959346976,0.6635066239999999,146.90710442171564
GEHC,GE HealthCare Technologies Inc.,61.65,USD,0.3908158280410389,995411,0.19503366772139907,28044078455.048855,USD,Health technology,Strong buy,63.841066121745634,64.98713670618861,67.00218542053581,-2.6988636363636376,0.2602049113676965,-25.345119883749092,62.19999999999999,64.04325000000003,63.538700000000034,73.32102500000003,14.759043355437981,1.033427,-12.171993271656852
ES,Eversource Energy (D/B/A),74.48,USD,0.026860059092143746,353346,0.20351020635252767,28010439328.249268,USD,Utilities,Buy,72.96918755500438,72.06437863366413,71.27864144989019,-0.2678093197643316,6.036446469248305,9.868712199439441,74.13199999999998,73.888,71.02199999999998,70.34194999999993,15.931891591263986,0.888874,101.83490199464642
CPNG,"Coupang, Inc.",15.515,USD,-0.7357645553422918,3081077,0.15467632398457218,27850421584.137238,USD,Retail trade,Strong buy,17.140682408544148,17.516222396662585,18.32157520889738,-5.396341463414622,-8.195266272189338,-34.53586497890295,15.993000000000006,17.541249999999998,16.8971,21.590325000000007,nan,-0.250387,-166.3774403470716
RMD,ResMed Inc.,191.53,USD,-0.7153594940645874,201094,0.1685543472812655,27782652146.05158,USD,Health technology,Buy,199.60384954956018,203.75459977527336,211.28138762724154,-2.7470295521478607,0,-20.773526370217166,195.56800000000004,201.49599999999995,198.84040000000002,234.15360000000007,18.46357028553801,2.895629,16.468686142860363
FICO,Fair Isaac Corporation,1195.96,USD,-2.088467174797579,70317,0.320157973193366,27735395901.75074,USD,Commercial services,Strong buy,1206.1316797721854,1200.5940118719473,1226.4638293981166,-4.2680584016393395,8.842373498361857,-29.276239924779567,1233.1420000000003,1233.0354999999988,1201.8488000000007,1390.5122999999994,37.894923621431,11.760637,35.934444588017406
CINF,Cincinnati Financial Corporation,179.3,USD,0.03905596161358121,152606,0.1868376690578744,27735331293.335938,USD,Finance,Buy,177.43450965434542,174.2734974346398,170.91684817771764,-0.6538120567375768,3.5159632815657313,9.784472201812404,180.03799999999995,181.94425,172.47400000000025,164.9370249999999,10.252451611058698,1.836555,90.77878017650458
CW,Curtiss-Wright Corporation,749.33,USD,2.3004041065967704,70328,0.3630988552225406,27681123124.233223,USD,Electronic technology,Strong buy,741.4254575812893,734.7091587835355,716.9964396459175,4.433325900323344,-2.4513122266194447,35.111792282726284,724.1520000000003,747.1380000000001,744.2057000000003,660.1294750000002,54.883908298542444,3.610391,21.446361857320756
XYL,Xylem Inc.,116.395,USD,0.21956259686584764,745574,0.4185045876292219,27666334403.340706,USD,Producer manufacturing,Strong buy,117.19531655632741,117.30860110023403,119.27322213312861,-4.913814230863492,5.736736918604649,-14.597549343312053,118.58699999999999,119.25025000000005,113.57950000000017,129.155725,28.91729398027378,1.33726,8.283116324114927
HAL,Halliburton Company,33.08,USD,0.15137753557371225,4659713,0.38283888193743393,27634957081.762028,USD,Industrial services,Strong buy,35.25547424721044,35.93678842404392,35.814288259190704,-6.156028368794331,-5.201318240435606,16.725476358503876,33.92600000000004,34.18550000000002,37.41340000000002,33.48115,17.327536535540307,0.593523,-10.677022411453711
MITEF,Mitsubishi Estate Co. Ltd.,23.219,USD,-7.67793240556659,101,0.11117226197028068,27600234264.771717,USD,Finance,Strong buy,26.341085841343617,26.508708533402512,25.651135711089346,0,-11.123444976076552,-10.351351351351342,25.994699999999987,27.602925,22.76077000000001,16.372733725000003,20.279120989841882,0.28605461599,13.55188723309349
TWLO,Twilio Inc.,181.085,USD,-1.2514996182789768,376747,0.22328309784162498,27483971029.13584,USD,Technology services,Strong buy,196.1341160625677,189.51263998040378,177.86445073077016,-12.071184053994992,-0.3658872077028842,26.765838291914605,194.54099999999985,205.14325000000002,201.83829999999995,147.132525,280.88258104544747,1.323609,nan
BRDCF,Bridgestone Corp.,21.71,USD,-8.29989440337909,196,0.1577210911724471,27400786752.928783,USD,Consumer durables,Buy,21.653136425924224,21.741921785787643,21.84767457233906,-8.29989440337909,-1.5642711403309855,-7.063356164383555,21.63299999999999,21.67787499999997,21.448800000000006,20.927772749999985,13.129142972047473,0.44045287,24.051115531193183
JBHT,"J.B. Hunt Transport Services, Inc.",290.3,USD,-0.6638379414180118,221492,0.1908037538785602,27375057415.303516,USD,Transportation,Buy,281.22679369165445,272.47733407303525,258.77380359176556,-0.28852098646698326,6.383758428613316,49.30439478488955,291.56399999999996,284.81700000000006,276.50619999999986,220.33207499999952,41.15628898718385,2.141978,28.1843458665746
DASTF,Dassault Systemes SA,20.4307,USD,1.7140951091285668,239,0.16141014385088134,27332104519.916992,USD,Technology services,Buy,20.41643454702504,20.743596978501362,21.520962734359387,1.8733482921964695,4.82657773217036,-21.450595924644364,20.442820000000005,20.223495000000007,21.422908000000017,25.611011499999904,19.081960703455927,0.34649787823,11.878404731864842
KNYJF,Kone Oyj,52.7,USD,-4.181818181818177,254,0.20341154800993033,27307607181.24572,USD,Producer manufacturing,Buy,56.375822628202535,58.24924122870212,59.95706494700628,-5.976806422836743,-10.366527765966492,-24.928774928774928,54.92999999999995,56.982749999999996,62.82410199999991,52.58754234,25.33195318315113,0.62512688438,-6.325827083411031
WRB,W.R. Berkley Corporation,73.17,USD,1.11940298507463,471721,0.2179426803464694,27239488812.597015,USD,Finance,Buy,70.75075173647589,69.83826547006468,69.34343624085744,1.8088214832336122,7.793164407778443,4.873154650996138,72.40600000000002,71.51099999999994,68.82260000000001,69.95924999999994,15.061133753241942,1.103188,10.571955299633569
WNGRF,Weston George Ltd. (Canada),72.8,USD,1.0101010101010024,90058,0.8916421787997117,27236549068.727238,USD,Retail trade,Buy,72.01576577429613,71.69601364543078,71.03152145895012,1.0101010101010024,-1.5630915679593351,6.432748538011683,71.49610000000001,71.19981679999995,70.99183672000002,61.19035186424999,35.25747906393942,0.90816,1.9533381611682405
DXCM,"DexCom, Inc.",70.54,USD,-1.2459750804983907,960148,0.24518234145167808,27219478384.301273,USD,Health technology,Strong buy,72.17907763852138,71.07109803838269,70.03931471988827,-7.911227154046982,0.4271070615034331,5.868227525138843,73.81199999999998,72.723,71.5002,67.47499999999997,30.16979598819555,0.608903,75.51985586667665
PPL,PPL Corporation,36.17,USD,0.19390581717451602,992300,0.17684491456633405,27212512919.971745,USD,Utilities,Strong buy,36.17970250444817,36.3346881773925,36.48008982915676,0.5839822024471659,1.3733183856502298,3.342857142857148,35.79200000000001,36.138500000000036,35.83280000000001,36.572149999999986,22.24066900325893,0.340546,21.429104756215946
AVB,"AvalonBay Communities, Inc.",190.75,USD,0.2522730856151731,324780,0.4113318257836588,27098649511.821358,USD,Finance,Buy,188.93959768014957,186.4876129855878,184.2117837493484,-0.8987946799667446,5.200750055151118,5.398386562051061,191.20800000000037,191.5119999999995,187.3249999999988,179.8947500000006,23.675946727568363,1.222745,0.3237575802856513
RYLPF,Koninklijke Philips N.V,27.836,USD,-0.6283021562187703,94,0.028972999630131918,27056108415.819054,USD,Health services,Buy,27.114238152437093,27.22809680858524,27.352338693804104,0,7.858028518288898,1.2218181818181764,27.050599999999953,26.654261900000012,27.65754476,26.089672889999964,23.93474556712837,0.4016282402,nan
WTW,Willis Towers Watson Public Limited Company,286.17,USD,-0.11866950542737602,136877,0.30036139393738576,27028177972.351578,USD,Finance,Strong buy,279.2843537693045,277.6801950300337,280.91466725786927,-2.110556201682958,11.458617332035061,-12.611842306165451,289.6460000000001,283.76700000000005,267.11300000000006,299.213925,16.751643437081093,3.124471,nan
NSKFF,Kongsberg Gruppen ASA,30.72,USD,5.025641025641022,2100,0.6386472842284533,27021066793.874413,USD,Producer manufacturing,Buy,30.661525514300248,31.71530745046088,32.61714336793312,5.025641025641022,-0.5825242718446593,14.841121495327098,28.9272,30.055878899999993,33.73230756000001,32.92473609,36.503031667681114,0.1728392,11.390281355569144
WRB/PH,W.R. Berkley Corporation 4.125% Subordinated Debentures due 2061,15.31,USD,-0.7777057679844409,9820,0.3812837069163001,26937944656.0,USD,Finance,,15.379824723373227,15.495728865265981,15.707295613072109,-1.7329910141206648,1.795212765957456,-6.532356532356524,15.498999999999999,15.281999999999996,15.418159999999995,16.391645500000006,3.151372936478531,1.103188,10.571955299633569
AMRZ,Amrize Ltd,48.715,USD,-1.7050040355125078,994168,0.38102276900864473,26926533131.232445,USD,Non-energy minerals,Strong buy,51.70976727673769,52.545074447791556,53.23076212756096,-3.016125821222364,-7.2095238095238035,-10.957777371595682,49.099000000000004,51.314750000000004,51.983300000000035,53.91767500000001,23.306382164386186,0.95395,-6.147007318934949
ARES,Ares Management Corporation,121.005,USD,1.2001338128293069,746445,0.4746207650089768,26866549755.10425,USD,Finance,Strong buy,122.00865573034558,122.26534620101403,124.46161338825333,-3.4508896513205163,-2.4231916780904843,-25.617777231374482,121.66100000000009,118.71575,123.46269999999998,134.89264999999986,56.0182398963011,1.276509,24.846838515778522
DOV,Dover Corporation,199.47,USD,-7.019997203188366,2015432,2.0874325587908373,26860910795.05244,USD,Producer manufacturing,Strong buy,212.77062371933164,213.78089593897914,212.79343357390493,-7.084963666852993,-11.44506104328524,2.197971103596676,209.846,215.52150000000015,215.58940000000024,205.55674999999962,24.851120025913836,2.897647,-51.647279233257635
SMECF,SMC Corp,428.75,USD,1.3593380614657211,204,0.5268595041322314,26829100270.27048,USD,Producer manufacturing,Strong buy,438.68197986281604,436.93218377927366,430.59686358924176,-1.7259558081965647,-2.0917540133817507,19.297708649257785,430.3299999999996,445.7990000000001,434.6009139999998,405.2617470000003,25.78296669337448,3.9578636551739996,2.0494506816913343
ATI,ATI Inc.,196.52,USD,0.4754844317194165,497416,0.39227367172039906,26819168100.09755,USD,Non-energy minerals,Strong buy,187.440800541128,180.91949944306486,170.42429558582145,4.000846740050806,-0.4861251772331272,70.38321484307266,192.346,191.11600000000004,183.23840000000004,140.12570000000002,64.80675372642132,1.034679,9.706595275134763
PGPEF,Publicis Groupe S.A.,106.84,USD,8.734148873374187,100401,7.796803652968036,26797442517.144768,USD,Commercial services,Strong buy,99.10635722872614,98.07156345899027,97.82870932372596,3.2270531400966216,3.7281553398058285,8.522092432706957,99.31360000000002,94.30031499999998,97.42575200000009,84.17106001000002,14.560803651519416,4.9507682,-7.663487170048423
OTIS,Otis Worldwide Corporation,69.71,USD,-0.994176963499507,924447,0.22318414860855718,26748848243.91606,USD,Industrial services,Buy,72.46723978509763,73.6972003967702,75.96189473566788,-4.871724890829705,-3.8350117257552783,-20.0756707177253,71.79999999999986,72.56899999999987,71.92980000000007,82.88757500000006,17.895466447604864,1.034541,2.9847984137475154
TCKRF,Teck Resources Ltd.,54.9477,USD,-6.583304998299902,1542,2.334595003785011,26681613940.509655,USD,Non-energy minerals,Buy,58.76207813421613,58.54064674142882,57.08900047172647,0,-13.331703470031549,14.617647058823529,58.50054,61.63293499999999,57.45338399999997,48.38696334,20.289054271061765,0.8767766865000001,453.8008787023556
VWSYF,Vestas Wind Systems A/S,26.8195,USD,-0.9893862482694865,389,0.39807613589848545,26675126300.371326,USD,Producer manufacturing,Buy,27.231126885560684,27.378522240357977,27.202305114859954,-1.1080383480825942,-5.099997169223795,-0.5952535387192737,27.152660000000004,27.22702500000002,27.695491999999994,26.251482999999965,27.325056722964465,0.17368105862,60.349708354468056
FISV,"Fiserv, Inc.",49.95,USD,-0.5376344086021426,1345351,0.23738670455111097,26636039361.854836,USD,Commercial services,Buy,51.61252140798364,53.22756712353817,56.92050658186312,-1.0695187165775384,4.388714733542322,-26.032874278098618,50.61800000000006,50.55000000000008,52.35740000000007,65.17010000000009,8.473426181953894,1.90961,4.271765663140754
LDSVF,Lindt & Sprungli AG,11059.0,USD,-2.903756278682634,4,0.12422360248447203,26633425498.7025,USD,Consumer non-durables,Buy,11653.64756818489,11971.05505614292,12464.285704666452,-3.3979734451432564,-3.300327724361781,-22.497542788763933,11537.345999999996,11592.54855,12700.947399999994,13322.958706499992,28.11733878466904,298.5358158,12.75216935358087
MTD,"Mettler-Toledo International, Inc.",1315.85,USD,2.329108017730758,69684,0.5177225083434127,26590173000.83175,USD,Health technology,Buy,1262.9545074701168,1249.2488062588657,1252.518643824616,1.582583857644652,12.530252366739926,-5.9347902235375685,1296.7420000000004,1291.3170000000011,1192.1675999999998,1316.4787999999999,30.860100564738545,10.793746,6.350999802957637
ARES/PB,Ares Management Corporation 6.75% Series B Mandatory Convertible Preferred Stock,39.52,USD,1.2554445298488393,5231,0.021690426896295214,26547938963.0,USD,Finance,,39.871292355652855,40.04040301302782,40.7119870531725,-0.5285678328718695,-0.7035175879396836,-21.431411530815097,39.68599999999998,38.76525000000002,40.41589799999999,43.61466250000005,18.29544928475534,1.276509,24.846838515778522
DUAVF,DASSAULT AVIATION,342.79,USD,3.4681557500754625,79,0.26680175616345825,26532843564.668682,USD,Electronic technology,Buy,336.8380678465674,341.2495783173541,345.72376904689406,8.47784810126583,1.203076332610025,6.12693498452013,328.47599999999966,330.16545500000007,337.5621360000002,349.52916349999964,nan,11.4073,nan
OLCLF,"Oriental Land Co., Ltd.",16.15,USD,4.870129870129858,5,0.00040870041442222024,26474226586.916233,USD,Consumer services,Buy,15.97194510145763,16.94278215975857,18.40915922403226,8.135252761968518,3.1948881789137267,-9.52380952380954,15.5708,16.003600000000013,20.450392,28.653893491999995,34.49337022046513,0.10791495000000001,-7.1174050403013
RF/PE,"Regions Financial Corporation Depositary Shares, Each Representing a 1/40th Interest in a Share of 4.45% Non-Cumulative Perpetual Preferred Stock, Series E",16.15,USD,-1.3439218081857203,17388,0.3830479052205367,26335294287.0,USD,Finance,,16.202548819567216,16.298665271044314,16.481436478828495,-0.9202453987730193,1.7002518891687517,-6.701328711727326,16.311999999999976,16.182500000000005,16.1894,17.07101898,6.568778979907264,0.660001,14.59867623753147
RF/PF,"Regions Financial Corporation Depositary Shares Each Representing a 1/40th Interest in a Share of Non-Cumulative Perpetual Preferred Stock, Series F",25.13,USD,-0.6326611308817721,18758,0.7743176526922378,26335294287.0,USD,Finance,,25.299671471571237,25.346357493943348,25.387042399719764,-0.789577575996839,-1.0629921259842503,-1.2573673870334,25.27398000000001,25.267355000000002,25.38224199999999,25.46643100000003,10.221264134060034,0.660001,14.59867623753147
RF/PC,"Regions Financial Corporation Depositary Shares, each Representing a 1/40th Interest in a Share of 5.700% Fixed-to-Floating Rate Non-Cumulative Perpetual Pref",24.39,USD,-0.4895960832313382,17086,0.39197962788776985,26335294287.0,USD,Finance,,24.390766024070256,24.376135581414665,24.358878717850853,-0.7326007326007314,0.9937888198757847,3.435114503816804,24.498000000000022,24.432000000000052,24.37091200000001,24.31329949999999,9.920279834051899,0.660001,14.59867623753147
BNCZF,Banco BPM Societa Per Azioni,17.4168,USD,1.8526315789473513,680,0.19062035713284556,26326224634.077686,USD,Finance,Buy,16.179098769950013,15.654173691231122,14.805817517192661,0,4.920481927710825,18.481632653061222,16.82336,15.192278499999997,13.2696174,nan,10.709173478752048,nan,23.12013494443565
ARLUF,Aristocrat Leisure Ltd.,44.0,USD,0.3649635036496272,215,0.26841448189762795,26295778779.68725,USD,Consumer services,Strong buy,40.07107696616725,38.696704537207005,37.952834918379786,0.38786219484371826,23.595505617977523,15.972588297311551,43.07549999999999,38.746224999999995,35.98199,40.8648335,26.817180285150002,0.9174051147,22.574626865671636
ECHO,EchoStar Corporation,90.52,USD,-1.9072388383181678,2711627,0.5919356318541065,26233915916.8912,USD,Communications,Strong buy,101.32331343425032,106.08344725289561,107.86913068550673,-1.2868047982551873,-12.464945363117687,-16.709606183290404,91.978,96.05250000000002,112.05559999999996,105.39552499999999,nan,-0.095179,-6044.893956111316
AWK,"American Water Works Company, Inc.",134.305,USD,0.3549278935963493,522990,0.33475539889812805,26227150272.118546,USD,Utilities,Buy,131.82234202823338,131.09713667396832,131.10173848923804,-0.16353837576658528,5.960552268244581,3.1290793212009653,133.68500000000006,132.57524999999995,127.96070000000009,131.47518500000004,23.765328331534338,1.535429,2.885595688901837
AIVAF,Aviva Plc,8.76,USD,7.188742734781284,350,0.17772812674554406,26201568922.656975,USD,Finance,Buy,8.482752468172766,8.48526536247441,8.48361004810367,0,7.188742734781283,0.22883295194507522,8.342569999999986,8.381917500000004,8.583626999999996,6.784362249999997,24.52800941875562,0.41242527,22.463735987834752
ANPDF,Anta Sports Products Ltd.,9.4,USD,5.975197294250295,762,0.7770752600448705,26093466491.325424,USD,Consumer non-durables,Strong buy,9.506485057277136,9.717608166612617,9.958725802740746,0,-1.981230448383728,-5.9999999999999964,9.215840000000016,10.088710000000003,10.344797999999995,10.452110999999984,14.055806576311157,0.3959142,-11.406029941745045
NWWCF,New China Life Ins Co. Ltd.,6.069,USD,-6.8028255528255475,666,0.039803968443700696,26048421394.531425,USD,Finance,Buy,6.16103074117652,6.297623074027481,6.342331222022735,-5.467289719626168,-9.875259875259875,-16.289655172413795,6.265399999999999,6.184549999999992,6.428885999999995,5.782307,3.7389817954502607,0.544566,38.359921537182984
GELYF,Geely Automobile Holdings Ltd.,2.4,USD,3.89610389610389,1260,0.030445666566791995,26036018411.91299,USD,Consumer durables,Strong buy,2.393693674280381,2.43655015755601,2.4557241583343035,-5.8823529411764675,6.194690265486732,7.142857142857129,2.3689999999999984,2.342592499999996,2.428538000000001,2.40538075,11.827730116214397,nan,-28.896341388417373
RF,Regions Financial Corporation,30.35,USD,-1.652624756966941,3318604,0.2860404992037661,25900070693.792934,USD,Finance,Buy,30.02778398482855,29.448347726737513,28.82906466592121,-3.711928934010147,5.3088133240805035,12.03396087117018,30.958000000000006,30.736999999999956,29.141400000000022,27.467899999999926,12.344423655739039,0.660001,14.59867623753147
LPLA,LPL Financial Holdings Inc.,323.1952,USD,-1.2782699004215272,106052,0.1755797582293285,25850075770.072197,USD,Finance,Strong buy,307.31237670940857,305.5877480727457,309.0247791793501,-1.7852736499832842,9.121210074954417,-9.724532834278369,326.3330399999995,308.05325999999957,296.2673039999994,329.1609759999999,28.85388042245851,5.392639,-22.47300664451827
FNLPF,Fresnillo Plc,34.99,USD,-1.297602256699579,290,0.04654671524645683,25783905848.5579,USD,Non-energy minerals,Buy,37.63129382348411,39.512858513568275,40.822348498450786,7.62842202399263,-10.511508951406649,-27.85567010309278,34.08999999999996,35.80139999999998,40.09883800000004,42.30274049999999,18.347264180133283,1.555033,916.9016948874182
NVT,nVent Electric plc,159.04,USD,0.3596895311415367,302243,0.21211784129568578,25720021995.332363,USD,Electronic technology,Strong buy,159.2143899587502,156.1993249415551,148.9325606837286,1.0355123562670705,-7.524130712873589,54.64799688837027,157.57800000000012,159.2165000000001,164.52920000000017,127.29005000000001,53.483992467043315,1.158311,-15.083671254783255
EQR,Equity Residential,68.4365,USD,0.21452628496117873,1785731,0.7479511282297372,25658259790.061184,USD,Finance,Buy,67.80197129190913,66.85575083848303,65.78451468443957,-0.8166666666666735,5.060638624501066,9.814666238767643,68.5633,68.748325,67.16932999999999,63.080132500000055,30.121698943661972,0.383871,-13.063442259126049
MGDDF,CIE GENERALE DES ETABLISSEMENTS MICHELIN SA CLERMONT-FERRAND,37.31,USD,-4.5596981518194,141,0.03903978735775397,25654592966.98915,USD,Consumer durables,Buy,38.3009875247403,37.99600779655268,37.63577828152423,-4.5596981518194,-8.704961154951974,4.869650762420074,39.132499999999986,38.499424999999995,37.04567,36.195310500000005,13.629569987647725,1.4732574,0.7351722615206722
AIBRF,AIB Group PLC,12.2604,USD,7.831134564643813,3939,0.2669205540346407,25603155357.5009,USD,Finance,Buy,11.682386647934768,11.520273567570984,11.257280914678649,1.15841584158417,8.021145374449349,12.687499999999998,11.766079999999999,11.740369999999993,11.508735999999988,10.272163500000001,11.132277011624517,0.44140619000000003,15.062575790793185
KUASF,KUAISHOU TECHNOLOGY,5.8417,USD,1.7717770034843225,200,0.08001600320064013,25579945364.067207,USD,Commercial services,Strong buy,6.147429052299724,6.507220131312543,6.995663488952678,0,-4.703099510603582,-46.893636363636354,6.046339999999996,6.129404999999993,7.999781999999999,7.598349999999997,10.4798730026755,0.12497289288,15.296017861302852
MTNOF,MTN Group Ltd.,14.56,USD,2.1754385964912313,170,0.025236780380630028,25512277522.743397,USD,Communications,Strong buy,13.066770462734409,11.992352290146737,10.658191661152937,0,9.5758451488606,36.84210526315789,13.90557,10.113992499999997,6.988813000000001,7.297613310000004,22.03716652893438,nan,nan
HUBB,Hubbell Inc,482.765,USD,1.2425551547688978,182707,0.473504216799089,25510160664.06498,USD,Producer manufacturing,Buy,491.3938200235411,492.57188132949295,490.82697753838573,-1.9786400276136535,-8.043010343054156,7.825028476983889,482.63700000000006,491.77975000000004,487.5408999999999,478.98707500000046,28.524624065703566,5.38524,14.464553828673447
WSM,"Williams-Sonoma, Inc.",216.645,USD,-2.5613924619951396,202495,0.23598808026822893,25509214455.57675,USD,Retail trade,Buy,219.17805601517097,213.84778721743558,208.06091848927082,-5.605420243126653,-2.6752021563342248,18.592620976571055,222.37299999999996,225.7217500000003,211.95910000000006,197.15102499999998,24.24922487995433,2.051309,1.1331220285261625
WST,"West Pharmaceutical Services, Inc.",360.93,USD,0.7031053821042889,779984,1.1927106756370545,25498835149.224823,USD,Health technology,Strong buy,345.75887047077214,332.56785660666173,316.4308988635738,1.09234518107723,9.888871974425337,31.12806539509537,357.82800000000003,357.4265,334.5222000000002,282.7954499999999,48.24944856627231,2.12371,17.468318650774957
PPG,"PPG Industries, Inc.",113.95,USD,-2.9304029304029284,681851,0.5420489795009834,25399454171.996334,USD,Process industries,Buy,116.72277065181527,115.56045518766393,114.04429003309181,-2.8144989339019166,-2.90558963871847,10.598854702513833,116.02200000000013,118.48199999999981,114.80560000000015,109.08760000000017,16.325448788664595,2.252968,18.227243470307247
HRNNF,Hydro One Ltd,42.34,USD,1.001908396946569,37423,0.7937295724342128,25394761252.789654,USD,Utilities,Buy,41.510658432620566,41.47322478740237,41.28507676950156,1.050119331742255,5.428024332608742,6.328478151682579,41.800700000000006,40.93468,41.69177199999996,39.55106700000003,25.77977518063287,0.3988258559999999,16.242273971710603
ROIV,Roivant Sciences Ltd.,35.3,USD,1.1171584073331442,1077900,0.26584812049275647,25390244506.21885,USD,Health technology,Strong buy,33.52326763378315,32.213306006596845,30.42474715924556,1.626601410680863,13.687600644122371,62.59788116075539,34.746,35.04549999999999,31.95689999999999,25.88337499999998,nan,-0.28814,-102.5744167337088
DG,Dollar General Corporation,115.02,USD,-4.341317365269461,1168853,0.46429182579963174,25371874813.75599,USD,Retail trade,Buy,117.36375002973666,117.59407364538094,118.93428859949961,-8.532803180914517,0.8239831697054678,-13.378770192416312,121.79199999999996,119.26000000000002,112.66379999999987,122.48504999999994,16.26207072063793,1.998046,34.89405527053574
FCNCA,"First Citizens BancShares, Inc.",2200.0,USD,5.892942235400002,70756,0.8349322552705423,25196956986.286865,USD,Finance,Buy,2101.0406588548103,2069.953871096607,2040.485104217815,4.265896994772498,5.357929620903019,2.9755245900872094,2109.428,2095.285500000001,2051.5570000000002,1978.4274500000001,12.652614979200825,45.624937,-0.41648458829477975
CAJFF,"Canon, Inc.",26.061,USD,-1.470699432892247,100,0.08252186829509821,25151939701.72065,USD,Electronic technology,Buy,26.0923219163819,26.4828817730896,27.04455485034277,3.8286852589641374,-2.8661945583302213,-13.129999999999999,26.183280000000003,26.672720000000027,26.636336999999994,29.72058425000003,11.987634285637041,0.50132797,82.29760799583988
VRSK,"Verisk Analytics, Inc.",191.965,USD,-0.1638235905970448,390765,0.26911083614537334,25151609388.327,USD,Technology services,Strong buy,187.2658577293457,185.84245629032415,188.43456870897026,-4.017499999999998,9.319476082004561,-13.505902496170133,196.39299999999957,189.58999999999946,180.64180000000033,200.3549249999998,29.2371074354991,1.93434,-3.8513355201499517
BDRAF,Bombardier Inc.,254.99,USD,2.7563973403183573,30,0.21428571428571416,25137409009.315704,USD,Electronic technology,Buy,232.81056156427442,223.66121566136533,211.7739339552467,6.245833333333337,15.343556339620942,45.77521152526871,244.44,235.34714499999987,223.255902,154.29091965499998,26.832860881146264,1.343671296,261.19760908040575
HLAGF,Hapag-Lloyd Aktien,142.94,USD,3.1461971424447865,50,0.7235890014471781,25123174452.417297,USD,Transportation,Neutral,134.70349284203678,135.64886358425395,137.34333148417042,9.608158883521204,6.743335075797178,-3.199941489260842,135.84199999999996,134.06571500000013,141.302408,146.5814345,87.76812086387665,1.02994282774,-89.55509290597855
XPO,"XPO, Inc.",213.925,USD,0.12871518839223295,316652,0.3892936022370271,25116929419.79078,USD,Transportation,Strong buy,210.63522908182634,208.5659951727288,202.59616981166664,-0.9055957013155382,6.930420873737883,57.843281930199964,213.5850000000001,208.54125,209.99829999999997,178.72527499999978,73.29712876036456,1.475592,-10.196923076923074
BDRBF,Bombardier Inc.,254.095,USD,1.6379999999999995,1193,0.07521641268780449,25069772569.609943,USD,Electronic technology,Buy,232.51842434411324,223.64800712545116,212.28487496482455,3.7122448979591836,17.051317486640862,48.09126937871545,247.27159999999995,236.69750000000022,223.69046999999995,185.0658950000001,26.738679107395818,1.352392,261.19760908040575
POPMF,Pop Mart International Group Limited,19.03,USD,-4.611528822055129,634,0.48106836634038996,25062468666.194916,USD,Consumer services,Strong buy,20.447850790628305,21.013344261732325,22.049479895028416,-4.611528822055129,-14.124548736462089,-20.70833333333333,19.746,20.501749999999994,20.124190000000002,28.4845515,14.216023902331044,0.6446484,308.8341222234282
CPRT,"Copart, Inc.",26.975,USD,-0.7177033492822976,3182824,0.3198918173188669,24973765914.425835,USD,Retail trade,Buy,29.171599979410527,30.36100620080832,32.03827248103931,-2.7226830147854275,-9.57090177673482,-31.08953889385618,27.28299999999994,28.279249999999962,30.354299999999906,36.30857499999998,16.805806491807367,0.385673,6.087243886318578
KEY/PL,"KeyCorp Depositary Shares each representing a 1/40th ownership interest in a share of Fixed Rate Perpetual Non-Cumulative Preferred Stock, Series H",25.17,USD,-0.11904761904760948,15415,0.4516885209874734,24944210214.0,USD,Finance,,25.010250082149774,24.992818828821203,24.98830445391488,0.31885213232364223,2.525458248472509,-0.9055118110236098,25.135999999999992,24.997000000000014,24.978922000000008,25.04626649999998,14.639678939103124,0.461433,nan
KEY/PI,"KeyCorp Depositary Shares Each Representing a 1/40th Ownership Interest in a Share of Fixed-to-Floating Rate Perpetual Non-Cumulative Preferred Stock, Series E",25.2,USD,-0.15847860538826922,10674,0.4842485391790367,24944210214.0,USD,Finance,,25.101848957857577,25.092286559942544,25.07858423588019,0.4784688995215351,0.840336134453785,1.5719467956469189,25.153999999999954,25.0423956,25.10305823999996,25.029954559999968,14.657127900889897,0.461433,nan
KEY/PK,"KeyCorp Depositary Shares, each representing a 1/40th ownership interest in a share of Fixed Rate Perpetual Non-Cumulative Preferred Stock, Series G",21.05,USD,-0.801131008482555,20681,0.5926433250611814,24944210214.0,USD,Finance,,20.82029902799117,20.891866476105626,21.04887494949201,-0.2842254855518651,3.338242513500244,-1.2200844673861944,21.19000000000006,20.756135000000004,20.705172000000008,21.48195749999999,12.243354853719538,0.461433,nan
KEY/PJ,"KeyCorp Depositary Shares each representing a 1/40th ownership interest in a share of Fixed Rate Perpetual Non-Cumulative Preferred Stock, Series F",21.07,USD,-0.9402914903620089,14051,0.5039958104967144,24944210214.0,USD,Finance,,20.93902799803897,20.99458008818394,21.125676269735404,-0.8470588235294105,2.3312287518212744,-1.079812206572772,21.240999999999975,20.927800000000005,20.837119999999963,21.50357550000003,12.254987494910718,0.461433,nan
P,"Everpure, Inc.",74.88,USD,0.40225261464199136,315382,0.14834733564691244,24890482349.77313,USD,Electronic technology,Strong buy,73.78669613107688,73.45109771058766,72.87958035272382,7.44726646577701,2.970297029702966,9.425690486628653,72.61799999999997,74.52049999999998,76.30720000000001,74.79589999999999,113.83399209486164,0.577589,77.01829924650163
EXXRF,Exor NV,77.684,USD,-1.5411913814955742,695,0.182668804373538,24876735811.590446,USD,Finance,Strong buy,78.099623582634,78.46738051286884,79.50154765630019,-1.0394904458598757,4.695417789757405,-10.605293440736487,78.19080000000004,78.04561499999988,77.54992999999992,82.95465850000004,nan,nan,nan
DGX,Quest Diagnostics Incorporated,224.41,USD,6.948482104560827,1882259,1.8299909806108898,24841385262.842873,USD,Health services,Buy,209.64224175302462,205.6157789539318,201.5541386802711,7.573941805282576,14.623557053835937,29.484738330159825,211.88399999999993,210.2965000000001,201.60380000000026,192.48334999999986,24.753742126917945,2.803361,14.584544604261978
MTSFF,"Mitsui Fudosan Co., Ltd.",9.009,USD,-4.84388863069837,348,0.05053291900212006,24751602852.53725,USD,Finance,Strong buy,9.484043081837449,9.795889137396431,10.110105068741722,0,-2.064909582071863,-24.516129032258064,9.33511,10.0491975,10.803418999999984,9.536814101349975,14.163865610918759,0.169716513681,6.941394755002175
ZM,"Zoom Communications, Inc.",84.26,USD,-1.806316280153825,781250,0.2862969992483169,24707747367.610767,USD,Technology services,Buy,89.78191827444708,90.60237571852511,90.23199959014552,-7.059342598720485,-0.09485416172634371,-2.341214649976815,88.37600000000005,88.35974999999998,94.0388000000001,87.69002500000016,12.364810330912027,1.477983,104.61506125390343
BDRXF,Bombardier Inc.,18.0,USD,-1.2741124268468522,810,2.8835884656461377,24691590913.9515,USD,Electronic technology,,18.03467460687465,17.97695587128207,17.794240780338363,0,-1.304967649961616,-1.36986301369863,18.18802,18.201079999999976,17.52383599999999,15.07833800000001,1.8941585782212351,1.352392,261.19760908040575
TEFOF,Telefonica S.A.,4.37,USD,6.715506715506725,200,0.03162305320578702,24670318479.75428,USD,Communications,Buy,4.269690429887874,4.322077136028509,4.372857051182005,0,-3.147163120567364,12.454966546577456,4.090999999999999,4.432184999999999,4.369462000000003,4.689729000000001,nan,0.1256266,-97.93986827752367
SNMRF,Snam S.p.A.,7.346,USD,3.689693137227226,200,0.031656088257174066,24621930619.72698,USD,Utilities,Buy,7.291955636123805,7.164223788699448,6.8617964076172475,7.022144522144526,-4.174276024002091,10.966767371601208,7.090540000000002,7.251735000000006,6.437789999999998,5.5720365,16.54198138812719,nan,14.332029492695831
SYM,Symbotic Inc.,40.84,USD,-3.8153556288271253,360495,0.31231698230901184,24614545995.744705,USD,Producer manufacturing,Buy,43.26435712206954,45.326122815113074,47.866396033232355,-2.6923993328567914,4.906241972771651,-32.85103584347254,41.648,42.5005,44.60249999999999,56.87214999999998,nan,0.131111,24.78134110787171
WWD,"Woodward, Inc.",412.27,USD,1.898217949034827,121132,0.2605848897249114,24564225074.289207,USD,Producer manufacturing,Strong buy,400.94695483172364,392.811228382865,380.1800965065923,4.032400514774523,-1.1018688560008583,35.57160721337371,401.4130000000001,409.57725000000005,388.7977000000004,343.9930250000001,49.363602619825905,2.443394,34.92245557350564
TROW,"T. Rowe Price Group, Inc.",114.54,USD,-1.2671321437807075,300673,0.17202440849070183,24542098742.47479,USD,Finance,Buy,112.82443113077116,109.84500278903062,106.87768999245434,-2.9322033898305033,6.847014925373137,11.779057285059048,116.4,116.06750000000015,109.45379999999989,102.13140000000001,12.276527331189712,2.514667,5.875944713011499
SYF/PA,"Synchrony Financial Depositary Shares, each Representing a 1/40th Interest in a Share of 5.625% Fixed Rate Non-Cumulative Perpetual Preferred Stock, Series A",18.75,USD,-0.5305039787798483,23821,0.6534375351461669,24491116299.0,USD,Finance,,18.963684660914303,19.121361399755646,19.26783020823292,-0.741132874536795,-0.5832449628844084,-4.336734693877558,18.827999999999978,18.753000000000025,19.16910200000002,19.582345499999946,1.9221306433755692,2.408272,18.531659720281425
SYF/PB,"Synchrony Financial Depositary Shares Each Representing a 1/40th Interest in a Share of 8.250% Fixed Rate Reset Non-Cumulative Perpetual Preferred Stock, Series",25.72,USD,-0.2714230321830178,17319,0.8304204605935068,24491116299.0,USD,Finance,,25.809828146248442,25.81161898419099,25.8247105198927,-0.8863198458574197,0.1557632398753861,-2.0563594821020663,25.843999999999994,25.859995000000026,25.802756000000024,25.94837699999999,2.636650674539714,2.408272,18.531659720281425
SGGKF,Singapore Technologies Engineering Ltd.,7.85,USD,-7.9718640093786615,3000,0.10859531954172776,24462392647.224354,USD,Electronic technology,Strong buy,8.385064054236862,8.372905890671333,8.189108656051506,0,-5.29846064758963,18.93939393939394,8.428799999999999,8.609077499999993,7.806462999999999,4.653436885,68.66322411711339,nan,-30.11936284397501
FCNCB,"First Citizens BancShares, Inc.",1850.0,USD,2.7207107162687394,427,5.391414141414141,24442132543.309273,USD,Finance,Buy,1811.6740883110506,1783.0297574090098,1752.2521145707292,-0.26900414557490926,0.982532751091703,3.064066852367688,1818.036679999998,1838.1603200000013,1756.9298557999982,1686.2625479499993,10.639698959782512,45.676744,-0.41648458829477975
KEY,KeyCorp,22.635,USD,-2.0553872782345213,4497591,0.40535135153257834,24431510090.605366,USD,Finance,Strong buy,22.76159130258642,22.42328433431467,21.954171188402547,-4.007633587786246,-0.6365232660228252,9.718856034900643,23.113000000000028,23.22925000000001,22.354899999999976,20.681974999999998,13.165241668120748,0.461433,nan
MKL,Markel Group Inc.,1951.565,USD,0.3581713462923041,10106,0.2005485019388075,24421318192.208008,USD,Finance,Buy,1925.8879024219266,1916.8455965456435,1922.5184478054166,-1.2016173572018463,4.420396479306563,-8.947059015643875,1961.9330000000004,1950.5832500000004,1883.6510999999996,1973.9109250000006,14.124345101660778,30.637817,1.828667025329986
CHRW,"C.H. Robinson Worldwide, Inc.",205.5,USD,-0.8922112370388205,384760,0.2364673658625715,24222910277.976852,USD,Transportation,Buy,193.72827798458465,188.80799562718212,183.18674656579705,-1.6981583353264822,9.44240293976673,27.347090537274585,207.31400000000002,195.27699999999996,185.88249999999996,170.74387499999983,41.597506173839115,1.525146,18.025658790644343
BTGOF,BT Group Plc,2.48,USD,-0.6012024048096242,12805,0.22422820319750644,24157161036.56793,USD,Communications,Buy,2.6200668111873595,2.674921139298127,2.6987664530722326,-6.131718395155183,-4.615384615384619,5.711849957374249,2.5756000000000014,2.563934999999999,2.761770999999998,2.6306712499999985,17.305770637131484,nan,4.877097380209562
SZKMF,Suzuki Motor Co.,12.29,USD,2.41666666666666,2046,0.16651474705384464,24077185675.04696,USD,Consumer durables,Strong buy,12.056664346620225,12.088745140410774,12.318675269700327,0,3.756859434360477,-17.90247160988645,12.43142,11.772495000000003,11.619918000000002,13.767312000000004,8.571551579321254,0.39605234912099996,-0.25628895570742316
RIVN,"Rivian Automotive, Inc.",16.595,USD,-3.4051222351571644,12487423,0.4654383652280007,24019083617.069847,USD,Consumer durables,Buy,16.802424667319848,16.52891254969693,16.285554474536433,-5.279680365296808,10.855043420173669,-16.1021233569262,17.246,17.264000000000003,16.147599999999997,15.98445000000002,nan,-0.663857,21.582637191436785
MDB,"MongoDB, Inc.",298.535,USD,-2.110043610846969,401307,0.292342117794845,24011746480.881596,USD,Technology services,Strong buy,320.63727614640493,318.66284377626016,317.1050347255048,-4.041978721352573,-5.529888294674208,-29.34082840236686,309.3689999999995,333.5577500000001,335.0292999999999,333.51812499999994,nan,1.609046,67.75595341560926
FWONK,Liberty Media Corporation - Series C Liberty Formula One,96.4,USD,-0.5775577557755653,285494,0.15979444684996266,23962039328.287956,USD,Technology services,Strong buy,95.2567611911841,93.62916484652179,92.50931650111225,-5.43456935452226,8.278108502751886,-1.6125739946927926,98.53500000000022,97.36874999999985,92.72959999999993,92.10785000000001,30.960945529290857,0.262326,nan
FWONA,Liberty Media Corporation - Series A Liberty Formula One,88.7299,USD,-0.6050184832530473,23056,0.15326220626848805,23955420953.030357,USD,Technology services,Strong buy,87.68149855651232,86.1724605189935,85.06518916619319,-5.4858329782701265,7.9701873935263965,-0.7384494909945183,90.63398000000001,89.60474499999994,85.34289799999993,84.44437449999991,28.497526978417266,0.259994,nan
SYF,Synchrony Financial,71.08,USD,-2.3760472462573876,1129471,0.29538272646381264,23909195804.599915,USD,Finance,Strong buy,73.40358950916576,73.39206685531698,73.3509563339477,-3.685636856368562,-5.25193281791522,-15.087803129853059,72.62599999999998,74.39399999999999,73.01979999999998,74.23070000000006,7.286669126993891,2.408272,18.531659720281425
BG,Bunge Limited,123.15,USD,-0.5892799483370922,218996,0.2390237784979668,23893329985.24863,USD,Process industries,Strong buy,118.10542944869847,118.42336268160898,117.39469445445124,3.0543933054393353,10.43852569276298,38.060538116591935,121.64399999999993,114.29650000000008,119.23419999999992,111.00819999999993,28.661530942351106,1.967199,-45.54452935883299
CCHBF,COCA COLA HBC LTD,65.48,USD,-4.825581395348828,146,0.29281989570798234,23865140350.578674,USD,Consumer non-durables,Buy,64.01843029806851,61.54985242000223,58.26770600034893,0,3.6732108929702463,15.423937951701053,66.61800000000001,61.307554999999994,52.22045199999998,33.726201965000016,21.914654882606527,1.64228228,25.289173918516088
LH,Labcorp Holdings Inc.,290.33,USD,3.1514247139913327,514340,0.7962650441441452,23807059276.908512,USD,Health services,Strong buy,277.01473229235177,273.14541776169364,270.4629500933954,3.22110427702919,12.670754424091887,15.526640404281558,283.206,279.55,267.707,267.359825,25.725703551428367,4.779245,30.187917450136716
FCNCP,"First Citizens BancShares, Inc. - Depositary Shares Each Representing a 1/40th Interest in a Share of 5.375% Non-Cumulative Perpetual Preferred Stock, Series A",20.184593,USD,-0.81281081081082,5787,0.4820531616256695,23794746330.0,USD,Finance,,20.303728617782355,20.431079530249182,20.615681460945154,-1.2012090063631922,-1.5865772793759239,-0.6663730314960665,20.34891860000004,20.19553965000003,20.28807785999999,21.137794464999967,0.11608540170039641,45.624937,-0.41648458829477975
FCNCO,"First Citizens BancShares, Inc. - 5.625% Non-Cumulative Perpetual Preferred Stock, Series C",20.5201,USD,-0.4844810863239653,10613,1.2330947622809871,23794746330.0,USD,Finance,,20.680895942518777,20.855746772848196,21.10371817498065,-0.8690821256038644,-0.5086060606060638,-3.3893596986817287,20.64003999999999,20.594200000000008,20.77237200000003,21.724731500000104,0.11801496574304493,45.624937,-0.41648458829477975
FCNCN,"First Citizens BancShares, Inc. - Depositary Shares, each representing a 1/40th interest in a share of 6.625% Non-Cumulative Perpetual Preferred Stock, Series E",24.9838,USD,-0.5025886101154948,4870,0.16531113796521338,23794746330.0,USD,Finance,,25.147953041432753,25.10830814623601,25.057555158303888,-1.0542574257425794,-0.6608349900596417,0.33654618473895626,25.115760000000005,25.295689999999986,25.136278,nan,0.1436865464169807,45.624937,-0.41648458829477975
L,Loews Corporation,115.21,USD,0.4446381865736625,83239,0.11776173617177801,23706631472.522144,USD,Finance,,112.79126334436563,111.4434564993947,109.94554075703702,0.6904387344869708,5.551992670636728,9.723809523809518,114.7079999999999,114.56000000000024,110.05199999999994,106.96919999999993,14.635788510886963,nan,29.317255881193326
AFRM,"Affirm Holdings, Inc.",70.62,USD,-4.457823175268892,1513749,0.4194701330140324,23650538196.64209,USD,Finance,Strong buy,74.34025210698972,71.72629076240037,69.0261290184608,-6.919731119019374,0.9433962264151099,-5.839999999999994,74.129,80.22824999999995,73.27950000000003,66.20197499999999,64.17666303162487,0.348218,nan
VRSN,"VeriSign, Inc.",259.65,USD,-1.119616131612018,183015,0.29328824008947285,23628149670.72832,USD,Technology services,Buy,269.20570432008094,269.575369519937,267.36180696357286,-6.4863502124901125,3.859999999999991,6.816685864735874,268.7320000000001,264.2495,277.7073999999999,256.3688249999998,28.711864031935242,2.419738,10.549735339779707
CPAY,"Corpay, Inc.",359.28,USD,0.07799442896935173,94332,0.21795980271509355,23483229032.364563,USD,Commercial services,Strong buy,351.9295729483526,346.00204223890347,338.8045459835088,-1.4537275769378495,3.4971481246759195,19.10492292391845,363.90000000000066,352.8645000000002,350.5002000000004,317.8875999999995,21.476863115484168,6.575705,17.324402987691553
TW,Tradeweb Markets Inc.,99.375,USD,0.5311077389984883,232452,0.18982125842612949,23455085111.1912,USD,Finance,Buy,100.74063390640845,102.99495921534346,105.76978985722091,-1.0406293567018539,0.00503169970815684,-7.3858341099720395,99.18699999999976,98.74375000000016,101.15849999999993,109.25475,24.526136531911742,0.941802,66.45304412127186
CLPHF,CLP Holdings Ltd.,9.2775,USD,2.7693159789531987,316,0.03160663739385271,23439143952.072193,USD,Utilities,Buy,9.38163449480901,9.304798885158034,9.137147438720975,0,-0.24193548387097688,4.949095022624435,9.44736,9.435590000000003,8.742186,8.098625000000004,17.43035304375504,nan,-11.001029259659415
PHM,"PulteGroup, Inc.",123.02,USD,-2.942800788954638,810807,0.4308325969974713,23433631840.26162,USD,Consumer durables,Buy,125.54783470102699,124.8436928106888,124.34990065214157,-2.5892786443899043,-2.1865309692295463,3.8581680033769463,124.65800000000004,128.6775,122.99540000000003,124.04974999999995,12.566396992726975,2.673622,-26.81384239288892
OKTA,"Okta, Inc.",134.66,USD,-1.4851122979003593,912402,0.31699405797261065,23404899422.30507,USD,Technology services,Strong buy,129.13798883022747,119.78277899424631,110.25998390974084,-9.841992501339057,16.619035247250366,54.515203671830164,142.164,141.40299999999988,120.78579999999997,92.573625,97.80650784427658,0.965179,113.75562800807329
AER,AerCap Holdings N.V.,148.425,USD,-1.4507668813491814,276805,0.40079607551278673,23404409445.899845,USD,Finance,Strong buy,146.26957796184894,144.9370813110307,143.27030276179067,-0.38590604026844877,2.094510936855149,2.2844738474260886,149.22300000000004,148.66525000000001,143.54990000000006,140.07167499999989,6.501057776960173,4.137797,103.25932124924326
SGSOF,SGS SA,117.63,USD,0.710616438356163,250,0.39676241866370415,23388291367.874763,USD,Commercial services,Buy,114.74859846650551,114.15700709856318,113.69786940743089,0.710616438356163,5.441018286124052,4.6157950907150465,116.148,112.12843000000002,111.68129399999997,104.87771400000001,26.94332085932935,2.1625757471,28.31444971197185
QBEIF,QBE Insurance Group Ltd.,15.632,USD,-10.592541752459402,619,1.882603406326034,23354592195.826954,USD,Finance,Buy,16.2724121782494,15.847306048592305,15.236266494440505,-10.51064804213419,-3.7438423645320125,15.19528371407516,16.5652,15.903894899999994,14.167931959999999,10.096249964999997,10.8000649717317,0.689,35.15498019983362
OMVJF,OMV AG,71.36,USD,2.883506343713956,150,0.5091649694501018,23335534472.257256,USD,Energy minerals,Buy,69.06300799089489,67.72537760024944,65.18673566602362,0,11.066147859922179,28.576576576576578,67.06400000000004,68.7597,59.79201799999998,49.210749654999994,8.554419466354366,2.87212443778,147.01310667176105
INCY,Incyte Corporation,116.7,USD,0.7859055186112761,207887,0.14908817449585107,23314577121.18577,USD,Health technology,Buy,111.76011986765565,108.36161250510567,105.03757056959066,-0.7821799013773181,11.557212503584747,18.778625954198475,116.55600000000001,115.4879999999999,106.04559999999992,100.14285000000004,16.502396877695606,2.176092,2088.02599009901
ALPMF,"Astellas Pharma, Inc.",12.85,USD,0,733,0.3120343961517177,23139742596.437645,USD,Health technology,Buy,13.870906299667814,14.259894797885462,14.439794230712154,-6.067251461988304,-6.545454545454548,-2.4667931688804634,13.345000000000002,13.508124999999998,13.956487,12.73171575,12.577256010374175,0.317084591395,445.72180091815505
MKSI,MKS Inc.,342.035,USD,-0.8134207168541787,268882,0.27168456210034614,23102458327.40096,USD,Producer manufacturing,Strong buy,345.8523387205915,332.869709102461,308.9423565752799,3.371312862669255,-12.003138748102595,107.8734654187432,336.2569999999999,365.91275,347.7166999999999,239.70557499999998,71.49262154592199,2.957774,42.58210645526615
EXPD,"Expeditors International of Washington, Inc.",176.6,USD,-0.4790081713158605,234657,0.1668223344306619,23097714519.870388,USD,Transportation,Buy,169.64924328580068,165.25235395080784,160.4007844102065,-2.9296982355851218,7.68292682926829,18.41223011935095,178.5599999999999,171.31749999999985,164.6361999999999,149.89614999999984,28.530808749878833,1.690679,2.7676777739037974
INSM,Insmed Incorporated,106.5,USD,-0.13128282070517683,508691,0.24054253207199874,23084136502.241184,USD,Health technology,Strong buy,108.554579845536,112.54309974674139,119.91008382359173,-1.6075388026607493,7.749898826386075,-39.416349052847146,107.42000000000012,109.31049999999989,105.95229999999994,149.37137500000006,nan,-0.695418,3.4235749117201912
PFG,Principal Financial Group Inc,106.3,USD,-1.8013856812933053,360116,0.26292393322861135,22962117071.238796,USD,Finance,Buy,108.53732755161775,106.2476740448887,102.85501817223303,-6.762564687308137,-4.294588997929231,20.371418865360656,110.02599999999998,110.60450000000003,107.49330000000002,94.01882499999999,15.197003488305599,2.337509,49.93890806199224
ASTS,"AST SpaceMobile, Inc.",59.155,USD,-4.51170298627926,6553455,0.35730306416837443,22959508476.66408,USD,Communications,Buy,72.86697283278893,77.16491581639421,79.58151794207375,1.798313543279989,-17.685938913240093,-20.42641915523272,59.933000000000035,70.91574999999999,84.5129,83.23577500000003,nan,-0.315,11.190452411864586
FQVLF,First Quantum Minerals Ltd.,27.43,USD,-1.3078597513807255,8227,0.07582900821334984,22882274199.780354,USD,Non-energy minerals,Strong buy,27.50593980457624,27.405980128814655,26.966547266263476,3.7051039697542554,-2.21033868092692,0.1785903415129404,27.226699999999983,26.941374999999983,28.160142,25.855393500000012,nan,-0.060451,-250.44572582446048
CMS,CMS Energy Corporation,74.06,USD,0.10813733441470436,1095909,0.35918687367118907,22878585591.01622,USD,Utilities,Buy,74.82823512849245,74.85230641543713,74.74869984215515,0.21650879566981945,-0.25589225589225284,5.936203690459171,73.41399999999985,75.50999999999993,74.00799999999995,74.06274999999995,20.496499045194142,0.358829,6.908692822060485
CMS/PC,"CMS Energy Corporation Depositary Shares, each representing a 1/1,000th interest in a share of 4.200% Cumulative Redeemable Perpetual Preferred Stock, Series C",16.43,USD,-1.2026458208057684,6667,0.4392657600674678,22853872023.0,USD,Utilities,,16.767709783631428,16.876912827530834,17.029576381363306,-2.202380952380958,-3.2960565038257728,-5.899198167239411,16.67834,16.739835000000006,16.873344000000035,17.534492949999972,4.547089917803669,0.358829,6.908692822060485
FTAIM,FTAI Aviation Ltd. - 9.500% Fixed-Rate Reset Series D Cumulative Perpetual Redeemable Preferred Shares,27.5471,USD,-0.17358217068308934,657,0.21318018105714007,22823685484.0,USD,Electronic technology,,27.270971419662636,27.19119292350894,27.12492255887152,-0.07762482543482548,1.6498154981549775,1.462615101289141,27.528880000000015,27.34277000000003,27.07347799999994,26.98838750000003,5.478521140766079,1.495571,2363.5962763351295
ZS,"Zscaler, Inc.",140.74,USD,-1.0684661886686222,721625,0.3265076475070267,22758998893.276394,USD,Technology services,Strong buy,141.71008033226786,143.9377004852437,152.5439809787571,-4.472951876739295,13.044176706827317,-37.92342978122794,146.29599999999996,143.92300000000006,143.4092,194.76417499999977,nan,1.086357,-91.57811885084614
SW,Smurfit WestRock plc,43.43,USD,-2.426421028982247,1835672,0.4684603260341686,22706520039.25815,USD,Process industries,Strong buy,43.74141055957904,43.17621154330015,42.6530746404183,-2.884615384615383,-3.295479848586054,11.817713697219352,43.68800000000003,44.553499999999985,42.50419999999995,41.04830000000012,60.52118171683389,0.411434,-41.26217565687157
CHD,"Church & Dwight Company, Inc.",95.76,USD,-1.41048079892926,282476,0.19673307593121153,22689718831.358387,USD,Consumer non-durables,Buy,96.91683693571315,96.6691116857079,96.12237466389398,-1.7846153846153794,0.2197802197802281,14.655172413793116,96.89999999999995,97.31249999999999,96.62200000000018,92.72479999999979,31.58623874393905,0.895659,30.076800961084633
MRNA,"Moderna, Inc.",57.1251,USD,-1.6271741002238624,1614965,0.31250891346984405,22666454369.730843,USD,Health technology,Buy,61.230962785391014,58.70094191585251,54.990920856726014,-7.053205336804422,-3.2597798475867807,91.50217901441505,59.233019999999975,68.06275500000001,57.684402,44.01270050000001,nan,-2.034858,6.610262759664318
AKRBF,Aker BP Asa,35.86,USD,3.0311736819422492,1632,0.18879492844996126,22664316694.38415,USD,Energy minerals,Buy,33.79944697765695,33.91301005680424,33.467812655779916,7.849624060150375,11.193798449612402,41.11721071168565,34.51559999999999,32.280424999999994,34.556095999999954,30.613302500000014,16.377378789664313,0.719449,70.11691818599067
NXGPF,Next Group Plc,198.515,USD,0.46305668016193935,100,2.6178010471204187,22660895899.18264,USD,Consumer non-durables,Buy,186.23810317832434,177.94253856521408,164.50502194587793,0,7.406425502905432,9.652562969509498,188.69119999999998,178.91662,128.63377769999997,84.41037896000002,19.468104494770152,4.8531763,35.93200034787722
ZTCOF,Zte Corp.,2.986,USD,-0.4666666666666597,2000,1.6059097478721696,22632506085.879063,USD,Electronic technology,Strong buy,3.2553547452553873,3.3718564192665705,3.4808693600846894,0,-21.421052631578938,-13.44927536231884,3.233199999999999,3.462745000000001,3.7717,2.909253500000001,23.2052513810272,0.0434181,-45.430396749094825
DLTR,"Dollar Tree, Inc.",117.77,USD,-3.585755218993049,1005951,0.3892243823422041,22632401872.614326,USD,Retail trade,Buy,118.35866443254326,115.74975721013789,113.97391245024704,-7.253110726098604,3.4931235994551555,-4.017929910350453,123.59599999999998,123.44000000000001,112.15899999999999,112.33912500000005,18.40386298287286,1.092086,nan
NNGPF,NN Group NV,89.81,USD,3.2625255109373716,425,0.037972873965797606,22619473852.106937,USD,Finance,Buy,87.53219520295306,86.31341165421301,84.16542127688139,0,2.6898779407140685,16.750081247968808,87.866,87.05592499999999,82.69176800000008,62.2047715,18.335394799811407,4.2142014,-15.193361973678785
HPQ,HP Inc.,24.73,USD,-1.4741035856573743,2772046,0.21309950750077045,22616146839.983265,USD,Technology services,Buy,23.953067165772406,23.467744277186593,23.006306843866223,0.20259319286872252,5.346112886048984,9.716060337178355,24.740000000000002,23.650499999999976,23.89100000000004,22.45990000000003,9.126808385001477,0.657835,4.43228243274494
HXGBF,Hexagon AB,8.4004,USD,3.3259532595325783,899,0.39701466172054406,22549847843.864986,USD,Electronic technology,Buy,8.788645136101655,9.163220376103027,9.62412535344542,1.1365278112208075,-0.11414982164091224,-30.344941956882263,8.387999999999991,8.615749999999993,9.881035999999964,10.57038599999995,9.867250454318262,0.07791818556,108.26227368941825
UTHR,United Therapeutics Corporation,530.22,USD,0.5976435767545064,67212,0.1910571104758207,22506108347.313225,USD,Health technology,Strong buy,543.0453641975332,543.8164772837063,536.6758936721025,-0.9952385398188643,-2.187868949232588,8.19270716428266,531.6260000000002,541.0945000000003,550.2213999999998,512.0777,19.56921305352358,7.056327,8.12927016154779
DOW,Dow Inc.,31.08,USD,-0.5440000000000054,5880438,0.6882588600641747,22400644423.63776,USD,Process industries,Buy,31.11071412314942,32.03096569100478,32.34306349321544,4.4705882352941115,1.8015067147068364,31.97452229299362,30.618000000000002,29.183000000000003,32.51739999999993,30.277149999999974,nan,0.941234,-1097.6005998500375
OMC,Omnicom Group Inc.,78.59,USD,-0.9952128999747947,609916,0.2463412279741621,22398636095.683804,USD,Commercial services,Buy,77.94776548289624,77.2467173475288,76.90358175500953,-3.641490926924962,6.823433464727485,-2.674922600619191,80.25600000000011,78.98949999999994,76.1524000000001,76.71512500000016,196.6224668501376,2.581569,-94.53125
NI,NiSource Inc,46.67,USD,0.21473051320592962,1156042,0.24833248432200372,22375429160.63539,USD,Utilities,Strong buy,47.0021169652995,46.98440873860124,46.650105027047715,1.0173160173160147,-1.1438254607074754,11.75766283524905,45.99199999999997,46.89300000000002,46.879199999999955,45.156900000000114,23.222371498233567,0.158099,8.281249999999996
LUNMF,Lundin Mining Corp.,26.13,USD,-1.7669172932330919,19292,0.11531835685089789,22357098941.93511,USD,Non-energy minerals,Buy,25.3889634605073,25.636567793501865,25.350049693595288,12.677878395860272,1.1614401858304326,19.043280182232348,25.238400000000006,24.341180000000012,26.579137999999997,23.643652979999985,15.579830230865035,0.340394,nan
RL,Ralph Lauren Corporation,374.91,USD,-3.1590639045306506,139067,0.26684153315827497,22320294238.553547,USD,Consumer non-durables,Strong buy,385.484592257832,381.5914079946215,374.64560868027024,-2.237346475788152,-7.546053118295471,5.608450704225359,380.38199999999995,388.9280000000004,379.1545999999998,358.8270500000003,24.811388182973317,4.280488,30.138661613986734
EXE,Expand Energy Corporation,93.21,USD,0.04293227433722447,1823494,0.4714008183503771,22298520792.864544,USD,Energy minerals,Strong buy,90.84303289744096,92.58508537937895,95.30392118891162,5.622790318194167,5.037187288708586,-15.248226950354617,90.00799999999997,89.07299999999984,91.0933999999997,102.99902499999982,6.945965884956741,1.120336,nan
AMADF,Amadeus IT Group SA,55.245,USD,-0.49531700288185465,4132,0.5120261713280214,22287298306.723213,USD,Technology services,Strong buy,57.979616327964166,58.779821555702696,60.247457781581375,-2.1346324180690974,-8.440783585799998,-26.47332836456559,56.27720000000014,57.11094999999997,59.234488,65.43055049999998,15.70203966871895,0.9933078270600001,12.882495029332647
IVBXF,Innovent Biologics Inc.,12.8,USD,17.863720073664837,492,0.16290851296314693,22283787500.019516,USD,Health technology,Strong buy,11.341529240929288,11.081393132010202,10.94683136246209,7.653490328006729,30.319690490735105,24.211547792333832,12.2848,11.129079999999995,10.647613999999997,11.285285999999992,193.21681574400657,0.16042620000000002,nan
ICHGF,InterContinental Hotels Group Plc,150.8,USD,-9.56521739130434,135,0.1752109020116807,22280295456.581165,USD,Consumer services,Buy,159.1937673652977,155.24878581469173,149.6612183159633,0,-11.294117647058817,7.695054454561689,165.07000000000002,154.7214050000001,142.47104800000008,106.80705758999997,30.995642522404015,2.651333,26.276993355481725
VLTO,Veralto Corp,90.545,USD,-0.6637410861217816,351298,0.2377559393301322,22237785226.16676,USD,Producer manufacturing,Strong buy,90.06919367778761,89.56997326627462,90.15443898153791,-3.849421259424445,7.8687157493447755,-8.74319693610159,91.76700000000005,91.42974999999993,87.36249999999991,94.04922500000002,23.364642737336464,1.0066,10.824182109357135
FTAI,FTAI Aviation Ltd.,216.67,USD,-2.6158479032765616,390635,0.29345940890730976,22226652585.816353,USD,Electronic technology,Strong buy,233.65824369316965,238.56671937929187,238.8532894538243,3.17619047619047,-16.172089604209397,9.412715245164867,211.31599999999997,230.163,242.85359999999986,228.3975,43.09096694642218,1.495571,2363.5962763351295
BRO,"Brown & Brown, Inc.",65.5,USD,0.1682214405872449,534100,0.19839835581588008,22201083670.653004,USD,Finance,Buy,65.13402291403854,64.61426069020288,65.84898319809814,-5.22355664882072,10.688635403464305,-17.888930675692613,67.16400000000002,67.098,61.62699999999998,71.6333,21.093649362359912,1.082043,-13.436663693131138
DRI,"Darden Restaurants, Inc.",193.5151,USD,-0.21908837784882337,297713,0.2266495495489323,22164252966.331024,USD,Consumer services,Buy,201.79894472563475,202.20653301862222,201.76347559518538,-2.6290127805172685,-7.744517543859651,4.86349842852498,194.83901999999983,201.16725499999941,202.01530199999988,196.1804255000002,18.635712290906287,2.053761,17.017128690556678
FFIV,"F5, Inc.",392.69,USD,-1.976985097725972,107017,0.23921063196115303,22155273165.692993,USD,Technology services,Buy,396.25085091390577,382.0740577626788,361.87783922955714,-4.450338215971585,1.4178719008264487,53.49646249462533,404.6110000000002,412.77575000000024,397.5261000000001,309.18165,32.23526514529634,3.999504,15.690706376189487
STZ,"Constellation Brands, Inc.",129.64,USD,-1.8473652331920245,429838,0.24108664038168415,22139381293.13416,USD,Consumer non-durables,Buy,137.54451072329056,140.71300875375252,143.61655131860965,-2.7018913239267657,-10.34888143563501,-6.329479768786141,131.92199999999974,134.79750000000035,139.64120000000005,145.63080000000022,12.367632748850431,3.609057,nan
STRL,"Sterling Infrastructure, Inc.",717.205,USD,-0.29679984430171974,180682,0.3040252101886692,22008119843.59966,USD,Industrial services,Strong buy,723.0362475200714,704.8483443441312,653.4984410240269,10.32056113580779,-17.252578627962244,131.78263258249038,683.9450000000004,716.4172499999997,792.6315000000001,496.84834999999975,64.12031863249086,5.01375,30.73659357613726
LUV,Southwest Airlines Company,44.985,USD,-5.61267310113302,5300948,1.0431093724778608,21987485371.156002,USD,Transportation,Buy,46.62799521814443,45.634359979639314,44.38705431320027,-7.247422680412373,-6.065984547922325,8.371476752589741,47.55099999999999,49.31024999999996,45.46850000000002,41.378775,27.333211811884798,0.780474,147.48872180451124
FSLR,"First Solar, Inc.",204.55,USD,-2.0635832615148915,484254,0.29780059854812263,21979585161.52949,USD,Electronic technology,Buy,228.03921851420756,230.81880369225354,230.4515976064408,-4.922376127172992,-19.46850393700787,-23.061009553900547,207.35200000000003,223.43249999999998,248.25320000000008,234.962175,13.215019446203145,2.985543,31.587180141120463
HKHHF,Heineken Holding N.V.,79.15,USD,-0.07574801161468005,400,0.07007831251423466,21970997467.904034,USD,Consumer non-durables,Buy,75.04902647189104,74.14674128359454,73.59282747952102,-0.6277463904582549,6.056545625083761,9.991662034463607,77.10720000000003,72.75257500000012,73.64004200000002,72.62336149999993,19.120387320248597,nan,117.6058656331241
FOX,Fox Corporation,49.61,USD,-2.0146158404108294,294077,0.26246231215876564,21968825214.50701,USD,Consumer services,Buy,51.281401889086204,52.45758496978391,53.64999234656836,-3.5762876579203176,9.009009009009011,-23.618167821401084,50.97800000000008,49.10750000000003,53.27469999999997,56.67085000000001,13.093509989706774,1.436901,-5.790939380376943
FOXA,Fox Corporation,55.2,USD,-2.214348981399468,1048709,0.25220158041760876,21924044020.846767,USD,Consumer services,Buy,57.05137659142618,58.349401610862905,59.64482557778095,-4.166666666666664,10.59907834101384,-24.517981676466558,56.86400000000001,54.60249999999987,59.27159999999998,63.04534999999996,14.56887223204624,1.437777,-5.790939380376943
DSMFF,DSM Firmenich AG,91.31,USD,-7.767676767676765,200,0.37037037037037035,21867006657.434532,USD,Consumer non-durables,Buy,88.34821664379778,85.72012179157988,86.1371475123041,0,3.537816078920518,17.417861505818816,94.54799999999996,81.69684499999997,86.605064,nan,nan,1.9814741000000002,-626.6975954186283
BURL,"Burlington Stores, Inc.",344.78,USD,-2.599016893609821,146974,0.2521046745387555,21701214918.54432,USD,Retail trade,Strong buy,331.8286159542155,327.65400074485376,321.79469445750095,0.32298425815461246,4.159995166309169,20.03202896532515,350.1819999999999,330.67750000000035,323.53340000000003,303.0406000000001,35.408536334880665,2.158218,19.51444036674727
PGPHF,Partners Group Holding Zug Namen-Akt,835.5,USD,0.03591954022987961,2,0.025839793281653745,21642822110.067688,USD,Finance,Buy,886.549840838468,933.3435476913369,992.7444546603715,0.10841183845773653,-4.16476640290853,-32.730822648497416,847.6899999999998,842.9437000000004,980.8596200000004,1183.8192425000007,13.671465940723943,26.882183,28.84155422349061
STLA,Stellantis N.V.,5.725,USD,-1.2931034482758652,9784395,0.602168183215001,21548433122.704937,USD,Consumer durables,Buy,6.126868150272131,6.501606703100159,7.009461436316435,-2.1367521367521367,-7.06168831168832,-49.33628318584071,5.769000000000003,5.699750000000002,6.608100000000025,8.592024999999996,nan,0.27109763456,-239.01536807298166
CJPRF,Central Japan Railway Co.,22.5,USD,0.44642857142857784,4,0.0016646552082899828,21491375427.24776,USD,Transportation,Buy,24.856146579901047,24.875063901537192,24.557124374035563,0,-6.444906444906447,-19.27700901586117,24.751499999999936,24.588125000000034,23.755475999999966,24.66078200000001,6.264583147003517,0.8896524711360001,15.65159234653401
SOFI,"SoFi Technologies, Inc.",16.6363,USD,-2.5407147041593543,39254517,0.4885158765046138,21340067225.768467,USD,Finance,Buy,17.404794726389664,17.527637867021486,18.105052791465862,-4.4988518943743,-0.5897818942336475,-37.59827456864217,17.127259999999985,17.84881499999999,17.103925999999998,21.641856500000006,37.732592424586066,0.107906,4.7766159695817505
GPN,Global Payments Inc.,77.91,USD,-1.3422818791946338,462829,0.15747709197232565,21311773444.711407,USD,Finance,Buy,74.53694391940817,73.3609388915505,73.04408990171262,-3.69592088998765,20.380098887515448,0.3994845360824772,79.42799999999995,76.11700000000005,71.66739999999986,74.50007500000018,20.75552121906386,3.444118,-39.404652364117716
BESVF,BE Semiconductor Industries N.V.,263.25,USD,-4.5503988397389445,1,0.0031938677738741613,21250745906.762398,USD,Producer manufacturing,Strong buy,298.45228816143316,294.2483096447829,277.2903409009491,-4.5503988397389445,-24.893009985734665,30.970149253731343,280.0034000000001,321.5501499999999,276.13664200000005,154.470277815,120.35766061241634,1.2756833041200002,-7.934851738567971
MTSI,"MACOM Technology Solutions Holdings, Inc.",277.92,USD,-1.6630104026608126,268035,0.22954736686599567,21204121801.275497,USD,Electronic technology,Strong buy,314.1332687156499,314.9969227835004,300.95656172389414,2.2968197879858687,-25.177686840404906,59.01132852729146,276.14599999999984,314.7009999999999,351.16520000000014,243.70024999999998,120.49947970863684,1.348157,nan
