Symbol,Description,Price,Price - Currency,Price Change % 1 day,Volume 1 day,Relative Volume 1 day,Market capitalization,Market capitalization - Currency,Sector,Analyst Rating,Exponential Moving Average (8) 1 week,Exponential Moving Average (13) 1 week,Exponential Moving Average (21) 1 week,Performance % 1 week,Performance % 1 month,Performance % YTD,SMA 5,SMA 20,SMA 50,SMA 200,PE Ratio TTM,EPS Forecast Next FY,EPS Growth YoY TTM
NVDA,NVIDIA Corporation,233.72,USD,1.2388460538854653,108639731,1.0569263981416848,5632652014891.221,USD,Electronic technology,Strong buy,223.08634384697314,219.11210054407275,213.8728199546747,3.8155732243592606,6.826336357611355,23.11744409618879,229.8059999999998,223.7745,218.27359999999982,200.71345000000005,29.545167243951155,9.274498,125.14871211043119
AAPL,Apple Inc.,333.315,USD,0.9066965366916943,20701222,0.6108324558274382,4864459110399.239,USD,Electronic technology,Buy,327.9737177439468,322.0148964044235,313.31027950910743,-0.810915367218195,1.9732917259418992,22.427503627114287,332.8910000000003,331.8762499999999,322.40869999999995,289.1569749999998,38.20973714076095,8.835574,32.60922440789274
GOOG,Alphabet Inc.,339.89,USD,1.4809064580658584,12053204,0.6886268074605176,4179370090170.344,USD,Technology services,Strong buy,341.62276511261405,343.11249285085694,342.28729687215764,0.2847237589437117,2.7572028902258383,7.021631663465477,338.408,339.2445000000001,341.76539999999994,337.38635,17.0753517907291,20.608042,112.01789423230548
MSFT,Microsoft Corporation,514.735,USD,0.3773400936037557,10467568,0.4729042724273061,3822188025710.616,USD,Technology services,Strong buy,494.98260001433897,479.2728605208869,463.35808212718973,3.1460719188032877,2.977893368010401,6.265677095698674,511.72299999999984,501.53225000000003,487.6683000000001,432.8169750000002,28.683395187624686,19.734709,31.54908515130189
AMZN,"Amazon.com, Inc.",250.7547,USD,1.01708093300569,21574406,0.6027701873363508,2704718998246.091,USD,Retail trade,Strong buy,254.6012779058903,254.27121516750884,251.8188330709911,0.8829658834889007,-1.3766887573498974,8.392279761390167,248.19094,251.60373500000006,256.5284939999999,241.35907349999997,20.169127937840837,12.773145,89.7295812477109
META,"Meta Platforms, Inc.",727.3149,USD,0.19077597013486372,8296833,0.32021972864866893,1852839150382.337,USD,Technology services,Strong buy,665.0683693843312,644.8894586203911,633.287099929676,-5.393154667065538,25.67360937135552,9.75593194764042,726.5799999999997,695.8825000000005,625.0254000000001,628.3789500000006,27.39653152627158,31.184954,-3.857269092594742
AVGO,Broadcom Inc.,355.37,USD,3.4134559422651667,17406958,0.8333992046019182,1696404923768.2944,USD,Electronic technology,Strong buy,364.3734488681993,370.0652369639931,372.7264900762685,0.7798763541489422,-3.8709153862800263,0.7355963432783013,350.9740000000001,354.11474999999973,373.22699999999946,367.4982500000001,45.367155185620184,11.675162,100.12263042256397
TSLA,"Tesla, Inc.",372.215,USD,5.112818050888131,42363609,1.2019384355629217,1470080801883.3438,USD,Consumer durables,Buy,363.59048273790046,364.79489691267133,370.28784985691567,-3.225261296864445,3.2754363086484695,-18.694844910441248,358.2849999999995,364.9472500000001,347.6161999999998,393.1902250000002,345.8283006596673,1.66951,-37.67083622886263
MU,"Micron Technology, Inc.",1074.675,USD,-2.069911335076877,22236050,0.8500922368647397,1213730509841.1472,USD,Electronic technology,Strong buy,1010.6899857430959,972.7283091361404,903.3637084896473,-1.930500168821804,15.454032712915952,264.1423125794155,1071.2469999999998,1024.9907500000002,956.0414,681.6132000000002,14.481168114547666,171.833165,878.7776473536356
LLY,Eli Lilly and Company,1144.445,USD,-0.4700613123450862,1129726,0.5211063510825381,1077331352695.1667,USD,Health technology,Strong buy,1160.8916473074364,1155.3754844275159,1134.6656642403975,-3.4484358654203087,-1.6926512906412536,6.321534745447774,1164.1569999999992,1151.2957499999998,1176.8213000000003,1073.8240749999995,38.8882092894448,36.593478,95.1428306190653
AMD,"Advanced Micro Devices, Inc.",633.505,USD,2.8868172738050735,15426552,0.7042628432190103,1034181026603.592,USD,Electronic technology,Strong buy,556.491620693614,530.3039089277017,492.9161868353665,-0.16232359129125623,37.86533481317055,189.40383736866147,615.287,566.4689999999998,513.5258000000002,374.7214500000001,162.58308738611575,7.629764,124.2848097622748
BRK.A,Berkshire Hathaway Inc.,754607.295,USD,0.38075344698003205,111,0.5643111337061515,967608462656.0017,USD,Finance,Buy,757555.2688080235,754560.1475420728,750038.6650345832,-0.38200675642671866,-0.10295478464623445,0.6143060000000056,752120.0329999999,760405.50525,760996.386500001,739160.1743250004,12.649033203139734,33247.724138,36.30277029708534
JPM,JP Morgan Chase & Co.,331.995,USD,-0.35566360525841956,3454301,0.4236391016312523,882504534395.2777,USD,Finance,Buy,346.06579556276444,344.22911930671205,338.47270638547633,-2.5736211171921948,-7.147252132568874,2.9441860465116294,333.51499999999976,345.2967500000001,352.2290999999998,321.7661750000006,14.2224649787945,24.837669,19.772185022704537
WMT,Walmart Inc.,104.1309,USD,-0.12382505275274142,11908922,0.5453260298516786,826148138041.3102,USD,Retail trade,Strong buy,107.32415012883908,109.1990025328827,111.5692745905022,-2.7541090773253654,-1.735491176748138,-6.546196993493382,105.56817999999994,107.07954500000014,108.84921800000016,118.32045449999998,37.72722002825984,2.888775,4.131140119218296
XOM,ExxonMobil Holdings Corporation,164.24,USD,0.25637895250886095,6137726,0.5181588728297023,675340475037.1493,USD,Energy minerals,Buy,160.7341568252341,158.25303566736073,155.0208595526211,2.50265243712165,0.189105105837859,36.76409359646932,162.93599999999986,162.78799999999998,160.5438000000003,149.09699999999984,21.135533021053174,12.24825,10.170981370686484
V,Visa Inc.,361.04,USD,0.33069334444907533,2346808,0.41438490590291654,674078789745.2968,USD,Finance,Strong buy,366.01846191041693,362.0521943263361,355.26102762582417,-1.3605813889951264,-3.4678217159968905,3.1926143996341545,362.76800000000014,367.5760000000002,368.6748000000004,337.4693999999999,30.98444084000584,13.225656,15.026505167767343
INTC,Intel Corporation,119.65,USD,-0.2916666666666619,75271642,0.7021390778256896,632482519335.9375,USD,Electronic technology,Buy,108.74523716696837,105.70915098557779,100.6119651969941,-5.661121185839307,34.66516601012945,216.78580884299706,118.36800000000001,111.65100000000011,100.88110000000007,81.18047500000004,nan,1.53562,55.48626858150668
JNJ,Johnson & Johnson,255.18,USD,-1.3453954998840245,4688289,0.7964750202232385,614957891987.7654,USD,Health technology,Strong buy,264.22096815106056,261.362336295034,255.60627062710137,-6.080235553919758,-7.11945839702992,23.38265158108501,263.6200000000004,267.6099999999998,265.98400000000004,241.70297500000007,29.576485314912258,11.436891,-7.724064171122985
MA,Mastercard Incorporated,554.11,USD,0.7472727272727298,1488266,0.5104516006708658,485405865818.3051,USD,Finance,Strong buy,564.2034156263722,558.2568040350565,549.5940989794584,-2.287155251463643,-5.118150684931504,-2.9086576369785044,557.4840000000005,565.1590000000002,570.7389999999991,532.1766999999999,30.48429600206856,19.955491,22.61557038106353
ABBV,AbbVie Inc.,263.09,USD,1.2157119224406447,3078066,0.8752526676293291,464910879874.8973,USD,Health technology,Strong buy,259.0778943149776,254.58721926008474,247.96569077263464,-0.9039888508041862,0.1484583174723968,15.017049925679794,262.83599999999996,261.0989999999998,257.8480000000001,231.51814999999985,74.38645102917891,14.044102,68.31485271022699
PLTR,Palantir Technologies Inc.,189.21,USD,-0.4367501578614945,12959478,0.645250417359652,454682642186.2794,USD,Technology services,Strong buy,176.06654851484353,168.13988027392887,161.04554299962973,-1.8162005085361423,6.904344878241708,4.362934362934361,188.15000000000003,180.21099999999996,169.7852,152.106825,161.23561994034938,1.598018,289.99667663675643
CSCO,"Cisco Systems, Inc.",111.8,USD,2.795145273997786,9361605,0.4835937188846459,440781198354.9779,USD,Electronic technology,Strong buy,110.85475852724306,110.92415711795215,108.7532714075436,4.495747266099638,1.3461451298554135,45.8673103268315,108.37400000000005,108.74300000000002,112.08829999999993,97.71690000000008,33.58466760791853,5.099466,27.475683541395412
LRCX,Lam Research Corporation,347.29,USD,2.114084092913848,5288493,0.6247664137228642,434607158644.43964,USD,Producer manufacturing,Strong buy,316.5291945544478,314.4721621218373,306.48810949362866,12.326153050003239,19.138936535162955,95.2712960359854,330.8459999999999,305.41350000000006,306.04580000000004,275.0654,60.25051612567444,9.473212,38.61340900346286
ORCL,Oracle Corporation,142.225,USD,3.0093430868400097,22633162,0.7355726889967664,430050887357.41254,USD,Technology services,Strong buy,145.5897258079096,148.2475775167505,153.3247277407555,2.6376560583098803,1.4009696278340251,-27.976401478705625,137.59700000000007,145.97975000000014,143.59050000000013,162.88812500000006,22.29861089335549,8.13733,47.65377225270272
AMAT,"Applied Materials, Inc.",538.4,USD,1.7192518420555494,4115937,0.7013507649952316,427272836825.6429,USD,Producer manufacturing,Strong buy,492.7921458875484,493.58766989615907,482.64645217518813,12.427827140127585,21.397970687711382,101.5875393140632,515.5700000000004,468.8880000000001,487.0702000000001,427.6418249999999,46.42499913772289,12.811045,38.26930872499227
CVX,Chevron Corporation,206.86,USD,-0.1158860453886918,4373733,0.5904229734401032,408708050800.3685,USD,Energy minerals,Strong buy,204.30809406465906,200.63179688319133,196.03291446048488,1.4989818699246862,-1.7245474844410638,35.9445338941281,205.78400000000005,208.61000000000013,202.55139999999952,186.63640000000015,19.832032673096467,16.643467,34.62660368104495
COST,Costco Wholesale Corporation,918.475,USD,0.38636413316719875,1273770,0.5237218529878382,407128732364.1129,USD,Retail trade,Strong buy,923.4712633188901,932.0967372550699,942.0348554980914,3.5484780157835427,-2.132681221962939,6.658034698190774,918.2530000000006,907.6005000000005,933.0853000000003,961.4090250000002,44.23678038020104,22.795063,14.029393350248773
CAT,"Caterpillar, Inc.",845.936,USD,2.370182126217706,1584558,0.7546473047147132,388855505721.04034,USD,Producer manufacturing,Buy,832.6751882910619,840.0139404294695,835.8320692162831,3.625450180072029,8.660903520828255,46.45959936979518,825.9331999999997,811.3198000000002,823.4587199999994,795.0991049999996,36.38778723147997,27.248557,18.21556423399235
BAC,Bank of America Corporation,53.775,USD,0.08375209380234824,24569018,0.6779108417302813,376035049274.4012,USD,Finance,Strong buy,58.659718219718386,58.90912153103421,58.17298023323702,-4.501864677677151,-13.656069364161853,-2.280574232236966,54.47299999999988,58.05224999999998,60.87069999999997,55.302175000000105,12.375724937862469,4.575341,27.24983161039038
KO,Coca-Cola Company (The),85.735,USD,-0.423925667828101,10700164,0.7312272929643147,368879017241.5675,USD,Consumer non-durables,Strong buy,87.24019208183728,86.42293898589085,84.78234229091345,-2.750680580762247,-2.4574776722225344,22.741589119541885,86.38699999999992,87.70024999999997,87.93989999999987,80.01185000000017,25.830797505347835,3.305161,17.602664493498224
DELL,Dell Technologies Inc.,564.3293,USD,4.16976778528445,4288467,0.606680720189102,358807762761.4506,USD,Electronic technology,Strong buy,525.2566211545294,490.2608496544172,439.74428690682913,3.3021472111882018,22.135980954442157,339.50880062305293,545.4078600000001,548.236465,488.99238600000007,293.15579650000024,32.75975107829308,25.893573,153.3204905738066
MRK,"Merck & Company, Inc.",144.0658,USD,0.17787358320005117,4159808,0.4890241285884346,355435048703.4607,USD,Health technology,Strong buy,143.8062868666652,140.07478553577462,134.7516168888592,-2.697690125624751,-4.90706270627063,36.516440822514916,146.23115999999996,146.94679,142.28431600000002,122.85517900000006,115.15130684997202,2.735043,-80.7110590339341
PG,Procter & Gamble Company (The),144.805,USD,0.593956234803764,3389659,0.5077936337185404,336334564434.5039,USD,Consumer non-durables,Buy,145.67271232355304,145.97346816208884,146.4895851325955,-0.7981092005206495,-1.1029913946182084,1.1844036056180511,146.27700000000033,146.08225000000024,145.73209999999995,147.64507499999985,21.874197495430444,6.973862,1.73974518573163
UNH,UnitedHealth Group Incorporated,370.085,USD,1.3376232201533382,1879600,0.4566074604985111,332186400660.1386,USD,Health services,Strong buy,384.4924661446226,387.8554621654497,384.51936703591394,-1.5600478787072773,-7.3095900017532,11.84363619879418,371.0270000000004,378.6897499999999,393.7074999999991,356.3456500000004,23.798148029065654,19.952299,-32.64203819448956
PANW,"Palo Alto Networks, Inc.",402.6,USD,1.6025236593059995,3251703,0.6036053454914848,329326800000.0,USD,Technology services,Strong buy,364.3219699923321,349.07011800560036,324.4808071792376,3.778934886838177,16.35838150289018,117.84535468859912,395.3320000000001,370.93750000000006,361.84799999999996,250.3368499999999,785.5609756097562,4.188692,-67.97075182801076
GE,GE Aerospace,310.195,USD,-0.7026473318608129,2845611,0.7577155964272584,321846714779.7046,USD,Electronic technology,Strong buy,329.46969646150137,333.69494065827126,333.00016064553324,-3.6362224293258727,-6.948944084473247,0.14366424535915842,314.2010000000002,319.3207499999999,341.73750000000024,323.8485749999997,36.56192171237963,7.913405,18.431815961025716
MS,Morgan Stanley,190.79,USD,1.4786447529386741,3757085,0.6876005332233392,299648332603.44763,USD,Finance,Buy,204.67992660583445,206.4670402221497,204.56453230982038,-3.6316799676735014,-9.991979997169414,6.876172870627121,190.65600000000012,202.41650000000013,209.44980000000015,193.88010000000003,15.41562974693772,12.833512,40.22978086972287
PM,Philip Morris International Inc,187.8,USD,-0.20193431820597058,1550561,0.3454188722407231,292707608675.40436,USD,Consumer non-durables,Strong buy,188.5712699697558,187.46739079425913,184.99324568491446,-1.443190763579113,0.23484201537147614,17.184575065518544,190.892,189.92850000000016,189.9894000000001,177.9047000000003,26.99478215872012,8.390724,32.011992637431455
HD,"Home Depot, Inc. (The)",283.4101,USD,0.3363662111449481,3150382,0.5588452966923333,282755311018.70514,USD,Retail trade,Buy,308.27983977312977,316.23797261333004,323.579037154012,-3.170555878232942,-11.847558320373249,-17.476603674693536,285.65802000000065,299.694005000001,322.5940020000008,339.0577504999996,19.832202037731623,15.003314,-2.9250730249303722
NFLX,"Netflix, Inc.",67.1087,USD,-1.0925571112748644,27927597,0.8300480283692636,279436590061.8502,USD,Technology services,Strong buy,73.3741157605621,75.0927485841911,77.8187446192567,-6.312020103308665,-16.686902545003104,-28.7063635397854,68.81373999999998,73.50018499999992,75.5654739999997,84.07066850000002,21.141925524541616,3.597513,35.26804738770987
CRWD,"CrowdStrike Holdings, Inc.",269.01,USD,1.0973730692622858,4208365,0.4820158178189549,275448700645.0535,USD,Technology services,Strong buy,231.20485042128774,217.04016285647307,199.34879882038302,3.652756906715994,25.576510129773126,127.0126582278481,264.368,242.23200000000006,219.7768,153.53641249999998,7535.294117647058,1.253014,nan
KLAC,KLA Corporation,206.72,USD,3.1897369340587964,4479746,0.5684201892677554,269770939887.77713,USD,Electronic technology,Strong buy,192.09149046207366,193.7511254563999,192.08820802303384,10.350717984305762,20.35398230088496,64.10126140143366,197.536,184.43050000000002,187.21540000000016,177.80976999999993,56.36229789786515,5.501925,20.65993354607363
TXN,Texas Instruments Incorporated,294.02,USD,4.518147239699967,2853471,0.579123716330367,268513080738.50327,USD,Electronic technology,Buy,276.83662172496736,276.26075499975974,271.9969002443756,8.65082591182882,16.057472171784944,68.04503757894435,283.08399999999995,269.89050000000015,270.5439999999995,248.80794999999958,44.72943574764578,8.511696,20.161231354197135
GEV,GE Vernova Inc.,992.0,USD,0.4607828244468028,1733634,0.9135127575751412,264202922211.77374,USD,Producer manufacturing,Strong buy,971.3728998169474,977.9527137631493,971.1354699943847,3.1903716725786104,10.402546381311703,50.03251712820821,968.4399999999999,944.8294999999993,965.1076000000004,917.5174,28.39575437672464,30.486132,735.9407527936638
GS,"Goldman Sachs Group, Inc. (The)",902.7,USD,0.6724882063635548,1061570,0.5460199672224456,262840433329.4701,USD,Finance,Buy,976.0864627370247,990.1167508020983,987.9418241395432,-2.673854447439348,-10.600748707588089,2.1153846153846207,906.4500000000002,959.2834999999998,1003.7840000000001,959.7100499999995,13.931802537881477,68.353694,42.76881720430108
ANET,"Arista Networks, Inc.",207.2275,USD,1.3386962687661903,2545654,0.6234628669807883,261360429759.90765,USD,Electronic technology,Strong buy,197.79064587528828,191.1618674217671,182.1188881133545,-0.7792487611021991,10.227393617021272,54.58970533383064,204.61749999999978,199.83887499999992,193.41434999999998,158.9170925,65.33435273346365,4.108253,24.726700747149035
SNDK,Sandisk Corporation,1722.54,USD,-3.6443678713871024,7144839,0.8771962413362795,252212586927.12387,USD,Electronic technology,Strong buy,1674.985554776127,1627.0311728774075,1525.5398168056686,-3.8728975300512345,12.465232890664792,604.9478207489258,1738.5540000000005,1713.5802499999995,1539.7189000000005,1145.8655250000002,23.63117294324397,212.534478,nan
RTX,RTX Corporation,185.12,USD,0.059456245608352866,2098603,0.5885827891301536,249496986635.25653,USD,Electronic technology,Strong buy,196.6259667969305,198.07467684816808,197.1458927465211,-1.5685648960493372,-10.518174787316314,0.8828337874659425,186.07599999999996,192.7035,206.5366000000001,194.91470000000004,32.597288254974465,7.254273,24.774794568704138
WFC,Wells Fargo & Company,80.445,USD,0.24299065420559898,4723946,0.3706942767272569,243265621080.17737,USD,Finance,Strong buy,85.01477297849742,85.15902403915887,84.8266898015022,-2.2480102071814914,-8.324786324786333,-13.778135048231517,80.40699999999994,85.23025,86.17269999999999,84.74817500000006,11.687490919657126,7.304159,18.045551210811553
TMO,Thermo Fisher Scientific Inc,653.218,USD,0.10850408422858959,1083010,0.5300087913111856,241525584932.9447,USD,Health technology,Strong buy,628.9674575896062,606.1896150571495,581.558635404184,-3.5883281921095764,8.574705383707588,12.720966350301977,667.7975999999996,646.1828999999993,617.41716,542.5999900000003,35.13776075566696,25.104019,7.601479432074029
MRVL,"Marvell Technology, Inc.",273.26,USD,1.9322590271560753,11701642,0.7457095852167824,239621688668.94287,USD,Electronic technology,Strong buy,244.30307204426862,234.78783654313838,219.52176471278972,3.680376384883893,33.13520097442143,215.0334332487895,264.1439999999999,246.22575000000012,226.746,166.91790000000012,89.97991372781453,4.207219,nan
LIN,Linde plc,479.26,USD,2.089679412077964,1812569,0.9222931104350657,220929358939.2511,USD,Process industries,Strong buy,478.2304993149584,483.93414630814806,487.7142769421086,2.900697799248522,-1.7889710854730667,12.428450783522573,473.7540000000001,467.3855,480.5480999999999,486.2256750000005,30.94355703051355,17.882659,10.101512738853511
AMGN,Amgen Inc.,403.205,USD,-0.9981093623394794,1319023,0.47702456145426664,217985527357.87436,USD,Health technology,Buy,403.40789663444434,397.41748264885325,387.2959363950979,-1.2357624004898997,-8.497673890843071,22.6404477294157,414.75099999999975,399.215749999999,409.4853999999996,364.5437249999996,25.046900236054167,23.076657,31.702528020944104
APH,Amphenol Corporation,87.465,USD,2.0952492120929165,6360936,0.5399777174819697,215685802632.00565,USD,Electronic technology,Strong buy,82.55115952725065,81.11215370366695,79.01535768811573,4.2428937488826675,9.29026615019368,27.57438739789965,85.27900000000002,81.93724999999995,81.15909999999995,74.14397500000004,43.79161868522505,2.662986,59.36328093832282
C,"Citigroup, Inc.",128.45,USD,1.1417322834645578,5401292,0.5847490872409732,215466752794.98343,USD,Finance,Strong buy,133.3680465636051,133.40437293946525,131.7773154010612,-3.312006021829135,-3.998505231689105,9.589625458578617,129.408,133.61100000000005,133.93060000000003,125.87044999999988,13.86565053595138,11.185983,36.96699982257968
IBM,International Business Machines Corporation,222.28,USD,-1.48036521584966,3939019,0.7571513746085138,209417629770.05087,USD,Technology services,Buy,231.6598532241079,235.79591073278627,241.2276780178268,-1.711253592748178,-3.584983408878955,-25.299099341309315,221.6980000000001,232.18049999999985,231.85859999999985,255.49839999999983,19.730336679714892,12.309159,82.7337312658146
AXP,American Express Company,303.11,USD,0.3376477208778969,1539197,0.44570432221103135,204693155377.3917,USD,Finance,Buy,319.0407165842976,323.40399866366107,326.1058624106668,-1.2671009771986925,-7.038581856100102,-17.96752368064952,304.2060000000005,313.1514999999998,327.46059999999966,332.2362249999999,18.390365246936053,17.62962,15.718377892608398
ADI,"Analog Devices, Inc.",416.68,USD,2.9856648541769606,1662772,0.5979003950495257,201908739004.59406,USD,Electronic technology,Strong buy,387.83139762204615,384.965071705314,379.4643887813557,9.212905931381552,17.165070929464203,51.481441087723134,402.32800000000026,379.989,375.4685000000008,359.5311999999997,49.447002420847774,12.868242,114.37875241681084
SHOP,Shopify Inc.,151.54,USD,1.643302703065255,4100543,0.3695136327924037,194978041851.94955,USD,Commercial services,Strong buy,140.40761669762045,136.9261861388387,133.45098081411538,4.893749567384227,8.514142499104896,-6.566372772674027,148.23999999999998,138.4394999999999,140.74819999999994,129.54954999999995,104.39169826293978,1.8802584696,-19.900471515478106
QCOM,QUALCOMM Incorporated,185.36,USD,1.7958152561919984,5133131,0.4410551419479083,194671349327.51013,USD,Electronic technology,Buy,180.84608530125558,179.3961025327466,178.0552524120429,-4.958211557196322,11.635750421585174,6.652550662263094,184.61400000000003,185.31700000000004,171.4561999999999,169.26135,21.45271052266099,10.538169,-16.66602368735774
STX,Seagate Technology Holdings PLC,850.5,USD,-10.054252990259847,12240150,2.9383568376994242,193397765543.31357,USD,Electronic technology,Strong buy,863.1117269589965,851.6193697433092,811.2059369903548,-7.990393353239,5.539423721241901,201.62783274816468,910.6739999999998,872.5842500000001,854.7460999999998,650.7141999999999,61.30171543895055,36.156888,104.84275800974459
CRM,"Salesforce, Inc.",234.175,USD,-1.0625712957877336,5159585,0.4875569198797811,192726026987.65295,USD,Technology services,Strong buy,229.00931241198853,218.977544910155,210.37949532686483,-1.2044888832637175,-9.717403038013718,-11.63207547169811,230.603,241.10774999999995,220.0513000000001,200.50292500000026,21.342963908129786,16.752914,59.33315907176673
VZ,Verizon Communications Inc.,45.96,USD,-0.043497172683766905,9436968,0.48403676024691045,190953475052.01483,USD,Communications,Buy,47.777699503189076,47.64159008882616,47.31121413352074,-2.678665960825835,-8.981087236360029,12.72994849153789,46.09399999999998,48.265499999999925,48.31859999999993,46.41482500000022,11.96875,5.004134,-10.788960133816568
DE,Deere & Company,684.44,USD,2.5747085094266198,639345,0.5132659843243722,184542409237.5862,USD,Producer manufacturing,Buy,666.211948411807,649.836838073277,629.9961119836107,-1.518007453344646,0.9409196826239727,46.87553648068671,678.6679999999993,684.2904999999997,648.9706000000002,587.8653499999994,38.04240891532113,18.11997,-5.943518537880851
GILD,"Gilead Sciences, Inc.",144.59,USD,-1.972881355932201,2296167,0.46469592852152625,179285104745.6649,USD,Health technology,Strong buy,144.94475126098394,142.33553513564948,139.65300622932196,-3.6387870709763463,-3.6066666666666642,18.042289166462577,148.92599999999996,148.65275,143.19209999999987,136.69672499999987,nan,-0.440237,-152.8405474220242
DIS,Walt Disney Company (The),102.42,USD,1.0756932793841938,3754600,0.461201421226586,176847274433.7294,USD,Consumer services,Strong buy,104.15639453035746,103.6590469287271,103.35652051193196,-2.5916591373817055,-4.020241776778176,-9.714386459802535,103.93000000000002,104.99050000000008,104.30159999999982,103.85444999999976,21.125366115259272,6.920359,-23.99034240561896
TMUS,"T-Mobile US, Inc.",164.28,USD,1.5767019105917341,2222201,0.44600787307306466,176218490862.43295,USD,Communications,Strong buy,173.2863193529177,176.6985754935641,181.16064990283795,-0.7191635946092934,-10.503377642187841,-18.773794808405437,163.7040000000002,170.84699999999987,176.38779999999974,191.24315000000033,17.19201306040437,10.919781,-9.885985345014564
BLK,"BlackRock, Inc.",1068.275,USD,0.36782667518510576,259192,0.5558406566670877,173569249157.90253,USD,Finance,Strong buy,1091.7166579519687,1089.0052714662356,1080.844176657618,-0.7382319600081708,-5.36105032822756,-0.29539684910027286,1066.0230000000001,1071.2337499999999,1109.8186999999996,1060.9059500000008,26.574798252684165,56.204942,-2.840666020529752
SCCO,Southern Copper Corporation,205.3,USD,3.0519024194358058,570710,0.6243098062616944,173343760406.3538,USD,Non-energy minerals,Buy,198.78664710879315,194.93197087737735,189.65153456818973,2.042845071822662,0.39119804400978553,44.29624618005015,202.46800000000016,199.38100000000003,197.01634809680007,181.80999446769982,30.7487231716267,7.672106,55.917519032273155
PEP,"PepsiCo, Inc.",125.87,USD,0.21496815286625018,3563596,0.4362484049389653,171798888436.98682,USD,Consumer non-durables,Buy,133.24464198712036,136.0259956320149,139.19498650471658,-1.4716242661448105,-10.265915733941686,-12.114229856165338,127.07599999999972,131.92249999999987,136.98639999999943,147.2584499999997,16.508190486183064,8.547118,39.01002734731084
ETN,"Eaton Corporation, PLC",437.45,USD,0.03887669227954993,1218391,0.6962432814512824,169905576855.7781,USD,Producer manufacturing,Strong buy,427.18094288454483,422.18633696986785,414.50232963452606,-1.5639063906390613,11.801162864992655,35.34544104452214,433.82400000000064,423.3045,421.95620000000025,389.1226000000001,44.50922336518014,13.562959,-1.1197633707593861
ABT,Abbott Laboratories,97.475,USD,0.8118729961733341,5113458,0.6784905490737984,168669116502.41055,USD,Health technology,Strong buy,102.9787642446745,102.810335095453,102.59442108849733,-3.3082035512350045,-10.835162824734724,-21.832397754611073,98.98500000000016,102.20775000000015,106.83769999999993,104.01407500000005,31.506561510117006,5.516508,-61.310089540293134
SCHW,Charles Schwab Corporation (The),96.801,USD,-1.594998475144864,4713413,0.5551102447978314,167401429127.3529,USD,Finance,Strong buy,103.14781127244548,102.85149993180524,101.40295806217883,-2.732114147909962,-10.782488479262671,-2.9758444422170935,98.06220000000005,103.14905000000002,106.32582000000001,98.33615500000008,17.60274221704975,6.491163,48.05481517378779
T,AT&T Inc.,24.3451,USD,0.18559670781892146,14914225,0.4735616915772315,166822010894.26935,USD,Communications,Strong buy,24.960913965058435,24.764912469335336,24.7298413853604,-4.115399763686498,-6.688003066308935,-1.7946752722872148,24.485020000000002,25.351255,24.96750200000004,25.151775499999953,8.050894540163366,2.340715,72.38057234066811
UNP,Union Pacific Corporation,278.38,USD,2.187798252698032,1457533,0.5526353226338986,165378745977.43042,USD,Transportation,Strong buy,284.47777590593546,284.6661400067564,280.8049881949524,1.955757398183407,-4.546701412700587,20.328506591744112,274.23600000000033,279.17200000000014,290.5601999999999,264.76845,22.543263663381573,13.05502,7.263409337676438
WELL,Welltower Inc.,228.56,USD,0.7138450691812834,1539139,0.6428438044412694,164733463905.77243,USD,Finance,Strong buy,232.5025504105762,231.58599310357448,227.6882548793282,-2.2579541566883345,-5.043622766929783,23.13991703033241,230.31999999999988,232.6425000000002,235.67899999999983,214.08679999999967,nan,2.84054,-145.4237568148026
MCD,McDonald's Corporation,232.26,USD,0.18548074019754923,4189283,0.6236927938230565,164356811324.58423,USD,Consumer services,Buy,250.2396428084839,257.6527432970956,266.4440544949031,-1.9089450122476603,-11.337608795235912,-23.921517245897352,232.52199999999993,244.93950000000018,259.25419999999997,289.8155,18.86329673185628,12.891738,5.462051716901772
NEE,"NextEra Energy, Inc.",76.75,USD,0.5239030779305903,8192212,0.6287538181588015,160098829136.91882,USD,Utilities,Strong buy,80.72584377158724,82.57862829908463,84.25405885296944,1.293387884386966,-7.03730620155039,-4.599129894344316,76.04400000000003,79.36550000000005,83.06300000000012,87.40889999999999,17.220489577957775,4.028041,55.29809401024427
PFE,"Pfizer, Inc.",27.735,USD,-1.3691322901849272,22961944,0.7818518564246277,158080444798.6664,USD,Health technology,Buy,27.61970370328714,27.21866470783013,26.849363218630167,-2.513181019332161,-3.664466828759985,11.028823058446752,28.363000000000078,28.008249999999997,27.327100000000037,26.399125000000023,36.72537076271186,2.974601,-59.82765040693653
BA,Boeing Company (The),194.025,USD,0.9075306844185586,10166944,1.0105833117612815,153351537328.7206,USD,Electronic technology,Strong buy,205.57106413847887,209.73938713118787,213.15798951931612,-1.8886529126213518,-6.268115942028984,-11.058904423561769,188.88499999999976,199.9932499999996,212.33690000000013,220.75522500000068,88.36187266599872,-1.006017,nan
COP,ConocoPhillips,126.71,USD,-0.27546041240359553,3167196,0.5302576298254282,152221474793.53445,USD,Energy minerals,Strong buy,128.3964725363027,126.25863499138157,123.22598729531369,-0.5416012558869795,-6.112922347362191,35.359470142078834,126.08000000000001,131.18000000000023,128.00119999999998,116.53187499999996,16.78745081413373,10.455436,1.262443317502483
DHR,Danaher Corporation,215.52,USD,1.775595013222525,2268675,0.5048710119017773,151507556890.2161,USD,Health technology,Strong buy,211.34066580396626,207.3244743749499,203.6763984805601,-3.514348390562741,3.7300861529575973,-5.808312573751143,220.4540000000001,213.6354999999997,208.82219999999987,201.61005000000026,38.26636600912626,8.505152,19.62321056879488
IBKR,"Interactive Brokers Group, Inc.",88.5,USD,3.1348327700734155,2875254,0.7685956106348303,150565864111.49997,USD,Finance,Strong buy,90.52577817385374,90.13050988338298,88.23868417180458,-1.6666666666666667,-1.6666666666666667,35.300412780920354,86.5979999999999,89.43599999999992,90.64939999999999,81.283125,35.23369695039414,2.700404,31.735459170294224
WDC,Western Digital Corporation,415.8838,USD,-10.090842269111032,21086619,2.6082071137175094,149943128767.60413,USD,Electronic technology,Strong buy,455.4441762411973,465.8818073689824,459.10011515761767,-8.645154204375714,-6.528262872811453,134.69740406320543,447.9227599999999,449.47219000000007,466.1698760000001,400.0268439999999,17.20298158022097,20.387981,370.6348433819378
TJX,"TJX Companies, Inc. (The)",132.945,USD,-0.48282057040198384,3736637,0.45796796871425605,146236039291.0805,USD,Retail trade,Strong buy,135.38210010982152,139.84155420847938,144.15878039610786,1.9360527526453044,-0.31118776244752583,-13.249592169657427,132.579,129.23524999999998,141.0054999999998,152.560825,24.588935949840014,5.270087,23.37585286265203
GLW,Corning Incorporated,164.26,USD,2.3937164942027205,5302422,0.7969237763696038,141491641472.98605,USD,Electronic technology,Strong buy,159.17119565460956,160.78451373062097,160.13380961155735,5.294871794871789,14.267826086956516,84.74862220222697,157.74799999999988,156.014,152.94759999999997,150.50745000000003,75.34171176956242,3.285184,130.83112758073054
BX,Blackstone Inc.,112.54,USD,0.2672843905915996,3596127,0.7172242296434181,139756318247.73077,USD,Finance,Buy,125.42562910371947,126.88655225237333,127.45724158494352,-4.221276595744675,-17.34723854289071,-27.45906922779424,113.08599999999993,122.63349999999994,132.46059999999994,128.40369999999982,25.246203198959105,5.999917,20.325532431775855
UBER,"Uber Technologies, Inc.",68.305,USD,0.6261048909841064,11042346,0.6824913119050426,139517067494.6548,USD,Transportation,Strong buy,71.7742366868058,72.45438765967297,73.20206846368387,-1.3930994658582203,-10.184089414858635,-16.74183325207216,68.44299999999998,70.59025000000011,73.03730000000017,74.73424999999983,15.013737773381692,3.363822,-22.807404516687306
NOW,"ServiceNow, Inc.",134.58,USD,-2.3083623693379636,5718179,0.5770886701178813,139155714451.115,USD,Technology services,Strong buy,131.72239716930153,127.03148196216901,123.01795785337035,-1.9453551912568214,-4.076977904490376,-12.085184217402665,133.54799999999997,136.24450000000013,129.1934,115.76421000000026,84.04421407606321,4.072512,0.7740717432347375
ISRG,"Intuitive Surgical, Inc.",393.17,USD,-2.0112650782574,1161708,0.6047814839122831,138898325828.96512,USD,Health technology,Strong buy,386.9310813668576,389.23315588610086,400.23011937922837,-1.1253756491342695,6.550135501355019,-30.630932637002008,405.60200000000003,387.43599999999947,380.06289999999956,447.2216249999997,45.06194771406632,10.799172,21.753509530853165
FTNT,"Fortinet, Inc.",180.68,USD,1.0966875559534512,1602001,0.5370122020694404,132567378317.99887,USD,Technology services,Buy,166.70028470891552,160.55754306800597,150.46339790747507,1.906373378454594,11.400209630680072,125.93472552207078,178.09000000000003,170.67249999999999,163.64060000000015,118.5733500000001,63.664552501761804,3.449669,13.261763179949714
CB,Chubb Limited,331.685,USD,0.11620887413220371,1294564,0.8798283845178521,127964013625.08116,USD,Finance,Buy,338.20928925095177,338.9749689184491,337.12171038007915,-1.0604343157141172,-2.212624192930215,6.836629517490183,330.33699999999965,336.43425000000036,342.8140999999994,329.94387500000016,11.738111837378923,27.777735,24.675593990602046
VRTX,Vertex Pharmaceuticals Incorporated,504.1,USD,-0.5209772269803028,487614,0.5130680768969742,127769648439.18005,USD,Health technology,Strong buy,514.6193426528132,507.87025114477876,496.8335124096597,-3.530762606449131,-8.746967886752822,10.95215037196814,517.61,518.8445000000002,518.1913000000003,473.61492500000014,29.32774820374087,18.66958,22.86012451484244
PLD,"Prologis, Inc.",129.095,USD,0.7138399126228678,2145838,0.6149943209040171,125128563914.20837,USD,Finance,Strong buy,135.65388603822143,137.47685356012786,138.2535078603774,-3.617291324473644,-6.8376993577253335,1.060748395177708,130.43300000000016,134.05625000000003,138.69369999999992,137.920075,28.745268314406594,3.68,22.353902738046575
BMY,Bristol-Myers Squibb Company,60.9,USD,-0.911161731207293,4292746,0.3471724924385433,124401317263.2574,USD,Health technology,Buy,63.12954523289977,62.73464570206824,61.708306144285885,-1.3765182186234841,-8.852802514405447,14.45217064461567,62.300000000000125,63.125999999999934,64.50160000000004,59.394545000000015,13.415869938758426,6.954393,83.16587983698503
NET,"Cloudflare, Inc.",348.285,USD,-0.7735042735042664,2138570,0.7420997504877537,124017223334.36844,USD,Technology services,Strong buy,317.09961372196284,301.1138564535962,281.5762621196197,-3.468680709534364,22.601027879470585,75.105580693816,350.5629999999999,332.6267499999998,307.7110999999999,235.20197499999995,nan,1.261303,-72.17134416543573
PH,Parker-Hannifin Corporation,971.885,USD,0.6217128421750109,202396,0.3841830387428918,122566761668.8772,USD,Producer manufacturing,Strong buy,973.7120899774885,971.7776922404147,962.3883821991964,-0.2171457905544157,1.5702401605250482,10.23978856864146,966.6210000000003,953.7277499999997,988.1997000000014,944.9021250000004,34.11499376941573,35.328892,5.019759057463465
ACN,Accenture plc,199.525,USD,-6.017428167687237,7711584,0.923610168677298,122097756974.06357,USD,Technology services,Buy,182.54181596093062,178.7050213893282,179.37048488656177,12.646436132674667,7.093017014653,-25.769187841809597,189.35700000000003,185.33174999999977,180.10510000000002,195.9181249999998,14.707508366381154,14.691865,11.622893628225377
PGR,Progressive Corporation (The),209.925,USD,-0.4906143344709881,1448668,0.4491403579275381,121987416257.12778,USD,Finance,Buy,212.7179423616359,212.8752807771813,212.41121944039463,3.6666666666666723,-5.084324275444218,-2.059811514416344,209.6370000000003,212.52074999999985,214.35270000000028,209.16919999999988,10.524455540849477,18.065037,12.29942911191433
NEM,Newmont Corporation,115.41,USD,0.6453300776140184,2402016,0.4761353418181989,121606621870.49881,USD,Non-energy minerals,Strong buy,119.38180332256469,116.74872749695004,113.74628161849301,-4.62771671762665,-7.649835960630553,14.278641449648482,115.71200000000002,122.44049999999996,117.83199999999997,111.50030000000002,14.573257737426287,9.447399,42.18029048995494
COF,Capital One Financial Corporation,195.53,USD,0.5399012751953987,1912303,0.585117137678645,119954680748.20859,USD,Finance,Strong buy,205.51308514044848,206.02913100741284,205.3633595887686,-0.7864826466409637,-7.65125395550937,-19.97953754859832,195.1999999999999,202.77000000000004,211.10639999999995,205.65604999999985,12.110045150222035,20.452523,731.4160659114316
BKNG,Booking Holdings Inc. Common Stock,159.39,USD,-0.5552782630396897,4889733,0.5570838665034774,119762535893.17775,USD,Consumer services,Strong buy,176.81997047564388,180.16972169825468,181.5251274602381,0.7522123893805296,-18.955610921848784,-25.61310038287856,161.7579999999998,168.52749999999952,189.59999999999974,182.64053,17.628907027672707,10.45346,57.21166385561022
SNOW,Snowflake Inc.,338.1832,USD,-1.1131319629228953,2420024,0.6026654132678563,119311025424.82066,USD,Technology services,Strong buy,326.1238806311104,310.3575674998584,287.50745189155964,1.27064742169252,8.901655181297087,53.78954070031833,335.6326400000001,333.94665999999995,323.63846400000006,227.97171600000019,nan,2.216341,23.458070116217392
MPC,Marathon Petroleum Corporation,422.19,USD,0.48554087825777,1567900,0.5773199247138586,118561394223.27675,USD,Energy minerals,Buy,385.5534209449094,361.8146838378646,332.43167741932666,9.65974025974026,10.994557930436152,159.2508443352779,403.8459999999998,401.33299999999997,365.44700000000006,261.7202500000001,14.535470210531752,58.13234,330.27183171616923
VLO,Valero Energy Corporation,406.26,USD,-0.538608431670173,1902304,0.48551477883155203,116973407337.87239,USD,Energy minerals,Buy,374.8410986522496,352.66397698725217,325.0733553010919,7.476190476190474,12.87508335185596,148.85758039816233,395.924,391.168,355.0836,260.291,16.852226720647774,48.675175,899.6350970310168
LMT,Lockheed Martin Corporation,506.42,USD,0.18199802176063617,609932,0.5748945351501901,116877054767.7275,USD,Electronic technology,Buy,532.7946308287062,539.2957767861263,543.9815666350648,-3.377089216210026,-7.1895903967744825,4.794619762027939,510.2959999999997,524.4460000000005,556.172,562.8913000000003,18.66408190643266,30.443812,52.76697088614012
SPGI,S&P Global Inc.,383.5175,USD,-1.1960274113767624,1591982,0.7993694149267752,113060955384.76265,USD,Commercial services,Strong buy,409.4687066540165,412.7943177871973,415.43393314193895,-4.656929770043509,-12.438926940639274,-22.29554329622346,390.90350000000024,406.7018749999992,417.09675000000027,424.0350264900003,23.3543116729693,17.872605,26.218823258137665
MO,"Altria Group, Inc.",67.275,USD,0.4854368932038877,2849158,0.44319227145407447,112332015515.62137,USD,Consumer non-durables,Buy,68.5886025068416,68.90472395747359,68.88505068107226,-1.7883211678832034,-3.340517241379294,16.67533818938607,67.88300000000001,68.78425000000001,68.42930000000001,67.36302500000001,14.167035188577927,5.678953,-8.228814378200786
MDT,Medtronic plc.,86.1275,USD,-0.3615224433132809,25755624,1.4538365744278865,110168945477.7796,USD,Health technology,Strong buy,89.09723774037657,88.35152902670654,87.70917829180173,-1.692158429403038,-6.636856368563688,-10.32122032486465,87.08950000000011,90.524875,89.91594999999998,88.64633750000004,21.203747014943747,5.977755,12.151416422773199
CVS,CVS Health Corporation,85.945,USD,0.8744131455398947,6142203,0.7239766774060064,109921101668.87195,USD,Retail trade,Strong buy,91.96258735671807,93.41800087945164,93.07140991969956,0.6971294669009946,-12.139644244530771,8.406912209888992,86.35699999999996,90.27675000000004,94.89229999999996,87.68202500000007,22.689352939623536,8.023222,5.683276602868143
SBUX,Starbucks Corporation,94.766,USD,-0.12015177065766243,2326810,0.3548102234738221,108033236872.76198,USD,Consumer services,Buy,99.32638166950021,100.63198079832539,100.78023901015615,0.7077577045696186,-10.749670371067998,12.521966278793643,94.86120000000003,96.84680000000014,102.30132000000005,98.7527550000003,54.64221876261316,2.622892,-24.99351267191419
PSX,Phillips 66,264.98,USD,0.28384362108768874,1326806,0.4418069636627403,105732563681.84982,USD,Energy minerals,Buy,250.26900142978903,237.30487812093452,221.167002850308,4.867817001741337,5.953856611619822,105.41085271317831,258.064,260.19499999999994,240.65260000000006,184.01895000000005,15.0823329861289,28.749058,322.8171929149018
SYK,Stryker Corporation,275.485,USD,0.9250439624853585,1122455,0.4650377058159181,105668612465.80275,USD,Health technology,Strong buy,292.6263940461389,301.6004207703004,310.36232078042275,2.0579409476530977,-12.56109947311623,-21.57680482805738,275.583,277.33025000000026,311.2148999999998,330.20084999999955,28.543823111912385,14.987484,27.708308522885172
MCK,McKesson Corporation,899.22,USD,0.04450279255022999,494795,0.7174169365465276,104840386665.39952,USD,Distribution services,Strong buy,876.2570850267433,864.8835152279336,853.4176595791284,3.956069364161853,-1.6482735237178507,9.92909535452323,874.5920000000003,883.5170000000004,878.0220000000007,847.4056999999989,24.062745853603715,44.637043,49.10940866650705
FCX,"Freeport-McMoRan, Inc.",71.931,USD,3.826501154734405,8268122,0.8304100345155421,103294169811.94273,USD,Non-energy minerals,Strong buy,71.15997743668876,69.72796763406551,67.60540100070162,0.098803228499858,-1.5183461117196178,39.06428226196229,70.79219999999995,71.78255000000001,70.53341999999999,63.61200500000001,35.51797353347818,2.966738,53.400999848507794
TT,Trane Technologies plc,464.375,USD,1.1842506645748905,680378,0.5951100385644474,102173263874.34222,USD,Producer manufacturing,Strong buy,454.43225379129194,456.6789122847061,456.79466966228915,4.497175904048249,5.174053858174989,18.80244576340565,456.5890000000001,441.3717499999998,454.43110000000064,447.7062750000004,35.175926977994926,15.276356,4.751362803208827
ADP,"Automatic Data Processing, Inc.",257.28,USD,-2.530686467646616,925181,0.4886343440627886,101947597128.97107,USD,Technology services,Buy,265.8237794928417,261.8599429759496,255.37051222797933,-1.7602810340219228,-9.08833922261485,0.09726491071081197,260.5799999999998,267.45699999999977,271.33950000000016,237.97500000000025,23.51113507388352,12.258692,9.619738344719813
LOW,"Lowe's Companies, Inc.",181.63,USD,-0.41122930145849323,1728736,0.5116496351194536,101904243674.65039,USD,Retail trade,Strong buy,197.25738689569653,203.2944205747077,210.55138948507553,-3.5729454236568365,-9.636815920398012,-24.790890269151138,184.64399999999995,192.51149999999998,205.0789999999998,231.60966000000045,15.35931131293656,12.276897,-2.844326136251599
PWR,"Quanta Services, Inc.",677.63,USD,2.2683368548143634,544334,0.6881819124269571,101877183403.08728,USD,Industrial services,Strong buy,651.9116261720845,651.9530756019278,645.2036205170024,4.721209124065023,11.251026104087995,59.46111307212613,655.7780000000007,637.9654999999995,643.0600000000002,605.6577499999997,77.61106847934396,16.741047,35.41417869938117
EQIX,"Equinix, Inc.",1030.455,USD,1.790424071202067,171032,0.34564718611962775,101676732125.4899,USD,Finance,Strong buy,1034.0832467730265,1038.181337166481,1032.40294111661,-1.3210438113478642,1.1807389805877653,34.49605826459225,1016.1410000000002,1026.4322500000003,1043.9222999999997,987.5378249999999,66.3162467419635,17.232726,52.11304833041284
HOOD,"Robinhood Markets, Inc.",112.835,USD,1.515969410706242,25533896,1.2885908451792973,101447951362.12154,USD,Finance,Strong buy,111.85915504421983,107.92451153100033,103.67197478017768,-7.230946312587357,8.788083301195522,-2.2887476402431637,113.833,115.9547499999998,105.39769999999999,94.32605000000004,49.96678770702329,2.176611,14.69930922389272
DDOG,"Datadog, Inc.",277.68,USD,0.44129349634667847,1332058,0.4316814878959286,99707954738.39253,USD,Technology services,Strong buy,248.40798441530356,241.7537365068843,229.55299295416208,5.511541749786262,26.528752392235486,102.31693989071039,273.05,244.13524999999998,244.67129999999995,184.83569999999992,567.2727272727273,2.532361,41.43311181739381
BNY,The Bank of New York Mellon Corporation,145.58,USD,1.1534185658699452,1468094,0.367278216625185,98776632957.32048,USD,Finance,Strong buy,154.1222571635587,153.4043777611175,149.61807108360372,-3.2369557992688445,-9.650592689132987,25.48918196707181,145.91000000000003,153.57600000000008,157.4283999999999,136.7684,16.94879735487927,9.248305,31.18795246968262
ABNB,"Airbnb, Inc.",162.825,USD,1.46756403065993,2045482,0.36762615511203267,97497281942.41632,USD,Consumer services,Buy,166.93551946983987,164.31463677115434,158.75778299562063,6.9985214391325625,-11.160519423832396,19.777107547447397,159.3969999999999,164.3327499999999,169.68349999999998,143.4924,37.009887487214456,5.322205,6.145049218297618
SPOT,Spotify Technology S.A.,473.22,USD,-3.69963369963369,1342335,0.9616166429629772,97427639477.77547,USD,Technology services,Strong buy,506.3396116767123,505.2656171798904,504.545194925425,-7.166257969592932,-12.733509137514515,-19.229193691540925,488.6340000000001,516.7434999999999,516.5040000000001,500.3447499999995,29.462634714880746,13.722621679740001,285.97793958618695
LITE,Lumentum Holdings Inc.,1084.94,USD,3.744573428445761,3893331,0.8543444968796255,97319117414.8806,USD,Producer manufacturing,Strong buy,939.8099807391892,906.4628068885735,862.3640846376599,15.908058993520552,25.03428549038047,185.9771205651326,999.3580000000002,941.7024999999998,879.0158999999999,745.4256250000002,nan,21.662533,-34971.96776929601
VRT,"Vertiv Holdings, LLC",252.48,USD,2.584105314480735,2356947,0.626730227812121,97201816205.88591,USD,Electronic technology,Strong buy,261.79033884777766,268.7405461287326,271.94326374226563,1.3243438478208456,-0.9765854806447853,48.986516389814994,246.458,251.285,260.7732,264.61255,57.129927139430684,6.72706,111.13128224727693
SO,Southern Company (The),83.85,USD,0.4552533844494974,3230214,0.5260986006655473,96457942072.4955,USD,Utilities,Buy,86.94122454561287,88.72902890586283,90.26130651384145,1.4273617999274133,-4.705080122741221,-3.8086497648273574,83.20200000000004,85.38400000000004,89.33180000000006,92.1663749999999,20.23212045169385,4.591604,7.0047248973690355
CDNS,"Cadence Design Systems, Inc.",349.76,USD,-0.276566019445165,1347200,0.5160656460630879,96321460575.42337,USD,Technology services,Strong buy,322.557122075566,326.2845767321481,329.33981717480737,7.628396467366207,11.880237988612368,10.788723471650302,336.3090000000001,303.44624999999985,318.5628000000001,325.6858500000001,69.58736222195694,8.1432,35.99761891877266
JCI,Johnson Controls International plc,156.345,USD,3.0144297291954856,1795484,0.6804297489341486,94704660003.2464,USD,Producer manufacturing,Buy,148.1611229235953,146.543554988167,144.1319172231569,6.335441746582329,11.675,29.78997177486303,151.01499999999987,145.70324999999997,145.98969999999997,137.6328000000001,27.178617992177312,5.07884,70.84942084942087
CME,CME Group Inc.,263.22,USD,-0.7091663523198775,911266,0.5718979700473187,94648452058.61804,USD,Finance,Buy,269.334990946876,268.9045138096514,269.8612923362784,-2.046740101220601,-7.839361366898913,-3.3150287424929665,263.35199999999935,271.13450000000034,270.5141,278.4210750000001,22.32248106719133,12.249348,14.121324739175051
SNPS,"Synopsys, Inc.",488.596,USD,-0.39629795735312445,1562788,0.6314237547335428,93632898588.57562,USD,Technology services,Strong buy,427.0369574681087,425.51887336529643,429.4832674586163,9.79438664299679,18.081105901686897,2.0161189293022104,449.3552000000001,409.4488,407.58132000000046,444.892855,86.31523160089037,15.136966,-55.681346643178706
MAR,Marriott International,358.915,USD,1.1626596014543813,471348,0.3650005889129642,93592937521.49873,USD,Consumer services,Buy,351.43631277589026,354.1923390784344,354.6707242985901,2.007957936620718,6.807225330317819,15.573981645467722,357.9129999999999,344.08275,351.89450000000033,349.3775249999999,37.20020314670094,11.729475,8.838426568298985
ADBE,Adobe Inc.,237.82,USD,-1.4340185676392605,1975624,0.452800063147377,92559546434.57974,USD,Technology services,Buy,249.1481555670406,249.29513756265158,250.71805534567244,-0.43123299141720794,-16.11287477954145,-32.18222000427747,236.64400000000006,247.061,258.48880000000014,259.87267499999996,13.267429470407416,24.483349,11.656430253273378
HWM,Howmet Aerospace Inc.,231.77,USD,1.48436815833261,1343594,0.6001005829523508,92430200507.43047,USD,Electronic technology,Strong buy,245.79950141927577,252.04913927519493,253.8218260971253,0.33333333333333776,-10.086511230942303,12.788943500900286,229.1179999999998,230.24300000000008,258.1940000000001,248.48244999999977,49.98813760379597,5.337102,35.486981677917065
HCA,"HCA Healthcare, Inc.",426.305,USD,0.6884905170174119,517320,0.4664902434447489,92295673172.81007,USD,Health services,Buy,421.5547635524477,418.4035198150001,420.21971454108353,1.11838516093836,3.3566891334917393,-8.478960927436669,428.133,425.6907500000003,416.5383000000001,445.95322500000026,14.272537656224367,29.468998,25.46742221531456
HPE,Hewlett Packard Enterprise Company,69.37,USD,7.417157014555601,22531015,1.211363251790359,92086230354.15129,USD,Electronic technology,Strong buy,59.67344939876326,55.77846761618042,50.66346980704617,8.986645718774557,33.42950567416811,185.70840197693573,64.39199999999997,60.376999999999974,55.72679999999998,36.903050000000015,36.17165502137867,3.823054,142.2076281889366
CEG,Constellation Energy Corporation,256.945,USD,-0.7627838714660986,2411552,0.8821143189653671,91037512688.94142,USD,Utilities,Strong buy,268.1349645452573,270.1021476117492,274.0191789605812,-1.9293893129771018,-8.233928571428574,-28.227653631284916,258.9790000000001,268.6685,271.46360000000004,287.7889499999998,25.02386053759252,12.060054,7.150310973828108
BN,Brookfield Corporation,37.1,USD,1.5325670498084354,4233337,0.7929029206528815,90972767681.48741,USD,Finance,Strong buy,39.09518765686587,40.242627047867586,41.326357421877546,0.8974707642099491,-6.690140845070414,-19.52277657266811,36.57199999999993,37.50600000000004,40.51340000000004,43.48185000000003,70.71774508368712,2.7053878375999996,78.2519800695957
APP,Applovin Corporation,271.43,USD,-3.5121396324339678,6589456,1.2672394613176106,90834318286.23262,USD,Technology services,Strong buy,319.7271991119639,346.62051910306536,379.20349863576934,-13.142399999999997,-12.368438044811777,-60.28066786660228,291.4139999999998,312.6220000000001,330.77819999999986,456.23219999999935,20.86286144717222,15.756753,93.2791585577823
EMR,Emerson Electric Company,161.48,USD,1.8351516680330433,1949724,0.7807434522691397,90073546189.45576,USD,Electronic technology,Strong buy,155.232281137693,153.00291017978006,150.15587986061706,2.4099441907660974,9.10073643672725,21.20393304811229,158.35599999999985,153.04849999999996,154.64379999999994,144.62424999999996,35.28614819832616,6.562534,-1.699102117970537
USB,U.S. Bancorp,57.645,USD,0.4968619246861989,4121407,0.5409007353423684,89813880461.12054,USD,Finance,Strong buy,60.66946943236591,60.801773857487056,60.08954599142961,-1.6967939972714827,-6.541828793774314,8.091130695668488,57.936999999999976,60.19674999999997,62.1335,57.66652499999999,11.501855620735066,5.234863,19.95117514719256
GD,General Dynamics Corporation,330.27,USD,-0.7363548930031393,625016,0.48956179153410323,89356923450.20845,USD,Electronic technology,Buy,353.74224487644017,358.3756491972005,358.89728634641114,-1.7667529222807168,-10.701635798296618,-1.8630771973613949,332.26400000000024,346.9074999999993,369.5126000000008,355.2141999999998,20.135713501847313,17.00195,10.135098839707785
DUK,Duke Energy Corporation (Holding Company),114.089,USD,0.30684016177246687,2186480,0.5603559206289903,88955443705.99579,USD,Utilities,Buy,118.15746117751655,120.06375121321112,121.70211079391174,0.8387838076719092,-5.099817002162702,-2.637822153951193,113.89180000000006,116.72794999999996,120.86718,124.00664499999992,17.11660215440934,6.710467,8.975868157739853
PNC,"PNC Financial Services Group, Inc. (The)",221.5,USD,0.33975084937712347,793423,0.4440652158083753,88366021698.41449,USD,Finance,Strong buy,235.22774201625842,237.21469468729117,235.7628928367393,-0.9303157706413867,-7.260090437112713,6.117951420495381,221.96600000000004,232.03200000000024,242.06199999999987,228.09015000000008,12.182780203944692,19.009697,24.22383164799126
CSX,CSX Corporation,47.53,USD,2.1272024065320196,7529973,0.7171280057509121,88048131520.06596,USD,Transportation,Buy,48.46452878131066,48.52109823131358,47.741042974384094,1.5815345159222098,-2.662297767765712,30.594861931584,46.85400000000006,47.650499999999965,49.44079999999999,44.29935,27.44860244860245,2.006162,6.402851173651228
WMB,"Williams Companies, Inc. (The)",70.315,USD,1.5819127419820844,4047082,0.6864000098777184,86007022905.73048,USD,Industrial services,Strong buy,71.68626343288447,72.13640772014512,72.1485213351587,-0.0639567936327483,-6.3964323748668885,16.977208451172846,69.023,71.39175,72.10470000000001,71.16447499999987,28.068739770867428,2.454777,26.392532795156416
MELI,"MercadoLibre, Inc.",1693.5,USD,0.49729396126092557,303882,0.4441279778177161,85855030943.71114,USD,Retail trade,Strong buy,1808.1532191561903,1812.4265418760965,1813.776611897932,-2.7283170591614017,-13.136473448535856,-16.47554930827846,1708.8920000000003,1813.176499999999,1860.1988999999999,1837.5986000000003,46.08476767127015,38.114655,-9.254677097532534
BE,Bloom Energy Corporation,290.385,USD,4.61308451617552,10993737,0.756441300962917,85526318577.26549,USD,Electronic technology,Buy,262.11369921865617,252.9083739160811,241.27344767191929,7.585861953984648,38.278571428571425,220.61941040079498,279.81299999999993,272.27225000000004,236.18050000000002,207.42967499999997,395.6737975200981,2.699692,15514.893617021275
ICE,Intercontinental Exchange Inc.,150.235,USD,-0.8153429722057076,1122908,0.4551488995904257,84341098912.69502,USD,Finance,Strong buy,154.0070791662548,152.92741975879326,152.41319532229036,-4.052241665602247,-5.435261534588022,-6.882980042147013,151.76699999999994,155.04875,155.31629999999996,155.00534999999988,21.216935700264095,8.091073,35.9202242014742
MNST,Monster Beverage Corporation,42.8,USD,1.5662078785002291,4032145,0.41627112696151475,83847414020.43663,USD,Consumer non-durables,Buy,44.435605296805086,44.79950341449017,44.46212037145063,0.7295834313956111,-5.602117335685942,11.647319681752958,42.03199999999997,43.35200000000003,45.48140000000002,42.39621249999998,39.71789161098738,1.160448,34.5822405395279
ELV,"Elevance Health, Inc.",386.525,USD,1.2720412922157782,477508,0.44077422842263997,83825406508.59598,USD,Health services,Strong buy,398.5105834744167,396.1820785880157,389.6493044963904,-3.3687500000000057,-4.521651063409334,10.199572344975047,388.86700000000013,403.5062499999999,397.22070000000116,365.80125000000015,17.179576071931766,27.168012,-4.238366624246124
MMM,3M Company,162.04,USD,-0.6011532327321912,1569023,0.549784383612265,83567661847.88982,USD,Producer manufacturing,Buy,167.96701012492392,167.57889874755298,165.72668834804503,-3.868058851447562,-5.23976608187135,1.2117426608369755,165.43599999999992,165.8534999999998,173.37719999999982,160.63189999999986,28.77130681818182,8.946901,-21.668984700973585
WM,"Waste Management, Inc.",204.6788,USD,1.3763249133234223,1394139,0.6890583014696237,81813220797.06017,USD,Industrial services,Strong buy,213.9466428250186,217.36846806450393,220.01732806992874,-1.2644476603955697,-6.569224448806318,-6.684234521747063,204.80576000000036,210.83143999999947,219.83477599999972,224.84019399999985,28.97286432160804,8.114141,4.823871561266581
DASH,"DoorDash, Inc.",188.47,USD,3.455468642788521,2912607,0.6077083971490645,81668560555.59752,USD,Transportation,Strong buy,199.19207909044894,197.74911591655024,194.49104367398547,0.34607603024172384,-16.50644575377663,-17.96021416445392,183.93700000000018,193.71699999999996,205.8110000000002,186.72247499999986,98.96555345515648,2.613845,5.953043284744631
KKR,KKR & Co. Inc.,90.77,USD,-0.5151249451994727,3059327,0.7413366060124769,81478383330.42241,USD,Finance,Strong buy,99.34662844911531,100.17371791288379,100.82343729631053,-5.497136907860491,-14.545283374129168,-29.57014276846679,91.94599999999991,98.20649999999996,103.33519999999994,102.9752500000002,28.936210908859064,6.346158,50.4364089775561
MRSH,Marsh,170.51,USD,-0.7797497817864436,1564958,0.5652535358370246,81369297082.20895,USD,Finance,Buy,177.69452787595685,178.52445549984677,178.3965498950257,0.3295086790232435,-9.548565062861387,-7.537552193481918,170.50800000000024,174.52700000000002,183.86660000000057,177.15349999999984,20.864638652994298,10.446492,-1.9073111593907066
UPS,"United Parcel Service, Inc.",93.135,USD,-0.8041324954734215,2846962,0.5496560327495111,79237538420.78961,USD,Transportation,Buy,99.27242188530197,101.4029896638083,102.80273468155475,0.29614473400819047,-9.840271055179082,-6.208459214501503,93.72900000000001,97.30724999999998,101.94530000000015,104.99607499999989,17.337441128837096,7.184955,-20.137071836346333
SHW,Sherwin-Williams Company (The),320.155,USD,-0.1948375833904857,743100,0.4342166710218827,77720239524.41948,USD,Process industries,Buy,330.1029242924977,331.8786611552753,332.43317449359114,-0.2818787765526785,-4.136599095727177,-0.9574632637277734,325.4869999999998,324.25475000000023,339.0165000000006,333.2478249999999,29.516622720483834,12.105363,7.709876665806048
WBD,"Warner Bros. Discovery, Inc. - Series A",30.945,USD,-0.01615508885298548,19615605,0.25413157552862903,77693717672.84491,USD,Consumer services,Buy,29.025382538061365,28.453208692168307,27.897440768674613,0.4642555678202736,9.03805496828753,7.485237929836753,30.919,29.472250000000003,28.224099999999993,27.67815000000001,nan,-1.140649,-521.58940397351
EPD,Enterprise Products Partners L.P.,35.965,USD,0.8270255116344315,1845595,0.5199681290453051,77665596925.3025,USD,Industrial services,Buy,37.690975871945305,37.80345099577038,37.63453373890055,-3.3198924731182777,-8.439409368635431,12.040498442367607,35.98299999999996,37.81224999999998,38.18090000000001,36.81997500000002,12.501303486391603,3.002543,7.479358912093255
CTAS,Cintas Corporation,192.81,USD,-1.4263803680981555,1098460,0.5141479621470346,77259183591.87146,USD,Commercial services,Buy,197.90078178387105,196.26963984311692,193.6095488195323,-2.729290687115325,-3.8785582531531984,2.7881437253438475,196.35799999999972,198.14050000000015,201.67959999999965,188.08352499999964,38.011592145729836,5.544391,12.714990444869107
ECL,Ecolab Inc.,274.73,USD,1.2792155127921652,543561,0.5042717741175353,77014674315.2088,USD,Process industries,Strong buy,276.60338642556326,276.0230896302534,274.8526651253322,-0.5898103922420015,-2.467338824197667,5.179938744257286,275.7339999999998,274.9580000000001,278.92060000000004,273.8384999999999,36.855732338815706,8.149906,-0.31693389855440474
CMCSA,Comcast Corporation,21.52,USD,-0.8294930875576024,12778595,0.40949012006240554,76366660459.08202,USD,Consumer services,Buy,23.67547141235896,24.16770394819748,24.74582070188467,-1.1029411764705972,-18.761796904492257,-23.135189850593022,21.674,23.338500000000007,24.690899999999996,26.705693282449932,6.968460591930574,3.457234,-49.000049543375226
AMT,American Tower Corporation (REIT),163.285,USD,1.3814727430771105,1662527,0.5788024772970374,76084286017.06854,USD,Finance,Strong buy,171.43499492482715,172.80326273228394,174.431757104218,-2.1952680443246435,-7.171688459351909,-6.832705694396894,164.6770000000002,171.93725000000023,172.91389999999998,176.89022500000047,22.451154285085728,6.970283,164.01786038407087
MCO,Moody's Corporation,438.93,USD,-1.8843884120171688,1007140,1.171890726548052,76022672171.52884,USD,Commercial services,Strong buy,470.9386207422965,473.37507470066487,472.8448370668339,-5.883740377811609,-10.869918369004584,-13.888016950482621,451.06399999999996,466.7114999999999,480.9241999999998,471.2380750000008,27.833051153765673,16.92314,34.02768924810688
REGN,"Regeneron Pharmaceuticals, Inc.",736.72,USD,0.25993113866170603,338333,0.45887962101840724,75848997233.12312,USD,Health technology,Strong buy,770.6735266858565,759.2822055589012,744.8662581490061,-8.353340714294598,-10.834624322230827,-4.847271553115915,746.511999999999,782.8849999999986,784.8946000000008,736.0513999999987,18.20720607170484,55.508736,1.954010824539639
MRNA,"Moderna, Inc.",189.305,USD,0.19318302106489316,8551525,0.5213681548079246,75577347415.56529,USD,Health technology,Buy,150.2650964447581,129.04688180510558,107.99781616538961,-3.091965496941305,25.036327608982827,534.6128059001006,194.31099999999998,167.65675000000002,123.61970000000001,68.38225000000003,nan,-8.318036,-6.204860141255336
TRV,"The Travelers Companies, Inc.",361.0,USD,-0.17697157394093196,423310,0.3762150267379204,75295582456.78023,USD,Finance,Buy,366.0119338775547,360.8725286488464,350.3960961897474,-0.1880115018801169,-1.4226809753966247,25.082290980908486,361.10400000000016,367.90750000000037,371.6302000000004,320.1401050000002,9.666363198200612,34.191107,65.14110353488454
INTU,Intuit Inc.,280.75,USD,-0.7178725510997853,1658887,0.45429105762574823,75026504551.70274,USD,Technology services,Buy,306.35893902492495,313.9902076885663,331.5078299861362,1.8982288037166153,-18.929845078760057,-57.500756887677866,275.3339999999999,300.7819999999983,323.3666000000003,393.71382500000055,17.01700791601508,23.0795,20.323815775079325
ITW,Illinois Tool Works Inc.,263.3619,USD,0.9668379082962799,474084,0.32838401765257,75005464852.13177,USD,Producer manufacturing,Buy,272.2627104543894,272.902105398994,271.84277255823696,-3.438476204443799,-2.6496506856910442,6.775552402189332,264.47638000000023,267.908595,278.771238,268.6950595000002,23.870379769781565,11.440572,-3.183629056318995
MDLZ,"Mondelez International, Inc.",58.3,USD,0.9349030470914113,3736968,0.48534195646745404,74408753270.00865,USD,Consumer non-durables,Strong buy,60.82176053323516,61.056634299388115,60.94803076055722,-3.7795015679155077,-5.433901054339013,8.083055246570263,58.67600000000001,60.85800000000002,61.92540000000001,59.600449999999974,21.384293731430876,3.048534,-0.4418638621092528
RCL,Royal Caribbean Cruises Ltd.,277.705,USD,2.8575132412311475,2467213,0.5673349734114871,74272779245.67772,USD,Consumer services,Strong buy,269.6782288013283,275.4654070273955,279.86786672103193,14.849048800661691,3.574891839474854,-0.2854578096947992,263.363,253.83225,282.0869,286.9098249999997,17.151389008980072,17.778379,22.036223309239748
EOG,"EOG Resources, Inc.",141.43,USD,0.0849196801358747,1946493,0.7052711462989074,74184159910.88904,USD,Energy minerals,Buy,142.94095999357836,142.0821892860903,139.8610755760988,0.5831733162648411,-4.043693602008264,34.6952380952381,140.15799999999993,143.80150000000023,144.34379999999987,132.01509999999996,11.002030354184008,17.139423,24.99538130937449
MSI,"Motorola Solutions, Inc.",447.99,USD,-0.008927973573190105,373295,0.5266633041404924,74139555798.04146,USD,Electronic technology,Strong buy,456.7865781551765,452.02739292669565,445.2176344882066,-1.521180013629073,-8.87844764461801,16.871021600751334,448.0379999999999,458.6794999999996,461.24340000000007,430.98720000000003,35.28536097414975,17.710264,2.1851634244689984
BAM,Brookfield Asset Management Inc,44.68,USD,0.2692998204667806,1620080,0.5081729465533539,73196207910.16336,USD,Finance,Buy,47.31021759931143,47.852353143493026,48.15887609668692,-0.17873100983020174,-10.35313001605137,-14.71654895972514,44.65799999999998,46.038499999999964,49.257400000000054,48.50324999999999,26.503762252947922,1.8129716948,10.931106900430727
ROST,"Ross Stores, Inc.",228.865,USD,-2.236223835967529,1476085,0.8535850531754022,73111641359.02983,USD,Retail trade,Strong buy,232.54177925389774,232.43669487820327,229.4346796541092,-2.9698562767626213,-0.6705438132025465,26.731823467523125,233.57099999999974,230.78974999999969,237.77359999999982,217.87259999999992,27.653725788716912,8.459634,31.42299080558334
CMI,Cummins Inc.,528.86,USD,2.294003868471956,646721,0.61103110110616,72805242047.39485,USD,Producer manufacturing,Strong buy,560.0975568815162,580.1114236258168,592.4605951090432,0.6968773800456908,-2.9614678899082545,3.6066216083847635,520.3280000000002,533.9950000000001,580.7464000000008,603.3452900000002,27.0255354158895,29.570904,-7.964331234156232
SLB,SLB Limited,48.825,USD,0.3390875462392237,7016632,0.5494169759220906,72463296910.47319,USD,Industrial services,Strong buy,52.19740930191984,52.234513108485835,51.76414358914822,-4.39592715880164,-13.820492454328829,27.115334548294737,49.51300000000002,52.651750000000014,52.9181000000001,50.48997499999994,23.69915542180371,2.470109,-29.425870101397646
HLT,Hilton Worldwide Holdings Inc.,319.94,USD,1.4265787471468425,619607,0.4021011559823358,72007268146.8349,USD,Consumer services,Buy,316.36396458330023,318.4399533221682,318.8688286519147,2.200926369589518,2.135674381484437,11.527869766793318,319.444,310.67050000000006,317.62180000000006,316.0994000000004,47.01059406086075,9.04184,4.542242703533027
NSC,Norfolk Southern Corporation,318.04,USD,2.507574292528856,646207,0.7563194770286541,71434447581.41225,USD,Transportation,Buy,323.64929609533493,324.7511811556151,322.42107900954466,1.75000799820841,-4.747072389110176,10.090345806362297,312.6699999999996,317.1125000000001,331.2635999999999,311.42195000000015,27.150881865833462,12.946626,-20.859119530848844
CI,The Cigna Group,269.14,USD,0.4403642334676843,1036403,0.5806900173153106,71117688333.71779,USD,Health services,Strong buy,276.3379490750059,278.3086242132463,279.62876571665925,1.1310261902077898,-4.93111974567292,-2.7181377864526994,271.20400000000006,275.94399999999985,278.9384000000001,279.9465499999999,11.130548421649028,30.512821,32.04187280888568
MPWR,"Monolithic Power Systems, Inc.",1438.375,USD,5.687487600755341,465197,0.6796382174195963,70686063341.56116,USD,Electronic technology,Strong buy,1332.7134446013513,1338.1124515755707,1335.1401814143208,7.935060744542738,17.42603598602357,55.06330819691571,1370.7509999999984,1272.8922499999996,1304.5059999999999,1283.3033500000001,88.14436464359251,27.420919,-57.50593725261448
TGT,Target Corporation,155.01,USD,-1.0784939374601135,1258989,0.4042358248284134,70420538300.49763,USD,Retail trade,Buy,155.61917136006699,151.86084045185143,145.62421429540075,-0.2317049623479524,-5.487470276202671,58.31886426309876,156.65200000000004,157.59400000000005,155.66060000000007,128.80577500000004,16.085548845028327,10.19714,12.33563368460318
ET,Energy Transfer LP,20.405,USD,1.5174129353233816,8977758,0.9096389657282204,70260528866.90572,USD,Industrial services,Strong buy,20.732304343371897,20.58174548548923,20.25908104035419,0.46774987690793907,-4.649532710280362,24.04255319148937,20.05699999999998,20.834250000000004,20.83809999999999,19.29107500000001,13.980815347721823,1.690305,12.650509416486564
CVNA,Carvana Co.,63.77,USD,1.1579949238578742,5850247,0.7259668160556431,70176577409.10928,USD,Retail trade,Strong buy,67.35273945076477,67.90435231659069,68.431179512483,-0.4992978623810271,-11.356686127328322,-24.385790172642757,62.688000000000024,66.77449999999999,68.7462,71.9481250000001,29.58066611002876,1.615526,169.87981972959443
TER,"Teradyne, Inc.",448.73,USD,7.922268452824742,2505676,1.2046095879995755,70154783504.77507,USD,Electronic technology,Strong buy,393.54710857110933,385.06010911705965,372.10571581679517,13.645688236039001,34.34627705757314,125.16433338351149,413.9500000000001,380.78449999999975,374.9242000000003,335.0593999999999,61.565162511833385,9.206802,152.82528009989946
KMI,"Kinder Morgan, Inc.",31.075,USD,1.7851293809367774,6207708,0.5998070169281849,69197873767.36569,USD,Industrial services,Buy,31.342606792429677,31.521364499959645,31.593777614958032,0.2063783818644999,-3.0118601747815226,13.04110585667516,30.566999999999997,31.070249999999994,31.473700000000004,31.45980000000002,20.045800541865564,1.537919,27.19067935674433
GM,General Motors Company,78.59,USD,-0.9078300340436248,5735199,0.7932314902776983,68958914255.02925,USD,Consumer durables,Strong buy,83.04743180709379,83.00032524953001,82.09152638952249,-2.9033852236224296,-8.232134516581034,-3.46394791794619,79.20199999999993,83.25350000000006,85.42680000000006,80.67664999999997,39.63986684152124,13.557467,-68.57106623125456
ORLY,"O'Reilly Automotive, Inc.",85.125,USD,0.1117252734329047,1757385,0.3569497608726953,68862788424.362,USD,Retail trade,Strong buy,86.7733390499818,87.57473571446408,88.59264692826878,-1.1324041811846626,-3.2285568123685593,-6.188009698038346,85.62900000000006,85.59749999999983,88.38440000000006,90.95315000000001,27.071076482747657,3.287728,12.468257090740005
FDX,FedEx Corporation,288.76,USD,0.5887065872435286,732852,0.4298922881810298,68340958192.94556,USD,Transportation,Strong buy,305.2241543156609,309.12273652654744,308.346074639588,2.7615658362989293,-11.276347323787867,24.110734968448178,287.60799999999944,299.41849999999994,313.3173999999992,298.92338339639974,15.577493661325997,17.74242,9.927059242127733
NOC,Northrop Grumman Corporation,480.24,USD,-0.3651452282157657,2067185,2.1431224728943112,68224351476.05775,USD,Electronic technology,Strong buy,519.3996073028478,530.5474204565783,545.5149372822736,-5.668827342368889,-10.208660533991477,-15.686722028125496,491.2260000000002,512.7214999999997,538.1672000000001,598.3311249999999,15.227393073096179,28.948918,15.966068289956544
HON,Honeywell International Inc.,214.65,USD,0.3975678203928879,1009692,0.41783231578060936,68031172494.919785,USD,Producer manufacturing,Buy,215.62474008028917,219.6733200329,223.38679714042988,1.470171126028181,1.9085600341831697,4.640915725333273,212.20799999999946,208.45149999999995,221.54580000000024,230.36698845600037,7.937036174248727,8.303832,53.73390557939914
APO,"Apollo Global Management, Inc. (New)",114.96,USD,0.5422424348434409,1622877,0.5465122751818049,67888845579.26395,USD,Finance,Strong buy,125.01452636306198,126.06397954759913,126.40039643263253,-5.030978934324662,-12.411428571428576,-20.722708778704916,116.6720000000001,124.36300000000013,128.70619999999997,126.63739999999994,43.482865572282314,8.743798,-50.116981132075466
CL,Colgate-Palmolive Company,84.465,USD,-0.07689577664734144,2613064,0.5195423359669753,67333198779.36414,USD,Consumer non-durables,Strong buy,87.72672124434447,88.59480625679709,88.91219862802416,-0.7345163944059231,-6.243756243756244,7.012542759407065,85.45899999999969,86.74675000000032,89.64030000000035,88.47395000000013,33.41310969579493,3.865184,-28.947664286918883
URI,"United Rentals, Inc.",1075.71,USD,4.022782876096366,301801,0.5918643823156686,66954866743.927864,USD,Finance,Strong buy,1051.7318441274615,1050.219329442177,1032.4763454788101,5.699069479517741,8.60162946360966,32.707040550709976,1033.8120000000004,1019.0180000000009,1064.7699999999998,947.7747499999996,25.845056040748172,49.476675,7.655638525983063
DLR,"Digital Realty Trust, Inc.",179.14,USD,1.5015015015014885,798915,0.5213567917079397,66460712457.99397,USD,Finance,Strong buy,184.16956718119582,185.41507125641974,185.39930217250014,-1.8088138566103986,-2.039700333570306,15.84324883600621,176.98000000000002,182.23600000000005,188.1727999999997,181.05979999999977,87.1388267341181,2.719923,-46.11977460359062
COHR,Coherent Corp.,337.25,USD,5.6580719947366775,6102344,0.9331244956755589,66044425088.45123,USD,Electronic technology,Strong buy,311.5629004633694,312.5237327638393,309.47025053031956,13.201530612244891,25.78323138893033,79.38829787234043,303.78200000000004,298.22799999999995,297.03240000000017,289.0241500000001,82.01006735889891,9.445097,nan
NBIS,Nebius Group N.V.,242.05,USD,4.206130532116416,10617217,0.7454791810569165,65802558076.16088,USD,Technology services,Strong buy,228.1698332326333,222.10249556006076,210.27780296448435,-1.4454397394136738,23.71265748383635,178.26636776455712,235.8889999999999,229.47625,218.83630000000005,167.73574999999997,nan,-2.053125,-114.14427157001417
KEYS,Keysight Technologies Inc.,384.04,USD,2.717449449021083,779614,0.7930559816668606,65380795018.5007,USD,Electronic technology,Strong buy,348.414803660343,341.5467378900761,331.83874926281203,6.100121560393426,20.75210665325116,87.05372363742633,368.47000000000014,343.8740000000004,334.0939999999999,302.5278,52.897343011804246,11.458355,131.29440249769027
AEP,"American Electric Power Company, Inc.",119.755,USD,0.004175365344463844,3261659,0.7672873059297656,65194310624.9995,USD,Utilities,Buy,122.24492132526773,124.13345944055942,125.58768338320603,1.8931336679996549,-2.439918533604892,3.737872487872486,119.12900000000006,120.8402499999999,123.85509999999995,127.04939999999992,20.752608047690014,6.383425,-15.46518611839503
SPG,"Simon Property Group, Inc.",201.31,USD,0.24899158408445793,479280,0.47886396298895517,65134154425.87027,USD,Finance,Buy,208.76270219523218,210.9081248255047,210.47617161204468,-1.8909303572298823,-5.3460598081625,9.12885564048355,202.33799999999988,204.67249999999967,214.9832000000003,203.85634999999988,38.19924098671727,6.662483,-25.407991394318557
NU,Nu Holdings Ltd.,13.435,USD,1.0910458991723204,62754195,0.7846053085041945,64897558897.61588,USD,Finance,Strong buy,13.99021397543738,14.019471924503389,14.071770549958709,-0.9218289085545722,-7.472451790633603,-21.248534583821797,12.792999999999989,13.909749999999985,14.252500000000023,14.701575000000005,18.283886771910723,0.872258,56.40698169433802
RSG,"Republic Services, Inc.",209.92,USD,1.4204270944052555,580020,0.4624152294552809,64280227892.02125,USD,Industrial services,Buy,215.86541425284742,215.99920780414274,215.79090981446953,-0.9437523593808985,-6.021399471728531,-0.2992163381619681,210.32399999999993,216.6835000000004,216.80260000000007,215.17454999999975,29.734132211504413,7.27582,4.356116596700759
TEL,TE Connectivity plc,221.175,USD,1.5682402645113982,699110,0.46722844664769886,64033083516.257,USD,Electronic technology,Strong buy,212.5401754138276,211.0945130084745,210.8475339287134,2.7669361583496017,7.727339145682143,-4.003906249999997,215.46300000000002,210.06875,209.28249999999963,214.3628249999998,21.68106025702607,11.446797,110.62705180352239
APD,"Air Products and Chemicals, Inc.",278.475,USD,1.8823400285369476,479608,0.40527610664262315,62012350369.87104,USD,Process industries,Strong buy,289.76406156216035,291.8742899359627,291.6659009748018,-1.8417342262953704,-9.051569287043984,13.533512720156565,277.5949999999998,286.14425000000006,295.7839,285.6903750000005,nan,13.454187,-103.09207216272551
BSX,Boston Scientific Corporation,42.75,USD,-1.1103400416377445,12639514,0.6988215640631568,61954560135.11451,USD,Health technology,Strong buy,45.034746157963454,46.44805166799468,49.7560644953465,-4.3196060877350035,-10.770194113963676,-55.33848725449227,43.524000000000086,44.150999999999996,46.87939999999996,61.73289999999998,17.335063460524715,3.268679,46.7741935483871
NXPI,NXP Semiconductors N.V.,244.625,USD,2.2722521844558727,1549966,0.49319088904348907,61685660547.19104,USD,Electronic technology,Strong buy,238.77702640838106,243.27460310398266,246.77935560570617,5.806660899653984,9.648139847601975,10.888239160490475,238.82700000000014,231.57024999999976,232.66250000000022,245.70800000000014,20.87760623362436,15.083744,39.66719511759026
FIX,"Comfort Systems USA, Inc.",1737.55,USD,3.1009499848690725,190517,0.7069643692065636,61151906569.00827,USD,Industrial services,Strong buy,1681.7407247572794,1688.0140640809616,1669.3264713101482,4.90741243879319,11.883451384417254,85.16091219096334,1680.0559999999991,1635.7020000000005,1657.0696000000007,1555.9776000000002,42.74888979099777,49.007236,108.88515440711674
ALAB,"Astera Labs, Inc.",351.0,USD,-1.5206778519723967,3029105,0.790327942373862,60893274999.34627,USD,Electronic technology,Strong buy,326.49446801339326,320.12374499239473,304.9062541667303,-4.098360655737705,27.71066802503276,104.4441855724146,354.5080000000002,320.6720000000001,308.6731999999999,241.08587499999993,172.821270310192,3.992105,256.1283534981589
GWW,"W.W. Grainger, Inc.",1283.46,USD,0.13888021971162637,149241,0.5384523243421105,60452175889.967476,USD,Distribution services,Buy,1288.7138526643673,1293.258169670358,1279.648898535802,1.8619047619047648,-1.7544665411289266,27.4183940910174,1263.0520000000006,1271.6690000000008,1302.5943999999997,1206.57,32.57702860826901,46.507709,-0.5866737992742951
MSTR,Strategy Inc,157.02,USD,-2.168224299065414,22581041,1.058744218546653,60331089620.31103,USD,Technology services,Strong buy,139.53376820179284,133.05669746383856,132.95619128365996,-3.5740604274134076,27.296311309282544,1.5718998641568063,156.484,147.5555,123.54700000000003,135.97637500000016,nan,-24.336912,-955.7415004313606
TDG,Transdigm Group Inc.,1090.3,USD,-0.6324960810761597,163883,0.462809315208379,60267993133.70018,USD,Electronic technology,Buy,1144.8585421105356,1171.3012906267802,1196.6968912815419,-1.5965848067220871,-6.068542481520414,-17.962724693949724,1095.8300000000015,1108.3219999999992,1179.1732000000004,1247.4473500000015,33.0619361685998,41.118755,9.481962989768064
MET,"MetLife, Inc.",94.7099,USD,0.38145204027558066,1471644,0.5183294567797798,60185955396.94347,USD,Finance,Strong buy,95.95772776857383,94.5241361935663,91.84040708003413,-2.9014763174082443,-0.0845025846608309,19.977071193311385,94.84797999999992,96.46349499999994,96.4391979999999,83.7469995,18.123521757434272,10.135769,-11.437626044367619
TRGP,"Targa Resources, Inc.",280.5999,USD,0.4618166195266868,567863,0.5382706556457598,60169320843.84867,USD,Utilities,Strong buy,282.95674377966725,279.7193205920754,272.228486003446,-0.08549351944166929,-4.742539973520726,52.640972637763134,276.2279799999999,284.47449500000005,281.2421979999997,248.20149950000018,26.788602906077557,11.270513,49.97780673243511
COR,"Cencora, Inc.",308.85,USD,-0.30021305442570534,699143,0.5748051221350818,58936973988.2704,USD,Distribution services,Strong buy,312.56774131821976,311.18800113712723,310.42547382900926,-0.03236769703834468,-6.584598632871569,-8.402040453170407,306.0580000000001,314.8984999999999,317.6897999999999,318.18659999999994,22.96163024972678,17.885262,38.36887530989928
NTRA,"Natera, Inc.",407.5,USD,-0.23747154013759328,1392385,0.7980713335810187,58738747428.49535,USD,Health technology,Strong buy,357.67733436779366,332.4945608714552,304.73362832104823,-0.6097560975609756,27.93143502966755,77.98645992574798,411.1139999999999,372.02800000000013,331.0127000000003,249.0377,nan,-1.388853,28.01767211907642
FAST,Fastenal Company,50.885,USD,1.3140866102538509,2972956,0.42531300166897595,58390417706.22398,USD,Distribution services,Buy,49.83310580923972,49.2578661036453,48.42705390697972,0.7025529388482028,4.637055315648767,26.39095876800795,50.217999999999996,49.75699999999994,49.88689999999997,46.23132500000003,43.302697642753806,1.26897,13.569150478399544
AJG,Arthur J. Gallagher & Co.,226.55,USD,-2.2733155034078085,827543,0.5090062671869107,58064764068.6647,USD,Finance,Strong buy,240.92369788512403,241.39928714746898,239.78961463984254,-0.07938958232257681,-14.02277039848197,-11.885963206409707,228.7380000000001,238.33399999999997,249.7292,232.9602000000001,37.48469505939972,13.182057,-8.900712961427725
AME,"AMETEK, Inc.",252.84,USD,1.5054799470071059,918029,0.6253347103885795,57966412517.843185,USD,Producer manufacturing,Strong buy,244.7758721825834,242.44927928623292,238.77337022419314,1.1360000000000015,8.50105136677681,22.737864077669904,250.42200000000003,242.18949999999995,243.8544000000003,230.27109999999982,36.95734791124624,8.352415,10.327366553781657
OXY,Occidental Petroleum Corporation,57.885,USD,0.07780082987550933,5689969,0.613742026339341,57864010480.67479,USD,Energy minerals,Buy,58.28906324800916,57.805552884522164,56.88077489771939,1.4174083677903102,-4.22733289212442,40.36129970902036,56.41700000000001,58.76574999999998,58.37949999999992,54.019699999999766,17.14958670340414,6.3737,98.32540102238676
PCAR,PACCAR Inc.,109.615,USD,-0.2956157904311469,2645204,0.6673087304521056,57697492995.21207,USD,Producer manufacturing,Buy,118.58130492817304,120.46403755915713,120.80883398381495,-1.3099846943369031,-10.591353996737357,-0.15939520903544163,110.56300000000022,116.34274999999988,124.67430000000013,120.75034999999998,23.074898955877398,5.94766,-18.58504147528622
AON,Aon plc,271.0075,USD,-1.7910853415473802,1037999,0.5274952327191278,57487588403.0345,USD,Finance,Buy,306.69247948401164,317.6739344227709,324.80289690456027,-2.163357400722024,-17.300122062862375,-22.816273638642063,274.3454999999997,292.34137499999997,329.15395000000046,331.8196875000008,14.942986639906044,18.635025,51.84785156904115
MPLX,MPLX LP,56.42,USD,0.12422360248447255,784870,0.528793142687439,57201882403.4236,USD,Industrial services,Buy,58.08372777912859,58.04889035002135,57.71002415006097,-2.488765986864842,-4.968839481219463,5.972952667167543,56.760000000000026,58.40699999999991,58.76100000000003,56.79749999999997,12.144040982371553,4.280272,10.254402202287725
TFC,Truist Financial Corporation,46.59,USD,0.6698357821953377,4598787,0.6201473313914725,56915564121.42977,USD,Finance,Buy,49.17548788083425,49.688372754357374,49.80568673169624,-1.4593908629441577,-6.6145520144317445,-5.410618211349099,46.540000000000006,48.53500000000001,50.390800000000084,49.80010000000012,10.69608338307544,4.669405,18.367346938775523
ALL,Allstate Corporation (The),224.42,USD,0.004456129405993897,925953,0.30973243078207563,56746383396.60059,USD,Finance,Buy,243.08197480514502,244.03946944311443,240.4535997028791,-1.609013985707403,-13.464949487159709,8.394513137557958,224.73199999999997,241.05700000000002,253.67039999999986,224.7384999999999,4.481713283780599,35.458715,135.47341938821094
AFL,AFLAC Incorporated,111.78,USD,0.5396654074473775,1060302,0.6535874628809499,56040156771.47922,USD,Finance,Buy,115.91871781982373,116.92873343729455,116.98706413264546,-2.1533613445378097,-3.9195461578133077,1.4890139822044675,112.39000000000001,114.79249999999999,118.79820000000001,115.03840000000002,11.979038290484713,7.00997,110.97696081756314
CIEN,Ciena Corporation,393.83,USD,3.874558210687345,1832743,0.8710084646045093,55848456597.07477,USD,Electronic technology,Strong buy,374.8378188871556,386.68637901853043,394.39502462451435,8.493112947658398,10.239328201539532,63.41493775933609,364.78000000000003,350.07900000000006,374.0132,391.336725,87.88101932431829,7.165763,362.8589134476348
LNG,"Cheniere Energy, Inc.",269.45,USD,-1.0829662261380282,1985521,0.9810174270924749,55650625246.603714,USD,Industrial services,Strong buy,271.3874692357262,268.3455772014729,263.02718898417555,-1.4447695683979478,-7.099020824713843,38.56320065823304,269.56399999999985,273.27599999999995,272.0788,246.88560000000012,20.0495565212215,9.77843,-21.674311258239555
BKR,Baker Hughes Company,55.945,USD,0.584322186263939,1990615,0.28903919672160644,55535149906.29009,USD,Industrial services,Strong buy,58.89152157528702,59.4413260582853,59.55928397574355,-1.6611003691334159,-11.226594731831169,22.364391951006127,55.900999999999975,58.04499999999996,60.61960000000002,59.353950000000026,17.97718508997429,2.679141,1.8091405764386397
OKE,"ONEOK, Inc.",87.9,USD,0.8490133088572844,1946402,0.6128944110347079,55412969222.5677,USD,Energy minerals,Buy,91.49668151331599,91.40741703011268,90.4604423746731,-3.0871003307607463,-7.6292559899117185,19.656956166621306,87.16200000000008,92.01099999999975,92.1969999999999,86.74320000000003,15.184756508369755,5.709444,12.846755170867707
DAL,"Delta Air Lines, Inc.",83.99,USD,-0.16640912872934813,4682274,0.685232773430037,55233752776.988945,USD,Transportation,Strong buy,83.06491940839791,82.9044990174157,81.46151206472632,-0.011904761904767995,8.37419354838709,20.24337866857552,84.09599999999999,81.39949999999996,84.08220000000003,75.79835000000001,13.953449736680342,5.917336,-12.686577989236861
CRH,CRH PLC,82.115,USD,0.5079559363524994,3231322,0.5298052573545988,54629833433.90507,USD,Non-energy minerals,Strong buy,89.63046722118025,93.31433119285549,97.52627191554848,-2.174172027638793,-9.81328940142779,-34.56972111553785,82.97899999999991,86.54775000000002,92.81970000000003,108.34852499999995,14.480575590315128,5.79388,18.52726626674749
NUE,Nucor Corporation,240.77,USD,2.0298330366980344,605378,0.4731034360952277,54624854411.276596,USD,Non-energy minerals,Strong buy,249.36897183179107,247.62524127513086,240.4643643341553,-2.8408861627860023,-5.249695013970329,45.762198813415665,238.24599999999992,249.97000000000003,255.81260000000012,214.66180000000014,19.20843106281812,18.878221,126.28899480069322
GRMN,Garmin Ltd.,281.3496,USD,-0.39311760957302627,452517,0.6308084471905614,54258978790.04536,USD,Electronic technology,Buy,282.3117280515301,277.2092122485659,268.87437662112706,-5.112947286769411,2.2568874027767767,38.13993224333482,286.9859199999999,282.10598000000033,287.8921920000001,246.32619800000003,29.013488429649794,10.169199,19.64318762260799
D,"Dominion Energy, Inc.",61.335,USD,0.9463462804476677,2268864,0.4727928990043414,53945722036.499756,USD,Utilities,Buy,64.02146701596054,65.00605253991557,65.3375849269228,1.665837891596225,-7.4886877828054255,4.116448820234263,60.70700000000029,62.86574999999998,65.9451,64.35242500000003,21.330203442879498,3.587891,-0.6529850746268628
PSA,Public Storage,285.85,USD,0.6514084507042334,406203,0.48054141072287937,53411728503.6067,USD,Finance,Buy,299.96086241473904,304.5575265391447,306.022282612102,0.5841162602484341,-4.99850443683737,10.324199150906985,284.61200000000025,292.0920000000005,309.56879999999927,299.66524999999956,27.25833675035998,9.882086,14.418670623663427
CAH,"Cardinal Health, Inc.",228.26,USD,-0.7953409535399245,646518,0.34926531264263744,52855734433.92464,USD,Distribution services,Strong buy,229.49470765790895,228.76497814649463,225.58953539484838,2.819819819819816,-5.2823768621104685,11.580388131202033,225.01,229.35050000000038,232.6693999999999,218.0332499999999,31.538078921189346,12.542576,12.39381939591583
DVN,Devon Energy Corporation,47.55,USD,0.8269720101781184,3908426,0.3681078748189894,52304999830.61069,USD,Energy minerals,Strong buy,47.42991262477467,46.865395838401255,46.129923291703165,-0.6061872909699126,-1.7967781908302447,29.63467829880043,46.816000000000045,48.255500000000026,46.923999999999914,44.59677499999997,11.260034573397427,5.212482,-5.407342696503363
FANG,"Diamondback Energy, Inc.",184.445,USD,-0.5740930408064243,1392073,0.6092351707375184,51649090264.856026,USD,Energy minerals,Strong buy,193.1351194948654,193.6853412931591,192.02530409946226,-1.0806607315241954,-8.158641637205605,22.07220622786988,184.5889999999999,193.55250000000012,197.6353000000002,184.62782499999994,35.7347670250896,20.903848,-63.303828516583124
SRE,DBA Sempra,78.42,USD,0.47405509288917946,1368054,0.40621789338786807,51278870637.99206,USD,Utilities,Strong buy,82.15484069957425,84.22571392525063,86.26892656056104,1.226281141086876,-6.18495035291303,-11.609558160504957,77.89999999999985,80.87950000000008,84.02879999999998,90.04401500000003,22.725823745906627,5.115432,-16.443895588164086
O,Realty Income Corporation,54.015,USD,0.9060339996263767,4979094,0.5218219427067302,51109968350.66122,USD,Finance,Buy,58.330733855680954,59.66639920486363,60.59992891927424,-2.587917042380527,-12.256335282651076,-4.143744454303462,54.46699999999996,57.131749999999954,60.61130000000001,61.81977500000003,39.50775307197191,1.521785,33.38536585365854
NDAQ,"Nasdaq, Inc.",90.285,USD,-1.5108541507581599,1742737,0.5618785114646327,50467269574.464325,USD,Finance,Strong buy,93.19935877166729,92.83487728014786,92.01715528167739,-4.571398372265091,-7.44271874519453,-7.161953727506431,91.68699999999993,92.74574999999992,94.92129999999986,90.65672500000015,26.309884601934957,4.125982,31.852762621993403
ROK,"Rockwell Automation, Inc.",453.15,USD,2.418352356198438,405585,0.6999603065028304,50321712165.673965,USD,Producer manufacturing,Buy,439.24256548715226,440.89572051788053,438.63290170293925,4.4196603451851395,7.856904841243393,15.599489795918362,438.73600000000016,428.0474999999998,437.7743999999995,423.80029999999977,42.4727252277584,13.232506,25.185680594177896
NKE,"Nike, Inc.",33.785,USD,-3.8833570412517835,119251917,2.3050408819731354,50120006225.59118,USD,Consumer non-durables,Buy,37.23533245643325,38.902122801393354,41.38634238137331,-4.156028368794336,-11.220601760609654,-47.21093750000001,35.312999999999974,36.237250000000046,38.9459,48.715525000000035,16.193740114077553,1.401938,6.923944239442394
EW,Edwards Lifesciences Corporation,85.615,USD,0.49888484563915625,1251245,0.3721120716523172,49348489504.39611,USD,Health technology,Strong buy,87.27461998524836,87.37109492582329,86.88446165129511,-1.2058619893838007,-6.395889137921619,0.18137140182541675,86.40700000000012,86.94925000000008,88.49009999999997,85.131375,50.804058865416565,3.001079,15.046422719825225
CRWV,"CoreWeave, Inc.",89.42,USD,0.9596928982725624,19155628,0.7303630803520033,49318401313.13244,USD,Technology services,Strong buy,87.63940989736065,88.53799908667152,90.06302449237552,-1.0457588668178976,11.649394431264824,20.952252130393607,87.22200000000007,87.1825,86.69320000000002,92.27797500000008,nan,-4.047184,-47.0942608136873
WAB,Westinghouse Air Brake Technologies Corporation,288.7,USD,0.2987770983879981,503301,0.6617287138546364,48764559723.04058,USD,Producer manufacturing,Strong buy,286.2458889629888,283.69593556980504,277.90440355011077,-0.7767390706626309,2.80606794387864,35.146521861248935,289.46400000000006,284.7045000000001,290.60899999999987,261.49629999999945,38.88110757959381,10.862538,10.817264640916962
F,Ford Motor Company,12.135,USD,-1.1002444987775044,34234187,0.8016438615837014,48389473006.544014,USD,Consumer durables,Buy,13.35766628829584,13.593940558466398,13.66350505379175,-3.7286790955969904,-12.572046109510094,-7.928679817905918,12.228999999999978,13.155749999999989,13.788099999999993,13.494000000000014,nan,1.850104,-320.88809493428613
STT,State Street Corporation,175.96,USD,0.7673805978696617,681392,0.3100257282516605,48336518878.99622,USD,Finance,Strong buy,183.6293376636862,181.48656472770764,175.1988379770575,-3.0950545214230667,-6.194690265486727,36.83801228711408,176.53600000000023,183.72849999999997,186.19260000000003,154.9243000000001,15.514565846088736,13.701731,27.095263175588595
ETR,Entergy Corporation,100.755,USD,0.35358565737050773,1155307,0.3925838829066622,48138469299.94257,USD,Utilities,Strong buy,103.74340874365724,105.51136644660838,106.54959973318736,2.8112244897959138,-5.933152833535622,8.84195743761478,99.655,102.26024999999979,105.57649999999994,106.24797500000011,25.761953464587062,4.399133,-2.653325368379127
BDX,"Becton, Dickinson and Company",176.715,USD,-0.7609367102824675,819115,0.5821822514780841,48134837162.85612,USD,Health technology,Buy,178.99901560643812,175.41914919613242,170.74716003939935,-1.3977234683629034,-5.716800939017236,15.739218629887105,179.9169999999995,180.9882500000001,180.09190000000018,162.49061630299934,53.30126078301261,12.672682,-40.38122639812983
COIN,"Coinbase Global, Inc.",182.245,USD,-3.7218025252258378,10628513,1.3376899966472522,48082974065.000015,USD,Finance,Strong buy,180.9662690564518,177.57727168501913,178.49885842536446,-8.493171319542073,4.558232931726903,-20.967497126997547,187.9510000000003,185.82274999999998,172.8213000000001,185.4051250000001,nan,-2.868849,-137.16237133348812
AU,AngloGold Ashanti PLC,94.885,USD,0.7271762208067964,832445,0.41022369633260436,47917632884.40541,USD,Non-energy minerals,Strong buy,100.16532033932663,98.7573242539226,96.95283798144132,-3.6504874086108843,-13.897459165154263,8.91924467657695,94.08700000000002,100.67674999999996,99.75229999999996,96.851425,12.698572021252392,8.974367,9056.985294117647
EBAY,eBay Inc.,107.2,USD,1.237132873736899,1640424,0.4571210611295413,47703999724.634995,USD,Retail trade,Buy,107.885450823609,107.85616336739884,106.75539514508495,-0.8967366182860301,2.4464831804281366,23.218390804597703,106.33400000000006,107.46449999999979,107.33560000000001,101.05064999999996,22.193238515206094,6.14079,6.7398846485316035
TEAM,Atlassian Corporation,187.57,USD,-1.2321626033384252,1159120,0.4360350677343643,47481249429.201195,USD,Technology services,Strong buy,174.73424871723267,159.52281916333885,143.67876098473508,-2.3123795635643964,0.0026657425425828125,15.683976810164063,182.25400000000008,186.5719999999999,163.60980000000004,112.35557499999997,nan,5.493254,80.95723014256619
A,"Agilent Technologies, Inc.",167.55,USD,0.5219582433405354,1286101,0.49253347633809513,47237173894.939705,USD,Health technology,Strong buy,157.23572058825766,151.49569276579533,145.31099144742242,-2.575880916385614,12.411942301241194,22.981503229594832,171.35600000000008,159.6504999999996,152.52700000000002,132.82575000000006,32.9881278179205,6.200841,19.1074736768051
MDLN,Medline Inc.,35.505,USD,1.6170578133944045,7068611,0.7505525821438418,46678686897.51089,USD,Health technology,Strong buy,34.950790187283694,35.75933921599441,36.983088773892305,1.908725602755451,-0.1546681664791893,-15.282748747315663,35.03899999999999,33.847250000000045,35.332,nan,41.633442776735464,1.491746,-46.20915857196922
VST,Vistra Corp.,139.05,USD,-0.5008944543828183,8462384,1.6646652706171052,46670073568.988914,USD,Utilities,Strong buy,142.82611515409837,145.21053216372385,148.3888903334796,0.06476683937824079,0.8924684370918722,-15.156507413509045,139.1999999999999,142.2995,143.29320000000016,154.9083500000001,23.47152358124304,8.645907,-6.008345364832065
P,"Everpure, Inc.",140.0,USD,4.376351300976668,3077367,0.5613944315949038,46651818715.27622,USD,Electronic technology,Strong buy,111.45320094242773,103.13952384209023,95.0853254341699,13.932291666666671,49.26964495148735,104.58863071752153,132.87199999999999,111.64599999999996,102.04439999999998,78.61239999999997,191.0219675262655,2.777491,79.9852652259332
HUM,Humana Inc.,386.21,USD,1.7198693636746663,353678,0.31248544935013206,46376214474.630875,USD,Health services,Buy,389.91056012949997,381.1306029234252,361.83607170928076,-0.8955606877084961,-2.390881289963868,50.83971254491484,384.79199999999986,390.09249999999986,385.3227999999999,293.23895000000016,36.57499479137072,9.158001,-18.957127726526167
VMRK,Vivmark Residential,59.84,USD,-0.5484460694698325,2090363,0.4500841511205386,46302940759.22485,USD,Finance,Buy,63.29812859098144,64.21624415674181,64.61086363201007,-1.9337921992789244,-8.752668496492827,-3.979460847240046,60.698000000000036,62.864999999999995,64.89699999999998,64.05960000000006,26.262892253675663,1.2675,-12.81472411418075
FITB,Fifth Third Bancorp,51.055,USD,1.2795080341202205,3517621,0.5086368040979844,46301400436.121315,USD,Finance,Strong buy,53.52607035467682,53.88631223487593,53.49827679629678,-0.8448242377160657,-4.409286650439987,8.975453575240124,50.91699999999999,52.81325,54.855899999999956,51.68337500000001,17.376876212518294,3.061141,-8.564404195064261
AZO,"AutoZone, Inc.",2811.5125,USD,-0.2666697410102192,95693,0.2036499637361627,45898941615.5305,USD,Retail trade,Strong buy,2910.752884466408,2968.268102685218,3057.824648501062,-2.2986558523244596,-5.222035315295887,-16.703576856644283,2849.962499999997,2875.178125000008,2964.0440499999986,3296.771062499999,18.401733283066683,170.694752,5.448444312237702
CARR,Carrier Global Corporation,55.34,USD,0.2173125679101857,3560675,0.5777771337613353,45618150561.976456,USD,Producer manufacturing,Strong buy,58.15056816862221,59.940753135077635,61.24780224584259,0.23542194856936358,-3.3356618931191,4.217661457352668,55.33599999999997,55.955000000000055,59.49619999999998,61.62612500000003,38.99654710732155,2.890761,-43.37642646237332
PYPL,"PayPal Holdings, Inc.",52.68,USD,-0.7161703731624623,6143317,0.5127855301343656,45065680138.52996,USD,Commercial services,Buy,54.20910716967131,53.66723413193814,52.79279464161568,0.1711351968054693,0.20924481643522813,-10.209647179137553,53.28800000000007,53.266999999999925,56.50489999999998,50.25422500000007,9.955024755281755,5.387006,13.295366960691968
TWLO,Twilio Inc.,293.17,USD,-2.688618183025182,2220158,0.6692233197239476,45023647315.12872,USD,Technology services,Strong buy,251.37739555906302,237.67784762567592,220.63492889927687,2.2638481931073002,29.669600601530366,105.22926146307317,292.932,261.44749999999993,237.15519999999998,176.10295,40.7939776806835,5.929551,5800.328407224959
WDAY,"Workday, Inc.",186.54,USD,-0.11244979919679142,761829,0.43496424442255816,44956140000.0,USD,Technology services,Buy,185.98865425387052,178.657695721405,171.11737611144844,-1.9036600757257072,-5.89244274038947,-13.317843866171001,188.30400000000003,189.95950000000002,185.89480000000015,157.2476,37.85769371270853,11.085128,127.87772279517178
CCEP,Coca-Cola Europacific Partners plc,101.38,USD,0.5853755332870217,1630172,1.0262606234309863,44933402809.67536,USD,Consumer non-durables,Buy,103.25024711578061,103.30042396434514,102.3347325685035,1.1877432877532665,-6.086150995831409,11.849073256840242,101.80799999999992,102.30249999999981,105.80580000000003,98.79244999999993,19.585796530273175,5.03425444752,42.72872663100424
XYZ,"Block, Inc.",74.575,USD,0.7225823878984287,2552752,0.615659346827849,44804435262.738045,USD,Commercial services,Strong buy,77.94034144112615,77.77500252655206,76.37160190702423,-2.5290811658606747,-3.0990124740124623,13.473828362751073,73.901,77.02525000000004,79.66809999999995,70.13637500000002,132.76660138864165,4.056316,-87.9842556741609
XEL,Xcel Energy Inc.,71.3797,USD,1.1760453579022005,2408687,0.46086219522244787,44586213611.97274,USD,Utilities,Strong buy,73.95548864110671,75.37678520346088,76.56464718634953,2.7046043165467624,-6.3872786885245905,-3.305743700894058,70.4979399999999,72.57048499999993,75.8059939999999,78.06947350000004,19.53895215153838,4.116038,1.3426542387927207
NTAP,"NetApp, Inc.",226.88,USD,5.501046268309688,3323622,1.4005471267124785,44563544792.04055,USD,Electronic technology,Buy,199.53607355297046,189.84520902479568,176.50342263353735,14.98074194202311,21.228960726689817,110.7570831398049,213.1199999999999,197.9059999999999,192.3412000000001,138.7627499999999,32.02258292166549,9.999536,25.18552547883242
MCHP,Microchip Technology Incorporated,81.59,USD,3.936305732484081,4456450,0.578639510993034,44304077140.010315,USD,Electronic technology,Strong buy,77.94082270777533,78.88601221467523,79.51623866327206,8.497340425531915,14.175762664427666,25.02298498314434,78.92199999999994,74.85549999999999,75.80040000000017,78.89085000000004,121.97637912991478,3.640811,nan
ADSK,"Autodesk, Inc.",211.83,USD,0.24608395248687248,816200,0.46422274228465726,44272469488.74497,USD,Technology services,Strong buy,221.03260269782803,223.80284700124804,227.50277895510132,0.2271114265436566,-14.134576408593425,-28.435810810810803,208.50199999999995,214.54750000000007,233.4075000000001,238.96537500000005,27.439830047410556,12.592998,60.05888329082955
VTR,"Ventas, Inc.",84.34,USD,0.7285321867908747,1464504,0.4653675791670074,44223372940.38409,USD,Finance,Strong buy,88.39670518680437,89.03501451637432,88.601439526746,-3.1242821042958866,-8.296183538110249,9.008659687217266,85.40800000000006,87.56050000000002,90.71180000000012,85.91509999999992,154.69552457813646,0.582831,26.057803468208096
VEEV,Veeva Systems Inc.,273.04,USD,-3.1532649948568747,674215,0.5054423808130485,44207589615.29827,USD,Technology services,Strong buy,259.27329903701184,244.8691001482261,230.15376425208186,-1.3726340124259337,-1.882995544056329,22.21476209659372,279.7900000000001,269.63500000000045,250.72839999999994,201.22359999999998,44.92193284085487,9.235162,24.69687955193567
RKLB,Rocket Lab Corporation,73.85,USD,4.811240420096509,23715356,1.1051031958205313,44196254018.48283,USD,Electronic technology,Strong buy,71.2477984603783,73.99336911576545,76.81347362930325,-0.4045853000674462,18.444266238973526,4.558969276511396,71.17599999999997,67.79600000000002,69.75899999999994,81.41359999999996,nan,-0.277471,38.885245901639344
RVMD,"Revolution Medicines, Inc.",206.03,USD,0.06799747437953023,1092472,0.5236052320838426,44159733672.52023,USD,Health technology,Strong buy,201.23479642703197,195.14861701383248,182.63882787060913,2.7376084571656576,-2.5217638152914517,156.6072985427824,204.68000000000006,201.52550000000008,202.37549999999996,145.92687500000002,nan,-9.653485,-95.67340777410264
LHX,"L3Harris Technologies, Inc.",237.04,USD,-0.5704697986577238,947815,0.6285734711707661,44140311178.263084,USD,Electronic technology,Buy,253.53969078214786,264.33280073522565,276.7398586375147,-0.4493721389273955,-10.381852551984881,-19.37414965986395,237.27799999999934,244.58699999999968,265.15160000000003,310.6050499999994,23.941499676793793,11.982177,10.543180930050802
AMP,"Ameriprise Financial, Inc.",492.04,USD,-0.5618204599652344,264087,0.37537919998362523,43463478918.77273,USD,Finance,Buy,525.327646874987,523.6035197476644,515.199203350258,1.165779139338367,-9.58637290751732,0.41632653061224906,494.538,526.5369999999994,543.4958,493.1265500000002,11.86908403207287,46.426923,28.977620972132762
FERG,Ferguson Enterprises Inc.,223.48,USD,0.8984604271073098,1246105,0.8595598872374528,43232813376.44427,USD,Distribution services,Strong buy,226.448713374642,229.17189854493103,231.70069031007375,1.5264401235689555,2.38695194025747,0.14339487363326456,223.75199999999967,221.10249999999996,231.9792000000001,237.79775000000035,20.004296609259193,11.364762,37.48477054284554
FLEX,Flex Ltd.,116.94,USD,3.6885972690193265,1017208,0.38285108602466766,43197980985.44263,USD,Electronic technology,Strong buy,115.41942535389067,116.68708962701983,114.84041018041253,2.1934807305776376,9.504635265474286,90.33203125,113.31599999999995,111.70300000000006,114.10499999999998,99.61345,45.15406595103869,4.701667,13.732378902990646
IQV,"IQVIA Holdings, Inc.",258.26,USD,-0.9435409634857457,717428,0.5345321964101909,42509597775.09174,USD,Health technology,Strong buy,255.95412436248728,244.97031083708336,231.5179478645949,-6.0531102218988675,0.10077519379844609,14.573443946586218,265.5579999999999,266.2030000000001,253.79639999999995,205.8330000000001,32.03542677102844,12.968233,16.773614148934634
EXC,Exelon Corporation,40.675,USD,0.5065480602915698,3918508,0.43844142263920216,41986928903.16407,USD,Utilities,Buy,42.62865698830706,43.549009255920176,44.36123564240122,1.358086219785683,-6.836921667430142,-6.623048668503225,40.50300000000003,41.87150000000003,43.88220000000007,45.64310000000001,14.9019967026928,2.857073,3.6177966745121837
WAT,Waters Corporation,425.04,USD,-0.11515051817732058,362647,0.49890992816270446,41759375666.26222,USD,Health technology,Strong buy,414.8559006390995,404.6279077022127,391.6286444374084,-0.8560565417181683,5.062289895194784,12.103389159963088,435.23199999999997,421.71999999999997,410.1802,363.5433499999994,106.13264083100279,14.57421,-63.8963263466306
KDP,Keurig Dr Pepper Inc.,30.565,USD,-0.40729879439556854,4232481,0.4157962004947345,41593648935.815414,USD,Consumer non-durables,Strong buy,31.34179985925651,31.227972661371584,30.878684597883908,-1.0200777202072466,-4.900435594275045,9.867002156721787,30.816999999999997,31.406750000000006,31.251199999999997,29.427499999999995,30.976994020472283,2.292276,-12.456747404844288
IDXX,"IDEXX Laboratories, Inc.",520.96,USD,0.619990342829558,137994,0.345064709947998,41041812431.16099,USD,Health technology,Buy,529.8096005100856,538.3326747662085,549.8687796780807,1.9610913218773318,-4.713478316536495,-22.995284761946984,524.6800000000001,517.4439999999989,543.8477999999991,587.9642000000002,36.61486776168287,14.755677,18.42736095620182
CRDO,Credo Technology Group Holding Ltd,218.21,USD,3.82547461578723,8412268,0.9976333409161489,41012988009.067375,USD,Technology services,Strong buy,205.91473862949533,208.0813304308609,204.49799328734912,8.244456570266385,15.678426591035608,47.04177897574124,201.63799999999992,181.22199999999992,208.05529999999985,177.36597499999996,77.87095853258154,6.296477,312.1488454184439
ILMN,"Illumina, Inc.",271.3493,USD,2.1185082041246424,1673240,0.593159578693772,40973744487.898056,USD,Health technology,Buy,235.04363356046136,219.62872921529393,201.89531903206105,-0.29787624926513706,30.06868948327103,106.61638620269551,270.92985999999996,241.32196499999995,218.85688600000006,162.69484650000007,50.56920553867945,5.353404,-32.04022442595337
CMG,"Chipotle Mexican Grill, Inc.",32.215,USD,-0.3248762376237527,8232004,0.5265491491239811,40765439478.53527,USD,Consumer services,Strong buy,33.90079469308721,34.13200873767953,34.300944520589844,0.8294209702660537,-14.526399575484199,-13.516778523489924,32.04300000000002,33.83975,34.6817,34.872099999999975,29.7158933677705,1.149294,-4.172191284363114
LYV,"Live Nation Entertainment, Inc.",168.985,USD,1.2795924483068741,1001411,0.5590042487540465,39818590193.9401,USD,Consumer services,Strong buy,172.76603044682946,173.37883080047504,171.83666507700977,-0.9408523360103112,-4.764990982867439,18.64424629642632,169.62299999999988,170.0292499999999,177.24290000000005,163.7968249999999,nan,-0.351017,-148.655692133953
AIG,"American International Group, Inc. New",75.42,USD,-0.013257324671887996,2651976,0.5331424832160108,39436599830.70449,USD,Finance,Buy,75.81129879620089,76.22208555637599,76.55789958748478,0.7615230460921943,-0.9716386554621782,-11.510031678986275,74.66399999999992,75.16199999999984,76.59379999999992,77.10862499999983,13.81723582002052,8.060629,1.1714116251482827
MSCI,MSCI Inc.,536.5,USD,-1.6300262197693367,219481,0.3989296490732853,39003549410.76386,USD,Commercial services,Strong buy,556.7350563247967,563.0454227996246,567.6352197315514,-2.8202945278678517,-4.728925825297888,-6.135731406476905,540.6060000000002,549.8185000000001,560.5654000000001,572.7928500000007,29.34468103726474,19.704246,21.125612826288588
PRU,"Prudential Financial, Inc.",112.528319,USD,-0.5318492000353569,1182662,0.8573808092189197,38822269112.04193,USD,Finance,Buy,117.86354498087569,117.04176806970455,114.85793810425477,-5.573282705378875,-4.149643100511081,-0.3027208292726219,114.07766380000028,117.56291595000008,120.10176637999993,108.70679159500038,10.192782518115942,14.418721,144.26399982299708
ADM,Archer-Daniels-Midland Company,80.3601,USD,1.0564637826961856,1507556,0.5713339346486475,38730319593.439835,USD,Process industries,Buy,82.13731541800072,81.44505107824912,79.76511409478657,-1.2653888684113501,-5.067808623744835,39.90268105849584,79.80802000000003,83.526005,81.88220200000004,74.40707549999996,21.99718055403482,5.477036,60.792253521126774
ED,"Consolidated Edison, Inc.",103.48,USD,-0.019323671497580696,1320291,0.5817316767151882,38135455852.51749,USD,Utilities,Buy,105.76970449043995,106.73434380171551,107.35362435297141,0.8478705779163869,-3.9806996381182076,3.8642979022382904,103.07000000000028,104.83300000000013,107.06540000000001,107.8985999999998,16.99402220324509,6.105548,10.407600812300547
SYY,Sysco Corporation,77.515,USD,-0.32788993185032206,1594482,0.36430140424525936,38130709811.82378,USD,Distribution services,Buy,80.19331612320188,80.60861406771099,80.54806417493904,-0.7617462552810125,-6.042424242424242,6.2868504044974545,78.061,79.4092499999999,81.8055,79.84669999999994,21.212577308302777,5.081573,-2.142359809329979
DHI,"D.R. Horton, Inc.",135.745,USD,-0.9594338246023623,1682921,0.6061333271384536,37968051470.016235,USD,Consumer durables,Buy,141.60313875997412,143.73873848977158,145.59522666304346,-3.432453581845336,-4.256594724220621,-5.954690314535124,137.65499999999986,139.18124999999992,144.16610000000026,148.53027500000002,12.914074243202618,10.45822,-15.746358980113653
TTWO,"Take-Two Interactive Software, Inc.",203.02,USD,-0.2946665357037591,835572,0.3734880401599812,37960767659.75052,USD,Technology services,Strong buy,215.62080762948878,220.65568147728166,223.4134453913236,-0.22606644387653801,-6.035360547995923,-21.219999611959402,203.85399999999993,208.9855,226.2125999999997,224.57054999999968,nan,6.945865,92.76511480231275
CBRE,CBRE Group Inc,130.47,USD,-0.04596644449552001,1224962,0.5836349032694003,37780891305.11974,USD,Finance,Strong buy,139.58883760893562,140.81761823184894,141.61963394607946,-4.4945465192884955,-10.76533752821285,-18.613935499968814,130.1320000000002,137.4545000000001,144.0142000000001,145.1567999999999,29.91607814363019,7.834381,22.18642310817247
ODFL,"Old Dominion Freight Line, Inc.",180.735,USD,1.4795058955643006,845781,0.503275230257458,37476601521.608345,USD,Transportation,Buy,187.7948534577748,194.85669495207586,198.99881638168338,3.5730659025788043,-3.148277155565082,14.57052297939779,177.39699999999993,178.30524999999983,196.58289999999997,199.8013999999995,34.78281788264275,5.842444,1.4843460088670244
CBRS,Cerebras Systems Inc.,166.49,USD,-1.7873997168475702,9151852,1.2240097351005903,37268543108.55185,USD,Technology services,Strong buy,194.21997760285032,200.21605198127259,209.04476190476194,-21.396534630093004,-2.0647058823529356,-52.43142857142857,181.0700000000001,194.10800000000006,201.05550000000014,nan,nan,nan,-275.7404326123128
YUM,"Yum! Brands, Inc.",136.56,USD,-0.09510571365864032,968224,0.46357691042026783,37267373861.33762,USD,Consumer services,Buy,143.29454568292476,146.16678299453415,148.7460199215361,-0.3138915249288319,-10.146071851559407,-9.885178830671764,137.11999999999998,140.50899999999993,146.67379999999991,153.97669999999997,17.174550073572874,6.544868,57.04100173803127
OKTA,"Okta, Inc.",211.81,USD,-0.3856464280675319,1358925,0.35920780237119837,37028785019.40469,USD,Technology services,Strong buy,177.63755996057384,164.23117307879164,148.65628491586136,3.8284313725490207,27.197934182080225,143.04073436603557,208.1219999999999,191.08524999999995,164.7598999999999,112.13752499999998,127.95867818522322,3.928428,95.17745548873954
UI,Ubiquiti Inc.,609.34,USD,-0.049209369463938474,68558,0.6860005183177288,36882364776.15961,USD,Electronic technology,Buy,580.9827850313291,586.0147724849395,602.1007965958127,7.206446391498652,4.262272641719297,9.028771829373039,579.84,570.8570000000002,569.9545999999998,657.4191000000002,38.43252516588037,17.714,34.80826460335006
UAL,"United Airlines Holdings, Inc.",112.55,USD,0.688853104312038,2686665,0.6882975492680873,36531902998.74664,USD,Transportation,Strong buy,113.51920366146798,114.12768196980144,113.26202823896965,-0.5829873686070105,5.383895131086143,-0.04440497335701346,111.88799999999999,110.32574999999994,115.85670000000003,109.12287500000004,10.51928145503486,8.924026,7.196601576980504
HEI,Heico Corporation,304.17,USD,-0.7245667286791249,306833,0.6582605169835689,36169432539.60864,USD,Electronic technology,Strong buy,320.4033621709233,325.8206243812585,326.7770581657691,-0.8636985854898563,-6.570217471433833,-5.893818451828479,305.09200000000027,306.94050000000004,335.7474000000002,322.22899999999976,50.63171036204744,6.311935,31.659690109360284
VIK,Viking Holdings Ltd,80.595,USD,3.0626598465473096,2371961,0.4342810709276321,35958030903.53286,USD,Consumer services,Strong buy,86.27846626222266,88.39210931143386,88.36377357598026,0.018615040953090804,-6.415466790524856,12.704516850790089,79.0269999999999,82.80675000000006,91.82270000000003,83.96172500000003,26.72425227137078,3.246043,62.43671226974038
PAYX,"Paychex, Inc.",98.88,USD,-1.9436731455771596,1192428,0.30056030849003446,35199347471.59064,USD,Technology services,Buy,110.83297496064881,111.22877720045084,109.91595594158662,-2.2731765170982516,-20.902327813774903,-11.808776311095263,99.36599999999996,110.21850000000003,117.0485,103.80814999999993,19.639310399618655,5.960869,12.930937801404108
ROP,"Roper Technologies, Inc.",355.37,USD,-1.9912297636448801,362821,0.44226857972106265,35146402270.59483,USD,Technology services,Buy,376.95011361343234,376.97555917560504,375.5980683220517,-1.9181938617796392,-16.000094549236515,-20.093090189553216,354.16399999999976,373.06299999999976,390.88119999999975,369.1594999999997,14.726883182004666,22.217503,69.57863076079778
EME,"EMCOR Group, Inc.",792.6175,USD,3.0671755328140615,177678,0.5488232045359352,34962281127.58617,USD,Industrial services,Strong buy,774.9045727146984,779.2204648716522,780.4378604280287,5.084054781444307,7.839115646258496,28.571486504022825,768.7375,756.9248749999995,772.037950000001,772.7423375000002,24.594445737336127,32.949496,33.73516474396216
KR,Kroger Company (The),59.165,USD,-0.5295897780766606,2586143,0.3265358045146066,34942179224.9451,USD,Retail trade,Buy,58.78579631762947,59.14179632358104,60.194367742727465,0.9125021320143213,2.008620689655171,-5.123476587556126,59.54899999999998,59.20075000000004,58.17549999999999,63.511325,32.02262394457675,5.190835,-53.23242039183922
CCL,Carnival Corporation Ltd.,25.775,USD,2.8121260470682024,20453179,0.6260382336044913,34657325097.200836,USD,Consumer services,Strong buy,24.427891697701842,25.094770430392213,25.80773812718064,17.372495446265926,9.123624047417433,-16.014988595633767,24.526999999999994,22.93625,25.270899999999994,27.479489999999988,11.254967032007336,2.249054,19.226364014993738
MLM,"Martin Marietta Materials, Inc.",482.47,USD,0.6886908612809673,432854,0.4693025719733381,34265177022.104225,USD,Non-energy minerals,Strong buy,508.33265068010706,524.1098880349078,542.4661790090087,0.4706274338310422,-4.960110312222978,-22.088009689140083,482.26200000000006,494.8455000000002,521.7721999999998,589.4630000000003,11.85867027159887,18.078717,125.40291081945053
HIG,"The Hartford Insurance Group, Inc.",126.245,USD,0.40162239541912653,781287,0.4348523995786209,34196236230.36155,USD,Finance,Buy,132.14077044184106,133.71110205254755,134.50961845312347,0.6256974334449313,-8.398635901901022,-7.971278612042573,125.24700000000007,130.97724999999988,136.3132999999999,135.8976750000001,8.159103981800438,12.747066,40.27124298548596
PEG,Public Service Enterprise Group Incorporated,68.11,USD,0.32405361614376027,2737430,0.788357844185461,33947388887.681396,USD,Utilities,Buy,71.28990214150247,73.16008694960531,75.09382090704148,2.3287259615384572,-7.32072390801469,-15.695011758881057,67.55000000000008,69.74800000000003,73.13439999999993,78.87455,16.936045355082552,4.36848,1.5555555555555636
IRM,Iron Mountain Incorporated (Delaware),113.18,USD,1.8446864033114474,758527,0.5417738480037397,33694004314.548912,USD,Finance,Strong buy,116.24004908004763,117.84469175461486,117.8852633596533,-0.5622913371990743,-0.7367128573934303,36.36144578313254,111.56199999999994,113.71100000000004,119.01459999999996,112.26979999999998,80.77938762400971,2.487129,920.4661325564457
AXON,"Axon Enterprise, Inc.",413.355,USD,-2.0972975533502196,616551,0.6725202172960509,33579889550.731445,USD,Electronic technology,Strong buy,480.3994363901718,493.1404001757223,497.73288662805123,-6.931372990498485,-19.993225587922186,-27.907808221567223,420.48299999999983,455.53725,529.7901000000002,496.96182500000015,171.18984510892074,7.696134,-40.31097817219983
RKT,"Rocket Companies, Inc.",11.805,USD,-1.3784461152882284,31775248,0.7767954653413327,33427538716.422306,USD,Finance,Buy,12.880615973936555,13.280764892294291,13.796216067843583,-1.4607679465776353,-9.470858895705518,-39.46153846153846,11.723000000000022,12.603749999999994,13.3721,15.566399999999986,78.54291417165669,0.61571,nan
EL,"Estee Lauder Companies, Inc. (The)",91.78,USD,1.762944894112433,1144068,0.39928879166303843,33253986470.025505,USD,Consumer non-durables,Buy,94.00532330236119,92.5916917036317,91.2280771388299,-3.501209126274838,-8.219999999999999,-13.099465038110111,92.93600000000004,96.26249999999996,93.75159999999991,92.11260000000006,184.44533762057878,3.319311,nan
TKO,"TKO Group Holdings, Inc.",175.675,USD,-0.2073392410815614,440241,0.43366135975144315,33249955781.935215,USD,Consumer services,Strong buy,185.2088688734767,187.33678559019347,189.50509919314422,-4.4673446081896655,-4.081354081354078,-16.31734387653027,178.11899999999997,186.72975000000008,188.1604999999997,196.61092500000012,60.77037498270375,4.632927,33.093922651933696
STLD,"Steel Dynamics, Inc.",231.7,USD,2.445063447848964,332231,0.40143837342005784,33209119223.07954,USD,Non-energy minerals,Buy,237.20095592771972,237.83551121320198,234.13094029802448,-1.5885151206252162,-2.1950189953566976,34.999708675639454,226.35399999999987,234.57100000000005,242.8714999999999,216.86827500000018,21.017779390420902,17.405298,60.82161405146758
WEC,"WEC Energy Group, Inc.",101.585,USD,-0.14253415904847166,1314212,0.42837985752963137,33101408859.48211,USD,Utilities,Buy,104.82046883686823,106.72887931036155,108.52029012150787,0.5792079207920731,-4.1470088695980465,-3.8658086495694217,101.62499999999983,103.38725000000008,106.62550000000014,111.27422499999986,19.67405198125266,5.601084,-1.0217187110625514
KVUE,Kenvue Inc.,17.205,USD,-0.08710801393728554,8384645,0.4755610242630844,33046907774.755226,USD,Consumer non-durables,Buy,18.10770320731266,18.291113499531097,18.3255347455009,-2.1887436043206456,-8.288912579957374,-0.37637521713955574,17.574999999999992,17.81374999999998,18.639900000000004,18.03427500000001,19.94551356364479,1.175875,17.18516505909524
VG,"Venture Global, Inc.",13.2066,USD,3.4189506656225555,8280859,0.6023851000691005,33017727566.397366,USD,Industrial services,Buy,13.69894226053189,13.587287023503496,13.283971898552169,1.550173010380616,-10.463728813559323,92.51603498542273,12.80932000000001,13.956329999999998,13.85273200000001,12.051507999999995,10.036935704514363,1.696455,147.3308270676692
RPRX,Royalty Pharma plc,57.125,USD,-0.8762797154259977,1292001,0.5082966979034155,32849808621.01987,USD,Health technology,Strong buy,58.65930191067057,58.155216095959766,56.57742531105898,-2.3504273504273505,-8.833386530481961,47.62889262178576,57.940999999999974,58.83224999999999,59.41650000000008,51.081249999999976,30.409901517167953,5.342697,-18.219416630387464
ON,ON Semiconductor Corporation,84.14,USD,5.069930069930074,17088108,1.573771510008748,32756687737.715034,USD,Electronic technology,Buy,78.93288502765076,81.20360492360135,82.64932161838536,13.289349670122533,15.48174581388965,52.289592760180994,78.538,73.74699999999997,76.63020000000002,80.45115000000006,54.17900837089505,3.197976,44.896435902220546
BIIB,Biogen Inc.,220.6,USD,-0.996319899470424,460502,0.39171710339177057,32594532987.09182,USD,Health technology,Strong buy,217.8102945814024,214.08193229154438,208.52188711430546,-3.360056073947525,1.0999083409715884,25.79118435308205,225.01200000000023,220.58549999999997,215.30939999999933,195.19492499999978,39.067757588637406,12.417493,-45.98105806945374
HSY,The Hershey Company,160.85,USD,0.9730069052102842,693313,0.5135272222097952,32318933369.690517,USD,Consumer non-durables,Buy,170.9910686942879,174.3070097379782,178.33066034268165,-3.3933933933933966,-8.954548027395706,-11.611166062204637,160.71599999999998,168.04600000000005,176.2312000000002,190.94805000000034,23.49959093034128,8.492929,-9.041620156274913
DXCM,"DexCom, Inc.",85.2798,USD,-1.101936680969511,1350604,0.41228819085083135,32181250395.013817,USD,Health technology,Strong buy,85.80378927407952,83.75573347300089,80.6551249488147,-2.403524834058138,-5.276241252915702,27.990094552003605,86.22395999999996,86.56199,86.37419600000001,73.04944899999995,33.662193100181575,2.668681,77.35928311397369
ZS,"Zscaler, Inc.",197.08,USD,-0.8552168226179638,1039097,0.38158753136832263,32134820622.015293,USD,Technology services,Strong buy,182.34626095918318,175.06089200828265,170.61819922966046,-4.330097087378634,11.48319945695215,-13.073394495412838,198.60499999999993,191.51574999999997,179.09810000000004,166.42394999999982,nan,4.879695,-47.39000745712155
JBL,Jabil Inc.,305.12,USD,1.7779112045098182,846503,0.487991333904163,31972636739.889122,USD,Producer manufacturing,Strong buy,314.04368275685295,317.9955650499001,317.33154811887033,-4.3151028600100325,1.9513499064421387,31.920965022266422,305.9079999999998,306.0520000000002,316.87080000000003,301.6595500000001,31.210171537289156,17.677136,64.09245023330762
EXPE,"Expedia Group, Inc.",266.115,USD,1.31153157954848,760489,0.28753009137615404,31938827948.463036,USD,Consumer services,Buy,282.14069322995795,281.1821506895763,274.9334898692042,1.5124928476063446,-13.224312779208924,-5.97307610769556,264.5410000000001,275.20474999999993,298.0444000000001,260.08260000000007,16.597436617082984,20.933907,96.19323813369553
ACGL,Arch Capital Group Ltd.,93.45,USD,-0.8593252705283282,1380222,0.3314500393497588,31887862544.699234,USD,Finance,Buy,96.37589588369225,96.86501376390356,96.82698298382486,-1.951526597418948,-5.9291322730018114,-2.422470502244955,94.01800000000003,95.67125000000007,98.20180000000003,96.36740000000005,7.302321583459011,9.489373,32.18712556294673
QSR,Restaurant Brands International Inc.,69.87,USD,0.15768348623853126,1940234,0.7949145045551302,31756714630.900803,USD,Consumer services,Strong buy,74.10875652511729,74.70314801909782,74.75377606137837,-0.3352114685115176,-10.823229100191437,2.719788297559554,70.72400000000007,73.83499999999992,75.41900000000004,73.63949999999996,20.651434989507287,4.0455,28.374122557389498
MTB,M&T Bank Corporation,219.245,USD,0.8718656544743549,454428,0.5320728604530537,31662543761.945206,USD,Finance,Buy,231.08407985374413,232.86916024558477,231.36643141163242,0.27212439972558833,-6.1129667694415915,9.098825636942673,218.42700000000005,227.49724999999995,238.6402999999998,223.9116250000001,11.576132295637667,19.324076,22.687551418336348
SUNB,"Sunbelt Rentals Holdings, Inc.",76.985,USD,1.818542520830578,2184628,0.5294257435263471,31545750509.844334,USD,Finance,Strong buy,75.0177152615473,75.07177533671798,74.77873515493347,5.734102458453505,14.885837934636612,5.4589041095890405,74.895,73.33125,75.1205,nan,nan,4.192019,nan
RMD,ResMed Inc.,218.58,USD,-1.1621071670811636,381967,0.40304989513466194,31530671090.53484,USD,Health technology,Buy,221.1886819570317,219.24656437193025,218.8383078507863,-1.1308123756106385,-6.880245388318484,-9.584281282316438,221.15200000000004,222.9409999999998,223.25779999999997,225.70420000000004,20.945207842235384,12.094763,9.756944079258734
VMC,Vulcan Materials Company (Holding Company),243.12,USD,-0.35248790884498127,516410,0.36790581223644997,31503181586.550705,USD,Non-energy minerals,Strong buy,256.4572853508802,263.9156183483896,270.8314238993093,0.3218618469918301,-6.5893111000115185,-14.71867545952013,244.12599999999998,247.46649999999968,265.1770000000002,284.06670000000014,28.69688385269122,9.082983,18.428225953003338
EQT,EQT Corporation,50.205,USD,0.2295867438610399,4716398,0.6235547881443151,31404030434.207916,USD,Energy minerals,Strong buy,51.97973828521107,52.536407945559,53.305199248833794,-1.8283144309738018,-8.900381056069682,-5.895032802249303,49.52099999999998,51.66625000000005,52.81790000000004,55.502875000000046,11.645249582482833,4.037972,131.89715453714166
RBLX,Roblox Corporation,43.96,USD,2.232558139534886,6445477,0.47545388193380556,31403966056.59535,USD,Technology services,Buy,44.30758875169818,44.77250193026775,47.25575217696201,-8.777754720896445,10.20305841062923,-46.02823818293432,42.473999999999975,46.25299999999999,42.433999999999976,55.41210000000002,nan,-1.447935,0.7500350483667568
KMB,Kimberly-Clark Corporation,94.26,USD,-0.08479966080135498,3025298,0.8224984928690002,31348899142.79097,USD,Consumer non-durables,Buy,100.95142523038177,102.61014261207956,103.52278720077838,-3.0944792844659106,-12.291802363450259,-6.848502816483836,96.75799999999997,98.44625000000002,105.20709999999997,102.61092499999991,16.06366843334072,7.375724,-19.11699840105862
NTRS,Northern Trust Corporation,171.125,USD,1.137706855791969,670874,0.7020647720403929,31308286403.21513,USD,Finance,Buy,179.52024179408735,179.16659742345973,175.62286873703474,-2.3760625249586353,-6.647209644863893,25.11881260510345,171.43500000000012,177.91224999999986,182.39420000000013,162.79544999999996,14.689219464878924,11.526205,36.923203497802106
CNC,Centene Corporation,63.07,USD,3.4103951467453655,1874501,0.44530311181069304,31156265199.109196,USD,Health services,Buy,64.27073164734747,63.69440426899824,61.43756857121438,1.5783540022547864,-3.562691131498479,53.156872268091306,62.183999999999955,64.39099999999992,64.71079999999998,52.78985000000006,nan,4.870457,-358.10710577065714
HBAN,Huntington Bancshares Incorporated,15.31,USD,0.789993416721534,14031008,0.47767795929719015,30932551524.339043,USD,Finance,Strong buy,16.31164539372847,16.57455290676386,16.71502408459552,-0.5198180636777132,-7.4365175332527125,-11.910241657077092,15.266000000000002,15.975,16.745899999999992,16.92132500000001,11.802343509096517,1.353492,-3.4102755026061105
RJF,"Raymond James Financial, Inc.",158.205,USD,-0.9733350025037422,453893,0.3805441756643822,30432585634.13702,USD,Finance,Buy,166.89722393730491,167.08262454828764,165.49760054041724,-0.6312417561710919,-8.99913718723036,-1.2638082756038054,159.39899999999983,165.41875000000005,172.49750000000017,160.89192500000007,13.790052648094559,12.136145,12.601462433135408
MTD,"Mettler-Toledo International, Inc.",1485.785,USD,0.31157800927645096,73958,0.4065715078900424,29770018435.61026,USD,Health technology,Buy,1412.5016452206928,1381.7641812847187,1351.7543034595362,-1.629049450804098,9.139757301522021,6.213229249322681,1512.0990000000002,1416.8832500000015,1408.4667,1318.6019749999998,33.44020292092701,47.324025,12.537359553407695
BAP,Credicorp Ltd.,374.34,USD,-1.0598652041760401,154828,0.5989144125046806,29729708459.999996,USD,Finance,Strong buy,380.09833298443425,378.1013119867948,370.9771989906096,-2.525778564732852,-0.15736270770544683,29.641558441558434,380.50800000000015,381.4384999999998,381.87700000000007,350.67915500000066,13.849466502893167,29.060296274789998,27.602160284009358
ALNY,"Alnylam Pharmaceuticals, Inc.",221.55,USD,-4.16558525824033,1009736,0.863774000910365,29645411327.01726,USD,Health technology,Strong buy,243.20043022531266,250.42271462277373,263.7572639104423,-10.805587986633912,-10.114410905550137,-44.52095958331246,241.78000000000003,247.5010000000002,241.5255999999997,302.8898749999999,37.40566276655017,6.667626,nan
IR,Ingersoll Rand Inc.,76.37,USD,1.4883720930232618,2442108,0.4705489192102273,29631518048.766518,USD,Producer manufacturing,Buy,76.73993275728346,77.65079575873584,78.52994785685654,1.8538276873833028,1.7995201279658872,-4.334210196667912,75.918,74.19299999999981,79.20880000000032,81.56455,31.468128064609175,3.541488,89.48313554028732
CQP,"Cheniere Energy Partners, LP",61.16,USD,0.2622950819672075,63780,0.5201821371509385,29604969466.39803,USD,Utilities,Neutral,64.84821389841498,64.90379818534406,64.31854688771001,-3.304347826086962,-13.23591998865087,13.807219947897272,61.34399999999997,65.10149999999999,66.3762,62.33046,11.0083156341121,4.690348,34.31486316603809
GEHC,GE HealthCare Technologies Inc.,64.56,USD,0.9065332916536502,1557971,0.4656823667912914,29160864012.416378,USD,Health technology,Strong buy,66.66820777166575,67.02366392947087,67.62283891744858,-2.4773413897280974,-8.399545970488084,-21.82126422862678,65.42999999999999,65.3345,68.72329999999997,71.27885,14.835922419340012,4.923888,-10.913669212029383
HPQ,HP Inc.,32.145,USD,-0.01555209953342287,6570941,0.504037974136982,28988073572.70793,USD,Technology services,Buy,31.570130322468973,30.184860612518673,28.42707979357561,1.7246835443038029,1.628201074928878,42.61313220940552,31.525000000000013,32.56124999999999,30.58229999999999,23.62817500000004,12.255518700674827,3.25732,-4.5489282724989994
ZTS,Zoetis Inc.,69.92,USD,1.1866859623733828,3362870,0.8533982296339538,28892593634.39884,USD,Health technology,Buy,73.06544318280747,75.38016066898027,80.51256125285113,-0.11428571428571185,-9.734056287115921,-44.68354430379747,70.11599999999997,72.03649999999998,74.40160000000006,98.35099999999997,11.502270184904916,6.257656,4.590502408809359
MDB,"MongoDB, Inc.",358.56,USD,1.941830381258347,2272165,0.5012521680284389,28884283276.411343,USD,Technology services,Strong buy,382.7680511633984,375.89216278933463,363.94258603046865,-14.116379310344838,-5.431773236651291,-15.112426035502963,346.17199999999946,377.92650000000015,389.6877999999999,342.8714499999998,506.01185436071125,6.558608,nan
SMCI,"Super Micro Computer, Inc.",43.755,USD,4.377385496183208,37398832,1.0629357933050547,28745519517.601864,USD,Electronic technology,Buy,39.553337472427096,37.604284045445986,35.916856123997874,4.178571428571435,16.215139442231088,46.04472630173565,41.909,40.17125000000002,36.517500000000005,32.00342499999996,13.309100863852052,4.337859,98.09592672933236
TDY,Teledyne Technologies Incorporated,619.51,USD,1.111473804472,94141,0.3301624421239874,28717802269.315228,USD,Electronic technology,Strong buy,621.6858787206153,626.0991359559098,626.5953627592555,0.8152969894222931,1.2271241830065345,20.762183235867447,611.0880000000003,606.8944999999997,633.8631999999994,623.5049499999999,29.930621986452927,24.742691,14.031501875898703
RDDT,"Reddit, Inc.",148.005,USD,-1.0198622350030133,2385495,0.5815976651785325,28475646776.70929,USD,Technology services,Strong buy,154.46114929845223,157.51473635623194,160.57227316262583,-3.093694755450792,2.7669768087765485,-36.25419932810751,145.68299999999994,152.20175000000006,156.32550000000015,168.55152499999986,34.412564812016086,5.378064,263.03705579471597
CCI,Crown Castle Inc.,66.8,USD,1.0284331518451189,1663427,0.5090539220860235,28420424862.16576,USD,Finance,Buy,72.48238521995123,74.80620457621926,77.59408362753305,-1.2272660062102594,-11.83845849280718,-24.817107484524477,66.74800000000002,71.44699999999987,73.90680000000002,82.99340000000029,14.724034561805675,1.921685,nan
EXR,Extra Space Storage Inc,133.91,USD,0.6236850015028433,459159,0.31893647415640647,28291107405.680565,USD,Finance,Buy,138.5783709647866,140.54583959863882,141.71221209546025,1.1023027557568954,-4.178890876565298,2.9601722282023637,132.734,135.6269999999999,142.29320000000018,141.75467500000016,29.981640694966863,4.657465,-2.9317801490883015
CBOE,"Cboe Global Markets, Inc.",270.46,USD,-2.4279375157834044,776549,0.6230061950907643,28244412569.757996,USD,Finance,Buy,279.0037064788405,282.71752715701666,284.9703264380596,1.9872544213582646,-11.339124733650232,7.774457063159989,267.59000000000003,274.38450000000006,287.67639999999983,287.09274999999974,21.06665212683922,14.007194,50.504091346041115
AEE,Ameren Corporation,100.075,USD,0.4365716579686895,1467220,0.7085915114965619,27705089247.111355,USD,Utilities,Strong buy,103.80935599731266,105.57180892770968,106.8430040867662,1.0246315364425607,-5.634134842055629,0.3358732705033166,99.74699999999999,102.30075000000004,106.05190000000022,107.84922500000013,17.61604675315531,5.390746,24.769936966023163
Q,"Qnity Electronics, Inc.",132.165,USD,2.892175943947064,697389,0.574189660619247,27650046279.58914,USD,Electronic technology,Strong buy,128.2435318244242,130.50000920729084,130.88532082850094,7.819383259911889,13.36850231600617,61.788468600807924,127.375,122.89274999999998,127.59909999999996,125.66397500000001,47.32686385447253,4.5525,-26.24461875709796
NVT,nVent Electric plc,170.595,USD,2.9106593472884046,980256,0.6268562168504442,27612156100.878414,USD,Electronic technology,Strong buy,161.87288525826844,160.01618631689936,155.993878992004,5.782228560798653,15.909090909090903,65.88389731621936,163.78300000000007,158.8067500000001,157.4467000000002,140.508525,47.126992458355204,5.14514,3.016591251885366
GFS,GlobalFoundries Inc.,50.19,USD,3.101889893179947,2476481,0.7337926726009758,27541814749.97576,USD,Electronic technology,Strong buy,50.07073024411832,52.53610010573199,54.47975660909633,5.685407454200875,12.989644304367392,41.22115925717501,48.48600000000003,46.67800000000009,48.127999999999986,54.249449999999996,39.174211676553234,1.938093,nan
ECHO,EchoStar Corporation,94.335,USD,6.895184135977329,3184479,1.0150593470178495,27434112805.151722,USD,Communications,Strong buy,92.21257023611372,94.12018454350724,97.1832802081219,4.260610079575585,8.756052570901543,-13.19930069930071,90.221,92.08275,89.51780000000007,108.72777499999998,nan,24.414977,-2120.0623052959504
WSM,"Williams-Sonoma, Inc.",231.78,USD,-0.6898324692574598,544867,0.5811027671402904,27298857065.05883,USD,Retail trade,Buy,230.4003611885221,228.37817633805201,223.44927299780994,1.360038483404038,4.678890795772746,26.87760017516969,230.81999999999988,227.36500000000052,233.6478,208.84845,23.71175152686984,9.509152,7.441277657481413
TSEM,Tower Semiconductor Ltd.,241.02,USD,-0.11603812681309619,1389187,0.8436765962760184,27193068236.408703,USD,Electronic technology,Strong buy,229.71225767602985,229.49836788965433,224.02210026060425,7.872711811305556,18.781725888324882,100.03319777574904,234.044,221.42475000000005,224.35750000000004,196.6923249999999,95.06567270145545,3.892275,45.74040009197516
PCG,Pacific Gas & Electric Co.,12.335,USD,1.3557929334429,28632455,0.6814490802501878,27166196416.936317,USD,Utilities,Buy,14.169714492448469,14.972934775938004,15.600161330676057,-0.36348949919224494,-9.033923303834806,-23.810994441012973,12.176999999999992,13.07975000000001,15.472900000000005,16.5291,8.997738711795172,1.653886,26.79430262671107
CFG,"Citizens Financial Group, Inc.",64.41,USD,1.1145996860282477,2519926,0.6006217857448625,27127997261.29639,USD,Finance,Strong buy,67.93106297583321,68.34150087640079,67.69757820221389,-0.9534061202521983,-5.860859397836897,10.17789941840574,64.11199999999997,67.02899999999998,69.81719999999999,65.14714999999998,14.001565149341332,5.303949,40.27566018174057
FTI,TechnipFMC plc,68.97,USD,0.17429193899782797,1579274,0.6686932587936749,27047575839.077995,USD,Industrial services,Buy,72.84771765063044,72.75245641677841,71.40428013198813,-1.6400456360524895,-10.948999354422213,54.9539429341721,69.04199999999992,72.6814999999999,74.06300000000003,66.95945000000002,24.034708670197936,3.117209,35.896950179958324
ZM,"Zoom Communications, Inc.",92.405,USD,-1.4872068230277142,1306440,0.48413903970418914,26962275921.355545,USD,Technology services,Buy,94.44558356446092,94.93645605379155,94.37017838952866,1.89105744845077,-2.8031976438413717,7.098980064904961,90.5260000000001,92.636,97.21080000000002,91.11827500000018,8.558475117857903,6.145141,184.39837741017806
WTW,Willis Towers Watson Public Limited Company,288.95,USD,-0.9087791495199018,227809,0.43628607668487773,26835347802.2205,USD,Finance,Strong buy,308.99417893435015,308.26327040840124,304.81065498058376,-2.562805597706971,-14.423219309936323,-11.762909579503477,289.89200000000005,306.4500000000001,323.5126000000001,298.79042499999997,17.826186201748378,19.811527,1032.8045286183522
HAL,Halliburton Company,31.985,USD,0.3293601003764129,4016190,0.43591892773445406,26647674217.661076,USD,Industrial services,Strong buy,33.9548796968188,34.43807041125221,34.767346466153,-1.2808641975308617,-12.369863013698632,12.86167960479887,31.92700000000003,34.00875000000003,33.9797,35.430475,16.75396783824839,2.338859,-10.677022411453711
ARES,Ares Management Corporation,118.69,USD,1.8186497383546405,1528064,0.7399467696453813,26581543278.035946,USD,Finance,Strong buy,127.76286950161446,128.56136594379237,128.80108104029603,-1.2069252538704869,-14.017676035931611,-27.040816326530617,117.74800000000008,125.65450000000007,133.25380000000007,129.86802499999993,54.11973918197985,5.853497,25.463386727688775
ATO,Atmos Energy Corporation,157.1325,USD,0.48119964189793946,398476,0.4092827424601932,26553592692.809757,USD,Utilities,Buy,162.94731577235717,165.93741358535044,168.84890371230495,0.6549868682339245,-6.279076702851011,-5.993119952138804,156.9204999999996,160.52362500000024,166.73885000000016,174.48331250000044,18.70647269610352,8.451014,15.998287623940136
SYM,Symbotic Inc.,43.75,USD,1.3435255964790325,726878,0.5384869828370137,26460073671.67593,USD,Producer manufacturing,Buy,42.66237245764774,43.039134593267214,44.444402770873275,-1.4417661635503505,14.229765013054838,-28.066425517921736,42.50000000000001,42.94000000000001,42.115100000000005,50.441024999999975,485.0332594235033,0.205,nan
KHC,The Kraft Heinz Company,22.235,USD,-1.0017809439002734,8475403,0.6773431544246503,26366789572.517143,USD,Consumer non-durables,Buy,24.11769722896422,24.33455105665262,24.356720813228826,-6.84960201089234,-14.808429118773955,-8.460271716755866,22.88500000000007,24.015750000000054,24.993099999999977,23.94417500000001,nan,2.044994,36.07490402642621
DG,Dollar General Corporation,119.2,USD,0.22702430000840496,811177,0.38565800293473523,26297521527.661648,USD,Retail trade,Buy,123.19745122157366,122.78383169013254,122.35040075182857,-2.8208054785586123,-9.353612167300378,-10.23082426478894,120.94400000000003,123.7345,124.28860000000003,126.85230000000006,15.491584898303984,7.901681,42.337859336268444
CTSH,Cognizant Technology Solutions Corporation,58.34,USD,-4.172141918528251,4012797,0.5940722242425351,26278915897.719124,USD,Technology services,Buy,58.3243391268229,57.2041672130063,56.94271269062847,2.1537383995797654,-7.850260622334543,-29.70237377997348,58.05,59.58400000000016,58.876100000000136,60.97227499999999,12.52011932098633,5.759373,-5.379117085651624
ATI,ATI Inc.,191.305,USD,0.0863241603013605,786916,0.5772968983669263,26050077313.08669,USD,Non-energy minerals,Strong buy,196.82897578716558,195.968757729829,189.59227057881503,2.482991375154026,-5.509730317099674,65.86179989595976,188.293,191.75475,202.37710000000007,167.04867500000003,55.928957754714226,5.053267,18.23775450240244
CPAY,"Corpay, Inc.",395.59,USD,1.503605059913262,359173,0.7014530465700625,25974281620.766224,USD,Commercial services,Strong buy,398.28236473372,391.10593587631905,378.81079321872204,-1.2530890392152065,-2.9727011846655724,31.142052047074426,392.5700000000005,400.87050000000033,401.7064000000005,346.73664999999943,24.04597784990943,27.38467,11.781212841854936
VRSN,"VeriSign, Inc.",287.28,USD,0.13245033112582624,304603,0.45152197427298785,25941384324.429142,USD,Technology services,Buy,289.45267701522874,286.87996437172694,282.42428468238455,-1.5759901329313495,-0.3779866144189867,18.183314135264094,283.6200000000001,292.0189999999998,289.26289999999983,265.87729999999976,31.180671630451297,9.793659,9.963478385410445
DTE,DTE Energy Company,124.38,USD,0.9004623996106104,879754,0.4189862213096352,25881992007.6111,USD,Utilities,Strong buy,130.99909978079555,134.6216754419265,137.58647745750173,2.7424417644143344,-8.658294778585585,-3.8348538735116806,122.53399999999996,127.86150000000002,134.87660000000002,140.94534999999993,19.65177273589079,7.713901,-8.93892525717574
ROIV,Roivant Sciences Ltd.,35.74,USD,0.6760563380281746,2627543,0.44932196330528384,25815823950.533524,USD,Health technology,Strong buy,36.52810017798844,35.74675514889205,34.23193717759963,-0.6670372429127152,3.1755196304849926,64.6245969599263,36.25800000000002,38.3535,36.587,30.17887499999997,nan,-1.37773,37.23526044647968
AWK,"American Water Works Company, Inc.",129.84,USD,1.548568747067108,1161026,0.6982532692526398,25802972009.404037,USD,Utilities,Buy,134.0250049515065,133.9952180122158,133.55107801751825,-1.3373860182370751,-5.350634203236625,-0.29947016816400707,129.18,134.8485,135.79840000000004,131.95260999999996,22.477667751540753,6.086943,3.9987037070377944
FFIV,"F5, Inc.",454.05,USD,2.3372701045798783,331647,0.6662062540188178,25711571565.716057,USD,Technology services,Buy,422.96471040934904,411.8277434984533,395.51653934230006,1.6795431642593215,13.919763153272955,77.48113981941133,443.3080000000001,429.6545000000004,411.4096000000001,345.07377500000007,36.17034836016602,17.333083,10.691674161860927
WRB,W.R. Berkley Corporation,69.115,USD,0.31204644412190014,886471,0.3505912391640428,25657391930.666473,USD,Finance,Buy,69.23239215051495,69.44278700987992,69.45255962681834,2.9109589041095867,1.401115023474176,-0.9387989107066091,68.28700000000002,69.0567499999999,70.09570000000002,68.8945749999999,14.213881748071978,4.892568,10.669822700685069
WST,"West Pharmaceutical Services, Inc.",364.43,USD,-0.15889975617105945,261813,0.4532989364971497,25647039974.40273,USD,Health technology,Strong buy,355.5003573887781,349.17639298204654,338.20394056708,-2.0375796349560455,7.549063007230332,32.39963669391462,370.49599999999987,361.07599999999996,351.8196000000002,302.3163999999999,46.588003681734506,8.970011,17.17546960663891
ENTG,"Entegris, Inc.",167.82,USD,5.893488137304394,1307391,0.6918867124819413,25642895821.04001,USD,Producer manufacturing,Strong buy,149.24786629166658,146.6104711359574,142.98137934196518,12.729226842211318,29.43081906524757,94.77715877437326,157.15199999999996,144.8685,141.5575,132.14029999999994,84.04868032253218,3.922586,2.647542669134273
SN,"SharkNinja, Inc.",181.99,USD,1.2292802313939304,460202,0.3215552080712382,25637213485.729282,USD,Consumer durables,Strong buy,173.29399148396266,167.61550724405166,158.36410291079872,3.7748759765068165,3.727557708748943,62.28821116461567,181.26399999999998,172.32449999999992,175.36299999999994,134.93310000000022,37.18483102447796,6.5675,33.76882499248366
DOV,Dover Corporation,190.225,USD,1.1512283313835967,447831,0.35779734492480264,25619544812.88325,USD,Producer manufacturing,Strong buy,194.8126482317827,198.7811427226992,202.33722498546774,0.7814569536423811,-0.1548393869410119,-2.5386822420330013,189.30299999999997,189.3272500000001,197.62790000000018,210.04857499999966,22.897983749623837,10.682075,-49.914086757302634
DGX,Quest Diagnostics Incorporated,231.505,USD,0.17958371197368644,648544,0.555234889089831,25551984227.540874,USD,Health services,Buy,235.158075621734,230.93064530692172,223.9692016652363,-2.058213817320307,-2.74125110280217,33.57855865212624,233.05099999999987,237.55075000000016,237.75150000000028,206.06947499999987,24.557132552613716,11.191212,12.727794518582284
CPRT,"Copart, Inc.",27.335,USD,0.16489556614145,4287166,0.4990507518920609,25321243545.39355,USD,Retail trade,Buy,29.5491730847466,30.083293112958806,30.942230006371126,-1.9548063127690034,-15.567567567567565,-30.169881210882618,27.252999999999993,29.502250000000004,30.493499999999916,33.496349999999985,17.624113475177307,1.628783,-2.3299748110831326
HUBB,Hubbell Inc,476.46,USD,2.0300655274315735,255963,0.596763859978961,25172606476.05923,USD,Producer manufacturing,Buy,470.08263797220167,474.6908411586186,478.80089850886134,2.1131590227175217,7.209396516808416,6.416813704688085,464.37000000000006,456.88750000000016,472.5125999999998,487.8003499999997,28.21109472973693,20.489589,9.655239579275419
FE,FirstEnergy Corp.,43.435,USD,0.10371053238073683,3828015,0.9145965817015028,25133226031.54621,USD,Utilities,Buy,45.26366973758923,45.928641118026924,46.457191018273015,0.7071643867377688,-5.862592110966619,-3.1765492643780586,43.362999999999985,44.79975,46.354099999999946,47.430284999999905,23.178931639895406,2.730409,-17.27806471549022
VICI,VICI Properties Inc.,22.76,USD,0.13198416190057694,4343396,0.44310533573523564,25060523728.774307,USD,Finance,Strong buy,24.520581759745188,25.216398537808203,25.96888084926074,-2.1496130696474633,-10.884886452623327,-19.17613636363636,22.969999999999978,24.049,25.38920000000001,27.429499999999965,8.82649499728535,2.762843,-1.3542463657230337
EXPD,"Expeditors International of Washington, Inc.",192.35,USD,2.455523596463186,1017626,0.9575735915930649,25003698623.910458,USD,Transportation,Buy,187.66915076157468,183.42043848198583,177.15019744495166,4.646101953103744,2.646886173221628,28.972777256269286,188.2939999999999,189.09199999999993,184.87579999999988,162.71849999999984,27.98754492412007,7.830073,12.143265073019503
LH,Labcorp Holdings Inc.,307.17,USD,0.8437294812869314,321990,0.41278234323815244,24911487030.25312,USD,Health services,Strong buy,313.17637036565606,308.3243636934792,300.1604044158729,-0.34713210485335877,-6.68064163324827,22.22752775456608,307.6520000000001,314.59699999999987,319.32540000000006,280.3411250000001,25.4010650965864,18.35052,33.345095271700785
LPLA,LPL Financial Holdings Inc.,316.14,USD,1.2782316194137464,613422,0.6202095108659661,24893586024.71562,USD,Finance,Strong buy,334.2844074859505,333.89214097776295,330.9558381390822,2.234582673091216,-11.601375723513131,-11.69520404457976,310.9639999999997,327.6414999999995,346.4230999999995,327.37254999999976,25.210124240442735,23.728215,-14.22982483738808
CINF,Cincinnati Financial Corporation,162.18,USD,0.018501387604071006,197719,0.303685080112474,24891068012.10472,USD,Finance,Buy,168.11612713051255,169.70016246871214,169.88694197888785,-0.49696300386526915,-4.818357884852386,-0.6980161645848557,161.35,166.45350000000002,171.25160000000025,167.4615749999999,7.647150354349088,8.425495,83.98615412643468
FOX,Fox Corporation,55.82,USD,1.6387472687545492,352029,0.369331323021515,24839876870.070282,USD,Consumer services,Buy,57.082946218497085,56.66410233127837,56.262531888405874,-1.8290538163911347,-5.565894095753678,-14.056966897613552,55.88400000000007,57.62050000000005,57.42579999999995,56.71935000000001,14.557308645194942,5.977711,-21.89155055813575
CNP,"CenterPoint Energy, Inc (Holding Co)",37.665,USD,1.2227895726955074,5216805,0.8331071760181877,24810700878.915478,USD,Utilities,Buy,38.86380613493491,39.72786643376705,40.45240535493551,2.4061990212071724,-4.5489102889001565,-1.7349334724758654,37.04700000000001,38.07124999999998,39.68029999999996,41.382200000000005,22.200282918778733,1.910919,18.23820475294446
PPL,PPL Corporation,32.822,USD,0.18925518925520368,2866739,0.406869282740812,24700024153.196465,USD,Utilities,Strong buy,33.765212912441186,34.35207145809252,34.94642619970749,2.6328955597248354,-4.614937518163307,-6.222857142857135,32.63240000000002,33.28710000000002,34.44384000000001,36.10590999999999,19.49512948443811,1.949902,26.567433468651323
MTSI,"MACOM Technology Solutions Holdings, Inc.",322.46,USD,6.90581175612505,953005,0.8651934064800739,24626569165.30975,USD,Electronic technology,Strong buy,291.03837098455426,292.4607360563265,291.05872453616996,12.5789896309744,23.870620774431462,84.49479345462866,294.34799999999996,276.2239999999999,275.4897000000002,273.27690000000007,103.71156567605814,5.512263,nan
CPNG,"Coupang, Inc.",13.655,USD,-1.050724637681169,13861751,1.0407435207671856,24545023015.51449,USD,Retail trade,Strong buy,14.89954929363873,15.503868775489067,16.35477925172986,-2.1848137535816723,-12.858966177409066,-42.38396624472574,13.785,14.38925,15.437500000000005,18.112275000000004,nan,-0.507853,-314.45115810674724
RBRK,"Rubrik, Inc.",117.945,USD,2.2053726169843912,1825243,0.7147342447141964,24450521522.707664,USD,Technology services,Strong buy,101.31606110363087,94.98593925715439,87.96350393333567,4.468556244464116,32.52247191011235,51.89311010946553,115.13499999999996,105.61875000000006,96.16890000000001,71.854225,nan,0.503246,46.36243667787664
OTIS,Otis Worldwide Corporation,63.92,USD,-0.8684863523573236,3189535,0.7330059283775001,24332385610.356075,USD,Industrial services,Buy,68.44021237222218,69.91336357344187,71.9323457246811,-3.7059355227478066,-9.65371024734982,-26.71405640908048,64.93599999999981,67.65249999999989,70.40920000000008,78.07467500000006,16.409097910355804,4.041829,2.9847984137475154
ES,Eversource Energy (D/B/A),64.475,USD,0.25656974032031105,1400916,0.5219595903045912,24286103175.34403,USD,Utilities,Buy,67.8104794733497,68.9349034539667,69.60384461848736,0.8998435054773016,-8.455203748402687,-4.890101784924047,64.02499999999998,66.81874999999998,69.9647,70.14107500000003,16.698609204630802,4.646452,66.18317982267368
INSM,Insmed Incorporated,111.2,USD,2.4035362372225797,3027388,1.3308103196102627,24284022008.420662,USD,Health technology,Strong buy,118.41472508032237,118.33588373079732,120.06782901372435,-8.755230983835236,-8.182643877466763,-36.742704363160584,113.446,120.76099999999988,119.81739999999995,133.08702499999993,nan,-1.597046,28.022864356852285
TW,Tradeweb Markets Inc.,102.75,USD,-0.5324298160696971,749283,0.5886195337191669,24046404463.990803,USD,Finance,Strong buy,103.31101612838677,103.63531590414769,104.6561710483908,1.5015311666501985,-3.1665253039298835,-4.240447343895617,101.65399999999975,102.26050000000015,103.64549999999994,108.28617500000004,24.529112654873593,4.025592,61.45307380998266
PFG,Principal Financial Group Inc,112.05,USD,-0.16928011404133797,568871,0.47711881031753045,23990424990.267284,USD,Finance,Buy,113.90141688342663,112.64572187937688,109.93723534343596,-2.1055390529442573,2.4597659107534726,26.882572755067372,112.97199999999995,115.00724999999997,113.73930000000004,101.61314999999999,15.902865496246044,9.602981,41.87994603411126
AFRM,"Affirm Holdings, Inc.",71.01,USD,0.8235127076529862,1800809,0.45519556325063415,23960283209.01349,USD,Finance,Strong buy,72.68343840077253,72.71478904706004,71.63266274780958,-1.5254472333934188,2.364134352025372,-5.319999999999993,69.436,70.58649999999997,73.30900000000001,66.78454999999998,12.862499320738314,1.987021,4209.679937548791
IOT,Samsara Inc.,40.74,USD,1.7482517482517552,3447156,0.7311787888587395,23857556955.020985,USD,Technology services,Strong buy,39.16936838462799,38.331093396860794,37.16555238000393,3.9020657995409365,4.689708338686889,13.481894150417837,38.96200000000001,39.403500000000015,39.08680000000001,33.63379999999997,264.54545454545456,0.773333,nan
BIP,Brookfield Infrastructure Partners LP Limited Partnership,36.655,USD,2.4168762224085,794849,0.9086057077222608,23854661344.99483,USD,Utilities,Strong buy,36.978893464441455,37.4021478845353,37.537578516961176,6.246376811594206,-1.491534533727492,4.758502429265501,35.66500000000002,35.84774999999999,37.94070000000001,37.23047499999998,61.06113609861737,0.567906,2994.329896907216
GH,"Guardant Health, Inc.",177.6,USD,1.6309012875536446,1137697,0.6334557616814768,23833239257.92961,USD,Health technology,Strong buy,168.89840826399237,162.209070050558,151.6426013118007,-0.5042016806722721,8.431528176323342,73.60703812316716,177.1539999999999,172.46300000000008,165.32760000000002,123.92969999999997,nan,-3.254522,-4.599796760117153
XYL,Xylem Inc.,101.835,USD,0.9466693100713703,1226728,0.5255752704977816,23777129301.599228,USD,Producer manufacturing,Strong buy,107.64862188473215,110.16485894316294,113.09029935984779,-1.0253668966857876,-5.062229058872891,-25.280651551837995,101.16499999999999,105.39575000000009,112.20150000000018,120.99957500000002,24.18941067483788,5.663771,9.421947289078346
FISV,"Fiserv, Inc.",44.5699,USD,-1.7851476421331103,4425052,0.6195251074544922,23700790253.053574,USD,Commercial services,Buy,49.0251841467168,50.40580215378739,52.774982063927986,-3.1089130434782675,-13.841291320317032,-33.99985191766623,45.30198000000006,47.872995000000074,50.98119800000005,56.75304950000011,8.549268217827478,7.248627,-12.858957643833776
LVS,Las Vegas Sands Corp.,36.435,USD,-0.6950122649223098,5081807,0.9969206497925259,23598991314.35119,USD,Consumer services,Strong buy,41.576347261780455,43.459136488076126,45.66511155352644,-6.071152358855367,-16.719999999999995,-44.1180981595092,37.607000000000035,40.36574999999998,43.87070000000006,51.72032499999994,14.195270191296219,3.101937,29.605130276711776
TPR,"Tapestry, Inc.",117.76,USD,-1.2411942301241108,1861334,0.6855715911806453,23522609890.9735,USD,Retail trade,Strong buy,122.8174954033276,127.51141469926654,131.24512268699436,5.576474807244037,-4.166666666666659,-8.868596192539849,115.92200000000018,115.67850000000018,130.53260000000006,138.62364999999988,16.174713275187145,7.984178,1049.7946936197093
SYF,Synchrony Financial,72.275,USD,1.069780450286674,1436029,0.5509537311417737,23516178858.390785,USD,Finance,Strong buy,75.218341229483,75.46637250190498,75.2503134664032,0.8019525801952619,-6.294567613120693,-13.660255644486906,71.59900000000002,74.22075000000002,76.71749999999996,74.66772500000006,7.412136315622148,9.356454,18.484270386526852
PPG,"PPG Industries, Inc.",105.714,USD,0.9974204643164201,570517,0.36406557171172915,23500222111.12227,USD,Process industries,Buy,109.10306768979441,110.65936115896037,111.52301168453731,-0.998314291065745,-4.426362896663955,2.605066485489661,105.5488000000001,106.32669999999982,111.12908000000016,111.98022000000019,15.179415016584581,7.901958,23.48268586322452
TPL,Texas Pacific Land Corporation,339.14,USD,0.7965285620876202,150337,0.43535397324173214,23392071716.45295,USD,Miscellaneous,Buy,357.6618312843442,366.92501170623063,376.1747908467505,1.5754163172397242,-7.591280653950958,18.580419580419573,333.65600000000023,352.21500000000066,365.19899999999996,397.00197598940025,43.23614528487105,9.302526,17.272672906138798
UTHR,United Therapeutics Corporation,544.925,USD,-4.6300185515768915,620266,0.6256411963383408,23372209366.318035,USD,Health technology,Strong buy,510.342974544884,514.9589381496273,518.6271418530567,14.953379461648792,6.848039215686265,11.193298916481313,525.0410000000004,501.98875000000015,511.1702999999998,525.3551250000004,19.491191987838683,26.12163,9.163357502918695
ULTA,"Ulta Beauty, Inc.",545.6425,USD,1.4714633738121403,185307,0.4952717102826069,23330293609.762657,USD,Retail trade,Strong buy,536.7384436866272,529.8931278443062,527.8522300633248,-0.9255728655990064,-0.00687215950738694,-9.977809674651878,545.3124999999998,546.094625,534.5946499999998,555.6795375000002,19.879786935596112,29.005276,5.199190513058345
INCY,Incyte Corporation,114.985,USD,-1.8396790165613803,1185149,0.7844340979821001,23307201111.605473,USD,Health technology,Buy,120.99657285089614,119.25357318949064,115.70954429506274,-8.538816417435571,-9.052440085422768,17.033078880407125,120.29900000000002,123.47825000000003,123.6189,106.85392499999996,14.654491231647635,3.518066,78.375920705647
RF,Regions Financial Corporation,27.165,USD,0.7603857566765515,7026138,0.7031520699410606,23142664201.47385,USD,Finance,Buy,28.994463882040293,29.318443308043488,29.259844187915387,-0.4580432392817882,-7.946458827516103,0.2768549280177161,27.031000000000013,28.475249999999967,29.966300000000025,28.697224999999925,11.048970959082403,2.640871,14.59867623753147
VLTO,Veralto Corp,94.87,USD,0.28541226215645904,537431,0.31210336006868433,23128674762.498207,USD,Producer manufacturing,Strong buy,95.50532105213944,94.78117921662428,93.95920388487215,-1.2285268089536623,-2.2261156343398913,-4.384196734529323,95.32800000000006,95.4104999999999,96.56139999999986,92.98795000000005,23.912385945455462,4.388983,11.103643339214205
FCNCA,"First Citizens BancShares, Inc.",2076.035,USD,0.12225705329152903,32291,0.5361032527128076,23058951211.633194,USD,Finance,Buy,2133.3503349669127,2132.206437926469,2112.204074361685,0.8513439332332432,-4.1061373808852935,-2.8269121852810524,2076.285,2112.49025,2165.037500000001,2060.9995750000003,11.1032045789785,194.410842,10.347745875154256
CASY,"Caseys General Stores, Inc.",618.01,USD,-0.24051654560129282,360980,0.5591968187528755,22841752765.27222,USD,Retail trade,Strong buy,680.3996294750812,716.0827054629813,734.8761993134589,3.2684434789873746,-19.07262394259225,11.992823876918605,610.4219999999999,619.0649999999994,745.4845999999997,732.3451499999991,29.75407547206147,21.369227,33.36029997174925
DRI,"Darden Restaurants, Inc.",200.415,USD,1.5222126538675829,698631,0.466384551914188,22755471386.138798,USD,Consumer services,Strong buy,207.409472941525,207.93564356999855,207.10643222434007,-2.1936459909228465,-6.974099517266991,8.602471008995341,196.6409999999999,206.85824999999946,211.8046999999997,204.04977500000018,19.57808668809284,11.271647,9.742814567051546
ASTS,"AST SpaceMobile, Inc.",58.41,USD,2.4018232819074288,13216009,1.2288145166930564,22731273785.593967,USD,Communications,Buy,61.97700660989668,64.94354252542719,68.78675086134022,-5.759922555663118,-0.05133470225872885,-21.428571428571438,58.942000000000064,60.6515,62.69479999999998,81.09207500000004,nan,-2.095959,-12.655962095288231
FWONA,Liberty Media Corporation - Series A,83.26,USD,-0.5138009320109841,148080,0.7758017744736697,22642472729.220222,USD,Technology services,Strong buy,87.5474972842889,87.96700631902554,87.51668066136382,-3.6899942163100032,-7.138077180459504,-6.857590334489311,84.71000000000004,86.43849999999992,90.2654999999999,84.58439999999987,51.474497681607424,1.81296,52.752856738124464
ROKU,"Roku, Inc.",152.2209,USD,0.6352637842126203,916382,0.5952135292536244,22606116185.427906,USD,Technology services,Buy,152.5639281747489,149.46620347167416,143.1701455396796,-0.7233418117785249,-1.6470246171738772,39.45389583619624,152.11417999999986,153.92204500000008,153.17431799999994,123.2514545000001,65.03221258597856,2.929832,nan
TROW,"T. Rowe Price Group, Inc.",105.22,USD,-0.5763961069639983,822249,0.5778024507005138,22445093249.327225,USD,Finance,Buy,107.56924017314853,108.25488757013899,107.7650285685926,0.34331489605187815,-3.724036965870626,2.6837123060407926,104.68399999999997,105.33900000000017,110.10669999999983,103.88237500000002,10.553766838182929,10.19378,11.482723918148286
CHD,"Church & Dwight Company, Inc.",94.45,USD,0.36127935394751187,1152159,0.6949435059344027,22403908802.611305,USD,Consumer non-durables,Buy,96.62899919481784,97.0900769498932,97.0448633612119,-0.9023187493442445,-4.960756691487213,13.086685823754799,94.66999999999994,95.273,98.4460000000003,96.00074999999975,30.390295698059784,3.776676,46.592141880099994
AER,AerCap Holdings N.V.,144.78,USD,0.5905648579170389,633774,0.5636444550691662,22358384247.946087,USD,Finance,Strong buy,145.8908324143413,146.01147301371105,145.36193163230482,-1.4230271668822791,0.062201948994404184,-0.2274136861691217,144.7680000000001,143.36200000000002,147.22340000000008,144.27499999999992,7.12054965646471,18.720007,26.695329781599515
SNX,TD SYNNEX Corporation,279.42,USD,2.8186635266411635,504950,0.34936696739647544,22342074130.63733,USD,Distribution services,Strong buy,264.7618062480558,259.7548416211288,250.16424299356788,5.060911415250428,11.145584725536997,85.04635761589405,264.5939999999999,265.7544999999999,258.7133999999999,215.56936000000005,17.019954681675316,21.060619,78.12642406093356
SW,Smurfit WestRock plc,42.72,USD,-0.7434944237918222,1978358,0.486176483352647,22337825397.18959,USD,Process industries,Strong buy,45.225488822148805,45.290627450312556,44.84959592008181,-8.207993124194243,-6.068601583113452,9.98970133882594,43.86199999999998,44.48200000000003,46.692000000000014,43.26365000000007,45.427477669076985,2.220446,42.24776887006504
JBHT,"J.B. Hunt Transport Services, Inc.",234.345,USD,3.1448063380281734,606873,0.6263634900846139,22008496290.42531,USD,Transportation,Buy,250.8683912550177,256.6889211973409,256.489254041744,1.9511876794570542,-8.630302557704312,20.526139841077992,228.18900000000002,245.71075000000005,260.7198999999998,243.42572499999952,33.22346036066689,7.551035,28.1843458665746
XPO,"XPO, Inc.",186.845,USD,3.9587158515551155,797171,0.7664211856828643,21877021258.33687,USD,Transportation,Strong buy,187.0862286502949,191.5981295457807,193.87644002822728,6.385583328588512,0.8882289416846708,37.86246587471408,179.3170000000001,179.62325000000004,191.29009999999994,192.61222499999974,54.94148435662198,5.499636,17.642175176421745
PHM,"PulteGroup, Inc.",115.68,USD,-0.5758487322733026,970678,0.6177956548893744,21684510140.386078,USD,Consumer durables,Buy,121.28501674894834,122.81265061162797,123.64029390127833,-2.404454568463675,-6.694628165833197,-2.3385394681300093,117.14400000000003,118.69500000000009,124.98900000000002,124.67974999999998,11.816621721010051,10.119185,-26.81384239288892
L,Loews Corporation,106.01,USD,0.9138505473584083,388612,0.365962851868161,21671383133.052544,USD,Finance,,108.40290731293446,109.35365811779506,109.57186797375262,0.6647042066280532,-3.142987665600729,0.9619047619047668,105.27399999999989,107.06950000000026,110.78300000000002,108.98984999999988,12.985056344928957,nan,29.801577206817598
ARXS,"Arxis, Inc.",50.025,USD,5.271464646464636,1178823,0.9024424954850048,21552087786.089012,USD,Electronic technology,Strong buy,51.17128436980266,49.89204428844027,46.356155658766475,-2.4162120031176966,-2.6249270853587428,31.78947368421052,48.936,50.661,52.3464,nan,nan,0.48284,nan
RL,Ralph Lauren Corporation,361.7153,USD,-0.26049192080737094,331284,0.5387056682606381,21534746213.045616,USD,Consumer non-durables,Strong buy,358.5484536239352,363.2261661323031,365.62059448698557,4.255742902435517,4.969761165443002,1.891633802816905,358.50505999999996,345.8917650000003,362.979506,365.2350765000003,22.804896193880705,18.921331,26.61185392137298
MKL,Markel Group Inc.,1734.52,USD,0.4872227146589778,56894,0.7721811736220066,21490630430.107075,USD,Finance,Buy,1788.2137764166364,1815.6741977715803,1845.0734475514084,-0.2925943171170503,-4.540401316441206,-19.07359109423187,1730.714000000001,1765.005999999999,1821.0063999999993,1929.0243500000008,9.569638802024139,98.627767,8.703805992214209
KEY,KeyCorp,20.1053,USD,0.2758104738154564,8151191,0.5664199410058721,21454938620.01966,USD,Finance,Strong buy,21.31203139065582,21.626511718451322,21.70964449581145,-1.1052631578947298,-5.785848172446111,-2.5433834222006753,20.149060000000034,20.928765000000006,21.817305999999977,21.60827649999999,11.693887047054034,1.83134,nan
VRSK,"Verisk Analytics, Inc.",163.135,USD,-3.1149780258938145,465872,0.3873624610161397,21233003120.451275,USD,Technology services,Buy,176.47400327653605,179.73536470603247,183.11165318632686,-3.068924539512787,-15.56159420289855,-26.49589979273678,166.6149999999996,173.93874999999952,184.10910000000024,190.02479999999963,25.066840811309156,7.711873,0.3778823166499536
SITM,SiTime Corporation,704.46,USD,3.76949931503823,280107,0.6517394680161207,21183841434.967964,USD,Electronic technology,Strong buy,646.270265596884,636.213125655244,614.823193899902,8.378461538461544,27.446404341926737,92.70180813524088,668.688,621.9625000000001,610.2500999999997,528.8403249999999,1427.766518038103,11.222944,nan
USFD,US Foods Holding Corp.,97.565,USD,3.869903119344183,2236696,0.9731876257059833,21106306667.093204,USD,Distribution services,Strong buy,98.49089077845333,98.62450930781242,97.26818551512,4.1582150101419835,-8.970890091434978,30.12136569751933,94.22499999999991,95.0752500000001,101.41329999999984,92.18397500000005,30.003382741866044,4.787358,39.00739537468472
IFF,"International Flavors & Fragrances, Inc.",82.685,USD,-0.5233397497593867,765787,0.48556586884477115,21097075419.26185,USD,Consumer non-durables,Strong buy,83.68254975387967,82.67129556764276,80.95780141822237,-4.222170740183014,-4.266527729535721,22.4418776839923,84.051,84.53875000000006,83.94169999999998,76.35292499999994,76.71645945444423,3.381091,nan
DLTR,"Dollar Tree, Inc.",112.035,USD,-2.0929826094555715,948948,0.4317965659871816,21021160133.760246,USD,Retail trade,Buy,118.71464374138371,119.54350231440391,118.7701393153717,-1.1252316653428698,-15.015550329970427,-8.691931540342305,113.96100000000006,115.96525000000004,124.05709999999993,117.28407499999999,13.683329872858067,7.905405,nan
GPN,Global Payments Inc.,78.725,USD,-1.949184207248738,1619366,0.7236369575597273,20832082021.19286,USD,Finance,Buy,85.20394591942711,84.10676503525,81.95426755432035,-8.682287437652246,-12.808727433824355,1.4497422680412373,81.74299999999997,85.82625000000007,88.03749999999982,76.48180000000023,24.700363955823292,13.647263,-44.26120564523181
THC,Tenet Healthcare Corporation,258.05,USD,1.6064889553884367,290770,0.5132860901358407,20777927325.120094,USD,Health services,Strong buy,257.44258653865893,248.91933477169138,237.2867877935543,3.680340712764685,-3.409941608025158,29.75813345401519,256.62199999999996,260.36,261.7222,213.47339999999994,9.951371133503786,21.214998,66.00366178428763
PS,Pershing Square Inc.,51.8,USD,-2.649877842510813,140326,0.21550239381409259,20719999695.294113,USD,Finance,Buy,45.94703586767724,43.383658766038266,40.309878000787094,-2.1903323262839947,33.85012919896639,115.83333333333331,54.73599999999997,46.844000000000015,41.66879999999999,nan,nan,0.505655,nan
LUV,Southwest Airlines Company,42.34,USD,1.1950286806883366,4079327,0.7226456951466159,20713074879.355164,USD,Transportation,Buy,42.02702001257001,42.551966596920494,42.81558366327899,0.3555344868452375,9.632314862765423,1.9995181883883533,42.03599999999999,40.673499999999954,42.21900000000001,43.51704999999998,25.685513224945403,3.080683,147.8796992481203
EIX,Edison International,53.57,USD,-0.4275092936802916,3105477,0.6727169252499491,20614483804.34108,USD,Utilities,Buy,59.47383194808999,62.840498333558585,65.3049428407434,1.3815291445874278,-5.653399084184574,-11.263872784495607,53.22599999999993,54.87149999999993,64.35860000000004,68.18069999999993,5.5184704452273525,6.131644,42.63841542259315
RIVN,"Rivian Automotive, Inc.",14.23,USD,-3.5907859078590745,48669364,1.9146146099112353,20603056943.449867,USD,Consumer durables,Buy,15.42229848679149,15.64969372706253,15.782741675356931,-7.896440129449831,-8.488745980707398,-28.058645096056626,14.738,15.349250000000007,15.726099999999999,16.16059999999999,nan,-2.264342,20.201582982933463
BG,Bunge Limited,106.71,USD,0.09379983116029858,998519,0.5937063331652437,20501031985.64703,USD,Process industries,Strong buy,112.98485239863645,114.05047442304075,114.64714658223038,-2.547945205479458,-11.222961730449258,19.630044843049316,107.49399999999994,114.94400000000005,113.76519999999987,116.1513499999999,20.692664197482983,9.500768,-48.493323079074315
CRCL,"Circle Internet Group, Inc.",80.345,USD,-3.0937160776745842,12011463,1.0900446145114293,20497046992.242554,USD,Technology services,Buy,85.2174349134838,84.0616422347646,84.6228286065768,-12.668478260869565,-8.443963306934075,-0.6123206333498324,82.98500000000001,89.54525000000001,81.38490000000003,86.04157499999991,48.353996148290804,1.072401,nan
SOFI,"SoFi Technologies, Inc.",15.83,USD,-0.06313131313131178,36565844,0.7171373548002228,20445560176.52967,USD,Finance,Buy,17.05978603293567,17.281378950510813,17.62334554696277,-5.68960381292821,-7.155425219941352,-40.62265566391598,15.84599999999999,16.8315,17.4556,18.943825000000007,33.37550073792958,0.591367,-4.336425978217027
RS,"Reliance, Inc.",400.2,USD,1.821697537146338,148573,0.6741306399506334,20432032949.488598,USD,Non-energy minerals,Buy,395.51844433365227,393.50160544792857,385.74293015779597,4.134682938252969,1.8087460886819848,37.60616167520545,391.34199999999976,391.3824999999998,400.18419999999986,357.17300000000034,23.27542587282847,23.544791,25.544700487747875
PKG,Packaging Corporation of America,229.275,USD,-0.18936920464934145,284864,0.5317569386343264,20428012668.621197,USD,Process industries,Buy,236.82890628889803,237.0699805973009,234.81880991425103,-4.221321747848605,-0.14589956883411348,11.32556445739258,231.20899999999975,233.82224999999994,242.97230000000002,226.47752500000013,29.80306772390485,10.477782,-23.22431911857167
AMRZ,Amrize Ltd,37.345,USD,0.25503355704697683,2659735,0.7241998781698201,20424936462.824028,USD,Non-energy minerals,Buy,41.32957117319361,43.73720775401351,46.311493568958916,-1.438374241224602,-10.422163588390498,-31.74008407969293,37.54899999999999,38.967249999999986,43.73610000000006,52.27232500000001,17.147251939942144,2.503996,1.5243333954876082
OMC,Omnicom Group Inc.,74.065,USD,-0.8500669344042906,1005807,0.40032626084580886,20319434014.226173,USD,Commercial services,Strong buy,78.82728560289013,79.39078454911207,79.2028926231957,-0.5838926174496675,-13.777648428405131,-8.278637770897836,74.32700000000014,77.24174999999993,81.83430000000013,78.30675000000015,63.487913595062565,10.440041,-83.26303405928094
STE,STERIS plc (Ireland),207.6951,USD,-0.7857552307251394,330533,0.6009975017000804,20250294080.110275,USD,Health technology,Strong buy,215.3023817562373,217.61194514969682,219.89134520418185,-0.19936572005190387,-9.394450988090561,-18.046363887463997,209.73901999999998,211.01925499999965,223.9639020000004,228.17387549999955,25.38625418632508,11.206146,24.045182321279654
DOW,Dow Inc.,28.015,USD,1.5404131931859395,4453226,0.5264799907264778,20236374773.455055,USD,Process industries,Buy,29.142515565041258,29.808742139280717,30.50184630539398,-0.8669497523000742,-7.419035029742237,18.959660297239914,27.728999999999996,28.723750000000006,29.820699999999942,32.003175000000006,nan,2.380352,-30.144223904041116
VTRS,Viatris Inc.,17.59,USD,0.7445589919816666,4636238,0.49311508516365526,20203711469.81042,USD,Health technology,Buy,17.063807316243057,16.830679829404076,16.41631528423573,0.3995433789954354,5.014925373134328,40.72,17.831999999999997,17.155,16.944000000000003,15.317774999999992,nan,2.517774,87.72002200220021
BRO,"Brown & Brown, Inc.",60.22,USD,-2.5093087259187374,1757088,0.7640134551815063,20150235520.239273,USD,Finance,Buy,65.357814168297,66.12023640687988,66.71927147640241,0.1330229464582612,-17.098017621145377,-24.507960386110064,60.746000000000016,64.17750000000001,68.6488,67.93055000000001,19.042499367568936,4.489335,-8.806736259299848
CW,Curtiss-Wright Corporation,545.47,USD,0.09725841377031832,152202,0.3514137406046546,20146631491.633793,USD,Electronic technology,Strong buy,588.5566407497564,618.8982219351545,642.828998845407,0.12665663203495992,-4.958792884149622,-1.6462315182113225,540.0880000000003,554.5539999999999,625.8040000000004,676.7670250000004,37.53733294796097,15.306098,22.603017110458644
NRG,"NRG Energy, Inc.",95.68,USD,-1.2895904260806768,1914908,0.7070143774127333,20112938764.50222,USD,Utilities,Strong buy,109.29727726482935,115.73267101470887,123.2618977631294,-2.5066231913592762,-13.411764705882346,-40.78475058794405,96.48600000000005,104.91350000000003,114.22439999999999,140.8600000000001,25.306813372831147,8.889553,59.993229232787435
DINO,HF Sinclair Corporation,112.915,USD,0.1907719609582994,1472789,0.5291660405947543,20074462201.42449,USD,Energy minerals,Buy,104.5063697380855,98.32500314291943,90.46286566146843,8.082886676875951,9.3281053344951,145.4891304347826,108.94499999999998,109.12624999999996,99.36110000000002,71.116275,10.776388623783166,16.610775,nan
CMS,CMS Energy Corporation,63.74,USD,0.15713387806411286,3255096,0.7328675975154023,19987405304.4912,USD,Utilities,Buy,66.6642310670378,68.3879056720229,70.04350231484301,1.6262755102040867,-5.918819188191878,-8.825632956658554,63.301999999999815,65.24349999999995,68.42439999999993,72.82985,19.15379530019833,3.87065,-1.7942513132267004
RGLD,"Royal Gold, Inc.",234.865,USD,1.0911203891017072,234383,0.40890436387033025,19899608877.516808,USD,Non-energy minerals,Strong buy,243.35040911519943,239.09036167517297,235.68179786107174,-6.777407319202981,-9.587327251029746,4.850446428571432,236.48900000000003,249.34974999999957,240.10349999999977,241.2034500000001,25.60422549030296,10.422928,34.28537967178557
EXE,Expand Energy Corporation,85.62,USD,-0.3955328059562462,2033402,0.5830072449775168,19821353790.217777,USD,Energy minerals,Strong buy,90.50563300843761,91.64849875371958,93.23071537843975,-2.0141908903639174,-14.199819621204531,-22.14948172394981,85.03199999999998,89.94749999999985,93.02689999999976,98.40797499999984,7.390399903325767,8.587538,2897.490297542044
WWD,"Woodward, Inc.",334.065,USD,-0.6320830482762724,610107,0.9457809137059614,19725142718.031216,USD,Producer manufacturing,Strong buy,342.44056742949755,351.28306945745214,356.6900508458581,1.932993622799249,-1.1700491095201422,9.9331973147295,330.9130000000001,329.26874999999984,348.4835000000005,363.639925,37.15218310015792,9.470908,42.25055765610414
NTNX,"Nutanix, Inc.",72.13,USD,0.8529082774049209,1202880,0.5798386056107849,19516226919.413174,USD,Technology services,Strong buy,67.29638214036414,64.25216776012935,60.53993273904958,5.330023364485968,8.400961827472178,39.30088837388952,70.56999999999996,68.82100000000001,65.96150000000006,50.511875000000025,13.974349039057655,2.327322,702.6123464468977
AMCR,Amcor plc,42.04,USD,0.55010762975364,1307158,0.4602897700304746,19437012715.19445,USD,Process industries,Buy,43.45264749778066,43.585199879545485,43.36659057708498,-1.2682010333489881,-8.608695652173916,0.6946107784431117,42.19199999999999,42.63300000000003,44.987000000000045,42.8082499999999,17.632748930458856,nan,32.20583342575136
STZ,"Constellation Brands, Inc.",113.1801,USD,0.16824497743163205,740672,0.4459041579861973,19328427234.16723,USD,Consumer non-durables,Buy,122.48332231140762,126.98453881893533,131.93943591864297,-0.7061455454665119,-14.13390486306047,-18.222471098265903,112.98401999999972,118.76750500000033,127.03820200000004,143.2504005000003,10.797361240960866,11.723512,nan
U,Unity Software Inc.,43.78,USD,0.3898188488878737,6203819,0.5178374713335334,19267093546.843388,USD,Technology services,Strong buy,41.612976776502606,39.578486596288364,37.055403682891054,6.236350400388255,8.312716476991586,-3.141592920353986,41.58,42.304999999999986,41.3292,31.920600000000007,nan,-0.686276,-27.864387678437264
LEN,Lennar Corporation,80.035,USD,-2.5270977956399987,7142771,1.2197258204784716,19247162820.030262,USD,Consumer durables,Buy,82.02711667435159,83.6043765518738,86.32545263248865,-2.3963414634146383,-4.161178301999771,-22.303659838850606,81.75499999999998,80.59075000000007,83.72329999999998,94.26792499999979,15.114346684795951,4.889927,-47.695058228548284
CRS,Carpenter Technology Corporation,387.419623,USD,0.9720407099481361,445758,0.6401161450693273,19199961483.679146,USD,Non-energy minerals,Strong buy,444.08591918910156,464.808454825249,469.43077769171055,-2.9704410438789752,-18.305543090905257,22.372665908588406,387.3939246000001,413.93598115,479.05859245999966,441.4114231150003,36.79757826450363,13.3375,41.99552234780028
CHTR,"Charter Communications, Inc.",109.295,USD,-1.8631588399030286,1181875,0.3871501178410436,19139214694.681065,USD,Consumer services,Buy,130.51349418596953,136.58663974189778,146.10778839330425,-5.804533310350771,-25.986998036161705,-47.81809501074242,110.72699999999998,127.01775000000002,140.25749999999846,174.89137499999993,2.839494946870697,40.724284,4.731715280801037
SNA,Snap-On Incorporated,369.01,USD,0.3508103992167855,103347,0.43874146530742725,19087825817.225822,USD,Consumer durables,Buy,379.9535980652471,383.899616939698,384.255428783044,0.43821448013065156,-3.4434937331554085,7.099114787403854,367.274,372.24999999999983,390.18659999999994,379.3805500000004,18.822719273636153,19.7984,4.492687190857923
LSCC,Lattice Semiconductor Corporation,134.27,USD,4.198354803662887,2049896,1.2099843768335143,19070402856.40323,USD,Electronic technology,Strong buy,124.38463675749621,124.50222786867442,122.74461902290084,8.45718901453959,19.787670621821757,77.79396186440681,127.64600000000004,118.5735,120.96480000000012,112.42460000000004,518.6172267284666,2.132308,13.056768558951969
MKSI,MKS Inc.,280.24,USD,3.31809467630143,900956,0.7916076007178764,18949142569.48061,USD,Producer manufacturing,Strong buy,275.9068169740027,284.52186939637596,286.7098708696686,7.367533810965105,13.319854427820461,70.31724808557192,268.24799999999993,258.07100000000014,275.9202,272.0551,44.68468468468469,13.146334,59.397636294319476
LYB,LyondellBasell Industries NV,58.61,USD,1.4364832121841438,1606884,0.5228366106145577,18933252874.02129,USD,Process industries,Buy,61.09885613680298,61.6581862588795,62.01663471410598,-1.2801077985514537,-9.314559801949553,34.48829738412116,58.062,61.39749999999996,62.318599999999996,62.03510000000003,nan,9.151032,-247.10743801652893
NI,NiSource Inc,39.455,USD,-0.11392405063291572,2591981,0.41171402331274676,18921043315.989872,USD,Utilities,Strong buy,41.026942260662494,42.10228333046138,43.15506655980864,0.8563394683026607,-3.272860995341998,-5.51963601532567,39.27499999999997,40.30825000000003,41.68449999999997,44.845675000000114,20.895561910814532,2.052624,0.32410605175070367
FSLR,"First Solar, Inc.",175.855,USD,2.17593399570041,1247815,0.48335185101042294,18899099564.979923,USD,Electronic technology,Strong buy,197.49257595827046,205.91860631100144,212.95696572167108,1.0138434143259156,-11.785803862553301,-33.85428420973445,174.60500000000005,192.50274999999996,207.53949999999998,224.23897499999987,10.84092618392987,17.524823,38.72032564821782
WCC,"WESCO International, Inc.",383.38,USD,3.258995906054736,307822,0.7158283260325458,18683202559.747635,USD,Distribution services,Strong buy,359.04256266026954,353.33456024062815,344.56208789617625,5.4081548486431545,16.53595963280442,55.940614195647754,368.79600000000005,355.6715000000005,351.5999999999999,318.6088950000001,26.495183070947768,16.831983,13.292254210349114
NDSN,Nordson Corporation,333.52,USD,1.3676980122788889,162647,0.5236087011109788,18576852436.491154,USD,Producer manufacturing,Buy,319.4222206159067,313.5001595885204,305.3588411559385,2.5836614173228276,5.304369790351084,38.286756779169075,330.24799999999993,318.831,315.42289999999997,287.1590500000005,33.74547220592104,11.938333,24.235110742388816
WES,"Western Midstream Partners, LP",44.91,USD,1.1942316358720009,510598,0.53800380629174,18555671331.537403,USD,Industrial services,Buy,46.78816413199753,46.588863041773344,45.87477404297084,-0.9702315325248176,-7.668585526315797,13.15192743764172,44.77400000000001,46.75200000000004,47.443600000000025,43.62444999999999,14.143990929705215,3.718946,-2.286505616248655
PR,Permian Resources Corporation,22.11,USD,0.8207934336525295,5748323,0.6493940786495856,18518385679.33242,USD,Energy minerals,Strong buy,22.173842251583938,21.790945380425605,21.13620783446444,2.5034770514603575,-6.313559322033907,57.70328102710414,21.53199999999999,22.554000000000016,22.1852,19.3781,14.675428116288332,2.15731,-2.149769435604347
ITT,ITT Inc.,206.43,USD,2.127343788650874,257230,0.29213140655088465,18454842760.84871,USD,Producer manufacturing,Strong buy,205.04818550554003,203.75169242428152,201.71281866307936,-4.199925747169103,3.024404851025604,18.020696358127044,204.42000000000016,203.61649999999992,205.19000000000023,197.03589999999994,40.5360824742268,8.265774,-19.95190040554559
SSNC,"SS&C Technologies Holdings, Inc.",78.48,USD,0.0509943906170401,656928,0.5069784707328687,18415724877.243244,USD,Technology services,Strong buy,79.148839385241,77.82805203297494,76.41348961442661,-0.19076688286912308,-5.331724969843187,-9.917355371900825,77.91599999999993,79.58649999999996,80.18540000000006,74.7563999999999,22.53488772755987,7.10598,9.698554194097083
CHRW,"C.H. Robinson Worldwide, Inc.",157.58,USD,2.899307822907161,875225,0.6607386593548621,18413421055.442734,USD,Transportation,Strong buy,154.37065933359352,158.2099054946646,162.25706305803817,7.946294012878493,6.530557057869136,-2.3486397719526506,151.326,151.5305,151.34629999999999,172.30337499999987,30.071371321705282,6.246035,19.290657439446353
BBY,"Best Buy Co., Inc.",87.495,USD,-0.23375142531356702,1032804,0.3661971681169302,18350125077.57948,USD,Retail trade,Buy,88.01512694183077,85.73027561982987,82.37576153079983,-2.4690669936461815,5.593772628530057,29.776030851379414,88.41900000000005,90.84474999999999,87.60230000000003,72.94947500000002,14.561143655971243,6.807515,65.59098299666547
SMTC,Semtech Corporation,196.35,USD,5.230719759901383,3285019,1.0358201238915685,18324485629.271935,USD,Electronic technology,Strong buy,167.12718349195444,157.04838329494407,145.8142872380906,10.495216657287566,47.63157894736842,160.4802334836827,183.23400000000004,171.17574999999994,145.98789999999997,116.90094999999995,130.51714969423026,3.477716,537.1876323591698
GFL,"GFL Environmental Inc. Subordinate voting shares, no par value",41.95,USD,3.759584466979973,5321113,1.5807594673479544,18290896988.241226,USD,Industrial services,Strong buy,42.00344099939995,41.44738793372187,41.005103522462804,0.5271986580397939,1.0843373493975972,-2.623026926648086,41.562000000000005,42.178500000000014,41.647799999999954,40.71275000000007,nan,0.5646449816,87.87859681633327
EVRG,"Evergy, Inc.",79.072,USD,0.3579134407919742,1514991,0.6334002595409565,18227126599.499023,USD,Utilities,Buy,80.57750981492379,81.38895836502087,81.72543184622205,1.8181818181818261,-2.8121927236971445,9.321166874049503,78.58839999999982,79.78210000000007,81.66843999999999,81.08825999999999,20.03192055328959,4.255644,8.627332269249818
CDE,"Coeur Mining, Inc.",17.6983,USD,0.7875854214123063,23236432,0.6607964729617367,18192702494.280407,USD,Non-energy minerals,Strong buy,19.052953971258376,18.812826437033493,18.611322107050334,-6.7528977871443665,-14.376874697629422,-4.333513513513515,17.71366,19.419415,18.917766000000004,19.272291500000016,14.53539750328515,1.067259,212.20512820512818
TSN,"Tyson Foods, Inc.",51.92,USD,2.8729938577372756,1981597,0.6570853076152708,17902048388.533386,USD,Consumer non-durables,Buy,53.577296063118936,54.94262067551407,56.41794911064305,1.7042115572967769,-5.87382160986221,-11.35393546184053,50.97000000000003,51.792500000000004,55.281199999999956,60.00767499999984,31.364020780476018,3.592439,-26.43647513664845
ZBRA,Zebra Technologies Corporation,378.08,USD,0.7004927420428807,208976,0.42331892195634696,17887215412.309284,USD,Electronic technology,Buy,354.51420032120603,337.68188844769145,316.7333318515478,3.2413096310859904,9.420310826845718,53.485162180814335,374.9359999999999,358.89699999999976,350.92040000000094,267.1894499999998,34.597047977233004,21.134099,3.257963017206364
BR,"Broadridge Financial Solutions, Inc.",157.09,USD,-2.5193918709277083,412165,0.49395524567611643,17735465362.257214,USD,Technology services,Strong buy,164.33072253367607,163.43918548009555,163.97975938961295,-3.090684762492283,-12.877821529587932,-29.60971456737016,160.64199999999988,165.2739999999998,168.4615999999998,171.11514999999972,16.322395627688536,10.555144,35.666760642796724
APG,APi Group Corporation,40.62,USD,1.5246188452886766,1635750,0.6350782146915734,17716831002.236942,USD,Industrial services,Strong buy,39.628700801642026,40.08629165052238,40.54420100304774,7.063784923563522,3.5960214231063414,6.168322007318347,39.26599999999998,38.22000000000005,39.939999999999976,41.87474999999997,nan,1.724027,-299.9401913875598
IONQ,"IonQ, Inc.",43.64,USD,-0.795635371675384,14014605,0.4919836888224253,17680227011.3744,USD,Electronic technology,Strong buy,42.058800470094376,42.572185258139505,43.32416159500551,-2.3713646532438526,16.622127204703364,-5.151054118669849,43.99599999999999,40.8405,40.59939999999999,43.45882499999994,nan,-1.375077,-125.36928720134827
DD,"DuPont de Nemours, Inc.",130.67,USD,1.1377708978328165,312678,0.3798173662968846,17646064309.369198,USD,Process industries,Strong buy,132.83238417810014,134.5160139152123,135.48423208151388,0.1302681992337069,-1.670554594025133,7.706890867128251,130.17199999999997,129.38850000000005,135.4918,137.64485,310.38004750593825,7.251605,nan
GPC,Genuine Parts Company,127.33,USD,1.766304347826082,399645,0.5483123184331558,17553685119.202446,USD,Distribution services,Buy,130.11564260798113,128.30116919730025,125.54228217164679,-1.5235885537509768,-6.161102513081288,3.4194282001299494,126.65399999999997,130.29299999999995,131.99880000000005,119.91930000000002,510.13621794871796,7.738872,-95.70055465600991
CF,"CF Industries Holdings, Inc.",115.535,USD,0.8686921599441159,1149932,0.4732861306081074,17484849777.114063,USD,Process industries,Buy,122.03744374365132,121.56263413675147,119.50034044843738,-1.947721293388782,-13.502283446881782,49.11590087764583,115.29899999999998,125.41824999999999,124.43029999999999,112.49412500000012,8.569383562151858,14.978847,76.22078736864118
MTZ,"MasTec, Inc.",217.5,USD,1.7972479640550425,779070,0.5814094501816052,17466326250.386127,USD,Industrial services,Strong buy,241.4569212207965,262.79088289150343,281.4233205378636,1.9834013222675433,-8.528892253343427,-1.1408572337620977,211.81999999999954,222.04100000000008,252.40720000000002,305.28209999999996,34.646998853064865,9.304637,86.28445947950976
TOST,"Toast, Inc.",29.865,USD,2.1724255901471023,6084304,0.7439392916200612,17351564728.221344,USD,Technology services,Strong buy,31.43907012959021,31.227640255008154,30.76754611150113,-1.3705416116248437,-8.920402561756635,-16.50824713447024,29.785000000000004,30.96425000000001,32.94530000000004,29.778799999999997,38.156381755461865,1.37364,128.25896762904637
ESS,"Essex Property Trust, Inc.",269.32,USD,-0.0704983117509546,256674,0.43719091627261,17308776953.911026,USD,Finance,Buy,275.9685317028969,277.7931420259617,277.041543532243,-0.9962136529059221,-3.8795103322745295,3.9765269091189914,271.03200000000015,272.8339999999998,280.833,268.4109000000001,41.91620494303679,5.621696,-48.34674534331261
EWBC,"East West Bancorp, Inc.",126.22,USD,0.9598464245720707,431127,0.6285397796589215,17293636009.87954,USD,Finance,Strong buy,128.49597901204743,128.54094576531506,127.14380491224293,-0.22134387351778745,-1.0659978052986356,12.285383862645675,125.482,127.11650000000004,129.6702,121.75195000000005,12.119757259179597,10.659829,21.704783162520016
TPG,TPG Inc.,44.92,USD,0.4247708473060694,2089393,0.8478985647927507,17272851181.00872,USD,Finance,Strong buy,47.09800391383846,46.944327779483324,46.75380954291644,1.836318295171168,-14.176538020634318,-30.085603112840463,44.15399999999994,46.378499999999974,48.49830000000004,47.78872499999996,67.78331069865702,2.836157,nan
BURL,"Burlington Stores, Inc.",274.55,USD,-0.2796745605113983,1242979,0.7862624783323464,17245912793.0292,USD,Retail trade,Strong buy,276.59284452345634,289.4788731992016,299.1073736815426,9.81560737570498,4.786076867295149,-4.417908369307895,270.7,251.64500000000007,301.7312,310.9068,24.628840547207894,11.899855,31.537027422476054
IEX,IDEX Corporation,233.86,USD,1.7446160539482356,308040,0.48256830862189026,17240136749.033024,USD,Producer manufacturing,Strong buy,228.92290257379628,227.16605026323282,223.11101614316692,2.2472892619797196,4.710307155010303,31.359883165758585,230.65399999999963,226.10000000000028,229.83719999999943,210.90444999999988,33.599609206631996,8.832192,12.346456184526994
FTAI,FTAI Aviation Ltd.,167.365,USD,0.02689457327278025,889466,0.7740862734941326,17189573252.355038,USD,Electronic technology,Strong buy,189.58391664673718,199.94514922012618,209.98222985090828,-4.488386691776512,-11.484556801353927,-15.48502752108266,167.54900000000004,181.41374999999982,197.93789999999981,235.54115000000004,36.456608869913744,5.904444,13.859126984126977
FTV,Fortive Corporation,56.855,USD,1.8176934097421085,929606,0.5352355568227517,17171179955.056322,USD,Electronic technology,Buy,57.346762635068934,58.09979765798766,58.43879071769142,2.533814247069421,-0.9839777081156476,2.7561901319356563,55.735,55.64875000000016,58.3982999999999,58.280724999999954,33.56653678120203,3.013546,-23.54428094249345
GIS,"General Mills, Inc.",32.105,USD,1.3735396274076261,10084715,0.8518586285577116,17166130471.760023,USD,Consumer non-durables,Buy,35.63412321870877,36.16328836883841,36.776430916302445,-7.638089758342927,-22.113051916545373,-30.92728055077453,32.67100000000003,35.311250000000015,37.19389999999994,38.80422499999992,nan,3.082495,-131.6363429826388
DT,"Dynatrace, Inc.",58.975,USD,-0.48093148835638977,1945569,0.28201157819765293,17043900501.50692,USD,Technology services,Strong buy,53.72175847307008,51.1909417449159,48.552414906530075,0.28056452984186214,12.590683466972123,36.106623586429734,58.26900000000005,55.50175000000013,51.48110000000004,42.56022500000007,117.19992050874404,1.983576,-69.03194042710321
IP,International Paper Company,32.135,USD,-1.1838868388684043,3452053,0.6952057678798359,17017728502.30581,USD,Process industries,Strong buy,35.80631513948065,36.56842505066533,37.078911532296246,-8.759227711527545,-12.438692098092654,-18.68674089068827,33.02900000000004,34.55925000000009,38.27369999999992,38.01480000000011,nan,1.342998,-6527.811860940696
RVTY,"Revvity, Inc.",151.45,USD,1.6033811887830312,748433,0.3346501591194922,16899759286.31893,USD,Health technology,Buy,136.1338774080335,128.8831168925727,121.29993821101539,0.4976775049767751,20.255677306653954,55.81275720164607,151.43800000000005,140.94899999999996,127.81480000000012,106.25619999999985,71.92724164133739,5.353364,-10.658520027155461
SBAC,SBA Communications Corporation,159.23,USD,0.7657258574863811,472629,0.566498952832327,16892410510.841412,USD,Finance,Strong buy,175.95010998303698,180.3027112737884,184.70889501297142,-4.0783132530120545,-15.415670650730416,-17.1496956137156,160.72199999999987,174.8120000000002,179.97080000000008,191.26104999999959,17.146949236501477,7.70235,14.116129032258062
CLH,"Clean Harbors, Inc.",319.59,USD,2.265527503119895,163645,0.4527604150527448,16870276701.34386,USD,Industrial services,Strong buy,315.3066742107941,312.106045894616,306.33559364828955,1.2931444328230435,1.6087495628397936,36.471944657955405,313.454,315.95,314.86140000000034,290.8991999999998,38.761203623970594,9.862628,15.793834702619211
BEN,"Franklin Templeton, Inc.",33.2,USD,2.1538461538461626,2398494,0.5447245155329317,16868153223.015387,USD,Finance,Buy,33.45782590009683,33.20863230609918,32.39015826936724,1.4359914451573663,0.3627569528416099,38.44870725604672,32.63400000000003,33.229499999999994,33.6664,29.53190000000002,22.634305972184347,2.902478,181.2655800575264
ZBH,"Zimmer Biomet Holdings, Inc.",87.99,USD,-0.07949125596185258,939451,0.48328826008695014,16783008539.339424,USD,Health technology,Buy,93.38341449369632,93.48770410142939,93.02219916721893,-1.610197920161033,-11.407571486105516,-2.2007335778592907,89.56800000000018,93.09600000000002,96.07659999999993,91.33674999999987,21.412927090431225,8.532,0.06331271611552519
FIS,"Fidelity National Information Services, Inc.",32.48,USD,-1.873111782477355,4669261,0.7408419740232706,16750127919.51178,USD,Technology services,Buy,37.490009060538654,39.016148717299664,41.08583391396929,-7.372023385141883,-20.896249391134937,-51.15789473684211,33.227999999999994,36.09100000000002,39.912999999999975,46.78425000000007,4.987255474004238,6.203274,2338.2628229127663
PAA,"Plains All American Pipeline, L.P.",23.685,USD,-0.06329113924050872,1531655,0.6294603064855303,16711342315.65,USD,Industrial services,Buy,24.570881997484253,24.29515194267816,23.724300699727067,-3.836784409257005,-8.446076536528807,31.58333333333333,23.912999999999986,24.987749999999988,24.635400000000036,22.097249999999995,6.559851548219132,1.598151,299.22600619195043
LNT,Alliant Energy Corporation,64.362,USD,1.0233872233558217,3071906,0.9565612017367099,16688081523.981886,USD,Utilities,Buy,66.79310118737006,68.2381252588766,69.34745264321317,1.7420170723996156,-5.182675309369477,-0.9967697277342106,63.784400000000005,65.46635,68.11733999999997,70.29823500000003,20.394828569617843,3.424364,-2.475354615408382
FN,Fabrinet,465.3,USD,3.070175438596494,450601,0.6445012692613339,16673961264.605263,USD,Electronic technology,Strong buy,443.14277488995157,463.2616342326776,486.0750253894203,14.605911330049263,16.61654135338346,0.12049748246331331,435.01799999999986,408.85899999999987,448.00440000000015,531.8467,35.67239356930932,18.20216,42.246286723810755
MEDP,"Medpace Holdings, Inc.",597.245,USD,-0.13961342964152562,195459,0.7781032829311229,16670095981.646578,USD,Commercial services,Buy,595.9662887526347,581.2387010157242,561.24205594827,-3.763293586851437,2.329306947656991,6.906705330612544,611.5109999999997,608.3782499999999,600.0966999999998,523.8019500000004,35.03026499466257,17.600212,26.790561393332286
OVV,Ovintiv Inc. (DE),60.38,USD,0.6668889629876721,1332560,0.484586532839287,16634907305.58653,USD,Energy minerals,Strong buy,61.760882098752624,61.16993619048434,59.65584090292176,1.8212478920742081,-8.404126213592232,54.424552429667514,59.30799999999995,61.86450000000002,62.75940000000008,54.71780000000006,16.88148293119356,7.597302,58.28207284152764
CNH,CNH Industrial N.V.,13.405,USD,4.31906614785992,8535152,0.6074324596062294,16591716880.823736,USD,Producer manufacturing,Strong buy,12.79448394342319,12.326355665917031,11.883217444850903,1.7071320182094056,7.584269662921336,43.98496240601502,13.084999999999997,13.497250000000017,12.109699999999977,11.11877500000001,53.70592948717949,0.446417,-62.02069385270846
CDW,CDW Corporation,132.715,USD,-2.293307811234638,672921,0.49236135693452754,16591688866.434807,USD,Technology services,Strong buy,140.66025657462777,139.68371808375593,137.78572386988935,-5.2035714285714265,-12.681755378643334,-3.268950437317774,131.34900000000002,142.90225000000004,142.4039000000001,131.62479999999982,15.952089042742442,10.959032,3.423584694562535
DOCN,"DigitalOcean Holdings, Inc.",140.68,USD,0.629470672389124,1282975,0.6114630150127343,16541090620.035194,USD,Technology services,Strong buy,129.86989933908063,128.26267341235052,124.08586663140044,-2.596413487502596,30.247199333395056,189.22697368421052,137.03400000000005,132.5315,124.7498,105.41355,64.13494415317986,1.461039,72.28243795161794
EFX,"Equifax, Inc.",140.17,USD,0.3148930079438902,2532858,1.2035473803724204,16467858130.049025,USD,Commercial services,Strong buy,162.02762321200157,166.60582321225402,171.1720499597973,-5.672947510094217,-24.45294815134203,-35.26532120260473,140.75000000000014,157.5695000000003,173.36779999999976,182.54290000000023,24.6309833415337,8.54889,11.283194493331768
STRL,"Sterling Infrastructure, Inc.",535.115,USD,5.93819290465632,388294,0.9598156571761357,16368374727.82809,USD,Industrial services,Strong buy,535.0792520563409,558.6909425109216,571.2277820029542,2.807877041306438,17.51987525804894,72.93572051837249,507.06300000000044,501.06174999999973,521.4058000000001,539.1311500000004,38.54989878323764,19.799,50.9208924067148
RBC,RBC Bearings Incorporated,516.93,USD,1.6598163189049817,88951,0.3343292310965162,16365612964.769768,USD,Producer manufacturing,Strong buy,517.050089435169,529.2488333386489,538.3308239067793,2.200474495848149,5.887052172309952,14.993437590372164,506.15799999999956,495.91400000000124,521.4790000000005,549.1397500000004,51.080544274152906,14.951,27.276729006049464
RGA,"Reinsurance Group of America, Incorporated",250.1699,USD,2.26878423677541,185068,0.5254651923461321,16336510992.349817,USD,Finance,Buy,246.34922796823264,241.93865380073157,235.27028398693486,1.4929206052983908,0.8749596774193599,23.066656828020474,249.38798000000014,247.86299499999964,245.24079799999984,218.91644950000008,10.998364554802803,29.571526,97.91092046532266
TSCO,Tractor Supply Company,31.325,USD,-1.276394579262531,4907454,0.5295458549518925,16321580900.499527,USD,Retail trade,Buy,32.73946860381229,33.1020891393511,34.35391810983948,-0.42911633820725226,-9.517619872905831,-37.312387432459474,31.58499999999994,32.72875000000001,33.52269999999999,39.910725,16.355994152046783,1.936497,-5.799026117751223
IREN,IREN Limited,41.335,USD,1.6851168511685173,34868420,1.040635031133946,16266870985.363838,USD,Technology services,Strong buy,42.89125131563073,43.236855058022975,43.854713770828475,-10.665658093797282,15.477021930437209,5.960010253781089,41.193,44.05250000000002,41.38649999999997,45.57187500000002,nan,-1.9043,-427.0100709922404
J,Jacobs Solutions Inc.,138.02,USD,-1.2661849917733614,386480,0.4862271700441388,16153668503.05988,USD,Technology services,Strong buy,140.92480186602668,139.35959579574546,137.14367811177664,2.297657871331176,-5.394475289601739,4.04040404040405,137.586,141.2145,143.21640000000016,133.11129999999997,48.44846953103061,7.255178,-28.810255641352413
ONTO,Onto Innovation Inc.,327.775,USD,4.095210873983734,740403,1.1851402834497047,16085311052.935087,USD,Electronic technology,Strong buy,292.2934137461528,289.5300286560941,282.03570493459586,16.25906680617872,27.702886975493808,101.58364083640836,308.78100000000006,279.12325,282.64970000000005,253.60817500000016,122.6702844311377,8.115,-33.86629705714922
NWS,News Corporation,31.58,USD,0.4133545310015867,418232,0.467049978676143,16050002319.203814,USD,Consumer services,Buy,32.39993771260222,32.16713159875354,31.672764772926808,0.894568690095839,-8.33091436865023,6.545209176788116,31.69799999999999,32.56000000000002,32.98299999999999,30.176475000000025,30.74077679353645,1.321115,26.23494716146475
NVR,"NVR, Inc.",5971.02,USD,-2.5359184379682564,26311,0.7498297201711063,15911932113.734724,USD,Consumer durables,Buy,6214.000232632833,6272.025685430835,6364.467186309177,-4.335566190241967,-5.47936097866762,-18.06231963410166,6150.861999999999,6202.253499999999,6283.383199999999,6690.051200000007,15.484954152137416,359.045465,-18.614432631103945
BMNR,"BitMine Immersion Technologies, Inc.",26.195,USD,-2.001496445940891,31575013,0.92571010452607,15801514737.552374,USD,Finance,Strong buy,24.302421126693478,22.815101566164316,22.01592002208793,-7.372701555869876,13.447379818103077,-6.44642857142857,26.58499999999999,25.910750000000025,22.522300000000016,21.669175000000006,nan,-21.885,-196.1904431170996
AS,"Amer Sports, Inc.",27.115,USD,0.12924667651403304,3840533,0.6457945574069351,15776104067.694054,USD,Consumer durables,Strong buy,29.338144962970084,30.69020987771108,31.97281601753485,1.2887560702278629,-7.803468208092491,-27.943130480999212,27.269000000000023,27.432749999999988,31.00970000000002,34.62612500000002,28.339255852842808,1.304006,132.23300970873785
AKAM,"Akamai Technologies, Inc.",109.065,USD,1.9966333115121957,4044039,0.49248034579093625,15674452525.26896,USD,Technology services,Strong buy,110.5718915671433,112.51923909449616,113.47597012284581,-12.90477141145937,2.891509433962262,24.93127147766323,107.95700000000011,109.0437499999999,111.87110000000034,111.67967499999995,39.3438187655568,6.678105,-1.7160078000354546
PTC,PTC Inc.,143.89,USD,-1.761452857240399,451240,0.3588144840693971,15612965320.918686,USD,Technology services,Strong buy,140.1749651543211,139.33010289614998,139.8814277748453,4.899030400233287,-5.098271995778933,-17.465871285992897,141.58199999999982,136.63349999999997,142.26630000000026,145.11094999999915,13.910479505027068,8.194438,143.8529904052429
HST,"Host Hotels & Resorts, Inc.",22.5397,USD,0.13194135939581644,2937793,0.3681194236487634,15442498362.579725,USD,Finance,Strong buy,22.569721787209573,22.703346058946764,22.53229701325372,1.3475719424460495,3.965405904059041,26.984225352112674,22.50794000000001,22.222235000000023,22.93029399999999,21.370823499999982,15.120211980948548,1.37813,57.82953943885653
INVH,Invitation Homes Inc.,26.095,USD,-1.1553030303030292,3060432,0.616527916432211,15412312963.460985,USD,Finance,Buy,27.688395785877642,28.165200238295085,28.359461287593277,-1.6025641025641053,-10.69472963723477,-5.692085290928814,26.38700000000003,27.129749999999955,28.767700000000005,27.850100000000012,46.614862450875314,1.006013,24.788230049041456
SUN,Sunoco LP,74.85,USD,0.41588408907967267,222466,0.37785932482779294,15331123760.14757,USD,Distribution services,Strong buy,75.18465350176801,74.08541956629455,72.1164798342937,-1.0051580478772717,-2.475570032573297,42.57142857142856,73.89800000000001,76.08499999999997,75.53200000000001,66.57484999999998,16.421315899168512,8.637534,123.93023827069516
JAZZ,Jazz Pharmaceuticals plc,235.95,USD,1.2617484228144706,302540,0.431143390733139,15316595096.521181,USD,Health technology,Strong buy,241.98519243337142,241.0765807683248,234.97649757276912,-1.3256942121110806,-3.299180327868857,39.203539823008846,234.22199999999975,239.57949999999974,247.21960000000053,211.9137750000001,16.271740479704288,24.95489,nan
APA,APA Corporation,43.595,USD,0.5883710198430905,2657989,0.45084268664748206,15273573760.188393,USD,Energy minerals,Buy,42.456276988575546,41.147255568085775,39.44276081157826,1.8574766355140229,-0.35428571428571687,77.35964198535395,42.59900000000001,43.86024999999999,41.57730000000001,35.33700000000002,9.219430698303936,6.150479,58.661879676542625
CRBG,Corebridge Financial Inc.,34.185,USD,1.5597147950089298,3597316,0.7216494514461451,15238733594.981285,USD,Finance,Strong buy,33.83082823650527,32.97998486197231,31.91289720017537,-0.33527696793001427,5.672333848531687,13.646941489361716,33.70299999999999,34.26274999999998,33.34590000000002,29.408325000000023,19.433232903189133,4.587775,nan
TLN,Talen Energy Corporation,319.48,USD,-1.1173357268872317,737361,0.8333887146825224,15111403584.692814,USD,Utilities,Strong buy,317.94116636793063,327.46777532597343,337.1392253427624,5.074823219865156,9.354783501625892,-16.171184172548607,314.72000000000054,305.0740000000005,319.0112000000001,351.84595000000024,nan,20.556885,-224.49463225216994
SOLV,Solventum Corporation,88.435,USD,0.7576620713227826,375757,0.56341379667101,15053735837.51766,USD,Health services,Buy,87.97411739552442,86.17065248448101,83.64556204778124,-0.10730825708799148,-2.946663740122917,11.603987884906623,88.64299999999997,88.96374999999999,88.13709999999996,77.94869499999999,10.80940681798736,7.161298,276.8621309134461
H,Hyatt Hotels Corporation,159.31,USD,-1.0127998011681345,292281,0.3834484846831038,15031971881.563564,USD,Consumer services,Strong buy,165.50019779484836,169.45330590618008,171.23811718397886,0.19496855345912092,-3.9317373213531988,-0.9081296261740424,160.4020000000001,159.68050000000014,170.07439999999994,169.40559999999996,197.58154533052215,3.570984,-80.90422508525957
LECO,"Lincoln Electric Holdings, Inc.",275.2,USD,2.152932442464741,226957,0.6434538984250254,14999983815.839643,USD,Producer manufacturing,Buy,269.7670273244144,268.8260798499407,266.97323497918734,2.3581045897493027,2.3048327137546427,14.843717397654714,270.23400000000004,263.9777499999999,271.20200000000006,264.12872499999986,27.51009636530849,11.222585,12.502389815450027
BALL,Ball Corporation,56.6651,USD,0.29221238938053534,827902,0.4145526817623098,14999441153.206076,USD,Process industries,Strong buy,59.73717803086052,60.303934864992414,60.31415793597261,-0.14960352422907056,-10.467530415547476,6.794383716547305,56.59502,59.12325500000003,61.751702,60.05602550000007,16.118645996302092,4.023207,64.14530513143762
KIM,Kimco Realty Corporation (HC),22.285,USD,0.3376857271499293,2247284,0.5063056602528077,14948540442.502026,USD,Finance,Buy,23.191220042104913,23.564956889846695,23.699126897624954,-0.11205737337516172,-8.027238959966985,10.158180919426593,22.322999999999958,22.745749999999994,23.853700000000025,23.271299999999968,26.12543962485346,0.844462,2.91988416988417
LDOS,"Leidos Holdings, Inc.",119.09,USD,-2.361236369599078,469646,0.44783047576946156,14944867484.470444,USD,Technology services,Buy,126.59871840191994,127.36315852834792,130.5366140365763,-3.081243894496904,-13.878038194444445,-33.71102449888641,121.66099999999969,126.52025,130.5059,147.24252499999994,11.09878844361603,12.38496,1.4695591322603239
PFGC,Performance Food Group Company,93.83,USD,2.16681184668989,574613,0.4582992966469298,14781324110.702198,USD,Transportation,Strong buy,97.34092927901828,99.39531555993615,99.96442044635693,3.932210899424011,-6.170000000000003,4.861421546714343,92.22800000000002,92.66100000000012,101.79979999999995,96.86642500000015,41.00782308465539,5.663686,5.204837004000183
WPC,W. P. Carey Inc. REIT,64.62,USD,1.2376625411248727,643409,0.39768013687817916,14721527160.78678,USD,Finance,Buy,68.19458658568111,69.48182140316577,70.36110930627989,-1.9274548489907362,-8.236296506674236,0.4195804195804355,64.97600000000001,67.14699999999995,70.06919999999998,71.01514999999999,22.131652852935133,3.117038,91.85228990078191
TIGO,Millicom International Cellular S.A.,87.73,USD,2.4763462212358425,545507,0.6261645018067283,14698357341.467354,USD,Communications,Buy,92.67229919053703,92.29744295317218,89.80797398783464,-3.983802123235198,-6.670212765957442,56.66071428571429,88.4,93.06450000000007,93.80740000000002,80.19229999999999,22.11829366680113,4.062078,-29.71239212489588
LAMR,Lamar Advertising Company,144.55,USD,0.8441467838705231,475185,0.9269305224916492,14679006667.343729,USD,Finance,Buy,148.58562433838713,149.78337887928225,149.05711683473416,0.2566236648633684,-4.819911766642519,14.576727964489548,144.59799999999998,146.55849999999995,151.76040000000017,142.46905000000004,26.38399620347893,5.917944,27.705647886995642
VNOM,"Viper Energy, Inc.",40.7593,USD,0.1703121159990304,957198,0.48964131754712514,14640531726.936707,USD,Miscellaneous,Strong buy,42.550299626125174,43.02505249297454,43.3633223838955,-0.8771887159532935,-9.443901355254377,5.512037276727933,40.38986000000008,42.55146499999998,43.12138600000007,43.73477150000002,319.1801096319499,2.642769,-96.30860842920738
JHX,James Hardie Industries plc.,25.21,USD,0.039682539682545884,3426670,0.31781920784146533,14634973222.395636,USD,Non-energy minerals,Strong buy,27.14585821318753,27.00127810528738,26.265039521396982,-4.326375711574954,-11.667834618079882,21.376986037554172,25.242,26.9515,28.242599999999996,23.89975000000002,101.48953301127214,1.324423,-67.61408083441981
ARMK,Aramark,55.455,USD,1.58453929291078,954223,0.48369325928709733,14619326108.03224,USD,Consumer services,Strong buy,56.61568295285448,56.24262757498169,54.658360409463455,2.0894698085419696,-2.2819383259911925,50.44763971785133,54.461000000000034,56.236250000000055,57.47669999999996,48.38747500000004,38.67694239084949,2.276354,6.0659860926172575
PNFP,"Pinnacle Financial Partners, Inc.",96.14,USD,1.5956884708866164,883845,0.8688320171594925,14527968824.34915,USD,Finance,Strong buy,98.56446909544823,99.13523735051766,98.87701603514228,1.8432203389830453,-2.167497710389738,1.1893484896326654,94.27200000000003,96.64899999999992,100.9596,96.85072500000004,13.200604146642867,10.204294,-3.4648215895233556
ROL,"Rollins, Inc.",30.185,USD,-1.2594046450768779,3057956,0.34004202081362883,14523374244.592083,USD,Commercial services,Buy,33.91091844128083,36.45162498916376,39.95175440965045,0.5831389536820965,-16.385041551246545,-49.48117154811715,30.393000000000086,32.638749999999966,35.28030000000003,49.64122499999983,27.401053013798112,1.168252,9.06930693069306
NBIX,"Neurocrine Biosciences, Inc.",142.835,USD,1.5101982801506644,986313,0.6843840440908766,14519060968.60749,USD,Health technology,Strong buy,149.7540309784686,152.52718270851497,152.9354435453893,2.8033683604433643,-9.247728572336221,0.8792993855498301,140.83500000000004,147.03575000000006,155.64790000000005,147.2714999999998,20.925752292771545,7.062028,101.47584049115972
EQH,"Equitable Holdings, Inc.",52.87,USD,1.7709335899903649,1911717,0.7697593602320573,14435368922.430222,USD,Finance,Strong buy,52.16180218303304,50.80312510945333,49.144758885876136,-0.3017160098057773,6.506849315068486,10.931598825010495,52.1179999999999,52.895999999999944,51.28180000000002,45.29612999999992,nan,7.17579,-366.9731429954029
SGI,Somnigroup International Inc.,62.679,USD,-0.11314741035856249,1363275,0.511852245637565,14431161658.11251,USD,Consumer durables,Strong buy,65.34639792216655,66.84736678891886,69.07346548930138,0.0782372664857089,-3.168546269117877,-29.826466636811457,62.41579999999999,64.79644999999998,65.67098000000003,76.43324499999999,24.989634000478432,3.097967,75.6319585463203
EXEL,"Exelixis, Inc.",58.205,USD,0.4573696927856414,909359,0.5059689388723128,14422133069.955387,USD,Health technology,Buy,56.78761513866229,55.6825064857132,53.9579319424258,-0.07725321888412309,1.7392064324418763,33.743106617647044,58.31499999999996,57.754250000000084,55.83049999999993,49.07647500000004,18.281613166656197,3.512454,52.70023980815349
CG,The Carlyle Group Inc.,40.135,USD,-0.6313443921762876,2223091,0.7477643501137612,14301417703.075514,USD,Finance,Buy,43.031765459077505,44.143693659782656,45.42056368722791,0.6394182547642814,-13.762354963472285,-32.26160337552743,39.87699999999998,41.29024999999997,45.401699999999956,49.57992500000007,41.577747850409196,3.648566,-71.83825889080141
VICR,Vicor Corporation,309.5,USD,0.29488965941865425,739787,0.7207362823636785,14270033755.713083,USD,Electronic technology,Strong buy,246.8223866119521,241.85709831664653,236.16118908677774,10.064011379800856,75.35410764872522,177.67809079490405,296.562,237.48249999999993,219.61850000000015,216.43670000000012,99.34518841882262,3.9098,114.63313813296591
OWL,Blue Owl Capital Inc.,9.137,USD,2.0893854748603484,25458478,1.3704819967034223,14245425651.913074,USD,Finance,Strong buy,10.181286232469251,10.300920474455031,10.445108136636156,-1.8582169709989262,-21.232758620689648,-39.289036544850504,9.121400000000001,9.95434999999998,10.829540000000001,10.93263499999999,115.51201011378002,0.885206,42.266187050359726
ASND,Ascendis Pharma A/S,228.275,USD,0.42453037701817053,494018,0.6318025001074281,14239074439.045029,USD,Health technology,Strong buy,242.44485137525092,244.58744261236401,243.28175090461497,-0.8060661365315213,-12.668809059260104,7.251926329637287,228.3070000000001,242.52350000000007,248.70499999999996,235.56762500000005,17.39357365457441,15.70387334988,nan
FICO,Fair Isaac Corporation,657.17,USD,-0.6921042689837614,1406151,1.0130045441990683,14193317969.469784,USD,Commercial services,Buy,929.3645382001041,996.8538489718474,1065.324963161403,-23.317386231038512,-39.54945176245492,-61.13788637694187,674.0300000000004,874.8969999999987,1028.3464000000013,1218.636150000001,18.988248823293162,42.884073,35.366545286716125
WMG,Warner Music Group Corp.,27.09,USD,0.14787430683918354,1577025,0.8036444826935331,14171042982.786322,USD,Commercial services,Strong buy,27.552534554471805,27.711669905928417,28.00301901993251,0.07388252678241439,-2.9032258064516085,-11.672644277795897,27.301999999999992,27.844250000000084,27.353699999999957,28.592649999999967,21.423487544483987,1.489706,123.7261146496815
EG,"Everest Group, Ltd.",368.78,USD,0.016272510305908393,197752,0.5950531796130675,14140033967.125025,USD,Finance,Buy,371.89769467926544,369.69021252287183,364.6326894363591,-1.2637215528781867,-3.008784387985917,9.048435744278184,368.25600000000003,372.47750000000025,374.0258000000009,348.29250000000025,7.804719063552228,54.348571,146.14074294019287
JLL,Jones Lang LaSalle Incorporated,307.13,USD,-0.30512545849969086,313610,0.7123057802134305,14130345812.211155,USD,Finance,Strong buy,336.9746237367431,338.2152450973818,334.9540048966633,-5.481011879116145,-15.591161435717039,-8.709092530392654,309.16399999999976,331.97050000000024,352.3574000000001,327.6146999999998,14.716409757593471,25.008397,79.38097366430587
NLY,Annaly Capital Management Inc.,18.675,USD,-0.13368983957218492,12476891,0.8749284867514355,14075617302.818182,USD,Finance,Strong buy,21.211490372047418,21.66512575379178,21.936315529016557,-9.60793804453049,-17.658730158730155,-16.517657577112203,19.38700000000001,21.040750000000006,22.220300000000016,22.41932499999999,4.680333826219894,3.094556,297.10390127388536
UNM,Unum Group,88.865,USD,0.8912352406902777,506645,0.3427926035904911,14067933471.254993,USD,Finance,Strong buy,91.69397842578445,90.78725209231504,88.88772740798302,-2.43192797540624,-4.753483386923904,15.035598705501613,88.8069999999999,92.83624999999999,91.15850000000007,82.68112499999995,20.73668735707285,8.661761,-48.71469602680708
AMKR,"Amkor Technology, Inc.",56.32,USD,6.465028355387527,3140485,0.9631328289034582,13992843450.023441,USD,Electronic technology,Strong buy,54.03869170033069,55.907096976926,57.238087494879814,5.241521068859198,22.91575731121781,37.1985383678441,53.78400000000001,51.22249999999997,51.72160000000002,57.275224999999985,25.27260489118241,2.567734,81.84414524683802
TTMI,"TTM Technologies, Inc.",132.12,USD,4.442687747035577,1201789,0.6268355567039706,13918692614.579288,USD,Electronic technology,Strong buy,128.52218107099787,131.7842802477155,132.94709278783063,1.6190439564665757,15.671511118893369,89.09403177329325,125.68999999999998,123.1155,123.06370000000003,125.23595000000014,59.63170247337065,4.84,148.6365166647963
MLI,"Mueller Industries, Inc.",62.925,USD,2.6174168297455918,696773,0.4895908034308098,13917839304.592709,USD,Producer manufacturing,Strong buy,62.2536378882024,62.62041034469651,62.60348792157856,4.72663726387617,2.4003254678600396,9.339704604691573,61.323000000000015,61.02274999999999,63.55669999999999,62.35982499999997,16.401240681853725,4.165,21.80455901962029
OHI,"Omega Healthcare Investors, Inc.",45.835,USD,1.3376077824452886,1244896,0.7557500690248686,13888600736.435001,USD,Finance,Buy,46.690832660106004,46.95965079635331,46.96904362392251,-0.7900432900432943,-2.3540690242863165,3.7460389316432803,46.118999999999964,46.63124999999993,47.34709999999999,46.50462500000001,16.371396935385935,2.654151,74.66467028510824
TEM,"Tempus AI, Inc.",76.85,USD,0.4575163398692736,3586199,0.5613773174509624,13866411686.733984,USD,Technology services,Buy,69.99135559448247,65.48142242753754,61.89712150370695,-8.178505287054184,21.694378463974658,27.63660521508054,80.582,73.45699999999998,62.57380000000001,56.448650000000036,nan,-0.221008,-21.60770075149878
SWK,"Stanley Black & Decker, Inc.",91.52,USD,2.1542582877553214,923168,0.6352232200300421,13821042999.449045,USD,Consumer durables,Buy,92.8243455175748,92.24873997273797,90.15928126603424,1.508429458740017,-3.673297547626575,22.336586017912033,89.44400000000003,90.39499999999987,95.35860000000015,83.81450000000048,22.315964009655946,5.615208,30.0409043345911
DOC,"Healthpeak Properties, Inc.",19.56,USD,0.6172839506172707,2653762,0.4853709180924752,13819672835.932098,USD,Finance,Buy,20.43181559782473,20.504813109875546,20.261660440517684,-3.597831444061116,-5.598455598455599,21.94513715710723,19.839999999999993,20.275500000000005,20.917,18.884600000000002,55.91766723842195,0.448259,49.04132935662548
CRL,"Charles River Laboratories International, Inc.",288.265,USD,0.5002963427814393,238148,0.2504229307100273,13761445444.86975,USD,Commercial services,Strong buy,278.8600991701102,266.0270877641034,248.44214947809365,-1.6797980831542725,0.9720130302287215,44.03887473142458,292.131,283.36924999999985,276.0283000000004,209.9605750000002,nan,11.347776,-266.286706424096
W,Wayfair Inc.,100.4,USD,-0.9568905987964869,1546532,0.6667956396218543,13751603607.481504,USD,Retail trade,Strong buy,98.91852281645795,96.41959159875033,93.08644503590017,2.9743589743589802,5.296276874672272,-5.287486439318891,100.98199999999999,101.23749999999998,100.39979999999997,88.2482,nan,2.862826,-2.663498812054533
CACI,"CACI International, Inc.",620.16,USD,-1.1003731700315724,153318,0.6830490080245494,13705286599.866041,USD,Technology services,Strong buy,612.0355776287256,596.0336274250029,579.7477415890996,1.2440003918111477,-1.0861763720752282,16.24367385192127,616.1740000000001,622.3160000000001,609.2076,562.3813,25.670574210212596,32.68623,8.109656227904525
YUMC,"Yum China Holdings, Inc.",39.879,USD,-2.6391601562500075,974933,0.7449688035292095,13656887455.883642,USD,Consumer services,Strong buy,42.51518932851488,43.41277590421338,44.32618272646701,-1.969026548672571,-11.162842503898423,-17.40057995028998,40.76779999999999,41.582949999999954,44.729180000000085,47.258445000000094,14.639330421056496,2.956571,12.575419456153403
WSE,Wise Group plc,11.4399,USD,0.17425569176882494,1242140,0.7025475280353872,13625700266.72845,USD,Commercial services,Strong buy,11.972691458628939,12.124995959066217,12.24242043094281,0.7920704845814986,-11.933025404157048,-3.379222972972974,11.425980000000001,11.731495000000004,12.247397999999997,12.356106999999998,nan,0.583478,nan
IESC,"IES Holdings, Inc.",341.5,USD,3.434698328083346,87827,0.5258494078229283,13608334311.29604,USD,Industrial services,Strong buy,334.7681710315504,334.16427420572313,326.51068748962945,5.157813702848345,13.56456386551828,71.79796760237448,327.8539999999997,324.8475000000002,334.4723000000002,290.29407499999996,30.348271970282685,11.57,82.836948574214
IVZ,Invesco Ltd,30.775,USD,1.1669953977646181,2125318,0.4414845195791523,13587155959.553745,USD,Finance,Buy,31.17952670239114,30.739140535382305,29.875832123855442,-0.24311183144247273,-3.7980618943419815,16.439651910707525,30.441000000000013,31.08024999999999,31.399300000000004,27.822724999999995,nan,2.813518,-175.02685284640174
ARCC,Ares Capital Corporation,18.88,USD,-1.4613778705636802,4358820,0.8757325396352141,13556272020.910229,USD,Finance,Strong buy,19.368449267952727,19.338818277025755,19.28430570680249,-1.4356564865570458,-5.33968413136125,-6.719367588932804,19.12600000000004,19.416000000000018,19.550199999999943,19.185599999999976,14.03404445105181,1.905516,-34.09914764377388
SUI,"Sun Communities, Inc.",111.22,USD,1.109090909090908,575949,0.5710988856041185,13546702407.207273,USD,Finance,Strong buy,115.91289455331693,117.89344892116205,119.96567065547973,-0.18398025577742724,-8.648870636550308,-10.00890039647221,111.23399999999997,114.03450000000002,118.81840000000005,124.34375000000004,nan,-6.076971,-166.36077557562254
RNR,RenaissanceRe Holdings Ltd.,325.735,USD,0.849871513049941,185598,0.6415815709238736,13534906154.715038,USD,Finance,Buy,325.2459665575224,322.5794088433312,317.3651084994922,-1.8101525290890441,-1.8397420443587156,16.317311812598195,323.27699999999993,326.22874999999965,325.5115000000003,303.9105249999999,5.596600134358952,44.612117,48.472225056631494
MAS,Masco Corporation,68.465,USD,0.27094317516110467,724544,0.37424062691337945,13500437767.556828,USD,Producer manufacturing,Buy,70.61863095768399,71.54251242546073,71.7067518248393,1.5349251075189032,-3.475257295925565,7.547910775997498,68.17500000000004,68.74624999999996,72.18710000000002,70.12289999999993,15.780799815604473,4.540334,15.220162532533058
ULS,UL Solutions Inc.,66.825,USD,0.48872180451128244,632311,0.6112968752280964,13491845425.295866,USD,Commercial services,Strong buy,71.52300398084915,75.5033513923909,79.04917297197474,1.7123287671232876,-9.20516304347825,-15.034965034965037,65.73300000000012,67.39974999999994,74.60549999999998,83.42962499999985,27.021835826930857,2.317364,52.38153921991496
TRMB,Trimble Inc.,57.82,USD,0.5040848253085332,1138652,0.5394691602465298,13482458068.192595,USD,Technology services,Strong buy,57.886491020920936,57.74077403510947,58.465686664667686,0.521557719054237,-1.3142174432497065,-26.680192746639616,57.46200000000001,57.955999999999996,58.24980000000003,62.67177499999988,nan,3.670813,-141.84954316454613
PAG,"Penske Automotive Group, Inc.",204.225,USD,0.6828041806349787,249580,0.5969649458299399,13409999856.514988,USD,Retail trade,Buy,210.43360538118577,206.95972917863986,199.83500416589945,-1.814903846153849,-6.215558412931666,28.435318533425573,203.28100000000006,211.39524999999995,215.26909999999978,178.567325,15.038992024860637,13.603442,-5.429234015585708
MAA,"Mid-America Apartment Communities, Inc.",115.5,USD,-0.7561436672967825,711544,0.600268556114806,13400534881.616257,USD,Finance,Buy,123.36589194088074,126.11156595918003,128.23618259016132,-1.702127659574468,-10.927739646795702,-16.61251895170023,117.27799999999998,121.14199999999994,127.78680000000004,131.05720000000002,33.743317070320494,3.663088,-29.495973140538425
SMMT,Summit Therapeutics Inc.,16.76,USD,0.41941282204913294,3792582,0.4676510245867528,13370284290.15219,USD,Health technology,Strong buy,16.026475143275057,15.748598621568332,15.79822711839981,1.884498480243175,18.445229681978805,-5.577464788732385,16.44599999999999,17.017750000000003,15.0278,16.35619999999999,nan,-1.168087,-11.097875719674398
TXT,Textron Inc.,77.72,USD,0.712712193857713,977451,0.5826529761289863,13366823355.52676,USD,Electronic technology,Buy,80.96948720930978,83.17527061137864,85.23597780798403,2.088532772888485,-2.9833978279865194,-11.187292880813628,77.21799999999998,78.7055,83.1651999999999,89.60900000000007,14.667471880425756,6.467772,19.88235294117647
WY,Weyerhaeuser Company,18.525,USD,-0.3496503496503566,5065337,0.6580055770998533,13351634935.122375,USD,Finance,Strong buy,21.54137030492675,22.36215259405322,23.010504004076015,-7.973174366616993,-20.833333333333336,-21.93426042983566,19.087000000000007,21.043250000000004,23.065299999999933,24.15537499999999,28.330019880715703,0.313577,70.19781363872984
CHKP,Check Point Software Technologies Ltd.,130.47,USD,-0.1988831943700688,390239,0.4028621205401571,13321068984.621435,USD,Technology services,Buy,132.08062793090733,132.44029132119311,134.82250767766686,-4.277329420396193,-3.7476945776466337,-29.760430686406462,129.14999999999995,133.79474999999996,132.17130000000003,145.55454999999986,13.36358328809497,10.443289,27.25293918302442
TYL,"Tyler Technologies, Inc.",324.17,USD,-1.8202192743352084,203813,0.34186796955120197,13275498472.778847,USD,Technology services,Strong buy,333.62063490162706,331.9751926847839,334.03306255195236,-0.23389653156064102,-13.060852307774825,-28.06293411446197,322.64599999999956,336.3275000000008,336.1583999999997,345.48345000000074,42.95918367346939,13.080909,7.9048218269175825
AIZ,"Assurant, Inc.",268.63,USD,0.897686298076918,168930,0.41484258795176104,13249842452.550968,USD,Finance,Strong buy,275.92778537717624,274.5941395100549,269.04459840173644,2.6951601804419343,-4.521059178958602,12.101990568793557,265.1100000000001,274.872,280.2746000000007,250.44489999999993,12.747773185211196,22.438257,52.56584758401992
CSL,Carlisle Companies Incorporated,332.99,USD,2.3923003597675443,209638,0.4496638321101734,13224409205.081364,USD,Producer manufacturing,Buy,339.25208095466905,344.01197105753323,347.29052936047145,5.650739260105337,-0.8072683943997556,3.926219531225612,326.46999999999986,327.20599999999956,348.71140000000014,352.1528000000011,18.97908817846578,20.996774,-2.518557205084889
ALLE,Allegion plc,155.08,USD,0.5185377236194006,552198,0.5751782699737419,13187505124.614468,USD,Consumer durables,Buy,154.7373929395061,153.19437432000018,151.49528191646868,1.5918768424500536,1.5918768424500536,-2.606292784023097,154.78800000000015,153.92599999999976,158.3047999999999,150.2851499999999,20.345031157756644,8.958588,5.885703172751004
GEN,Gen Digital Inc.,22.025,USD,-1.0112359550561862,6787422,0.40719549311628933,13183879470.869661,USD,Technology services,Buy,26.22456014415755,26.49195827473007,26.183881749690386,-3.8629419467481516,-26.681091877496673,-19.1149467499082,21.59899999999999,26.915499999999998,27.99529999999999,24.600374999999953,12.785162825796714,2.931012,79.82254697286012
REG,Regency Centers Corporation,71.865,USD,0.09052924791086035,429282,0.36319798191193137,13159958484.893942,USD,Finance,Buy,74.48112289996861,75.56497441966232,76.23034924869648,-1.8237704918032895,-5.985086342229203,4.652686762778496,72.30700000000003,73.56174999999992,75.94869999999997,76.3145499999999,24.25086049807653,2.491231,38.2053912881261
BBIO,"BridgeBio Pharma, Inc.",67.23,USD,0.47825437154387596,1885688,0.597621358680221,13142994855.21432,USD,Health technology,Strong buy,71.43253633112415,72.90796171234186,73.19158963934707,1.0977443609022617,-12.23237597911226,-12.163574601515549,66.50400000000002,68.97500000000001,76.31980000000001,73.57820000000002,nan,-2.786725,12.833414753297514
CPT,Camden Property Trust,96.275,USD,-0.3570689298281917,606936,0.4624979044425817,13020169024.089731,USD,Finance,Buy,102.30015985949777,104.44661746618489,105.80363438836044,-1.083941230864063,-9.549981210071394,-12.173873380769932,97.29700000000017,100.29325000000013,105.80770000000003,106.91222499999985,31.86331292404435,1.139812,110.85136078157711
FLUT,Flutter Entertainment plc,74.92,USD,-2.0269386687589868,1519719,0.5178418779355265,13001550199.87237,USD,Consumer services,Strong buy,90.82030805612425,95.05921586828723,101.90759623461197,-6.827509016291501,-23.394683026584865,-65.37092673908019,75.40199999999999,89.15299999999988,95.75759999999958,120.48792500000017,nan,4.772263,-311.80179292680526
AVY,Avery Dennison Corporation,170.825,USD,-0.46323272345881356,291870,0.4638586902106697,12946508534.936487,USD,Process industries,Strong buy,171.32266387162795,170.759054409608,170.3061984827263,0.6807331879530861,-1.0627823468087618,-5.985140341221794,171.1569999999998,170.8217499999999,173.84249999999997,172.7739749999998,18.696984622120066,10.186211,2.413352463794099
EQX,Equinox Gold Corp.,11.075,USD,2.3567467652495284,7711510,0.5360497713243072,12929618003.90351,USD,Non-energy minerals,Strong buy,11.841468140979394,11.78723979701151,11.890072270236045,-5.664395229982971,-11.682615629984053,-23.03683113273107,11.126999999999999,11.956749999999996,11.686300000000015,13.120875000000003,13.049800158365068,1.139355,nan
GNRC,Generac Holdings Inc.,217.16,USD,4.449040450194796,758652,0.6894861925903036,12826324204.137945,USD,Producer manufacturing,Strong buy,207.122787480808,211.07092688528184,214.54175660749084,8.563715442683595,19.522263195552863,57.3851282794608,209.88999999999993,197.03399999999993,200.8096000000001,212.58780000000002,50.058781494202535,9.684446,-27.948113207547177
GL,Globe Life Inc.,166.85,USD,0.6150877404570836,120676,0.2520556437333962,12822329460.222214,USD,Finance,Strong buy,171.3405117404389,171.3919781151866,168.73079513987796,-0.6135334762925906,-3.4600474454666537,19.49437799899735,166.22000000000006,169.8705,174.59559999999993,157.3958000000002,11.078208099010032,15.732901,20.325157785411843
COKE,"Coca-Cola Consolidated, Inc.",192.08,USD,2.6561915450804334,286274,0.6614068150727579,12785670363.14553,USD,Consumer non-durables,,191.02656056326464,189.9438403658551,187.73031221031565,1.6296296296296362,-0.7081933316102229,25.296803652968034,190.576,191.91250000000002,190.66780000000008,182.220725,26.283884563280836,nan,21.71313413943573
DOCU,"DocuSign, Inc.",68.33,USD,-2.02179523946085,914107,0.34850788033152263,12771044055.778465,USD,Technology services,Buy,65.04454751402595,62.05572723752396,59.17774322182327,-0.46613255644574997,5.3662297609869,-0.40810377495992006,67.836,68.07999999999998,63.1491999999999,53.65415000000018,41.5632603406326,4.622408,24.01931200965601
SWKS,"Skyworks Solutions, Inc.",84.58,USD,1.7075517075517097,3973361,0.9119487342714037,12726988150.621452,USD,Electronic technology,Buy,80.30165514832835,76.63262912816616,73.32975984052993,-3.831722569641847,27.398704624190387,31.806139940782288,85.7700000000002,85.46999999999991,74.22059999999998,65.78489999999995,43.81248381248381,5.040243,-23.08152043987568
NXT,Nextpower Inc.,83.76,USD,5.385002516356317,1516443,0.8496138215766321,12708865358.60896,USD,Electronic technology,Strong buy,86.71767146611168,91.9395408788021,97.4503812047907,4.54318522216675,1.897810218978105,-4.850619107122567,79.92200000000004,81.43699999999998,88.69419999999992,107.74732500000002,21.709042842702747,4.679219,5.139384690846653
RPM,RPM International Inc.,99.57,USD,0.3527514613989058,501962,0.6624223557812536,12703550394.474703,USD,Process industries,Strong buy,102.83087017073028,104.18517131829826,105.11322521842116,0.7080004045716483,-3.63882705893739,-4.415858692521847,99.52599999999998,100.13199999999988,106.04220000000005,106.06465000000006,19.281938070063322,5.978139,-3.4911320014203726
AIT,"Applied Industrial Technologies, Inc.",345.635,USD,1.8400660007660816,128029,0.5628299007753423,12696520121.10709,USD,Distribution services,Strong buy,334.57269483069956,332.69727857380394,326.5347516151181,4.172820157328421,8.166426738436494,33.51682311584965,338.1769999999999,327.4172500000001,337.6728999999999,303.3800750000001,31.54323522701346,12.0325,8.195507282152557
GGG,Graco Inc.,78.32,USD,0.7201646090534826,549819,0.41000399027925916,12684224071.55761,USD,Producer manufacturing,Buy,78.10373146865226,78.29142357194416,78.83272551513207,1.3851132686084053,1.5033696215655736,-4.604141291108406,77.85399999999979,77.169,79.3246,81.83130000000034,24.607264044237777,3.283333,12.853242562847916
HAS,"Hasbro, Inc.",89.84,USD,-0.15559013114025402,949624,0.515592561646801,12671435128.288065,USD,Consumer durables,Strong buy,90.14378645548763,90.05785819504949,89.75354931862067,3.1458094144661417,-3.8424488922187767,9.560975609756103,89.04200000000003,89.06849999999996,92.00080000000001,90.36942500000006,16.148108205266468,6.139249,nan
GRAB,Grab Holdings Limited,3.1,USD,-0.6410256410256416,44024213,0.5253730700287087,12643402515.192308,USD,Transportation,Strong buy,3.221041752670865,3.3251355274265775,3.4677504484720956,-1.3367281985996122,-10.533910533910529,-38.55302279484638,3.109000000000004,3.0620000000000043,3.356999999999997,3.837899999999999,22.382671480144403,0.149199,422.64150943396237
TOL,"Toll Brothers, Inc.",136.815,USD,0.3336755646817131,835402,0.7168218218093616,12607092295.631672,USD,Consumer durables,Strong buy,139.96333743280806,141.96175361798018,143.06369368551708,0.12074643249176147,-2.981846546589145,1.187042378522291,136.063,135.5472499999999,143.20210000000012,144.37237499999992,10.985979957602622,12.725283,-8.472483537158991
CORT,Corcept Therapeutics Incorporated,116.53,USD,2.1968866476649818,518467,0.5712908987952984,12596706289.354002,USD,Health technology,Strong buy,112.08898709659815,106.55885918775809,97.59032784245855,-2.075630252100839,2.778267772093849,225.86689038031324,115.23099999999985,114.17800000000014,113.00439999999998,69.92520000000012,278.3138285168378,2.06032,-62.739165257631036
JBS,JBS N.V.,11.705,USD,7.780847145488036,4565588,0.8386083084414461,12535224696.232506,USD,Consumer non-durables,Strong buy,12.404223501301935,12.700594596916133,13.081364578118118,3.0369718309859213,-13.933823529411761,-17.744202389318342,11.365000000000002,11.99574999999999,12.967300000000005,14.278025000000007,10.924957998879972,0.742921,-18.413036856533658
NVMI,Nova Ltd.,394.03,USD,1.9218830832902094,157691,0.5415579281977524,12532581412.336264,USD,Electronic technology,Strong buy,384.14275594670937,399.0386352026724,414.33413013502746,7.117031398667922,11.241918635837495,17.270833333333325,384.2739999999999,366.44750000000016,378.2765000000001,443.0155500000003,49.13092269326683,10.673463,9.600273317389815
CNA,CNA Financial Corporation,46.3088,USD,0.934612031386215,233655,0.3436785244129349,12531205664.986296,USD,Finance,Buy,47.89943223789704,48.27362641338338,48.243658904604104,0.1054907047124945,-5.453654552878724,-2.753464930701385,45.69975999999995,47.12744000000004,49.50297600000009,47.67059399999998,10.189851692118118,4.32415,41.211198458813655
PEN,"Penumbra, Inc.",317.93,USD,-0.022012578616350056,135217,0.393556497217073,12523079372.364027,USD,Health technology,Buy,319.7038430483877,320.4371914417959,320.840069116344,-0.4228263593084334,-1.4109402133465676,2.3204170957775423,318.46199999999976,318.91,321.62620000000027,326.83475000000004,78.07519461702807,4.708007,7.97030359273498
SJM,The J.M. Smucker Company,117.15,USD,1.0349288486416583,651394,0.5937288566457912,12514335343.012938,USD,Consumer non-durables,Buy,120.96630328991371,119.56050537395406,116.79566383706283,-3.4292308960514357,-11.128812016385972,19.58962841976318,118.66800000000023,121.4460000000001,122.51359999999994,108.63060000000029,54.93036995357998,10.834264,nan
MOG.A,Moog Inc.,394.27,USD,1.0456444296368395,168732,0.5869690450812486,12493711540.985622,USD,Electronic technology,Strong buy,384.96251987260604,383.7066503880208,374.73579156706467,2.939871021644341,7.010639452828135,61.811540671427394,388.6959999999998,373.3940000000002,389.9062000000002,342.60787000000056,33.535200605601815,11.519928,78.61114487117162
MAIR,Madison Air Solutions Corporation,24.885,USD,2.3652817770464947,1466357,0.5547230850408162,12485366674.772728,USD,Producer manufacturing,Strong buy,26.546629075566436,28.505284669702405,31.936464250750504,1.7375306623058082,-4.582055214723914,-22.234374999999996,24.730999999999984,24.681250000000006,27.454300000000003,nan,nan,1.07693,nan
QXO,"QXO, Inc.",12.025,USD,-0.20746887966805275,12881191,0.6005215681622013,12475826137.522823,USD,Distribution services,Strong buy,12.873135968941323,13.665092430369118,14.820105818872907,-1.7565359477124172,-6.201248049921997,-37.532467532467535,11.900999999999998,12.160249999999998,13.352699999999988,18.436924999999995,nan,0.268502,-307.70985401459853
GWRE,"Guidewire Software, Inc.",151.95,USD,-2.169714138552669,698629,0.6612474891905762,12458786513.295774,USD,Technology services,Strong buy,154.92009020128634,154.52930785751138,153.7565806501546,0.6291390728476746,-23.788745109840512,-24.372884730240894,147.51000000000002,148.00500000000005,165.0088,151.18569999999983,93.26663393076356,4.189335,103.98146988856894
ICLR,ICON plc,161.3,USD,-0.3398208217485221,419977,0.4023737904652117,12444975018.276798,USD,Commercial services,Buy,165.82277240302292,163.27947540700964,158.69715609711812,-7.192174913693901,-0.35829009142573764,-12.313128567545517,167.81199999999978,167.63299999999998,167.299,146.4362750000001,292.79361045561814,10.589781,-94.52907761976643
BWA,BorgWarner Inc.,60.925,USD,0.9026167605167184,1087352,0.408679542983342,12408373602.743872,USD,Producer manufacturing,Strong buy,63.93224367430222,64.39373946319847,63.681813036573,2.6018861569551945,-4.5959912308174165,34.04840484048404,60.68500000000004,62.76975,64.54050000000002,59.44792499999996,30.943674132764485,5.220182,110.21780909673289
HALO,"Halozyme Therapeutics, Inc.",109.32,USD,2.225547035720961,1736080,0.6332225086951924,12407601763.790909,USD,Health technology,Strong buy,106.13821502365559,100.37404152111328,93.30258222553007,-5.235783633841892,3.287981859410421,61.45325653522375,110.22199999999994,110.20499999999997,102.92250000000004,78.32509999999994,32.66208544965641,8.414286,-23.547819730921223
LII,"Lennox International, Inc.",358.21,USD,-0.6242024080341786,279283,0.6353970699882536,12379979662.549047,USD,Producer manufacturing,Buy,389.7651517839133,413.8798782385212,439.3172366459575,-2.684126164796652,-4.827567883521977,-26.62337662337663,360.452,367.43349999999987,402.11779999999965,486.54150000000044,16.193063667432146,23.592702,-5.415644053737405
DTM,"DT Midstream, Inc.",121.27,USD,0.991005996002663,568713,0.7061715524293385,12371395248.206278,USD,Industrial services,Buy,127.5223049545922,130.60591057671974,132.7419245348249,-2.241031841999195,-6.362443054590376,1.5831797621042056,120.88399999999994,125.273,130.18959999999998,134.37834999999998,26.597797955871386,4.722176,22.56781096266029
ARW,"Arrow Electronics, Inc.",242.85,USD,4.843932133143375,747219,1.6568901105334022,12362382044.233261,USD,Distribution services,Buy,224.57027154644643,218.92328903264217,209.9906192247475,5.849278647081893,18.53858544442817,118.40992895044519,232.43400000000003,222.62550000000016,215.48259999999985,180.19555,15.518662653605046,21.806,76.91568498880774
SEIC,SEI Investments Company,102.92,USD,-0.9146047944546095,334048,0.44171829113436134,12352374362.703764,USD,Finance,Strong buy,105.05394847216166,103.20811718979304,99.91875822066947,-1.9809523809523792,-6.18049225159526,25.834454089742014,103.52399999999997,105.3915000000001,106.09490000000014,90.98747500000007,18.16737568621913,6.35482,6.380861172140525
WSO,"Watsco, Inc.",299.095,USD,-0.6823841939232774,255872,0.5599602754544458,12348112089.667395,USD,Producer manufacturing,Buy,316.694006640953,327.87306072010875,341.89243761143274,-6.468509600350225,-4.634441858240592,-11.711485668742792,303.39099999999945,311.23125000000005,316.9500999999998,371.7433749999998,26.012332365065838,12.077454,-11.972806822792649
ALB,Albemarle Corporation,104.58,USD,-0.4284490145672692,1252588,0.5723392890514731,12340968852.387318,USD,Process industries,Strong buy,118.34926733878466,125.16763156184824,132.80627439807668,-3.869840978031076,-21.920262804240704,-27.258816164707525,106.07999999999996,113.84349999999999,122.83900000000001,155.35414999999995,nan,11.469422,99.60973099314884
TWST,Twist Bioscience Corporation,187.36,USD,-0.3669236905078424,1673975,0.62694295763821,12334362477.220314,USD,Health technology,Strong buy,152.34701860883445,136.26236927250568,118.05196548590796,1.8094875835461677,42.55497222856274,490.48219350772143,186.87600000000003,158.05049999999994,135.68809999999996,77.05160000000005,nan,-2.157,-53.16848050695688
BWXT,"BWX Technologies, Inc.",134.33,USD,-1.7983770743475254,1138040,0.9498120431433201,12307579802.32086,USD,Electronic technology,Strong buy,150.22774831998981,158.8211070558126,168.28125464438938,-3.3597122302158184,-16.560034784769236,-23.033289405832804,136.09600000000015,145.17499999999998,156.4926000000002,189.70759999999984,34.774392295943464,4.742765,20.519780356919995
GME,GameStop Corporation,24.385,USD,1.1406055578598182,6996879,0.6421913051318884,12302257369.463501,USD,Retail trade,,21.860840201510566,21.53776559742217,21.596275820685648,-2.3036858974358947,29.500796601168368,20.36031589338598,24.172999999999988,22.509750000000004,20.515500000000024,22.26197499999999,16.168280068956374,1.8,106.1790840738209
GDDY,GoDaddy Inc.,96.88,USD,-0.10311404413281967,797671,0.2594334498598416,12269630093.053411,USD,Technology services,Buy,96.30660788787509,94.77247950691024,94.01788942999346,-2.4370594159113814,-3.47713460197271,-21.624464040126206,95.428,97.91300000000004,96.65680000000013,93.4172500000001,14.36450981555068,7.401519,20.188897799162422
FPS,"Forgent Power Solutions, Inc.",40.24,USD,7.795338869541933,6173277,0.7330148006656706,12250219319.751408,USD,Producer manufacturing,Strong buy,37.52532159466439,38.25146439180477,37.96986264111281,4.438100181676618,38.66299104066162,54.76923076923078,37.76,35.544000000000025,34.94140000000001,nan,149.64670881368542,1.350483,nan
TRU,TransUnion,63.885,USD,2.742039240913474,3387299,1.2352179398346983,12240366450.01013,USD,Commercial services,Strong buy,73.39387212110807,74.57965705942568,75.03475891935898,-5.327504445761715,-23.057930868360835,-25.71511627906977,63.53300000000006,71.69425000000003,77.75070000000011,75.43702499999999,16.851309646276807,4.840384,90.78556690654723
AEIS,"Advanced Energy Industries, Inc.",305.3,USD,3.804698922171976,275793,0.6252211736365786,12227399254.769304,USD,Electronic technology,Strong buy,290.23675638181504,295.58707215603783,299.70235188202196,8.655420314613137,13.917910447761198,41.571991653141666,288.4740000000002,275.27900000000005,289.2314999999998,305.2309249999999,56.928154543250855,11.244505,143.32577132486387
DKS,Dick's Sporting Goods Inc,137.44,USD,3.455024463680846,2187685,0.8406681753478986,12222116293.447346,USD,Retail trade,Buy,149.7227135251327,163.88084171016405,177.863462072671,0.6149341142020524,3.3383458646616524,-30.9277314302945,134.68800000000005,131.46549999999968,161.52860000000013,199.55915000000005,14.759291674273259,11.539955,-34.9976964637228
FIVE,"Five Below, Inc.",221.8075,USD,0.28823981552652583,368359,0.3782989175482557,12211397808.1397,USD,Retail trade,Strong buy,230.7328002282744,228.2134555245869,223.36633309927043,-0.4633369233530779,-9.458935423299856,16.480241564920565,222.51550000000006,234.3468749999999,234.65395000000015,214.7615125000002,19.900724046044665,10.249321,125.47996196718655
SANM,Sanmina Corporation,227.37,USD,2.4373761038024853,339642,0.5370493734961591,12186430949.720085,USD,Electronic technology,Buy,212.52276097714673,210.5903370159963,206.62396544385126,0.6507304116865865,21.089630931458696,47.73879142300195,221.40599999999995,210.45849999999973,201.9524,188.4659499999999,40.69116094278505,12.098333,19.620226066107215
WTS,"Watts Water Technologies, Inc.",364.35,USD,1.3519152132187302,114972,0.7387089748013191,12163114168.681885,USD,Producer manufacturing,Buy,360.4435369681324,356.9679392042002,348.6306068545091,2.5760135135135234,2.47215659804253,32.22645617855199,358.7439999999998,355.3559999999999,362.1127999999995,323.8326500000002,31.802351462463015,12.858125,23.210195192773014
RMBS,"Rambus, Inc.",112.095,USD,4.478516171124982,818869,0.3456599461283628,12158003296.479727,USD,Electronic technology,Strong buy,99.05461851587224,100.84148739260164,103.70203960367806,5.14492073914267,33.36704342653183,17.475372039404736,106.27700000000007,94.87325000000004,93.52729999999994,107.88590000000005,51.30910422483637,3.037143,3.388386730396084
TXG,"10x Genomics, Inc.",93.29,USD,5.103650292924742,2398578,0.7201666156446388,12154863311.100946,USD,Health technology,Buy,73.12211937741446,64.64928800908628,55.24215816544898,11.377745940783191,54.86387782204516,471.9803801348866,90.19000000000001,77.87250000000002,64.79959999999997,34.746799999999986,nan,-0.738735,16.021076616348623
BAX,Baxter International Inc.,23.485,USD,-0.6556683587140488,2547733,0.3459421271044191,12141650081.458332,USD,Health technology,Buy,24.054659544394724,23.799821841572065,23.10205303807901,0.23474178403755747,-8.082191780821923,21.68393782383419,23.619,23.75125000000001,25.25209999999997,20.8307750000001,nan,2.053674,-626.1393596986817
CR,Crane Company,209.34,USD,1.4637456378441307,254206,0.737951955874882,12099926536.282185,USD,Electronic technology,Strong buy,207.0155677023104,206.9082794722187,204.74759012795056,1.9082854639275708,4.154435544056915,13.827415583709428,206.99800000000005,202.3745000000001,209.3697999999999,197.0476000000003,36.528931388287845,7.025572,8.120141876084833
BF.A,Brown Forman Inc,26.735,USD,0.5453177886423451,55805,0.422935927916348,12086715869.603422,USD,Consumer non-durables,Buy,27.119887755759922,27.282908443622354,27.398319000538432,1.2689393939393971,-3.8309352517985658,0.8107088989441925,26.714999999999954,26.702249999999975,27.764300000000006,27.377324999999942,17.232821967255383,1.707816,-13.06248248809191
MKC,"McCormick & Company, Incorporated",44.735,USD,1.3479836882646101,3614477,0.9457588848195457,12050767960.716923,USD,Consumer non-durables,Buy,49.554802309455866,50.427237918024886,51.55181429056559,-6.058378832423347,-17.675745307324263,-34.44460726846424,46.42700000000021,49.09525,51.68329999999996,55.507274999999936,8.084541150106624,3.089033,91.48037926500105
BJ,"BJ's Wholesale Club Holdings, Inc.",94.9879,USD,0.6654302670623111,1682026,0.790638793366596,11998367909.925571,USD,Retail trade,Buy,93.36541502222379,93.09392826543383,93.01551801059489,4.05071749370138,3.868671405139413,5.506942130400972,94.72958000000003,92.6973950000001,93.81755799999995,93.56823950000003,20.753310028402883,4.718891,5.100002296263983
MANH,"Manhattan Associates, Inc.",203.9,USD,-0.12245897624295861,190684,0.4112767883467982,11888383762.035269,USD,Technology services,Buy,202.4210519851629,194.18992090658392,184.05009587209236,-2.6730310262529806,-5.815511109058157,17.45391705069125,201.74800000000005,207.0655000000001,202.75120000000007,161.21124999999995,58.37054849421734,5.495638,-2.647567025249434
BTSG,"BrightSpring Health Services, Inc.",59.82,USD,4.470834788683203,1457293,0.6984324183471644,11836237730.035976,USD,Health services,Strong buy,59.50107735464027,59.99148190012817,58.847133139107356,6.139105748757986,1.1156186612576129,59.43496801705755,57.212000000000025,58.011500000000034,60.4947,52.286624999999994,44.6784673986108,1.818109,352.94316644113667
EHC,Encompass Health Corporation,119.325,USD,0.2225768520073917,658599,0.7120701259315121,11771814487.520157,USD,Health services,Strong buy,120.18516859214114,118.09411583679297,115.3644587408497,-2.0400623922502255,-2.0882908016739163,12.84755059580103,121.49099999999983,121.96625000000014,120.40550000000003,108.17707500000006,19.42992526012408,6.113152,20.07625378824911
FROG,JFrog Ltd.,95.1,USD,-2.5514909314479035,707910,0.44551986978592883,11725954645.413465,USD,Technology services,Strong buy,90.96666845551887,88.58273061875506,83.81821679333835,1.3967373920460475,3.1006071118820464,51.000317561130515,93.78200000000008,91.56299999999999,89.73109999999997,68.40242500000001,nan,0.980067,51.508817766165905
IT,"Gartner, Inc.",185.46,USD,-3.8070539419087153,266036,0.3191773345652391,11711609157.449375,USD,Technology services,Buy,182.1770451676166,176.84986707321292,173.72448086397017,3.1766342141863744,-1.9093457449621756,-25.931546787012255,187.27599999999995,184.047,182.26379999999997,173.09134999999998,16.640496720531896,14.465515,-31.447674347082632
LFUS,"Littelfuse, Inc.",458.6,USD,5.292159338767079,103759,0.6754839789098016,11647864814.203651,USD,Electronic technology,Buy,431.767667537169,429.34187885122475,421.3404053691451,7.9033434507423435,12.479152359462375,80.4801259346714,435.17199999999974,419.2225000000004,425.8326999999999,386.74287500000025,nan,16.59,-110.53256904637831
PNW,Pinnacle West Capital Corporation,96.085,USD,1.5375673676423949,950815,0.6719024956812502,11645235996.957888,USD,Utilities,Buy,96.62831770469745,98.13080330512963,99.08467677209019,5.529928610653483,-0.9024339933993399,8.325817361894014,93.69500000000022,94.51675000000013,97.9237000000001,99.05872499999991,18.426503020423816,4.732087,7.42686444169757
VIAV,Viavi Solutions Inc.,47.1,USD,5.180884323358643,7012240,1.1473619669103432,11621916778.010273,USD,Technology services,Strong buy,40.54281364474249,40.542071122677115,40.1205742359852,24.32361092780785,35.53956834532375,160.94182825484765,43.29799999999998,38.225999999999985,38.299199999999985,36.785550000000015,nan,1.643213,-204.1015625
ALLY,Ally Financial Inc.,38.165,USD,1.3678618857901743,2063309,0.5777502794024901,11609781124.75498,USD,Finance,Strong buy,40.926545924169176,41.76431508493078,42.23912698491267,-1.509677419354841,-9.66863905325444,-16.047074351077875,37.886999999999965,40.05074999999999,42.059099999999944,42.65887500000004,8.988883131565311,5.179692,175.80875665843834
SAIL,"SailPoint, Inc.",20.33,USD,-1.2147716229348884,4524140,0.7952645745257885,11606633214.250242,USD,Technology services,Strong buy,19.14152351093649,18.347042729363583,17.55456995033953,-7.800453514739239,6.272869837950859,-1.2867200776887622,20.502000000000002,19.884,18.884000000000004,16.061174999999995,nan,0.325188,70.23900654928978
FORM,"FormFactor, Inc.",148.14,USD,-0.20210185933711355,1263245,1.0131978921871365,11572804768.35206,USD,Electronic technology,Strong buy,124.35649417262437,121.70609379932814,118.54796550654537,13.213603362628959,55.12041884816752,156.076058772688,142.622,122.13950000000008,115.25870000000006,108.53477500000004,101.56314273961333,3.048333,159.21450151057402
HL,Hecla Mining Company,17.215,USD,1.2647058823529405,27561703,0.7251161499313473,11564493567.006472,USD,Non-energy minerals,Buy,18.37512741686429,18.163127517084916,17.99049939481256,-4.307948860478036,-12.07865168539325,-12.391857506361319,17.080999999999996,18.617249999999995,18.252899999999983,19.184174999999996,22.073342736248236,0.72738,398.3386581469649
AFG,"American Financial Group, Inc.",139.36,USD,0.9269988412514492,151756,0.45319413830370836,11555936301.828506,USD,Finance,Buy,141.10063765133066,140.82663717575278,139.63719788134026,0.4903374675512019,-2.4567788898999026,2.0429083986234318,138.16800000000006,140.60850000000002,142.64380000000008,135.27169999999995,12.178624486585687,12.428925,25.54582757334387
CCK,"Crown Holdings, Inc.",106.22,USD,0.028251247763443954,403675,0.39215253881307105,11552541178.24522,USD,Process industries,Strong buy,111.29201938964003,111.56102383671747,110.50150188371796,-0.018825301204815532,-9.019271948608138,3.27661643169665,106.32799999999995,109.78950000000016,115.21020000000007,107.42264999999992,15.28433291124669,8.40618,45.86822828117456
FRO,Frontline Plc,51.89,USD,0.6790842064416015,2408969,0.6464422369593628,11551902189.382034,USD,Transportation,Buy,47.24707676500161,45.00397078806838,42.33765031129902,9.75042301184433,17.477926194249488,144.64875058934464,49.946000000000005,49.475499999999975,44.615199999999994,36.05884999999998,7.770988708179831,10.065567,524.5230078563412
MDGL,"Madrigal Pharmaceuticals, Inc.",496.06,USD,-0.7304236457145099,220409,0.9335499668145856,11461033481.66901,USD,Health technology,Strong buy,518.2417170330488,518.2274807747908,515.2447288667137,-3.4433090024330895,-8.735327666777048,-14.769251915741725,505.242,522.8814999999997,523.1858000000002,510.59745,nan,-6.020889,-0.28488254432803495
TECH,Bio-Techne Corp,72.42,USD,0.027624309392259693,1358673,0.4362869511837317,11356776984.812155,USD,Health technology,Buy,71.89626007418062,70.38899608877874,67.91773379713122,-0.23419203747072834,0.30470914127423665,23.142322734228873,72.43599999999999,72.3905,72.27179999999996,62.04057500000001,62.517265193370164,2.051,155.43550165380375
DVA,DaVita Inc.,177.835,USD,0.842075418202446,243366,0.44556810180145245,11345873257.147293,USD,Health services,Buy,184.875107818438,188.60921649435429,187.78221207188204,1.3998175390580525,0.7963498271269065,56.4347290640394,176.47299999999996,181.78374999999997,189.4481000000001,170.0713749999999,14.997933762323632,14.773145,16.519919026748696
FIG,FIGMA INC,21.275,USD,-1.367640241075576,4940687,0.4635008643464388,11339779440.223688,USD,Technology services,Buy,22.883500968050612,23.06586356196878,23.69978676787094,0.11764705882352272,-20.556385362210612,-44.01315789473685,20.966999999999985,22.198249999999994,24.349900000000037,24.556440000000002,nan,0.286007,-1737.8941742383752
ELS,"Equity Lifestyle Properties, Inc.",58.3,USD,1.180145782714335,1351232,0.8216633289918122,11313967192.813261,USD,Finance,Strong buy,61.117612785724134,62.05282991885287,62.71633532815396,-1.2701100762066047,-8.015146733985492,-3.5247393678636483,58.408000000000015,60.10749999999998,62.95779999999999,63.65805000000003,28.329850818795858,2.076988,11.382333838493189
AUR,"Aurora Innovation, Inc.",5.606,USD,1.557971014492759,10179983,0.29010044320012485,11235243099.56594,USD,Technology services,Strong buy,6.133887454634345,6.187245802728633,6.117981378811761,-8.548123980424144,2.862385321100912,45.233160621761655,5.469199999999996,6.145300000000003,6.256020000000006,5.536305000000004,nan,-0.492727,1.1927582534611276
XP,XP Inc.,21.625,USD,2.1492678318374976,9028008,1.1811042844297546,11180460888.243977,USD,Finance,Strong buy,19.506767393979345,18.815012458354133,18.37501335184179,5.384990253411308,14.08599314165129,29.027446300715976,20.857999999999997,20.299749999999996,18.30669999999999,18.215950000000007,11.276529175574908,2.0274691038,20.428284350665656
AHR,"American Healthcare REIT, Inc.",50.83,USD,0.27618859735648166,1089756,0.41759634591126477,11159311829.882818,USD,Finance,Strong buy,52.99848854649792,53.139649863692476,52.65499473954325,-2.8107074569789656,-10.178476762678926,8.541533205210335,51.35200000000002,52.622,54.42460000000003,51.01580000000003,75.39305843963216,0.597196,nan
HRL,Hormel Foods Corporation,20.25,USD,1.4529058116232423,3629117,0.7782755616570811,11144603797.39479,USD,Consumer non-durables,Buy,21.408549927021742,22.079756080829764,22.585090605308864,2.169525731584257,-8.41248303934871,-14.915966386554624,19.994000000000014,20.473999999999997,22.671800000000015,23.16350000000005,32.54057528523221,1.486,-54.62632154575282
BMRN,BioMarin Pharmaceutical Inc.,57.57,USD,-1.488706365503076,1301993,0.7032321251556828,11144041157.902466,USD,Health technology,Strong buy,62.028105621012706,61.77625937315479,60.8692935403759,-6.390243902439025,-11.430769230769231,-3.1297324583543658,59.068000000000005,62.898000000000025,63.99240000000002,58.67442499999999,155.21703963332433,5.001025,-89.01492714133396
AA,Alcoa Corporation,42.22,USD,0.3804089396100727,2130580,0.6074753124944529,11142256238.192581,USD,Non-energy minerals,Strong buy,46.30929979451495,48.4875519901521,50.90500626995119,-0.7055503292568303,-16.857030326900357,-21.988174427198814,42.10000000000001,45.47650000000001,47.587000000000046,58.00260000000001,8.660512820512821,6.491822,25.044887908479964
WTRG,"Essential Utilities, Inc.",39.255,USD,1.5128006206361542,1376403,0.5908830346491356,11139728218.198605,USD,Utilities,Buy,40.13631179525823,39.983961470470874,39.73044069514313,-1.2949459391501146,-4.092352797459069,2.6542887029288718,39.0609999999999,40.5622499999999,40.44829999999991,39.18482499999989,20.05056696291756,2.232747,-16.251015955854044
ELAN,Elanco Animal Health Incorporated,22.205,USD,1.998162609095079,2731278,0.4969333002539105,11094103561.23312,USD,Health technology,Strong buy,23.09187498546517,23.383906663484833,23.488591032870403,-0.6487695749440855,-7.363370880267003,-2.7376259307928166,22.28500000000001,22.811749999999996,23.757500000000004,23.80382500000001,nan,1.136223,-146.3504067835453
CSGP,"CoStar Group, Inc.",27.35,USD,-1.3347763347763255,2042515,0.3738218498392175,11082154121.23016,USD,Technology services,Buy,29.42314972614167,30.26746274289167,32.46884840036441,-1.3703570140641868,-14.437666197403404,-59.246014006854416,27.287999999999993,29.052999999999997,30.27989999999998,40.067400000000006,150.52283984589985,1.365843,-28.717143978030606
FHN,First Horizon Corporation,23.385,USD,1.4533622559652963,2336817,0.48945691748526193,11079278534.556833,USD,Finance,Buy,24.232211542852422,24.474807184116106,24.522135918367727,0.5806451612903293,-3.2077814569536365,-2.805486284289265,23.149,23.838249999999977,24.69870000000001,24.408200000000026,11.228213376866568,2.142212,34.32441148016769
FRHC,Freedom Holding Corp.,173.26,USD,-0.08650020183380755,202239,2.008828399475143,11051850639.421833,USD,Finance,,166.21489276659946,162.2552076205661,157.56189677364443,-2.6629213483146117,1.9056581578637692,42.01639344262294,171.664,168.1104999999999,162.11340000000013,144.4605999999998,68.54181501701083,nan,87.5639979223863
GLPI,"Gaming and Leisure Properties, Inc.",37.875,USD,0.7581803671189055,1361342,0.44000435045606257,11018596708.858738,USD,Finance,Strong buy,40.57579859075448,41.75850572354873,42.91472931496004,-1.6744548286604442,-9.713945172824797,-15.021314785730311,38.06700000000003,39.7237500000001,42.00609999999997,45.133499999999984,11.107038123167156,3.227259,30.98256126603672
HUT,Hut 8 Corp.,89.13,USD,3.2075034738304726,3908817,0.9866179915702155,10986116468.006832,USD,Technology services,Strong buy,93.61639380740587,94.06402858056504,92.00756812773479,-12.62621311636115,16.183275760933313,86.26959247648901,89.43200000000009,94.69675000000004,91.89169999999999,80.24912500000002,nan,-4.790834,-479.26734216679654
CGNX,Cognex Corporation,65.195,USD,4.781420765027313,1087769,0.6918310034729278,10967353883.98497,USD,Electronic technology,Strong buy,62.68848381409532,62.670397656034744,61.59335090434394,12.813635577089451,7.992380321351657,78.95964864122975,61.297000000000025,60.79074999999997,62.009700000000024,55.76327499999998,63.12451587916344,1.680696,44.54863540937718
LULU,lululemon athletica inc.,94.3801,USD,-1.543813895263927,4686560,1.0036127884651171,10931675459.566296,USD,Consumer non-durables,Buy,104.5975098192881,109.82494036142577,118.00529936519284,-6.996353961371703,-20.387937579080557,-54.88954210878501,96.77602000000006,99.28000500000002,111.93290199999939,144.95442550000004,7.735820137044687,9.582338,-16.471659489398405
COO,"The Cooper Companies, Inc.",57.43,USD,0.034837136387394406,1982433,0.45730728967380924,10920619077.068977,USD,Health technology,Buy,61.75829272212754,64.2245313811508,66.29508175338927,4.0775643349039505,-17.134405887021146,-30.04019978072847,56.91400000000018,57.0407499999999,66.97629999999987,71.38067500000015,19.5980070980071,4.542298,44.2693974005514
AMH,American Homes 4 Rent,30.345,USD,-0.6059613494923101,1483523,0.44515846735591197,10918586622.273174,USD,Finance,Strong buy,31.751249909902242,32.13806471190228,32.241225223247056,-1.0273972602739767,-9.363799283154115,-4.695351758793973,30.500999999999998,31.21225,32.82849999999999,31.667749999999977,24.00142371272641,1.088682,13.757423070001803
UHAL,U-Haul Holding Company,62.27,USD,2.098704705689459,99351,0.7737900063320075,10854755101.97147,USD,Finance,Strong buy,65.09422174379564,65.32959417135405,64.04712262572052,2.01507208387943,-7.748148148148143,23.184965380811093,61.00599999999995,62.719500000000025,68.04899999999995,57.98414999999999,427.38503774879894,1.1125,-89.74954270437597
PINS,"Pinterest, Inc.",19.165,USD,-1.5159301130524239,4571333,0.3777281652151055,10853388460.834787,USD,Technology services,Buy,20.233328841332124,20.719149350128593,21.08095309668643,2.3224773091297317,-9.896567936060181,-26.79526355996944,18.893,18.947249999999993,21.5603,21.224775000000026,55.858350335179246,2.023965,-87.73503967970258
KNX,Knight-Swift Transportation Holdings Inc.,66.565,USD,1.765785048157776,2193777,0.6665285671919217,10833853526.709982,USD,Transportation,Strong buy,67.98971422586838,68.91592848503218,68.6280545982711,1.8904025715597725,-1.3851851851851886,27.056690208054967,64.66100000000002,66.89875000000004,68.71850000000002,65.10717500000003,253.195131228604,2.317602,-74.09852216748767
IBRX,"ImmunityBio, Inc.",10.165,USD,9.53663793103448,25596746,1.7746822675707177,10773235716.753769,USD,Health technology,Strong buy,8.54919801422918,8.276695692051554,7.950455934084782,16.03881278538812,27.94210195091251,403.2178217821782,9.247000000000002,8.555249999999997,7.9961,7.204724999999999,nan,-0.96,-96.55242344352058
GSAT,"Globalstar, Inc.",83.125,USD,0.2956081081081136,360794,0.6754547132658291,10769956022.276182,USD,Communications,Buy,82.50660298964095,81.88423874796457,80.07149358818724,0.3198165580497231,2.043947949914076,34.07258064516129,82.76500000000001,82.44975000000002,82.20919999999997,73.90577499999999,nan,-0.620333,-29.915406306075372
DECK,Deckers Outdoor Corporation,78.96,USD,-0.7666205856478566,1500701,0.48785978619356746,10752919170.226969,USD,Consumer non-durables,Buy,84.36902810437329,88.54492245646291,92.82474995772891,0.0887311446317571,-6.528558745190885,-24.30255967788324,78.54200000000024,79.63249999999988,87.78720000000001,101.27974999999984,11.20508599648067,7.52012,8.21585429527934
UDR,"UDR, Inc.",33.42,USD,-0.7719714964370487,1458919,0.39457432613565285,10736650369.731592,USD,Finance,Buy,35.32872186554316,36.11854824451899,36.63398874734179,-0.47647409172125255,-9.700081059173188,-8.613617719442162,33.68600000000001,34.42699999999997,36.51459999999994,36.99669999999999,21.296119288854907,1.094552,309.3114241001565
RRX,Regal Rexnord Corporation,161.07,USD,2.87411381490707,665267,0.71776939049908,10725952283.938494,USD,Producer manufacturing,Strong buy,164.99603504721927,172.78754477020829,179.4531485115489,6.06479652311338,2.162882151465176,13.54952414522383,157.02399999999983,155.23650000000004,169.22780000000006,188.66549999999992,33.18225829710966,10.606059,29.057215782197165
HUBS,"HubSpot, Inc.",214.11,USD,-1.535985283973316,666432,0.45596364836053227,10676851824.024282,USD,Technology services,Buy,222.51432822260352,222.74911815229044,227.57577253227907,-3.2314923619271343,-13.703599210027809,-46.338345864661655,207.40999999999994,223.59699999999947,230.68080000000052,246.3614500000006,75.78846766486143,13.293641,nan
JEF,Jefferies Financial Group Inc.,46.26,USD,2.2320441988950233,1308648,0.5387651515965549,10665348104.764639,USD,Finance,Buy,50.267719648455305,51.31565083163572,51.9292867646296,-0.4733218588640251,-11.055566237262065,-25.60308780958508,46.17799999999998,49.05849999999997,52.26420000000001,52.64255000000006,nan,3.653792,nan
SF,Stifel Financial Corporation,70.475,USD,0.1919249360250084,738698,0.46304549109877724,10641847037.772247,USD,Finance,Buy,75.8895266289431,76.71767964389504,76.9576026531975,0.47761619617906154,-10.621433100824351,-15.679630578466597,70.19299999999994,74.80375,79.41069999999999,77.9483186135501,12.608236725347073,6.498146,62.1301775147929
AES,The AES Corporation,14.905,USD,-0.10053619302949443,5532377,0.6386432733524398,10633802366.965818,USD,Utilities,Buy,14.816890675942782,14.78101495460041,14.729636884356589,0.16801075268816248,1.0508474576271143,2.7222605099931054,14.891,14.837750000000003,14.784899999999995,14.685524999999998,5.570296733687121,2.288875,88.92889924451038
FNF,"Fidelity National Financial, Inc.",39.5,USD,0.9971874200971633,1226754,0.423683043360206,10593616162.554335,USD,Finance,Strong buy,43.92728431529708,45.416014968128614,46.82475723664855,-3.375733855185916,-14.539160536564255,-27.40305090975923,39.89999999999999,42.40450000000006,46.50739999999994,49.513500000000064,13.748694744169857,5.132594,-27.175483511191096
HII,"Huntington Ingalls Industries, Inc.",268.2,USD,-2.2345350490285405,340181,0.6643654096660606,10568312729.63584,USD,Electronic technology,Buy,281.09257575526493,289.2810392601259,300.51599843307156,1.2075471698113165,-8.226115521489193,-21.1338842003117,265.25799999999964,273.82649999999984,294.2991999999999,344.08414999999985,15.990079234956387,18.659461,25.6208807669263
SCI,Service Corporation International,77.54,USD,1.3594771241830146,587237,0.6303942979533229,10568050312.282618,USD,Consumer services,Strong buy,79.8793433959386,80.16810569014369,80.14278927193192,0.154998708344103,-5.115026921194313,-0.09019456255636281,76.81800000000008,78.9,81.86260000000011,79.88150000000002,20.22852968798915,4.190335,4.0555947662739555
EGP,"EastGroup Properties, Inc.",195.77,USD,0.4773147197700713,297934,0.527514281894904,10527201763.40777,USD,Finance,Strong buy,200.5986997997852,201.59325218988317,201.13627970042577,-3.6375270722583117,-2.217671444982767,10.324034939419569,198.6299999999996,199.76949999999974,202.03860000000003,196.65486999999982,34.36309701427042,5.980671,22.85911453278988
AR,Antero Resources Corporation,34.195,USD,0.4848662944460745,2746748,0.6492270841640476,10512876069.41566,USD,Energy minerals,Strong buy,35.97851263527523,36.13394024218293,36.20429564005711,-3.7573881227132024,-13.648989898989901,-0.01461988304094315,33.90500000000001,36.145749999999964,36.604300000000016,36.318925000000014,9.817122186495176,4.283398,142.66406576564023
AGNC,AGNC Investment Corp.,8.865,USD,-0.9497206703910512,30563125,0.7967868693940215,10509292788.300003,USD,Finance,Buy,9.974635705899463,10.212604211719473,10.373238192678116,-8.37209302325582,-16.603951081843842,-17.304104477611943,9.158999999999999,9.844749999999982,10.42870000000001,10.715825000000011,4.649881982690794,1.578033,487.157376039421
PSKY,Paramount Skydance Corporation,9.245,USD,-1.0171306209850175,27319126,0.8513953238850693,10372389901.920235,USD,Consumer services,Buy,9.946736305461398,9.964470107730659,10.11167204156617,-9.40715335619795,-12.36966824644551,-31.007462686567173,9.836999999999994,10.300500000000005,9.895399999999977,10.557324999999999,nan,0.499888,-2130.4347826086955
DCI,"Donaldson Company, Inc.",89.285,USD,1.737693710118495,335540,0.6149952611603752,10349036508.671776,USD,Producer manufacturing,Buy,89.70128400351696,89.98717646211408,89.90774952162451,3.112368633791423,-0.7503334815473512,0.6028169014084469,87.775,87.7407500000001,91.58050000000004,91.20702499999996,23.202359606039344,4.324286,26.150668764752176
CHYM,"Chime Financial, Inc.",27.3,USD,1.6949152542372952,2438086,0.43919224910307425,10335372841.01695,USD,Technology services,Strong buy,28.949272545785227,27.880381488047604,26.371225974674275,1.8276762402088849,-14.393226716839134,8.076009501187645,26.799,29.950750000000006,29.6861,23.498649999999998,nan,0.458249,97.70790140520617
AVTR,"Avantor, Inc.",15.275,USD,1.6300731869594212,3229216,0.39280155428561864,10331380878.34165,USD,Health technology,Buy,14.596590747369273,13.78577074987424,12.823374463335012,-0.35877364644487747,7.419127988748239,32.595486111111114,15.177000000000001,15.184750000000003,14.364099999999993,10.735275,nan,0.81176,-184.09136047666337
ERIE,Erie Indemnity Company,220.83,USD,-0.5762910269686197,52699,0.3205014757335639,10284134358.003105,USD,Finance,Buy,237.22619285421024,239.51940383066167,242.0682596407132,0.8540372670807473,-14.110691921745556,-22.515789473684208,221.28800000000007,235.164,245.41919999999993,248.98262500000016,20.163072259454722,12.7,-7.666756592702501
UHS,"Universal Health Services, Inc.",174.045,USD,-0.5854800936768182,257769,0.36610640064469746,10255438250.160421,USD,Health services,Buy,173.0464216850834,170.85751725849443,170.91410739443936,-1.6639358155828134,2.2951686846126726,-20.096868974382524,175.31700000000015,176.07374999999993,172.5713000000003,180.79977500000012,7.087561694710951,22.573229,29.3490513363463
ALGN,"Align Technology, Inc.",144.27,USD,-0.7396195259554774,304407,0.35840349748558176,10248919004.405657,USD,Health technology,Buy,154.11269545988463,159.00722224389034,163.02997615712056,-0.8930411485882963,-7.221864951768483,-8.527770732944452,144.79500000000013,148.95375000000013,160.1761000000001,170.3141000000001,25.027322404371585,11.289146,-2.7613778212610978
TXRH,"Texas Roadhouse, Inc.",155.96,USD,-0.47223994894702026,717143,0.5665403225570728,10237359270.616976,USD,Consumer services,Buy,175.90544056057522,180.53280002842982,181.9317298513779,-3.615351337988996,-18.647957853007146,-5.900808495233498,156.93200000000053,168.58074999999997,189.5566999999998,179.58112500000036,24.97277909434446,6.590594,-4.7523182040019565
CART,Maplebear Inc.,44.2151,USD,0.23826796644751802,1250672,0.3261761361880404,10235798490.752514,USD,Transportation,Buy,46.267297485175824,46.20027326509999,45.42944366451925,3.2098506069094213,-12.236800317586347,-1.8532741398446118,43.65502000000005,45.663755000000045,47.34730199999992,42.59315049999999,24.343500523041346,2.331816,4.849044622755878
RGEN,Repligen Corporation,181.13,USD,2.2005303842464627,955461,0.7804218272515804,10222183487.174913,USD,Health technology,Strong buy,173.3466148732931,165.92939707988052,157.67127995458435,-4.628264532434706,5.452216691409781,10.762551213844551,187.85000000000008,178.66650000000004,169.65379999999993,143.50449999999998,246.87201853618643,2.059216,nan
GMED,"Globus Medical, Inc.",75.83,USD,1.908345652466069,667881,0.4637494406935151,10181081487.151863,USD,Health technology,Strong buy,77.34300804979566,78.60726805163691,79.89327092538055,1.7442640547430526,-5.484232830611997,-12.949144759499484,75.12200000000009,74.86999999999995,79.55399999999993,84.63700000000003,19.38989465071085,5.000397,50.93203658677782
ONON,On Holding AG,30.845,USD,2.135761589403972,7922839,0.5567595813029461,10159495637.803476,USD,Consumer non-durables,Strong buy,30.352137819745952,31.642650743013515,33.398164775763924,0.48867893793777023,11.43424855491329,-34.148163962425286,30.040999999999997,28.491250000000015,31.125499999999985,38.01027500000001,20.6749782156981,1.7257578381000003,226.7411300919842
DDS,"Dillard's, Inc.",649.445,USD,0.4788427322658045,113385,0.5502179083227343,10143974323.697277,USD,Retail trade,Neutral,634.6509988522562,621.5085303259953,610.5827777545122,-0.97810508340194,3.3341819281134213,7.109047728996935,665.0489999999998,649.50625,627.4425000000007,604.1483250000005,14.871685073700652,39.417239,20.41520869351818
EVR,Evercore Inc.,262.42,USD,1.3204633204633265,338596,0.6605169845190234,10092102418.262318,USD,Finance,Strong buy,281.39246532836023,293.1838791281294,303.97036257740905,1.7881385516465667,-8.292853398567173,-23.053014309171942,259.7999999999993,269.53150000000005,290.67359999999985,324.8203000000001,14.839235023354181,19.387178,60.841488703750876
BPOP,"Popular, Inc.",157.71,USD,0.7602862254025029,330793,0.6803524333089337,10058507446.596601,USD,Finance,Strong buy,164.08931886531175,164.329799077527,161.53936315314667,-1.9399365789964587,-6.497895298511875,26.654352714423396,156.96600000000004,161.62549999999976,168.28619999999998,150.2072250000001,10.648166902977517,15.900515,43.684516880093135
QRVO,"Qorvo, Inc.",113.78,USD,1.3991622850013434,2869124,1.4427358923348177,10037857424.104803,USD,Electronic technology,Buy,108.75127315532279,104.53140116006503,100.29391663614257,-2.6689478186484212,18.02904564315352,33.23185011709601,114.704,114.04649999999978,102.64180000000002,90.53372500000027,26.40090957607258,7.648126,402.999533146592
JKHY,"Jack Henry & Associates, Inc.",142.655,USD,-0.8238320355951073,378289,0.43378129654498,10001914105.42707,USD,Technology services,Strong buy,153.10606483419383,153.1442580889797,153.0751650738951,-3.4614603776138653,-14.837920124171687,-21.583663148636756,144.75500000000005,153.17275000000058,157.38189999999972,157.65779999999978,20.45731576154762,7.366763,11.760557736998164
ENSG,"The Ensign Group, Inc.",171.51,USD,1.1082945233744006,171255,0.5581869703897384,9996020295.358662,USD,Health services,Strong buy,173.85106563241192,174.1608622745799,175.17524458959076,-0.5796765404904064,-1.2096077414895585,-1.1982257042456435,173.00599999999986,173.6980000000001,176.69199999999967,181.77990000000003,26.87402068317142,7.794301,15.21519352975158
NYT,New York Times Company (The),61.93,USD,-2.7939099042536513,3457637,0.8560076631869694,9988291804.367289,USD,Consumer services,Strong buy,66.3475882930104,67.91887282176832,69.52604415914098,-1.2753068707157615,-8.644342823425292,-10.363294253871766,63.166000000000054,66.524,67.64320000000002,73.650715,25.844009514668446,2.838287,23.367998352553553
VSAT,"ViaSat, Inc.",72.46,USD,2.9992892679459837,1082828,0.7792063497774627,9981786036.374697,USD,Electronic technology,Strong buy,73.92765062365628,73.31762857612927,70.7462376148543,-3.24736068421755,9.464771696401579,106.38540478905362,70.77400000000003,73.10899999999997,75.10459999999998,60.854900000000036,nan,-1.42,94.73331169533701
UMBF,UMB Financial Corporation,130.85,USD,0.8167039063101952,343322,0.528493405416056,9938060579.950304,USD,Finance,Strong buy,138.05270417748198,138.69092891494157,137.14457154532133,-3.7584583701088654,-5.761613251710479,13.664002779708122,131.18199999999996,135.77049999999997,141.6791,130.0139000000001,10.897537331456697,13.247758,37.85490407687627
DAR,Darling Ingredients Inc.,62.84,USD,1.9467878001297905,1279934,0.5793887224317836,9916335236.097988,USD,Consumer non-durables,Strong buy,63.32433919785004,62.671440112342296,61.07273177066694,2.646194054230651,-6.696362286562719,73.35172413793104,61.22000000000004,63.77700000000006,63.465199999999996,56.20497499999998,16.886118127586393,6.800692,470.41692213366036
SSB,SouthState Bank Corporation,102.005,USD,1.386542093231285,291292,0.46583472983642243,9891887306.46218,USD,Finance,Strong buy,104.1959294240899,103.85963646543493,102.704815868506,-0.453791353566901,-2.6762713481538087,8.504414423997437,100.79099999999995,103.50025000000001,105.86209999999996,99.62941000000001,10.710198338950661,9.461311,41.60756501182035
BIO,"Bio-Rad Laboratories, Inc.",367.61,USD,3.3861124391821638,122786,0.4672837443590366,9838403763.802515,USD,Health technology,Buy,367.21501450598373,355.2976128933837,339.9245435810403,-4.303118654657149,-3.418107298618042,21.235406635446203,371.6260000000002,376.4060000000002,365.6129999999999,307.71495000000004,44.53719408771505,9.695555,-29.659204213289247
ESTC,Elastic N.V.,93.64,USD,1.4407973134004965,1003714,0.6628386294085715,9831383162.181345,USD,Technology services,Strong buy,86.29696808660623,81.45431825214432,76.13012276625489,3.0369718309859213,1.7826086956521745,24.125132555673385,90.878,88.4454999999999,82.64700000000002,65.06322500000005,26.22161238833973,3.359503,nan
DPZ,Domino's Pizza Inc,297.15,USD,0.7288135593220262,310635,0.449563006262203,9831187159.015932,USD,Consumer services,Buy,312.92622326779116,319.26074502659657,327.59044267008915,1.2436115843270792,-13.372398110897324,-28.689704823614115,297.1680000000009,305.75424999999916,331.0384,353.7890249999996,16.847148202744073,19.001893,2.40302831497728
MOH,Molina Healthcare Inc,188.06,USD,3.9867293337019674,356959,0.5822621279802562,9816732475.219355,USD,Health services,Buy,197.45172939069911,198.3522177158862,195.98187167111323,-2.8565525078774736,-7.482658532985688,8.080459770114944,187.40600000000063,196.22300000000033,198.20179999999945,181.69174999999984,nan,5.240921,-100.92903989348588
DRS,"Leonardo DRS, Inc.",36.74,USD,-0.05440696409139288,318052,0.4002356725842364,9805593630.043528,USD,Electronic technology,Strong buy,38.581791029709244,39.933322893026386,41.00276969936249,-2.052785923753655,-2.546419098143238,7.678780773739756,36.705999999999946,36.844749999999976,40.5721,42.207725,30.647313980647315,1.380476,28.84780739466897
PAYC,"Paycom Software, Inc.",221.17,USD,-2.7695959906800947,251133,0.4574862403270588,9794575902.060799,USD,Technology services,Buy,215.58041012431997,203.44001364114914,188.82423679944304,0.07239491425727189,-6.714749673119919,38.725459449288074,221.09,222.5075,213.24400000000006,154.85704999999987,23.504968383017165,12.088714,27.296463648908244
AAOI,"Applied Optoelectronics, Inc.",115.285,USD,7.421729407379803,9136785,1.2238439395495004,9788421401.165953,USD,Electronic technology,Strong buy,111.93569421568286,115.9089840719355,117.32771604443292,13.34677022908269,12.92487021255754,217.19631311046913,103.87100000000001,103.15974999999999,111.14269999999995,108.789225,nan,0.74,76.82331945270673
WTFC,Wintrust Financial Corporation,144.7775,USD,0.8551027516544703,215131,0.5296021171185032,9767553995.134638,USD,Finance,Strong buy,150.36254894196807,151.9537949168927,152.03284319469208,-0.4418236831247312,-3.1718164794007535,3.7013824224625664,143.5315,147.5348750000001,153.32085,149.9272125,11.631984895352106,13.132559,17.676256748196543
MSGS,Madison Square Garden Sports Corp.,404.93,USD,1.4379117713369596,287340,0.9689526449432974,9750886382.907513,USD,Consumer services,Strong buy,398.08883364847014,393.1969360580759,381.72384986299545,0.3444516033106969,5.761746807010212,56.809820702474525,407.90199999999965,398.72950000000014,397.76520000000016,345.2535499999999,1302.4445159215181,-0.8613,nan
AM,Antero Midstream Corporation,20.535,USD,1.3573543928923917,1696574,0.7156754519431503,9747430930.56071,USD,Industrial services,Buy,21.4875456002248,21.677367523472263,21.68347824354251,-2.4928774928774864,-8.489304812834229,15.36516853932584,20.380999999999986,21.34125,21.799700000000016,21.264974999999982,24.645943350936147,1.09265,-11.39940450871969
CLX,Clorox Company (The),80.49,USD,-0.1983880967142105,1402316,0.48313816067476645,9733736968.45257,USD,Consumer non-durables,Buy,89.19404470596099,92.0586435919351,94.86001862658374,-2.068378148193214,-15.72610197885039,-20.385756676557865,81.03399999999995,85.34900000000007,95.62879999999988,101.38070000000074,16.727975559573537,5.750082,-26.25068971859481
BSY,"Bentley Systems, Incorporated",32.205,USD,-1.6641221374045854,843243,0.37876561048315127,9728901387.238165,USD,Technology services,Strong buy,32.95891166625268,33.21030981016464,33.63799562158326,1.529003783102142,-9.447490510333191,-15.825927861996865,31.863,31.919749999999993,34.278299999999994,34.55524999999998,35.49542598919872,1.401586,15.934065934065938
ALSN,"Allison Transmission Holdings, Inc.",117.8,USD,1.3071895424836566,361800,0.4827241331646156,9727693137.124182,USD,Producer manufacturing,Buy,120.63086920183764,120.840408900131,119.93746514601891,4.18324931458389,-3.8838120104438683,20.081549439347608,114.80199999999999,119.7625000000002,122.19780000000006,117.53295000000007,18.70138117161454,8.133743,-28.496832928462773
AMG,"Affiliated Managers Group, Inc.",375.425,USD,0.9342653582470825,80487,0.29061022116662927,9708465985.08563,USD,Finance,Strong buy,366.195973855817,360.85449905993374,350.3810852604254,0.6663270231136412,3.708563535911605,30.017316017316023,370.3449999999999,361.61924999999985,364.23889999999943,323.4751750000001,13.102924752198799,36.968447,115.62311860325106
BXP,"BXP, Inc.",60.71,USD,0.7802124833997325,505597,0.4155535652628034,9693053581.319056,USD,Finance,Buy,64.64648688579386,65.16254277192157,64.98009941457215,-2.505219206680588,-9.563533442574101,-10.152434512357544,61.24000000000001,63.414499999999876,66.791,62.863649999999915,32.618740597464004,2.12335,9299.999999999998
RYAN,"Ryan Specialty Holdings, Inc.",37.87,USD,-1.3545194060953454,1442894,0.7178135355550507,9687705882.154205,USD,Finance,Buy,39.74635131579684,39.860968055904124,39.90688332043992,3.019586507072904,-10.366863905325449,-26.121732344908313,37.846000000000004,38.85199999999999,41.49860000000002,40.08485,55.58491119917804,2.159112,2862.1739130434785
WMS,"Advanced Drainage Systems, Inc.",128.46,USD,1.2612328551158825,305701,0.4815982645504979,9686570292.942614,USD,Producer manufacturing,Strong buy,133.70442485381687,136.4004546422551,138.94613120418725,-0.7724393635099644,-1.743919229004131,-11.431329288472135,128.26,128.8985,136.86139999999995,145.6402500000002,22.17542163683129,6.25291,4.580083766608902
GKOS,Glaukos Corporation,164.195,USD,0.6281791996077746,396011,0.45328952572008935,9684867314.041185,USD,Health technology,Strong buy,165.57961042970845,162.69212020762845,155.5149947836059,6.275080906148863,-7.166280318878278,43.4393290818555,161.7329999999999,165.2127499999999,171.99949999999998,135.03417499999983,nan,-0.306847,-96.75336431114599
BRKR,Bruker Corporation,63.53,USD,2.567000322893128,1431262,0.6829831422801935,9679387001.839521,USD,Health technology,Buy,60.25357362787842,58.76858554726788,56.33734359278541,-1.2435877506606516,13.385686239514545,34.625980080525544,63.60200000000001,60.02299999999999,58.902799999999985,49.30075000000002,nan,2.122056,-234.26226379079975
CFR,"Cullen/Frost Bankers, Inc.",154.905,USD,0.9284597341673257,146037,0.3445856074743862,9627157216.646502,USD,Finance,Buy,159.46116230046096,158.6397367067029,155.67888744597798,-1.4222985872470315,-3.1359429714857345,22.473908918406067,154.33699999999993,158.62925,162.44490000000008,146.50542499999986,14.650166452296284,10.97952,13.85622604126288
SNAP,Snap Inc.,5.665,USD,0.2654867256637111,20695482,0.6860727820175558,9580635559.058407,USD,Technology services,Buy,5.4399206360345005,5.359294108974325,5.373653145214418,4.520295202952031,6.886792452830193,-31.16646415552856,5.454999999999997,5.535749999999995,5.354900000000002,5.629875000000009,nan,-0.048069,42.927278306228914
PBF,PBF Energy Inc.,80.72,USD,-1.9674520281758618,2315262,0.6806351891904667,9568293760.483847,USD,Energy minerals,Buy,73.86080574336187,69.3188924937738,63.20468969175162,13.754227733934618,6.364474897878506,195.35309184046835,77.92800000000003,75.40100000000002,71.67859999999997,48.25065000000001,7.1373623944471465,21.379744,nan
KRYS,"Krystal Biotech, Inc.",322.35,USD,-0.9099013248900985,291048,1.2126722095951967,9541184388.08106,USD,Health technology,Strong buy,339.43169770864074,337.9221210416177,329.39530014477054,-6.926719408673545,-11.926229508196716,31.22862725940402,330.47200000000004,340.4279999999999,342.4279999999998,301.3753,40.39777426874201,7.607273,62.32479606159854
ONB,Old National Bancorp,24.91,USD,-0.28022417934347593,4205340,0.8623932605468013,9529818707.977583,USD,Finance,Strong buy,25.575966727737754,25.591360795042693,25.339669674745522,-1.1900039666798916,-1.6969218626677178,11.653966831017486,24.915999999999947,25.30349999999997,25.94159999999995,24.425025000000023,11.093791752026364,2.608145,33.31354271804312
MXL,"MaxLinear, Inc",104.965,USD,13.943768996960484,3778960,1.162616765154281,9519610331.93389,USD,Electronic technology,Strong buy,84.12622346751542,80.49801631310146,75.06499574168917,19.850422470883768,83.21696631174726,488.6988222097589,94.023,80.45925,72.6273,53.610125,nan,1.75,51.948786299931335
MOD,Modine Manufacturing Company,178.69,USD,2.574840464921251,970399,0.589140919739342,9490709634.162941,USD,Producer manufacturing,Strong buy,182.26707140356476,189.18712658470105,194.88678833563046,-2.137023172812881,9.047002833845083,42.46631112359795,171.111321596,173.47310578099982,177.83889340520003,196.87384795040015,67.34124740908234,7.776392,-23.959766162310856
MUSA,Murphy USA Inc.,516.12,USD,0.928877329526566,86842,0.42368048084968324,9486465225.141562,USD,Retail trade,Buy,528.416869997239,535.2896820683629,533.6252193154975,-0.11225082252758678,-3.1815112178284752,28.155339805825236,511.8119999999999,516.2439999999999,544.1032,505.12630000000007,15.714237869206343,34.90641,35.93962120459587
FLS,Flowserve Corporation,74.62,USD,2.135231316725982,518695,0.38433162589256825,9485155155.597864,USD,Producer manufacturing,Strong buy,75.38719450524471,75.53853243890813,75.39190585377985,-2.2146507666098776,-3.9021249195106256,6.7372335860392045,73.73999999999997,74.24249999999991,76.66460000000004,76.36540000000008,26.166847845145,4.112216,29.30534143466038
HSIC,"Henry Schein, Inc.",84.765,USD,-0.19427764040975656,608839,0.578701279049409,9446766067.696398,USD,Distribution services,Buy,86.53457467952745,85.95821322400693,84.42212299496947,-0.8944230094703619,-4.779824758481236,12.04890945142101,84.92499999999991,86.48025000000004,87.71029999999999,80.26257500000003,24.701305513463108,5.384969,10.347932342915946
FDS,FactSet Research Systems Inc.,265.5496,USD,-4.344367998270961,303114,0.3742995636295922,9444415519.205633,USD,Commercial services,Buy,275.70411631646766,271.987247206295,266.1754266404979,-1.6009189609812156,-11.920926067199577,-7.971027551550862,268.14991999999995,275.54547999999915,282.598792,249.08664800000028,18.24117820809606,19.658469,-6.419264220926568
FRT,Federal Realty Investment Trust,107.33,USD,-0.6479681569934304,627764,0.5679989258251115,9382309548.346941,USD,Finance,Strong buy,113.35373385578251,115.06133530099856,115.38395257900643,-2.7896023910877625,-8.756269659100568,8.032209360845501,108.57399999999998,111.8235,116.49539999999998,112.48320000000038,21.66969513426206,4.255979,25.62138581718576
OC,Owens Corning Inc,118.6,USD,1.2896062857630806,800125,0.7635102549172398,9375173529.842001,USD,Process industries,Strong buy,130.76257453515657,132.96100325504625,132.61599506529788,-1.8211920529801349,-11.505745411132677,5.638193640331342,118.56400000000001,124.90850000000003,137.7400000000001,126.15310000000007,nan,9.93394,-314.5313117996045
SAIA,"Saia, Inc.",351.01,USD,1.92519890818282,268160,0.8171997135412699,9363069096.27339,USD,Transportation,Strong buy,354.6147786738869,367.1059782820648,377.4496779270473,5.665432433246032,5.430570990898983,7.339225100149843,339.13999999999993,344.1085000000004,356.7198000000003,388.71712500000007,33.853498577422,11.365834,-4.220629260812543
AXSM,"Axsome Therapeutics, Inc.",178.51,USD,-1.9552919206898458,709001,0.9359187005929017,9350500092.508924,USD,Health technology,Strong buy,202.668829920277,207.8794771938392,208.54394058228328,-9.697490894374754,-12.111663630545035,-2.62913871161295,185.00000000000017,201.49175000000014,209.39910000000006,199.783925,nan,-2.700683,25.865672819056634
OGE,OGE Energy Corp,45.2339,USD,-0.9548938033720238,2507473,1.2497058238064769,9344476747.850752,USD,Utilities,Buy,46.00109206362476,46.458083821201036,46.75633393086997,2.0160126296797363,-3.1186549582351666,6.108139807647187,45.276780000000045,45.723695000000035,46.47567800000004,46.677219500000035,19.811624036440083,2.42686,-6.226384097256455
TTC,Toro Company (The),98.66,USD,0.8896615195827694,322125,0.47522844528267255,9339488748.7602,USD,Producer manufacturing,Buy,96.17236199025497,95.70025415723717,94.81763796280084,1.8478373077320036,0.36622583926754776,25.378065827932392,97.4720000000001,94.94099999999995,96.26959999999997,93.48365000000037,26.417115163199185,4.633985,13.265398962787742
MTCH,"Match Group, Inc.",40.58,USD,1.1213555943184543,1245632,0.38207710563292513,9315179000.57463,USD,Technology services,Buy,40.815221558420376,40.04693719007235,38.87826335833981,-0.6852667645619216,-2.755811167026117,25.053929121725716,40.10000000000002,41.6975,40.40479999999999,35.484350000000006,14.328590092157762,2.782247,39.471092287993685
DKNG,DraftKings Inc.,18.73,USD,-3.2041343669250697,14262811,0.812670148478963,9298584933.887339,USD,Consumer services,Strong buy,22.608100153645182,23.390886569620445,24.183720371636348,-10.081613058089284,-21.56616415410385,-45.85140213934663,19.565999999999963,22.208500000000022,23.548200000000083,25.72055000000002,nan,0.116515,42.920625191541525
AYI,Acuity Inc.,310.41,USD,3.7189254210104425,390924,0.8600359305307872,9292293067.352045,USD,Producer manufacturing,Buy,322.1009383603685,324.06785905122865,322.86265507172055,-0.7355057401426096,-5.140115515081133,-14.555864460899006,306.8399999999998,310.5109999999998,330.39100000000013,314.15975,18.16357221016168,21.400274,36.358703891357955
VMI,"Valmont Industries, Inc.",481.125,USD,2.7430169983770454,100848,0.5144998997508822,9288049421.771963,USD,Producer manufacturing,Strong buy,482.6141500821047,488.1777707259037,488.7144165217043,3.4655168706049353,2.471673198159827,19.418451686564577,469.48699999999974,473.11825000000033,479.7882999999996,474.39552499999905,18.73072910178149,23.099448,139.09672254749557
ESI,Element Solutions Inc.,38.105,USD,4.885769336636385,2248830,0.6269957201588814,9285842316.127441,USD,Process industries,Strong buy,36.241805017065865,36.81301861606154,37.05233160609899,9.686240644789851,8.068633011911512,51.27034537514885,36.36099999999997,34.72574999999999,35.93329999999996,35.98372500000001,51.921242676113906,1.812943,-25.906108026249374
VIRT,"Virtu Financial, Inc.",59.71,USD,7.3534699748292045,1402981,0.9786802468121308,9267005618.8612,USD,Finance,Buy,59.474250703184055,59.217204652861376,57.47381551472074,12.830687830687829,-9.034125533211457,78.23880597014926,55.241999999999976,57.53049999999998,59.453400000000016,49.79848500000003,9.910702429956181,7.145322,36.75943160666454
FCFS,"FirstCash Holdings, Inc.",213.07,USD,2.3636800384338157,134903,0.4526574157493763,9241229042.136198,USD,Finance,Strong buy,217.79436616662278,217.02474673455657,214.09770078890205,-1.8562874251497012,-1.269635327371303,33.89681392572111,212.44399999999996,218.93450000000016,215.35369999999992,202.36372500000016,24.294770928827162,11.301825,34.81622676894226
QGEN,Qiagen N.V.,44.78,USD,6.517602283539491,3773917,1.5122378354439892,9228027632.00904,USD,Health technology,Buy,43.36746601293602,42.65835643243197,42.183846402153996,0.11178180192265653,2.6358010543204182,-5.3801952488968245,43.99799999999992,43.443000000000175,43.066800000000185,42.63239981979993,22.74481917919545,2.425622,9.469001946066173
ORI,Old Republic International Corporation,38.2,USD,1.8938383568951742,1254480,0.8098031052909938,9222738047.559347,USD,Finance,Buy,39.98774448062416,40.413008097569765,40.61769169198609,0.4206098843322915,-9.025958561562273,-10.851808634772459,37.81400000000006,39.47899999999998,41.386999999999965,41.02815000000001,8.366184844502849,2.9835,29.326460091769093
LTH,"Life Time Group Holdings, Inc.",41.11,USD,1.8582755203171457,2120109,0.6418934179878597,9186521307.404608,USD,Consumer services,Strong buy,41.611392253612266,41.10800993816741,39.48034179466052,2.8521391043282476,-2.6290857413548068,55.719696969696976,40.20399999999997,40.720000000000006,42.81740000000001,33.780180000000016,22.477992235770134,1.596099,79.02310101801095
SOLS,Solstice Advanced Materials Inc.,57.745,USD,1.3425763425763437,1041580,0.5422161313125261,9175070339.656635,USD,Process industries,Strong buy,60.02701418314184,62.360752839716575,64.51688842435455,3.1897784131522453,-7.102638352638351,19.037311894454753,56.79699999999999,58.767249999999954,59.492700000000006,69.14902500000002,43.81591926549814,2.884666,nan
ZIONP,Zions Bancorporation N.A. - Depositary Shares each representing a 1/40th ownership interest in a share of Series A Floating-Rate Non-Cumulative Perpetual Prefer,17.6778,USD,-2.3061491785068737,1026,0.17206969996813526,9143977843.0,USD,Finance,,17.94466849066716,18.111972330004463,18.374623341689276,-0.12542372881354802,-0.40676056338027444,-11.875373878364893,17.82457999999999,17.829204999999956,18.063315999999944,18.994738499999976,2.2519490445859875,7.999663,43.201138312233205
PODD,Insulet Corporation,131.51,USD,0.5505008028136699,1057145,0.7315573023175282,9120769668.575655,USD,Health technology,Buy,140.5087396646165,145.96829783794684,156.90664631041267,-3.1447930475769703,-11.141891891891898,-53.93049814334758,131.74399999999983,137.05699999999987,145.23160000000001,193.37454999999994,26.071527695174655,6.503105,53.510453756961574
R,"Ryder System, Inc.",237.615,USD,2.8992724753161365,155171,0.6763459162124524,9111790636.90761,USD,Transportation,Buy,244.24180892155636,246.9993507968251,245.54429882559478,0.5820352184219437,-2.608820395114346,24.19767928078613,232.2390000000005,238.36725000000018,249.0279000000007,231.75647499999997,19.52834142853621,14.670636,3.8793508234229437
ARWR,"Arrowhead Pharmaceuticals, Inc.",64.44,USD,-0.5402068220404515,947959,0.4790639252041732,9102438228.51304,USD,Health technology,Strong buy,74.25143376938225,76.18000526696677,75.71990498348875,-3.0977443609022592,-22.239652467720532,-2.805429864253393,65.278,71.85149999999999,80.81960000000002,72.48787499999999,nan,-3.550846,-77.55877463785323
CYTK,"Cytokinetics, Incorporated",65.21,USD,-0.6248095092959627,1539113,0.7540739294871626,9065717743.497257,USD,Health technology,Strong buy,70.24798746256911,71.91798402809214,72.23100133114477,-0.6853487663722249,-9.304589707927692,3.245725142495246,65.708,68.96200000000003,73.6169,70.14697500000003,nan,-6.053177,-41.03370172218533
APTV,Aptiv PLC,43.57,USD,-0.9097111667045681,1644199,0.5469144767538417,9046584496.17171,USD,Producer manufacturing,Strong buy,46.736880282512125,49.282690746332186,52.31088651975498,-0.9772727272727266,-3.1992890468784667,-33.056414140632945,43.513999999999974,44.39000000000002,47.67300000000002,59.076471889999986,41.32991842155189,5.748268,-75.87201318319143
GLXY,Galaxy Digital Inc.,23.059,USD,0.1694178974804582,3337745,0.7141967461937071,9013511634.693312,USD,Finance,Strong buy,23.9388560696077,24.16428236052779,24.510717205825532,-9.39489194499017,0.21295089091699038,0.7383136740934927,23.019799999999993,24.313950000000002,23.003880000000013,24.875045000000018,nan,-0.729058,71.4400987279286
PTGX,"Protagonist Therapeutics, Inc.",139.2,USD,0.007184424168396368,363011,0.4925964856001991,9007393077.83605,USD,Health technology,Strong buy,142.3474343019062,138.98143326939822,131.8314877797767,-1.8404907975460219,-5.945945945945954,60.85047376935518,140.53799999999993,143.07250000000002,144.96380000000005,111.228325,134.2204223315013,4.670262,45.53746842548413
LLYVA,"Liberty Live Holdings, Inc. - Series A Liberty Live Group",95.79,USD,2.3288110244632056,72335,0.6202815384457075,9003443392.552399,USD,Consumer services,Strong buy,96.41698578843724,96.68557827527319,96.14367610933955,-1.6731677273660392,-2.0952575633687625,17.00256504213998,95.538,95.04450000000006,98.22959999999998,93.19427499999996,nan,-7.69,nan
KYMR,"Kymera Therapeutics, Inc.",107.93,USD,-1.9887395568470738,499342,0.6567508652257504,8974446586.747547,USD,Health technology,Strong buy,112.69404344625922,110.60036755525184,105.79706487867327,-6.94887490300887,-9.742431844790092,39.53458306399485,110.47,114.84499999999998,114.4855999999999,93.02999999999999,nan,-3.845869,6.7318757192174905
JXN,Jackson Financial Inc.,132.03,USD,1.969416126042641,371684,0.5438761764371051,8942225841.786144,USD,Finance,Buy,132.0643949315853,128.95876801466355,124.55103693588094,0.9635237439779696,-1.5142473519319717,24.00676246830093,130.796,133.81549999999996,131.754,115.89919999999985,181.38480560516555,27.07525,nan
RRC,Range Resources Corporation,38.18,USD,1.542553191489357,1449697,0.5714605235932638,8921883697.892553,USD,Energy minerals,Buy,39.37626795653473,39.46805795435219,39.50114618434236,-0.8311688311688319,-9.31116389548694,9.335624284077886,37.511999999999986,39.402499999999996,39.91839999999996,39.36064999999999,10.536192289648701,4.100341,82.40712775596496
JAN,"Janus Living, Inc.",28.85,USD,0.3827418232428775,878607,0.5446022327893801,8882649140.323593,USD,Finance,Strong buy,29.969705535086973,29.695973454131938,28.690494600268046,-4.533421575115809,-6.604078989964387,25.434782608695656,29.443999999999978,30.259000000000004,30.4434,nan,nan,0.134073,nan
HLI,"Houlihan Lokey, Inc.",126.55,USD,-1.4254556784545866,327075,0.4248536701732655,8845534059.414627,USD,Finance,Buy,131.23449530236505,133.2737748174952,137.1937170975289,-0.7295262001882702,-4.389543668782121,-27.34110351954986,127.654,131.69,131.0524,149.49519999999993,21.256403796086335,6.929577,0.3742855697739075
AVT,"Avnet, Inc.",107.175,USD,4.826877934272303,1359886,1.0138465775410879,8796170928.950264,USD,Distribution services,Buy,98.0034743228091,94.73212102201835,90.11740034905056,5.073529411764704,19.895961516948198,120.52469135802468,102.66299999999997,97.39750000000004,93.7090999999999,76.47875000000003,26.85820970328789,11.612,46.114976199194444
VOYA,"Voya Financial, Inc.",96.885,USD,1.5778989305934261,344362,0.3945708665716338,8777427274.266775,USD,Finance,Strong buy,99.35995187682296,98.00411075891702,94.76760492482626,0.35736482287134747,-4.593796159527319,30.099368873371834,95.56299999999995,99.46424999999998,99.95870000000001,84.26322500000006,16.3375602846447,9.124281,18.72509960159362
S,"SentinelOne, Inc.",25.11,USD,1.7835427644912756,8530384,1.0829862907851828,8739513764.124441,USD,Technology services,Strong buy,21.93063195396781,20.907610104597364,19.69518575107009,5.371380612673106,22.130350194552534,66.29139072847683,23.917999999999992,22.548499999999997,21.511199999999995,16.685250000000003,nan,0.319102,23.480830428852858
SPXC,"SPX Technologies, Inc.",173.0,USD,1.9386011431265053,380484,0.56884902575462,8664854331.895586,USD,Producer manufacturing,Strong buy,189.27482159988813,196.71860672844167,202.50850994706167,-0.24793864959926587,-9.92867183839225,-14.20353104542749,170.60200000000006,179.72150000000016,196.67320000000015,211.43659999999997,30.320556636346108,8.380041,27.513073794305647
SIRI,SiriusXM Holdings Inc.,25.655,USD,0.058502340093605956,2268463,0.5187754257847015,8647450973.29758,USD,Consumer services,Buy,27.498115096469967,27.82118340315599,27.59475551270513,-3.2251980384760484,-11.549732804688839,27.700348432055755,25.775,27.42324999999996,28.592399999999945,25.611800000000006,10.105167795809043,2.983548,nan
IDCC,"InterDigital, Inc.",334.64,USD,-1.5562027476245168,114877,0.672332401204705,8635722124.880533,USD,Technology services,Strong buy,330.12005425451525,323.55366898350724,318.21752469120275,1.1241387646561012,4.353249345141568,5.070802850952927,330.41600000000005,332.81449999999984,327.98949999999996,317.3608750000001,38.61126815816497,9.0725,-38.22946660204693
AAL,"American Airlines Group, Inc.",12.96,USD,-1.2947448591012942,62164390,0.934358884927014,8579130104.371668,USD,Transportation,Buy,13.634837279029925,13.91037562859083,14.008120420108563,-4.565537555228271,-1.8181818181818064,-15.67989590110604,13.318000000000003,13.182500000000001,14.023099999999994,13.847275000000026,nan,-0.536689,-163.46104397017228
CTRE,"CareTrust REIT, Inc.",36.26,USD,0.9746588693957157,4150355,1.9011508995339144,8567991309.820663,USD,Finance,Strong buy,38.208171579223816,38.772325483829604,39.03429171541526,-2.7099543869063725,-9.122807017543861,0.4849660523763258,36.674,37.77050000000001,39.306799999999974,39.052599999999956,22.853901424429598,1.537886,32.349015682349005
PRI,"Primerica, Inc.",276.8,USD,0.7571345369831042,69672,0.3694663175919145,8519170372.189866,USD,Finance,Buy,288.7702101987234,290.79727879141706,289.0073780287202,0.6911604219716385,-5.0526532432339595,7.4575876392717255,275.04799999999994,283.89200000000017,298.51060000000007,276.81299999999993,11.112181648842213,25.249165,23.365541286766344
TTEK,"Tetra Tech, Inc.",33.27,USD,-1.334519572953724,1059129,0.5348453220293227,8518598613.716193,USD,Industrial services,Strong buy,34.59146337836311,34.11236684944525,33.513434938606,-0.6569125111973689,-6.676016830294517,-1.0410469958357953,33.505999999999986,35.11774999999997,35.19850000000002,33.031849999999984,20.012030075187972,1.57707,106.08652535019216
CUBE,CubeSmart,37.815,USD,0.7593924860111819,1670050,0.61232753687953,8514510082.22382,USD,Finance,Buy,39.27209303851999,39.69158243316627,39.85381550643556,0.3849216883461535,-4.72411186696901,6.521126760563374,37.63700000000007,38.78925000000005,40.192499999999946,39.32367499999987,25.852874820537362,1.568868,-10.854461238420292
PNR,Pentair plc.,53.33,USD,0.850983358547647,1496796,0.677034960707849,8513492297.074128,USD,Producer manufacturing,Buy,58.36726351409119,61.828349613849035,66.84092035757831,0.3575461046292769,-11.7345249917246,-48.829399347534064,53.13999999999989,55.47150000000001,61.022600000000004,81.03404999999982,13.420741374537585,4.651147,8.53545285698678
NEU,NewMarket Corp,925.72,USD,0.49720997893914504,87823,0.7486697117097764,8513297434.817683,USD,Process industries,Buy,894.8725820006376,873.0904708702086,840.232319476972,3.7953961900276973,2.8714939769747114,34.37264123555712,912.2900000000011,891.8454999999985,893.8604000000017,745.5839499999992,19.92981549656613,nan,-7.931171866173245
TKR,Timken Company (The),122.75,USD,3.1599294058324277,708548,0.7600587796181599,8506186570.886209,USD,Producer manufacturing,Strong buy,122.80272505705663,124.3164215084373,123.26329222804254,4.131319986426878,2.573744463942507,44.54780970325012,118.5,118.11149999999998,124.80959999999999,114.616975,33.2944558967126,6.276849,-16.14047857337822
KNTK,Kinetik Holdings Inc.,52.345,USD,2.617133895314646,1205579,0.9682445435104439,8499735509.259753,USD,Industrial services,Strong buy,52.54840591179008,51.90024784694766,50.67658123511925,0.6634615384615363,-4.200219619326504,45.201109570041616,51.185000000000024,53.07025000000002,52.54789999999999,46.82012499999998,18.95596436590135,1.389041,281.67242570836214
OSCR,"Oscar Health, Inc.",30.91,USD,3.3779264214046876,2222604,0.42656895275303447,8452926500.541806,USD,Health services,Buy,30.928731431334914,30.109736399200724,28.283205267637875,6.512749827705033,3.0333333333333337,113.91003460207612,30.213999999999988,31.35499999999998,30.762199999999996,21.926800000000004,22.57522640958224,1.908954,nan
BRX,Brixmor Property Group Inc.,27.3697,USD,-0.7265143271672057,1996791,0.5897489196452843,8399003092.094132,USD,Finance,Strong buy,28.709660633450213,29.2390308545039,29.52981977831544,-1.2993148214929633,-6.6517735334242785,4.824588280352364,27.679940000000066,28.179984999999995,29.39319400000004,29.38724849999999,19.528861933642528,1.050069,28.22506861848125
PCVX,"Vaxcyte, Inc.",56.305,USD,0.4549509366636977,1208092,0.88218949769122,8378481322.545585,USD,Health technology,Strong buy,57.751762721340526,57.436349124453486,56.620562147518136,-1.5990912268437594,-8.640272594515661,22.85620772419813,56.84299999999998,58.35900000000006,58.53520000000001,55.137600000000205,nan,-8.206667,-83.87235260446478
SM,SM Energy Company,35.2,USD,0.39931545921277967,1263152,0.36492997177838904,8372463413.394182,USD,Energy minerals,Buy,35.08341288370398,34.15492221140936,32.726456128471156,2.32558139534885,-6.133333333333326,88.94256575415999,34.13999999999999,36.1785,34.7802,28.363999999999997,6.938831831891029,7.45308,-28.25564292583584
WAL,Western Alliance Bancorporation,76.64,USD,1.2417437252311727,527524,0.5104799919333316,8361490204.001056,USD,Finance,Strong buy,78.79602475407775,79.34325254124997,79.73349237567447,-0.2602811035918829,-1.5669149755972243,-8.9461803492931,75.95,77.93599999999996,79.68380000000005,81.07784999999997,8.634714617273936,8.982176,16.700852003786686
MP,MP Materials Corp.,46.9151,USD,1.7901931004556282,3263545,0.6299829083659978,8355654073.878931,USD,Non-energy minerals,Strong buy,50.31959369867807,51.49320604646318,52.92762227802906,-4.837525354969563,-12.642956894143927,-8.867327117327108,46.43502000000001,49.587255000000006,51.015902000000025,56.71697549999998,nan,0.024429,43.46421069639684
EAT,"Brinker International, Inc.",199.34,USD,2.578088817990012,539797,0.48417185164561943,8348610431.17779,USD,Consumer services,Strong buy,209.00836176079162,204.8059337895108,195.3172365863965,-3.774860011585245,-14.8046841610394,37.53277218159239,197.75200000000004,207.01450000000006,219.24239999999998,169.87619999999993,18.296634204994998,13.239109,31.088544236021708
TGTX,"TG Therapeutics, Inc.",54.34,USD,1.3427825438269414,971066,0.5797250093266101,8317771794.937709,USD,Health technology,Strong buy,54.68156361381236,53.24675424641791,50.50529079774638,-6.261859582542686,-3.2751868992523963,83.82949932341003,55.224000000000004,55.71125000000001,53.708600000000025,41.31619999999995,19.792387543252598,0.97331,633.6985569214324
DY,"Dycom Industries, Inc.",275.175,USD,1.9317676692843504,254572,0.4533904817776999,8299541172.534358,USD,Industrial services,Strong buy,314.6199108645699,340.09492822760774,360.3612872648359,0.3080231837567992,-4.449807284975172,-19.14702944114708,270.00899999999984,283.95225000000045,341.4899,388.46852499999994,25.048244096925124,17.052896,23.491456834532357
RHP,"Ryman Hospitality Properties, Inc. (REIT)",121.46,USD,0.4299652720357169,257538,0.5055504190051058,8285915335.39259,USD,Finance,Strong buy,123.32318174028852,123.10201933626217,120.74127283202003,-0.5485957586178676,-1.1234125691957095,28.325409403063905,121.21999999999987,121.49399999999991,125.37939999999999,110.48209999999999,29.829559408615356,4.164267,-1.0041088230288726
PRAX,"Praxis Precision Medicines, Inc.",296.63,USD,3.387821965076146,292493,0.5586903450076623,8281906333.978703,USD,Health technology,Strong buy,316.01799033799364,320.5077491639731,318.5379100106151,4.281947618210585,-17.23955136432119,2.106640046814225,288.28400000000005,308.5114999999997,333.0811999999998,316.6831,nan,-13.595501,-5.316222902154806
OSK,Oshkosh Corporation (Holding Company),133.965,USD,2.404066656474553,448720,0.5682578020205623,8270966059.327894,USD,Consumer durables,Buy,143.4298679670631,144.83981455541658,145.06515874040434,2.6473067197915965,-9.739253469882755,6.110891089108914,131.615,140.87674999999996,147.98029999999991,146.89097499999997,15.335874716670101,10.702705,-12.33214909375564
REXR,"Rexford Industrial Realty, Inc.",36.945,USD,2.5680177679067104,2150664,0.8390532596089143,8238296517.62132,USD,Finance,Buy,37.265373115815244,37.002634321605846,36.78930864226968,-2.8530107809624004,-0.39094095443516613,-4.6580645161290315,36.765,37.67125,37.41329999999993,36.675275,nan,-1.195,-234.26552621792487
GTLB,GitLab Inc.,49.44,USD,-1.021021021021031,2035110,0.5269017477667888,8237445725.703301,USD,Technology services,Buy,45.60541339305927,42.58303536583173,39.32538981515592,1.7074675992594082,-10.43478260869566,30.173775671406005,47.91199999999998,48.343250000000026,43.44650000000001,32.315675000000006,nan,0.866354,-829.7619047619047
ARE,"Alexandria Real Estate Equities, Inc.",47.22,USD,0.40399744843716295,1162694,0.6604301412170177,8227969503.273653,USD,Finance,Buy,50.41844901884236,50.55100124832784,50.718785257117794,-6.123260437375743,-8.806488991888765,-3.217872514859603,47.76800000000004,51.04049999999986,50.960199999999965,50.297349999999405,nan,1.510062,-4488.115064345193
ALV,"Autoliv, Inc.",111.94,USD,-0.9993809144777531,421073,0.6071829547581481,8198174469.764393,USD,Producer manufacturing,Strong buy,118.51348405653619,119.37609929947402,119.55558535583748,-2.380744745792277,-5.948580070576372,-7.647883837967161,112.79400000000003,116.96550000000022,120.17320000000004,119.00704999999992,13.181352519341049,10.113146,-7.086433260393877
BAH,Booz Allen Hamilton Holding Corporation,68.1,USD,-3.3631332481907257,1606129,0.948077225372027,8191406812.720305,USD,Commercial services,Buy,72.9349332105816,73.17168515074255,74.13442216644653,-7.372143634385205,-8.871938980329197,-19.15954415954416,69.59000000000017,74.313,74.47299999999998,77.79405000000001,10.693927545107645,6.357965,-21.793753914549225
ADC,Agree Realty Corporation,65.855,USD,1.268645240658162,759170,0.47466375821503365,8190999346.325312,USD,Finance,Strong buy,70.30438845835484,71.96747056640372,73.27902018888028,-1.811540181899492,-9.539835164835155,-8.686910704381585,66.52900000000002,68.78174999999996,72.76030000000007,75.07392499999997,35.47457444516268,1.897618,10.717480765789942
WLK,Westlake Corporation,64.075,USD,2.569233231951343,763215,0.8489604276754326,8188563904.837923,USD,Process industries,Buy,70.82108331129335,73.84218099741689,77.6719926932132,-3.559602649006615,-12.94157608695651,-14.074024406597816,63.81700000000012,68.57874999999997,73.12130000000008,88.26403999999985,nan,2.608847,-1710.041525103813
COLB,"Columbia Banking System, Inc.",28.925,USD,0.6787330316742091,1495014,0.6010969937511024,8182948397.251131,USD,Finance,Buy,30.095733368020014,30.3410705022146,30.306854371948507,-1.715936119605841,-1.7493206521739149,3.119429590017825,28.800999999999977,29.591500000000025,30.50059999999999,29.815174999999986,11.541377384087463,3.029774,-0.5002382086707934
ZETA,Zeta Global Holdings Corp.,32.55,USD,0.4629629629629586,3928162,0.6898192877951732,8170492864.851851,USD,Technology services,Strong buy,29.48980382230385,27.746788005432208,25.654666940577574,10.714285714285712,5.203619909502249,58.471275559883146,30.893999999999995,30.568,28.4386,21.265300000000007,nan,0.970637,92.81997918834547
FR,"First Industrial Realty Trust, Inc.",59.615,USD,1.2655002547987169,463394,0.43818122744528903,8169099772.858589,USD,Finance,Strong buy,61.66841708951852,62.15717751369904,62.17642866842699,-2.430441898527004,-4.889917038927884,4.258481986708643,60.08699999999999,61.14825,62.63029999999995,61.432175000000015,21.70817857402957,2.545086,34.28194220331523
PB,"Prosperity Bancshares, Inc.",67.53,USD,1.092814371257491,419746,0.3250088715297956,8115537856.350898,USD,Finance,Buy,70.30602481030967,70.88610340046196,70.97753465526729,0,-4.9274954244685345,-2.413294797687864,66.95399999999997,69.39299999999992,71.8422,70.59355000000005,11.70019231768803,5.813623,5.186710648612203
RAL,Ralliant Corporation,73.33,USD,3.5734463276836173,744211,0.7491570094923695,8113232064.838276,USD,Electronic technology,Buy,68.46935285921771,67.06700744245713,64.56618147834452,4.8020580248678,19.410519459371443,42.55443234836703,70.64799999999995,68.08599999999997,67.0678,56.72944999999998,nan,2.859849,nan
SYRE,"Spyre Therapeutics, Inc.",91.6,USD,1.8569998888023878,497790,0.40973486378717217,8076717092.534191,USD,Health technology,Strong buy,91.68840857548655,90.91996746490403,86.22128096531965,3.9727582292849037,4.031800113571831,179.6092796092796,88.21400000000003,89.39400000000009,95.94480000000009,67.6173,nan,-2.734959,28.51287096245286
KTOS,"Kratos Defense & Security Solutions, Inc.",42.96,USD,0.3269500233535744,3205895,0.7416128039040739,8064508224.835123,USD,Electronic technology,Strong buy,48.217249685912314,50.47363756141474,54.08245251677951,-8.537364275069189,-12.682926829268297,-43.87981711299803,43.11800000000002,46.21449999999993,51.16079999999999,68.94612499999994,247.03852788959173,0.83232,86.58798283261801
CTVA,"Corteva, Inc.",11.995,USD,-4.574383452665084,58704945,3.3917067772021117,8003015632.571996,USD,Process industries,Strong buy,66.19961151011547,71.75630659919452,74.82609422783213,-84.81068760288716,-86.41101166874363,-82.09701492537313,51.56499999999998,74.57825000000005,78.86069999999998,78.15012499999993,7.930054211291815,0.564749,-26.404904393519196
SNEX,StoneX Group Inc.,66.165,USD,1.1697247706422025,680817,0.7123868507218492,7980606614.240367,USD,Finance,Buy,68.5327353839091,69.7001070790038,69.51430914535607,-6.122304199772982,-3.6338479464025495,56.39371316778257,65.47099999999996,67.61825000000002,68.95039999999992,64.43813953179999,17.1451892928403,4.365,47.982974154459704
CAI,"Caris Life Sciences, Inc.",28.23,USD,-0.42328042328042675,2134850,0.5074218813692161,7977662160.4264555,USD,Health technology,Strong buy,26.57757261328934,24.696050710017207,23.166937414541543,-13.537519142419598,12.335853561480308,4.1697416974169705,30.10200000000001,28.72449999999999,24.450800000000008,21.213075000000032,75.825946817083,0.119367,nan
UGI,UGI Corporation,37.165,USD,2.213971397139713,1302131,0.7646307533850004,7971705493.406491,USD,Distribution services,Strong buy,37.059497423114415,36.808286278117286,36.56636058649783,2.807745504840942,-3.216145833333332,-0.3084763948497907,36.31699999999993,37.27174999999998,36.96729999999998,36.65757500000002,12.40363114507893,2.806,57.932742989668995
AGCO,AGCO Corporation,113.67,USD,1.6635363563187546,464125,0.5304359672214858,7960505781.974779,USD,Producer manufacturing,Buy,116.44488383072994,115.743789279019,115.3442813903422,-2.1688613477924057,-7.6829367335336585,8.41201716738198,114.69599999999987,120.39499999999984,113.62340000000013,116.40229999999995,15.731783267593938,5.632032,443.1481620687063
ZWS,Zurn Elkay Water Solutions Corporation,47.92,USD,1.5254237288135568,430367,0.6134408875733488,7948207319.70678,USD,Producer manufacturing,Buy,47.632835273756974,47.96960536953484,48.139447273177765,3.0316061062137254,2.4150459499893193,3.0316061062137254,47.02199999999996,46.57399999999998,48.51039999999993,48.29112499999994,29.42404519218961,1.830509,60.9129532654876
CBSH,"Commerce Bancshares, Inc.",55.26,USD,0.7842422031734446,362475,0.4030751024631977,7926062237.169434,USD,Finance,Buy,57.15177146131134,57.12960477142989,56.553192974639316,-1.1979259789022023,-3.442250567883975,5.53857906799083,55.20800000000004,56.81525000000013,58.130300000000055,54.22690000000003,13.546773877230828,4.235836,3.34937927539904
GAP,"Gap, Inc. (The)",22.555,USD,-0.7699076110866727,2648600,0.4501801612982974,7922897195.799384,USD,Retail trade,Buy,21.59016751300545,21.498619352422246,21.751400916155795,3.701149425287355,2.662721893491128,-12.509697439875877,22.922999999999956,21.68175000000002,21.081299999999985,23.514524999999978,6.738467973231358,2.407586,43.84185646755479
CNM,"Core & Main, Inc.",41.57,USD,0.45915901401642756,757742,0.378280107557989,7918837665.532142,USD,Distribution services,Buy,43.035035532314176,43.970528801569984,45.304674853981474,-0.12013455069677358,-1.0002381519409422,-20.318190530956493,41.69599999999998,42.161999999999985,43.65819999999995,49.20279999999999,17.166336306574166,3.109741,7.808743655952285
LINE,"Lineage, Inc.",34.67,USD,2.0606417427141683,485795,0.4617733209571486,7894706745.100971,USD,Finance,Buy,37.777275156440304,38.79117791507695,39.323583674661585,-3.6944444444444398,-12.515770880645977,-0.6020642201834886,34.6520000000001,36.77475,39.45270000000001,38.745399999999954,nan,-0.713164,72.1732745961821
WYNN,"Wynn Resorts, Limited",76.44,USD,-1.1125485122897794,1249758,0.5017311470534369,7871324631.204141,USD,Consumer services,Strong buy,86.88472593962852,90.70522570908925,94.56627386032069,-5.48961424332344,-15.759312320916903,-36.34243837441706,78.38299999999997,83.69750000000019,92.76260000000002,103.11904999999993,18.30854350793993,4.622215,23.166558499026475
HNGE,"Hinge Health, Inc.",97.36,USD,-0.592199305697364,595856,0.422525543445272,7856408858.640801,USD,Technology services,Strong buy,91.45371041242257,87.04693197449313,80.34259342259223,5.895149010224062,7.520706791827722,109.64685615848407,96.03999999999999,93.61899999999996,88.50720000000001,61.155674999999995,74.97304789773602,2.318917,nan
NNN,"NNN REIT, Inc.",40.855,USD,1.6293532338308307,2420883,1.002538437363353,7841357976.085696,USD,Finance,Buy,43.25978417533524,44.106191379467816,44.51011357342409,-0.7168894289185946,-10.030830213609338,3.4042014679827863,40.97699999999994,42.233749999999965,44.842099999999846,44.20822499999995,20.128590432083556,2.056227,-3.513025289979087
HESM,Hess Midstream LP,37.845,USD,-0.5387647831800219,816426,0.5500175664518833,7802819909.873457,USD,Energy minerals,Buy,39.123435024900616,39.204560155278614,39.04779166761808,-1.0588235294117676,-5.787901418969387,9.441873915558128,37.875000000000014,39.240750000000006,39.69730000000005,38.17147499999998,13.051800248310112,2.956451,7.6317743132887905
BOKF,BOK Financial Corporation,127.7425,USD,1.0301328693451512,113661,0.46564991513414455,7762511860.868021,USD,Finance,Buy,134.21878984430765,135.27761667131227,134.85306681855502,-2.923854396230714,-4.455871353777099,7.391761244220264,127.95849999999999,132.283875,137.75474999999997,132.38991250000018,12.01988219353382,10.581271,27.078799473873012
KMX,CarMax Inc,54.62,USD,-2.272320629808558,1639986,0.3529249681138177,7752916201.183754,USD,Retail trade,Buy,57.89452662732858,56.9944899232921,54.90529043782953,-3.7533039647577136,-10.179246834402244,40.88212535465565,56.28000000000001,58.45300000000001,59.28519999999999,48.19064999999996,26.743047395221303,3.150067,-40.014097744360896
LNC,Lincoln National Corporation,40.365,USD,1.5982884470173802,996290,0.6114987344249009,7727771867.720993,USD,Finance,Buy,42.26532893126136,41.92773639358051,41.147705940984444,-3.409906676238328,-6.193353474320239,-9.37359676695105,40.43100000000004,42.15774999999998,43.33730000000001,39.41732500000001,3.491057219954335,7.949353,101.7413152338911
PCOR,"Procore Technologies, Inc.",50.84,USD,-1.5873015873015741,809248,0.31182162733876917,7725409336.603176,USD,Technology services,Strong buy,53.02237416908062,52.928639843331304,53.04033449468216,4.265791632485655,-15.068493150684924,-30.346622825044516,50.56400000000008,52.21500000000003,55.589,54.842450000000014,nan,1.681043,72.92211186617877
AOS,A.O. Smith Corporation,56.81,USD,0.24704429151226498,563238,0.391309404395292,7720965595.143108,USD,Producer manufacturing,Buy,58.80968024043383,59.49947715744437,60.49946897722207,-1.8147251987556121,-3.351480095270498,-15.284819564569043,57.25000000000004,57.602999999999895,60.15039999999993,64.36050000000002,15.83818896540188,3.73225,0.04183633625258149
PCTY,Paylocity Holding Corporation,145.33,USD,-0.8663028649385961,306675,0.4641154429561373,7710769025.807777,USD,Technology services,Strong buy,143.9453609066481,140.05172378784144,135.2682975162632,1.204735376044581,-6.552211934156377,-4.230642504118608,143.882,144.74900000000008,146.49070000000003,125.0761249999999,29.401768192761338,8.838292,23.061793556739516
IDA,"IDACORP, Inc.",132.92,USD,0.8038829061125238,479450,0.7460780910111012,7688364634.806914,USD,Utilities,Strong buy,135.1853471537534,137.4162802878679,138.9578357869861,4.488640830123413,-2.451196242477619,5.1499090261846305,131.08800000000014,132.36650000000003,137.49099999999987,139.81089999999992,21.99060287207994,6.377243,6.241541138628657
ACM,AECOM,59.645,USD,0.07550335570470085,694434,0.4431017903779389,7676098156.039682,USD,Industrial services,Strong buy,63.78222439618861,65.9848971182466,69.6845407526296,2.061943874058873,-9.491654021244312,-37.648965084674884,59.29299999999986,62.12774999999999,65.89510000000004,79.91047499999985,21.77699076271496,3.978942,-44.29846860954627
THG,Hanover Insurance Group Inc,220.425,USD,1.6064349589748381,142784,0.5223064094689985,7675247288.3618765,USD,Finance,Buy,222.45384710164092,219.87770569250668,214.076441975255,1.2563737424778418,-3.199244653287074,21.219203695556537,217.40299999999988,223.0222500000002,224.88549999999995,195.2864249999999,10.514954920574345,20.319711,37.99164006187672
WULF,TeraWulf Inc.,15.35,USD,2.951039570757877,22773163,0.9224071424301425,7659169296.887995,USD,Technology services,Strong buy,16.57212430682227,17.371485927227848,17.939529090349243,-6.116207951070346,6.191629194050498,31.140538231524985,15.053999999999998,16.082000000000004,16.4259,18.064750000000007,nan,-3.11104,-1179.5811518324608
ATR,"AptarGroup, Inc.",120.44,USD,-0.35575411599239415,162806,0.412202569335082,7657711129.698023,USD,Process industries,Strong buy,125.797236095795,126.55717136000457,126.74083917815469,-2.682611506140924,-8.250171402452969,-1.0678495153606022,122.04199999999996,123.85199999999995,129.75379999999998,126.78765000000003,21.76089038249589,5.51,-4.529694857951115
MGM,MGM Resorts International,30.43,USD,-0.13127666557269166,2639315,0.38468311964591456,7655966994.51001,USD,Consumer services,Buy,37.57420560763501,39.44305711744763,40.31199142316552,-10.473668726095916,-25.63538611925709,-16.92601692601693,31.06600000000002,36.694000000000024,40.983799999999995,39.74874999999997,18.416752405737455,1.871005,-8.95917130420408
MHK,"Mohawk Industries, Inc.",126.61,USD,1.190856777493602,656346,0.5995116373193268,7652073666.557625,USD,Producer manufacturing,Buy,127.06639944338568,125.18323402620237,122.18158246964214,5.693296602387505,1.3163685832032936,15.59390121427919,125.14400000000008,125.56949999999999,128.4533999999999,115.20385000000007,16.7855438298775,9.830326,0.2445377704534548
CAMT,Camtek Ltd.,163.72,USD,6.456856752714746,335264,1.0085138781056193,7640513236.005722,USD,Electronic technology,Strong buy,151.65452061077173,152.41762438487808,153.47282673617715,11.639959086259797,25.513646120821836,48.0958842152872,153.6379999999999,147.12199999999999,147.5305000000002,155.689575,271.01473266015563,3.612417,-77.69531826908876
CBC,"Central Bancompany, Inc.",31.88,USD,1.0779961953075454,293545,0.22828394044312336,7635424155.719721,USD,Finance,Buy,32.05329888453317,31.659577154150252,30.73810749997716,-0.8398133748055975,0.949968334388856,32.944120100083396,31.636000000000003,31.91349999999997,32.3289,27.70265,17.498216147977384,1.908,nan
CDP,COPT Defense Properties,33.675,USD,1.217312894499531,355558,0.3746980642282632,7614386408.433271,USD,Finance,Strong buy,34.99319611316253,35.1908910904936,34.86882918128047,-0.634405429330196,-5.9882747068676805,21.22030237580992,33.67700000000005,34.40775000000002,36.03190000000001,33.10637499999999,23.46526374468678,1.44545,13.008898338451846
LEVI,Levi Strauss & Co,19.74,USD,-0.9036144578313415,1805695,0.7368447426653304,7596950122.578313,USD,Consumer non-durables,Strong buy,20.783771899931377,21.385199880650713,21.74972352139982,-0.05063291139241298,-3.848027277155395,-5.187319884726233,19.783999999999992,19.989500000000003,21.67140000000002,21.77669999999997,16.153846153846153,1.538955,20.72712902588421
KNSL,"Kinsale Capital Group, Inc.",332.24,USD,-0.6845424924520862,133853,0.6021388608606817,7567903966.443668,USD,Finance,Buy,350.9732067748598,351.80375209640886,351.8874263616833,-2.40578092412537,-11.103976026114411,-15.028132992327363,327.53800000000035,349.5539999999999,364.02699999999976,355.1909399999997,13.46611381995193,21.262069,28.788653874261378
APLD,Applied Digital Corporation,25.23,USD,4.428807947019869,22365553,1.4221212501182687,7546150663.53477,USD,Technology services,Strong buy,27.158401418030202,28.468773122925533,29.751949402236214,-7.310800881704623,5.103103520099985,-0.3160806005531343,24.739999999999995,26.094000000000015,27.215299999999992,32.11115,nan,-0.980422,18.887368901048795
CHRD,Chord Energy Corporation,137.21,USD,0.26306174643771546,287458,0.4392730504582249,7505095373.855975,USD,Energy minerals,Strong buy,140.55087566837952,138.9646769657666,135.80583115398582,0.22644265887509296,-8.17774208659573,48.20695614603587,135.53800000000004,143.0175,141.51010000000005,125.55220000000003,9.198106883329313,20.636999,281.93409632076197
EMN,Eastman Chemical Company,65.41,USD,2.1233411397345816,688002,0.581466027100971,7481427301.593286,USD,Process industries,Buy,68.43026220337339,69.38652456948007,70.08678311284527,-1.55027092113185,-7.193530079455175,1.868867777604739,65.30400000000004,66.74650000000004,70.0006,71.10447500000004,17.039622788965016,6.345916,-46.07052542849115
HQY,"HealthEquity, Inc.",90.205,USD,0.9343180038044016,489591,0.51411754291401,7461333314.519526,USD,Finance,Strong buy,94.16943147013028,94.44138587549725,93.48294019253937,1.9150378488306328,-7.60524428966506,-1.6517662450937642,88.74500000000009,92.4167499999999,98.27109999999992,88.69852499999999,32.5790956370991,4.72375,67.61305163750833
SFD,"Smithfield Foods, Inc.",18.885,USD,1.641550053821331,819604,0.469230245165309,7436297800.288484,USD,Consumer non-durables,Strong buy,20.84780368042758,21.93388840182788,22.91307416356713,-0.6052631578947286,-13.963553530751698,-15.503355704697986,18.86699999999999,19.801749999999974,22.20669999999997,24.429499999999997,7.031424529004394,2.217618,15.982208403506492
SLAB,"Silicon Laboratories, Inc.",222.485,USD,-0.011235450092120474,109752,0.3959598758350182,7423603472.014225,USD,Electronic technology,Buy,220.3807852261853,219.22261682690305,215.64094335852187,0.5354722096701321,1.5913242009132482,67.50865833458818,221.75499999999994,220.72624999999988,219.34429999999998,202.60489999999993,nan,2.907218,63.222884090345
ALGM,"Allegro MicroSystems, Inc.",39.5,USD,8.576140736668492,4350139,1.5262051934506768,7362881343.073116,USD,Electronic technology,Strong buy,38.59468892821737,40.15292571251576,41.077608122168634,11.977321048901493,10.737314269694416,46.2962962962963,37.15399999999998,35.581,38.498099999999994,40.26912499999998,525.965379494008,1.027842,nan
DBX,"Dropbox, Inc.",33.795,USD,-0.8362676056337929,1385766,0.2707160752621657,7348473684.419895,USD,Technology services,Buy,33.911502383101364,33.033662886533165,31.71079954428075,3.4751990202082217,-0.7488986784140836,22.268451519536907,33.269000000000005,34.803250000000006,34.31630000000004,28.197325000000063,18.76770144943633,3.058993,10.168247170388492
KEX,Kirby Corporation,138.76,USD,3.9712273340326556,261535,0.5522191064200235,7326528263.047204,USD,Transportation,Strong buy,137.18894461275167,137.67371766363388,137.15697366603942,7.249961354150561,-1.090598046902845,25.34778681120143,133.4,135.54049999999992,136.81359999999992,134.60369999999992,21.317847321442287,7.122245,23.236396682949007
CHWY,"Chewy, Inc.",18.215,USD,2.793453724604972,5471544,0.5565223858426808,7321104563.732788,USD,Retail trade,Strong buy,20.456268276346382,21.042029153895,21.909658251974168,-0.4644808743169445,-21.55469422911283,-44.73604368932039,18.200999999999986,20.024250000000016,21.921299999999974,24.491999999999997,27.851681957186543,0.781043,84.5372460496614
RIOT,"Riot Platforms, Inc.",19.47,USD,-0.7139214686384527,13293114,0.7974643813695969,7306291821.532381,USD,Technology services,Strong buy,21.324559705587312,21.351106396053925,21.08480748164053,-17.254568635784114,10.311614730878189,49.65411222136817,20.448,21.885,20.916900000000005,19.336950000000005,nan,-2.620023,-701.7460659624919
PLXS,Plexus Corp.,273.97,USD,1.369001369001386,123109,0.5716778703003713,7301875433.551376,USD,Electronic technology,Strong buy,258.88482227297084,257.83415711352484,253.24319282712452,3.050477695027463,14.492874754482026,86.08299938871157,267.256,254.99699999999999,254.13200000000003,231.74250000000012,40.415707794889954,8.691433,15.340638399237735
MSM,"MSC Industrial Direct Company, Inc.",130.74,USD,1.7431906614786064,441156,0.6044904748313267,7301345029.008094,USD,Distribution services,Buy,123.30535174561884,121.45185925425494,117.83543314174204,8.291228360805105,10.975299210593334,57.215007215007226,125.92999999999984,122.18599999999999,121.90939999999982,105.32915000000004,31.637023593466424,4.638391,16.559485530546635
NTSK,"Netskope, Inc.",17.855,USD,0.028011204481787143,3571707,0.6077504441391792,7295333960.661625,USD,Technology services,Strong buy,15.982714093564303,15.025304450913668,14.268160680140426,-2.9619565217391206,28.084648493543767,0.5915492957746503,17.65300000000001,16.951750000000015,15.24210000000002,12.788575000000002,nan,-0.148729,-124.09391932570739
VSXY,Victorias Secret & Co.,91.27,USD,3.1182917184498824,628052,0.5023727950219938,7280063931.41871,USD,Retail trade,Buy,83.54448168337416,81.70077991294292,77.58264209798779,9.305389221556881,8.641828353767398,66.12668365489625,89.15199999999997,80.82750000000001,85.35879999999997,66.43015,20.623658343689975,4.706729,147.6358345923564
NFG,National Fuel Gas Company,76.59,USD,0.4327301337529481,652900,0.7450283422292083,7279504794.522818,USD,Energy minerals,Buy,80.04406400211361,80.57983389324478,81.25315364217649,-2.5572519083969354,-8.428981348637013,-4.298388104460824,76.72200000000004,79.83400000000005,81.26879999999994,83.49335,10.654517632329416,7.272,169.00048647232722
ACA,"Arcosa, Inc.",146.78,USD,0.19112627986348202,183054,0.2544449045341633,7207897235.157816,USD,Non-energy minerals,Buy,145.4154442486182,143.41803724163478,139.2344389031729,0.05453306066803852,0.9491059147180161,37.34443716665107,146.39200000000014,145.89449999999997,145.47179999999997,127.18403999999992,54.92030232732171,4.28,42.46268656716419
IONS,"Ionis Pharmaceuticals, Inc.",43.36,USD,-1.4545454545454557,1098313,0.28860713245601977,7205752383.243635,USD,Health technology,Strong buy,50.92749904511529,54.86337024553933,59.2302708191787,-2.000226014238893,-28.033195020746888,-45.718577866800196,44.69400000000006,48.08799999999998,53.90319999999996,70.38717500000006,nan,-3.600144,-87.54657881946319
COMP,"Compass, Inc.",9.365,USD,2.686403508771941,17193134,0.9680108819046964,7188992054.832237,USD,Finance,Strong buy,10.343691719625536,10.496199362473693,10.39556886575318,0.1604278074866371,-9.604247104247097,-11.81732580037664,9.095000000000004,9.909749999999997,11.076700000000002,10.092924999999997,175.70356472795498,0.163805,nan
POWL,"Powell Industries, Inc.",196.775,USD,3.2397691500524717,392357,0.9069430819287744,7169017967.551024,USD,Producer manufacturing,Buy,195.9633451838111,204.63769624507464,210.44334248071704,1.9559585492228009,14.171743545111697,82.19925627333035,189.50700000000003,184.22825000000006,194.00209999999998,207.65433390585002,37.68697450826422,5.384617,8.781615900662528
SSD,"Simpson Manufacturing Company, Inc.",174.45,USD,1.0776985920389277,122141,0.46784519483941944,7149777970.606638,USD,Producer manufacturing,Strong buy,179.26647360482536,182.1238354558623,183.78983289828525,0.10903248020199571,-1.718309859154936,7.353846153846147,173.33999999999992,174.26049999999964,183.71200000000002,184.55870000000033,19.05224760823031,9.222,16.600448247758752
APPF,"AppFolio, Inc.",201.77,USD,-1.2093615354484915,235390,0.9511863867080401,7146162535.661427,USD,Technology services,Strong buy,205.56169105966003,200.33495503423632,194.8583843215625,-0.39492521103815126,-9.601254480286729,-13.194802959903626,200.05199999999996,208.92849999999967,206.44010000000006,185.73354999999995,45.99689964893084,6.9,-20.83378451543044
ESE,ESCO Technologies Inc.,275.78,USD,2.171013633669219,92636,0.41508066059104054,7144788926.733697,USD,Electronic technology,Strong buy,279.8036941359325,286.56863342733567,289.2629650850962,2.6463691517474808,2.7572844474252842,41.50546462106829,268.5080000000001,266.6194999999998,285.77340000000027,282.6279500000004,50.304622231950674,8.357803,23.50635306839687
AVAV,"AeroVironment, Inc.",140.22,USD,-0.06414368184734047,954750,0.7842043703530911,7126078653.935857,USD,Electronic technology,Strong buy,152.6231424454842,157.36258227212187,166.74390144824878,-11.8999748680573,-2.6925746009715446,-43.56208492654457,142.64399999999998,150.74925000000005,158.08669999999995,201.2419249999999,nan,3.279947,-538.0373831775701
FSS,Federal Signal Corporation,116.705,USD,4.042970491218683,284884,0.7246771647734717,7123861062.068378,USD,Consumer durables,Strong buy,117.26636716423788,117.79221715069777,117.55495627883725,3.0234816384180765,2.3548500263111753,6.853140450466947,113.787,114.61475,119.31670000000005,115.62072500000002,25.138395261173937,5.231016,29.12691569549134
ENS,EnerSys,196.62,USD,3.708001476871144,298006,0.6090712177949859,7091144145.668864,USD,Producer manufacturing,Strong buy,187.73127061198167,190.7249212029246,192.08959993253282,11.116134501271555,6.818058347367856,33.982964224872234,185.964,179.46750000000014,185.31019999999978,189.5988499999999,21.033151121618296,13.368333,6.6404289299566575
VLY,Valley National Bancorp,12.825,USD,1.223362273086025,4051246,0.49922948220255153,7087162048.330702,USD,Finance,Strong buy,13.601139415561779,13.767754338182346,13.735251411274023,-1.5732924021488879,-4.929577464788738,9.615384615384617,12.723000000000006,13.341999999999999,13.957399999999996,13.328775,10.827353313634443,1.273251,51.664532650448145
PRMB,Primo Brands Corporation,19.575,USD,2.755905511811016,1318277,0.41026134972208145,7085048144.3149605,USD,Consumer non-durables,Strong buy,21.130137270089598,21.719441887755956,21.96856534741488,1.2150982419855194,-15.0390625,19.944852941176464,19.283000000000012,20.29524999999999,22.091699999999996,21.13897500000001,71.59839063643014,1.326,nan
VFS,VinFast Auto Ltd.,3.025,USD,-1.1437908496732072,515337,1.2783071497211143,7077095930.433007,USD,Consumer durables,Strong buy,3.1370222342560883,3.1685834311066556,3.227062246190145,-3.6624203821656116,-3.044871794871801,-9.431137724550897,3.1010000000000026,3.145999999999998,3.1305000000000023,3.3811999999999993,nan,-1.33,-29.11998820754717
NPO,Enpro Inc.,333.86,USD,5.681998037415716,138296,0.927283577285924,7067041973.682378,USD,Producer manufacturing,Strong buy,314.4330929409622,314.93416466935724,311.1261136366493,6.470644513186855,15.742763043855097,56.235668491740384,314.2379999999997,301.18099999999987,311.89419999999996,289.0478499999999,162.84264949761,9.588732,-48.68085106382979
TRNO,Terreno Realty Corporation,64.85,USD,1.3597999374804588,436527,0.5489079419488736,7066724813.517505,USD,Finance,Buy,66.33869854822679,66.7502320358153,66.63974687467281,-2.3343373493976074,-2.7298635068246697,10.401770514130051,65.24,65.63550000000001,67.64939999999999,65.29685000000002,17.46848399956901,2.11,47.77485868959479
CMC,Commercial Metals Company,63.835,USD,1.7777423469387785,482434,0.4837189995222308,7061704641.308035,USD,Non-energy minerals,Strong buy,66.57307913482349,67.36123927734806,67.87688518198988,-0.6768321145168744,-5.7090103397341245,-8.937232524964328,63.03899999999999,65.50974999999994,68.08089999999999,69.86587500000007,12.030719939690917,6.382932,1609.9581050596196
GTES,Gates Industrial Corporation Ltd.,27.76,USD,4.7547169811320815,1020137,0.68332661150818,7027476446.726039,USD,Producer manufacturing,Strong buy,26.70936403937939,26.62020412034877,26.372120118503194,5.471124620060794,11.62042621632489,28.518518518518515,26.753999999999998,26.10949999999998,26.617399999999996,25.357349999999975,19.660056657223798,1.676276,81.51433346188455
MSA,MSA Safety Incorporated,182.115,USD,1.7231748868904697,103987,0.47082341009318035,7025685058.846954,USD,Electronic technology,Buy,183.12506596921213,181.9261462038206,179.8812930996684,-0.08503867888297642,-2.7942353883106406,13.658490919303514,180.38100000000017,181.44574999999975,185.36730000000045,176.51362499999948,22.648865784499055,9.099577,14.6474656020532
ALKS,Alkermes plc,41.87,USD,3.280710409472122,1193690,0.4733579374189947,7024247849.675136,USD,Health technology,Strong buy,44.61950263643788,45.19918871087611,44.33027739834364,2.271617000488519,-12.222222222222234,49.482327740092806,40.77599999999998,43.61099999999998,46.952999999999996,39.09254999999999,108.75324675324674,-0.528458,-81.51881720430107
VCTR,"Victory Capital Holdings, Inc. Class A Common Stock",114.025,USD,2.0449257204224187,322298,0.5982630402383118,7013628708.229149,USD,Finance,Buy,109.80145781437403,106.31432444340899,100.54591012835937,5.882626056272642,0.4448555320648429,80.02052415535206,111.27299999999995,108.98325,109.98899999999998,84.71024999999997,20.89479760312254,8.052,34.7132735935224
STAG,"Stag Industrial, Inc.",36.21,USD,1.3717805151175868,935614,0.5051802609652201,6981590025.055432,USD,Finance,Buy,37.18241238292288,37.50853728710458,37.75569574625288,-3.052208835341367,-4.003181336161182,-1.2813522355507057,36.32800000000009,37.00550000000001,37.37240000000001,37.997700000000044,27.770534550195567,1.097368,3.189300411522634
SARO,"StandardAero, Inc.",21.095,USD,-0.354274917335866,2032381,0.5170446333717575,6980745476.392536,USD,Transportation,Strong buy,23.829451388736537,24.810556338402765,25.647050204375613,-4.5043005885015885,-14.143264143264147,-26.778896216591463,21.516999999999996,22.838749999999983,25.504899999999992,27.45642499999999,21.716079884702488,1.54358,144.62352052379754
AXS,Axis Capital Holdings Limited,95.15,USD,-0.3769238823159873,597285,0.9006444904219112,6942745869.825673,USD,Finance,Strong buy,98.75609566901288,100.34698516148401,101.3519674129416,-0.031519226728305455,-5.47387244188356,-10.833099053509502,94.90999999999995,97.39249999999996,100.70839999999986,102.57825000000021,6.757284587141631,12.274135,35.40560812370181
NCLH,Norwegian Cruise Line Holdings Ltd.,15.105,USD,3.17622950819672,22937593,1.0088281683790916,6936032420.598361,USD,Consumer services,Buy,15.803494052237827,16.58221912840467,17.420112389139433,4.677754677754683,-3.358925143953937,-32.92628774422735,14.702999999999964,14.609750000000016,16.78029999999996,19.440274999999996,9.545626895854399,1.537531,13.899085870582311
AWI,Armstrong World Industries Inc,164.01,USD,0.8175559380378559,154565,0.5357642990643838,6931525617.731927,USD,Producer manufacturing,Strong buy,166.5302688855958,167.11546338008992,167.84953927403726,1.1221406991799698,-2.969887002307289,-14.09490886235072,163.29200000000006,163.31850000000037,171.7924,172.2592999999997,22.46866223713953,8.435449,8.054297302898426
AXTA,Axalta Coating Systems Ltd.,32.35,USD,1.5698587127158554,1889245,0.9052430686491586,6923547221.422294,USD,Process industries,Buy,33.846145842763576,33.91675059202558,33.51237409291167,-0.9188361408881996,-8.6931978549252,-0.736422215403504,32.336000000000006,33.15850000000001,35.0274,32.164449999999995,19.930996241759598,2.643149,-20.225105671876545
TAP,Molson Coors Beverage Company,36.865,USD,-0.6601994071678724,1677264,0.5110413722052425,6913992843.918891,USD,Consumer non-durables,Buy,38.73217979100596,39.58719067718549,40.57211134162876,2.0625692137320173,-7.883558220889557,-21.580514784088482,36.544999999999995,37.767249999999926,40.18749999999978,43.25587499999997,nan,4.70741,-327.2976113113172
AUGO,Aura Minerals Inc.,82.5,USD,4.629042485732411,499583,0.537685259377927,6912611369.847813,USD,Non-energy minerals,Strong buy,81.6219004038393,78.78559317793507,75.855488753042,-1.3747758517633062,-0.6024096385542169,61.33763567028454,79.422,84.73149999999998,78.33550000000001,72.76974999999997,23.408903895809097,7.007259,nan
MATX,"Matson, Inc.",230.92,USD,2.4035476718403492,112672,0.40547451047568184,6905306438.413126,USD,Transportation,Strong buy,224.59147201591668,218.64192085012326,208.7639599170407,2.859688195991086,5.140463506806898,86.07574536663981,225.18800000000016,228.5625,219.81239999999994,182.55620000000016,15.439131364997861,16.241737,1.1325755782897002
AAON,"AAON, Inc.",83.695,USD,1.7197374817695577,394403,0.32614372707336203,6900957615.242403,USD,Producer manufacturing,Strong buy,85.39653981599263,89.79048729316962,94.21777028454399,-1.2448377581121024,11.608214428590477,7.563295206271675,83.8359999999999,80.06625000000018,83.27590000000009,97.81732500000011,43.78040487524193,2.352368,30.331333515134972
IMVT,"Immunovant, Inc.",33.375,USD,-0.8172362555720613,429410,0.25677984051317454,6893696295.05572,USD,Health technology,Strong buy,36.73379974279309,36.970469618691176,35.939426722738226,-1.838235294117647,-16.874221668742216,30.47302580140736,33.551,36.11925000000001,39.16290000000003,31.738600000000005,nan,-2.936084,1.2756536407084698
MORN,"Morningstar, Inc.",183.71,USD,-3.9223889963914025,90596,0.3700327244269958,6891617980.536949,USD,Commercial services,Strong buy,195.58287315106412,193.50271212700466,191.02380675245357,-6.1459078369265345,-11.906588664045259,-14.99236499930591,188.5740000000001,196.85924999999983,201.4599999999998,186.23122499999977,17.41640674623866,12.315837,12.230544974783475
URBN,"Urban Outfitters, Inc.",80.305,USD,1.9487114383648734,638583,0.6882914052900472,6878940392.370383,USD,Retail trade,Buy,77.32022509801537,76.38409510190449,75.12998248517404,7.073333333333342,1.858193810248609,6.660911143578165,77.30700000000004,76.6862500000001,76.8549000000001,72.26397499999999,12.53003588703386,6.358143,25.425652667423382
PATH,"UiPath, Inc.",13.08,USD,-1.8018018018018036,15160294,0.3582288243847965,6816716283.990992,USD,Technology services,Buy,13.752877266938482,13.5947601494865,13.246954090578539,3.809523809523813,-28.09235843870259,-20.727272727272727,12.750000000000005,13.4375,14.59099999999999,12.67815,19.46138967415563,0.786722,1782.6330532212885
LAD,"Lithia Motors, Inc.",309.345,USD,1.0700166628549137,293662,0.9279185424137661,6800367228.113651,USD,Retail trade,Strong buy,336.5063573258974,336.8543126531373,330.95410476176374,-0.30455380450546043,-16.467744984203268,-7.403915229885044,299.91499999999985,329.59224999999975,355.90850000000006,312.03047500000025,10.248268185296721,36.171173,-10.572470573596386
SSRM,SSR Mining Inc.,33.2914,USD,-0.38479952124475975,1272337,0.5791986114568918,6788426264.269642,USD,Non-energy minerals,Strong buy,34.53551879274545,33.59176654646254,32.29258084152412,-6.981279687063415,-9.950229916148217,48.35739750445633,33.56228,35.62032000000001,33.76092800000001,29.449931999999986,30.708790701964766,4.028987,41.490472461498314
CELH,"Celsius Holdings, Inc.",26.791,USD,-2.2582998905508926,6636476,1.0597325146576646,6779061971.280774,USD,Consumer non-durables,Strong buy,28.670833064911925,29.414889181254633,30.919779731094625,-5.365595196043795,-12.874796747967478,-42.29808313590351,27.452199999999998,28.133299999999952,29.38722000000007,36.42802999999997,115.87802768166091,1.443163,-36.255858836504004
BROS,Dutch Bros Inc.,38.72,USD,0.28490028490028346,1798193,0.43384626891238837,6764608523.851851,USD,Consumer services,Strong buy,44.92842113108447,48.70554505711847,51.782585160184915,0.7546187874056705,-16.026892214270223,-36.89700130378097,38.346000000000025,40.840999999999994,49.119599999999984,55.57445000000001,54.58133634056949,0.958966,50.6476959014653
DUOL,"Duolingo, Inc.",144.44,USD,-1.4532305383093371,393857,0.4039471556051454,6757771980.435833,USD,Technology services,Buy,142.08464895332787,138.48316351690605,136.26651877177392,-1.8883303898926784,-7.552483358934978,-18.27080857805692,142.06599999999992,145.793,142.46319999999997,127.3795000000002,17.322891306172867,2.750282,246.51124132485563
MOS,Mosaic Company (The),21.245,USD,-1.4153132250580034,5123098,0.6442029526665499,6753693066.011832,USD,Process industries,Buy,23.247907161365028,23.284853086301787,23.48709990233062,-10.35864978902953,-13.98785425101214,-11.846473029045645,21.82299999999997,24.166750000000015,23.557900000000014,24.49357499999992,nan,0.451809,-168.4390789786022
NOV,NOV Inc.,18.935,USD,0.13220518244314425,1628664,0.5432658776356207,6749913126.900581,USD,Industrial services,Buy,20.04632218504423,20.04926184989251,19.85217505988784,-4.368686868686878,-10.641812175554518,20.451653944020343,19.010999999999985,20.240249999999996,20.361499999999992,19.38347500000002,72.68714011516315,0.913976,-78.59842260926717
PACS,"PACS Group, Inc.",42.53,USD,3.65586156470875,412276,0.5571486276088554,6734012944.649526,USD,Health services,Strong buy,42.922407653773455,42.699229238767664,41.51155653845155,2.260158691993262,-1.732902033271719,10.496232787737071,42.083999999999975,42.58700000000001,44.01700000000003,38.96814999999999,25.48690597471085,2.367539,103.6241610738255
HIMS,"Hims & Hers Health, Inc.",28.83,USD,-1.60409556313994,7684451,0.7347280689013627,6726425551.262457,USD,Health services,Buy,29.05018225573986,29.200760584951144,29.219904936633693,-2.204884667571242,1.7649135192375576,-12.636363636363642,29.080000000000005,28.577000000000027,29.289199999999997,27.54060000000001,nan,-0.589301,-177.97246558197747
FLR,Fluor Corporation,49.935,USD,1.226434218528287,1199511,0.5056946939812091,6678359996.301542,USD,Industrial services,Buy,52.3062610378403,52.09093384479224,51.30302475578405,-0.863609291244779,-11.619469026548668,24.15464942814521,49.23899999999999,52.73974999999996,52.57009999999985,48.80777499999992,nan,2.705352,-152.5275023879319
QLYS,"Qualys, Inc.",192.96,USD,2.950434829002828,273920,0.5139497427999754,6675451174.262392,USD,Technology services,Buy,173.4265918281235,165.14860986812494,153.94842433381558,5.963756177924225,10.092999372396871,45.52036199095024,183.954,177.13250000000008,174.34219999999993,127.74915000000016,33.42282576689242,7.8331,15.010558189569304
ETSY,"Etsy, Inc.",72.69,USD,-0.20593080724877222,1250369,0.39706854276677767,6671615329.660626,USD,Retail trade,Buy,74.54789074159204,74.88015484698532,73.31836119628647,5.48541575968655,-11.342846688620561,29.942795852699323,71.04399999999998,72.33450000000006,78.38020000000002,65.67879999999997,42.76385457112601,3.321603,35.9404990403071
OKLO,Oklo Inc.,35.82,USD,-0.8854454897620373,7442474,0.9496238755402844,6663152268.592695,USD,Producer manufacturing,Buy,39.47182660387301,42.32492613084309,46.96542657133103,-7.202072538860106,-5.835962145110408,-51.588052439518854,36.639999999999894,38.384499999999996,40.60639999999995,59.4567,nan,-1.001669,-132.91201982651796
MTDR,Matador Resources Company,53.63,USD,1.265105740181272,762689,0.46074729250426383,6636938653.335348,USD,Energy minerals,Strong buy,55.00271227064801,54.79841532954089,54.38415756896039,3.1346153846153895,-9.070871481858248,26.575407127684695,52.062,56.08650000000007,54.47300000000003,53.00035000000003,9.210345538229031,7.982396,-14.615441014737145
CHE,Chemed Corp,506.75,USD,0.76555975343011,79586,0.5087259287479433,6623202450.676577,USD,Health services,Buy,512.6879658368449,506.6609290100868,493.84263459814684,0.7214978533948154,-1.7126343147523255,18.496433999766168,508.21400000000096,508.5849999999997,523.360600000001,455.1225499999998,25.453440421118195,25.493765,2.3551730520081344
GLBE,Global-E Online Ltd.,39.27,USD,-2.3377269335986015,561787,0.36348579687467447,6596079332.150957,USD,Retail trade,Strong buy,38.990519759265965,38.42232663135422,37.520652074848414,-5.030229746070129,6.221260481471475,-1.257229067136032,39.709999999999994,38.724499999999985,39.4982,35.56650000000001,44.79808350444901,1.211754,nan
HXL,Hexcel Corporation,86.86,USD,0.13834447774960174,477480,0.5621917235318469,6568652811.92391,USD,Electronic technology,Buy,91.3409314919467,92.97678845289569,92.91578998363754,1.7572633552014996,-5.432770821992373,16.95166285175711,85.20200000000004,88.1094999999999,95.20519999999993,89.86561500000009,43.78244871213267,2.401928,84.24034175334324
LNTH,"Lantheus Holdings, Inc.",100.025,USD,0.37631710988459605,374279,0.3630960061078833,6531619931.881335,USD,Health technology,Buy,100.59595986793603,100.37158411311121,98.17173765536371,0.10508406725380702,-0.6604429436885412,49.73802395209582,99.69099999999995,100.19275000000012,100.78610000000006,88.07127500000003,24.174058051574548,5.414,9.907827980981214
CLF,Cleveland-Cliffs Inc.,11.445,USD,-0.21795989537925328,9035920,0.5618995861500774,6529830898.692241,USD,Non-energy minerals,Buy,11.858716588179433,11.7235317004409,11.562629733045013,-8.513189448441242,-1.6752577319587652,-15.284974093264244,11.231000000000021,11.996250000000037,11.90909999999999,11.382324999999987,nan,-0.177286,52.62541022034692
PPC,Pilgrim's Pride Corporation,27.41,USD,8.769841269841274,1246421,0.8184708367219561,6526555162.977382,USD,Process industries,Buy,29.01235213984648,29.328295021976224,30.148395762360032,0.5871559633027528,-11.893281902925104,-29.807938540332902,27.0,28.811500000000013,29.14369999999999,33.57032499999998,11.984085344526058,2.341429,-55.971355971355976
MAC,Macerich Company (The),22.995,USD,2.018633540372679,2681078,0.8227385933880869,6520448373.414597,USD,Finance,Strong buy,23.303061532721248,23.487434084756472,23.265962430337343,1.6129032258064604,-3.0156052298608174,24.634146341463424,22.671000000000006,22.71025000000001,23.8973,21.768925000000003,nan,-0.169294,45.78130273371583
INGM,Ingram Micro Holding Corporation,28.32,USD,1.9071608492263445,932232,0.5080252924914347,6514645534.860022,USD,Technology services,Buy,27.82758170943382,27.839269778140824,27.49804574024208,6.787330316742084,1.6511127063890914,31.782224290367626,27.265999999999973,27.084999999999997,27.916200000000003,25.792105000000006,15.416439847577573,3.430971,61.537108688005624
TEX,Terex Corporation,56.99,USD,3.7313432835820977,862143,0.6299931647579773,6513957011.410448,USD,Producer manufacturing,Strong buy,60.77519678823209,62.00517901211818,62.39715083205629,0.17577781683951735,-4.49136919725155,6.4040328603435395,54.68000000000001,58.2275,62.53739999999999,62.17647499999995,29.5652625025939,5.042071,-28.130942172178518
RNG,"RingCentral, Inc.",77.82,USD,-0.6257182990678191,681726,0.43327674956065426,6498449454.07815,USD,Technology services,Buy,70.01125762755689,64.75191764774851,58.47391950263945,-2.1132075471698197,10.41430192962541,168.43739220420835,76.27800000000006,74.48699999999997,67.9224,44.1822,61.978337050015924,5.033308,nan
MTRN,Materion Corporation,311.22,USD,9.146384232306952,244173,1.1021178620160155,6483872220.301958,USD,Electronic technology,Strong buy,266.271233364485,257.5646949275709,243.7908265613946,20.730855768484776,28.76292925113779,147.9247988528639,279.3,258.62249999999995,251.63060000000004,199.42110000000005,72.5150286593038,7.078333,460.7264175594461
CIFR,Cipher Digital Inc.,15.61,USD,0.9702457956015431,24449829,0.8083845090319052,6478629729.831823,USD,Technology services,Strong buy,17.42680785885628,18.075694033223154,18.45062755452388,-16.03012372243142,8.932309839497554,4.275217100868395,16.029000000000003,17.049,17.582799999999995,18.319424999999995,nan,-1.299166,-522.4881463084218
NE,Noble Corporation plc A,40.55,USD,-2.8044103547459294,913560,0.8471360614237627,6473491882.593479,USD,Industrial services,Buy,43.34124149910505,43.600061369879064,43.5643241230799,-6.329406329406335,-12.551218460211345,43.64151611760538,41.71199999999999,44.00849999999998,44.01740000000004,43.06039999999998,43.83783783783783,0.551738,-52.02530989056584
OMF,"OneMain Holdings, Inc.",56.215,USD,0.6175049221406944,463713,0.473689420248802,6467055873.9276,USD,Finance,Strong buy,60.13923287499648,60.38454040272358,60.101513572726326,-1.0821749076192062,-8.948817622287008,-16.940011820330973,56.01100000000001,59.66224999999997,61.9947,59.59612500000002,8.47747734161753,6.855364,19.86587371884095
TTAN,"ServiceTitan, Inc.",66.91,USD,-0.6385506385506486,995792,0.38792808586065175,6454666780.624442,USD,Technology services,Strong buy,69.92729639832119,72.27915992371044,73.5921673559002,11.581756024347523,-29.315444749630256,-36.93090771986051,64.69599999999998,62.205499999999994,78.29849999999999,75.12422500000001,nan,1.357129,61.402320264205265
AMRX,"Amneal Pharmaceuticals, Inc.",20.185,USD,0.5729945191828522,1364305,0.4324988795267263,6446158622.359491,USD,Health technology,Strong buy,18.608619502175525,17.984852999047924,17.099015682520808,0.9249999999999936,12.765363128491622,59.56521739130434,20.21899999999999,18.71099999999999,18.316399999999998,15.006875000000003,42.12228714524207,1.023771,7387.5
FAF,First American Corporation (New),63.02,USD,2.454885384490335,507991,0.477362738396638,6434341728.4945545,USD,Finance,Strong buy,68.95430035644311,69.64198339054666,69.42596850244661,-4.500681921503246,-14.872349047683368,2.805872756933126,62.80399999999996,68.48399999999998,71.94580000000006,67.2428,8.722853544091796,6.9825,299.0224235060201
TXNM,"TXNM Energy, Inc.",58.405,USD,-0.21356569280710747,641839,0.3629622525229094,6431894604.873057,USD,Utilities,Buy,58.08655303631996,58.01221797652683,58.03063544917277,0.35223367697594204,1.099186428942354,-1.0084745762711844,58.40499999999997,58.260250000000006,57.87870000000015,58.43947499999986,32.443617375847126,2.919083,-7.316068578489414
CAG,"ConAgra Brands, Inc.",13.465,USD,2.007575757575762,13371125,0.8631877506443232,6428346152.502652,USD,Consumer non-durables,Buy,14.643032213716415,14.731307094489377,14.881110266776544,-8.15143246930423,-16.676980198019802,-21.851421938479398,13.678999999999997,14.612749999999997,15.168700000000003,15.600024999999949,nan,1.460377,-324.4529663884502
IOVA,"Iovance Biotherapeutics, Inc.",14.175,USD,-0.3865073787772292,9331940,0.4359552875365276,6420869891.848208,USD,Health technology,Strong buy,9.86820963788439,8.553424203669614,7.263089320637012,30.04587155963303,70.57761732851985,409.89208633093534,13.733,10.64525,8.270599999999998,4.731825000000004,nan,-0.449089,41.19996739219042
FIGR,"Figure Technology Solutions, Inc.",28.6,USD,0.21023125437982576,3582938,0.777236026673779,6417207249.551507,USD,Finance,Strong buy,32.49734944154438,32.56961231391605,32.87516342942763,-12.13517665130567,-14.139897928549987,-31.48059415428845,28.92399999999999,33.57225000000001,32.72459999999999,36.49665,33.77022080528988,1.1584,nan
RYTM,"Rhythm Pharmaceuticals, Inc.",93.04,USD,-0.39610320094207296,264160,0.38225240958947665,6405997894.921744,USD,Health technology,Strong buy,100.7909362881994,101.5274837526412,100.85236058662178,-5.456762524133717,-11.810426540284354,-12.37521190431343,95.18699999999994,98.78524999999999,105.4159999999998,98.8869499999999,nan,-2.980922,-3.3095908563856176
ANDG,Andersen Group Inc.,56.61,USD,-1.307531380753138,117822,0.18056684951904317,6396276396.296548,USD,Consumer services,Strong buy,52.99487407881836,50.32175281194202,46.199243171236354,4.794520547945199,1.579041808720622,119.24864446165763,55.324,54.579499999999975,51.795999999999985,nan,6.61555900947751,1.870656,154.67559523809527
PL,Planet Labs PBC,17.57,USD,8.859975216852538,11532328,1.1287407179450057,6392808820.0545225,USD,Technology services,Strong buy,19.038747958737257,21.0542522535386,23.153596576556698,-1.7867113344500294,-11.340725806451612,-11.407705867539665,16.653999999999993,16.830999999999996,19.809399999999997,27.339149999999986,nan,-0.053299,-262.4588002636783
UBSI,"United Bankshares, Inc.",46.9,USD,1.0775862068965518,665080,0.6194254341999248,6388370467.967671,USD,Finance,Buy,47.22635240997639,46.999854193814166,46.281353411061936,0.49282194128990114,0.5143591941706,22.32655190401668,46.422000000000025,46.92799999999997,47.68499999999998,44.06462500000002,12.800218340611353,3.711667,29.442521020278388
ECG,"Everus Construction Group, Inc.",125.02,USD,4.505558806319486,220681,0.6681130071034368,6384000523.105909,USD,Industrial services,Strong buy,122.81327276995947,125.791884325331,127.22182834502803,6.436233611442195,9.608977731018756,44.51508496127614,119.32600000000005,116.42350000000002,122.76380000000003,123.51149999999994,25.1468340172178,5.3,53.09006928406465
LB,LandBridge Company LLC,82.51,USD,2.1542651974743214,64544,0.2914071374522102,6360317062.950602,USD,Commercial services,Strong buy,82.9701638508094,81.18327332865954,78.35969840408727,0.4382227632379786,-3.3161471760018726,65.41700080192463,81.13199999999993,84.46849999999995,82.4632,70.28545000000004,93.3582258429509,1.884103,74.42273534635878
ST,Sensata Technologies Holding plc,43.61,USD,2.975206611570243,858404,0.7193411790654257,6346818545.67438,USD,Electronic technology,Buy,43.36110145184575,43.75983074418141,43.55553423514155,5.798156234837459,6.521739130434787,29.94636471990464,42.233999999999966,42.12900000000002,43.60880000000003,41.168300000000016,72.02312138728323,3.765542,-19.949762030671593
VNO,Vornado Realty Trust,33.85,USD,0.8641239570917734,657587,0.48565674260865455,6320490377.443384,USD,Finance,Buy,35.846487216166246,36.1964946338973,35.90751600754001,-1.741654571843255,-8.14111261872456,1.804511278195493,33.855999999999995,34.69149999999994,37.20939999999995,33.355349999999994,1364.9193548387098,-0.279084,-99.38629052214797
CAVA,"CAVA Group, Inc.",54.08,USD,-0.5882352941176475,1942117,0.5786424037633683,6316879371.552941,USD,Consumer services,Strong buy,58.72515804736652,62.627317182195874,66.39949183583488,0.18525379770285555,-11.344262295081972,-8.245673566338649,53.45999999999998,53.746500000000026,61.40720000000013,72.30189999999999,96.57142857142856,0.546946,-52.83018867924528
GRAL,"GRAIL, Inc.",140.58,USD,6.05009052504527,621393,0.30951595970230145,6279178928.58087,USD,Health technology,Buy,99.222669276395,89.71063885532665,82.19369291747249,13.829959514170051,75.72500000000001,61.66053357865688,136.49200000000002,100.48149999999998,84.01600000000002,73.58417499999993,nan,-9.61794,24.60400940477664
CVLT,"Commvault Systems, Inc.",151.145,USD,2.28395479461325,298899,0.5162125656126673,6264138354.441124,USD,Technology services,Strong buy,141.58514670050536,138.10548323308547,133.2318544420286,0.6559669685668711,16.98529411764708,19.359551449103698,148.65300000000002,143.27299999999985,138.16080000000002,115.52007500000025,96.39349489795919,5.457228,-12.602419040187279
ACT,"Enact Holdings, Inc.",45.505,USD,3.0690826727066907,224165,0.5913170967442409,6256194760.484371,USD,Finance,Buy,47.54482302264903,47.217275984135455,46.30004083899742,-3.815261044176706,-6.464542651593003,14.506794162053346,45.25900000000003,47.819250000000046,48.372299999999996,43.675850000000025,9.592520763944517,4.801518,7.784240661637735
DOX,Amdocs Limited,58.09,USD,-0.46264564770389993,563339,0.6373990307860635,6248799405.925977,USD,Technology services,Buy,58.98495208439287,58.922918717570305,59.84086785394076,0.2588885053503723,-6.817452678857876,-28.017348203221808,57.72800000000001,59.559000000000005,59.11340000000002,64.6869500000004,13.887826336425361,7.416,-15.478499838344648
Z,"Zillow Group, Inc.",27.635,USD,-0.4144144144144088,2395855,0.5008724823571833,6241631312.728649,USD,Technology services,Buy,31.115087712059864,32.429341137193646,34.8970337563977,-2.211606510969568,-17.65494636471991,-59.686360320933616,27.459000000000014,30.193749999999987,32.84899999999999,42.750775,122.65867731913005,2.236598,nan
MBLY,Mobileye Global Inc.,7.275,USD,-1.0204081632652966,5341247,0.843679979261059,6185114606.887755,USD,Technology services,Buy,8.135591416356048,8.345648593844489,8.590534365819202,-6.249999999999993,-13.2896305125149,-30.714285714285708,7.475,7.89875,8.294899999999998,8.90992500000001,nan,0.490738,-36.48789592139211
IFS,Intercorp Financial Services Inc.,53.435,USD,-1.4114391143911449,121877,0.5734697372928249,6168947771.629404,USD,Finance,Strong buy,55.20468796487421,55.138399755335804,54.21088489470438,-4.0836474600610275,-3.40744757772957,25.966525223950967,54.421000000000014,54.94975000000001,55.836899999999986,50.872224999999986,9.717928199905431,5.940834082149999,22.155821651522896
FNB,F.N.B. Corporation,17.475,USD,1.3631090487239155,1904849,0.39272055672026074,6168691983.388922,USD,Finance,Strong buy,18.114513180575614,18.243065410769315,18.19933408565835,-0.08576329331044606,-2.916666666666659,1.8950437317784423,17.335000000000008,17.838249999999984,18.43690000000001,17.879599999999996,10.405501964987497,1.691111,30.448966910051254
ELF,"e.l.f. Beauty, Inc.",104.23,USD,0.13449899125756612,558548,0.46351461767106117,6150403165.093476,USD,Consumer non-durables,Strong buy,98.05689987167615,93.32195530713884,88.23420519291771,3.670181022478613,-0.761687137008471,35.80456026058633,102.55800000000006,99.78450000000001,96.91480000000007,78.27330000000012,105.95710074209617,3.628685,-41.65134349605552
BLCO,Bausch + Lomb Corporation,17.1378,USD,1.167650531286879,225232,0.735307848459305,6121026860.205655,USD,Health technology,Buy,17.041349279507465,16.913855862984278,16.745854538273292,1.287234042553173,-4.47157190635453,-0.12937062937063842,17.03356000000001,17.192890000000006,17.087556000000003,16.638489,nan,0.794155,37.70364623739332
BLDR,"Builders FirstSource, Inc.",56.795,USD,-0.9677419354838704,1084365,0.4938048353268926,6110940261.387097,USD,Retail trade,Buy,62.884882801681265,66.4637692551637,71.50238600045572,-2.531319718551573,-9.849206349206346,-44.800272135290115,57.339000000000055,59.38425000000014,65.88350000000008,85.57887500000008,61.76726481783578,3.110493,-86.04047427469675
GATX,GATX Corporation,172.48,USD,2.1316911416390303,175589,0.6196730278887977,6088544044.937944,USD,Transportation,Strong buy,177.95702782783118,178.257205846639,178.33431391330703,-6.413456321215421,-1.2142038946162683,2.0048494884381016,173.69999999999996,178.0935,178.6437999999998,179.6462499999998,17.09584696203786,10.215474,15.354272189890352
CRUS,"Cirrus Logic, Inc.",121.43,USD,1.0485146043105642,273223,0.4942976923197996,6085775380.321379,USD,Electronic technology,Strong buy,121.16136483321912,125.55644174996905,130.757243474875,2.016298412165005,11.097895699908518,0.9728920671877612,120.38,118.35650000000001,119.99380000000006,139.81514999999956,14.857457481952773,8.4312,27.963049945201202
INGR,Ingredion Incorporated,95.97,USD,1.1168475397745257,420137,0.6752951966324687,6052250403.482668,USD,Consumer non-durables,Buy,99.34957697396631,100.51069999912241,102.19917251830363,-0.38405646668051124,-8.197819016644353,-12.292085541948458,95.92,98.06949999999979,101.44080000000004,107.21985000000002,10.454703908667044,10.53366,-10.412335919582285
QBTS,D-Wave Quantum Inc.,15.9401,USD,-3.7433574879227023,13535032,0.8781636435492434,6051286201.526208,USD,Electronic technology,Strong buy,17.51594898382737,18.277631191697722,19.102042652649637,-8.65272206303725,-2.081823207813752,-40.84208573019113,16.45601999999999,16.919004999999995,18.139201999999987,20.805050500000004,nan,-0.295259,32.81813009671913
LGND,Ligand Pharmaceuticals Incorporated,303.1,USD,0.11891391953491896,114092,0.3878721122154286,6042483140.30224,USD,Health technology,Strong buy,292.40413633732675,287.4857257691955,276.71914818663805,-0.023089355806970736,6.079165645889478,60.71049840933194,308.5340000000004,293.37150000000025,291.73889999999983,241.75357500000007,32.40428921175578,9.305984,nan
