Symbol,Description,Price,Price - Currency,Price Change % 1 day,Volume 1 day,Relative Volume 1 day,Market capitalization,Market capitalization - Currency,Sector,Analyst Rating,Exponential Moving Average (8) 1 week,Exponential Moving Average (13) 1 week,Exponential Moving Average (21) 1 week,Change from Open % 1 week,Performance % 1 month,Performance % YTD,SMA 5,SMA 20,SMA 50,SMA 200,PE Ratio TTM,EPS Forecast Next Qtr,EPS Growth YoY TTM
NVDA,NVIDIA Corporation,220.2065,USD,3.900396338586396,84192750,0.6634036086519713,5328997361386.432,USD,Electronic technology,Strong buy,207.28990491142284,205.24925324291797,201.8199061870581,11.38980221559007,13.26329595720606,15.998893776174043,206.9152999999999,205.4058249999999,205.78392999999977,193.59798250000006,33.723314649759565,2.083504,110.33338701884364
AAPL,Apple Inc.,308.9,USD,-0.15514900769281084,21651769,0.35197293076252245,4508142176618.44,USD,Electronic technology,Buy,311.5895627045322,305.7916919577212,297.1544565653178,-0.21965243232767195,0.5010411244143557,13.45980790068134,312.80800000000033,323.6164999999999,309.6121999999999,278.8464499999999,35.410911008448636,1.985462,32.60922440789274
GOOG,Alphabet Inc.,361.1675,USD,-3.7784734248035177,13128090,0.5674036807303956,4431912894623.79,USD,Technology services,Strong buy,351.62548533218273,350.8710630145554,345.12393974897793,-1.131261976457704,0.829855246443983,13.721307345949196,359.8635000000001,348.02787500000005,355.9283499999999,327.30503749999997,18.144288204649012,3.016729,112.01789423230548
GOOGL,Alphabet Inc.,362.395,USD,-4.039454521382231,23544447,0.680514612120568,4419892242610.164,USD,Technology services,Strong buy,353.02174688276034,352.46103157639624,346.67206471838193,-0.8345989136532204,0.23371594523578215,14.356263805616916,360.79899999999986,348.99374999999986,357.83109999999965,328.10397500000016,18.205955197861876,3.018111,112.01789423230548
MSFT,Microsoft Corporation,489.155,USD,-0.7416651447819707,15103665,0.32329810371824136,3632242647110.3354,USD,Technology services,Strong buy,425.72483780112,417.91719920256304,417.081695007055,2.73667629299028,26.38357792476228,0.9847538631460474,477.0869999999999,412.4007499999996,403.62290000000024,433.23812500000054,27.257960257224692,4.715987,31.54908515130189
AMZN,"Amazon.com, Inc.",272.9,USD,-1.6292985365150452,19956933,0.3248675832143564,2943585356734.0625,USD,Retail trade,Strong buy,254.45124827817654,251.0069044954656,246.74141567806114,-1.9368284882676496,11.938308825037426,17.964900146969814,268.2840000000002,248.8869999999998,247.32000000000028,235.95175000000017,21.950356321284364,1.956644,89.7295812477109
AVGO,Broadcom Inc.,419.835,USD,0.4005643772718468,7052226,0.37375455400718555,1997398649592.6504,USD,Electronic technology,Strong buy,393.30095324586205,390.374009707053,383.81755703891065,9.216841612361964,12.372527501940516,19.009283537665652,401.46899999999994,389.57249999999965,394.9823999999995,366.84837500000015,69.89096054602963,3.214238,125.81008946695735
META,"Meta Platforms, Inc.",584.09,USD,-0.6548287240194616,6218879,0.33087653831986125,1487972863968.4937,USD,Technology services,Strong buy,595.0997360006088,600.2287092402689,608.2804241609443,3.886240751280596,-1.8072086611525788,-11.86540420234637,571.6020000000001,617.9670000000004,600.9755000000002,632.6071250000003,22.001529322690857,6.76163,-3.857269092594742
TSLA,"Tesla, Inc.",322.86,USD,-1.3716205895830178,13504911,0.2931414000249841,1275150964308.0269,USD,Consumer durables,Buy,354.02084973779193,367.85470221972946,379.1265544445036,3.8268587599691393,-18.777358490566034,-29.47575360419397,318.46099999999944,351.7062500000002,384.98309999999964,409.9952000000002,299.9721267304655,0.457599,-37.67083622886263
LLY,Eli Lilly and Company,1164.11,USD,4.340850423060361,3265537,1.2693997694387198,1096290626997.1957,USD,Health technology,Strong buy,1157.8315019692122,1132.6263313772392,1097.3680799063472,1.0512152777777692,-3.6332781456953724,8.148457822370847,1140.9919999999997,1172.262,1152.8355999999999,1029.5098999999996,41.9030992404881,9.476558,130.14091274344932
MU,"Micron Technology, Inc.",918.755,USD,2.9221324789675958,19599764,0.41289958757091294,1037635506861.2101,USD,Electronic technology,Strong buy,904.262324577365,865.0572396666279,780.9487575353509,16.837179136649475,-8.763157894736842,211.31046166878443,867.7230000000002,900.1377499999999,972.7618999999997,528.3996750000002,20.799441276280728,31.159631,697.287150515315
BRK.A,Berkshire Hathaway Inc.,772600.0,USD,-0.21955314477592663,59,0.394912985274431,1001011568151.8282,USD,Finance,Buy,751333.4343322424,744958.3224261435,740412.1459049155,0.3310170365339439,1.6578947368421053,3.013333333333333,769348.0039999997,748908.7750000001,739673.3644000008,736107.4351500003,15.332481771344195,7553.164543,-10.480948284775364
BRK.B,Berkshire Hathaway Inc. New,515.15,USD,-0.4002165422837574,1322702,0.3320104059388984,999199127372.6307,USD,Finance,Buy,500.9446748326886,496.6997102164957,493.6210976523865,0.042724253782072764,1.7077986179664317,2.8325614819546465,513.346,499.54949999999917,493.34240000000005,490.7152999999999,15.334948739625874,5.037961,-10.480916050876308
JPM,JP Morgan Chase & Co.,359.8507,USD,0.6519075855896274,1805874,0.251454356269599,964224050165.9614,USD,Finance,Buy,342.3471143516128,334.0036225589123,325.8514412190545,1.7245795053003583,7.418119402985079,11.58161240310078,354.5301399999998,347.34053500000016,330.85921399999984,312.6722535000004,15.415786317097202,5.837745,19.772185022704537
JPM/PM,"J P Morgan Chase & Co Depositary Shares, each representing a 1/400th interest in a share of 4.20% Non-Cumulative Preferred Stock, Series MM",16.8339,USD,-0.684955752212386,80418,0.2917687386801653,957978912964.0,USD,Finance,,17.11181640211799,17.234917004928267,17.42275819820904,-1.1514973576042353,-2.6942196531791955,-8.212104689203926,17.03878000000003,17.08269499999999,17.14867800000003,17.978170499999987,0.7211540933042025,5.837745,19.772185022704537
JPM/PD,"J P Morgan Chase & Co Depositary Shares, each representing a 1/400th interest in a share of 5.75% Non-Cumulative Preferred Stock, Series DD",23.765,USD,-0.3563941299790392,43116,0.2931998125849607,957978912964.0,USD,Finance,,23.97922834238579,24.067794717009747,24.206507595812752,-0.3563941299790392,-0.937890787828253,-4.787660256410257,23.931,23.964749999999935,23.981900000000024,24.63508550000001,1.0180782247354667,5.837745,19.772185022704537
JPM/PC,"J P Morgan Chase & Co Depositary Shares, each representing a 1/400th interest in a share of 6.00% Non-Cumulative Preferred Stock, Series EE",24.9585,USD,-0.16599999999999682,69038,0.4455907249385068,957978912964.0,USD,Finance,,25.160050761247355,25.178347471832637,25.189226937587858,0.43661971830985663,-1.5443786982248544,-0.8008744038155777,25.047699999999974,25.182424999999995,25.22397000000001,25.22387949999995,1.0692070427965557,5.837745,19.772185022704537
JPM/PL,"J P Morgan Chase & Co Depositary Shares, each representing a 1/400th interest in a share of 4.625% Non-Cumulative Preferred Stock, Series LL",18.3,USD,-0.6514657980456079,144361,0.6084211546688076,957978912964.0,USD,Finance,,18.610321321519617,18.72617478315346,18.901370644500965,-1.0810810810810774,-2.452025586353949,-7.1065989847715665,18.510000000000048,18.587000000000003,18.649199999999954,19.416186999999994,0.7839609304716618,5.837745,19.772185022704537
JPM/PK,"J P Morgan Chase & Co Depositary Shares, each representing a 1/400th interest in a share of 4.55% Non-Cumulative Preferred Stock, Series JJ",18.0167,USD,-0.40519624101713486,59042,0.33950837356616625,957978912964.0,USD,Finance,,18.29214261083265,18.40813492439816,18.584175198047593,-0.6249310535024757,-2.401408450704229,-7.46430405752439,18.16733999999999,18.26483499999997,18.330733999999968,19.109338999999977,0.7718245298376387,5.837745,19.772185022704537
JPM/PJ,"J P Morgan Chase & Co Depositary Shares, each representing a 1/400th interest in a share of JPMorgan Chase & Co. 4.75% Non-Cumulative Preferred Stock, Series GG",18.965,USD,-0.49842602308498885,32576,0.39359585139146813,957978912964.0,USD,Finance,,19.216511920771012,19.309813849693878,19.469591274043452,-0.8625196027182391,-1.9896640826873464,-6.530310497782156,19.14299999999995,19.212250000000033,19.222008000000052,19.97528650000008,0.8124491282183095,5.837745,19.772185022704537
WMT,Walmart Inc.,112.24,USD,0.6185567010309259,8114160,0.3701159394739637,893214822795.2991,USD,Retail trade,Strong buy,113.76823628096042,115.76228027571719,117.22759214263343,-0.7603890362511048,0.754039497306992,0.7314336997980684,111.35999999999997,112.09800000000004,114.87540000000016,118.06360000000001,39.539225701905806,0.741811,21.780351780351772
AMD,"Advanced Micro Devices, Inc.",488.5549,USD,-5.7898684870222645,31618988,0.9870956403194823,796637932455.7324,USD,Electronic technology,Strong buy,495.80924206523616,474.41000409495535,432.7873208979746,5.795902899586382,-8.741029233211925,123.18634079488349,490.66298000000023,510.369245,514.7492980000002,315.8260245000001,160.3449079392169,1.943289,123.34701656648583
V,Visa Inc.,367.97,USD,-0.43832354771502147,1804195,0.26351283682199134,687017409699.2028,USD,Finance,Strong buy,353.8312547179107,346.2737230867563,339.7148716886903,-0.14382632293079314,1.3691460055096494,5.173350101466266,367.1260000000002,360.0205000000003,342.6944000000005,330.6727499999998,31.57917321043914,3.439802,15.026505167767343
ASMLF,ASML Holding N.V.,1691.28,USD,-0.6806156664924462,286,0.07010663071454835,646043245632.3314,USD,Electronic technology,Strong buy,1716.8418348563941,1688.4776402349917,1618.8586022575412,4.711549177181485,-7.605572248019668,50.336,1667.3456000000012,1721.852519999999,1754.8823080000002,1401.499927,53.76108799076203,11.87613708483,11.202880168603903
XOM,ExxonMobil Holdings Corporation,152.125,USD,-1.1918680176669316,4175562,0.31296359222034803,625524656916.2623,USD,Energy minerals,Buy,149.22136625405884,148.29800671255964,146.76222684599833,-0.8667035938874669,11.410157823428184,26.675826463485713,154.71099999999996,150.5112500000002,146.2881000000001,139.78837499999992,19.576491480928603,3.459302,10.170981370686484
JNJ,Johnson & Johnson,258.34,USD,1.337622092339061,2172786,0.2981901465197906,622573144456.773,USD,Health technology,Strong buy,253.54404911610837,248.96936725445306,242.864202961686,1.3217241244067837,-0.72437313863005,24.910550236920987,255.97000000000048,256.676,246.6472,227.4018250000002,29.942743225387694,2.941891,-7.724064171122985
TCTZF,Tencent Holding Ltd.,61.498,USD,-1.603200000000004,1752,0.5071645679548415,554083233965.022,USD,Technology services,Strong buy,58.483552100306014,58.854528447743654,60.532375714144045,-1.603200000000004,10.21541990752356,-22.93483709273183,61.33799999999995,59.31635000000008,57.84988000000002,68.65453042500002,17.29119599836029,1.07542424352,20.382521282675853
INTC,Intel Corporation,101.595,USD,0.7287328970850678,45367889,0.3570141120930404,512445183101.4377,USD,Electronic technology,Buy,102.528045194696,101.29492754174329,94.262948346886,14.926470588235286,-17.11267031084278,168.98332009531373,94.957,98.02925000000008,111.53470000000003,67.95447500000004,nan,0.383407,55.48626858150668
MA,Mastercard Incorporated,570.685,USD,-0.0726667834004688,861909,0.27817687894997734,504506208550.90686,USD,Finance,Strong buy,541.8689499569956,531.3787029702609,525.9583031626812,-1.6060344827586301,5.537781558604863,-0.004380508489441388,572.641,549.2332500000001,518.4630999999991,528.1026249999999,31.396167663352934,5.147258,22.61557038106353
CSCO,"Cisco Systems, Inc.",122.1,USD,0.29571217348447465,6621471,0.3390398993158456,481249182400.3056,USD,Electronic technology,Strong buy,116.28939446134547,113.03616257730452,107.22189337301246,6.544502617801047,8.001486015532393,59.30589079522474,117.85000000000005,115.16150000000005,117.80419999999992,90.27267500000005,39.80569863728238,1.166793,25.71311475409837
BAC,Bank of America Corporation,63.245,USD,0.5484896661367231,12259942,0.44336687701703725,442256391834.15094,USD,Finance,Strong buy,60.14880690061995,58.38030307638284,56.58754544888626,1.582075168647606,6.941156577612439,14.928220970379787,62.460999999999885,61.405250000000024,57.92929999999998,53.744525000000095,14.55514130534843,1.192735,27.24983161039038
BML/PH,Bank of America Corporation Depositary Shares (Each representing a 1/1200th interest in a Share of Floating Rate Non-Cumulative Pref,18.72,USD,-0.05339028296850808,2411,0.1475610502478732,439843893531.0,USD,Finance,,18.797263645512086,18.906101166598134,19.0366113805328,0.6451612903225669,-0.05339028296850808,0.9708737864077654,18.679999999999975,18.70714999999999,18.948088000000006,19.278103000000055,4.308202154101076,1.192735,27.24983161039038
BACRP,Bank of America Corp.,188.7701,USD,-22.950979591836727,58,2.7358490566037736,439843893531.0,USD,Finance,,191.6929590074528,195.96765556632482,201.7418979332475,-9.144679212590843,-5.030889973336015,-22.95097959183673,199.7080200000002,196.35950499999993,213.52420200000003,216.42702549999984,43.44336279112584,1.192735,27.24983161039038
BAC/PE,Bank of America Corporation Depositary Sh repstg 1/1000th Perp Pfd Ser E,18.2501,USD,0.000547945205478175,12235,0.3763955244772455,439843893531.0,USD,Finance,,18.584680587583264,18.741703060538892,18.97031766566129,-0.2726775956284204,-2.5621996796583058,-3.182493368700274,18.358020000000025,18.60956499999989,18.740014000000066,19.54719949999995,4.200059836141029,1.192735,27.24983161039038
BAC/PB,"Bank of America Corporation Depositary Shares, each representing a 1/1,000th interest in a share of 6.000% Non-Cumulative Preferred Stock, Series GG",24.6,USD,-0.20283975659228054,41888,0.4507580608191943,439843893531.0,USD,Finance,,24.824744979070417,24.883528368754384,24.939863747366918,0,-1.913875598086112,-2.031063321385894,24.683500000000013,24.892709999999937,24.942669999999936,25.108081499999923,5.661419497376415,1.192735,27.24983161039038
BAC/PQ,"Bank of America Corporation Depositary shares, each representing 1/1,000th interest in a share of 4.250% Non-Cumulative Preferred Stock, Series QQ",16.4591,USD,-0.24787878787879153,72555,0.5680577053616098,439843893531.0,USD,Finance,,16.724261280041738,16.831046439472942,16.963365249518137,-0.1268203883495208,-3.5787932044522606,-6.80011325028313,16.523819999999994,16.769454999999958,16.874034000000012,17.341053855,3.7878808800515507,1.192735,27.24983161039038
BML/PL,Bank of America Corporation Depositary Shares (Each representing a 1/1200th Interest in a Share of Floating Rate Non-Cumulative Pref,18.99,USD,0.15822784810125307,14530,0.5862558706282984,439843893531.0,USD,Finance,,19.192987525269206,19.288629597192205,19.398499469874107,1.71397964649168,-1.6571724495080284,-1.7589239524055866,18.989999999999945,19.219286549999957,19.33989661999996,19.581985654999997,4.370339685169842,1.192735,27.24983161039038
BAC/PP,"Bank of America Corporation Depositary Shares, each representing a 1/1,000th interest in a share of 4.125% Non-Cumulative Preferred Stock, Series PP",16.16,USD,-0.49261083743841316,22348,0.32343546704064075,439843893531.0,USD,Finance,,16.396107293120355,16.49476645686597,16.611013676737358,-0.7371007371007432,-3.7522334723049378,-6.373117033603716,16.251999999999978,16.35349999999999,16.535476000000006,16.91716,3.7190463039675965,1.192735,27.24983161039038
BAC/PS,"Bank of America Corporation Depositary shares, each representing 1/1,000th interest in a share of 4.750% Non-Cumulative Preferred Stock, Series SS",18.47,USD,-0.26997840172786564,9951,0.13743753780878903,439843893531.0,USD,Finance,,18.762961615475238,18.877816679935034,19.027827525707806,-0.21609940572664882,-3.197064989517817,-6.338742393509128,18.57400000000003,18.82000000000002,18.904500000000027,19.470493499999996,4.250667403111479,1.192735,27.24983161039038
BML/PJ,Bank of America Corporation Depositary Shares (Each representing a 1/1200th interest in a Share of Floating Rate Non-Cumulative Pref,19.46,USD,-0.051361068310210645,27910,1.415465135739607,439843893531.0,USD,Finance,,19.763675488050197,19.842743803207824,19.93794120185078,-0.3584229390681018,-3.520079325731288,-1.9647355163727986,19.510680000000036,19.78266499999992,19.907598000000046,20.142618999999964,4.478505017030287,1.192735,27.24983161039038
BAC/PL,Bank of America Corporation Non Cumulative Perpetual Conv Pfd Ser L,1294.01,USD,0.11682785299806506,4229,0.5943697207347753,439843893531.0,USD,Finance,,1271.4649015213324,1259.5598471265732,1250.085507496016,0.508753670016929,3.936546184738955,3.454589062999683,1290.523999999998,1281.3469999999993,1252.9830519999978,1242.128632999994,297.80217251219733,1.192735,27.24983161039038
BML/PG,"Bank of America Corporation Depositary Shares (Each representing a 1/1200th interest in a share of Floating Rate Non-Cumulative Preferred Stock , Series 1)",18.75,USD,0,1641,0.43545177126177526,439843893531.0,USD,Finance,,18.84527295207377,18.92945510601922,19.050935721099613,0.10678056593699718,-0.6359300476947588,1.2965964343597969,18.74801999999996,18.81324000000003,18.93617200000006,19.332367500000128,4.315106324219829,1.192735,27.24983161039038
BAC/PO,"Bank of America Corporation Depositary shares, each representing 1/1,000th interest in a share of 4.375% Non-Cumulative Preferred Stock, Series NN",17.0399,USD,-0.17633274751025718,26523,0.33293541256350095,439843893531.0,USD,Finance,,17.247246192863773,17.34523548540602,17.472931808714016,-0.6419825072886252,-3.2922814982973985,-6.219592735277943,17.081980000000033,17.20424499999996,17.374144440000034,17.831998609999946,3.921545613550584,1.192735,27.24983161039038
BAC/PK,"Bank of America Corporation Depositary Shares, each representing a 1/1,000th interest in a share of 5.875% Non- Cumulative Preferred Stock, Series HH",24.04,USD,-0.1661129568106277,20135,0.30524873185714324,439843893531.0,USD,Finance,,24.208893206705845,24.326467199951086,24.448790658678625,0.16666666666666313,-1.029230135858378,-2.2366815778771887,24.047800000000002,24.12894999999995,24.329700000000063,24.72439863499993,5.532541655159716,1.192735,27.24983161039038
BAC/PM,"Bank of America Corporation Depositary Shares, each representing a 1/1,000th interest in a share of 5.375% Non-Cumulative Preferred Stock, Series KK",20.9984,USD,-0.33981964878974896,24821,0.22290013542299028,439843893531.0,USD,Finance,,21.19886155393586,21.347547985978874,21.544374673030138,-0.19771863117870234,-2.2420856610800755,-4.7691609977324285,21.01168000000004,21.151919999999954,21.307863999999977,22.07502550000008,4.832550860719874,1.192735,27.24983161039038
BAC/PN,"Bank of America Corporation Depositary shares, each representing 1/1,000th interest in a share of 5.000% Non-Cumulative Preferred Stock, Series LL",19.51,USD,-0.45918367346938704,48231,0.3701429813581656,439843893531.0,USD,Finance,,19.737897287459152,19.886441940285433,20.08183773237417,-0.6619144602851272,-2.5961058412381406,-6.33701392222754,19.57399999999999,19.657499999999903,19.82149999999997,20.59182521999996,4.490011967228206,1.192735,27.24983161039038
ABBV,AbbVie Inc.,246.935,USD,1.285890073831005,1861727,0.32417083285238907,436363118300.84784,USD,Health technology,Strong buy,246.3319126557674,240.42821343129202,234.22413482260356,-1.7955856034996962,-4.995767928593418,7.954446096004194,248.83700000000027,252.52074999999982,239.94030000000006,224.95692499999976,69.81876272336575,3.859366,68.31485271022699
AMAT,"Applied Materials, Inc.",540.51,USD,-1.1177783469320577,2150277,0.2847641322449611,429142997742.3238,USD,Producer manufacturing,Strong buy,538.108917738942,520.0438078053328,484.19012738947896,8.349035801627707,-13.897937889781842,102.37756477459938,522.9560000000002,541.0035,549.9644,378.12519999999995,50.78549281217701,3.390966,29.538345443701996
ORCL/PD,"Oracle Corporation Depositary Shares, each representing a 1/2,000th interest in a sh of 6.50% Series D Mandatory Convertible Preferred Stock",45.32,USD,-0.8748906386701631,421229,0.24762290732780487,419799851677.0,USD,Technology services,,44.78747812381373,46.343956995727666,47.421708568507285,7.648456057007123,3.3287733698130433,-7.698574338085542,43.744000000000035,41.19424499999999,48.937698,nan,7.780524653206977,1.73294,34.18415535948765
COST,Costco Wholesale Corporation,941.56,USD,-0.6636071108297807,759424,0.39264595404936303,417561907758.0119,USD,Retail trade,Buy,948.7905965880449,956.9123445332023,963.0018309978346,-2.444179661192564,-0.7944368348962256,9.338783473070578,949.9100000000004,938.7770000000004,953.6460000000001,957.961625,47.357885100946596,6.565504,12.777024612434968
ORCL,Oracle Corporation,144.5,USD,-0.850830245642932,10838057,0.30661640518994904,416228067567.76794,USD,Technology services,Strong buy,143.63736466004346,151.71179242823413,160.1049998804391,9.536082474226815,0.1386001386001307,-26.824327745986732,137.90400000000008,129.19350000000014,162.1608000000001,180.70385,24.80771871995605,1.73294,34.18415535948765
CAT,"Caterpillar, Inc.",890.915,USD,1.6399707942592465,1337996,0.39156340467914985,410388423882.9368,USD,Producer manufacturing,Buy,892.224682928372,885.1327672293799,853.685923965677,9.775376426230306,-9.005811518859357,54.24695718416176,844.2869999999996,878.6242500000005,919.6609000000004,743.0929400000002,44.32280628438952,6.785564,-2.04958774340682
GE,GE Aerospace,381.14,USD,1.0231128074639562,1214893,0.3689615565900188,395456569970.0372,USD,Electronic technology,Strong buy,357.8783571460748,348.1127977685036,336.94454343097146,4.769234998213245,1.0525757615929079,23.04761904761904,368.49200000000013,356.22900000000016,349.61600000000004,316.2258000000002,44.924034370174795,1.986407,18.431815961025716
IDCBF,Industrial and Commercial Bank of China Ltd.,0.94,USD,-0.04253509145045374,6000,0.03620689343044022,392156980891.562,USD,Finance,Strong buy,0.8842083640616545,0.8736781504922985,0.8592557005334115,-0.04253509145045374,20.020429009193048,17.632336378425716,0.8896739999999992,0.8840601000000003,0.8415267200000006,0.7291060200000002,6.436268521013142,0.036059100000000004,3.5194676118190076
LRCX,Lam Research Corporation,312.14,USD,-1.7624472839428535,3681383,0.2885995441369865,390353233964.6759,USD,Producer manufacturing,Strong buy,318.89354325019315,314.46657934015093,298.22102083351524,10.164466718430159,-14.561778069743252,75.50745009839753,303.046,312.55249999999995,338.41920000000005,243.56870000000004,54.18156570039923,2.177853,38.53886110042323
PLTR,Palantir Technologies Inc.,160.85,USD,-1.1127505225624015,35881466,0.7174907524459616,385607690377.1075,USD,Technology services,Strong buy,134.92149979356353,134.9912909014559,137.6929477437347,26.95343330702446,26.414649481295193,-11.279646993932717,138.89600000000002,131.55399999999997,131.47259999999997,152.44935000000004,137.46688317237843,0.413065,288.8667331339315
UNH,UnitedHealth Group Incorporated,414.62,USD,1.6948321110593376,2110069,0.4986502499042257,376534798350.0788,USD,Health services,Strong buy,413.4505351566755,402.6695664657812,386.4084816575725,-0.6731667584984313,-2.094500460459516,25.302588434397624,414.71200000000033,422.6319999999998,411.8325999999992,345.4928250000004,26.661950999935694,4.094496,-32.64203819448956
KO,Coca-Cola Company (The),86.885,USD,0.37546210720887574,6497686,0.3592548371719293,373826944387.70026,USD,Consumer non-durables,Strong buy,83.9335938094987,82.62488967432506,80.95781037254183,-1.80266726943942,3.3115338882283125,24.387974230493935,87.27699999999993,84.49474999999998,82.33769999999991,76.37230000000011,26.177276972673315,0.878876,17.602664493498224
CVX,Chevron Corporation,187.36,USD,-1.5966386554621805,2944290,0.3882552384866199,373145747783.99664,USD,Energy minerals,Strong buy,186.66017401368165,185.55910123403442,183.90422291630983,-4.104821373733229,10.955821390501006,23.12949758485856,192.01599999999996,187.98700000000025,182.69279999999955,175.95190000000017,17.966150453085298,4.393707,34.59949921267973
RHHVF,Roche Holding Ltd,447.57,USD,0.39613821320580783,9015,0.63775600438612,356828828880.44244,USD,Health technology,Buy,426.45324783144594,422.16914771247707,418.31362251319973,1.85703557042397,9.163414634146338,11.71654643935801,442.13359999999983,426.367065,414.9651739999997,409.5003395000003,23.605960341642742,11.924505,28.074623940908317
HBCYF,HSBC Holdings Plc,20.595,USD,2.2084367245657583,54381,2.997635230110301,353895503608.29425,USD,Finance,Buy,19.678532522903996,19.14592431317581,18.476632900131914,-1.4593301435406687,8.96825396825397,28.317757009345783,20.740999999999993,19.893899999999995,18.945510000000006,16.717230999999998,17.267422615620042,0.441267,8.839871595954788
HD,"Home Depot, Inc. (The)",351.88,USD,1.0452561451872233,1303708,0.32705926281490205,350865414281.3698,USD,Retail trade,Strong buy,339.27171712612073,337.6780021747301,339.10707647564334,3.5550323719835153,-1.6600525403834323,2.4604722942084236,341.0900000000005,338.1635000000009,333.0208000000007,348.5078499999997,24.98491163543671,4.730392,-4.4544547940001165
MS,Morgan Stanley,217.87,USD,0.3824179874677537,1368842,0.2560569988436635,343643053171.5557,USD,Finance,Buy,213.603559951284,209.4185260855391,202.40836546031443,3.031306157192848,0.4009216589861772,22.045766462202067,213.32400000000015,216.34900000000002,215.32140000000007,185.23990000000006,17.61021031701127,3.126112,40.177660948582584
MS/PA,Morgan Stanley Dep Shs repstg 1/1000 Pfd Ser A,18.97,USD,-0.2628811777076799,39940,0.5606542557223513,342333906735.0,USD,Finance,,19.09383182828995,19.186755811462593,19.338171417360773,-0.21041557075224984,0.10554089709762308,-1.760745727602278,19.016000000000087,19.00998999999998,19.19859400000001,19.67485299999995,1.5333257892950094,3.126112,40.177660948582584
MS/PQ,"Morgan Stanley Depositary Shares, each representing 1/1,000th of a share of 6.625% Non-Cumulative Preferred Stock, Series Q",25.44,USD,-0.1569858712715822,20150,0.4262800035540963,342333906735.0,USD,Finance,,25.42022990051697,25.467914433089604,25.561724527280102,0,-0.1569858712715822,-3.011818528402589,25.425999999999995,25.35499999999998,25.433000000000053,25.90804249999998,2.056289303092517,3.126112,40.177660948582584
MS/PK,"Morgan Stanley Depositary Shares, each representing 1/1,000th of a share of Fixed-to-Floating Rate Non-Cumulative Preferred Stock, Series K",23.1,USD,-0.34512510785158884,24369,0.29967166344888646,342333906735.0,USD,Finance,,23.334099038476975,23.49002786173659,23.68360692853052,-0.5596211795092509,-2.0356234096691983,-5.906313645621179,23.118000000000006,23.225499999999972,23.46879999999994,24.213245500000056,1.8671494851193844,3.126112,40.177660948582584
MS/PE,Morgan Stanley DEPOSITARY SHARES REP 1/1000TH SHARES FIXED/FLTG PREFERRED STOCK SERIES E,25.47,USD,-0.11764705882353386,12565,0.2211112401586581,342333906735.0,USD,Finance,,25.41978846394935,25.42475965937461,25.435989932234733,0.11792452830187729,0.6719367588932733,0.6719367588932733,25.45399999999994,25.369504999999975,25.443701999999966,25.490769500000024,2.0587141725537106,3.126112,40.177660948582584
MS/PO,"Morgan Stanley Depositary Shares, each representing 1/1,000th of a share of 4.250% Non-Cumulative Preferred Stock, Series O",16.56,USD,-0.659868026394739,42430,0.282490953698248,342333906735.0,USD,Finance,,16.739143025386777,16.862749881247804,17.030119287705173,-0.707518887156746,-2.069781194559441,-6.281833616298828,16.628000000000007,16.664999999999967,16.847300000000008,17.491395500000007,1.338527942579091,3.126112,40.177660948582584
MS/PF,Morgan Stanley Dep Shs Rpstg 1/1000th Int Prd Ser F Fxd to Flag,25.2798,USD,-0.0007911392405044853,17924,0.14640393895534043,342333906735.0,USD,Finance,,25.254026711735747,25.26346988050621,25.273132775004512,0.07838479809976262,0.43623361144219264,0.5161033797216821,25.259960000000035,25.192005000000144,25.272863999999984,25.289429000000005,2.043340500169741,3.126112,40.177660948582584
MS/PI,Morgan Stanley Depository Shares Representing 1/1000th Preferred Series 1 Fixed to Floating Non (Cum),24.86,USD,-0.44052863436123124,15109,0.23061295822286532,342333906735.0,USD,Finance,,24.927363922964076,24.96619497145936,25.00994268221761,0.2419354838709626,-0.44052863436123124,-0.6791849780263751,24.89797999999998,24.864589999999957,24.972235999999985,25.12560527000011,2.0094084935094325,3.126112,40.177660948582584
MS/PP,"Morgan Stanley Depositary Shares, each representing 1/1,000th of a share of 6.500% Non-Cumulative Preferred Stock, Series P",25.14,USD,-0.35671819262782345,16027,0.20259901146548345,342333906735.0,USD,Finance,,25.15125612878892,25.18677889714314,25.246254661806837,0.019892580067630814,-0.47505938242280676,-1.4504116032928303,25.156000000000006,25.065085000000003,25.192677999999955,25.450439499999952,2.032040608480577,3.126112,40.177660948582584
MS/PL,"Morgan Stanley Depositary Shares, each representing 1/1,000th of a share of 4.875% Non-Cumulative Preferred Stock, Series L",19.28,USD,-0.41322314049585895,16609,0.5423807408955535,342333906735.0,USD,Finance,,19.420169731939236,19.58713585220728,19.807750130457272,-0.3617571059431539,-2.0325203252032447,-5.8593749999999964,19.308000000000003,19.268005000000002,19.52980399999994,20.385394850000097,1.5583827737273477,3.126112,40.177660948582584
RHHBF,Roche Holding Ltd,435.49,USD,-3.1975548763545407,155,4.317548746518106,341940272249.3115,USD,Health technology,Buy,429.04726307208097,426.967126601177,424.23230422525245,1.2911369499247496,4.774507091388091,2.4682352941176493,431.8930000000002,428.3080050000002,423.0172899999998,406.3296734999999,22.968830951989627,11.924505,28.074623940908317
ACGBF,Agricultural Bank of China,0.773505,USD,15.517473118279574,1500,0.2046189313435279,339740286540.6033,USD,Finance,Strong buy,0.7066458036617568,0.7076936043096529,0.7047017539111295,0,4.666314849395143,13.10206170492763,0.679129,0.7110128999999997,0.7143129599999999,0.4974821549999999,6.5591854200706265,0.0264924,4.890422600980622
PG,Procter & Gamble Company (The),145.82,USD,-1.4796297547462995,4135861,0.4795040046074741,339556311236.0654,USD,Consumer non-durables,Buy,147.10782424266097,147.37289407433815,147.78864768495131,-0.02056907781967853,-3.2253782851075217,1.8936482426105647,145.44999999999993,147.47350000000023,147.50299999999993,148.0114499999999,22.02752307436668,1.877888,1.73974518573163
MRK,"Merck & Company, Inc.",129.29,USD,1.0078124999999938,3454737,0.4278491744464464,319323604807.1289,USD,Health technology,Strong buy,126.8988532207811,124.61123598099063,121.43484552039305,-0.4466004466004562,-0.015466707911229009,22.51492466597175,129.01,127.4915,123.53199999999998,112.24950000000001,36.38691883372734,2.220434,-48.270440251572325
BABAF,Alibaba Group Holding Limited,16.3575,USD,4.088450524976149,1038,0.05357391703784755,313679925841.8776,USD,Retail trade,Strong buy,14.7493158960124,14.98391255099213,15.568626936699612,12.05685905120741,25.706051873198867,-5.173913043478251,15.505999999999991,14.695625000000001,14.489696420000003,17.76772710499999,21.228370582573184,0.18378229443000002,-17.35061036113446
GS,"Goldman Sachs Group, Inc. (The)",1071.675,USD,1.7754373302436832,655990,0.3286473979496699,312041122779.27277,USD,Finance,Buy,1043.5730667563055,1025.2420947087917,995.0178059945126,4.5536585365853615,4.058239794927549,21.2302036199095,1038.9910000000002,1062.09125,1053.0792999999999,920.7567249999996,16.539674847440047,16.417787,42.76881720430108
CICHF,China Construction Bank Corp.,1.145,USD,-0.4347826086956429,1636,0.06651055387517482,307282595613.80597,USD,Finance,Strong buy,1.107014833577282,1.0926637140506494,1.0752088292637398,-0.4347826086956429,12.796768791252108,13.783166053860683,1.1533999999999993,1.0919280000000002,1.0871951999999998,1.0359413599999991,6.041097847181709,0.0456258,2.8443148205674262
GS/PC,"Goldman Sachs Group, Inc. (The) Depositary Share repstg 1/1000th Preferred Series C",19.08,USD,0.09600402902154574,4618,0.2218965475818658,306597673235.0,USD,Finance,,19.251288728443154,19.36412616901767,19.522672665544224,-0.2092050209205162,-1.700154559505419,-4.4088176352705535,19.06633999999998,19.210514999999983,19.43688800000002,19.905464000000055,0.2944708013988906,16.417787,42.76881720430108
GS/PA,"Goldman Sachs Group, Inc. (The) Depositary Shares each representing 1/1000th Interest in a Share of Floating Rate Non-Cumulative Preferred Stock Series A",19.09,USD,-0.1569037656903825,34283,0.5140280801501766,306597673235.0,USD,Finance,,19.21900164186175,19.298960250690122,19.429490784660505,0.20997375328083542,-1.2926577042399172,-1.5979381443298903,19.103879999999997,19.214769999999955,19.336380000000077,19.746602999999965,0.2946251362004624,16.417787,42.76881720430108
GS/PD,"Goldman Sachs Group, Inc. (The) Dep Shs repstg 1/1000 Pfd Ser D Fltg",18.79,USD,-0.05319148936171045,45365,0.3981006304320355,306597673235.0,USD,Finance,,18.953901820000958,19.03637049372286,19.1757562348641,-0.21242697822623022,-1.46827477713687,-3.6410256410256454,18.835999999999895,18.931499999999932,19.054455999999924,19.525694325000064,0.28999509215331,16.417787,42.76881720430108
NFLX,"Netflix, Inc.",73.5351,USD,-0.047437814326482634,13117523,0.33572007988042996,306195738715.6475,USD,Technology services,Strong buy,74.40681310854113,77.33283486218231,81.30696111561849,1.051394805551744,-4.592799221537467,-21.879209603739508,73.06301999999997,71.93475499999994,76.19990199999978,90.60240050000002,23.16649864532796,0.820498,35.26804738770987
DELL,Dell Technologies Inc.,470.015,USD,0.587454790592164,3546542,0.6214206968471171,304701807211.905,USD,Electronic technology,Strong buy,413.3474275431748,381.95875834704526,337.1951035467965,18.189247636290478,18.933930514436092,266.05529595015577,435.29699999999985,422.0022500000001,410.4949,218.91392500000006,37.34990980681972,4.8849,100.63934948979589
RTX,RTX Corporation,220.68,USD,1.2618730785114485,1313723,0.21903191821217577,297423264881.8896,USD,Electronic technology,Strong buy,204.27589338016045,199.0638911770798,194.8426951700664,1.8977697742069601,10.340000000000005,20.261580381471394,216.97199999999998,205.33599999999987,192.99120000000016,188.7609500000001,38.858954041204434,1.76918,24.774794568704138
PANW,"Palo Alto Networks, Inc.",364.39,USD,-0.5322924059616718,2352667,0.40097571045380964,296977847030.889,USD,Technology services,Strong buy,326.61091173162816,304.0695165767161,276.6813967073634,8.291479687360686,7.502360160490917,97.1700665548401,347.07399999999996,338.7725,311.62469999999996,216.60232499999998,299.7367771654191,0.976286,-30.432045779685268
RY,Royal Bank Of Canada,211.03,USD,1.1940155365877094,337983,0.25465938987322373,293284688311.10944,USD,Finance,Buy,206.68076101434846,201.4180043208067,193.8627474453877,0.23273487223330916,3.0269003563931007,23.236393366035966,209.93400000000003,211.10049999999995,203.87119999999982,175.2244500000002,18.644778737207716,2.8708582806000003,24.338571258428367
PM,Philip Morris International Inc,187.37,USD,0.24610775239420468,2006531,0.4018929395782078,292037421974.72815,USD,Consumer non-durables,Strong buy,186.61359716115106,183.86747833067204,180.39958308976335,-2.614345114345115,2.528043775649797,16.916261075751912,188.90199999999993,189.0295000000001,183.51260000000013,170.4162500000003,26.93297301959206,2.267091,32.011992637431455
PCCYF,"PetroChina Co., Ltd.",1.22,USD,-2.400000000000002,5584,0.40174974099228733,284082185340.0062,USD,Energy minerals,Strong buy,1.2318059958659247,1.2435233263446746,1.2448683689610933,-5.426356589147292,3.3898305084745797,10.9090909090909,1.2738,1.237929999999999,1.2403160000000006,1.2116392500000002,10.009811173855397,0.048569400000000006,-2.990429085349199
NVSEF,Novartis AG,151.9218,USD,-4.1623769871309735,732,0.07029944490329024,278100343731.50226,USD,Health technology,Buy,153.0016778726915,151.99181672777596,150.45466699844107,0,1.3487658438959205,8.8187092615142,153.58436000000006,151.20771999999988,148.7840020000001,132.57848649999977,23.360240704807875,2.226874,-13.131450997888486
GEV,GE Vernova Inc.,1030.505,USD,1.1757140192237967,820856,0.29744064855030766,274458101631.8009,USD,Producer manufacturing,Strong buy,1031.0103243270821,1019.6789575713922,983.5150133992355,5.690652499435922,-9.646038649037271,55.85610792661716,1005.613,1024.1017499999994,1023.7914999999994,842.4634249999996,29.497950467728455,4.140512,735.9407527936638
CTATF,CONTEMPORARY AMPEREX TECHNOLOGY CO LTD,81.75,USD,1.0506798516687197,2387,0.37950332284015387,273991322383.92493,USD,Producer manufacturing,Strong buy,81.46143142516436,82.0433837921245,80.9557115097122,0.9757905138339998,-6.0344827586206895,24.58092045108198,80.03700000000003,79.05537499999998,85.34014200000006,71.89394499999999,30.70314875268824,0.7765788396000001,46.720578596077964
LVMHF,LVMH-Moet Hennessy Louis Vuitton,553.68,USD,-0.7332771572512025,1245,0.655677269854645,272613881272.51447,USD,Consumer non-durables,Strong buy,555.0182708073601,559.048021340861,568.6977886420966,-1.3926981300089136,-0.7243956242566929,-26.338056276192383,553.7759999999996,549.4022800000017,557.1598080000019,622.9091659999979,22.09156149749819,13.43739915,-3.299513733008826
WFC,Wells Fargo & Company,89.22,USD,0.9390202511596316,3527300,0.2741176623546038,269801212790.7627,USD,Finance,Strong buy,85.99054402135103,84.76706381482171,83.97956960898217,1.895842850616716,3.7441860465116266,-4.372990353697747,87.47599999999991,86.92499999999998,84.18180000000001,84.86630000000005,12.962371059131193,1.842634,18.045551210811553
WFC/PY,"Wells Fargo & Company Depositary Shares, each representing a 1/1,000th interest in a share of Non-Cumulative Perpetual",22.28,USD,-0.24625027982986217,20736,0.3337104527525158,267291293415.99997,USD,Finance,,22.524925432149914,22.77276512440011,23.075725575118412,-0.4468275245755044,-1.6769638128861386,-8.275010292301351,22.298999999999957,22.321529999999957,22.739406000000052,23.837323499999997,3.2369606276332994,1.842634,18.045551210811553
WFC/PA,"Wells Fargo & Company Depositary Shares, each representing a 1/1,000th interest in a share of Non-Cumulative Perpetual",18.0841,USD,-0.5275027502750292,46635,0.48971169648060736,267291293415.99997,USD,Finance,,18.22417859752646,18.34577747534088,18.514934327361853,-0.7409440175631066,-1.7168478260869522,-6.782989690721646,18.12482000000001,18.13795500000001,18.28418199999996,18.985076000000028,2.6273572570100248,1.842634,18.045551210811553
WFC/PD,"Wells Fargo & Company Depositary Shares, each representing a 1/1,000th interest in a share of Non-Cumulative Perpetual",16.4328,USD,-0.6481257557436448,56019,0.5694301429293139,267291293415.99997,USD,Finance,,16.5634674194176,16.687977556651386,16.85911382439159,-0.34687689508792086,-1.9522673031026327,-7.577052868391456,16.45655999999997,16.478389999999997,16.615256000000016,17.308753999999993,2.3874473340113322,1.842634,18.045551210811553
WFC/PZ,"Wells Fargo & Company Depositary Shares, each representing a 1/1,000th interest in a share of Non-Cumulative Perpetual",18.315,USD,-0.4619565217391158,70494,0.35944814659390073,267291293415.99997,USD,Finance,,18.428695275544875,18.546899907588585,18.71716673231294,-0.13631406761176978,-1.7435622317596529,-6.2691914022517805,18.342999999999993,18.336000000000016,18.487400000000008,19.204164999999968,2.6609036757227953,1.842634,18.045551210811553
WFC/PC,"Wells Fargo & Company Depositary Shares, each representing a 1/1,000th interest in a share of Non-Cumulative Perpetual",16.8,USD,-0.47393364928908943,30558,0.4376476047393921,267291293415.99997,USD,Finance,,16.9700107417146,17.086462346077834,17.24671423806014,-0.7092198581560342,-2.268760907504366,-7.182320441988953,16.86199999999999,16.900249999999986,17.05339999999998,17.701190000000004,2.4407961644631704,1.842634,18.045551210811553
WFC/PL,Wells Fargo & Company 7.50% Non-Cumulative Perpetual Convertible,1175.685,USD,-0.41842244573849063,4336,0.751746736247161,267291293415.99997,USD,Finance,,1176.8854330898346,1177.8589865437227,1182.3176421818168,-0.8906217070600679,0.6166130357387313,-3.3129929192332113,1182.5219999999972,1179.8686000000005,1172.347142000001,1203.9353740000051,170.8099665843382,1.842634,18.045551210811553
BACHF,"Bank of China, Ltd.",0.7,USD,6.5124771758977404,2000,0.17883489068717306,264946233854.09558,USD,Finance,Strong buy,0.6648846373329618,0.6559615662352425,0.6434576260145844,4.525038226299694,1.6702977487291146,20.689655172413794,0.6681272,0.6660553,0.6468584199999989,0.5930235749999996,5.996836634407711,0.029436000000000004,4.854735561515836
NSRGF,Nestle S.A.,101.224,USD,4.054276315789476,239,0.09262488857884742,260370900393.14777,USD,Consumer non-durables,Buy,100.53108785813023,100.25744581703344,99.88090282608063,2.630031430599218,-2.6692307692307655,0.9453907216083685,99.74360000000014,101.25015500000019,100.42717400000006,99.32084100000002,28.337184331040927,2.8750624119,-29.240728226467745
TXN,Texas Instruments Incorporated,278.97,USD,-1.642985579804664,1774118,0.20372025396966836,254768709860.8406,USD,Electronic technology,Buy,285.30442929377955,282.0518458490844,270.8307615409659,2.25048565040503,-6.902938379135989,59.44331723487556,277.2280000000002,287.4295,296.53189999999944,228.07702499999957,42.43987038473826,2.416015,20.161231354197135
KLAC,KLA Corporation,193.65,USD,-0.9209516500383643,3199681,0.24792108102198454,252960201806.31085,USD,Electronic technology,Strong buy,207.72280031012383,205.81704123147014,196.27110561247298,8.810473675338544,-21.38275414095485,53.72585753863985,187.00000000000003,206.93649999999997,221.56016000000008,163.7866224999999,52.74985699109259,1.182632,20.77178668947594
AZN,AstraZeneca PLC,162.5,USD,4.421025575118876,4956190,1.0249862037513386,252018956216.9932,USD,Health technology,Strong buy,172.96132465575724,176.8056321777636,179.778063782903,3.3945216810358594,-14.563617245005254,-12.190640873230304,163.41400000000021,168.21199999999996,177.3947999999999,184.2224705,24.594544815235885,2.633408,16.99983418892952
MBFJF,"Mitsubishi UFJ Financial Group, Inc.",22.4925,USD,11.625310173697278,250131,2.3849006160309147,251511135000.0,USD,Finance,Strong buy,21.076750412424392,20.43431335371985,19.694512661034835,0.4129464285714337,4.982497082847137,33.131103876886655,21.74099999999998,21.72717500000001,20.607475999999988,17.950358499999997,15.445880079934879,0.40749894726999997,31.432802914254133
ANET,"Arista Networks, Inc.",197.955,USD,3.907931342186773,11845605,1.4612287833971638,249265450764.04822,USD,Electronic technology,Strong buy,176.51713753374457,170.13972562407068,162.8572030294946,13.493292053663586,21.545451754520617,47.67251025736665,184.94499999999985,176.85125,169.18670000000003,146.57127999999994,67.7835228050952,1.049075,23.546831373212623
SMAWF,Siemens AG,324.888,USD,0.11093033574913622,128,0.08680908782638183,247650488981.84067,USD,Producer manufacturing,Strong buy,313.59375325186926,308.70998235026127,302.28991626671996,0.9376456333302179,4.8025806451612825,14.043807919123836,322.3420000000002,310.0831000000002,309.87270800000005,288.3278204999999,28.72300621754491,2.94615847728,-15.273050717717544
RYDAF,SHELL PLC,44.362,USD,-2.1354511361129416,989,0.2630039357515158,245670627028.08594,USD,Energy minerals,Buy,42.49682927600171,42.211347029065145,41.8253565223339,-2.6123990165086006,18.77376171352075,21.62302947224126,44.79219999999998,43.08608000000005,41.93381599999998,40.35295799999998,9.91439799441039,1.390072,90.45218979921563
C,"Citigroup, Inc.",138.55,USD,1.2274420983414969,3332849,0.33553377486195934,237600421590.00586,USD,Finance,Strong buy,134.99441525805892,133.2150577947252,129.60705525078274,4.5897184268136275,-2.340170578698804,18.206637658902842,134.752,133.732,135.82480000000007,119.36129999999991,14.955904100864648,2.6814,36.96699982257968
LRLCF,L'Oreal Co.,443.95,USD,-1.8244139761167626,86,0.06736644211185963,235867621862.6587,USD,Consumer non-durables,Buy,436.9424344051855,435.96399363152227,435.083517736985,-2.280381237481018,-0.7067611997047762,1.7953774190589709,445.96000000000083,433.04250000000064,438.2951299999988,433.96678450000036,32.97597490309619,7.433516174999999,-0.009214233049873085
AXP,American Express Company,348.26,USD,0.4470595021776157,685844,0.2087538402246191,235183390185.60684,USD,Finance,Buy,339.3708257783171,335.7935996026903,333.26373914998686,2.1589909064241755,-1.121490020158425,-5.748308525033832,342.69200000000035,345.87999999999977,335.71299999999957,339.7103749999999,21.129717267321926,4.556075,15.718377892608398
C/PR,"Citigroup Inc. Depositary Shares, Each Representing a 1/1,000th Interest in a Share of 6.250% Noncumulative Preferred Stock, Series II",24.69,USD,-0.04048582995950612,34681,0.20253571136573345,234719377142.0,USD,Finance,,24.805090983508887,24.87124854065655,24.95188092766506,0.3658536585365848,-1.7508953442100985,-1.515755883526123,24.621000000000016,24.77325000000001,24.914136000000003,nan,2.6651842096741114,2.6814,36.96699982257968
SAPGF,SAP SE,195.35,USD,0.563692054258577,3681,0.043342851255482616,228082649481.7281,USD,Technology services,Strong buy,173.3882986623858,172.88228037370698,177.9354545854796,2.202574029507172,21.952742141898423,-19.23013313487142,188.90560000000036,167.84194999999974,167.4754759999999,201.46460499999995,25.078152940906413,2.11151635455,19.001243411625975
LIN,Linde plc,490.05,USD,1.1162925057774895,918371,0.3934238396671831,225903335987.31296,USD,Process industries,Strong buy,504.93233208638554,505.997170359986,501.7180070031087,1.4445051669316393,-9.870889428382258,14.959650933658638,488.434,508.2974999999998,512.8247999999999,474.5922000000002,31.640216422825116,4.528382,10.101512738853511
IBM,International Business Machines Corporation,237.11,USD,0.8335105251966863,2403907,0.25952202808117547,223389481646.92288,USD,Technology services,Buy,242.10701834946448,247.21258426568414,252.094545956042,3.845311610388473,-17.7686451993272,-20.315230541739478,228.79200000000006,229.87100000000015,259.77299999999997,269.81905,21.046698443976958,2.885633,82.7337312658146
AMGN,Amgen Inc.,409.83,USD,5.079226706322753,2684674,0.9177219300576105,221188626667.00552,USD,Health technology,Buy,376.40061443034267,368.0379795514607,360.35536867709,5.490347490347487,10.258272800645681,24.65553426407519,390.3039999999998,374.57099999999906,359.14769999999953,345.2876749999996,28.501585623678643,5.808787,31.258158449643542
BHPLF,BHP Group Limited,43.4,USD,3.33333333333333,325329,4.322832166020226,220501945125.11563,USD,Non-energy minerals,Buy,41.964760528877804,41.453268126482804,40.23237851621857,0,4.6287367405978825,53.41109932838459,42.168,42.085945000000024,41.78966600000003,32.826747155000035,20.855164582087248,1.336751,-1.0764221517754036
BCDRF,Banco Santander S.A.,14.8,USD,0.33898305084746244,1293,0.019437646195753486,217172095986.2364,USD,Finance,Strong buy,13.774413431123063,13.452342167054018,13.031620592889494,3.8596491228070224,1.858224363386107,22.253428052205525,14.25399999999999,13.849100000000002,13.401111999999987,12.058703499999996,11.913071271974106,0.29492410572,25.44556856360393
CRWD,"CrowdStrike Holdings, Inc.",212.85,USD,0.771707224694629,2797703,0.3857509591885795,216736488435.6661,USD,Technology services,Strong buy,189.28273024105252,177.97103011097363,163.948237415487,9.693877551020408,12.315972771885392,79.62025316455696,200.53799999999998,194.32850000000002,184.12175,133.95813750000008,nan,0.292054,73.039496279336
APH,Amphenol Corporation,173.885,USD,1.4912741493025028,2151478,0.2802108551265768,214397341754.5614,USD,Electronic technology,Strong buy,159.3694408678326,155.33014129018096,150.6404387612119,10.242186014074687,3.502976190476185,26.812281213535577,165.81500000000005,157.27424999999988,156.49569999999994,142.7953250000001,43.5311052697459,1.42194,59.36564931178935
TMO,Thermo Fisher Scientific Inc,576.7425,USD,2.1235059760956085,487927,0.19829076237664767,213248972905.60556,USD,Health technology,Strong buy,541.8575994122873,527.2164176709348,518.9755798075896,0.1289062499999913,10.91201923076922,-0.4758412424503969,573.3689999999999,551.0637499999996,512.1385,531.347375,31.02400727264903,6.405482,7.601479432074029
CBAUF,Commonwealth Bank of Australia,125.6,USD,2.7234808211335557,697,1.032133866429735,209977750246.48517,USD,Finance,Neutral,117.37141444986534,114.65983181616542,111.42299728393785,0.8835341365461802,1.2250161186331368,28.64898084605142,121.756,112.17429999999999,106.79458154000002,79.38373774499999,30.456814141098803,2.22578520791,17.269317980189356
SNDK,Sandisk Corporation,1416.385,USD,-0.786974124767088,7088931,0.39253465465767307,209752124561.31802,USD,Electronic technology,Strong buy,1512.9041725320694,1490.6903920168118,1359.3994579070447,22.118999172299635,-22.546044141129123,479.6541845713117,1324.6025000000004,1461.331125,1703.51025,861.6482625,49.2362803341317,34.962775,nan
SFTBF,Softbank Group Corp,36.231,USD,1.7378381780651744,7576,0.4448698450354381,206824822718.25912,USD,Communications,Strong buy,36.295100394739215,36.49211840730723,35.559791362744534,9.641398093508851,-5.6730018224420595,28.93594306049822,33.8745438,34.91048095,39.96917638000001,32.74133547000001,6.596341956484059,0.134881297265,325.63050279147217
IDEXF,Industria de Diseno Textil Inditex SA,65.98,USD,-0.12110202845897411,2509,0.4248078290609868,205357854124.0966,USD,Retail trade,Strong buy,63.459853481640266,62.9911689382295,62.48516427943223,0,0.7289798099309283,-0.5164159975875474,64.77550000000001,62.62600000000002,62.520714000000005,61.66726250000001,27.863849679607117,0.6112367949999999,10.833829127400978
TD,Toronto Dominion Bank (The),121.23,USD,1.5411676019767178,452549,0.2127228424177853,204817589201.0696,USD,Finance,Buy,119.28996425129897,116.6577478041076,112.28473494787009,0.5140535610645921,1.1936560934891542,28.421610169491522,120.29000000000005,120.79600000000012,118.4617999999999,100.24660000000003,19.4409910835401,1.7458143939000001,-10.785457988270956
NONOF,Novo-Nordisk A/S,44.97,USD,1.0561797752808963,6399,0.6734229967796931,199345313601.21667,USD,Health technology,Buy,46.734805279319175,46.183423395316076,46.014473593394136,-4.2987869759523365,-10.257433645978846,-12.253658536585368,46.22100000000006,48.70706500000007,46.652196,46.597314899999986,10.636714284755328,0.7514297342,24.473615497595326
KXHCF,KIOXIA HLDGS CORP,358.9952,USD,1.6537214537526126,1345,0.04066712221906426,196734781698.04413,USD,Electronic technology,Strong buy,380.1724355181313,374.83687635626427,337.57324443340553,20.84532265122699,-29.331653543307088,363.15985034189134,321.5453599999999,387.86871,449.87065199999995,nan,23.37280332554011,16.374588866539998,440.5555125904505
SBGSF,Schneider Electric SE,347.995,USD,0.21454283657307546,518,0.2457422078846245,196516157896.18793,USD,Producer manufacturing,Strong buy,323.73851172256184,319.11204127771657,313.42365171605917,3.569940476190477,10.569376926254245,25.178057553956833,338.419,313.29307000000006,315.9270980000001,298.15737850000016,36.76986073692952,6.61013161569,6.250616539213707
TOYOF,Toyota Motor Corp.,18.434,USD,-1.8423855165069225,2730,0.10181362512446995,196147085011.71915,USD,Consumer durables,Strong buy,18.193730050850313,18.438731743685867,18.928243166743766,0.1303639326453064,10.383233532934142,-12.635071090047393,18.817399999999985,18.118100000000005,17.961979999999993,20.421781500000005,8.531702501167926,0.376979080764,-4.5066010019637295
EADSF,Airbus SE,248.875,USD,0.7224088388846156,403,0.03838826443132025,195921411270.23236,USD,Electronic technology,Strong buy,229.61750698238797,224.08917725941265,220.35421084988428,2.8621616036371202,5.980922369373583,2.565423449412732,241.19580000000002,231.39695500000008,220.93238399999981,221.1141244999998,28.983032204836256,2.05323804891,16.837125669636364
STX,Seagate Technology Holdings PLC,872.12,USD,3.166735671615305,1765591,0.30489716454898247,195554579931.74127,USD,Electronic technology,Strong buy,855.4033584188847,822.8713317541623,751.9896102664535,6.61483355949194,0.9842291748685764,209.29531510444372,851.2679999999998,842.667,893.8516000000001,527.77925,62.848701041328866,7.246756,104.87966927506275
MCD,McDonald's Corporation,274.125,USD,2.1558470597003896,1878940,0.3898384643716516,194767416043.39597,USD,Consumer services,Buy,273.60404345803204,277.65251756718516,283.81884342443186,-0.5748794022704943,-2.119188745268872,-10.208326509220747,269.3549999999999,269.1712500000002,274.1043999999997,299.9659999999998,22.597251646621437,3.407165,7.012173606210305
VZ,Verizon Communications Inc.,45.91,USD,-2.0691126279863608,16544278,0.5877241243171365,190745742529.27686,USD,Communications,Buy,45.56774418985087,45.74945048830772,45.83644407998345,-2.9797125950972183,7.016317016317012,12.607309296051,46.61399999999999,44.868999999999936,45.38369999999995,44.71947500000024,11.955729166666666,1.27855,-10.788960133816568
TTE,TotalEnergies SE,85.405,USD,0.25237703955863766,669398,0.4735777961389357,190639994287.82236,USD,Energy minerals,Strong buy,84.33161530602621,84.26136923773643,83.34538478797873,-2.37197073616827,11.962788259958085,30.557677616501145,86.53699999999998,83.47225000000006,83.48070000000013,77.672525,10.765199539450482,2.93221,30.520378387619672
ALIZF,Allianz SE,500.9175,USD,0.8734745660316635,805,2.732518669382213,189694487767.9629,USD,Finance,Buy,479.06098810618755,469.86823129266776,460.3433555036563,0.27374637173456245,6.4671937767008885,12.104715439876472,490.57499999999936,482.9076949999999,464.296627,441.7107505000002,15.411238766384741,nan,nan
MRVL,"Marvell Technology, Inc.",216.18,USD,-1.1025207008554814,8622744,0.37138481168215337,189323181169.88217,USD,Electronic technology,Strong buy,214.10172496583212,209.12422177382425,192.5334300207798,19.754043873255036,-15.163644925829992,149.22757666589808,199.88099999999997,202.3087500000001,240.5485,136.8912500000001,73.87233460907599,0.92758,nan
PEP,"PepsiCo, Inc.",138.68,USD,-0.301941049604592,2453865,0.31793538350228046,189283158681.45966,USD,Consumer non-durables,Buy,140.19432492157725,142.4232846239044,144.92501365800243,-1.7011624610150309,-3.854686633388798,-3.1699483312386483,139.43399999999968,138.10749999999993,140.88239999999942,149.55904999999976,18.188256587144412,2.299575,39.01002734731084
WDC,Western Digital Corporation,547.4875,USD,-0.19551188566428304,2893231,0.39702311601568485,188709156209.3939,USD,Electronic technology,Strong buy,539.1687359912964,520.1279428489964,476.6571077805553,4.411610454749155,-3.441358024691366,208.9658577878104,540.2295,526.628625,565.15275,338.1574874999999,32.68172348541377,3.31045,218.5112653294039
BA,Boeing Company (The),238.49,USD,0.5608028335301115,2162937,0.31599468359617683,188495343045.73553,USD,Electronic technology,Strong buy,222.21651671063466,221.6623939339037,221.29380113595334,7.914027149321271,4.992295839753469,9.323859729543894,229.23599999999973,217.97149999999965,219.86940000000024,218.7219500000006,108.61189543674287,-0.197882,nan
SCHW,Charles Schwab Corporation (The),108.285,USD,1.8194640338504957,2210822,0.3310690986056616,188322284704.44513,USD,Finance,Strong buy,101.16036655324352,98.7276815166252,97.03002469754854,2.290761382958622,11.415783516822719,8.534629648190839,106.01500000000001,103.36175000000006,96.16050000000003,95.75532500000008,19.697135061391542,1.670315,48.00904611905337
HESAF,Hermes International SA,1795.4,USD,-0.7517965726920901,62,0.878186968838527,187877188761.36325,USD,Consumer non-durables,Strong buy,1844.8136808335314,1883.4068614743899,1953.3806443235583,0.9502389654203032,-3.2129380053908307,-27.95923280635582,1783.3770000000034,1851.473485,1871.2454849999945,2192.483858250002,36.56150332306433,27.2783238,-2.3165420444525715
BA/PA,"Boeing Company (The) Depositary Shares, each representing a 1/20th interest in a share of 6.00% Series A Mandatory Convertible Preferred Stock, par value $1.00",73.18,USD,0.6879471656576774,20528,0.031123255703592836,187444150936.0,USD,Electronic technology,,68.88379371940694,69.05790640466795,69.38186322018434,5.385944700460843,4.76735862562636,5.355600345522622,70.54600000000003,67.57700000000003,68.53261199999996,69.75827799999995,33.32726113489389,-0.197882,nan
SHOP,Shopify Inc.,143.78,USD,16.609894566098948,23566538,1.9295184912443242,186576789471.85355,USD,Commercial services,Strong buy,122.88266914902431,120.87849908342513,121.41145678008058,19.45829179129279,20.864156018829867,-11.350884764782043,124.72799999999998,123.49749999999995,117.49279999999997,132.7514,141.0000254502202,0.443006697,-13.11099438612342
TMUS,"T-Mobile US, Inc.",173.3775,USD,-2.162688335872699,2135504,0.3636473981984173,185977132724.9874,USD,Communications,Strong buy,180.52371457541363,183.75461216535865,188.3849184131601,-1.0345910154689195,-3.5881109937162954,-14.275648949320148,174.74550000000013,183.01187499999986,182.6801499999998,198.2929375000003,18.144072585708905,2.890394,-9.885985345014564
SCHW/PD,"The Charles Schwab Corporation Depositary Shares each representing 1/40th interest in a share of 5.95% Non-Cumulative Perpetual Preferred Stock, Series D",24.19,USD,-0.07105324035823636,57412,1.0268884806836862,184957057564.0,USD,Finance,,24.190993457836655,24.281058922396888,24.411505473837348,0.041356492969402664,-0.4526748971193392,-3.4331337325349276,24.149119999999993,24.122450000000008,24.23226199999995,24.786733500000054,4.4001819008640295,1.670315,48.00904611905337
SCHW/PJ,"The Charles Schwab Corporation Depositary Shares, Each Representing a 1/40th Interest in a Share of 4.450% Non-Cumulative Perpetual Preferred Stock, Series J",17.345,USD,-0.3160919540229869,31242,0.3802506280306128,184957057564.0,USD,Finance,,17.414247991437076,17.52793523082575,17.732940374408315,-0.2587694077055877,-1.2805919180421252,-7.739361702127669,17.374999999999993,17.380244999999984,17.427198000000022,18.41308050000005,3.1550704865848114,1.670315,48.00904611905337
ADI,"Analog Devices, Inc.",377.39,USD,-0.7625759288963775,905803,0.20960870132867596,183821780696.476,USD,Electronic technology,Strong buy,381.7618856556571,382.07734246425196,373.4108159824036,3.964187327823688,-2.7107152524458273,37.197804195295745,370.7280000000002,377.68449999999996,396.39520000000084,333.25702499999977,56.08244665041907,3.337881,83.19222497481829
BLK,"BlackRock, Inc.",1124.0,USD,-0.630343108219224,141061,0.217385441566249,182765007171.62482,USD,Finance,Strong buy,1066.1003878169417,1055.161381940173,1049.9030255293196,2.175316116247154,12.542929520491022,4.905547674158137,1114.104,1070.8324999999998,1037.2032000000002,1053.3710250000001,27.573416675048264,14.277636,-1.474835706396028
ABLZF,ABB Ltd.,100.994,USD,1.4546039017137737,1067,0.7804842367054349,181501821526.00305,USD,Producer manufacturing,Buy,100.46284377117152,100.04891970150715,97.6568457937125,4.072463469425608,-6.7133435554488194,32.08736594297673,99.31560000000007,98.90644999999999,102.88985799999999,87.80974600000003,37.240078950412816,0.802919,9.205428799197774
ABT,Abbott Laboratories,104.795,USD,-0.6305708325431367,2062599,0.22448848631234472,181335516430.9712,USD,Health technology,Strong buy,99.68058961016659,98.22452599754249,99.27196519339,-2.832637923041254,10.310526315789476,-15.962309542902966,105.73700000000015,100.61675000000012,94.38029999999998,107.98432500000008,33.872583877432284,1.418823,-61.310089540293134
NEE,"NextEra Energy, Inc.",85.66,USD,-1.7660550458715667,5966894,0.547709950238102,178684892482.33118,USD,Utilities,Strong buy,87.76002712372579,88.28652833830891,88.4249820356249,-1.2564841498559118,-2.857790882286244,6.476072094468606,86.85200000000003,88.29850000000008,87.2294000000001,87.7163,19.219636967398863,1.205623,55.29809401024427
TJX,"TJX Companies, Inc. (The)",159.37,USD,1.1551888289431882,1044724,0.23440761293202947,176056754439.29248,USD,Retail trade,Strong buy,156.7938566869293,156.80350645225488,156.34671213748507,0.0502228639588251,4.170207203085166,3.9934747145187632,158.204,155.35099999999994,157.5559999999998,154.66000000000003,30.958254822354746,1.194372,21.384107521810904
RYCEF,Rolls Royce Holdings plc,21.123,USD,3.5441176470588367,44882,0.904933766155211,176044070182.50058,USD,Electronic technology,Strong buy,19.07512651331232,18.519578180177493,17.915550166124156,5.089552238805968,5.141861622697866,32.018750000000004,20.227100000000007,18.95612499999998,18.362093000000005,16.604817249999993,44.07598647485067,0.2850162066,-48.87270983629726
UNP,Union Pacific Corporation,295.97,USD,-0.12822675889994783,927839,0.26665602539833555,175828529501.16458,USD,Transportation,Strong buy,288.967261414188,282.195245379184,273.80630318626396,1.1863247863247957,4.653300802659038,27.931705208558476,293.02800000000036,294.18150000000014,279.0767999999999,251.7375999999999,23.967705102561407,3.451016,7.263409337676438
ETN,"Eaton Corporation, PLC",448.98,USD,0.9465566472558933,927070,0.3204271430999756,174383824951.91144,USD,Producer manufacturing,Strong buy,414.9449161687635,408.4493136425756,399.98648786327414,8.46499492680099,10.697995512709891,38.91278116394915,426.8140000000005,407.5960000000001,407.0204000000005,375.29070000000013,45.68236622813711,3.511233,-1.1197633707593861
DIS,Walt Disney Company (The),100.125,USD,1.9810552047260062,9560357,0.7512092976940158,173868199713.1824,USD,Consumer services,Strong buy,98.36083908375849,99.2222678547963,100.58224758671285,2.5660725261216917,1.289833080424892,-11.737482369534554,97.75899999999999,96.85524999999983,98.86709999999972,104.51069999999976,16.02,1.75987,27.6526214742346
SAFRF,Safran SA,416.75,USD,1.0234456812628427,174,0.11045515139973339,173748996162.71817,USD,Electronic technology,Strong buy,385.9074871180003,377.16037689522966,369.25031241156444,3.938074605465533,1.9661670507983582,17.2299140923437,403.81960000000026,384.493575,373.9553199999999,358.180263,39.17495359754242,6.38593861254,-12.613479086397206
RLLCF,Rolls Royce Holdings plc,0.0016,USD,23.07692307692309,78095,0.07929962473949269,171387835790.3928,USD,Electronic technology,,0.0015705073470058948,0.0017147793872086922,0.001968927392941922,23.07692307692309,0,-51.51515151515151,0.0013959999999999997,0.0014840000000000003,0.0015582200000000017,0.0026005550000000027,0.00333861564928093,0.2850162066,-48.87270983629726
WELL,Welltower Inc.,236.4,USD,2.085762404456541,672298,0.20613567434820476,170384107805.7158,USD,Finance,Strong buy,233.41698050119803,227.99480996560726,221.03047413588314,0.5700672168807979,0.2247000466358592,27.363827379990294,234.22799999999984,239.5895000000001,224.9817999999997,205.09019999999973,nan,0.616069,-145.4237568148026
RTNTF,Rio Tinto Ltd.,121.112,USD,-0.051990922219931825,124,0.4347826086956522,168169068780.43472,USD,Non-energy minerals,Buy,116.6572066453399,117.56736564160927,116.22493938883697,4.218225626021859,0.2981317079634287,25.935322865758547,114.00180000000003,121.20455,117.19458000000003,90.53762699999996,16.137311901969767,3.978316,17.963441886553543
BX,Blackstone Inc.,135.16,USD,-1.4868804664722977,1438202,0.2522961956726719,168113769769.22452,USD,Finance,Buy,127.06367165600005,125.3741632608914,125.67150124046067,5.511319281811087,9.503362229603816,-12.878690215289412,132.57199999999992,127.93050000000001,122.51019999999997,131.59829999999985,30.320568903246066,1.365946,20.325532431775855
DBSDF,DBS Group Holdings Ltd.,58.948,USD,-1.1205045625335468,691,0.08864884281828911,167510614638.73367,USD,Finance,Buy,55.612414974116604,53.59548956926996,51.364934099271466,-1.8580181140117205,10.846182775479505,31.65382467895031,58.74970000000004,57.17284999999997,53.34114000000002,46.72596249999996,19.68508407068357,nan,2.9161631783345485
BUDFF,Anheuser Busch Inbev SA NV,84.27,USD,0.3214285714285667,1702,0.032398621059865115,167177858237.21637,USD,Consumer non-durables,Strong buy,82.17183500259837,81.00049475785798,79.08708524600212,-0.6952627857647932,3.0951798385123577,32.43752946723243,84.38400000000004,81.97710500000004,80.29559800000001,69.23845900000006,18.535435939752432,nan,20.04971040723947
DE,Deere & Company,615.145,USD,-0.3603997602734216,197486,0.18128755787154974,166050664579.0523,USD,Producer manufacturing,Buy,601.7538755468086,594.8369226921646,584.4607639213565,2.029324443117549,-0.6468545586691424,32.00536480686695,605.9429999999995,602.97025,593.2123000000003,550.2608749999995,34.85892546481779,4.713597,-14.629402971355596
SCCO,Southern Copper Corporation,198.82,USD,1.8753843000614863,431968,0.41902007031716454,165881824755.3355,USD,Non-energy minerals,Buy,183.24913956775188,181.5968136450079,178.58992560037578,10.204534116734104,13.107293207418358,38.084684582583826,189.52000000000004,181.91350000000003,182.00199999999964,169.43574161630005,29.425171678901254,1.843448,55.9165589809858
RTPPF,Rio Tinto plc,96.7474,USD,3.1532146284251974,7862,3.50606493043168,165762229577.28522,USD,Non-energy minerals,Buy,96.2566938878227,96.49579243628521,94.84647089108185,3.1532146284251974,2.6388712072989535,17.611718939946503,93.24748,101.84486500000001,97.62926199999998,77.04181299999996,13.27096271386544,3.914867,9.380617001433162
QCOM,QUALCOMM Incorporated,157.7,USD,-3.055265260957767,4470571,0.3176053444603485,165621882071.7465,USD,Electronic technology,Buy,172.99768612554686,177.50546153731065,176.99997716594427,7.865937072503421,-11.46915174310897,-9.26247712862059,154.23,169.00000000000006,194.86659999999995,168.92530000000002,18.251469839359288,2.238597,-16.66602368735774
UBS,UBS Group AG Registered,53.72,USD,0.4863449307893715,965100,0.48233986863622863,162660008726.99493,USD,Finance,Buy,51.50450704468099,50.011741324720575,48.17575220648346,1.5309015309015355,4.088354969967059,15.27896995708154,53.21200000000003,52.65950000000002,50.48420000000004,44.231300000000026,18.642569482169975,0.918159,40.501481459897725
GILD,"Gilead Sciences, Inc.",130.54,USD,-3.4824399260628525,5597923,0.8323450153527242,162074524853.91522,USD,Health technology,Strong buy,130.415029095131,130.88481000663177,131.34989813140763,-0.42335710744117383,-1.7609873570138497,6.57196505837211,131.68599999999998,131.91950000000003,129.7647999999998,131.9826999999999,17.76199417639535,2.107905,54.53876400950438
TOELF,Tokyo Electron Ltd.,356.176,USD,-5.183576113808681,512,0.04317068440711979,161901850812.01306,USD,Producer manufacturing,Strong buy,383.45732793194884,376.85588138893826,355.77316210262114,2.0848261116302003,-24.46056287247354,58.40604847676228,352.9011999999997,390.3904999999997,406.05106,288.8597265000002,42.76285156048255,2.618605652655,3.193830359267368
SMFNF,Sumitomo Mitsui Financial Group Inc.,42.005,USD,2.7205477777098594,229,0.0023757971629454503,160394154281.00897,USD,Finance,Strong buy,41.74943687540168,40.76242657822515,39.290019241535646,0.2266762109281937,-3.091475372015218,30.75486381322958,42.18975999999999,42.907,41.063930000000006,35.19098749999997,15.330794649095369,0.785585760982,29.943258498684028
T/PC,"AT&T Inc. Depositary Shares, each representing a 1/1,000th interest in a share of 4.750% Perpetual Preferred Stock, Series C",17.1729,USD,-0.849307159353359,180569,0.8043642694040535,160208772902.0,USD,Communications,,17.479139518283322,17.718892058585418,18.015241259841407,-0.44695652173913913,-4.329247910863514,-10.183577405857754,17.23458000000002,17.336145000000037,17.733490000000014,18.743868499999998,5.67905684711796,0.602382,72.38057234066811
T/PA,"AT&T Inc. Depositary Shares, each representing a 1/1,000th interest in a share of 5.000% Perpetual Preferred Stock, Series A",18.06,USD,-0.7692307692307724,118847,0.6364845244936246,160208772902.0,USD,Communications,,18.516218111741317,18.810280885938926,19.151944293822414,-1.0410958904109657,-5.147058823529414,-10.770750988142291,18.178000000000047,18.345999999999915,18.839654000000017,19.94054199999999,5.972419722874434,0.602382,72.38057234066811
BBVXF,"Banco Bilbao Vizcaya Argentaria, S.A.",28.665,USD,-0.5723204994797058,489,0.016897261883370884,159573802513.45792,USD,Finance,Buy,26.057638106089527,25.254958883020368,24.439940906998444,2.594846098783099,9.096098953377739,19.437499999999996,27.93599999999999,26.101049999999997,24.8198,23.007867500000007,12.992743461444572,0.59260140828,3.548292138816273
BKNG,Booking Holdings Inc. Common Stock,205.25,USD,5.651927729448699,5754934,0.8695459953857779,159043798785.3876,USD,Consumer services,Strong buy,185.80735752060974,181.9250970613642,180.7998320420538,3.547609197953774,10.655848181793669,-4.210357322202292,195.6739999999999,185.32099999999954,177.21459999999982,185.3331599999999,26.98385570046277,4.494072,18.312049898119483
HTHIF,Hitachi Ltd.,34.941,USD,-1.7241379310344813,13002,0.33118098804111107,158008456798.82495,USD,Producer manufacturing,Strong buy,31.001769807128802,30.79882244860125,30.849952503701896,4.270367054610578,12.749273959341737,5.402714932126709,33.6238,30.51962000000001,30.405388000000002,31.732587500000005,32.12891501379775,0.319952297361,13.677495643590385
IBDSF,Iberdrola S.A.,23.915,USD,0.46208779668136707,4269,0.6706780619619179,157711213556.29602,USD,Utilities,Buy,24.065949576083142,23.882177494159667,23.53501752247855,0.5254308532997058,-3.3737373737373773,10.820203892493055,23.703999999999994,24.08975000000003,23.86189999999999,22.604684500000012,19.50468592677968,0.27249961722,28.866412114058658
T,AT&T Inc.,22.985,USD,-1.6894781864841728,30655095,0.4813117034235525,157502080630.98672,USD,Communications,Buy,22.931360948889427,23.32099965637194,23.95477836343064,-2.852916314454779,10.771084337349395,-7.281161758773698,23.283,22.69975,22.730700000000038,25.15292499999996,7.601111147855419,0.602382,72.38057234066811
CRM,"Salesforce, Inc.",191.665,USD,0.35342164511230056,4042090,0.3261740161281148,156973639514.90042,USD,Technology services,Strong buy,175.7386789179975,176.0017628684384,181.08209943213748,1.4154188052277807,16.87602902616012,-27.67358490566038,186.66700000000003,173.9652499999998,171.66770000000014,204.28342500000028,22.186530536648608,3.275434,35.12270658345455
IBKR,"Interactive Brokers Group, Inc.",89.68,USD,1.1847004400316048,1732907,0.38092559027071304,152116302473.19998,USD,Finance,Strong buy,89.68541323841289,87.981469240899,84.82082222898622,3.0449270366540335,-2.5111425154908016,37.10441828466597,88.90599999999992,91.78799999999994,90.62920000000003,76.31037500000001,35.749023359642834,0.695756,31.567629936539564
DTEGF,Deutsche Telekom AG,31.53,USD,-1.576400811612285,906,0.10353694074624308,150795706449.76483,USD,Communications,Strong buy,31.138930701307316,31.680140973105594,32.41111797939816,-4.134995439343263,8.462332301341592,-3.282208588957056,31.453399999999988,30.879075000000007,31.299054000000016,33.48017250000001,15.045737711287789,0.6403427634600001,-21.039392916282
SMEGF,Siemens Energy AG,176.0463,USD,-0.16089151023649423,419,0.06221139997921337,149977705334.333,USD,Producer manufacturing,Strong buy,176.77100311154027,179.32285239740514,178.7711712540204,2.951052631578949,-8.30921875,25.747357142857144,171.11826000000002,170.51930000000004,179.62677400000013,167.86507650000004,59.9654573312756,1.32631653422,1156.3335310399368
UNCFF,UniCredito Spa,97.8075,USD,-0.9544303797468309,901,0.15126078635463183,147489111754.23447,USD,Finance,Strong buy,92.54447624495899,90.33406849912456,87.75690447679324,2.1035049716835874,3.286868366862043,19.27743902439025,96.36950000000006,93.79020500000007,90.34750799999996,82.38131450000004,nan,2.14893585063,nan
FRCOF,Fast Retailing Co. Ltd.,464.99,USD,-9.80306579183458,4,0.05925925925925926,146149842154.54303,USD,Retail trade,Strong buy,487.2228861777607,483.18608979638583,470.0099320864604,-10.56921514624651,-17.33511111111111,23.585382059800665,495.3835,491.09512499999954,499.5967000000003,410.38830649999994,43.77186877014841,1.8690296406929998,18.07124525274873
PFE,"Pfizer, Inc.",25.49,USD,0.3148366784730354,16906168,0.4384333164101036,145278822804.07358,USD,Health technology,Buy,25.07859691933502,25.272181111596502,25.504996881776663,1.3518886679920472,5.526806044297235,2.0416333066453083,25.170000000000087,24.856999999999996,25.050600000000042,25.845100000000013,19.5430499118301,0.779036,-5.382662314109543
CILJF,China Life Insurance Company Limited,3.65,USD,-2.6666666666666687,54753,3.882778427826827,143891843026.60638,USD,Finance,Strong buy,3.6422814659032423,3.6445772963422662,3.641076997748895,-4.199475065616801,-2.7962716378162447,-0.5449591280653956,3.705999999999998,3.616000000000008,3.6522499999999973,3.681061249999999,4.785111560366227,0.6799716,44.48759727960711
APP,Applovin Corporation,423.285,USD,0.8541815582559058,3470853,0.5408939874258561,142198364762.7767,USD,Technology services,Strong buy,443.63538374712743,456.96123061896225,468.5257212263672,3.064280496712938,-17.784791686899094,-38.05917731243689,409.7829999999999,428.34625000000005,486.6061,517.5374999999996,37.33923184135778,3.75577,104.69844709281328
DHR,Danaher Corporation,200.74,USD,3.0598624088715516,1162326,0.1887756260468878,141117425614.27866,USD,Health technology,Strong buy,194.59826571363723,192.61873748934266,192.94724456037508,1.72291476639303,2.7801955865035106,-12.267820462392374,196.8340000000001,196.16699999999963,189.20679999999993,203.55675000000025,35.642122831625855,1.919647,19.62321056879488
COP,ConocoPhillips,115.7,USD,-1.8992708156689802,2761829,0.45585559911246865,140956612390.99966,USD,Energy minerals,Strong buy,115.3491297542806,115.08803246938251,114.23122236970025,-2.3958157583937942,10.876856732151422,23.597906206601863,118.46199999999996,115.66350000000023,113.40220000000005,108.18587499999995,19.672855879752433,2.90116,-25.34653465346535
ADTTF,Advantest Corp.,201.75,USD,-2.0559749496322612,147,0.27101769911504425,140734798233.03122,USD,Electronic technology,Strong buy,187.8717646085616,182.24223420926273,172.8308065114354,-0.45393990230423226,-1.323029517497744,37.73211359912617,199.06700000000004,184.67675,173.454086,86.11069159374998,52.04783014270179,1.334203411948,81.0400591816926
CFRHF,Compagnie Financiere Richemont AG,238.64,USD,-0.06909403069450827,241,0.06055885013569203,140025323355.1612,USD,Consumer durables,Strong buy,229.33178754367623,223.18174818794148,216.23638820966977,-2.5800130633572915,5.3923950006624475,12.560728267534548,236.07249999999976,234.0297149999998,224.76183599999982,205.16334149999994,34.697768527358114,4.170724275,37.975213456299976
PIAIF,Ping An Insurance (Group) Company of China Ltd.,7.4,USD,1.9283746556473909,1885,0.051657705356506683,139963240976.0484,USD,Finance,Strong buy,7.083934035000642,7.208209936955505,7.387321454393962,0,17.647058823529417,-10.789632308619645,6.904999999999999,6.820045000000003,7.516442000000001,7.603448890000005,7.204743427042957,nan,14.5776861270325
BNPQF,BNP Paribas,126.589,USD,-0.09549364691026369,8940,2.3792415169660677,139836553960.79813,USD,Finance,Strong buy,120.04980450819978,116.99295953961938,113.07759139315729,-1.102343750000001,5.918036078851361,35.63591556841316,122.82839999999996,119.01779500000005,115.01365199999996,100.91880300000011,9.588965497752726,nan,18.92676126488753
IITSF,Intesa Sanpaolo S.p.A.,7.79,USD,-1.0165184243964431,144,0.00392156862745098,137546510680.31085,USD,Finance,Strong buy,7.228798876830535,7.067098097717815,6.926632075209944,-1.0165184243964431,8.951048951048946,8.344923504867866,7.511999999999998,7.050485000000004,6.8445830000000045,6.681705749999999,nan,0.1729395,nan
UNLYF,"Unilever, PLC",63.515,USD,-0.10223340673167305,1698,0.7388712414603366,136832090591.18396,USD,Consumer non-durables,Buy,61.16352964503291,60.6160430423392,60.87005287780189,-0.3451792578645938,4.801584027720491,1.2675382653061251,63.620999999999995,61.85325000000004,59.65205600000001,63.30086299999991,21.482619419366618,1.9100210843099998,1.7568195447359214
GLW,Corning Incorporated,158.546565,USD,-0.8402245293639374,3998109,0.23122986632976272,136570156472.99663,USD,Electronic technology,Strong buy,164.96228042526513,167.51994903517246,162.6489534664957,17.537671435984876,-20.370374927801915,78.3225340231695,147.70931299999998,157.28382825,180.45133129999988,136.27863282500002,72.72111044858269,0.873715,130.83112758073054
UBER,"Uber Technologies, Inc.",67.015,USD,-6.9106820391721,29587221,1.5199206258756963,136415662871.38304,USD,Transportation,Strong buy,70.37083346837792,71.34738189639717,72.81191152132938,-5.917450512424545,-9.628480884633538,-18.31423695758167,70.26900000000002,71.23825000000012,71.6307000000002,78.22239999999984,16.700725197497945,0.87228,-30.030166175521806
COF/PJ,"Capital One Financial Corporation Depositary Shares, Each Representing a 1/40th Interest in a Share of Fixed Rate Non- Cumulative Perpetual Preferred Stock, Ser",17.3903,USD,-0.5131578947368454,37139,0.5184838754711713,136138414713.0,USD,Finance,,17.44553499263466,17.54830936555005,17.713098356078596,0.05926352128884271,-0.9099715099715148,-4.343784378437843,17.394059999999982,17.444734999999977,17.446293999999977,18.177104999999987,6.130252397067117,5.370925,-76.17936014778739
COF/PL,"Capital One Financial Corporation Depositary Shares, Each Representing a 1/40th Interest in a Share of Fixed Rate Non-Cumulative Perpetual Preferred Stock, Seri",15.83,USD,-0.4402515723270458,22207,0.32700777650320945,136138414713.0,USD,Finance,,15.867791242282635,15.969066152553216,16.13927873945581,-0.12618296529968187,-1.3092269326683235,-6.05341246290802,15.85,15.848000000000004,15.844263999999987,16.61586050000002,5.580231246474901,5.370925,-76.17936014778739
COF/PI,"Capital One Financial Corporation Depositary shares each representing a 1/40th interest in a share of Fixed Rate Non-Cumulative Perpetual Preferred Stock, Serie",18.145765,USD,-0.4074368825466414,97622,0.877761493296888,136138414713.0,USD,Finance,,18.167577835673686,18.28241102652897,18.477690378690387,-0.13337919647771543,-0.8428142076502726,-5.194540229885056,18.12115300000002,18.145288249999997,18.143415300000026,19.035810324999964,6.396561266215453,5.370925,-76.17936014778739
COF/PN,"Capital One Financial Corporation Depositary Shares, Each Representing a 1/40th Ownership Interest in a Share of Fixed Rate Non-Cumulative Perpetual Preferred S",15.4,USD,-0.4524886877828072,19124,0.38412019322507107,136138414713.0,USD,Finance,,15.469310744063474,15.57286787779958,15.748615242077095,-0.25906735751294785,-2.1601016518424387,-5.5793991416308915,15.414000000000026,15.446995000000001,15.473754000000007,16.268284500000014,5.4286520022560625,5.370925,-76.17936014778739
COF/PK,"Capital One Financial Corporation Depositary Shares, Each Representing a 1/40th Ownership Interest in a Share of Fixed Rate Non-Cumulative Perpetual Preferred S",16.845,USD,-0.3843879361324736,2218,0.36545178936268374,136138414713.0,USD,Finance,,16.873065248117488,16.971988446197393,17.131932354327247,0.6272401433691782,-1.1443661971831003,-4.1808873720136495,16.82100000000004,16.851759999999967,16.869366,17.56873700000002,5.938028764805414,5.370925,-76.17936014778739
COF,Capital One Financial Corporation,221.71,USD,-0.09012662791221154,966794,0.241906703051649,136015717750.52603,USD,Finance,Strong buy,206.59104365636273,203.14576973841054,201.87608690128152,4.659176737160123,7.318844087322718,-9.265397994679757,216.08999999999986,208.22750000000002,199.04919999999981,207.54324999999986,78.15496333897349,5.370925,-76.17936014778739
SNEJF,Sony Group Corporation,22.9088,USD,1.008818342151674,8061,0.21083328974211435,135746866229.68932,USD,Electronic technology,Strong buy,21.769267298313974,21.61273161560182,21.80013657074172,-5.732861492881245,13.241720217498758,-15.340724316334072,22.650560000000038,21.496600000000043,21.356639999999985,23.425026499999973,nan,0.396429291897,-117.45144400161662
CB,Chubb Limited,350.91,USD,0.7493540051679626,441726,0.2588322705056981,135381015426.59123,USD,Finance,Buy,347.50873164873406,342.5389363680499,336.1578751049938,-0.022792672155897344,-2.286143907329021,13.02905366230756,349.6539999999996,351.30150000000015,338.9811999999995,319.6315000000003,12.418471817702454,6.32337,24.675593990602046
IVSBF,Investors AB,44.4,USD,-1.5302727877578284,1661,0.41747304395908214,135127255736.89278,USD,Finance,Buy,41.95742370758923,41.33246177184223,40.50368402807769,2.8492008339124317,6.720507643495815,23.33333333333333,43.57260000000001,41.51544999999998,40.96245200000003,37.443186,5.0464242617530255,nan,997.5461735355408
LMT,Lockheed Martin Corporation,582.22,USD,-1.2064547876402039,258913,0.17785981160171652,134370997986.64655,USD,Electronic technology,Buy,555.4068072857995,551.5416083103916,551.172377020085,-0.21936589545843577,6.829357798165143,20.480082772891887,582.938,547.0640000000001,532.2697999999988,546.387199999999,21.45768683615028,7.577361,52.76697088614012
PLD,"Prologis, Inc.",140.82,USD,1.2729234088457257,4913707,0.8263964060342779,134063457761.1081,USD,Finance,Strong buy,143.58578141895626,142.8966982400166,141.09416172091102,-2.7284658423706682,1.156526111629901,10.23954908407703,142.964,144.98449999999997,143.7158000000001,135.61845000000002,31.356045424181698,0.813333,22.353902738046575
KYCCF,Keyence Corp.,547.68,USD,0.6764705882352849,960,0.26698556609283314,132826807353.51366,USD,Electronic technology,Strong buy,492.34307934758607,481.7692941342656,465.4866215516226,3.3358490566037644,9.723627402858881,60.987654320987644,526.4639999999999,475.36299999999954,481.2672520000023,412.47314654999997,43.88699415570142,3.78429810174,9.799565895056785
IVSXF,Investors AB,42.925,USD,2.2023809523809454,240,0.1199220506670664,132743272151.14664,USD,Finance,Buy,40.832903972440086,40.29555154152464,39.51207194377119,0,6.2499999999999964,18.014983847687112,41.02900000000001,40.04719999999998,38.659369999999974,28.280783000000007,4.878778410715059,nan,997.5461735355408
PLDGP,"Prologis, Inc.",51.6,USD,-0.3861003861003779,910,0.5580767815528027,132378382344.00002,USD,Finance,,52.20378014395705,52.45302132095269,52.752810224415526,-0.3861003861003779,-1.8264840182648416,-7.857142857142855,51.71000000000006,52.16411000000005,52.82235800000005,53.82150399999996,nan,nan,nan
ISRG,"Intuitive Surgical, Inc.",372.86,USD,1.247742793912,1482947,0.4330999611159877,131723257342.35367,USD,Health technology,Strong buy,379.0346428642601,395.3602811686422,416.584166086669,3.0697571560863066,-13.072063040589372,-34.21433360386746,364.567,367.48375000000016,395.18530000000084,480.92542499999973,42.73418069706938,2.6412,21.753509530853165
BMY,Bristol-Myers Squibb Company,63.785,USD,-3.1947184701775746,6551147,0.4353879940071593,130294549528.66876,USD,Health technology,Buy,61.144282357084876,60.08376259178125,59.01108448994548,-3.5314579552329217,10.46934534118461,19.87408381883104,65.0630000000001,61.590249999999955,58.473300000000044,55.88786999999983,14.051416486760365,1.716781,83.16587983698503
BMO,Bank Of Montreal,181.8,USD,1.117970966127159,168998,0.1940100913993505,128386387034.24776,USD,Finance,Buy,176.31530610760575,171.41072942097395,164.4165643458563,1.117970966127159,3.9926781832742355,39.66351693938698,179.87600000000006,179.3720000000001,173.3216000000002,146.29280000000006,18.96438258519691,2.6558476406,22.926046761535368
SYK,Stryker Corporation,334.24,USD,-0.5119657102035869,760074,0.30109404148933394,128205445806.64891,USD,Health technology,Strong buy,325.86734178897484,324.9021689884847,327.7455911797402,0.3904607436775429,2.058015267175575,-4.850831245729892,337.02800000000013,328.9915000000002,318.39199999999977,342.6858249999997,34.63160403261737,3.599895,27.708308522885172
AIQUF,L'Air Liquide SA,201.0275,USD,2.137117343050443,301,0.2875155220173846,128039558864.49904,USD,Process industries,Strong buy,199.9562233772002,200.62712956319743,200.97242312668197,2.816847381342059,-1.779694141789214,6.9295212765957475,197.43423999999996,199.38224500000044,199.54001600000015,198.59153750000002,31.676835180646766,3.8469434843099997,-0.007211907307682838
BTAFF,British American Tobacco p.l.c.,59.008,USD,-1.172372211428947,803,0.6270987895353377,127254852475.59343,USD,Consumer non-durables,Strong buy,60.17150558049216,60.35505804944184,60.135043920059864,-1.9800664451827246,-3.9520802135555657,2.2668977469670706,60.249999999999986,60.817200000000035,61.536519999999975,58.69682800000003,15.306335787514193,2.641170888,103.46530552478966
PH,Parker-Hannifin Corporation,1002.65,USD,1.0074044225054148,370398,0.6171188425027236,126420519670.34901,USD,Producer manufacturing,Strong buy,966.5041799137867,952.9434727437398,938.4046184753051,2.636939675910286,4.120585272646079,13.72942684406937,986.4280000000006,970.3195,937.7294000000012,910.9211499999986,36.98887364056252,8.263913,4.3367808437996755
CVS,CVS Health Corporation,98.98,USD,-5.209729936793715,9951012,1.4209090911427478,126291276603.95499,USD,Retail trade,Strong buy,102.06839426865315,99.27421363063647,95.01534690402282,-6.055429005315106,-5.814064135502902,24.848637739656915,103.684,106.02950000000003,101.68479999999994,84.9110000000001,43.46565958194274,1.707558,-45.60221680760594
ZIJMF,Zijin Mining Group Company Ltd.,4.325,USD,-1.0297482837528589,8461,0.05714497980575705,126009356060.80716,USD,Non-energy minerals,Strong buy,4.125349089449311,4.175082788096256,4.260248179957387,15.333333333333337,16.89189189189189,-7.978723404255319,4.195000000000001,4.026950000000001,4.002638000000001,4.52867075,13.674834257846983,0.10480099080000001,70.92361166516264
MZHOF,Mizuho Financial Group Inc.,51.35,USD,-1.0498161665523233,20,0.0026981814257190655,125216573828.12184,USD,Finance,Strong buy,50.42217789762329,48.96949692738939,47.00355130321719,6.535269709543565,9.367013119781912,43.036211699164355,51.23155999999999,50.48943999999996,48.055426,39.912853,14.89772294927607,0.940850391353,41.36758598068068
PGR,Progressive Corporation (The),211.94,USD,0.56465005931198,565551,0.2501142439179846,123215931903.51515,USD,Finance,Buy,213.22141826440983,211.63935625183962,210.77871234095255,-0.042446823562705,-8.646551724137932,-1.1197163385275757,211.5700000000003,214.8479999999999,211.31140000000016,210.60727499999967,10.625476276420807,3.653073,12.29942911191433
LOW,"Lowe's Companies, Inc.",219.11,USD,0.47230374174614864,856962,0.29187000412280406,122856532021.90169,USD,Retail trade,Strong buy,215.2257079332341,218.6902503951981,224.20312439940494,3.3537735849056673,-3.899122807017538,-9.271221532091092,213.42799999999994,210.46499999999997,214.3737999999998,238.9251100000003,18.53158090598464,4.249483,-2.0584653871323124
VRTX,Vertex Pharmaceuticals Incorporated,482.89,USD,0.8742336094254295,398784,0.29715909573571514,122560095788.58177,USD,Health technology,Strong buy,478.21439404126744,472.3755907819494,465.9281808061608,0.6020833333333305,-8.31173516371887,6.28384029581371,478.22299999999996,480.82825,470.9782000000005,453.9524749999991,28.09312986869433,4.79591,22.862983638663938
FTNT,"Fortinet, Inc.",165.77,USD,-1.4974151761839574,1511186,0.2461740689640404,121627702440.67795,USD,Technology services,Buy,154.6978919539705,145.54257216036166,133.1716015875137,1.5094455160589102,7.124624382047888,107.29023383768916,162.69400000000002,159.103,151.74900000000008,101.78137500000004,58.41085271317829,0.853298,13.261763179949714
SBUX,Starbucks Corporation,106.12,USD,1.0955511098409123,1811991,0.19254695491216497,120976801407.25006,USD,Consumer services,Buy,104.35863733691585,103.24181144815832,101.41559567452714,-1.4670380687093763,2.176006162141349,26.003324625979584,105.11200000000008,105.0525000000001,102.35720000000009,95.21837500000032,61.18895231505507,0.707768,-24.99351267191419
SPGI,S&P Global Inc.,410.03,USD,-0.6060165321309966,576752,0.2355282722583858,120876838636.70065,USD,Commercial services,Strong buy,416.95859246604493,415.1845095630846,417.1510235146961,-1.2523179924379368,-6.720203835566581,-16.923847328350092,413.14800000000014,429.8754999999992,412.00096978000033,434.0745578940002,24.96879129444576,4.4499,26.218823258137665
NOW,"ServiceNow, Inc.",116.4,USD,-1.4728288471305189,6964749,0.24404920628395846,120357599378.29356,USD,Technology services,Strong buy,107.1450824339531,106.21923869239477,108.61155150882719,1.65051087241289,11.81556195965419,-23.961327410504314,114.00600000000001,106.97750000000015,106.4956,123.95262000000017,72.72727272727273,1.02591,0.7237256135934592
EBRGF,Enbridge Inc.,16.4969,USD,1.0666062195211559,500,1.267427122940431,116524109036.1215,USD,Industrial services,,15.945295751015669,15.477812172423445,14.915620561291274,-2.327412670219067,1.596285188173201,9.686835106382986,16.3981,15.017064999999999,13.797350000000003,nan,9.002342140187894,0.3629781085,-12.286920837801109
EBBNF,Enbridge Inc.,25.2,USD,0.19880715705765692,1148,0.14838943177705394,116524109036.1215,USD,Industrial services,,24.89894002850781,24.784949532681857,24.654064646431053,0.43842168194499576,2.4390243902438935,4.642471555518639,25.02799999999995,24.95564999999996,24.722772099999975,24.349792525000044,13.7516152690951,0.3629781085,-12.286920837801109
EBGEF,Enbridge Inc.,25.44,USD,0.816358880875008,144,0.11207097828624794,116524109036.1215,USD,Industrial services,,25.215012802396064,25.189258835659892,25.149122327927085,1.0405909921359935,1.042597557342877,2.9542695265074883,25.3068,25.225174999999968,25.232289999999963,24.915304999999993,13.882583033562671,0.3629781085,-12.286920837801109
EBBGF,Enbridge Inc.,25.3025,USD,-0.7745098039215748,2350,0.8835250770734641,116524109036.1215,USD,Industrial services,,25.22525950836681,25.143555948535358,25.032800637971732,-0.6576364350215957,0.9072781655034862,3.115575841551871,25.372499999999995,25.291424999999997,25.099815999999983,24.721201499999953,13.807549418503124,0.3629781085,-12.286920837801109
ENNPF,Enbridge Inc.,18.25,USD,0.2196595277320107,100,0.056085249579360626,116524109036.1215,USD,Industrial services,,18.145662340861733,18.05406946526224,17.871429803215058,0,0.5509641873278316,7.352941176470588,18.20301999999999,18.058515000000007,17.64648799999999,nan,9.959007089721648,0.3629781085,-12.286920837801109
ENBNF,Enbridge Inc.,16.0,USD,-3.0420555084232146,125,0.16600265604249667,116524109036.1215,USD,Industrial services,,15.767911695410483,15.471589156656355,14.965200813189501,0,0.6105804601676379,2.236421725239614,15.946259999999999,15.198619999999996,nan,nan,8.731184297838158,0.3629781085,-12.286920837801109
HWM,Howmet Aerospace Inc.,291.04,USD,0.9854267869535156,700923,0.3268753666384571,116447286758.596,USD,Electronic technology,Strong buy,278.0574889327298,271.69491646980896,262.6074168035911,2.345535745683446,6.611963808198106,41.63219621392769,285.02400000000006,279.773,271.0912,237.7357,67.51728297684778,1.244796,40.55234927777234
ESOCF,ENEL Societa per Azioni,11.445,USD,-3.0906011854360727,1484,0.30423551601131654,116242225314.94247,USD,Utilities,Buy,11.41264360421299,11.434318834904348,11.38610251628424,-3.7426408746846116,-2.8025477707006377,9.416826003824086,11.636500000000009,11.55074000000001,11.541546,11.065909499999997,22.916453011706285,0.21409333635,-31.663142238774753
ENB,Enbridge Inc,52.16,USD,-2.3403856955626288,2581837,0.7235088324792242,113921891474.99373,USD,Industrial services,Buy,54.725202639934075,54.75778260987917,54.27057426051382,-3.923374470436549,-3.4521055067098603,8.848080133555916,53.9119999999999,55.27650000000008,55.37680000000014,51.781164999999966,28.463660810952394,0.3629781085,-12.286920837801109
MO,"Altria Group, Inc.",68.05,USD,-0.02938151902452773,4835900,0.5128450891272881,113626071646.22008,USD,Consumer non-durables,Buy,70.69972829161743,70.59742476072537,69.72196867670664,-0.48259725065808473,-5.943331029716652,18.019424210891433,68.12999999999998,71.56700000000002,71.47239999999996,65.61444999999995,14.330237749278748,1.504955,-8.228814378200786
BYDDF,"BYD Co., Ltd.",11.82,USD,-1.2118679481821946,37698,0.10740152580935759,113249281059.18974,USD,Producer manufacturing,Strong buy,11.345664974486565,11.432595707181036,11.683433366866879,-6.0413354531001575,9.800278680910354,-6.708760852407259,11.95300000000001,11.384350000000003,11.010358000000014,12.309206500000002,28.137241753324375,0.10106364906000001,-40.930309800384116
ZFSVF,Zurich Insurance Group Ltd,762.875,USD,2.2161629831107965,15,0.1404494382022472,112260695086.08458,USD,Finance,Buy,747.0943736850991,737.4871790440322,729.5430973914172,1.7166666666666668,2.2264358266555906,5.369475138121547,749.7509999999996,748.7697499999992,724.3829400000004,719.2803776000002,15.47443802841197,24.2,26.558481531120037
NEM,Newmont Corporation,105.05,USD,7.490023534226944,5095878,0.802642154581271,110690375793.60483,USD,Non-energy minerals,Strong buy,98.35714098967625,100.19681043184153,101.87642308150127,12.413055109684317,7.182940516273841,4.020200019803943,97.524,94.14950000000005,98.29520000000002,104.31290000000001,13.265061305923503,2.17985,42.18029048995494
SNOW,Snowflake Inc.,317.46,USD,0.21782365754332728,1839431,0.33604057556711603,110031634121.91798,USD,Technology services,Strong buy,271.13677437970415,251.84215958393037,233.92698467054302,7.090810956686002,24.885916601101492,44.36562073669849,306.6279999999999,279.53499999999997,256.3004,211.61585000000014,nan,0.44669,16.45828381269312
CM,Canadian Imperial Bank of Commerce,118.51,USD,0.4747774480712185,329551,0.4291947390821681,109812620082.15466,USD,Finance,Buy,116.64797029570147,114.43470547244537,110.77680883929177,-0.3112382234185653,3.610771113831098,30.316692324609644,118.51000000000003,118.27699999999986,114.75159999999988,100.47645000000004,15.968583335575035,1.7814843454,28.852264365883386
MDT,Medtronic plc.,85.59,USD,-0.7076566125290017,1690377,0.24296363904230434,109559072328.9087,USD,Health technology,Strong buy,83.49692389903922,83.27869572444014,84.25931671084885,-1.4053680451560866,2.810810810810815,-10.880882965431072,85.91400000000009,83.866,81.28359999999999,89.96760000000006,22.9703980032742,1.388299,3.002073255010367
BNS,Bank Nova Scotia Halifax Pfd 3,88.3,USD,1.342821071961439,581365,0.27806423689706017,108832757558.60368,USD,Finance,Buy,86.55216123538109,84.66986081417299,81.98197507525668,0.2725414490120314,2.650546384561731,19.405003380662603,87.86799999999987,87.81049999999998,85.3724,75.60864999999998,16.598911308048557,1.4868399237999999,53.813572502080554
BN,Brookfield Corporation,44.21,USD,-0.9188704616763707,2119274,0.455721068361945,108397262837.4399,USD,Finance,Strong buy,43.476327804429744,43.681239471846865,43.86314545141534,3.173862310385063,1.3061411549037587,-4.099783080260305,43.38399999999994,42.926500000000054,43.80540000000002,44.64775000000005,89.11030330131885,0.616723008,169.9492374738812
BNY,The Bank of New York Mellon Corporation,159.15,USD,1.4857798750159499,842059,0.3206452880801764,107983940578.24959,USD,Finance,Strong buy,152.7589414446139,148.11368308093517,141.94652310179754,1.8038764152753746,7.9129373474369515,37.18644944401345,156.91600000000005,156.84300000000002,149.12659999999997,127.07765,18.52865159382495,2.248748,31.18795246968262
VRT,"Vertiv Holdings, LLC",280.14,USD,3.782462119808832,2385718,0.2848954496997813,107850588535.14429,USD,Electronic technology,Strong buy,287.713525323033,291.5561472796033,285.12248063763565,18.212507384589415,-10.20866053399148,65.30847077567638,256.43799999999993,284.72950000000003,302.6746000000001,247.7092000000001,63.388695298004244,1.813503,111.13128224727693
BPAQF,BP Plc,6.979,USD,-4.663679580350802,964,0.07843520145804857,107839623862.03465,USD,Energy minerals,Buy,6.937772749811103,6.936574850578336,6.884287205995824,-4.982981620149758,12.746365105008072,15.737976782752897,7.163279999999986,6.7707599999999974,7.187525999999999,6.222250500000002,36.05958020221059,0.262845,nan
ADP,"Automatic Data Processing, Inc.",268.48,USD,-0.7907767349050278,608839,0.23955107981513254,107320658483.85486,USD,Technology services,Buy,249.89520473463608,242.0734253198248,237.4262473418828,-0.8567208271787271,10.313090640151213,4.454732910555206,267.84199999999976,255.46324999999985,238.3361000000001,235.68627500000017,24.53081885130567,2.78222,9.636767976278723
BNY/PK,"The Bank Of New York Mellon Corporation Depositary Shares, each representing a 1/4,000th interest in a share of Series K Noncumulative Perpetual Preferred Stoc",25.02,USD,-0.15961691939345232,128594,1.8001086274861136,106403025834.0,USD,Finance,,25.107302572099208,25.201064110452315,25.292482382354795,-0.3980891719745279,-1.4184397163120546,-2.6459143968871586,25.003999999999976,24.98199999999997,25.275002000000008,25.521835000000006,2.9128926351083897,2.248748,31.18795246968262
TT,Trane Technologies plc,482.93,USD,2.2636794850076227,404398,0.2764720569048486,106255791203.26643,USD,Producer manufacturing,Buy,472.33789563179147,469.0240186931759,462.5010397668432,5.9591460605129845,0.31365543600182605,23.549426934097426,462.3220000000003,471.22299999999984,470.83720000000073,440.61725000000035,36.58144907775632,4.675719,4.751362803208827
SO,Southern Company (The),92.35,USD,-0.965147453083116,1799786,0.30852817032560587,106236026476.6059,USD,Utilities,Buy,94.74863549168937,94.72126416215106,94.42479485664154,-0.6027338284361234,-5.126361208136438,5.94241138006194,93.48400000000004,95.19350000000004,94.44440000000012,92.7388249999999,22.283080783708133,1.637788,7.0047248973690355
AXAHF,AXA,51.4,USD,-0.19417475728155617,2772,1.9060716495908685,105806864886.07214,USD,Finance,Strong buy,50.25962095358515,49.49913748660809,48.723300997838315,0,1.5007898894154779,3.2750653003817467,51.679999999999986,50.66582500000008,48.64579599999996,47.1182505,9.44104213429359,2.2943307,31.852623785086358
RCRRF,"Recruit Holdings Co., Ltd.",77.61,USD,0.08769441077093426,847,0.5783148982657381,105362386717.5265,USD,Technology services,Strong buy,74.58781049929408,70.4148799217337,65.55924702717036,-3.178722024002597,4.49710515686011,32.46287762416794,78.76879999999997,76.95632000000003,70.44053999999997,54.55402199999994,35.45261328226283,0.673854176996,22.927653716688813
NET,"Cloudflare, Inc.",294.99,USD,-2.104005575282904,1549477,0.5265605752281363,104757652986.22542,USD,Technology services,Strong buy,265.22279954742083,252.59357391705132,239.17835620189365,5.789954992917204,22.539774851493384,48.31070889894419,288.28599999999994,274.91699999999986,253.95879999999994,214.4538999999999,nan,0.26843,-4.503367003366998
GD,General Dynamics Corporation,383.16,USD,-0.6739941932807876,246634,0.18449639054820488,103666695522.34406,USD,Electronic technology,Buy,372.95287626885596,366.3777434233008,359.95893992965085,-1.1327570636046926,2.748652489876914,13.852736673203779,383.39399999999995,377.7630000000002,362.3459999999999,350.23015,23.360280937922962,4.117928,10.135098839707785
GLAXF,GSK plc,25.855,USD,4.676113360323892,512,1.0045124583088092,103601277841.46826,USD,Health technology,Buy,25.660658594953834,25.81647582934388,25.849029141893975,0.5444293214077409,0.329840900271637,1.8514870986803185,25.247999999999983,25.775919999999974,26.104164000000015,23.475457500000047,16.530686663944778,0.7032002526000001,37.366978783213405
EQIX,"Equinix, Inc.",1049.445,USD,-0.1982825026390152,163162,0.266453410744754,103550508578.57547,USD,Finance,Strong buy,1048.1704024578278,1045.0305877853434,1026.1879357780585,3.2166532250132702,3.6888282894151745,36.97465281403362,1039.8449999999993,1034.0752500000006,1052.458699999999,934.6419499999997,67.5383724297712,4.155416,52.11304833041284
PWR,"Quanta Services, Inc.",688.27,USD,-0.6825396825396851,306613,0.22087158021944742,103476840760.6765,USD,Industrial services,Strong buy,667.6558822989184,664.0864565634972,644.759552243251,4.424147714342062,1.9598838587343,61.96493705141781,677.3620000000006,644.6944999999994,679.3117999999998,565.1228499999999,78.82970072499457,4.787326,35.41417869938117
ACN,Accenture plc,169.04,USD,-0.8155841107786274,1922980,0.24501826373410773,103442694675.7993,USD,Technology services,Buy,156.10664446452705,160.5266977457555,171.8217760210852,-0.7806538709866834,24.330685495734024,-37.110755608467585,166.88799999999995,150.5154999999998,153.74599999999998,209.9554499999999,13.499656598891532,3.184305,-0.3414327441164492
DDOG,"Datadog, Inc.",287.195,USD,-0.3314246052403207,2103070,0.5204125974853402,102229986515.38684,USD,Technology services,Strong buy,255.63529695380424,238.8885365362731,217.40069318002338,5.5126933392115784,14.976880116900533,109.2495446265938,277.095,262.52025,248.80150000000006,169.144975,766.4665065385642,0.583073,-18.825823223570197
ADBE,Adobe Inc.,257.06,USD,-0.16699677657385018,1501302,0.27358070064119083,102181346124.48282,USD,Technology services,Buy,237.19966713066918,237.15101389962086,244.18696165383503,-0.45886658018548365,18.954187875983347,-26.69565837313752,252.83999999999997,236.34500000000003,228.80899999999994,275.2974249999999,14.702669312910736,6.067412,11.805369041681042
PNC,"PNC Financial Services Group, Inc. (The)",254.86,USD,0.28330841268593193,447076,0.3106347280059709,101689139755.30873,USD,Finance,Strong buy,247.20577688254954,241.60329663242211,234.6994835681544,1.5945148688511517,2.238446726572534,22.100320988837268,251.86000000000007,251.60350000000025,241.41400000000013,217.59010000000012,14.017622405315324,4.9063,24.22383164799126
CIXPF,Caixabank SA,14.475,USD,4.891304347826079,735,0.21303112863022436,100873738547.92755,USD,Finance,Buy,13.367242977615998,13.018619517933512,12.566445920107295,0,-0.5154639175257805,16.73387096774193,13.5575,12.865749999999997,12.409050000000002,8.203509019999998,14.427393784455493,0.26477498622,0.059301783457184724
SPOT,Spotify Technology S.A.,489.88,USD,2.4489198402241836,1048647,0.4752072866322696,100857643295.99524,USD,Technology services,Strong buy,485.2853838715528,485.11590275207,491.6204374551188,-3.4605076462241846,2.0455776361288156,-16.385607974329215,495.2831000000003,489.2107749999999,485.70791,520.9412274999996,39.02431252588981,3.3145838214600003,106.90951046645789
USB,U.S. Bancorp,64.27,USD,0.06227619492447772,2399140,0.3357378917506499,100132665233.25703,USD,Finance,Strong buy,62.052712851045015,60.58258164816131,58.85918278925886,1.4362373737373684,2.178060413354527,20.513782111381957,63.67,63.33300000000001,60.1768,54.93605,12.823735983079931,1.302262,19.95117514719256
USB/PH,U.S. Bancorp Depositary Shares repstg 1/1000th Pfd Ser B,18.76,USD,-0.05327650506125738,14651,0.30853434079240527,100070345230.0,USD,Finance,,18.713715254198306,18.73241941904639,18.7724731450993,0.2672367717798007,0.8602150537634415,4.687499999999999,18.743999999999993,18.6775,18.740897999999916,18.74859949999993,3.7431661279380664,1.302262,19.95117514719256
USB/PP,"U.S. Bancorp Depositary Shares each representing a 1/1,000th interest in a share of Series K Non-Cumulative Perpetual Preferred Stock",21.51,USD,-0.18561484918793106,20510,0.4739446009367974,100070345230.0,USD,Finance,,21.5435099591641,21.66935149936046,21.88818219064442,-0.8298755186721978,0.23299161230196044,-4.823008849557521,21.537999999999975,21.45174500000001,21.583337999999923,22.553924500000008,4.291871184005747,1.302262,19.95117514719256
USB/PS,"U.S. Bancorp Depositary Shares, each representing a 1/1,000th interest in a share of Series O Non-Cumulative Perpetual Preferred Stock",17.2899,USD,-0.0583815028901811,23943,0.495845689955102,100070345230.0,USD,Finance,,17.35339229088305,17.45834238628953,17.631887736542524,-0.4611398963730663,-1.087528604118999,-5.156884256719699,17.279979999999956,17.26377999999999,17.409325999999997,18.12900850000002,3.449838381419849,1.302262,19.95117514719256
USB/PA,"U.S. Bancorp Depositary Shares, Each representing a 1/100th interest in a share of Series A Non-CumulativePerpetual Pfd Stock",765.0,USD,-0.20155372483023948,525,0.8823529411764706,100070345230.0,USD,Finance,,766.1838503960042,768.1641633296645,771.3318789610801,-0.15922319960325065,-0.13076994476644477,-1.034928848641656,765.5970000000004,763.3109899999957,767.0909699999976,778.8183029999975,152.6397701424638,1.302262,19.95117514719256
USB/PR,"U.S. Bancorp Depositary Shares, Each Representing a 1/1,000th Interest in a Share of Series M Non-Cumulative Perpetual Preferred Stock",15.2,USD,-0.7184846505552006,34246,0.521943227281387,100070345230.0,USD,Finance,,15.329800168548184,15.449689959283667,15.622602385232017,-0.6535947712418394,-1.9354838709677464,-7.033639143730899,15.256000000000018,15.258499999999998,15.42549,16.09843399999999,3.0328424917195416,1.302262,19.95117514719256
USB/PQ,"U.S. Bancorp Depositary Shares, Each Representing a 1/1,000th Interest in a Share of Series L Non-Cumulative Perpetual Preferred Stock",14.33,USD,-0.8990318118948878,13602,0.33663817212550795,100070345230.0,USD,Finance,,14.514492777706543,14.632547028975162,14.78369808345926,-0.41695621959694573,-2.3841961852861013,-6.705729166666663,14.368000000000018,14.458245000000009,14.642876000000033,15.17245350000001,2.8592521648908575,1.302262,19.95117514719256
GMBXF,Grupo Mexico S.A.B. de C.V.,12.84,USD,1.102362204724414,1376,0.12348005563781576,99959399720.61137,USD,Non-energy minerals,Buy,12.095115436184804,11.948652735170873,11.674610959305614,6.821963394342764,10.88082901554404,33.88946819603754,12.44700000000001,11.880625000000007,11.945946000000001,10.842734,14.607092554333537,0.20844,65.64800042495133
SNYNF,Sanofi,83.1,USD,-0.8471542775325235,77055,1.0596704989273338,99680386694.70761,USD,Health technology,Buy,85.95559398531702,86.94889519123096,88.35404370997415,-5.880487473383781,-4.099155241656288,-11.774073680857846,84.89799999999988,86.03710000000024,86.53680799999975,93.2984794999999,21.855420769689434,nan,-37.56040039971049
FCX,"Freeport-McMoRan, Inc.",69.27,USD,2.9271916790490327,8199502,0.6082756507097569,99579772862.89746,USD,Non-energy minerals,Strong buy,63.86929787417207,63.31784007286697,62.11952809583859,11.599806669888828,12.141816415735782,33.919768003866594,65.25599999999991,62.24800000000001,63.8908,57.47545000000001,34.10971045893243,0.717457,53.82517800333284
AAIGF,"AIA Group, Ltd.",9.614,USD,-5.9479553903345606,453749,6.280132592402926,99472644412.881,USD,Finance,Strong buy,9.770545664045782,9.881631696254805,10.01831364553866,-0.8661579707156076,-0.8661579707156076,-11.408035385182451,9.857200000000008,9.698400000000003,9.669406000000002,10.368911500000001,16.2664733531496,0.4016,-4.647512065929555
MCK,McKesson Corporation,849.24,USD,2.2650915790614574,278416,0.29761773049804596,99427102038.37347,USD,Distribution services,Strong buy,824.6450281526626,818.3539403076612,818.5065576009183,-1.0843864655523787,8.222040982770922,3.819070904645478,845.702,834.4915000000001,794.4478000000007,836.6629499999991,22.077793780449127,9.560616,49.00157656000032
ATLPF,Atlas Copco AB,21.24,USD,1.1428571428571355,50527,2.289210667004957,99231634129.70967,USD,Producer manufacturing,Strong buy,20.277107216604893,20.02407878640899,19.74542007404612,1.1428571428571355,5.409429280397022,8.146639511201618,20.647,19.738038500000005,19.5467374,17.70701702000001,37.88532127519423,0.168267928,-7.449013362725715
MSBHF,Mitsubishi Corp.,29.245,USD,-3.609096901779825,2832,0.3094337973383445,97768990915.52464,USD,Distribution services,Buy,29.52600667394757,29.87224349633372,29.987628066363417,-5.20259319286872,0.879613659882727,23.86700550614147,30.170999999999992,29.023650000000004,29.299660000000006,28.899971500000007,19.856919591279677,0.353543517657,5.877018482282691
ITOCF,Itochu Corp.,12.554,USD,-0.9593234245321646,2829,0.047836614878895074,97651883598.6336,USD,Distribution services,Strong buy,12.084656546862368,12.128950300227725,12.216053291651722,0.44807169147064285,3.2401315789473695,4.616666666666669,12.362319999999988,11.936130000000004,11.848223999999986,12.491107849999999,15.714163115095255,0.257881901995,-14.399453160020826
KKR/PD,KKR & Co. Inc. 6.25% Series D Mandatory Convertible Preferred Stock,44.5,USD,-2.412280701754389,47483,0.31641959331855735,97158828371.0,USD,Finance,,42.717141612184605,42.47350500682128,42.82514437683528,0.7245376291028194,9.605911330049258,-14.233400790209112,44.459999999999994,43.03375000000005,41.62405799999997,45.27836049999999,14.177392634127694,1.607666,50.527527335507386
BCLYF,Barclays Plc,7.2,USD,2.01912858660999,12267,0.3788391161347107,97042768109.36246,USD,Finance,Strong buy,6.884946522913279,6.695420916301759,6.477855084718263,0.6993006993006968,-1.0989010989010999,15.200000000000003,6.964500000000001,6.934874999999996,6.648293999999996,6.043613500000008,10.765298329965814,0.1683748458,14.390910363409773
MELI,"MercadoLibre, Inc.",1913.38,USD,1.3174477098226163,193333,0.5622683729020689,97002973524.74277,USD,Retail trade,Strong buy,1811.3509186422034,1786.2917066551481,1793.0676648444833,-0.17321437888036398,8.460260865128987,-5.630933885724143,1892.8700000000001,1849.0045000000002,1741.4125999999999,1889.7211750000008,50.52255240046684,8.651027,-6.841315524069561
DUK/PA,"Duke Energy Corporation Depositary Shares, each representing a 1/1,000th interest in a share of 5.75% Series A Cumulative Redeemable Perpetual Preferred Stock",24.66,USD,0.16246953696181618,20647,0.3711226428490543,96880416089.0,USD,Utilities,,24.600500731300183,24.644205035635288,24.704296118130003,0.40716612377850747,-0.36363636363636304,-1.4136309847442996,24.551000000000005,24.549500000000034,24.625197999999912,24.897891499999965,3.7749712973593574,1.920443,8.965804837364464
RACE,Ferrari N.V.,406.33,USD,0.8788698825690716,235101,0.3791796883127188,96064877092.02788,USD,Consumer durables,Strong buy,379.42761291699554,371.9146416543505,367.86431336122314,0.3978058904921814,5.068135391616881,9.505201315151183,400.3999999999999,380.95599999999985,367.1537999999996,363.73374999999936,38.57479550385231,2.7689723811899998,0.46377399812035497
MGCOF,Midea Group Co Ltd.,12.55,USD,-5.068078668683812,193,0.03488477180298238,95858185341.22693,USD,Consumer durables,Strong buy,12.197366517904667,11.971551541681006,11.795027678957583,-5.823202761518834,6.5365025466893165,2.582965505966983,13.176800000000004,12.276699999999995,11.652140000000001,nan,15.45792115771932,0.25999214598,3.4366654531341627
DUK,Duke Energy Corporation (Holding Company),122.92,USD,-1.0863442504224627,1871212,0.49550305789521015,95827961259.03178,USD,Utilities,Buy,125.81942749443232,125.96591122313457,125.85082761856489,-1.6639999999999984,-4.838584810714552,4.8984468339307,124.63400000000004,126.46200000000002,125.49959999999997,124.61654999999992,18.81668580176043,1.920443,8.965804837364464
CEG,Constellation Energy Corporation,264.81,USD,-0.9130028063610842,898749,0.34352549938629745,95093805985.56091,USD,Utilities,Strong buy,263.72258048092687,267.9688161184731,275.95475588052113,-0.05284015852047041,9.683966367062915,-26.03072625698324,266.41599999999994,261.94074999999987,262.0962999999998,306.09040000000044,22.997160201130708,2.292454,21.378125395286084
STOHF,Equinor ASA,39.75,USD,0.008050962593214165,850166,5.727202605705201,95032272126.19469,USD,Energy minerals,Buy,37.84626879382327,37.111690488655164,35.765614984595345,0,22.874806800618234,64.7873310670757,39.66642,36.568855000000006,38.19703,28.111560000000004,11.174234686132824,1.270818,9.937584366987078
CNQ,Canadian Natural Resources Limited,45.625,USD,-1.2018189692507573,2541253,0.3903486721555808,94917655627.74332,USD,Energy minerals,Buy,44.78391646052394,44.475592970692645,43.8165240788873,-2.134277134277129,14.866565961732128,35.40584656477222,46.62499999999996,44.77524999999999,43.854900000000036,40.592625000000005,13.680078125326542,1.4120191359999998,34.74076146436405
CME,CME Group Inc.,263.3,USD,0.2551117541788889,554337,0.254696242968868,94677217980.20294,USD,Finance,Buy,256.88030078188217,260.45000752729425,266.2477454872578,-1.652815388925207,11.63402018146358,-3.2856434461606248,265.4219999999994,252.72300000000027,251.24519999999993,278.528825,22.32926550030954,2.940163,14.121324739175051
INGVF,ING Groep N.V.,33.95,USD,-2.6802350580478578,2071,0.9797984576808441,94642720254.44572,USD,Finance,Buy,32.9833439869669,32.02959987176975,30.824739660077146,0,5.994380268498288,17.789921068609598,34.095000000000006,31.531925000000008,28.765313999999986,21.54560956,12.89897794486626,0.7729946007299999,nan
CSX,CSX Corporation,50.96,USD,-0.13717421124828588,2556972,0.16897766474764228,94402116277.35529,USD,Transportation,Buy,49.79694299922644,48.48584736246035,46.62575543604612,0.6517874777799689,3.451075923670327,40.019233411182846,50.48200000000004,50.55749999999996,48.422899999999984,41.522400000000005,29.42942942942943,0.53819,6.402851173651228
MMM,3M Company,182.16,USD,0.391292367043267,977350,0.2709407750660968,93943993009.43776,USD,Producer manufacturing,Buy,168.41601336698315,164.25627756170334,161.21768920055402,2.3370786516853914,13.551926193741435,13.778888194878201,178.63799999999998,169.19849999999983,162.47439999999986,159.5089999999999,32.34375,2.380948,-21.668984700973585
JCI,Johnson Controls International plc,154.96,USD,0.8722822549147269,1698670,0.4382467734875576,93865702353.7956,USD,Producer manufacturing,Buy,145.45631606939327,143.43267658035955,140.39938582345545,5.644941368966458,8.591450595655234,28.640212518678414,149.1019999999999,143.791,143.00119999999998,131.3345750000001,26.937853107344633,1.561701,70.84942084942087
TKOMF,"Tokio Marine Holdings, Inc.",49.27,USD,0.17240958662362116,1597,0.38701078395734884,93776050500.48839,USD,Finance,Strong buy,47.62843743987718,46.98724535459701,45.99738087711242,3.032204098703477,2.6458333333333397,23.700728094401217,49.54654000000003,48.173010000000055,46.935826000000034,42.347013500000045,15.223729685885061,0.663900686163,-10.030390006458116
KKR,KKR & Co. Inc.,104.39,USD,-3.5301728121245666,1576403,0.3825969121303693,93728953827.26819,USD,Finance,Strong buy,99.52579716180558,98.84348848404915,99.91792792404426,1.3987372510927611,10.302197802197803,-19.002172563625074,104.31399999999992,100.10249999999998,96.67900000000002,106.94855000000018,33.25793296801326,1.607666,50.527527335507386
MAR,Marriott International,357.88,USD,3.6732329084588664,785319,0.4173740541947071,93323045451.11378,USD,Consumer services,Buy,370.6839987384423,369.4132487329486,362.5920344343119,-0.43262342287200933,-4.111460914997663,15.240701980357423,359.64399999999995,368.5215,377.74340000000024,336.34222499999987,37.09292925105201,2.826043,8.838426568298985
IFNNF,Infineon Technologies AG,71.5499,USD,-2.2007927829415017,3705,2.0348198594024605,93113287832.91476,USD,Electronic technology,Strong buy,76.07472731244872,75.70957819823741,72.11114278944818,0.1398180545836123,-18.693295454545463,61.003375337533754,70.39590000000001,73.68921999999996,84.19629800000001,57.351544999999994,75.13725663720028,0.51058190626,48.88543768339495
LLDTF,Lloyds Banking Group plc,1.6,USD,14.285714285714299,660,0.004215208087579251,92894809429.13284,USD,Finance,Strong buy,1.4539931201114968,1.4183584919435697,1.379446505920995,-2.6763990267639794,10.344827586206907,17.64705882352941,1.4865000000000002,1.439625,1.3545620000000003,1.1600468249999998,15.143156301318147,0.037944611999999996,nan
CDNS,"Cadence Design Systems, Inc.",336.87,USD,-1.1009335916857494,459753,0.17689770658189072,92771640389.66048,USD,Technology services,Strong buy,348.35970724456274,348.87257283896594,344.1716944553083,-2.012856685767479,-8.855519480519485,6.7057332910991505,337.29600000000016,348.0974999999996,369.9412,327.82405000000006,67.0228005252477,2.044043,35.99761891877266
NAUBF,"National Australia Bank Ltd. (Victoria, Australia)",29.79,USD,10.702341137123742,120,0.016007043098963544,92610197400.48027,USD,Finance,Buy,27.418347042156128,27.18564332718829,26.71885476298154,0,15.64440993788819,5.358090185676395,27.262000000000008,27.72189999999997,25.252033759999996,21.866139939999996,22.495989121456187,0.84270183475,-3.338127732374052
MNST,Monster Beverage Corporation,94.57,USD,0.4141006583138525,1287967,0.25503177919955244,92490227988.12878,USD,Consumer non-durables,Buy,94.35341480783188,92.25719420280666,89.0519449289565,-2.8506857054805135,-3.044904654500731,23.34681100821702,95.26599999999992,96.16425000000007,93.92250000000008,80.96709999999995,45.89439968941085,0.581399,36.0401399617086
EMR,Emerson Electric Company,164.08,USD,3.2989171493326674,2052951,0.598246847203205,91901201875.4072,USD,Electronic technology,Strong buy,148.47396903399925,145.87490585868125,143.742635480214,8.936396228920467,18.009205983889544,23.155445470239453,155.24599999999995,144.71999999999994,143.36599999999996,140.0247,37.85529715762274,1.835236,3.4463007159904335
XIACF,Xiaomi Corp.,3.565,USD,0.1404494382022442,15595,0.6201140421335581,91535754102.94098,USD,Electronic technology,Strong buy,3.458024421074545,3.5232606362017576,3.7265099613975017,-0.14005602240896062,20.43918918918919,-31.704980842911873,3.6840000000000033,3.5283150000000005,3.372841,4.376762750000002,19.389752967530985,0.03257152272,11.869946423812152
MRSH,Marsh,191.32,USD,-0.06790284669626297,592171,0.20849067574672414,91300059332.47345,USD,Finance,Buy,181.23937972355074,178.00007197051542,176.81485838348374,0.13608290589343186,7.4047044293493505,3.747085299061871,191.36200000000022,184.20800000000003,173.25640000000055,177.16349999999989,23.411076576686813,1.978183,-1.9073111593907066
UPS,"United Parcel Service, Inc.",107.4,USD,-1.5672257354962824,1400984,0.24227324556197383,91290671772.18587,USD,Transportation,Buy,109.19690619171203,108.43381204678266,107.1712010648388,1.6083254493850545,-3.042339983750104,8.157099697885206,106.579,111.38824999999997,109.2331000000001,103.66327499999989,19.99292615275787,1.651014,-20.137071836346333
ABNB,"Airbnb, Inc.",151.35,USD,0.9538420490928542,1097804,0.3315063208223018,91219384941.1853,USD,Consumer services,Buy,146.10316203927147,143.4815029868997,140.42189985297972,-1.2977696621886063,1.4954399141630832,11.335883478004998,151.10199999999995,147.33949999999987,142.1876,132.956225,37.27924333111653,1.260811,2.1538384117957854
ESLOF,EssilorLuxottica,196.84,USD,0.300636942675161,1025,0.08667269852275898,91145792457.36447,USD,Health technology,Strong buy,195.2435810148153,201.01758195189373,213.64419574715774,2.729502635561813,2.2386121643380266,-36.925923849043905,194.18798000000038,191.02973000000026,195.79868399999984,265.70707300000043,32.20629676440516,4.0294903500000006,0.6668659564317896
CMI,Cummins Inc.,657.89,USD,3.448330083653052,592835,0.519493527219398,90781625457.26352,USD,Producer manufacturing,Buy,657.663585604397,653.3761052685106,637.1701423041766,3.3134942445704274,-1.3865155739425008,28.88431775884024,641.9760000000001,653.067,668.6262000000007,582.9412400000002,34.14825311304546,8.119643,-4.155514651012388
WEBNF,Westpac Banking Corp. Ltd.,26.55,USD,0.18867924528302155,619,0.29815519483647224,90693204731.41808,USD,Finance,Buy,26.193604858688104,26.11805121526808,26.094417238155504,0,11.08786610878662,3.6704412338930155,26.44600000000001,25.422399999999985,25.807368000000025,24.638115000000024,18.9654696337276,0.74172033615,14.37204156459396
MRAAF,Murata Manufacturing Inc.,49.138,USD,1.9799103436825516,4797,1.6551081668564362,90628754791.01692,USD,Electronic technology,Strong buy,52.50318217680006,51.121696578920385,46.834039807379426,6.4468610545470275,-23.221875000000004,128.54883720930232,46.80424000000001,50.32589499999996,58.452309000000014,33.04920225000001,54.98258290846788,0.344163325495,10.498869567782442
GLCNF,Glencore Plc,7.69,USD,3.2214765100671174,8610,0.21934517440616308,89967398400.64656,USD,Distribution services,Strong buy,7.286034145587252,7.265713920588364,7.142694680628473,8.005617977528095,13.757396449704151,34.91228070175439,7.364999999999992,7.0636199999999985,7.286802000000005,6.563658999999997,270.52774369308014,0.304579,nan
DASH,"DoorDash, Inc.",205.14,USD,1.3687799575035735,1544446,0.44179292674662696,89383342506.26653,USD,Transportation,Strong buy,186.7954962768092,182.22782592346903,181.16215865416748,2.3397355949114482,6.8827176574792786,-10.703869760153227,200.3400000000001,189.73899999999998,177.24780000000024,190.03549999999984,97.71363246641896,0.468136,174.50313807531379
WM,"Waste Management, Inc.",223.56,USD,-0.7502774694783564,894262,0.4432572200142683,89360325516.73784,USD,Industrial services,Strong buy,228.3265671128291,227.44873806259815,226.6462593825047,-1.5240947934102755,-2.7830927117759634,1.923953679219476,225.6240000000004,233.84999999999954,225.73199999999974,223.33699999999976,31.64555170217284,2.186785,4.823871561266581
HCA,"HCA Healthcare, Inc.",410.825,USD,2.519152546602443,412567,0.25347250082603257,88944229270.5996,USD,Health services,Buy,398.4191663285258,404.8170950627343,416.7700416236564,1.5109584640853968,-0.7980585806389314,-11.802275654787467,403.309,390.61575000000016,387.7566999999999,457.08682500000015,13.754272838972978,6.782563,25.46742221531456
SHW,Sherwin-Williams Company (The),365.23,USD,1.0122521226871768,582461,0.2493386625032381,88662565833.22873,USD,Process industries,Buy,338.11529615562995,333.9868033400105,332.3302518530985,4.764500028684531,3.4265001557500137,12.98685228151586,353.34199999999987,335.3695000000003,326.3598000000006,332.9997,33.672302841443404,3.693324,7.709876665806048
INTU,Intuit Inc.,324.04,USD,0.13597033374536394,910356,0.24197431237724937,88636927037.68369,USD,Technology services,Strong buy,305.42344170534244,317.1853580463614,348.484614994164,-0.0940356718925856,19.167402177110915,-50.94762337269149,319.51999999999975,298.99049999999824,291.0915000000003,462.03065000000015,19.621307077936628,3.537516,34.38603629261943
MPC,Marathon Petroleum Corporation,303.105,USD,-3.0405297335337944,865046,0.4522914611965281,88487443540.53383,USD,Energy minerals,Buy,291.57812130220475,278.8507840118932,263.0460864896075,-2.5761763949601395,13.72692480864477,86.12526865213388,310.659,306.88824999999986,277.27690000000007,223.67432500000004,19.80664174813111,17.431107,114.97787455222308
CHDRF,Christian Dior S.E.,490.0,USD,-2.9356998534130962,54,5.09433962264151,88401187138.22061,USD,Consumer non-durables,,518.1759976022082,530.2135295134054,546.546401299731,0.9872014179427507,-9.59409594095941,-30.63420158550396,524.06848,520.6053075000002,595.520493,635.2320107499996,17.00464351262707,nan,-3.0927431691118077
WMB,"Williams Companies, Inc. (The)",71.87,USD,0.5034260942525512,1760773,0.2568980286669506,87909049447.12166,USD,Industrial services,Strong buy,73.12020190194713,73.17424342022237,72.48387553107884,1.7268223637650373,-1.6422608457643202,19.564132423889543,71.252,73.1,73.233,68.63109999999989,28.68947347411281,0.534185,26.392532795156416
OVCHF,"Overseas Chinese Banking Corp., Ltd.",19.56,USD,-10.18252783836529,500,0.6312334301224592,87905149753.67967,USD,Finance,Buy,19.11697238650328,18.13643412667443,16.957374326157677,-1.6096579476861181,1.552359690566427,36.783216783216766,20.873099999999987,17.587825000000002,14.584143319999994,10.247866889999996,15.44004117344313,nan,3.6317528876672784
VLO,Valero Energy Corporation,304.84,USD,-1.260000647815257,978599,0.4010697170619558,87771809943.83984,USD,Energy minerals,Buy,289.6249654725832,277.18018080498496,261.41682203361125,-2.276078733089704,13.903523521279372,86.73200612557426,309.14400000000006,302.96850000000006,273.9444,220.78495000000004,12.645184841043339,14.949742,899.6350970310168
PROSF,Prosus NV,43.9,USD,8.048240216588717,511,1.1524582769508345,87441725601.87886,USD,Technology services,Strong buy,44.127986662225005,45.34647946871992,47.436774697732965,-2.4444444444444478,-2.4444444444444478,-30.184478371501278,43.23320000000001,44.830116300000014,49.981040520000036,48.19814463000001,8.341159961844463,2.03,1.243835755316769
RCL,Royal Caribbean Cruises Ltd.,325.915,USD,0.053723828820535204,616425,0.23043814106466554,87408763245.53415,USD,Consumer services,Strong buy,303.73556511711774,298.08468619133,293.94627824895275,-0.5447055233445127,10.110138856042436,17.02513464991024,323.1790000000001,301.10524999999996,297.7891,286.6108249999997,20.128895586545944,6.334077,22.036223309239748
CMCSA,Comcast Corporation,24.555,USD,-1.5042117930204575,11759699,0.3331899361608459,87136770660.08003,USD,Consumer services,Buy,23.911263054134317,24.367643335305683,25.173142442444508,0.511665984445354,3.3024821203197314,-12.29482280582303,24.334999999999997,23.70275,23.754299999999994,26.93124786209994,7.951233728385467,1.005032,-49.000049543375226
BAESF,BAE Systems PLC,29.6828,USD,-1.182502163925694,28418,1.81023664681339,86977590500.70833,USD,Electronic technology,Buy,27.234024337812055,27.009852205475752,26.94166352195114,2.3544827586206907,4.325882187543928,26.309787234042552,29.002159999999993,26.618840000000016,25.971856000000017,26.40809774999999,32.06399023065218,0.6227676252000001,3.6970194767557722
MHVYF,Mitsubishi Heavy Industries Ltd.,25.45,USD,-3.102988768322868,4454,0.5271941764810322,85514938928.22003,USD,Producer manufacturing,Strong buy,24.151954374729105,24.618131102205684,25.353839766214392,10.652173913043475,1.8407362945178107,5.601659751037334,24.37619999999999,23.93930000000002,23.541134999999993,27.415991500000015,34.898697956716575,0.160446826187,40.47529758629762
BAM,Brookfield Asset Management Inc,52.07,USD,0.2502887947631932,1834739,0.7852199639098373,85302539724.23769,USD,Finance,Buy,48.28404981082878,47.9110349472509,48.02566192305274,6.59160696008188,12.292430450722456,-0.6108035884710828,50.21199999999998,48.01799999999995,47.25140000000006,49.27819999999996,33.75341903919559,0.467689467,13.918809923757516
ITW,Illinois Tool Works Inc.,295.43,USD,0.12539822409001714,249683,0.15243811976847366,84995213902.6353,USD,Producer manufacturing,Buy,278.7775263566511,273.8201828803797,270.05842397954467,2.3985303802294604,8.077556246570325,19.777011960267586,289.9260000000003,280.4050000000001,267.97520000000003,262.8037500000001,26.77621382541941,2.955458,-3.1809965074852045
HOOD,"Robinhood Markets, Inc.",94.52,USD,1.0800983851994341,7747397,0.38003661222555307,84981259805.65158,USD,Finance,Strong buy,95.62571596618984,94.2479467444562,93.10400997335925,9.038472630789633,-15.160219010860786,-18.14891148097473,90.306,100.41499999999985,97.69699999999999,98.681275,41.85634576211142,0.494375,14.69930922389272
ELV,"Elevance Health, Inc.",390.685,USD,3.3558201058201065,395181,0.366681726207526,84727579818.38965,USD,Health services,Strong buy,387.6827415854619,384.03984054928975,375.89169615878853,3.9498190719455164,-6.1845644030352505,11.3856022808268,380.739,389.5192500000001,396.0357000000007,351.663724999999,17.364472356672046,4.699694,-4.238366624246124
MITSF,"Mitsui & Co., Ltd.",30.07,USD,-3.0937802126973923,288,0.10735853276671886,84573857153.32324,USD,Process industries,Strong buy,30.234786248361157,31.059433188450353,31.79157042802323,0,4.591304347826088,-3.775999999999999,30.493000000000023,29.688580000000012,31.07322500000001,31.996159000000038,14.914846121943361,0.6467165718829999,3.4955107823896063
EIPAF,ENI S.p.A.,28.9,USD,8.341143392689776,148,0.03315857866200655,84526650855.04086,USD,Energy minerals,Buy,26.5954359468831,26.15270515947862,25.276002458537505,4.786076867295143,25.597566275532362,40.90687469527058,27.201,25.888749999999998,25.371450000000003,18.4499905,14.9204895886579,0.86210456043,108.39925489715456
ICE,Intercontinental Exchange Inc.,148.98,USD,-0.1474530831099188,1191043,0.2547842573999052,83636546462.07869,USD,Finance,Strong buy,144.26208108681476,144.92399911607166,147.57804187635597,-3.4916110643259795,11.428571428571429,-7.660840461137978,151.746,144.65650000000002,140.1253999999999,154.6294749999999,21.03969834343092,1.897646,35.9202242014742
SNPMF,China Petroleum & Chemical Corp.,0.535,USD,2.4688284078067975,30000,0.9690016376127676,83574698798.74109,USD,Energy minerals,Buy,0.538161726628487,0.5474038903067683,0.5591410159212029,2.4688284078067975,-4.685551398539103,-6.696895709801184,0.5346219999999999,0.5347488500000004,0.55964184,0.5684344849999999,12.666338620334098,0.0117744,-16.120063077458617
MCO,Moody's Corporation,482.33,USD,-0.277048400769126,239877,0.30179315536943263,83539556847.64508,USD,Commercial services,Strong buy,476.7667547500012,471.59628682612754,468.56718890880205,-0.3718009625513832,-2.035137605362047,-5.3735384132464965,482.0,489.6035,470.14799999999974,471.86667499999925,30.585094577713523,4.259,34.02768924810688
AEM,Agnico Eagle Mines Limited,163.91,USD,8.83075492995152,1993161,0.8944360385616638,83508389117.21776,USD,Non-energy minerals,Strong buy,155.1492132148065,161.22636393155534,168.24902332637885,13.291401714127723,4.607824366583699,-3.718280075187977,151.59199999999996,145.35100000000006,156.70039999999977,182.79727500000013,14.40304758680457,2.807040558,88.58597700083142
EPD,Enterprise Products Partners L.P.,37.53,USD,-1.5477439664218162,1267044,0.3689983426230124,81196839919.54642,USD,Industrial services,Buy,37.72422544885866,37.58649112501876,37.199861277124675,0.16012810248199166,2.12244897959184,16.91588785046729,37.93799999999996,38.15949999999998,37.55519999999999,35.48445000000003,13.045291807153534,0.714432,7.479358912093255
PSX,Phillips 66,202.49,USD,-1.6513672349312631,1102987,0.4784166693956546,81185333594.58032,USD,Energy minerals,Buy,195.8429979689683,189.33682098383463,181.48599192126736,-3.184317475496054,15.418376652986781,56.96899224806202,207.37000000000006,204.29100000000003,187.41359999999986,161.25320000000002,19.927372212490404,8.12768,131.74147053457398
VCISF,Vinci SA,144.0,USD,7.583195803657687,905,1.4417715469173171,81062747067.63406,USD,Industrial services,Strong buy,140.64246659230986,142.2287169344926,143.36014912442644,0,1.2871913905887407,1.8387553041018347,136.68598000000014,140.74244500000003,144.563622,133.40621200000007,14.00106004514679,6.5832303,4.938932973833522
ROST,"Ross Stores, Inc.",252.69,USD,0.6492471919063154,416078,0.19661028033638248,81058167004.95097,USD,Retail trade,Strong buy,237.78186168409724,232.80608943514707,225.68509109042407,-1.3873441433003597,18.071163236221764,39.92469128966166,252.05999999999966,238.1789999999998,231.0739999999999,203.89069999999992,35.216645993895725,1.940565,13.472182686529393
CP,Canadian Pacific Kansas City Limited,91.515,USD,0.976497848394577,2479481,0.7799921713918447,80448933994.93793,USD,Transportation,Strong buy,90.09103726135375,88.91699504014467,87.05285743087745,2.999437253798544,4.840187879482179,23.95367736692402,89.96900000000012,91.16474999999991,89.48350000000002,80.95482500000001,30.192989670477246,0.953665783,-8.052163002709598
CTAS,Cintas Corporation,200.38,USD,-1.6056960471397055,789236,0.32824537393519554,80185973161.18939,USD,Commercial services,Buy,193.46163610137563,189.0357932859723,186.6990730898709,-3.417361546247652,10.496567316441036,6.823755197782269,203.89199999999983,200.15400000000017,184.76549999999975,185.17437499999974,40.82472546502863,1.34902,11.516790112237015
REGN,"Regeneron Pharmaceuticals, Inc.",776.22,USD,2.045591985906983,191835,0.21682217258902525,79915716621.8182,USD,Health technology,Strong buy,701.718105883717,693.0942203368522,693.5972464295809,0.8680510434805291,17.97409561096606,0.2544397804326803,759.417999999999,691.6529999999988,650.9812000000003,712.6220499999988,19.183404138585527,15.600258,1.954010824539639
TRV,"The Travelers Companies, Inc.",382.84,USD,1.5086835476600817,471497,0.22143922983180658,79850856381.25424,USD,Finance,Buy,357.8107777095654,343.91366821189996,330.0939340223898,1.5275273151585846,12.046359166471541,32.64959634108311,376.8320000000001,366.26550000000043,333.4802000000003,301.9068550000001,10.25116478337707,6.772909,65.14110353488454
NPPXF,NTT Inc.,0.9355,USD,-0.9948142660598968,161,0.002127136715436671,79737631607.84679,USD,Communications,Buy,0.9251203415062803,0.9283623291171667,0.9378552992416515,-2.1341144471178968,3.2446749806864563,-9.1747572815534,0.9515,0.9275502000000003,0.9264508000000005,0.9805670049999997,11.799783830987419,0.018359635008,-0.48233331407778346
ECL,Ecolab Inc.,283.21,USD,0.024722751995476862,381534,0.28752651564592674,79705918499.01932,USD,Process industries,Strong buy,274.92896649063636,272.8357455713536,271.6509180058575,1.0561998215878605,-0.3658751099384417,8.42649310872894,280.55,274.0040000000001,270.30699999999996,270.8995,37.96991473159221,2.173515,-0.25541930221051223
MDLZ,"Mondelez International, Inc.",62.3,USD,0.35438144329896726,3117377,0.28624511377298817,79513989710.62822,USD,Consumer non-durables,Buy,61.24930782301581,60.910100875117436,60.490437443684414,-1.660563202424548,2.2149302707136904,15.49870226177234,62.30000000000001,60.90649999999996,61.05499999999999,58.63844999999999,22.851483695851517,0.722368,-0.4418638621092528
NGGTF,National Grid PLC,15.806,USD,-3.078243806720632,1140,0.5692599620493359,79453606196.39192,USD,Utilities,Buy,16.16163965641019,16.332991158279206,16.458433727288575,-1.0269254852849183,-4.633763726318344,-0.40327662255828645,15.937599999999978,16.28539,16.391606,16.345050499999992,18.337618221137333,0.46294578,10.73462745815208
ENGQF,ENGIE SA,31.044,USD,-2.1064581231079695,1273,0.010164192022586383,78880491476.64879,USD,Utilities,Strong buy,31.037592117198326,31.10101351274253,30.875334081123622,0.45951718335382646,-1.815421595293814,16.487804878048788,30.5168,30.812699999999996,30.909859999999995,29.57029900000001,17.153063523497547,nan,-25.321300032137646
NOC,Northrop Grumman Corporation,554.3725,USD,0.511739642824765,213335,0.2900767469089731,78755837604.75162,USD,Electronic technology,Strong buy,544.0432967390717,553.3938958367794,569.0912822919154,1.529705871579789,1.3478062157221107,-2.6716585614213884,546.3445000000002,535.4306249999994,535.4465500000001,605.4468374999999,17.57797760789399,7.140577,15.966068289956544
HON,Honeywell International Inc.,247.925,USD,-0.347682784677833,820015,0.2400823572822132,78577347985.28479,USD,Electronic technology,Strong buy,238.6077823689264,237.00562201656905,235.2903680763746,1.0001222145272386,8.193323150774603,20.862329518766607,245.68899999999948,235.48875000000004,234.58928136000014,227.99604935850047,9.167433931985165,2.143516,53.73390557939914
AMXOF,America Movil S.A.B. de CV,1.28,USD,3.2258064516129057,194,0.014383368673912721,78351358330.21974,USD,Communications,Strong buy,1.2981658830062863,1.2813709950688208,1.2388099488674407,0,4.065040650406508,25.49019607843137,1.2939999999999994,1.3005849999999997,1.1553597999999998,0.9256818500000001,15.060187628053509,0.01941602157,71.06256989042147
MIELF,Mitsubishi Electric Corp.,37.05,USD,1.1742217367558705,1195,0.2084059993024067,77844899304.19891,USD,Producer manufacturing,Strong buy,36.25888313862134,36.529211966932394,36.24577265950589,2.3706896551724053,-1.2000000000000075,23.499999999999993,35.1212,35.069599999999994,36.868858000000024,32.9108065,28.950782266288325,0.40484521445399996,4.666955015969883
GM,General Motors Company,88.63,USD,0.3623598686445399,1368832,0.19391368911942408,77768527670.42441,USD,Consumer durables,Strong buy,82.81727405678454,81.3595842435508,79.86971327795467,-0.9831303764942573,15.810793153011884,8.868689350202677,88.37599999999996,82.44500000000008,81.15180000000007,77.85514999999994,44.70392414001816,3.588497,-68.57106623125456
AMT,American Tower Corporation (REIT),166.225,USD,-5.149786019971472,3043595,0.837136660061282,77454209725.27118,USD,Finance,Strong buy,171.36279475251914,173.5424878604337,175.88741249779883,-4.834831396347394,0.742424242424239,-5.155197991555402,172.45900000000026,169.35775000000018,175.6334999999999,178.69112500000028,22.855394684376247,1.625307,164.01786038407087
ORLY,"O'Reilly Automotive, Inc.",93.075,USD,1.355766089513236,2498243,0.31356841999882934,77132658342.99084,USD,Retail trade,Strong buy,89.49876319209054,89.72707655587843,90.49929569210421,1.8103259680595067,3.1759228466910647,2.573286312541336,90.27500000000006,87.7882499999998,88.2903000000001,92.95717499999996,29.624737411674836,0.925427,12.371687113273003
SNPS,"Synopsys, Inc.",402.82,USD,-0.25751498043877097,454193,0.23594241773433294,77131698632.90958,USD,Technology services,Strong buy,414.09112133859867,426.4568129713612,436.72691105409433,2.182819020077881,-7.448763900376807,-15.893431327514929,391.968,398.68199999999996,439.51280000000025,448.8653749999999,93.19144013880856,3.666715,-68.87197361409169
CNI,Canadian National Railway Company,127.31,USD,0.007855459544387365,508501,0.28541890038557577,76907969202.51503,USD,Transportation,Buy,124.70394423857853,121.82206696029296,117.99792407158071,0.102217329768828,5.136675200264265,28.69995956328346,126.952,127.24250000000006,122.22540000000002,107.54139999999995,23.22963572369466,1.4851986485000002,2.841157928744824
NSC,Norfolk Southern Corporation,341.36,USD,0.02637208075718107,206549,0.15759585162677398,76672310004.46194,USD,Transportation,Buy,332.0513986041313,325.8455756060141,318.7996039009493,1.4442793462109997,5.618811881188127,18.16262245145212,337.73799999999966,335.7730000000001,321.2605999999998,302.7365000000001,29.141696119107376,3.569172,-20.859119530848844
VOLVF,Volvo AB,37.6,USD,-3.589743589743586,386,0.623485705055726,76444415421.47188,USD,Producer manufacturing,Buy,35.99527336768633,35.48923437381691,34.9783906857567,-1.8891556204988953,8.357348703170025,14.677849790316431,38.27500000000001,35.817624999999985,34.962398000000036,32.54646199999999,20.77224075530873,0.5732867638,-8.072968520659566
MURGF,Muenchener Rueckver Ges,601.625,USD,-0.8585529839247961,181,0.2859399684044234,76388394023.9678,USD,Finance,Buy,582.7049276222492,580.7916308369686,586.0269346644137,-2.1747967479674797,4.640443868543938,-10.246082007444365,602.4882000000002,587.5476000000001,559.8208130000002,609.3778757499999,9.990323467755994,16.308102873000003,59.852461482466666
RBSPF,NatWest Group plc,9.6008,USD,-0.6642524573202234,4248,0.03290492892287481,76323826912.05542,USD,Finance,Strong buy,9.010343342837064,8.769793806560854,8.54529138157823,-1.1246138002059864,4.86947023484435,7.692652832305109,9.517159999999999,9.035160000000003,8.625222,8.229994,9.72088697727375,0.2558666232,20.509123414274182
AON,Aon plc,358.79,USD,0.600028038693409,171312,0.10609063754087114,76108486214.19391,USD,Finance,Buy,352.4921788084321,346.2369624258308,341.6473419879195,-0.8976908628880786,0.5831067253511371,2.1844383686488995,360.03799999999967,362.37499999999994,342.6596000000005,336.6316500000007,19.783194843433815,3.397572,51.84785156904115
APO,"Apollo Global Management, Inc. (New)",128.6,USD,-3.453453453453449,1208856,0.3357178900630386,76016106595.39339,USD,Finance,Strong buy,124.94292644082341,124.88052985068809,125.13024211740958,1.4235577112662112,8.067226890756297,-11.316460933728706,127.41199999999995,122.38150000000005,125.40099999999995,127.00644999999994,84.56631814296048,2.27194,-73.13820391436445
CVNA,Carvana Co.,69.0,USD,1.425841540496838,3916915,0.3205534379864951,75932000690.78348,USD,Retail trade,Strong buy,65.83993979294674,66.64927647435404,67.81976881717802,8.764186633039097,0.2469853261659185,-18.184405236198064,65.39200000000001,65.67099999999999,66.816,72.2777850000001,32.00667965488449,0.437498,169.87981972959443
MKGAF,Merck KGaA,173.538,USD,1.7221570926143122,14,0.025247971145175834,75450485937.86469,USD,Health technology,Buy,164.25402049553142,160.07335585200596,155.16370621814787,1.3774973711882252,4.002157497303126,17.45460206160449,169.43160000000006,162.60770000000005,160.76446000000004,144.5911405,25.791375626603614,2.3137964291,-4.042813325539984
SU,Suncor Energy Inc.,63.36,USD,-1.6912335143522164,2340364,0.6226599840277968,74812019113.62572,USD,Energy minerals,Strong buy,62.65143298056548,61.99934603315531,60.725339048382864,-3.6642846282499573,14.990925589836657,43.21880650994574,65.56000000000002,63.4095,60.944800000000015,55.33095,16.768241080965424,1.697879008,12.754683562320244
JAPAF,Japan Tobacco,42.13,USD,-9.63105963105962,201,1.923444976076555,74774578613.28201,USD,Consumer non-durables,Strong buy,40.27654160672779,39.50198777873339,38.759387053082634,-10.38077004892575,21.167673281564564,11.514028586553735,40.918000000000006,38.018249999999995,38.372018,32.71493150000001,19.554894024439637,0.702476164407,184.2460171874831
VOLAF,Volvo AB,36.66,USD,7.349926793557827,264,0.04288917048445268,74593542082.03093,USD,Producer manufacturing,Buy,34.49323157934201,33.214868003845126,31.591241776285738,0,7.349926793557827,6.600756033730724,35.525999999999996,30.782114999999997,27.367938,22.753453999999987,20.252934736426006,0.5732867638,-8.072968520659566
SLB,SLB Limited,50.21,USD,-1.1808699074985267,3163015,0.22838538443579975,74518837636.6044,USD,Industrial services,Strong buy,49.92273151633568,50.24664867541032,49.95182869309045,2.4275805793553604,12.176050044682759,30.721166362926336,49.766000000000005,48.55550000000001,50.42040000000009,47.013749999999945,24.37142025046112,0.626231,-29.425870101397646
SHECF,"Shin-Etsu Chemical Co., Ltd.",37.714,USD,1.7866781820144635,9030,0.2840060260857805,74432045631.10612,USD,Process industries,Strong buy,40.13450463340082,40.94507201772867,40.81649316897173,7.099449082751179,-17.879150789330428,13.664858348402648,36.361999999999995,40.452099999999994,42.76714699999999,37.866266749999994,23.93194332315168,0.516687510458,-13.845907481359424
MFC,Manulife Financial Corporation,44.43,USD,-0.7594371230734942,1793756,0.9930022019525278,74148804506.53748,USD,Finance,Strong buy,42.63197303831057,41.51530112232974,40.195556678959335,-0.38116591928251503,6.9829039248735825,22.093981863149214,44.53999999999999,43.300499999999985,41.17760000000002,37.274800000000006,17.751776551290234,0.758374144,35.8905013511072
CL,Colgate-Palmolive Company,92.71,USD,0.19453150329622027,1845638,0.3806719253284574,73905888434.40117,USD,Consumer non-durables,Strong buy,91.64712006924293,90.98669036791149,90.02903603947087,0.3463578309340764,-2.0910339000950513,17.45850753832508,91.60399999999967,91.85600000000031,90.95600000000039,86.24467500000011,36.6747102337909,0.929694,-28.947664286918883
FDX,FedEx Corporation,311.0,USD,-0.7467926214335786,412978,0.31249070706793997,73576749857.15198,USD,Transportation,Strong buy,313.84580380802606,313.0553957687641,306.5995031720637,1.1316337148803388,-0.6548474684555219,33.669616897033464,309.9059999999997,312.6054999999999,320.25140923879934,277.8985974867999,16.777256298214382,3.308983,9.927059242127733
SPG/PJ,"Simon Property Group, Inc. Simon Property Group 8 3/8% Series J Cumulative Redeemable Preferred Stock",54.79,USD,0.21949881104810212,628,0.7061733948049028,73255284062.0,USD,Finance,,54.76723955957343,54.68500214476969,54.564142028925,0.43996333638863794,-0.4361257495911357,2.5645825533508,54.67384000000013,54.92081499999996,54.92874400000011,54.1364665,10.025434118314395,1.642732,-18.347253141294775
MSI,"Motorola Solutions, Inc.",440.005,USD,-0.6424297166083386,314938,0.38090061664831937,73038883962.75691,USD,Electronic technology,Strong buy,423.81737569018134,421.38439209986586,420.893889293599,0.3249122166993505,4.887961859356375,14.787905666284045,437.32299999999975,421.86775,414.2937000000001,415.92412500000006,35.4731173260023,3.851273,3.4787976874754927
SPG,"Simon Property Group, Inc.",224.65,USD,-0.5533421868083223,587615,0.4668530111568348,72849931671.21867,USD,Finance,Buy,223.39112772338794,218.99068763381973,212.9535360953005,-2.444849748132706,-0.4431641923332595,21.781319455738064,227.9039999999999,226.90649999999977,219.70500000000035,197.6100499999998,41.10629265704196,1.642732,-18.347253141294775
HLT,Hilton Worldwide Holdings Inc.,322.36,USD,3.2973371358990033,675294,0.3107293120563078,72551926376.38364,USD,Consumer services,Buy,326.89502642715973,326.721876078573,322.90958804537905,0.7375000000000043,-4.497244770990107,12.371457454596161,318.256,323.8734999999999,332.7304000000001,306.65050000000036,47.36617835050032,2.370789,4.542242703533027
DPSTF,Deutsche Post AG,64.56,USD,-0.8903899293828651,689,0.24139864059981783,72258348081.07277,USD,Transportation,Buy,63.35494881185289,61.83706519893827,59.92572645966285,-2.086129626680623,1.6692913385826806,18.263418208463087,65.1591,63.310129999999944,59.27158000000003,50.46596200000008,18.09644520992906,0.9331930713,15.294024135682442
EOG,"EOG Resources, Inc.",135.625,USD,-5.500975473801568,2674040,1.023404379906211,72237739615.09718,USD,Energy minerals,Buy,139.06682967415458,137.5223241146019,134.8905241946442,-6.471967450520648,4.503775620280473,29.166666666666668,143.80499999999995,141.32025000000016,137.38689999999988,124.46012499999995,13.337234115784401,4.032874,-5.629437149088195
URI,"United Rentals, Inc.",1159.92,USD,0.851208124298989,156414,0.290514671999474,72196307986.5394,USD,Finance,Strong buy,1093.3918265894636,1059.130243151083,1014.4207783725163,7.38707377815633,5.786752031519335,43.09576974796137,1114.7719999999997,1084.5225000000007,1073.5603999999998,905.3834499999992,27.868289225520467,13.858273,7.655638525983063
CI,The Cigna Group,272.465,USD,-0.5783616128443847,923735,0.5445269014510221,71996287086.8377,USD,Health services,Strong buy,282.0865336622857,282.5557548130069,282.29154383757873,-2.359792151944109,-5.107442621808944,-1.5163015976288765,279.05699999999996,288.75824999999975,286.0295,279.636075,11.268057054709825,7.524286,32.04187280888568
MPNGF,MEITUAN,11.625,USD,-1.4830508474576332,4348,2.131790547166111,71781649817.4636,USD,Technology services,Strong buy,10.424649160111805,10.275893032951249,10.412100581386662,-0.21459227467811462,40.398550724637694,-12.264150943396226,11.428999999999983,9.939784999999997,10.142090000000005,12.160880984999999,nan,0.004185357660000001,nan
DLR/PJ,"Digital Realty Trust, Inc. 5.250% Series J Cumulative Redeemable Preferred Stock",19.8563,USD,0.18314833501513958,16621,1.355024375927345,71746317399.0,USD,Finance,,19.95926892798709,20.073439341261228,20.246292520470867,0.3857431749241648,-1.0154536390827407,-4.537019230769229,19.833239999999982,19.90949999999994,20.127694000000005,20.835159500000017,9.658673022667575,0.514957,-46.11977460359062
DLR/PL,"Digital Realty Trust, Inc. 5.200% Series L Cumulative Redeemable Preferred Stock",19.655,USD,-0.22842639593907693,5109,0.2482700307118143,71746317399.0,USD,Finance,,19.76319663510511,19.85202606399956,19.995429390741347,-1.0322255790533652,-0.8324924318869785,-4.3552311435523094,19.73600000000003,19.666079999999884,19.881998000000088,20.498314999999934,9.560754937250705,0.514957,-46.11977460359062
DLR/PK,"Digital Realty Trust, Inc. 5.850% Series K Cumulative Redeemable Preferred Stock, par value $0.01 per share",21.995,USD,0.02273760800364965,4154,0.23000597993399924,71746317399.0,USD,Finance,,22.158902371093426,22.299462535585302,22.516463824183166,-0.5201266395296176,-1.32346343651861,-7.932189200502299,22.035000000000004,22.056625000000047,22.29045799999993,23.198949000000106,10.698997956999708,0.514957,-46.11977460359062
DLR,"Digital Realty Trust, Inc.",193.86,USD,-0.015472690700898817,485498,0.1502454240486447,71735216313.21957,USD,Finance,Strong buy,188.2056409983668,187.30244316715908,185.43376999383455,3.078640931568044,10.94197092823624,25.362131401965875,192.13600000000002,184.22549999999998,185.23459999999974,176.4226999999998,94.29905632843662,0.514957,-46.11977460359062
DB,Deutsche Bank AG,37.965,USD,1.3210568454763931,715664,0.3639552930366363,71119037246.60654,USD,Finance,Buy,35.60397290298518,34.88166387694442,34.396633719606164,1.864770592970218,3.8998357963875323,-3.495170310116929,37.26700000000001,35.849250000000005,34.552099999999996,34.70624999999999,10.059785651922084,0.9930531969,14.97663972190941
HPE,Hewlett Packard Enterprise Company,53.52,USD,2.156900171788514,7464308,0.4749378317778531,70871370023.62894,USD,Electronic technology,Strong buy,47.1555576095075,44.15507461531782,40.08319856472974,12.649968427699443,28.119808299061127,120.42833607907743,50.237999999999964,47.84699999999998,46.97479999999999,29.871150000000007,50.333866265400175,0.920769,9.856390122946578
PCAR,PACCAR Inc.,133.84,USD,-1.5592821418064169,1670212,0.3786847070021254,70448685602.99147,USD,Producer manufacturing,Buy,127.32939329872414,124.61907441602865,122.03423197056708,-0.36477331943721364,10.693904557108599,21.905455870297835,133.66000000000017,129.52849999999958,122.49549999999998,116.50877499999999,28.17446951835635,1.602386,-18.58504147528622
CHGCF,"Chugai Pharmaceutical Co., Ltd.",42.69,USD,-2.2552947910704053,21790,1.902292528765736,70257619885.2547,USD,Health technology,Strong buy,45.557124482272584,46.90796464582165,48.50519815576697,2.8055388320288963,-10.498453797368835,-20.458356623812193,43.681499999999936,43.785624999999996,45.35263000000007,51.42259300000003,24.23948146679122,0.490884437814,5.626120535605059
ET,Energy Transfer LP,20.39,USD,0.2951303492375911,6287769,0.6686320293122546,70165235411.00789,USD,Industrial services,Strong buy,19.987514607586508,19.76557327307947,19.46182324107276,-0.049019607843127505,5.4837040869115485,23.951367781155025,20.319999999999983,20.18600000000001,19.60159999999999,18.418500000000016,17.13301403243425,0.367253,-10.370537731586094
ET/PI,Energy Transfer L.P. Series I Fixed Rate Perpetual Preferred,11.555,USD,-0.2158894645941309,19199,0.37707722433138957,69958765861.0,USD,Industrial services,,11.55461977565967,11.57066821682154,11.596018508950577,-0.5593803786574828,0.6533101045296105,0.8289703315881226,11.618059999999991,11.566010000000013,11.507115999999998,11.646242000000008,9.709268128728679,0.367253,-10.370537731586094
NU,Nu Holdings Ltd.,14.375,USD,0.3140265177948355,21364626,0.3317315128090223,69438214131.76031,USD,Finance,Strong buy,13.841677797118983,13.778825538859852,13.9453660785654,-0.5878284923928137,5.0804093567251485,-15.738569753810076,14.392999999999995,14.136749999999987,13.274100000000017,15.109225000000002,22.163120567375888,0.198443,47.543221110100085
TDG,Transdigm Group Inc.,1240.85,USD,-2.682247754990004,260479,0.6517867151905322,69405188261.88974,USD,Electronic technology,Buy,1256.1687722031756,1255.8859864606707,1258.6705679480813,-3.0790380154186283,-8.760358532048038,-6.634914185533816,1261.1500000000021,1246.7584999999995,1267.2216000000005,1280.827100000001,38.709546597453155,11.917675,8.239322242219385
HPE/PC,Hewlett Packard Enterprise Company 7.625% Series C Mandatory Convertible Preferred Stock,138.64,USD,2.189135402078572,14698,0.14925267041236914,69375020096.0,USD,Electronic technology,,122.28343216721466,114.77620469485741,104.79868790459724,14.003782583669095,25.092483984480726,109.11010558069381,130.27200000000002,123.95349999999999,121.28516199999994,80.07153450000006,130.3865324931816,0.920769,9.856390122946578
KMI,"Kinder Morgan, Inc.",31.15,USD,-0.7329509241555144,2965228,0.2615244730733366,69364880505.25175,USD,Industrial services,Buy,32.06922769113659,32.10887259265749,31.914175985075254,-1.5486725663716876,-2.71705184259839,13.313932339032377,31.553999999999995,32.12000000000002,31.98749999999999,30.515825000000017,20.094181395948908,0.314718,27.19067935674433
BE,Bloom Energy Corporation,235.275,USD,3.1410284511858273,7155354,0.3315649800386673,69294920986.6285,USD,Electronic technology,Buy,231.59332201542708,233.53483773447442,223.4407097349331,18.93087324655631,-16.248398120461342,159.77144749917196,218.92699999999996,214.83625,256.4923,180.397925,320.58182313666714,0.667815,15514.893617021275
WFAFF,Wesfarmers Ltd.,61.01,USD,1.4803725881570202,109,0.04710458081244598,69263596806.19826,USD,Retail trade,Neutral,57.10933484685923,56.14617352189827,54.94627715047278,0,-5.454827212149393,12.663311943123574,57.824,54.76764500000003,51.623266040000004,37.389108754999995,33.87735990363748,0.74620066708,27.04846120051364
BSX,Boston Scientific Corporation,47.685,USD,-2.8620900387044226,5921817,0.2615085108128433,69106508550.13657,USD,Health technology,Strong buy,46.778051162931604,49.17715818853425,54.37209124554486,-0.28230865746549144,6.415978576210667,-50.182824905975764,47.58900000000008,45.102249999999984,46.08409999999995,72.43937499999997,19.33619885649406,0.807061,46.7741935483871
AEP,"American Electric Power Company, Inc.",125.94,USD,-1.8776782236073213,4463066,1.0655641754170124,68561411803.848854,USD,Utilities,Buy,130.97711291550502,131.17117360837022,130.3074323171043,-1.6823451344705111,-8.666328232649207,9.095634095634097,127.64800000000005,131.84649999999993,131.484,126.40432499999991,nan,2.008275,nan
B,Barrick Mining Corporation,40.75,USD,6.6474744831196,6781549,0.9497338488678012,68276970363.45367,USD,Non-energy minerals,Strong buy,38.31109966894018,38.854218829838445,39.45678934829485,11.308385686970775,5.5973050012956636,-7.69056518291993,38.15,36.792000000000016,38.44479999999997,41.3778,11.28746153505947,0.817769216,179.97248220371966
ALL,Allstate Corporation (The),264.41,USD,0.7046008531383389,417760,0.29680889233075547,68064667192.13887,USD,Finance,Buy,250.92182705767027,242.46496495933323,233.62205415365648,0.12875373953877073,6.167436257779568,27.709621329211764,263.822,256.8635000000001,237.9653999999999,214.8717999999999,5.833478576455612,6.063004,209.7751503553855
ALL/PJ,"Allstate Corporation (The) Depositary Shares each representing a 1/1,000th interest in a share of Fixed Rate Noncumulative Perpetual Preferred Stock, Series J",25.92,USD,0.038595137012742434,14056,0.2971965501857478,67588438478.0,USD,Finance,,25.977528938120674,26.016292544004187,26.08343215509673,-0.23094688221708512,-0.5372217958557062,-1.4823261117445725,25.922000000000015,25.926000000000005,26.027699999999914,26.302138000000056,0.5718534272596705,6.063004,209.7751503553855
ALL/PB,Allstate Corporation (The) 5.100% Fixed-to-Floating Rate Subordinated Debentures due 2053,25.5999,USD,0.156103286384988,12758,0.256994943899442,67588438478.0,USD,Finance,,25.633889884782093,25.693568515319324,25.767950762566425,0.3524108192865546,0.23453406421300904,-0.7755813953488335,25.559980000000017,25.580824999999926,25.707927999999914,25.976399025000006,0.5647913021799705,6.063004,209.7751503553855
ALL/PH,"Allstate Corporation (The) Depositary Shares each representing a 1/1,000th interest in a share of Fixed Rate Noncumulative Perpetual Preferred Stock, Series H",19.3198,USD,-0.6183127572016488,62096,0.6426860002380472,67588438478.0,USD,Finance,,19.683150672065644,19.88802270349915,20.148910043292847,-0.8223819301848033,-3.4009999999999962,-8.30659705742762,19.391960000000115,19.58448999999999,19.883997999999934,20.82130850000009,0.42623818842482175,6.063004,209.7751503553855
ALL/PI,"Allstate Corporation (The) Depositary Shares each representing a 1/1,000th interest in a share of Fixed Rate Noncumulative Perpetual Preferred Stock, Series I",18.095,USD,-0.90361445783134,24599,0.8851171928410538,67588438478.0,USD,Finance,,18.41200472060049,18.566619446821605,18.771114514389666,-0.9578544061302721,-2.6627218934911294,-7.109856262833684,18.221667399999994,18.37791685,18.57128074000009,19.310847685000066,0.3992163490070885,6.063004,209.7751503553855
TGT,Target Corporation,147.57,USD,-0.36459388292486694,728801,0.23399962344349365,67024985564.93072,USD,Retail trade,Buy,138.8389299257096,135.18408341751214,130.29463616292668,0.03389370932753724,13.524117239787662,50.72004902461445,146.80599999999998,140.3,134.02460000000008,115.18597500000004,19.47321888072208,2.284584,-16.704953890458228
CRH,CRH PLC,99.5575,USD,0.7259206798866866,1494272,0.3260804194018757,66234057648.20681,USD,Non-energy minerals,Strong buy,102.25815131776302,104.3947014172399,106.74820116217333,3.22187662001037,-8.131863061732952,-20.671314741035854,97.59949999999989,100.98837499999998,104.76635000000002,113.68933749999995,17.556474509319838,2.299613,18.52726626674749
HKXCF,Hong Kong Exchange & Clearing Ltd.,52.298,USD,-2.7773646638905407,854,0.281096738092887,66179499253.1498,USD,Finance,Strong buy,51.103978592032405,50.92599017997562,51.11438916946333,-2.559994037859583,6.029519098207777,-4.6179099033375826,52.62119999999999,50.717100000000066,49.505780000000065,52.34981400000008,30.458937262006245,0.48258000504000004,19.58716351586279
LITE,Lumentum Holdings Inc.,850.4125,USD,0.1109515344862085,1971093,0.4213244134477928,66162092813.347275,USD,Producer manufacturing,Strong buy,794.1093385412468,797.0120751867761,767.4800763345988,24.031926375357333,16.654663923182444,124.1584954399283,777.338,762.2075,820.1483999999997,611.1648500000001,157.83161040069785,2.968827,nan
KDDIF,KDDI Corp.,18.225,USD,-8.093797276853238,51,0.01796723621631143,65649978424.07133,USD,Communications,Buy,17.86080442443146,17.499282728316054,17.181712457011702,0,10.454545454545464,3.5511363636363633,18.306999999999995,17.012,16.741868,15.885849527499998,15.769070401994528,0.272857460018,5.13008676151391
APD,"Air Products and Chemicals, Inc.",294.79,USD,0.02714532930679004,227790,0.19343046323874383,65645465962.01283,USD,Process industries,Strong buy,294.4461116757112,292.7819362082841,289.97132929353944,-0.11858778884595986,-6.2074451161310815,20.185094585779524,295.5059999999998,296.13749999999993,289.7038,276.76850000000036,nan,3.606187,-103.09207216272551
MPWR,"Monolithic Power Systems, Inc.",1331.24,USD,-0.2838887515636326,218260,0.20899658180565348,65403824056.866585,USD,Electronic technology,Strong buy,1377.464576408524,1384.335282569019,1356.2932594759486,-6.10390892804243,0.41486264275046386,43.51367230663914,1350.5699999999986,1341.4569999999994,1431.8862000000001,1215.872225,81.59557710341953,7.61578,-57.51453064455647
COHR,Coherent Corp.,334.25,USD,3.249621598245446,3478166,0.6210785906017294,65392447604.44505,USD,Electronic technology,Strong buy,315.62941320335244,319.4014549392747,309.61905974418966,31.150435533233928,0.31813679882349477,77.79255319148936,291.6140000000001,291.4509999999999,344.0598000000002,257.9987500000001,159.57700754320635,1.616885,nan
TRPRF,TC Energy Corp.,17.5,USD,-0.4612908179806684,2700,1.5572730418733418,65337579349.182,USD,Industrial services,,17.141712678117678,16.97108562095293,16.637087762925393,0,3.894561861790541,2.9411764705882355,17.22350000000001,17.078995000000003,15.781728000000003,nan,7.44919225215899,0.593574436,-21.614753795877807
TNCAF,TC Energy Corp.,15.5,USD,7.266435986159175,8165,5.733445684994032,65337579349.182,USD,Industrial services,,14.674289905925288,14.474534951014009,14.199533550992271,0,6.896551724137931,9.088093914291946,14.679999999999998,14.401670000000005,13.673913999999995,12.194438250000001,6.59785599476939,0.593574436,-21.614753795877807
CRARF,Credit Agricole SA,21.558,USD,4.044401544401549,4006,5.854157533245653,65208076291.97915,USD,Finance,Buy,20.30779509168151,20.070271063923155,19.91615475383359,0.5269293541618071,8.768920282542883,5.495473452410087,20.563580000000005,19.70270999999999,19.452555999999994,18.600092499999995,9.051700537244416,nan,-13.153222089616277
PCRFF,Panasonic Holdings Corporation,27.68,USD,2.5185185185185177,7658,0.5751796967125078,64622670039.06097,USD,Consumer durables,Strong buy,25.774739248197438,24.65499176807479,22.868670885712483,6.8725868725868775,-0.07761312564301438,130.66666666666666,25.651000000000003,25.476825000000012,25.300159999999995,17.49518475,41.51100739989825,0.334356875028,-38.86111944394157
TFC,Truist Financial Corporation,52.885,USD,0.42726927459172326,1688571,0.26943480714544576,64605702494.862526,USD,Finance,Buy,51.52877531951389,50.92492683096654,50.2566708611659,1.8194070080862539,5.055621771950724,7.3698101715561775,52.263,52.064750000000004,50.47650000000008,48.8925750000001,12.141282887184902,1.115595,18.367346938775523
WBD,"Warner Bros. Discovery, Inc. - Series A",25.755,USD,-0.1357115160915089,7235313,0.31335065364955367,64571308483.72859,USD,Consumer services,Buy,26.30576633314633,26.476700755048743,26.446818529236875,-2.4062144751799983,-2.313673430684618,-10.54185481069816,25.881,26.220750000000002,26.52929999999999,26.582650000000008,nan,-0.140441,84.13440799182655
TFC/PR,"Truist Financial Corporation Depositary Shares, each representing 1/1,000th interest in a share of Series R Non-Cumulative Perpetual Preferred Stock",18.265,USD,-0.5715841045182386,34835,0.4168985429195464,64330836596.0,USD,Finance,,18.345066603125545,18.40219357020431,18.52635581275672,-0.6797172376291463,-1.0563380281690156,-5.116883116883114,18.35300000000001,18.36484999999999,18.34714000000002,18.98068349999993,4.193259561963359,1.115595,18.367346938775523
TFC/PO,"Truist Financial Corporation Depositary Shares, Each Representing a 1/1,000th Interest in a Share of Series O Non-Cumulative Perpetual Preferred Stock",20.34,USD,-0.29411764705881727,11069,0.2618889887853121,64330836596.0,USD,Finance,,20.496010837401542,20.64582217898508,20.855485759715766,-0.29411764705881727,-1.5012106537530205,-5.702364394993047,20.407000000000004,20.425829999999987,20.64093400000002,21.471921999999964,4.669635887781808,1.115595,18.367346938775523
TFC/PI,Truist Financial Corporation Depositary Shares,18.15,USD,0,13087,0.6306349718823637,64330836596.0,USD,Finance,,18.27142055067212,18.474223680356662,18.767396541115062,0.7214206437291844,0.0551267916207167,-8.425832492431896,18.103999999999942,18.102499999999957,18.50726399999992,19.611755499999937,4.166857982460168,1.115595,18.367346938775523
TRP,TC Energy Corporation,64.27,USD,-1.6827290806180333,645729,0.32226912390703805,64269999359.816,USD,Industrial services,Buy,67.42999994272775,67.14889983248642,65.97762948037416,-3.8018260739410357,-3.2515429775703906,16.833303035811667,66.20399999999995,68.12050000000004,68.20260000000012,61.26334999999999,27.357690631214755,0.593574436,-21.614753795877807
AJG,Arthur J. Gallagher & Co.,250.12,USD,0.8304442473595106,256501,0.18767903980119122,64255825841.22019,USD,Finance,Strong buy,242.67455171600923,236.7568076648059,233.87054858749687,-0.43389992436606956,-0.4933163590070055,-2.7186807203142656,250.37000000000006,252.66499999999996,233.11620000000002,234.35555000000014,41.400999768265635,3.083367,-8.936888594124465
SFBQF,Softbank Group Corp,1.34,USD,-2.5454545454545396,16106,0.7691279141953908,64001099165.125046,USD,Communications,Strong buy,1.3252490074444594,1.3284795384423234,1.339848768331373,-3.2490974729241824,3.8759689922480653,-10.666666666666663,1.361199999999998,1.3224000000000002,1.3272750000000024,1.37687325,19.223515222953942,0.018545065737999997,-3.6699937331864114
NBNKF,Nordea Bank Abp,18.85,USD,1.7269293038316258,533,0.08641795158649092,63948625000.00001,USD,Finance,Buy,18.50541975561505,18.431408540996536,18.204257228357633,0,5.484051482932291,-1.6179540709812041,18.49602,18.207504999999998,17.96806200000001,13.658009894999998,11.978563335901246,0.42541387605000003,-3.4495140549397703
RLXXF,RELX PLC,36.53,USD,-1.136671177266581,6482,0.0738889864145489,63732364159.648895,USD,Commercial services,Strong buy,34.25771433935838,33.9992741799323,34.37231964075044,-0.46592735892754794,13.257270416072437,-11.285426330232893,36.06700000000001,34.3045,33.248812,36.291936999999955,22.08306926443841,0.96461604,16.547894387264744
RNMBF,Rheinmetall AG,1361.9795,USD,-2.1910749807898147,43,0.10709838107098381,63544136450.31437,USD,Electronic technology,Strong buy,1279.2439602755828,1329.738613898123,1424.0094368624418,3.3689918715230083,7.8091148358498295,-28.335727440147334,1343.8609000000004,1207.5863750000012,1274.8592100000005,1707.4391315000003,75.60159293026656,6.91877878342,-0.061595264786545735
AFL,AFLAC Incorporated,124.84,USD,-0.24770275669197145,560890,0.3190757208799388,63541674916.99753,USD,Finance,Buy,123.05697547792619,120.99111283228204,118.63864061460026,-2.346683354192741,3.173553719008267,13.346649718540043,126.30800000000004,124.77550000000001,120.11720000000001,113.57234999999999,14.167044938719929,1.764103,37.547803012565346
RSG,"Republic Services, Inc.",206.21,USD,-0.6982567658672776,512153,0.38551565606679833,63443413740.25537,USD,Industrial services,Strong buy,212.6143951733154,212.7428168377014,213.3311445257251,-2.2608778083230554,-4.744087213599401,-2.061268107337926,209.07399999999993,216.4640000000004,212.40200000000004,214.2818999999998,29.563310012616128,1.8136,5.163809609962764
SCBFF,Standard Chartered PLC,29.0,USD,-1.694915254237288,742,0.025357291759221922,63040752377.75801,USD,Finance,Buy,27.85489977262407,27.099806022916137,26.13683738463883,-0.9393680614859047,3.303945142042919,16.93548387096774,29.231500000000004,28.231500000000022,27.152025999999974,23.974494499999995,13.98672360902998,0.580014,7.896844903917363
BNKHF,BOC Hong Kong (Holdings) Ltd.,5.95,USD,-3.0944625407166044,119,0.004479527805069019,62908050323.38114,USD,Finance,Buy,5.789839036746736,5.562157287065837,5.2243936783550815,0,-3.252032520325206,9.174311926605505,5.918360000000001,5.268839999999999,4.234180819999999,3.489491350000003,12.20595039794701,0.27788460000000004,4.756714925824163
TEL,TE Connectivity plc,216.93,USD,0.05073332718384542,811223,0.31620249389070604,62804103658.628,USD,Electronic technology,Strong buy,207.4254610165084,208.04162911432198,209.7801224219808,5.387679751263119,9.328696703961304,-5.846354166666667,210.198,204.981,206.4611999999996,219.54894999999982,21.264936821777617,3.060472,110.62705180352239
NNFSF,NONGFU SPRING CO LTD.,5.57,USD,7.736943907156681,5001,0.1409319941834906,62642817530.050186,USD,Consumer non-durables,Strong buy,5.466922387227551,5.52406589786365,5.503005110906863,0,7.321772639691711,-8.986928104575162,5.283999999999999,5.880439999999999,5.293016,nan,28.332331884589813,0.11774400000000002,30.725038506315865
NUE,Nucor Corporation,274.255,USD,0.078455699897816,1184624,0.7343083208042888,62459096612.107834,USD,Non-energy minerals,Strong buy,248.75682697710013,240.47842450611242,228.14912984148566,7.063944409743899,24.237825594563986,66.03402348952656,264.781,245.39575,245.2297000000002,193.34432500000014,21.882629857177054,5.754412,126.26010976314268
THLEF,THALES,303.335,USD,2.403659504076433,46,0.2962009014810045,62341094306.13315,USD,Electronic technology,Buy,276.3597965537177,274.67801854974954,275.6964853697717,4.5982758620689586,14.57412653446647,8.330059640727114,292.09000000000026,270.040245,267.35515599999997,281.3899579999998,36.560819216195235,6.54272441031,112.33399463447343
FIX,"Comfort Systems USA, Inc.",1770.305,USD,-0.312806189677105,158088,0.2766243112957902,62304694861.86016,USD,Industrial services,Strong buy,1762.4012387786113,1750.032976022575,1681.617566687538,5.732775096755706,-0.10749290433977761,88.65142796248936,1748.9309999999994,1729.9427500000002,1814.0245000000004,1412.1427750000003,43.55476005953919,12.791138,108.88515440711674
NTIOF,National Bank of Canada,160.29,USD,-0.2799552071668639,582,0.026841180458513775,62073576007.94914,USD,Finance,Buy,159.15577472967306,155.97613639344493,150.79402130499167,-1.56595431098011,1.44936708860759,27.27489280609814,161.574,162.27115000000006,156.22709600000005,135.74353932499992,19.289944263975134,2.2628315738,9.31864127819722
NKE,"Nike, Inc.",41.695,USD,0.39730315434625363,9218566,0.4679817442483995,61854477058.60126,USD,Consumer non-durables,Buy,42.83106908805394,43.9148661520734,46.231725562736045,-2.05543810194973,-5.022779043280178,-34.8515625,41.97299999999998,42.723750000000045,43.39170000000002,54.17592500000003,19.871794871794872,0.448258,-2.8296207104154196
MET/PF,"MetLife, Inc. Depositary Shares, each representing a 1/1,000th interest in a share of 4.75% Non-Cumulative Preferred Stock, Series F",18.115,USD,-0.5762897914379826,35879,0.46328900458524275,61853574700.0,USD,Finance,,18.36611215513497,18.500486148071115,18.70339965231305,-0.9568069983597635,-3.3351120597652084,-8.463870641738255,18.201019999999964,18.337755000000065,18.470602000000007,19.34229649999994,3.5038007001798803,2.295325,-15.833428297002946
MET/PA,"MetLife, Inc. Preferred Series A Floating Rate",20.97,USD,-0.23786869647954667,15017,0.47380011863144744,61853574700.0,USD,Finance,,21.226467655538677,21.34557762760418,21.490685203641952,-0.6161137440758415,-1.5954950727358042,-3.185595567867042,21.03,21.081130000000062,21.474934000000097,21.854963499999926,4.056014390437323,2.295325,-15.833428297002946
MET/PE,"MetLife, Inc. Depositary Shares",21.96,USD,-0.4984141368373332,13741,0.20808819632161976,61853574700.0,USD,Finance,,22.226331677667808,22.365255769536297,22.587596298374674,-0.6334841628959301,-2.8748341441839833,-7.847251363827098,22.031999999999954,22.25343500000001,22.310948000000003,23.31240649999997,4.247500048354965,2.295325,-15.833428297002946
TER,"Teradyne, Inc.",395.34,USD,-2.036871840618502,825327,0.19252762965698147,61807749365.950935,USD,Electronic technology,Strong buy,371.98401679193097,367.5132828147236,351.97580857289483,9.841075794621016,2.2660251435666594,98.37422851121481,379.57600000000014,353.85524999999984,382.61470000000025,293.13759999999996,54.240125125193785,2.076829,152.82528009989946
DAL,"Delta Air Lines, Inc.",93.88,USD,1.1965074916460057,2301033,0.4038486345776876,61737643676.87098,USD,Transportation,Strong buy,87.21283845159064,84.37607882572813,80.55428002163643,5.24663677130044,0.6324364883695885,34.40229062276307,90.85399999999997,87.05999999999997,85.78300000000004,71.39735000000003,15.59649793165318,2.208153,-12.686577989236861
MET,"MetLife, Inc.",95.93,USD,-0.2080515967959936,1160283,0.25549186184952083,61724887350.16125,USD,Finance,Strong buy,92.19903051744447,89.36478567377905,86.27137661840419,-0.33246753246752536,5.556778169014097,21.52267544970865,96.31399999999991,94.32699999999993,89.22159999999992,79.95420000000001,18.55476683236301,2.295325,-15.833428297002946
COR,"Cencora, Inc.",317.215,USD,3.5702625048974803,791754,0.6607206145208926,61717688201.66108,USD,Distribution services,Strong buy,304.0789196350635,301.8655436270795,304.3788277133121,1.0947160430875145,7.5049988138407775,-5.9211697016430485,311.087,307.70674999999994,290.98929999999996,324.4247249999999,24.335821525289795,4.605893,51.27485000058027
BKR,Baker Hughes Company,61.445,USD,-0.4616879961120956,1510540,0.15477253077442968,60994857918.50016,USD,Industrial services,Strong buy,59.22291525128576,59.51725746071077,59.30402977852072,2.3827376489211027,15.415680528945492,34.39413823272091,60.874999999999986,58.17749999999997,59.48920000000001,56.76582500000001,19.744537275064268,0.596205,1.8091405764386397
GWW,"W.W. Grainger, Inc.",1290.69,USD,-0.7505094390403315,170911,0.5540165396843508,60937494005.14278,USD,Distribution services,Buy,1339.8859820448492,1314.9131365925264,1271.5522008311154,-6.3686089025593375,-3.6812883389800097,28.13616869192281,1340.020000000001,1368.2810000000009,1336.4718000000005,1138.8901999999998,34.563844658322225,11.725242,-4.647581985736291
IMO,Imperial Oil Limited,125.995,USD,-1.1183487678543376,143961,0.2616870846977922,60930262970.46509,USD,Energy minerals,Buy,124.01584287769845,123.01288035073016,120.91096706767043,0.17093337573541376,10.911091549295783,45.47396374552593,127.62700000000002,124.89025000000007,121.00390000000003,112.24787500000009,21.080610904208044,2.9573745424999998,-10.398362013920751
MPLX,MPLX LP,60.03,USD,-0.7932573128408477,660393,0.388471566421136,60914466202.47695,USD,Industrial services,Buy,57.997962000247135,57.47658933188592,56.938233521973174,2.4577572964669696,5.315789473684212,12.75356874530428,59.10200000000003,57.787499999999945,56.89820000000002,55.54399999999996,13.018020948539458,1.164451,6.462113866186442
PSA/PK,"Public Storage Depositary Shares Each Representing 1/1,000 of a 4.75% Cumulative Preferred Share of Beneficial Interest, Series K",18.58,USD,-0.21482277121376314,2827,0.2113139286301595,60882501905.0,USD,Finance,,18.542817981002788,18.576571497315108,18.663336877838397,-0.37533512064343316,0.26983270372367596,-2.5694808599895227,18.56400000000001,18.532995000000003,18.53962200000008,18.990133529999937,1.771768049052609,2.57932,14.418670623663427
PSA/PP,"Public Storage Depositary Shares Each Representing 1/1,000 of a 4.000% Cumulative Preferred Share of Bene cial Interest, Series P",15.368,USD,-0.07802340702210958,14261,0.3305403933293931,60882501905.0,USD,Finance,,15.444004807815157,15.520744082533753,15.631316324856922,-0.013012361743649262,-1.1704180064308707,-3.7695679398872906,15.39360000000001,15.39429500000002,15.536818000000006,15.968547380000002,1.4654753163530947,2.57932,14.418670623663427
PSA/PO,"Public Storage Depositary Shares Each Representing 1/1,000 of a 3.900% Cumulative Preferred Share of Beneficial Interest, Series O",14.997,USD,-0.2195608782435095,2036,0.07643245150706324,60882501905.0,USD,Finance,,15.019813345340888,15.077975086111675,15.17944089502906,0.38152610441767326,-0.7478491065519494,-4.3558673469387745,14.989400000000007,14.992350000000007,15.064366000000012,15.515038000000013,1.4300971707019365,2.57932,14.418670623663427
PSA/PG,"Public Storage Depositary Shares, Each Representing 1/1,000 of a 5.05% Cumulative Preferred Share of Beneficial Interest, Series G",19.85,USD,-0.3013561024610684,5846,0.3466823225224904,60882501905.0,USD,Finance,,19.950607981156562,20.014051135059642,20.12435467452718,0.05040322580645949,-1.0468594217347822,-1.9268774703557165,19.904999999999966,19.956999999999955,19.97490200000012,20.496364,1.8928738306616952,2.57932,14.418670623663427
PSA/PN,"Public Storage Depositary Shares Each Representing 1/1,000 of a 3.875% Cumulative Preferred Share of Beneficial Interest, Series N",14.9138,USD,-0.5083388925950637,8365,0.3689345223918777,60882501905.0,USD,Finance,,14.948295050810318,15.005849909504114,15.100203917323949,-0.44192256341789227,-1.4940554821664491,-3.6576227390180893,14.92576,14.907045000000043,14.99805599999997,15.406972000000003,1.4221633116232941,2.57932,14.418670623663427
PSA/PL,"Public Storage Depositary Shares Each Representing 1/1,000 of a 4.625% Cumulative Preferred Share of Beneficial Interest, Series L, par value $0.01 per share",17.75,USD,-0.3368893879842713,10483,0.3041239356532587,60882501905.0,USD,Finance,,17.856559244340172,17.949703072346583,18.08897975693308,-0.5044843049327347,-0.6159014557670741,-4.2610571736785285,17.774000000000015,17.78463,17.941122000000004,18.49473212499998,1.6926201760324981,2.57932,14.418670623663427
PSA/PR,"Public Storage Depositary Shares Each Representing 1/1,000 of a 4.00% Cumulative Preferred Share of Bene cial Interest, Series R",15.375,USD,-0.22712524334847595,7526,0.28370344960173705,60882501905.0,USD,Finance,,15.426816013623233,15.496714012858122,15.605429977758991,-0.8064516129032258,-0.7424144609425449,-3.90625,15.385759999999996,15.348245899999991,15.486758360000026,15.944022589999992,1.466142828535192,2.57932,14.418670623663427
PSA/PQ,"Public Storage Depositary Shares Each Representing 1/1,000 of a 3.950% Cumulative Preferred Share of Beneficial Interest, Series Q, par value $0.01 per share",15.18,USD,0.06591957811469866,1950,0.12204891971058758,60882501905.0,USD,Finance,,15.181598743073923,15.239110314245995,15.342634655452644,0.3304692663582216,-0.6193288203946408,-3.9240506329113987,15.16198,15.145765000000006,15.221695999999998,15.688018499999998,1.4475478463196239,2.57932,14.418670623663427
PSA/PI,"Public Storage Depositary Shares Each Representing 1/1,000 of a 4.875% Cumulative Preferred Share of Beneficial Interest, Series I, par value $0.01 per share",19.0066,USD,0.034736842105256995,8045,0.3035219105468676,60882501905.0,USD,Finance,,18.938484649931848,18.988041738055156,19.09486408407359,0.034736842105256995,0.6172578083642046,-1.9773078906653003,18.98331999999998,18.867580000000007,18.915094000000007,19.46236891999995,1.8124481486072832,2.57932,14.418670623663427
PSA/PM,"Public Storage Depositary Shares Each Representing 1/1,000 of a 4.125% Cumulative Preferred Share of Beneficial Interest, Series M",15.8209,USD,-0.12058080808080743,2885,0.2112562608007967,60882501905.0,USD,Finance,,15.868371622114804,15.927204080029982,16.03767674672718,-0.6848713119899545,-0.43486469477659284,-3.70724284844796,15.864180000000033,15.81092999999998,15.901660000000028,16.39748950000002,1.5086633545347916,2.57932,14.418670623663427
PSA/PH,"Public Storage Depositary Shares Each Representing 1/1,000 of a 5.60% Cumulative Preferred Share of Beneficial Interest, Series H",21.6102,USD,0.4191449814126366,7156,0.32798155676656754,60882501905.0,USD,Finance,,21.706477017450634,21.842279356657073,22.06511141600355,0.09356183418248776,-0.6884191176470708,-5.714659685863886,21.524039999999967,21.630770000000073,21.731386000000075,22.759265750000026,2.0607245367942246,2.57932,14.418670623663427
PSA/PS,"Public Storage Depositary Shares Each Representing 1/1,000 of a 4.100% Cumulative Preferred Share of Beneficial Interest, Series S",15.8001,USD,0.0006329113924035882,9839,0.4569477986253019,60882501905.0,USD,Finance,,15.777423309889203,15.836082340513206,15.94051881939567,0.3818297331639153,-0.06261859582542707,-3.066871165644173,15.75494,15.72349500000002,15.829782,16.28096749999999,1.506679889765131,2.57932,14.418670623663427
PSA/PF,"Public Storage Depositary Shares Each Representing 1/1,000 of a 5.15% Cumulative Preferred Share of Beneficial Interest, Series F, par value $0.01 per share",20.0055,USD,-0.07242757242756334,4387,0.24142997870221067,60882501905.0,USD,Finance,,20.0715924723444,20.14608050423748,20.28498607004598,0.22795591182365,-1.885728298185381,-3.4483590733590614,19.97988,20.05897000000001,20.086179959999978,20.78635524499995,1.9077021369925715,2.57932,14.418670623663427
PSA/PJ,"Public Storage Depositary Shares Each Representing 1/1,000 of a 4.700% Cumulative Preferred Share of Beneficial Interest, Series J, par value $0.01 per share",18.17,USD,-0.055005500550044065,5572,0.17577397964655928,60882501905.0,USD,Finance,,18.160457605111866,18.210395596275845,18.317421346045055,-0.1099505222649784,-0.4383561643835523,-2.989855846235978,18.13799999999998,18.102020000000056,18.138029999999986,18.686187000000086,1.7326709069583377,2.57932,14.418670623663427
PSA,Public Storage,326.3,USD,-0.058194737970534385,122652,0.09734019960089979,60847071492.54647,USD,Finance,Buy,321.41245188515444,317.45473657097114,311.7445832965503,-0.2140672782874583,-0.9741737731783495,25.935932072558852,324.0620000000002,320.8315000000006,318.15699999999947,294.3080999999996,31.11560357405094,2.57932,14.418670623663427
SCGLF,Societe Generale,93.38,USD,2.5365103766333617,6,0.0008988764044943821,60377396918.96288,USD,Finance,Strong buy,87.62376025316487,85.57533815043048,83.04199649881703,0,6.513060339911022,12.709716354858179,88.84240000000004,82.97327999999996,82.13882799999999,55.820114999999994,10.742095060198281,nan,17.03733057988621
D,"Dominion Energy, Inc.",68.26,USD,-1.3868824039294911,962720,0.3097287123039725,60036441718.771454,USD,Utilities,Buy,69.03388507774851,68.18025464001505,66.87329417001735,-1.0724637681159346,-2.0519443248672586,15.871668647088796,69.02600000000027,70.28799999999953,68.78659999999999,63.37105000000003,23.73848026430186,1.195033,-0.6529850746268628
ANCTF,Alimentation Couche-Tard Inc.,65.065,USD,-1.7145015105740256,1086,0.013365117535501863,59744639859.392845,USD,Retail trade,Strong buy,63.455810419413865,62.26314257469022,60.81751531116866,-0.053763440860209816,1.3394595436492476,18.601895734597154,64.9810238,64.31056095,62.002546379999984,57.11323288000001,19.01599323795781,0.927972,25.23629427608386
GWLIF,"Great West Lifeco, Inc.",66.73,USD,1.0907438266929237,114,0.0018955391644995445,59687651827.64519,USD,Finance,Buy,64.38925957757483,62.170860446730735,59.083463792669356,0.5878806150135674,3.2652429588362724,35.93399877775514,66.17199999999997,65.35999999999999,62.19131,50.90662764999993,19.542085563702344,1.0302200265,16.533510876661822
CMCLF,CMOC GROUP LTD,2.2,USD,7.3170731707317245,23585,4.576501406810905,59016985936.76471,USD,Distribution services,Strong buy,2.148611262881115,2.1963309326362475,2.2469381165621507,5.263157894736858,18.918918918918923,-18.968692449355423,2.1259999999999994,2.092250000000001,2.2132720000000004,2.403824999999999,13.80398730808701,0.0529848,59.49119110570209
GRMN,Garmin Ltd.,304.39,USD,-0.9662935970848605,226038,0.17913791926977274,58702376922.603745,USD,Electronic technology,Buy,264.47541595269473,255.8916949578795,248.47188825604843,2.374466081458313,26.576014637391886,49.45254578484804,301.56799999999987,260.9400000000003,246.95519999999996,230.19159999999997,31.389473250010308,2.375086,19.64318762260799
AME,"AMETEK, Inc.",255.34,USD,0.5077740602243621,495882,0.38659581028441437,58524695471.33225,USD,Producer manufacturing,Strong buy,240.87224094442516,237.18644585343017,232.5525398008949,5.687086092715235,8.669191811720648,23.95145631067961,246.97599999999994,239.43499999999972,234.66840000000022,220.22744999999978,38.57449315647944,2.082023,8.401021878684658
AAUKF,Anglo American plc,54.0,USD,7.5482971519617585,1039,0.2389000022993263,58273764681.69952,USD,Non-energy minerals,Buy,50.03180693221568,49.63296346949972,48.62248517210629,1.8867924528301887,5.955067202982431,27.50885478158205,49.461000000000006,49.243222700000004,49.38311508000001,40.21043941709998,nan,0.946667,42.99287250161728
NXPI,NXP Semiconductors N.V.,230.88,USD,-2.828282828282828,1263130,0.23595914826131884,58219664906.68282,USD,Electronic technology,Strong buy,260.36209204486386,264.52089850419014,261.32075140592525,3.883014623172101,-18.295703871470025,4.6576460189025655,233.3940000000001,263.0829999999998,286.28660000000013,241.5977250000002,22.092300037318076,4.109817,13.848248815294934
O,Realty Income Corporation,62.41,USD,-0.7790143084260763,1966412,0.4315939978950703,58196857879.50588,USD,Finance,Buy,63.51153340971582,63.26502349543668,62.87849373941075,-2.2935420743639976,-1.9173345906019266,10.75421472937,63.417999999999964,64.42599999999997,62.787400000000034,61.40535000000003,51.27762714649576,0.397716,10.444646098003627
FKURF,Fujikura Ltd.,33.1575,USD,14.771547248182756,331,0.006965268352219522,58191971061.400925,USD,Producer manufacturing,Strong buy,30.752924956349123,31.178671382448467,30.608997163265286,10.524999999999997,-3.519925975930533,74.43630171924222,26.5875,29.13674500000002,31.24255,23.5992588531,55.459927952295715,0.231405925751,62.92174600665543
KEYS,Keysight Technologies Inc.,339.54,USD,-0.4981830969405664,203397,0.18324763932296476,58025812433.491684,USD,Electronic technology,Strong buy,327.83599839533997,326.0232469095097,315.8435281207597,7.066502696055253,7.032752261765911,65.37918269933273,326.8880000000001,320.2865000000004,332.75179999999995,271.40184999999997,55.94292681319406,2.475746,42.551142635695335
CIEN,Ciena Corporation,407.61,USD,-0.8561768783596385,604625,0.3042160865290425,57698385379.550385,USD,Electronic technology,Strong buy,419.1725440088966,430.60385721471215,422.73012664993786,11.67397260273973,-4.53874798004637,69.13278008298755,391.7240000000001,399.8515000000002,453.1843999999999,354.78322499999996,135.67553173784242,1.720804,318.48446858894005
FAST,Fastenal Company,50.155,USD,0.8951921142627243,2249227,0.2897054472097707,57552745113.48873,USD,Distribution services,Buy,47.47302492766765,46.90484279230861,46.32468924173669,4.751461988304091,2.8820512820512842,24.577744659711882,48.46899999999998,46.86424999999995,46.4969,44.36282500000003,42.681473917113436,0.333469,13.569150478399544
UOVEF,United Overseas Bank Ltd.,34.75,USD,4.385701411835389,100,0.019398265795037922,57343209655.595375,USD,Finance,Buy,31.755449095085158,30.930280822198508,30.112497116292033,4.385701411835389,12.096774193548388,21.249127704117235,32.99559999999998,30.378175,29.147109999999994,24.916559510000003,16.288446593113196,nan,-17.669491525423716
KBCSF,KBC Group SA,137.22,USD,-0.745027124773961,414,0.7973805855161786,57311644900.31336,USD,Finance,Buy,134.97310703640673,132.42717734231903,127.15964262028093,0,8.004722550177098,3.4061793519216357,135.026,131.79342060000002,109.83779824000001,78.33656928000003,13.637758584667665,3.1242992802,9.823618049612278
TKPHF,"Takeda Pharmaceutical Co., Ltd.",35.89,USD,2.7189467658843816,100,0.0020516145180449756,57281833190.92031,USD,Health technology,Strong buy,32.96498417169212,32.86438045716296,32.65043877813024,2.7189467658843816,21.95039075773021,13.611902500791391,34.2444,32.201412499999996,33.558909,28.970759750000003,nan,0.291502,-210.4593434614864
LDNXF,London Stock Exchange Group plc,117.335,USD,3.015803336259866,2116,1.5382378598429778,57087079764.56387,USD,Commercial services,Strong buy,116.7736449200064,117.43048088936112,118.12449413378714,4.108993469619534,1.623939026502685,-5.3711843219484745,114.51700000000001,117.25852499999985,118.71503400000002,117.80079849999997,32.04139958002131,3.1856639688,43.63165153686505
NBIS,Nebius Group N.V.,225.76,USD,0.00885975015503757,8727509,0.3464464540554261,56812604056.86399,USD,Technology services,Strong buy,208.32250864813005,203.10193322078518,188.74178667664435,22.638998288833953,4.397687861271672,159.53900097717997,208.50399999999996,198.20950000000008,224.43480000000008,142.62297499999994,75.32112234344243,-0.673224,nan
F,Ford Motor Company,14.235,USD,-0.03511235955056729,18859526,0.3131105004041128,56765526503.27949,USD,Consumer durables,Buy,14.260175234156963,14.114925751967244,13.875362715018264,-4.527162977867208,5.366395262768318,8.004552352048556,14.48899999999998,14.328249999999993,14.55169999999999,13.38170000000001,nan,0.409361,-320.88809493428613
DBOEF,Deutsche Boerse AG,315.49,USD,2.1970635634054982,50,0.088386070355312,56731804044.124794,USD,Finance,Strong buy,294.4291779422843,290.9664988332643,287.32096581344217,2.1292437178812724,7.9336298323640095,21.435719784449574,305.85549999999995,294.851685,286.77253000000013,273.6549670000002,24.700605571912263,3.5753858109,23.901992081839214
ALAB,"Astera Labs, Inc.",329.7875,USD,-8.815356540492711,4655502,0.9043684268926401,56528199340.26001,USD,Electronic technology,Strong buy,330.43434010912216,316.77624182392344,288.87655209790984,10.852941176470596,-20.97491133902041,92.08870897282816,324.68550000000005,326.123625,357.61205,210.20768749999996,222.28868967376653,1.150884,532.3955669224212
CMPGF,Compass Group Plc,33.182,USD,6.2844330557335155,121,0.00673288261970342,56419794472.71384,USD,Consumer services,Strong buy,31.8799429184021,31.672148978686373,31.447347315549067,0,6.454924606993906,5.708824466390575,32.39719999999999,31.916149999999988,31.088100000000004,32.135778999999985,27.94509011285161,0.75,38.08582393301547
WPM,Wheaton Precious Metals Corp,124.13,USD,7.555671085694479,1805220,1.1436653129558068,56370546978.58602,USD,Non-energy minerals,Strong buy,115.80025485935577,118.3222504645759,120.96197076831326,13.568161024702652,5.967218712651524,4.310924369747895,114.76199999999976,110.25600000000001,115.61500000000007,124.31799999999993,31.57445878747493,1.143301,196.8473199805999
SNGNF,Singapore Telecommunications Ltd.,3.45,USD,-1.7094017094016984,187,0.02713763278574331,56303512662.18962,USD,Communications,Strong buy,3.454900900394454,3.516064945351429,3.544237722390486,-1.7094017094016984,0,-2.8169014084506943,3.4299999999999997,3.6165700000000003,3.6840200000000016,2.7199821600000047,13.15652589616153,nan,45.24373484155458
BAYZF,Bayer A.G.,57.3,USD,2.9446111280788987,754,0.06724337822170695,56292899341.03834,USD,Health technology,Strong buy,53.66697029814528,51.804267299973,49.76986056403285,5.836719615810854,-5.022376926902041,30.613175290631414,55.62340000000002,55.58663999999999,48.48302699999999,42.01182525000002,nan,0.6079319184900001,29.2178094995192
TRGP,"Targa Resources, Inc.",260.995,USD,-0.7548102517301748,325100,0.2848028714717317,56020988492.50774,USD,Utilities,Strong buy,268.93856358654665,265.23740651262125,256.55403400739937,-1.6967984934086613,1.1608527131782964,41.976282434858284,265.457,274.1942500000001,269.04549999999983,224.26142500000012,26.586295062596136,2.831123,80.38477086472385
WUXIF,Wuxi Apptec Co Ltd.,20.78,USD,3.3830845771144267,2721,3.348510952498154,55906236383.53485,USD,Health technology,Strong buy,19.855992770228028,18.625564368937674,16.853754904964102,0,-1.9233038348082543,38.53333333333334,21.122,19.552744999999998,14.047845999999995,nan,19.704675334480253,0.26060328464000004,65.8401381526157
CAH,"Cardinal Health, Inc.",237.65,USD,1.7555127381716953,570316,0.31398229702629826,55659022482.47206,USD,Distribution services,Strong buy,229.2052515633552,224.810873552325,219.50573114253234,3.151178436564096,-1.7406764243777424,16.170503983966377,232.78000000000006,229.8895000000003,223.81519999999986,209.9073999999999,36.33903177467201,2.419715,2.1269286026609975
SRE,DBA Sempra,84.71,USD,-2.2388920946335973,1501389,0.498458201115115,55375554613.6038,USD,Utilities,Strong buy,90.26372875174617,91.08634955285625,91.46994559018496,-4.109123839710222,-8.933562674693617,-4.519837691614073,87.44399999999989,91.16850000000008,91.41879999999993,91.84491500000006,28.78453226409324,1.057995,-35.24545074482364
NTDOF,"Nintendo Co., Ltd.",47.92,USD,0.011217869283127636,9897,1.0608967831148368,55242576113.28345,USD,Consumer durables,Strong buy,45.93455163316288,46.65820833694789,49.30471367468545,-1.702564102564099,10.925925925925922,-27.206440832447207,47.67842499999998,44.969771249999965,44.65711317999998,60.03701479499998,20.873747062392972,0.380831778613,43.81144183062197
ENAKF,E.ON SE,21.0,USD,-6.54205607476635,17,0.030357142857142857,54874637707.440636,USD,Utilities,Strong buy,21.708970003979946,21.66803170636523,21.509963500637728,0,5.474635861376192,3.2956222331529847,21.567000000000014,21.27269500000002,21.941714180000012,17.406746045000002,13.831516299002493,0.35403860000000004,-18.102056038634583
OKE,"ONEOK, Inc.",87.065,USD,-0.6674272675413667,1312293,0.33110005077920573,54863789641.93205,USD,Industrial services,Buy,89.73589121860495,89.2415812184175,88.00710627363544,-1.554726368159204,-0.7806267806267833,18.52028314729105,88.56700000000009,90.78424999999979,89.00949999999992,82.12447500000007,15.040509959058163,1.475376,12.846755170867707
ANFGF,Antofagasta plc,55.628,USD,1.141818181818182,3084,0.5298604906879253,54841237836.38891,USD,Non-energy minerals,Buy,51.82551061724177,51.66194988505057,50.84141814780671,11.938826843746856,10.045499505440164,23.49976688941678,52.488600000000005,50.23694749999993,52.30239899999996,47.72963424999999,40.50178292884943,0.727143,67.34912301564866
EBKOF,Erste Group Bank AG,136.582,USD,3.8448964075270773,1717,1.5145100114668784,54638240151.024185,USD,Finance,Strong buy,131.34551393256297,128.83122611302957,125.5357654754147,2.5151804009577345,0.5528929331301432,12.57058223804315,132.32260000000002,132.5241800000001,125.91279199999988,116.37169350000002,13.373366345856281,3.2274430661999998,17.412288474093835
NOKBF,Nokia Corp.,9.786,USD,-2.140000000000004,5052,0.0027264876330687334,54620700131.22792,USD,Electronic technology,Buy,10.826709013418794,11.182637701902564,10.937578246046037,8.914858096828048,-20.889248181083264,51.486068111455104,9.486,10.240470000000004,12.625958999999996,9.196938250000002,68.9358542788744,0.07087406589,-32.29847623704099
LNG,"Cheniere Energy, Inc.",257.3,USD,0.0038866648528861998,541068,0.33400100446974224,53917700484.86844,USD,Industrial services,Strong buy,256.1598336555764,253.0402651870084,249.16049748418854,-0.8859784283513141,4.593495934959354,32.315129075388256,258.85999999999996,261.16499999999996,247.0652,233.42430000000004,42.116807437962414,3.078564,-55.368531790387266
OXY,Occidental Petroleum Corporation,54.18,USD,-1.651842439644225,3140995,0.4102728086018919,53889308444.310036,USD,Energy minerals,Buy,54.81816742340736,54.758916003481374,54.22245162825744,-2.624011502516177,11.229726955450623,31.37730358874878,55.55200000000002,55.17949999999996,54.52759999999993,50.434124999999746,61.83519744350605,1.82532,-64.53780152177433
CARR,Carrier Global Corporation,65.25,USD,-0.6698127568884118,1497876,0.17451051311910998,53787213028.29198,USD,Producer manufacturing,Strong buy,66.82699788047901,66.58911626883263,65.56250353560831,4.433418693982079,-7.57790368271954,22.8582187911881,63.461999999999954,66.59050000000003,68.28339999999999,61.00467500000001,45.979846381509404,0.788811,-43.37642646237332
HOCPF,Hoya Corp.,159.57,USD,3.502626970227675,518,1.0660629759209714,53306056073.91348,USD,Health technology,Strong buy,163.77873902860696,165.57970140052748,164.5144944472253,0,3.229437565500906,3.798463025578501,162.03600000000006,170.38901499999992,165.11854799999995,133.50064950000015,32.84722316824698,1.22754027,17.099263791296128
CTVA,"Corteva, Inc.",79.72,USD,1.8005363299706252,1956708,0.37297752918217475,53188862176.946495,USD,Process industries,Strong buy,82.44716466417806,81.92989262855336,80.64712039206381,2.2051282051282035,-6.552572969171262,18.98507462686567,80.424,85.41800000000003,81.93299999999998,75.46419999999992,52.70395345762264,-0.390658,-26.404904393519196
LHX,"L3Harris Technologies, Inc.",285.3,USD,0,502547,0.2623281526324139,53127027349.0,USD,Electronic technology,Strong buy,291.6565072285432,298.0405455208306,304.55846706441287,2.996389891696755,-5.470329014943173,-2.9591836734693837,279.48399999999936,287.97649999999976,296.35280000000006,315.9964499999994,28.815853264382678,2.984049,10.543180930050802
LBLCF,Loblaw Companies Limited,45.83,USD,-1.1432269197584148,118,0.0015494633341824743,53008009878.835396,USD,Retail trade,Strong buy,45.97966911253975,45.859285133362796,45.66427252385106,-0.36956521739130804,6.408172742047824,2.4134078212290464,46.655999999999985,46.10334000000006,45.78777,44.669266799999974,27.552982527693665,0.52632419,12.014109135081098
NDAQ,"Nasdaq, Inc.",94.59,USD,1.0361033967101034,1045062,0.2809120536162369,52873669651.185646,USD,Finance,Strong buy,90.75260849990563,89.75435442653182,89.24672245748606,-0.36865388666525634,11.768876285005327,-2.7352185089974257,94.33999999999995,92.1369999999999,88.29589999999989,89.3017500000001,27.564401445389908,1.025598,31.852762621993403
FANG,"Diamondback Energy, Inc.",186.84,USD,-2.6215666857768287,784598,0.37738306638519825,52560580113.42826,USD,Energy minerals,Strong buy,192.15557243971128,190.82497036907878,187.64545370104992,-5.997182531696513,8.71639706738042,23.65730169760747,196.0439999999998,194.8467500000001,191.21460000000025,174.43432499999983,35.92662385109411,4.802456,-63.025843375635425
MBGAF,Mercedes Benz Group AG,54.53,USD,-1.7043559769627954,10365,0.46219911350522175,52507137029.29641,USD,Consumer durables,Buy,53.18332864968561,54.274048723240234,56.19129531189395,-1.5348501263994248,5.760279286268423,-23.509608640763084,54.61410000000002,52.28530000000001,53.65652799999999,62.47140749999996,9.095889655737905,1.63207502577,-26.517311828054872
FITB,Fifth Third Bancorp,57.89,USD,0.20772027003634663,1854938,0.33051639612118955,52466378040.99878,USD,Finance,Strong buy,56.26534136135057,54.948054047598234,53.30052619350172,2.243023666548928,1.1355695317959444,23.564567769477055,57.12999999999998,57.373500000000014,55.03439999999994,49.40617500000003,19.70320955719683,0.838547,-8.564404195064261
FITB/PM,"Fifth Third Bancorp Depositary Shares Representing a 1/40th Ownership Interest in a Share of 6.875% Fixed-Rate Reset Non-Cumulative Perpetual Preferred Stock, S",25.8815,USD,-0.2062849431270471,2583,0.2404266805666735,52357620650.0,USD,Finance,,25.913185383691946,25.931426057115093,25.93340491796165,-0.5704955820207532,-0.34077782056218636,-0.9510141599693837,25.933300000000024,25.875324999999986,25.996304000000006,25.9695375,8.808924134644839,0.838547,-8.564404195064261
FITB/PK,"Fifth Third Bancorp Depositary Shares each representing a 1/1000th ownership interest in a share of Non-Cumulative Perpetual Preferred Stock, Series K",18.0251,USD,-0.24847814056448222,13529,0.5084427273786393,52357620650.0,USD,Finance,,18.131405080285948,18.303949942569368,18.569412427245958,0.028301886792446017,-0.1379501385041682,-7.087113402061856,18.03902000000003,18.03819500000001,18.210401999999917,19.275916000000095,6.134951158912222,0.838547,-8.564404195064261
FITB/PA,Fifth Third Bancorp Depositary Shares each representing 1/40th share of Fifth Third 6.00% Non-Cumulative Perpetual,22.68,USD,-0.4389815627743697,3803,0.4101286572411487,52357620650.0,USD,Finance,,23.064191614073124,23.251074471089904,23.47700094206589,-0.35149384885765306,-2.8277634961439593,-8.066477503040137,22.76310000000002,22.998780000000032,23.34266799999996,24.125665000000026,7.719274360981587,0.838547,-8.564404195064261
FITB/PI,Fifth Third Bancorp Depositary Share repstg 1/1000th Ownership Interest Perp Pfd Series I,25.65502,USD,0.21492187499999593,9634,0.38457393088527053,52357620650.0,USD,Finance,,25.48828520212385,25.490433075592104,25.50579771712994,0.5684829478635782,1.083609141055955,0.254083626416571,25.56700400000006,25.403015999999955,25.51384440000014,25.578313599999966,8.731840304958988,0.838547,-8.564404195064261
SEMHF,Siemens Healthineers AG,46.519,USD,2.2058661979567127,1802,0.7668411421762628,51905345970.248405,USD,Health technology,Strong buy,42.05610356758526,41.77353997742157,42.51767046146465,5.84527872582479,15.603876739562615,-8.246548323471409,44.92029999999998,41.56107500000003,40.55817199999997,46.71908750000001,20.63451668886566,0.78230796927,-0.7678723859381196
SSUMF,Sumitomo Corp.,11.0,USD,3.7735849056603805,1340,0.2742585808141796,51759355957.03218,USD,Distribution services,Strong buy,10.234496481080685,10.229576173408217,10.112528115544244,6.28019323671498,7.003891050583664,27.628716461203766,10.336000000000004,9.908524999999992,10.245319999999994,8.641585374999998,13.831333903827908,0.24087139150300002,-8.423608324179238
CVE,Cenovus Energy Inc,27.975,USD,-2.627915071353982,4342751,0.522758305108123,51592755103.32281,USD,Energy minerals,Strong buy,27.9365512819175,27.461521024018086,26.508954533846396,-4.619843163995898,13.71951219512195,64.84973482616384,29.357000000000006,28.33175000000002,27.414100000000012,23.043534999999977,11.097611056243448,0.836805585,141.60591206894858
MARUF,Marubeni Corp.,31.0,USD,-4.907975460122704,18513,1.1453796277964758,51447152709.960304,USD,Process industries,Strong buy,31.78182714778259,32.08948247108065,32.26425160150364,-5.001225790634954,2.0408163265306154,10.714285714285714,31.822900000000004,31.421725,30.87852,31.87263949999999,14.369672181270797,0.492778104513,0.1657989885508174
STT,State Street Corporation,187.06,USD,0.9879609134589497,342016,0.20479764544024404,51385708489.02824,USD,Finance,Strong buy,178.3326108982853,171.54748025075597,162.58119261338715,1.5747176368375355,9.047452489215349,45.470098763511935,184.58800000000014,183.19450000000006,173.2066,140.9014000000001,16.493263737038866,3.606832,27.095263175588595
UCBJF,UCB S.A.,269.84,USD,4.39694361156783,1,0.0005165822915590454,51268579577.019615,USD,Health technology,Strong buy,282.7443229118726,286.62479738197936,288.7291807008691,2.2741055184960586,-10.053333333333342,-6.286031812183102,264.28099999999995,279.450875,290.6290280000001,293.5005769999999,20.897808430256646,6.035588550000001,59.95196741195669
EW,Edwards Lifesciences Corporation,88.88,USD,-0.8035714285714273,1354931,0.2575229907517757,51177102043.84643,USD,Health technology,Strong buy,87.25079497268739,86.68445484829927,85.71248184157669,2.290252042812746,-5.807545570156851,4.001872220922071,88.05800000000008,86.97000000000006,87.89759999999997,83.92230000000004,52.74151436031331,0.738366,15.046422719825225
STT/PG,"State Street Corporation Depositary shares, each representing a 1/4,000th ownership interest in a share of Fixed-to-Floating Rate Non-Cumulative",21.25,USD,-0.1409774436090279,39528,0.9750442159167434,50883004295.0,USD,Finance,,21.369331928505503,21.51602613013327,21.726737176483716,-0.0470366886171287,-1.0246856078248667,-5.800056741612876,21.258000000000013,21.28978999999998,21.42681600000011,22.2899355,1.8736333497919166,3.606832,27.095263175588595
GDERF,GALDERMA GROUP AG,217.75,USD,0.9269988412514484,5,0.0014547147304413606,50776889564.13118,USD,Health technology,Strong buy,214.6301298187114,211.53906984391298,206.42550263608388,-2.2885348889387456,-3.8843522401235977,8.333333333333334,218.7599999999999,214.71249999999992,214.1319000000002,nan,60.61173904223264,2.49,106.81440212814668
BFFAF,BASF SE,56.88,USD,1.0445534001279062,421,0.7789084181313598,50766662309.738304,USD,Process industries,Buy,55.68629873586849,56.04931946874189,56.2227858155469,0,4.118616144975288,9.384615384615389,57.09539999999987,55.09093749999996,58.335599,53.008282249999986,7.488195757892185,0.49042068117,1383.3756801894124
RWNFF,RWE AG,64.844,USD,-1.8288621086416952,5701,2.9606356460324057,50577356900.4802,USD,Utilities,Strong buy,64.58974130113181,64.61237630634598,63.905377409774374,-1.7247128004607397,-0.9258976317799981,16.810779651246566,64.58120000000001,64.77205000000002,64.53540000000001,60.25778649999998,17.41035246965914,0.7194978000000001,-36.219717115608134
SMTOF,Sumitomo Electric Industries Ltd.,15.98,USD,24.55183164458301,18166,0.4625758185346079,50524066655.2735,USD,Producer manufacturing,Strong buy,16.161582557405264,16.28755305904314,15.590828562616379,13.494318181818185,-4.482964734010759,66.45833333333334,13.912000000000003,14.86935,16.4106,7.23138305125,20.22792288568908,0.168534187968,80.16337021669729
ROK,"Rockwell Automation, Inc.",453.2,USD,1.7900860229544215,484240,0.5022618586551488,50429358238.57781,USD,Producer manufacturing,Buy,462.78447888115517,455.90745053889765,443.5890306122051,-5.0830418665047095,-4.4929613082694075,15.612244897959181,466.1000000000002,464.69299999999976,464.6543999999995,413.08319999999986,47.0906068162926,3.634791,21.16633932618221
FNCTF,Orange,18.93,USD,-2.972834443874945,136,0.02455006588804448,50332857976.54518,USD,Communications,Buy,19.050403908287812,19.123951484211258,18.843821143615465,-1.0040790712268601,-3.022540983606557,12.21102548903378,19.29199999999999,19.078882499999995,18.480761,14.157437750000012,10.961782474451116,nan,245.42395732010127
XYZ,"Block, Inc.",84.53,USD,-0.1299621928166345,3338662,0.7710268341269085,50310881968.045845,USD,Commercial services,Strong buy,78.84412031680719,76.46153822961313,73.80617920714907,4.694079762199661,7.189956885620089,28.621424223980526,83.018,80.45400000000002,76.29919999999997,67.78955000000005,65.66967060285893,0.871072,-68.69116824362123
CRWV,"CoreWeave, Inc.",92.21,USD,0.33732317736668993,9864709,0.3447813002553666,50307042909.64722,USD,Technology services,Strong buy,85.79328875796605,89.27664296651325,91.84827912941209,30.69236765643822,11.07631150996807,24.72609224942511,83.10800000000006,78.389,92.86180000000002,94.09992500000003,nan,-1.216169,-21.728872558499315
AMP,"Ameriprise Financial, Inc.",558.36,USD,0.8634705011019135,99199,0.19115332713234937,50194939101.593834,USD,Finance,Buy,518.2271750482272,503.12733597220074,492.07088680412744,2.1720434042708936,13.865040683565473,13.951020408163268,550.8620000000001,532.0879999999996,489.66819999999984,477.2990000000003,13.469062839223255,11.7825,28.975754238263683
WAB,Westinghouse Air Brake Technologies Corporation,297.11,USD,-0.6553649647239708,170140,0.165119444226623,50185101761.816376,USD,Producer manufacturing,Strong buy,280.9089274300826,274.61965293608216,266.67341047455994,1.9070485336991947,13.72631578947369,39.08341915550978,295.194,280.7915000000001,271.55319999999983,244.24509999999958,40.013737003717075,2.730374,10.817264640916962
HCMLF,HOLCIM LTD,93.11,USD,3.2215866258702563,109,0.2536063285248953,50164541431.59839,USD,Non-energy minerals,Buy,91.66121734168615,91.63497944087058,91.52702803087513,5.686719636776397,3.6859688195991116,-4.943237504083632,90.30219999999991,92.70328,91.79107580000014,94.40758845,106.84942083276127,2.84211,-87.48138038057726
HINKF,Heineken N.V.,91.15,USD,-0.4042832167832062,705,0.36435991524109773,50131135009.39382,USD,Consumer non-durables,Strong buy,87.59145851590202,85.81093813637978,84.40201611230036,-0.4042832167832062,4.667853246827826,12.019171684896154,90.61998000000006,86.19056999999985,80.95509600000017,82.59074617500019,23.060210312346225,3.444378375,120.8211384701732
ETR,Entergy Corporation,107.185,USD,-1.538673525629246,784502,0.2815453740346778,50015897633.71473,USD,Utilities,Strong buy,111.29990650182343,111.34440630685154,110.08664351544395,0.17289719626168437,-6.608869913740519,15.788052284757493,107.951,112.2982499999998,111.97129999999994,104.32142500000009,27.406034262337,1.692919,-2.653325368379127
ADSK,"Autodesk, Inc.",236.775,USD,-0.18338181358290218,454887,0.20030049014477133,49959526414.401474,USD,Technology services,Strong buy,221.80926395888966,222.67868901152667,228.51101472912237,-1.1790484140233675,15.69187921430666,-20.008445945945944,235.5729999999998,220.67125000000004,215.56330000000028,252.8226250000002,34.59700751044741,3.118894,46.64866718093768
PYPL,"PayPal Holdings, Inc.",58.21,USD,-0.5637171165015344,3078358,0.24388901101728022,49796378397.35411,USD,Commercial services,Buy,52.648711334093974,50.68271333934304,50.02098448741353,0.1410679878887984,30.84364454443193,-0.8692687915459436,57.89600000000005,54.90099999999991,47.88,51.98892500000007,11.000037794323292,1.318938,13.295366960691968
AZO,"AutoZone, Inc.",3047.92,USD,0.6568627127208077,33368,0.2474860525796609,49758378107.628174,USD,Retail trade,Strong buy,3071.589539180032,3133.1363455288447,3226.4152748762294,0.5585633736831958,-2.950101414711345,-9.699553522491263,3017.8079999999964,3027.9520000000075,3058.3425999999995,3467.316449999999,20.955263326157844,54.531664,-1.5630245048673954
WMMVF,Wal-Mart De Mexico S.A.B. de C.V.,2.85,USD,-0.6968641114982584,4936,0.1450736389794293,49722017848.755264,USD,Retail trade,Buy,2.8928011592828122,2.94161920576545,3.0025197542123876,0,0.8492569002123149,-7.166123778501621,2.8844000000000047,2.8209250000000003,2.9100559999999973,3.1559242499999947,17.19680940414703,0.04286187846,4.838225633437074
DGEAF,Diageo plc,22.328,USD,-0.5877114870881631,4373,1.324990910192704,49648536139.17505,USD,Consumer non-durables,Buy,21.296677761461595,21.080993444640107,21.10386754284759,-1.2122820989293024,11.919799498746869,1.4909090909090883,22.249000000000024,21.30215000000004,20.851612000000046,21.6028435,20.39079011352797,0.638143,-30.636144963394337
GPDNF,Danone,77.05,USD,0.14296854691967692,650,0.09967949209464952,49474999881.02396,USD,Consumer non-durables,Buy,78.93673864660754,78.84590347642015,79.21557574233655,-2.0592347781873706,-9.139150943396226,-14.493396959272003,78.51399999999983,80.58451,76.548025,82.87771175000003,22.36040282402955,2.3404478999999996,2.612413003394069
DVN,Devon Energy Corporation,42.75,USD,-2.951191827468779,5605172,0.5859481586958594,49307980651.95801,USD,Energy minerals,Strong buy,43.79213338823118,44.06055716411029,43.96633455784419,-3.0612244897959213,6.475716064757163,16.548527808069792,44.134000000000036,43.76050000000002,43.661799999999914,41.995224999999984,11.8637953044347,1.208159,-18.007645399108032
FERG,Ferguson Enterprises Inc.,253.79,USD,-0.6731634769676329,749808,0.11096336543176127,49219482262.77668,USD,Distribution services,Strong buy,237.39410446421402,236.79712543190308,237.0923828595132,0.7103174603174571,10.329087510324737,13.725578060584333,244.01399999999967,233.67350000000002,231.9665999999999,240.45920000000046,27.827850877192983,3.296259,9.569291764281854
DSDVF,DSV A S,207.15,USD,-3.5030511948572145,1081,1.5464949928469243,48668757119.710396,USD,Transportation,Strong buy,231.1280768113609,236.24796840457105,240.00632564720897,-1.9315438147990267,-17.63059219289909,-17.08693563880884,213.20447999999996,234.00976999999997,239.8072680000001,245.77882549999995,46.987415946623926,2.6935341588,-37.486658044052845
SDVKF,Sandvik AB,38.755,USD,3.3499738658303726,167,0.007814108442980404,48613724169.28407,USD,Producer manufacturing,Buy,38.83548625991661,38.92342137841429,38.20825057201363,0,-5.533211456428997,17.79635258358664,38.44305999999998,40.10711499999999,39.05132800000002,25.751331035000025,28.1092639256144,0.4614968736,13.611512030141887
VTR,"Ventas, Inc.",92.68,USD,2.0143093010456936,826794,0.21818566431142486,48596418910.55674,USD,Finance,Strong buy,92.42312122676498,90.66419823451692,88.43831532720627,-0.4297378599054485,0.032379924446844184,19.78803153677136,91.96200000000007,94.77850000000002,89.21300000000012,83.18354999999994,169.99266324284667,0.167141,26.057803468208096
VIK,Viking Holdings Ltd,108.79,USD,1.1811755952381047,354559,0.18602678644273504,48537430517.428856,USD,Consumer services,Strong buy,100.71607366750011,96.82116348869903,91.62253647212228,2.102299389957775,8.03376365441907,52.132568871486505,106.31599999999992,101.41750000000005,97.96560000000004,78.57120000000002,40.51467302249367,1.255918,117.98993343075175
LZAGF,Lonza Group AG,710.383,USD,2.612017911310138,32,0.17887087758524314,48411461082.281944,USD,Health technology,Strong buy,688.0612401468604,676.8187266980808,669.2977139898319,-0.06696123985206617,-1.3356944444444392,2.234416577799471,701.7413999999993,703.361949999999,669.7221399999996,667.6910099999997,nan,11.4895386,-114.90147868675045
STMEF,STMicroelectronics N.V.,54.22,USD,3.2368621477532287,286,0.01344882393326374,48382038976.89769,USD,Electronic technology,Strong buy,59.80649084422947,59.699906827462385,56.27676870974599,3.2368621477532287,-23.590755355129644,93.78127233738384,51.86880000000001,61.55640000000002,66.185842,38.40868199999998,109.87182189523963,0.40709497128000005,-34.87945417203459
XEL,Xcel Energy Inc.,77.07,USD,-0.8745980707395586,1887275,0.39014169795976117,48140568458.90199,USD,Utilities,Strong buy,79.22578044322799,79.46182509439028,79.42010758106078,-1.268255188316691,-5.966325036603222,4.402600921159578,77.78799999999993,79.32399999999996,79.37939999999992,78.99447500000002,21.096572867622903,1.341906,1.3426542387927207
AXON,"Axon Enterprise, Inc.",596.6,USD,-1.7457180500658798,327932,0.44518887253174394,48087202670.048416,USD,Electronic technology,Strong buy,525.6168576645817,506.5227397536807,498.5613317632029,8.912337069626503,-0.31746031746031367,4.051485079442597,566.548,539.8344999999999,504.54860000000025,513.7318499999998,238.81194460011207,1.843938,-39.52993004623242
CNSWF,"Constellation Software, Inc.",2259.99,USD,-1.7391379962521578,608,0.10778995142360741,47892646254.21826,USD,Technology services,Strong buy,2059.30820111845,2026.6646212151813,2027.039687879723,4.388493196241987,13.68273322669241,-5.597744360902265,2204.1184,2028.4682999999957,1996.317928,2121.785704000006,65.08926892531498,27.811667,2.743313920117976
EBAY,eBay Inc.,107.85,USD,-1.6056929112307317,1491103,0.39601367398390286,47885400266.64857,USD,Retail trade,Buy,110.74550350862171,109.36170157735108,106.35901305267784,-3.334229631621403,-5.7172829792814115,23.965517241379306,110.424,112.6427499999999,111.08729999999997,96.86204999999998,24.486320808264274,1.504249,5.265044691936331
FER,Ferrovial N.V.,66.56,USD,0.06013229104029804,359518,0.1825007637236495,47805586056.1721,USD,Industrial services,Buy,65.81191592458683,66.28933642737117,66.50135563835462,1.6415973123616139,-1.7854507894348441,2.6843566800370398,65.87599999999998,64.09400000000001,66.32799999999996,66.899075,69.49755634855812,nan,-82.53181421518218
CCEP,Coca-Cola Europacific Partners plc,107.54,USD,1.3285593140488183,735299,0.31954943338241387,47663621712.21918,USD,Consumer non-durables,Buy,104.73163664580895,102.6267858087432,100.48085180720484,-2.2985372944489755,1.257002965962062,18.64518976169462,108.60599999999992,106.91849999999981,101.52960000000003,95.80204999999992,20.7758587380704,2.63559798,42.72872663100424
VST,Vistra Corp.,141.3,USD,-1.3474830691894006,2665896,0.5650420332641733,47643880826.734634,USD,Utilities,Strong buy,152.40598806853106,153.84999381370264,155.88818545020945,-5.021173623714457,-7.3260313504295835,-13.78363536518395,147.4560000000002,155.34249999999992,155.97199999999975,162.86355000000015,23.59443618815436,1.612757,-6.065501772437812
CODGF,Compagnie de Saint-Gobain,96.35,USD,3.061355468081459,1682,0.29056610292466356,47177858225.46101,USD,Producer manufacturing,Strong buy,90.11901507143308,89.9558189605416,90.70586391200638,0.3645833333333274,7.593643320651392,-6.727976766698937,92.58660000000002,87.65734500000003,88.82945799999999,95.82355432499999,15.63793483725756,3.6432588000000004,-7.027577485007723
EXC,Exelon Corporation,45.51,USD,-0.7198952879581269,2203610,0.25709745477708246,46977875429.803665,USD,Utilities,Buy,46.33174379571216,46.39265327762545,46.38513605790451,-0.8064516129032356,-4.491080797481638,4.4765840220385575,45.67600000000005,46.46050000000004,46.256800000000084,46.169775000000016,16.673383403553764,0.833441,3.6177966745121837
PCG/PX,PG&E Corp 6.000% Series A Mandatory Convertible Preferred Stock,42.605,USD,-0.8263500931098788,2531,0.012502648970964314,46767931940.0,USD,Utilities,,42.37210122351541,42.23884324400538,42.13123081118904,-0.4323440056087924,2.588490248013474,4.296205630354946,42.83100000000001,42.81874999999999,41.94896600000001,41.86471699999999,31.0781238602378,0.420489,26.79430262671107
DNBBF,DNB NOR BANK ASA,32.374,USD,-4.014468690702085,420,0.1190003966679889,46639084089.227615,USD,Finance,Buy,31.80425152247183,31.64882406554759,31.372587018900212,-1.2265072003905326,7.44772651842019,11.711525189786066,32.688,31.571699999999993,31.424859999999953,30.21377599999998,11.607479624665757,0.69538036652,-5.744248082580804
BDX,"Becton, Dickinson and Company",169.075,USD,-0.6142722783917328,659060,0.38042836721329265,46586997843.86506,USD,Health technology,Buy,159.29708970439523,157.18176973955389,156.14198535235835,0.7898658718330781,7.043368154479266,10.73541232972957,168.09499999999957,159.2597500000001,153.02170000000018,155.37274411524933,42.87217587544691,3.141419,-24.7442943286772
PCG,Pacific Gas & Electric Co.,17.315,USD,-0.7736389684813639,11148306,0.38368804086186126,46406116993.759315,USD,Utilities,Strong buy,17.26979420056249,17.17335927887559,17.059039427600087,-0.5742176284811822,1.1981297486849904,6.948733786287831,17.470999999999993,17.519250000000003,17.058699999999998,16.72405,12.63038879568167,0.420489,26.79430262671107
SSREF,Swiss Re Ltd,170.0,USD,0.3156994069571868,323,0.31822660098522165,46183862861.24862,USD,Finance,Buy,163.0591498176213,161.6609809137274,161.5012934795033,0.3156994069571868,5.087469864622606,0.5381749364243873,165.853,161.0161,158.94127999999986,158.5763549999999,10.386566181485925,nan,56.15397382686712
IDXX,"IDEXX Laboratories, Inc.",585.18,USD,-0.49482222108862284,281902,0.43615226386792677,46160757941.10319,USD,Health technology,Buy,564.3309584970352,565.9323686616799,573.9806268632346,2.7199241686195013,4.235838973993583,-13.502727151789282,571.796,561.3517499999991,558.6058999999989,619.6430500000002,43.05643440512103,3.726707,25.583286362418328
ANNSF,Aena SME S.A.,30.77,USD,1.044266386444233,367,0.18719714358581993,46155000528.21065,USD,Transportation,Buy,30.29641143910842,30.08778462063768,29.85679129660678,-1.0229027277406118,-2.068746021642273,9.963547995139733,30.706799999999976,30.395749999999964,30.001740000000005,29.232850999999993,18.002500616958624,0.58737978831,7.7813134777676485
FLEX,Flex Ltd.,124.88,USD,-1.444242759056111,998038,0.1647485770796144,46131040574.87871,USD,Electronic technology,Strong buy,125.95797792968672,124.07361953161869,116.24819316405144,13.589230489357828,-9.843699238349632,103.25520833333334,118.93999999999994,122.71950000000007,138.55789999999996,89.07042500000001,48.219939763688316,1.0581,13.732378902990646
ASMXF,ASM International N.V.,946.25,USD,-0.07972502785096124,11,0.9565217391304348,46045040343.29521,USD,Producer manufacturing,Strong buy,1001.7469891543487,1003.5017669481429,972.7052710543188,2.8532608695652173,-10.983066792097837,45.309776641405406,915.7257399999999,997.8367249999999,1034.3502030000002,739.2051447499999,37.882826411610374,6.680479945499999,98.4315885470836
SWDBF,Swedbank AB,40.85,USD,-1.8028846153846152,400,0.6901311249137336,45810591504.18126,USD,Finance,Buy,38.4903499760036,37.736630006119796,36.950359774146335,-1.8028846153846152,11.054473782580633,15.395480225988708,39.97800000000001,38.20718750000004,36.526680879999994,32.584628219999985,14.400966944024002,0.7531186402,-10.235424843355544
MDLN,Medline Inc.,34.82,USD,-17.17411988582302,11885234,2.1637753632126286,45742623360.05376,USD,Health technology,Strong buy,38.354542272507665,38.93538546199393,39.83304585412944,-11.848101265822784,-19.004419632472672,-16.917203531376753,39.146000000000036,39.45100000000002,38.10900000000001,nan,29.123452659752427,0.386446,-22.06505442930709
DRPRF,DR ING H C F PORSCHE AG,48.75,USD,-4.50538687561214,350,0.19989719572791134,45368665543.63641,USD,Consumer durables,Buy,51.36408594027008,51.030292080258114,50.66502779256773,0,-3.5512909288752628,-12.051235792891935,51.94100000000001,50.07322,49.49097,55.36475799999998,45.81028493388304,0.30664133331,-62.03492045664966
SLF,Sun Life Financial Inc.,81.695,USD,-0.6989181961833023,338211,0.6554329398796461,45265892416.70734,USD,Finance,Buy,80.18125456572962,78.07461285976628,75.22151809925529,-1.7970909965140096,2.1187499999999915,30.984447651114312,82.42899999999989,81.54474999999995,78.19809999999993,67.60492500000004,21.246280522546517,1.3607496319999999,1.2784540473330384
RKLB,Rocket Lab Corporation,75.2748,USD,1.06713211600429,10300387,0.627913730284585,45027895125.13695,USD,Electronic technology,Strong buy,79.36960471128175,83.79562230808679,84.5102282168682,18.842437638143345,-25.04749576819676,6.576242389919304,69.96296,70.40274000000001,93.25449600000002,77.857574,nan,-0.05832,19.985465116279073
AU,AngloGold Ashanti PLC,88.5775,USD,8.684049079754603,1697884,0.6020172501426696,44732299777.121475,USD,Non-energy minerals,Strong buy,84.04689862048757,86.10669470108144,87.99757809113785,10.874327199899863,4.098601480785048,1.6788153590082142,82.66749999999999,79.98187499999997,84.06954999999998,91.28138750000002,11.854431819702627,1.92,9056.985294117647
DISPF,Disco Corp.,411.844,USD,0.5012323385148426,1470,2.303353180821059,44672078190.18771,USD,Producer manufacturing,Strong buy,416.13918157287117,426.1133684176998,426.3356932943357,10.149935543228827,-12.146318986996143,17.716801006116725,376.9144000000001,397.1164999999999,438.7762000000001,402.4347604999999,49.91099780595069,2.899814279782,4.349644525751898
VLKPF,Volkswagen AG,86.25,USD,4.418886198547223,563,0.5789203084832905,44598094344.11991,USD,Consumer durables,Strong buy,88.91073168731762,92.33589689424605,96.37509267478744,-2.6413816457839525,-3.0898876404494384,-28.767281676880128,83.41791999999995,84.09396999999986,93.605597,106.92400924999998,7.222162036049963,4.8473558334,-39.12930749722384
ODFL,"Old Dominion Freight Line, Inc.",214.2725,USD,-2.3014316979755542,583298,0.31533374945493514,44561884116.89848,USD,Transportation,Buy,221.42397197963305,219.64662092151278,213.69346873489846,0.5313409026930758,-1.4023099576661078,35.83042789223455,213.9444999999999,225.99087499999982,226.68875000000003,189.3675124999995,41.23559070877355,1.592536,1.48825218257456
PINXF,Peoples Insurance Company Group China,0.7,USD,11.111111111111104,9535,0.027125581628229038,44392335500.77922,USD,Finance,Strong buy,0.6894100120127056,0.7179682607458787,0.7413600151660636,0,11.111111111111102,-30.000000000000004,0.6679999999999999,0.7642399999999999,0.7830207,nan,4.816304627799969,0.10008240000000002,9.306656567571236
RBGPF,Reckitt Benckiser Group Plc.,69.74,USD,-1.7608113818847728,3566,1.946506550218342,44290719787.125946,USD,Consumer non-durables,Strong buy,66.9320186464995,66.84576827810412,68.16180474222864,-1.7608113818847728,2.3330887747615394,-16.53137294675781,68.534,65.240415,64.64129999999997,73.19711244724998,11.913438486561871,2.5691715918,125.9537835588003
CMG,"Chipotle Mexican Grill, Inc.",34.965,USD,3.3855706682436524,11874926,0.5822555421891731,44245338878.146225,USD,Consumer services,Strong buy,34.38173679628125,34.10900828742877,34.282772438844496,-8.826597131681872,-0.5828831390389487,-6.134228187919454,36.397000000000006,34.57825000000002,32.9515,34.83889999999998,32.25255972696246,0.289857,-4.172191284363114
PPCCF,"PICC Property and Casualty Co., Ltd.",1.98,USD,1.020408163265307,1500,0.9645061728395061,44040674482.016106,USD,Finance,Strong buy,2.085618879845397,2.0319038695086404,1.8920932724118726,0,1.020408163265307,1.020408163265307,2.091,2.0061499999999977,1.4389398199999996,1.2196830950000004,7.84674349326035,0.19427760000000002,25.052082159424355
FNV,Franco-Nevada Corporation,228.31,USD,4.31782874897194,359437,0.5752725181042545,44030847402.37945,USD,Non-energy minerals,Strong buy,217.13451767624554,219.54361986147993,222.34165549173971,7.805269619416376,4.700541135467303,9.459200306836701,219.21400000000003,210.22800000000012,214.99939999999987,226.05444999999997,32.370124720572065,1.961922,126.50721479611555
TTWO,"Take-Two Interactive Software, Inc.",235.19,USD,-2.0939139122471073,785657,0.43835414202056666,43975929490.92082,USD,Technology services,Strong buy,236.10724266942472,233.0080670880728,229.8836807280055,-4.413737045315997,-7.035851219415791,-8.736733862361998,242.18199999999993,240.48924999999994,234.49589999999966,229.48184999999975,nan,0.327034,93.64199183982105
MCHPP,Microchip Technology Incorporated - Depositary Shares Each Representing a 1/20th Interest in a Share of 7.50% Series A Mandatory Convertible Preferred Stock,66.75,USD,-3.134523291249451,204676,3.1135348925651263,43804483553.0,USD,Electronic technology,,69.9831053927598,71.04846202254738,70.60606042361717,3.794122220494476,-9.084718060473989,12.430520464881258,65.86599999999997,68.89200000000001,74.5274,66.38879499999999,309.170912459472,0.699871,nan
DCNSF,DAIICHI LIFE GROUP INC.,12.15,USD,12.708719851577005,45,0.008367111673050463,43779807861.33015,USD,Finance,Buy,10.536765816046028,10.022795842152613,9.357492213764482,0,12.708719851577007,33.95810363836824,10.774099999999999,9.854899849999999,8.03739144,5.136877486249998,16.107767879000107,0.170814042542,-2.3554504777699248
CBRE,CBRE Group Inc,150.57,USD,-0.31777557100299114,434699,0.22034350551863668,43601356418.84924,USD,Finance,Strong buy,142.41590972014507,141.10527024153708,141.54653147168477,4.150238638721727,6.14733873810363,-6.075728276464356,149.26400000000015,142.59150000000017,136.93400000000008,147.90234999999984,34.52490140328349,1.900983,22.18642310817247
ASAZF,Assa Abloy AB,39.25,USD,6.802721088435375,419,0.013251442161724521,43597969696.13368,USD,Consumer durables,Strong buy,36.44788968988389,36.58472334056976,36.683564028533205,6.802721088435375,13.999419111240197,3.770093062605758,36.99100000000002,36.27824999999999,37.03748600000001,29.268816000000005,25.896187206380944,0.4568906034,10.133791369625257
BAMXF,Bayerische Motoren Werke AG,72.0,USD,16.129032258064516,595,1.0718789407313998,43585812810.54037,USD,Consumer durables,Buy,69.901703651016,73.58695790610732,78.64751964373309,1.0526315789473684,8.417407017015515,-34.841628959276015,66.2040000000001,65.74113499999993,73.46509210000016,91.16232102500004,6.071494777465134,1.3286307673500002,8.429162099975436
PBCRF,PT Bank Central Asia,0.3534,USD,1.8590575010808508,2525,0.17141305454668884,43565401565.625,USD,Finance,Strong buy,0.33892867883471295,0.34442348908876974,0.36396924377576423,1.8590575010808508,13.469256702520465,-24.000000000000007,0.35636999999999996,0.32925380000000026,0.4027870200000004,0.5581336549999966,13.374923618362066,0.00687335,-7.796979707336716
HUM,Humana Inc.,362.67,USD,0.14082173624916913,408963,0.24367615095560083,43549525382.19225,USD,Health services,Buy,368.21512399810877,350.4200366593104,324.96357515827174,-0.6383561643835572,-8.876884422110548,41.64583658803311,365.9699999999999,387.30449999999996,371.32199999999995,266.8056500000001,34.345701460310245,-0.899515,-18.957127726526167
VLKAF,Volkswagen AG,87.0,USD,-2.087670924539985,244,0.8442906574394463,43508318242.6503,USD,Consumer durables,Strong buy,88.71999096089496,92.04767597074073,96.31561636814386,-1.360432381442609,1.5050752537626955,-29.01580826109128,87.95992,85.47634499999977,93.21267799999998,107.4869094999999,7.284963445059093,4.8473558334,-39.12930749722384
TRI,Thomson Reuters Corp,99.395,USD,-8.937242327072845,1802473,0.6774110746061563,43389777500.800385,USD,Technology services,Strong buy,92.95359672226762,92.11543931638793,94.77166526786371,-0.862756832236195,12.13334837545126,-25.908272312481202,101.42300000000002,95.94125000000022,88.57729999999998,108.05732305254986,29.43621084648415,0.9727633124999999,-27.030200073555022
CMXHF,CSL Ltd.,90.28,USD,2.8480291638186372,228,0.12940575515068958,43236172073.39594,USD,Health technology,Buy,84.64786775559845,84.55859497059548,87.81767189448773,2.8480291638186372,8.53701054352661,-18.2024100752016,86.96915999999986,80.73999999999992,77.01383000000001,106.22354049999991,30.181041956345304,2.354741,-43.543164122810374
UAL,"United Airlines Holdings, Inc.",133.12,USD,0.37701704117026086,1127997,0.296999483646067,43208589971.39979,USD,Transportation,Strong buy,122.45534188636096,118.5943502477738,114.20743948509573,6.2113535724259075,-1.3852877990962327,18.22380106571937,127.80399999999997,122.03125,120.241,105.99840000000002,12.44181916742995,3.178907,7.196601576980504
CRDO,Credo Technology Group Holding Ltd,231.484,USD,-2.7051109616677786,1940906,0.3470499380232845,43166647560.09787,USD,Technology services,Strong buy,222.88879069284783,216.1256036854429,202.385672204844,14.851897792111139,-8.319537407422075,55.98652291105121,219.1648,221.0722,235.70378,167.50196999999997,93.34785063311558,1.162972,789.7739504843918
SUHJF,Sun Hung Kai Properties Ltd.,14.86,USD,3.916083916083907,106,0.019340595179447882,43061014327.37129,USD,Finance,Strong buy,15.855525289971576,15.723907977766748,15.082614922274004,0,3.916083916083907,13.227674489484903,15.920000000000007,16.085700000000003,13.368003999999996,11.313752500000005,15.236832464731348,0.5149788,26.052293602768966
DNSKF,Danske Bank A/S,54.1,USD,-1.7970593574151423,150,0.21783328492593668,42983591798.46652,USD,Finance,Strong buy,52.06548630531826,50.783114719543434,48.330533732209176,-0.5697482080499819,6.078431372549022,9.040703826502337,53.70399999999999,51.415470000000006,41.502717999999994,24.06132913000001,12.207881308885257,1.1510061329999999,0.7181905573936023
HEI.A,Heico Corporation,266.735,USD,0.291397202586868,63544,0.29176997814388306,42906764021.31615,USD,Electronic technology,Strong buy,254.6411217323059,249.78843066548873,245.6112040223767,4.474952019114023,1.9395398608881709,5.708794039551381,261.589,254.50824999999995,251.0353000000001,242.02132499999996,47.63890625279063,1.49769,30.878193590612646
NIPNF,NEC Corp.,31.55,USD,2.735265385867795,231,0.16996541829151646,42840359295.6544,USD,Technology services,Strong buy,27.334857066574443,27.04647198419914,27.317290739398018,8.793103448275865,29.038854805725975,-8.084486525855796,28.896000000000004,27.40390000000001,26.256719999999994,27.957490499999995,22.711125297147827,0.282285676321,33.184416346116
HLNCF,HALEON PLC,4.86,USD,-1.6194331983805683,3217,0.9845146284734974,42805552782.5049,USD,Health technology,Buy,4.805109228759468,4.782523984688704,4.792858940095073,-2.213279678068399,1.0395010395010544,-6.538461538461536,4.948000000000002,4.894049999999992,4.6655039999999985,4.852725750000004,20.2317206404014,0.14151915,4.654981680998441
HEI,Heico Corporation,367.56,USD,-0.027199042593706882,79337,0.19274625698804485,42770461862.892456,USD,Electronic technology,Strong buy,349.43816371387527,340.5127266118245,331.68462028334346,3.5088707406364343,1.0724302920310116,13.718210506775561,361.23800000000034,350.9645000000001,343.30560000000014,318.7740999999998,65.64626457823579,1.500337,30.878193590612646
LYV,"Live Nation Entertainment, Inc.",183.55,USD,-0.08165487207402138,339577,0.13997773560207158,42714433559.71938,USD,Consumer services,Strong buy,177.38790460955408,174.1887793193601,169.6636163381732,3.9295623124398373,-1.3278142135254267,28.870322263568067,181.32599999999988,180.34649999999993,175.5376,156.5434999999999,nan,1.574068,-148.655692133953
WOPEF,Woodside Energy Group Ltd.,22.46,USD,7.15648854961832,2933,0.2923207255693427,42652643150.67678,USD,Energy minerals,Buy,21.699336583870128,21.707520375130716,21.245006058838257,0,14.518801784576162,41.257861635220124,20.48916,21.328115000000007,21.54647000000001,16.6960385,15.283575654448017,0.781271,-16.178287801471708
PRYMF,Prysmian S.P.A.,145.5648,USD,0.18913896345240488,338,0.1309671419714817,42535714996.08909,USD,Producer manufacturing,Strong buy,151.38703365912582,152.73280503618713,149.03815376550065,9.579042457091228,-14.032304739406465,38.261154512858255,140.6469399999999,146.23461500000005,161.90401632000004,127.42993958,26.363187380015976,1.6651329876599998,79.27163979294214
CLS,"Celestica, Inc.",369.315,USD,-0.4944092684898234,510485,0.14710798244911297,42464608366.450165,USD,Electronic technology,Strong buy,343.3401716204532,344.8119411734783,340.33970806021114,14.879619260918245,8.62205882352941,23.88963435088895,353.28100000000006,336.52725000000015,360.7876999999999,328.5542250000001,39.41065062388592,3.0144482970000004,98.90343083087613
MSADF,"MS&AD Insurance Group Holdings, Inc.",28.882,USD,-0.6262042389209971,562,0.13977317946677284,42452915647.45903,USD,Finance,Buy,28.604252244370265,28.010185794011655,27.33220114518972,-0.6262042389209971,-0.8513559903879079,18.963670813081816,29.92579999999998,28.207050000000002,26.974880000000002,24.28628900000001,8.672449596304425,0.463029144864,12.756134563735518
PWCDF,Power Corp. of Canada,68.105,USD,-0.02495522738615412,6991,0.06886985852667167,42368839755.95378,USD,Finance,Buy,65.01768859425887,62.92036854975969,60.172476396883646,-2.6932418916988015,6.588934971437516,28.113243039879624,67.9819,65.69493999999995,63.091035999999946,53.919049,22.73340604792091,1.143016875,3.0796559257684066
AIG,"American International Group, Inc. New",79.76,USD,0.5547150781644126,686219,0.2505462703101788,42289249363.73172,USD,Finance,Buy,78.53494030735956,78.00740557215568,77.71053734672691,0.5800756620428852,0.7197878520015247,-6.417927959638623,79.0679999999999,79.17649999999979,77.05539999999993,77.51047499999986,14.088885748604538,1.91871,26.484650788685833
DHI,"D.R. Horton, Inc.",151.09,USD,0.4788189133470765,362002,0.14583561452008706,42260067130.10208,USD,Consumer durables,Buy,149.9750967889058,150.15383418650597,150.12453885027276,3.5430372807017654,-4.843179241718099,4.67645836220036,147.34199999999987,147.88599999999997,151.28900000000021,150.08040000000003,14.373917841581521,3.050366,-15.746358980113653
MCHP,Microchip Technology Incorporated,77.75,USD,-3.6196851369778127,3062411,0.2695416534756116,42218899172.50217,USD,Electronic technology,Strong buy,81.97446477739297,83.21868140083413,82.33302822307026,5.839912877756611,-10.632183908045977,19.13882929819184,76.58799999999998,80.7065,87.9894000000001,75.63682500000003,360.12042612320516,0.699871,nan
DKILF,Daikin Industries Ltd.,143.7,USD,1.5583589526131552,954,1.4731315626930204,42057058071.89879,USD,Producer manufacturing,Buy,147.72292609152845,146.6035093080469,143.55698477742916,2.197567740558975,-15.080959697435297,11.620320024856284,145.89099999999996,148.8024500000001,147.82648,132.72404000000003,24.8278899233944,1.879935015678,-13.698588969391427
KDP,Keurig Dr Pepper Inc.,30.88,USD,-0.7073954983922907,3611237,0.29431765889979367,42014076276.71768,USD,Consumer non-durables,Strong buy,30.946411295478836,30.650704497654992,30.172044609484193,-1.4363230130864963,-6.5092340296700035,10.999281092739032,31.115999999999985,30.745000000000072,31.0956,28.681999999999963,22.97448106539692,0.536724,21.748188405797098
WDAY,"Workday, Inc.",169.64,USD,-0.957496496964044,954800,0.19727844997817706,41901079700.89164,USD,Technology services,Buy,147.12269123998192,143.23877526999013,144.87144642157125,2.2913651712493865,27.56325901417451,-21.17100371747212,164.88400000000004,148.88400000000001,138.81900000000013,164.61405000000002,52.92319211330879,2.614224,76.99613473219216
YUM,"Yum! Brands, Inc.",151.99,USD,2.9184723726977264,640686,0.28942973371611597,41891661876.74519,USD,Consumer services,Buy,153.5503385369156,154.2031464569209,154.62662596706002,-0.7574273587985613,-7.568389057750753,0.3365448066517219,151.75000000000003,152.27649999999997,153.46279999999993,154.30295,19.11367094656623,1.574868,57.05285195133513
PAYX,"Paychex, Inc.",116.99,USD,-1.4073824372155754,836314,0.25300096688132717,41611339231.24659,USD,Technology services,Buy,110.51603240717671,107.07145726923405,104.98402337823036,-1.482105263157899,10.08233356857209,4.343560470924001,117.29799999999993,113.91199999999999,105.45949999999999,103.44909999999996,23.922378537542944,1.321402,6.805276491657191
RVMD,"Revolution Medicines, Inc.",195.11,USD,0.8528894861987003,671803,0.395337230626223,41479697933.17854,USD,Health technology,Strong buy,182.40858924042607,172.09386053204238,157.03968368029024,5.888412948001943,1.5812743823146902,143.2307883920787,190.14400000000003,186.2485,173.9162,117.56805000000004,nan,-2.042573,-76.93115869521715
MSCI,MSCI Inc.,569.93,USD,-0.2694804626664702,160256,0.22126383934513327,41433907136.43967,USD,Commercial services,Strong buy,581.7610657300563,582.7201229009565,580.69838345199,-1.38936950654026,-5.375969185303249,-0.2869289850762111,572.7620000000004,589.282,594.7196,573.0023500000005,31.173185579810422,5.031874,21.125612826288588
WCN,"Waste Connections, Inc.",164.28,USD,-0.7791266533792306,486331,0.33188205323832226,41406695926.12732,USD,Industrial services,Strong buy,165.88452535876797,164.68485508373527,164.3720191568309,-1.9809069212410462,-3.7440674986816584,-6.061299176578222,166.26200000000003,169.2899999999998,162.91379999999947,166.00905000000006,40.73745203157584,1.5101258305,59.043404662731426
GMGSF,Goodman Group Sydney NSW,20.225,USD,-0.12345679012344976,321,0.03084729149248998,41355938837.53643,USD,Finance,Strong buy,20.33645977481899,20.426577593749883,20.44858629631943,0,2.560851926977701,0.16343106180666228,20.097000000000016,20.987000000000005,20.48189999999998,20.988342229999994,36.528052415452464,0.49109272773000007,89.16901731401452
ORXCF,ORIX Corp.,39.565,USD,2.090052896400452,42038,2.492898695969306,41243126871.94941,USD,Finance,Buy,38.775833421695715,37.87722083742498,36.27387721579308,-0.6777959081210069,4.716406849641364,33.14824162880699,39.571,39.24065000000001,38.66902,29.018939000000003,15.752063902537444,1.1371311450069999,22.671517255905794
FSUMF,FORTESCUE LTD.,13.4,USD,0,564,0.07438081924405876,41235879366.8916,USD,Non-energy minerals,Buy,13.776109800479068,14.091574999484365,14.29598925891436,7.200000000000002,-3.9426523297490963,-12.703583061889248,13.377999999999986,13.714924999999997,14.742488000000016,13.832800000000006,10.685552769824861,0.548356,5.604702490805192
CCJ,Cameco Corporation,94.54,USD,1.557632398753897,1444877,0.4190899086741303,41175284599.29594,USD,Non-energy minerals,Strong buy,94.33137021575389,97.76922045722799,100.45892774479191,10.450376774344305,-2.646483369374929,1.6559139784946304,90.39199999999998,89.56949999999998,98.84020000000011,104.57525000000005,164.7929472662569,0.23738515500000001,-36.25029364067095
PRU,"Prudential Financial, Inc.",118.27,USD,-4.26582483406185,2660427,1.3450314423945726,41039690304.43468,USD,Finance,Buy,115.66982868774285,112.55680249282207,109.74335360436132,-3.5475452617843817,4.617425917735514,4.78426508372463,121.9280000000003,119.2495000000001,111.66259999999991,106.03880000000038,12.1555649197817,3.414425,53.97287588422402
LNVGF,Lenovo Group Ltd.,3.3,USD,-2.941176470588238,43481,1.4027079253755899,40935375044.68998,USD,Electronic technology,Strong buy,2.953758486447725,2.7373275573274847,2.4447774719655198,5.095541401273875,17.857142857142858,178.48101265822783,3.156,3.0175800000000015,2.9643239999999995,1.7307084999999984,23.895340667074063,0.038877,30.059199238575516
OTSKF,Otsuka Holdings Co. Ltd.,77.53,USD,16.586466165413537,204,0.4655408489274304,40901267601.315285,USD,Health technology,Strong buy,68.51391327646925,67.039206604427,64.56675746869342,0,17.46969696969697,30.06207012246268,67.626,67.37546999999999,58.94004599999998,45.465262749999994,16.41509919184605,1.126466526814,-10.701410163711646
HNDAF,"Honda Motor Co., Ltd.",10.5,USD,7.581967213114757,1806,0.014552170255557382,40871790893.55334,USD,Consumer durables,Buy,9.579426434844734,9.36359767042657,9.284950160096907,6.1249241964827155,7.239153525614839,11.11111111111112,9.978000000000007,9.515480000000005,9.033635000000018,9.692134750000006,nan,0.09657063930099999,-160.2888061935655
BMDPF,BANCA MONTE DEI PASCHI DI SIENA SPA,13.44,USD,1.4339622641509395,408,0.20061956040713969,40836341848.438354,USD,Finance,Strong buy,12.404497051576922,11.891660123493814,11.32663022400807,4.206241519674345,13.417721518987342,19.043401240035433,12.99600000000002,12.230454999999996,10.863608000000001,8.308360999999591,7.445068234188854,nan,12.605259972242033
RNECF,Renesas Electronics Corp,22.915,USD,-9.783464566929133,1999,0.4178773752534649,40721882299.19346,USD,Electronic technology,Strong buy,24.5421796063481,24.363438901242805,23.200957773978608,-3.251002744352964,-23.48914858096828,63.79556826304502,23.11300000000001,26.070685000000008,25.792344,16.720648999999998,20.13703550299497,0.43042095356,nan
CCL,Carnival Corporation Ltd.,29.64,USD,0.16897600540723456,7770268,0.38236335123786797,40596401605.84927,USD,Consumer services,Strong buy,27.922911263886714,27.813791967778723,27.800105679675685,4.109589041095896,5.857142857142859,-3.4213098729227784,28.70999999999999,27.156499999999994,27.81199999999999,27.96801499999999,13.348946135831381,1.35407,20.346883468834697
SYY,Sysco Corporation,84.55,USD,2.1258606111849145,1861882,0.47420930011389384,40430338149.84176,USD,Distribution services,Buy,82.75278410154736,81.59387567056831,80.64716453954756,-1.030083108978122,0.16585712593294702,15.933086521321801,84.454,83.13399999999993,80.71519999999998,78.63292499999993,23.45158516628297,1.196469,-6.740991748363892
ESLT,Elbit Systems Ltd.,853.315,USD,0.47629140320511415,33089,0.4656421947341017,39982415723.88944,USD,Electronic technology,Buy,805.4853257396637,801.9679740583996,788.8928171723928,5.4777503090234925,5.290336113716005,46.110578404849164,825.4689999999995,783.7257500000003,799.9651000000001,720.5560749999999,65.6240628350838,3.378365,66.89747263915679
NHOLF,Sompo Hldgs Inc,43.2425,USD,15.413358243811299,185,0.13369950133699496,39876188560.48619,USD,Finance,Buy,38.123767664208145,36.20116270764842,33.5609333516883,0,11.737726098191205,35.090596688534845,39.073980000000006,33.95839500000001,26.399250603200002,16.065946805650004,9.796887961311942,0.8049411969170001,59.28166724746235
COIN,"Coinbase Global, Inc.",151.32,USD,0.3914283818748779,2918480,0.37691515797974057,39866918520.0,USD,Finance,Buy,157.32760143625893,163.31171984927246,173.84566398116272,4.977626695341484,-6.225017816750854,-34.37845573407923,151.67800000000028,159.84599999999998,161.9241000000001,209.63475,nan,-0.135,-137.16237133348812
JDCMF,"JD.com, Inc.",16.41,USD,6.478237172000314,450,0.3364737550471063,39816366921.46174,USD,Retail trade,Strong buy,14.621965796669853,14.569776032890037,14.665746892073386,-0.15211439002128738,19.781021897810227,6.558441558441556,15.657319999999999,14.921330000000001,14.573504000000005,16.72448544,25.045371613723244,0.41474110839,-68.0714157181313
A,"Agilent Technologies, Inc.",140.87,USD,1.1997126436781724,272241,0.15345621021033581,39786187333.15216,USD,Health technology,Strong buy,135.0419865600476,132.23544153745752,130.013044073564,0.4134293249697146,8.353203599723109,3.398414562536696,139.39000000000007,136.49799999999965,133.20780000000002,131.01285000000001,28.29339814015144,1.486719,22.799358737205583
SWZCF,Swisscom AG,767.0,USD,-3.269454599890559,1,0.08264462809917356,39730994407.073204,USD,Communications,Buy,783.5585710671971,794.1153312000519,798.253674633177,0,2.133144602289939,5.709265065637591,771.8604599999998,810.2862400000001,802.9346559999997,658.6534124300003,25.690461311427715,7.3445253819000005,-5.8399908383667665
TYHOF,Toyota Tsusho Corp.,42.37,USD,9.880705394190858,100,0.10526315789473684,39729540080.56602,USD,Distribution services,Strong buy,39.938339493410474,38.41488939765763,35.439082787819046,0,12.08994708994709,20.781071835803875,40.001999999999995,37.21525,26.433901561999992,nan,17.743503819971046,nan,-0.4755622961521688
TGOPF,3i Group,39.6,USD,0.15174506828528647,248,0.11287606390241682,39662405159.75052,USD,Miscellaneous,Strong buy,36.32646705513098,35.734018755039926,36.347941145455664,-0.163872431614768,12.700106723585908,-8.734731504955056,39.19099999999999,35.935075000000055,32.513500000000036,41.718452500000005,5.5615696659631375,nan,5.939461368881218
ED,"Consolidated Edison, Inc.",107.46,USD,-0.8763029240844967,719668,0.3048384722664924,39602205492.254585,USD,Utilities,Buy,109.88658394803106,109.74967657380478,109.21313215790025,-0.7756232686980641,-5.4299040746281815,7.859078590785906,108.4660000000003,110.85250000000005,109.2474,106.3636999999997,18.100355404335595,0.75553,9.597563226878343
TSCDF,Tesco PLC,6.3475,USD,-4.260935143288081,1832,1.5496531889697174,39536832242.28602,USD,Retail trade,Strong buy,6.356876022630952,6.306288291506558,6.259660154744376,0,0.91414944356121,6.75423400999008,6.583000000000004,6.372124999999998,6.268923999999994,6.092620499999997,17.41044967097747,0.2178252,23.38188562010771
NTRA,"Natera, Inc.",275.66,USD,0.17079108979251692,326982,0.32593132777179484,39478751397.167564,USD,Health technology,Strong buy,260.35161187942543,249.651711314991,238.18024688687998,3.9834024896265565,-0.6630630630630541,20.40183446167287,271.726,267.9675,248.90980000000022,222.00812500000004,nan,-0.493939,-11.942436229709456
KMTUF,Komatsu Ltd.,44.2075,USD,-1.7611111111111042,546,0.09663887856422239,39411485419.158936,USD,Producer manufacturing,Buy,40.994801444801396,40.83995225510782,40.673795675167995,0.9246047600022854,9.36359700661761,37.132797716909145,43.1635,40.66037499999999,40.689207999999965,39.4837945,17.03532418256524,0.7157679902219999,-17.954347258053552
WAT,Waters Corporation,401.015,USD,1.2459604120379728,320742,0.33271052932946293,39373998125.44544,USD,Health technology,Strong buy,376.52867794560154,368.3847279316364,360.57792851273376,5.158058975468397,8.430786702178,5.766846894368986,385.88899999999995,377.1142499999999,370.95849999999996,355.24212499999936,51.047646931527424,4.005578,-28.76263885740195
WEICF,Weichai Power Company Ltd.,4.6,USD,7.351225204200689,374,0.10987396809541995,39364449997.125885,USD,Producer manufacturing,Strong buy,4.4401483700069395,4.4582263791821575,4.343050341853751,7.854630715123095,-1.0327022375215156,86.61257606490872,4.308200000000005,4.297500000000002,4.661328,3.604691499999999,25.14285816731148,0.0581361,-0.02938063352498723
LGRVF,LeGrand SA,150.26,USD,-4.122306909434309,206,0.08029310882444653,39313013452.90915,USD,Electronic technology,Buy,163.78806992041416,165.0020455252683,163.24921755999358,0,-8.955404750363549,2.391822827938665,158.94206000000003,167.37962225000004,162.2954589,113.64732065999993,26.84594045288048,1.63610566905,2.98496045882114
DTGHF,DAIMLER TRUCK HLDG AG,51.36,USD,-0.21371672819117823,774,1.9045275590551183,39256343539.47244,USD,Consumer durables,Buy,48.63109926371629,48.397092945740035,48.07405246123985,-0.21371672819117823,8.171861836562769,16.634495287839226,49.615669999999994,48.03385249999995,48.58203500000001,44.99062725000001,24.78025086069842,0.9543510184000001,-47.32446369419668
TTRAF,Telstra Group Limited,3.525,USD,6.624319419237745,256,0.056585840277624276,39195321237.31299,USD,Communications,Buy,3.5037335693270517,3.5236656168021847,3.4842362629562587,0,8.46153846153846,8.46153846153846,3.4861999999999957,3.6978761500000004,3.406152780000002,2.802336334999999,26.613992353667868,0.0724442488,46.63484372464042
RKT,"Rocket Companies, Inc.",13.845,USD,-1.8781006378454912,5852984,0.21862064384616747,39173453062.210846,USD,Finance,Strong buy,13.9108105707901,14.187058672768163,14.673471156185341,4.3330821401657955,-11.590038314176242,-28.999999999999993,13.55900000000002,13.853749999999996,13.997900000000005,16.482049999999987,234.66101694915255,0.164171,nan
ROP,"Roper Technologies, Inc.",393.8,USD,0.26479274875242403,176335,0.18722018765231183,38947164077.68663,USD,Technology services,Buy,368.9353890038202,362.3787759487551,363.6635527558836,-1.7881637030201798,9.352438076196826,-11.45189215928766,392.0699999999998,370.0999999999998,349.86929999999995,382.0278249999997,16.319460272598807,5.782134,69.57863076079778
IQV,"IQVIA Holdings, Inc.",236.195,USD,3.503505696757233,498009,0.26894610028721627,38877697922.21623,USD,Health technology,Strong buy,212.09910662911457,203.1643592470373,197.03520238238173,-0.41109752498207797,14.970307632398752,4.784614702098397,234.11299999999991,217.47275,197.75709999999992,197.87612500000003,29.298411005122986,3.266382,16.773614148934634
HIG,"The Hartford Insurance Group, Inc.",142.79,USD,0.5209433298134323,374834,0.20874046468941812,38677815035.16903,USD,Finance,Buy,139.03856298065153,137.6112072810857,136.51900517698945,0.42197060271467357,3.5460478607686627,4.089517422364765,142.54000000000013,140.7805,135.03319999999997,134.97040000000004,9.228392867529681,3.058133,40.27124298548596
SKFOF,Sika Finanz Ag,240.0,USD,3.824191036511509,100,0.04971661529283086,38509559325.98425,USD,Process industries,Strong buy,208.98356502223555,202.43886497296916,198.55039202796107,3.824191036511509,17.849251166216547,16.89640056499927,215.7895999999999,196.59351000000007,187.1962639999998,216.2783674999999,29.924741892555144,4.893372,-16.487466221348637
FRFHF,Fairfax Financial Holdings Ltd.,1720.43,USD,0.4337419731465303,2040,0.17216642754662842,38501125619.27042,USD,Finance,Buy,1666.7677724878931,1661.7938391190064,1665.533724269726,6.001774469815534,1.7103162873189515,-9.451052631578943,1694.8240000000028,1669.2932250000008,1638.9010060000041,1693.0691780000013,8.655038795630478,47.111429,-1.669200591915081
HIG/PG,"The Hartford Insurance Group, Inc. Depositary Shares each representing a 1/1000th interest in a share of 6.000% Non-Cumulative Preferred Stock, Series G",24.53,USD,-0.1424791369835137,4564,0.23119864644438368,38477369744.0,USD,Finance,,24.717940035047505,24.760200604888794,24.809512671387072,0.36824877250409105,-1.347275286547345,-2.075848303393212,24.62502000000002,24.68419,24.752969999999983,24.939500500000026,1.5853524549373421,3.058133,40.27124298548596
HOCFF,Hochtief AG,510.0,USD,0,70,1.1647254575707155,38381074767.491,USD,Industrial services,Buy,531.1971428332188,533.636135064315,521.2348123910357,1.0901883052527255,-8.961085326669053,26.535169333829543,509.62,529.5375,555.72228,408.6216884999999,37.79934625274669,nan,5.042828300439882
PPRUF,Kering SA,312.91,USD,0.0012783391817411936,25,0.5482456140350876,38358674377.41257,USD,Consumer non-durables,Buy,305.1173721910076,303.0648898735213,303.2007306519912,-5.749999999999993,9.885517628880473,-12.517753100502118,325.6091999999997,304.70497749999987,293.1017790000003,319.5382152499995,nan,3.3319677000000003,-128.38572886951647
FJTSF,Fujitsu Ltd.,22.1,USD,-6.751054852320666,213,0.09410621189361137,38338598181.15134,USD,Technology services,Strong buy,21.003345312807195,21.06624962535594,21.507945026685935,-9.20295809367296,0.7292616226071109,-25.814031554212818,22.573499999999992,20.93837499999999,20.773257999999995,23.698997000000006,19.888322087698043,0.211251480389,-22.97359678165545
OTPBF,OTP Bank Ltd.,142.02,USD,-6.565789473684204,119,0.6866705135603001,38222515079.957016,USD,Finance,Strong buy,134.26532641656232,120.42584825450263,102.64693253993852,0,-1.374999999999993,13.616000000000007,144.156,104.47504999999998,nan,nan,10.777927787428483,4.1148899781359995,27.44321676139181
SSEZF,SSE Plc,31.676,USD,-3.509199463872318,140,0.0065366801135514725,38210720813.00067,USD,Utilities,Strong buy,33.009725619271116,33.24388821193722,33.1925230480716,0,-3.6618004866180174,-0.9196121363778558,31.431599999999985,32.3143,33.53650600000001,27.26502549999998,22.741710001987276,0.58382532,-0.32516031524191563
STLD,"Steel Dynamics, Inc.",265.44,USD,0.12825348924933042,414307,0.3710921667914218,38045010275.24587,USD,Non-energy minerals,Buy,247.56233786415612,241.74247306200996,231.26524918644154,3.801032379164711,20.441036344661743,54.65827652508303,258.53599999999994,243.46899999999997,250.21019999999993,200.28592500000005,24.07837445573295,5.307718,60.82161405146758
VODPF,Vodafone Group Plc,1.645,USD,1.5432098765432043,8244,0.7796998098985181,38015992729.19161,USD,Communications,Buy,1.547775568110265,1.5306687708464344,1.504058767163295,0,20.07299270072992,17.921146953405017,1.580720000000001,1.4778800000000003,1.518411999999999,1.188550499999998,nan,0.061681755,87.37709600443175
EQBBF,EQT AB,32.5,USD,0,1,0.00026414496275556024,37998230135.16039,USD,Finance,Strong buy,31.629056611643815,31.777354795032245,32.21699128091584,0,16.780452748832204,-16.666666666666668,31.092600000000004,30.83254999999998,33.39517000000001,32.11138099999999,32.65493361839784,0.78783511569,17.52447790367658
NAPRF,Naspers Ltd.,49.6325,USD,-4.571236300711398,350,2.4928774928774926,37998071838.49301,USD,Technology services,Strong buy,54.23408829368485,56.835139413852865,59.091493155999416,0,-1.2485077596498164,-22.20001567520966,52.12090000000003,56.702475000000014,63.71495519999999,44.471206599999995,7.654733727590717,nan,7.10727889544953
FINMF,Leonardo S.P.A.,66.053,USD,3.0387645269479653,3319,0.3884688311992322,37991947985.45467,USD,Electronic technology,Strong buy,61.833396257305346,61.86855270726123,62.291813981607,2.7470561699876974,7.560657873310538,10.641541038525954,63.02620000000003,60.137599999999985,59.83809,62.93519999999995,29.637056679214126,nan,3.9490735723713333
HHUSF,HUA HONG GRACE SEMICONDUCTOR LTD PUBLIC COMPANY LTD,17.55,USD,-17.6056338028169,107,0.016585804411513957,37918254472.92413,USD,Electronic technology,Buy,19.437110952679603,18.247930472744294,16.435007850279163,0,-31.17647058823529,73.93458870168485,20.394799999999996,18.08799,13.870346000000001,nan,438.8223179179929,0.026523,169.95400643014935
TTDKF,TDK Corp.,19.95,USD,4.9999999999999964,10323,2.69375293565054,37859099414.0625,USD,Electronic technology,Strong buy,20.39845328829097,20.290367814125574,19.517708511164066,3.4321858150145115,-9.31818181818182,59.85576923076922,19.1736,19.004924999999997,21.619904000000002,16.801025000000003,26.260141583752883,0.273435079923,39.62051918096546
EXPE,"Expedia Group, Inc.",315.32,USD,1.0446708966224416,926488,0.590174214167919,37845219038.01243,USD,Consumer services,Buy,275.83902288579134,265.29263448030827,256.8229773660427,3.9219563641157396,17.35457218355726,11.412621016182605,302.6160000000001,278.87549999999993,256.26540000000006,249.12375,27.77195501105347,5.21724,33.764137606032044
ADM,Archer-Daniels-Midland Company,78.475,USD,-1.746588205834494,2114952,0.5249103537008136,37821541010.43227,USD,Process industries,Buy,80.12362714678811,78.93803146726832,76.70322632355038,-0.5386565272496975,1.942062873473617,36.62082172701949,79.257,82.47025,80.27090000000004,69.81904999999998,35.13543765390642,1.482648,-20.382846754357825
MSTR,Strategy Inc,97.6679,USD,0.018330773169480143,6403555,0.44356844748199886,37526499299.74109,USD,Technology services,Strong buy,102.14700695839828,111.4409431900793,125.29602312885483,6.149222910553198,2.662427077311187,-36.82133385083123,96.23957999999998,95.94889499999978,108.67245799999986,154.88226450000013,nan,10.368116,-955.7415004313606
PEG,Public Service Enterprise Group Incorporated,75.295,USD,-1.278353218827841,851021,0.26688622090094677,37521108999.53363,USD,Utilities,Buy,78.4600052158114,79.1008800940386,79.69967021819633,-1.5751633986928082,-7.84638000735024,-6.8882287411808525,76.48300000000009,78.64525000000005,79.48189999999988,80.83432499999998,16.649713641288724,1.192669,23.627665390924015
STRK,Strategy Inc - 8.00% Series A Perpetual Strike Preferred Stock,63.81,USD,0.9651898734177206,60100,0.6805918091172124,37519621663.0,USD,Technology services,,62.521042625874195,64.56088266727215,67.84995816437326,6.296851574212896,4.606557377049184,-21.85892725936811,62.27800000000004,61.68149999999997,63.387299999999954,76.15790000000001,nan,10.368116,-955.7415004313606
STRF,Strategy Inc - 10.00% Series A Perpetual Strife Preferred Stock,95.64,USD,-0.06269592476489266,12830,0.16455067917234728,37519621663.0,USD,Technology services,,95.31179699151957,95.72454727149011,96.78135024622439,0.6736842105263163,0.6630880959898909,-6.235294117647059,96.00200000000001,96.269125,95.17824999999989,100.60208749999998,nan,10.368116,-955.7415004313606
STRC,Strategy Inc - Variable Rate Series A Perpetual Stretch Preferred Stock,93.6414,USD,1.2011239597968262,725555,0.5322910365829726,37519621663.0,USD,Technology services,,89.63768062729896,90.77322251110776,92.51876739405365,4.046000000000005,6.713846153846159,-5.565348931020565,91.49027999999998,88.14732000000008,89.88952799999997,96.807932,nan,10.368116,-955.7415004313606
STRD,Strategy Inc - 10.00% Series A Perpetual Stride Preferred Stock,62.5967,USD,2.0154823989569737,62796,0.411198136132278,37519621663.0,USD,Technology services,,61.80756752355574,63.9585746547631,66.80991329048565,7.572950678810794,2.2487749101600776,-18.227694317439582,60.31734000000002,60.46483500000014,63.198534000000066,72.789534,nan,10.368116,-955.7415004313606
IRM,Iron Mountain Incorporated (Delaware),126.075,USD,0.4501633335989146,1216754,0.6385126249549488,37510425768.98872,USD,Finance,Strong buy,124.60354246103113,123.25637983936024,119.95529097858308,3.1963657198985027,6.933842239185748,51.897590361445786,124.525,123.91225,125.23090000000003,107.36047500000001,138.43746568573627,0.602888,121.95954179868389
DLMAF,"Dollarama, Inc.",137.78,USD,1.1897767332549976,368,0.014518655288459642,37307945102.41739,USD,Retail trade,Strong buy,134.19202302272654,133.44761804136752,133.3334309656746,0.5693430656934315,2.5644843116090317,-7.148200314043682,135.99599999999992,133.99916000000002,131.06828799999997,135.14179250000012,38.56460254161275,0.8926527447,12.726500952952623
NTAP,"NetApp, Inc.",190.06,USD,-0.21001785151738198,1074178,0.4948416697650569,37296286326.95694,USD,Electronic technology,Buy,169.05238788645056,159.6625981524908,148.3332842037423,6.143192226069473,22.429786137593396,76.55364607524385,183.1839999999999,171.20349999999985,165.08520000000007,122.00239999999985,29.89398848658341,2.108711,11.901577020557582
AMKAF,A.P. Moeller-Maersk A/S,2541.555,USD,1.410903780432076,1,0.17543859649122806,37254192738.18283,USD,Transportation,Buy,2486.168001818197,2470.657007803663,2441.841013425432,0,12.358256594798414,6.245192629255568,2525.333999999999,2481.75293,2444.807012,2109.158821999999,24.005357437798683,28.510148466,-76.56680905685313
KVUE,Kenvue Inc.,19.365,USD,-0.9462915601023134,10288606,0.492338297761546,37180966385.46674,USD,Consumer non-durables,Buy,19.0398478865087,18.76130219794054,18.486585484444653,-0.0773993808049565,-1.5005086469989914,12.130862767805437,19.294999999999995,19.20924999999999,18.64080000000001,17.577425,22.963358235503378,0.318751,53.77461706783371
BAIDF,"Baidu, Inc.",13.41,USD,-4.843676823297327,745,0.9299712894769692,37066915978.879486,USD,Technology services,Strong buy,14.028133818154972,14.375839434588853,14.711610417510988,0,-7.92617615555738,-26.94088804140561,13.442520000000002,14.379289999999992,15.089482000000002,14.322882499999983,nan,0.18832124618999999,-100.32173548619406
VMC,Vulcan Materials Company (Holding Company),285.91,USD,0.28411083830235084,180339,0.14619941827971442,37047857017.88284,USD,Non-energy minerals,Buy,285.46979854138453,286.5682238825425,287.35592539263513,5.47849184682359,-6.151321188248795,0.2911463448856605,278.88199999999995,284.03149999999977,288.0258000000002,290.1453000000002,33.74763928234184,3.043207,18.428225953003338
AMKBF,A.P. Moeller-Maersk A/S,2600.0,USD,-2.4390243902439024,45,2.528089887640449,36891694413.957344,USD,Transportation,Buy,2596.078833807169,2567.3441175118337,2514.9413506125816,-2.4390243902439024,11.098353791596661,14.744186662312279,2636.3430199999993,2612.993274999999,2544.740448,2050.1495425000003,24.557378981873924,28.742771,-76.56680905685313
KMB,Kimberly-Clark Corporation,110.805,USD,-0.6856681903737443,1787773,0.44582393100203105,36780649066.0242,USD,Consumer non-durables,Buy,108.58704386059541,106.91454931720884,105.7870602832725,-0.1306894997746697,-3.2143948988950455,9.501927067892094,109.88699999999994,109.64025000000004,106.03109999999991,103.48234999999991,17.422443749115555,1.676901,-13.319795017172769
MTB/PH,"M&T Bank Corporation Perpetual Fixed-to-Floating Rate Non-Cumulative Preferred Stock, Series H",25.17,USD,0,9846,0.11144892659946076,36676744286.0,USD,Finance,,25.10297430088086,25.08568165449032,25.062854745271846,0.11933174224344127,0.599520383693054,2.1509740259740306,25.15599999999997,25.119969999999984,25.067507999999926,24.98915500999991,1.3290948742455526,4.934597,22.676538987245017
MTB/PK,"M&T Bank Corporation Depositary Shares each representing a 1/400th interest in a share of Perpetual 6.350% Non-Cumulative Preferred Stock, Series K",23.8999,USD,-0.4170833333333383,7026,0.21227035012825043,36676744286.0,USD,Finance,,24.224418592304954,24.395668602737025,24.580036971332657,-0.3340283569641435,-2.528955954323005,-7.132560082376482,23.911979999999996,24.158745000000003,24.41989799999998,nan,1.2620275957481637,4.934597,22.676538987245017
MTB/PJ,"M&T Bank Corporation Depositary Shares each representing a 1/400th ownership interest in a share of Perpetual 7.500% Non-Cumulative Preferred Stock, Series J",26.12,USD,-0.3669486805868113,16532,0.4475195850725744,36676744286.0,USD,Finance,,26.075744452322574,26.09969207832321,26.16238692981797,-0.4193671368661816,0.34575489819439054,-1.7675817976682922,26.19324000000001,26.089060000000018,26.01637200000002,26.3762015,1.379259360957244,4.934597,22.676538987245017
MTB,M&T Bank Corporation,252.29,USD,-0.3042756658500001,312924,0.2941235906718935,36565145878.11167,USD,Finance,Buy,242.64669573353882,236.73661278575838,230.00875318293043,2.274201394519209,6.368446571241853,25.542396496815275,249.62400000000008,248.01149999999978,235.6727999999997,214.06920000000017,13.322103528939628,4.934597,22.676538987245017
FANUF,Fanuc Corporation,39.508,USD,-3.1324781295359134,515,0.4142868634864452,36538830564.20896,USD,Producer manufacturing,Buy,42.83311463550645,43.43405026114664,43.099406100997925,-0.6088050314465342,-17.347280334728023,6.7783783783783855,40.14951999999997,41.764275,44.795933999999995,40.55970799999996,33.36837051370305,0.338723689054,1.8993416746664111
EME,"EMCOR Group, Inc.",822.4501,USD,0.3134727033224405,101657,0.20444548308156663,36278193056.33473,USD,Industrial services,Strong buy,794.3787386553072,797.1280499991885,789.8578992873936,4.373164634068962,4.770713375796181,33.410670256942645,811.9100200000005,766.1360049999998,800.8536019999997,747.1737505000003,25.520133426421534,8.240266,33.73516474396216
SAABF,Saab AB,67.08,USD,3.1999999999999975,589,0.12687676367317924,36180094389.835075,USD,Electronic technology,Buy,60.58540483997414,60.13195958550775,60.43597227239544,5.141065830721005,11.799999999999995,8.966861598440538,64.10799999999998,59.95444000000002,56.99379799999998,61.448485500000004,49.79944624173906,0.2581462102,33.055640132354405
AHODF,Koninklijke Ahold Delhaize N.V.,41.248,USD,0.4823386114494529,316,0.6016755521706016,36063112669.05775,USD,Retail trade,Buy,41.718404160583205,42.336869498289815,42.76797469429781,0,4.03026481715006,2.479503105590056,40.54859999999999,41.06585500000001,44.813452000000005,40.014893499999985,14.173859532700359,0.79971951813,37.82005158729411
SDZXF,Sandoz Group AG,81.885,USD,6.941360846284461,112,0.035889383792097926,36029401197.81979,USD,Health technology,Buy,81.516475314732,80.89265501811163,78.59037884401758,0,-8.559463986599656,12.929251137774099,81.65912,81.02640500000001,74.63464,47.64535912,37.5779834365005,2.285,41129.756617745006
HSY,The Hershey Company,178.91,USD,-0.07260947274351846,287064,0.15815713854716076,35947653351.57668,USD,Consumer non-durables,Buy,177.82638419905004,180.89641178881237,184.77176031725588,1.0448435558567684,-1.7571797265389142,-1.6869985712715647,177.57999999999998,175.24550000000005,178.86040000000014,191.7532500000003,26.13809022907901,2.117866,-9.041620156274913
JBL,Jabil Inc.,342.93,USD,0.861764705882355,211544,0.20911855930179407,35934635569.41054,USD,Producer manufacturing,Strong buy,331.4766123768644,330.8238069115291,321.4205730138415,12.561544016280438,0.49819769656829366,48.26840762678889,324.9779999999998,317.15300000000013,346.5202,280.09195000000005,42.7983076865476,4.058687,55.77091312039503
ICTEF,"International Container Terminal Services, Inc.",17.79,USD,4.0350877192982315,272,0.3244274809160305,35922329373.777214,USD,Transportation,Strong buy,16.080565541420828,15.414536966338689,14.519256742981568,13.312101910828025,15.594541910331374,81.16089613034622,16.478,16.3995,15.2975,11.893834000000005,32.90787252407683,0.152035,20.30643662431522
GVDBF,Givaudan SA,3892.0,USD,-5.3501945525291825,3,0.4545454545454546,35915051864.34073,USD,Consumer non-durables,Buy,3952.1744918146633,3880.2226776919847,3849.19116899976,-1.890597428787497,-2.4913314493015064,-1.0927573062261753,4030.4000000000015,3941.7694949999996,3783.4518040000007,4192.482163000001,30.63428371968125,71.57174400000001,-14.562759922740085
CKHUF,CK Hutchison Holdings LTD,9.35,USD,-0.5319148936170288,104110,5.821274406745543,35810915454.10946,USD,Retail trade,Strong buy,8.934023072856931,8.754260470840126,8.506599484569184,-0.5319148936170288,13.88550548112057,32.24893917963224,9.247999999999998,8.694430000000008,8.460876999999996,7.0426662949999965,23.542923669943658,0.46271609999999996,-30.82494189772828
DNZOF,Denso Corp.,12.94,USD,3.107569721115528,396,0.11341505327070685,35627866909.180695,USD,Producer manufacturing,Buy,12.612644252947934,12.545653761320478,12.635182797868442,-4.501845018450193,11.937716262975767,-9.7629009762901,12.87,12.644500000000004,12.256850000000018,13.217085000000013,13.090838190767585,0.20149499082999997,0.9689547173930536
IFCZF,Intact Financial Corp.,201.935,USD,0.22458526174730548,14,0.0004719779923404714,35611078716.47678,USD,Finance,Strong buy,202.8554364128838,201.05973748758123,198.90828962844554,-0.8689035615227954,-3.8404761904761893,-2.489255879086388,201.0245000000001,206.65547499999994,203.08311723999998,194.89408089999998,15.946601175058438,3.069419682,32.37133240351164
HBAN,Huntington Bancshares Incorporated,17.615,USD,0.3132118451025041,14674783,0.49638064997012976,35589607680.05382,USD,Finance,Strong buy,17.416092326958424,17.24865990544916,17.077564913428546,3.011695906432731,-0.08508224617130215,1.3521288837744503,17.331000000000003,17.677749999999993,17.297699999999995,16.807575000000003,13.579247610237434,0.370022,-3.4102755026061105
HBANM,Huntington Bancshares Incorporated - Depositary Shares each representing a 1/1000th interest in a share of Huntington Series I Preferred Stock,20.88,USD,-0.3341288782816243,2513,0.2266475463802231,35478484863.0,USD,Finance,,20.87844694337027,21.057043921331598,21.333718197680092,-0.04786979415989259,0.43290043290043223,-5.903560162235251,20.89599999999995,20.81256000000001,20.84117800000001,22.07467274500009,16.096207215541167,0.370022,-3.4102755026061105
HBANL,"Huntington Bancshares Incorporated - Depositary Shares, Each Representing a 1/40th Interest in a Share of 6.875% Series J Non-Cumulative Perpetual Preferred Sto",25.1062,USD,-0.21383147853735676,5169,0.26730307794141983,35478484863.0,USD,Finance,,25.062056999396834,25.097026414802823,25.15499804665848,0.2243512974051915,0.5454545454545547,-0.6481994459833732,25.091239999999978,25.023814999999992,25.088357999999975,25.344626369999947,19.354147394387915,0.370022,-3.4102755026061105
HBANZ,"Huntington Bancshares Incorporated - Depositary Shares, Each Representing a 1/1000th Interest in a Share of 5.50% Series L Non-Cumulative Perpetual Preferred St",19.62,USD,-1.3639128664290423,14112,1.7160785076732252,35478484863.0,USD,Finance,,19.878292616337134,20.050582002183518,20.291808020684122,-1.5159120570223852,-0.7587253414263965,-8.659217877094969,19.774259999999966,19.81850999999994,19.96693199999999,20.98640799999997,15.124884366327477,0.370022,-3.4102755026061105
HBANP,Huntington Bancshares Incorporated - Depositary Shares 4.500% Series H Non-Cumulative Perpetual Preferred Stock,16.21,USD,-0.4299754299754317,16010,0.32806570330237783,35478484863.0,USD,Finance,,16.256890559254764,16.377509706526023,16.57937667526006,0.061728395061738044,0.5583126550868477,-5.315420560747664,16.23400000000003,16.22224999999999,16.258191999999994,17.141125499999976,12.496145544249153,0.370022,-3.4102755026061105
PSZKF,Powszechna Kasa Oszczednosci Bank Polski SA,28.2,USD,-3.918228279386719,393,0.16413297694620782,35249998914.62851,USD,Finance,Buy,28.795591814893225,28.360351007305415,27.636126443383407,-3.918228279386719,-3.6226930963773145,9.72762645914397,30.137999999999987,28.97874999999999,28.095299999999988,23.4061695,12.194420787844686,0.55615965,15.126523645090694
WEC,"WEC Energy Group, Inc.",108.1,USD,-1.0526315789473737,619353,0.31716815453580527,35210945736.88421,USD,Utilities,Buy,112.49646179592995,113.0828201680589,113.19374685979511,-0.5794169042582633,-8.868656213117525,2.299611999621456,109.21999999999987,112.73600000000006,113.4880000000001,112.38564999999983,20.935817484603167,0.920453,-1.0217187110625514
HELKF,Henkel AG & Co. KGAA,84.31,USD,13.107056613898571,154,0.12359550561797752,35152128692.30358,USD,Process industries,Buy,76.24205647132989,75.80594813728446,75.63806750352062,0,13.107056613898571,10.650305138132437,74.26199999999996,75.26015999999998,76.47001800000002,79.62921155999999,14.573182812685776,3.1635062,16.76922631226696
EXPGF,Experian plc,39.77,USD,3.0310880829015585,102,0.02766101694915254,35151609696.27937,USD,Commercial services,Strong buy,37.42773043440282,36.93158573626893,37.23138011881825,3.0310880829015585,10.472222222222232,-11.749694885165859,39.06699999999997,36.138020000000054,35.85808999999997,43.52855300000001,24.666453969928387,0.93,25.89774235205614
ALC,Alcon Inc.,70.16,USD,-1.1691787575714867,554336,0.26711561148155355,35058953603.79727,USD,Health technology,Strong buy,68.89301346505913,69.2870866543684,70.58879588551493,-0.05698005698006589,2.2144522144522085,-11.077313054499378,69.98200000000006,68.79999999999984,67.44260000000004,74.76344999999993,42.18755544971199,0.7481918945,-26.231025787532015
KR,Kroger Company (The),56.98,USD,-1.4016265789929092,2216654,0.34652769294748753,34908645921.656334,USD,Retail trade,Buy,58.829791810687894,60.34576857965784,62.07193645491284,-1.9445878506281236,-1.978324445209024,-8.627325208466969,57.717999999999996,58.21900000000001,59.68420000000002,65.01462499999997,33.325535150309975,1.051047,-53.52794085670798
TKO,"TKO Group Holdings, Inc.",184.3,USD,-0.11381496937834239,263257,0.2269340495034953,34882407296.19262,USD,Consumer services,Strong buy,188.03126604773473,190.59300774657768,192.6037927216595,0.7434131409205278,-4.522613065326627,-12.208831515266992,183.66799999999998,183.72550000000007,194.20719999999974,196.69250000000002,63.75397813753978,1.328529,33.093922651933696
IR,Ingersoll Rand Inc.,89.72,USD,0.2906326849988879,1175447,0.2684915044589644,34811310359.145546,USD,Producer manufacturing,Buy,82.81087097819777,81.51296341164483,81.11775826514118,5.3917537883237445,10.970933828076692,12.388826255793562,86.93200000000003,83.16949999999981,78.74020000000031,81.70174999999999,36.968972763607894,0.904863,89.48313554028732
ACGLN,"Arch Capital Group Ltd. - Depositary Shares, each Representing a 1/1,000th Interest in a 4.550% Non-Cumulative Preferred Share, Series G",16.25,USD,-0.7330482590103908,26574,0.5937368736203338,34771250565.0,USD,Finance,,16.314659507785265,16.398505934260086,16.550944465762303,-0.854179377669314,0.12322858903265295,-2.985074626865672,16.360020000000027,16.293604999999996,16.254042000000005,16.989508000000015,1.2697990982472867,1.850931,32.18712556294673
ACGLO,"Arch Capital Group Ltd. - Depositary Shares Each Representing 1/1,000th Interest in a Share of5.45% Non-Cumulative Preferred Shares, Series F",19.4399,USD,-0.25705489994867586,10404,0.37902191653065986,34771250565.0,USD,Finance,,19.42492278622346,19.52122144247725,19.719698284481932,-0.1545968156137512,1.72632129774988,-4.566028473244965,19.496179999999924,19.433804999999957,19.350724000000042,20.358731500000005,1.5190626147703032,1.850931,32.18712556294673
RJF,"Raymond James Financial, Inc.",180.45,USD,1.0528084224673773,190921,0.1669919108359532,34664447523.28862,USD,Finance,Buy,168.456808526689,164.27601124858745,161.24542652637473,2.540061370610296,10.70552147239263,12.619359670473695,177.52999999999986,171.59499999999997,160.62420000000023,158.52560000000005,15.731933776797467,3.361065,12.580850959415033
IBIDF,Ibiden Co. Ltd.,123.46,USD,25.467479674796735,204,0.10069101678183613,34654217531.125946,USD,Electronic technology,Strong buy,113.83454751373137,109.96045657540714,99.93470348809048,25.467479674796735,-3.391773511379602,164.5099089448313,99.44999999999997,115.61027999999996,105.478852,44.25687324999999,91.57320530113775,0.439282950221,77.90331189753367
ADYYF,Adyen N.V.,1093.0,USD,3.9220347040646546,39,0.12867040580666445,34630127174.59825,USD,Commercial services,Strong buy,1013.1797851653007,1023.9997006843536,1068.5997599960858,7.156862745098039,15.420763065355814,-33.347155820080005,1031.6900000000012,974.4154999999998,987.0232060000027,1260.5020319999974,27.68022457994498,18.930569568600003,28.69586970172974
HVRRF,Hannover Re,286.8125,USD,-2.322631180131625,2,0.08163265306122448,34583397963.36348,USD,Finance,Buy,283.56857616806406,286.53452943548353,289.7489858266885,0,4.333393961440533,-4.188241189243368,280.0690000000001,293.91096499999986,295.894146,243.15082089499995,10.424026836383009,6.374743655640001,36.2334498343664
ACGL,Arch Capital Group Ltd.,98.76,USD,-0.7636655948552964,441757,0.23047030535644603,34505714487.53417,USD,Finance,Buy,99.23010936530815,98.1631059368123,97.10891576014193,-2.3338607594936702,-2.4303497332542916,3.1220632766001977,100.21400000000001,101.38650000000007,96.70240000000007,94.92645000000006,7.71725285802474,1.850931,32.18712556294673
VEEV,Veeva Systems Inc.,212.37,USD,0.24072500708014294,420830,0.2743863358043296,34498083367.39097,USD,Technology services,Strong buy,192.18021698700906,186.86140372435108,186.71459952828613,1.1333873041573386,10.99090624020069,-4.941587216328719,207.16399999999967,196.62750000000045,181.0018000000001,202.68190000000013,37.814497605099625,2.222615,19.0078616685385
HENOF,Henkel AG & Co. KGAA,89.52,USD,6.991753316600925,120,0.5025125628140703,34298052251.98758,USD,Process industries,Buy,83.14144354349011,82.38079417500673,82.16172924299424,8.430232558139528,19.93569131832797,9.85531789566689,84.84999999999997,82.82058500000021,82.88756800000002,78.3903624800001,15.473743629363428,3.1635062,16.76922631226696
UI,Ubiquiti Inc.,566.4,USD,1.1428571428571388,24544,0.3492897935484422,34279710131.417145,USD,Electronic technology,Buy,567.3267685046117,596.8632625936659,626.6214689182883,2.484303472234791,7.885714285714283,1.3455482393358111,552.962,542.0464999999997,555.3734000000003,669.2029500000001,36.408983968219275,4.033,71.46604649112173
WOLWF,Woolworths Group Limited,27.976,USD,-9.227774172615188,1257,3.3654618473895583,34032784542.698956,USD,Retail trade,Buy,26.69861598004343,25.398834250016858,23.92440033962451,-8.275409836065577,-7.241379310344831,41.29292929292928,29.05644000000002,24.537409999999987,21.135011999999946,21.43147100000002,86.25244517712296,0.3868282143,-60.61080629119613
PUKPF,Prudential PLC,13.67,USD,6.381322957198446,150,0.062152979199469625,33997666534.2201,USD,Finance,Strong buy,13.240694631824306,13.342513531283803,13.194093363307994,0,8.406026962728,-15.093167701863361,12.815999999999999,13.522500000000003,12.219287999999992,10.276653269999995,8.761740347497673,0.73,91.41311532267564
QSR,Restaurant Brands International Inc.,74.49,USD,0.8256632376827281,611572,0.3222093658054038,33992804389.45858,USD,Consumer services,Strong buy,74.33904072785639,74.46551392661027,74.18495646326201,1.1405295315682134,-0.40112314480547046,9.5119082622758,73.93400000000005,74.35049999999993,73.81960000000005,72.28739999999996,29.639503421932197,1.035009,-14.54026115342764
CNC,Centene Corporation,68.3,USD,6.602153894178249,2927588,0.475653178912763,33739858005.366005,USD,Health services,Buy,64.37056581105337,61.78628759535153,57.816978841162815,10.446313065976703,1.260192735359517,65.85721223895094,63.837999999999965,65.21849999999998,64.0346,47.03870000000006,nan,0.096155,-358.10710577065714
RPRX,Royalty Pharma plc,58.41,USD,1.6179540709812104,1108873,0.463400711880059,33637279552.99635,USD,Health technology,Strong buy,57.228056064932794,55.804229564668766,53.51541867973769,0.2574665293511819,1.090342679127718,50.949735107895066,58.10199999999999,58.01025,56.35110000000005,46.764024999999975,30.590761495757828,1.128785,-22.13205007952368
SHLAF,Schindler Holding AG,311.5,USD,-7.569508323195155,1,0.06711409395973154,33619633029.378902,USD,Producer manufacturing,Buy,329.56176692091293,335.2718956129144,340.4265418441135,-3.6440490533762526,-8.241760426747975,-13.38801612678993,321.2207400000001,333.40683,344.85213000000005,284.2094936050002,26.221915017920054,nan,2.7682796716801352
NTRS,Northern Trust Corporation,183.59,USD,0.6468943588619083,265878,0.2660865586446657,33588829918.72387,USD,Finance,Buy,179.24833959660353,174.98030668646945,168.64980372442017,0.9845984598459802,3.8992642897566583,34.23265335965488,182.58000000000007,183.0189999999999,176.93220000000008,151.94944999999996,15.759204099676388,2.824381,36.923203497802106
ERIXF,Ericsson (L.M.) Telephone Co.,10.046,USD,4.645833333333331,2600430,2.4723393352123173,33475520000.049335,USD,Electronic technology,Buy,10.482186413914206,10.829400591713373,10.94455915676034,0,-7.919340054995424,6.306878306878308,9.771700000000004,11.689633599999999,11.529009439999998,9.146377359999995,13.251360097914965,0.1501671072,39.06823744568052
NTRSO,"Northern Trust Corporation - Depositary Shares Each Representing a 1/1,000th Interest in a Share of Series E Non-Cumulative Perpetual Preferred Stock",18.385,USD,-0.4871447902571034,13144,0.32790647779945414,33372942238.000004,USD,Finance,,18.560683113048604,18.662804079638978,18.82066125999708,-0.8627662442706937,-2.673372154579137,-5.621149897330589,18.474000000000014,18.54349999999996,18.606000000000027,19.262690499999984,1.578152227095977,2.824381,36.923203497802106
MLM,"Martin Marietta Materials, Inc.",553.25,USD,-0.4623799071641988,168956,0.2417116035904522,33231427344.859848,USD,Non-energy minerals,Buy,564.0761842042822,573.1776590554605,583.3449892789224,4.384822927869287,-8.145307233816466,-10.658054097698828,543.2960000000005,560.0740000000005,575.5536000000003,610.1847000000013,13.598377780508786,6.785322,125.40291081945053
DASTF,Dassault Systemes SA,24.8319,USD,5.371721972333031,20485,5.685224245115453,33220010106.72135,USD,Technology services,Buy,21.957403066170155,21.701820229103042,22.018068300372143,3.466250000000004,16.526982637259515,-4.529411764705884,23.281579999999998,21.655405000000005,21.60874400000002,25.155079999999906,21.791018537895603,0.35547944811000004,12.97045365151828
SUNB,"Sunbelt Rentals Holdings, Inc.",80.01,USD,-0.5221932114882527,610387,0.31047328448666645,32799905264.608356,USD,Finance,Buy,76.00191707227305,75.42519069539108,74.48190082644628,10.832525280509776,12.200252419015568,9.602739726027403,75.99200000000005,74.4055,76.46579999999999,nan,nan,1.037745,nan
ADDDF,adidas AG,183.14,USD,2.010805993427274,4,0.03210272873194222,32699475852.734512,USD,Consumer non-durables,Strong buy,191.02912173231644,189.70230492634292,187.49239674684034,-3.615599178990582,-18.131389419485668,-6.561224489795926,184.49320000000003,200.24557499999963,193.87012899999988,186.8324007499998,20.688325762085395,3.97246989099,11.720679904130261
SWSDF,Swiss Life Holding,1177.0,USD,0.5982905982905984,1,0.01697792869269949,32640218274.375656,USD,Finance,Buy,1123.065762225194,1108.9649278306345,1092.0744980718114,0,2.974628171478565,0.05270405821247308,1157.9805600000002,1097.3663399999998,1073.7653500000006,763.1663374449998,21.406306959679807,nan,17.285370040511435
BPERF,Banca Popolare Dell Emilia Romagna Scare AZ,15.65,USD,3.986710963455147,532,0.8797750950884735,32636982402.44807,USD,Finance,Strong buy,15.229945634806255,14.939796642107952,14.654942553891336,0,0.2401921537229761,7.931034482758623,15.589999999999998,14.57456315,14.034775259999998,nan,12.969594328360103,0.34261800000000003,16.30604644855107
REPYF,Repsol S.A.,29.81,USD,3.1487889273356404,200,0.21242697822623474,32627081098.58975,USD,Energy minerals,Buy,27.681467456331504,26.87496239816533,25.791658521808856,0,22.674897119341555,54.93762993762994,29.156740000000003,26.85326,26.513320000000004,17.772168000000008,8.212552658462002,1.79010944673,381.6127428912274
RSNHF,"Resona Holdings, Inc.",14.1562,USD,-2.2867989646246802,30075,1.869475490135137,32592839501.758823,USD,Finance,Buy,13.910677958918813,13.588894569186113,13.095472464617362,4.089705882352945,-0.9189851268591394,42.41649899396379,14.05723999999999,14.370430000000004,13.652071999999992,11.738459999999993,19.41128169296915,0.22126161471,5.849595990780369
GASNF,Naturgy Energy Group SA,33.8975,USD,1.3681220095693873,4459,4.81689532245868,32558330548.280922,USD,Utilities,Buy,31.751396593493084,30.85411422951413,29.873734906897678,1.3681220095693873,0.6831514071433994,4.905222437137334,32.925200000000004,29.170480000000037,28.380083380000002,24.068427359999998,12.952657651306156,0.7033334172000001,18.31221011653616
TECK,Teck Resources Ltd,66.1,USD,2.1007105344454735,1536879,0.45259271673572565,32428217291.21951,USD,Non-energy minerals,Buy,61.235805613860585,60.57162638195744,59.06386579243502,11.298198349890544,8.574244415243088,35.58974358974358,62.75399999999998,59.23049999999999,61.370999999999995,53.87949999999998,18.44746162927981,0.9467483550000001,1046.4984693457184
SBGOF,Standard Bank Group Ltd.,20.015,USD,9.611171960569544,303,0.5958702064896755,32406956843.638527,USD,Finance,Buy,19.491731673743942,19.50585972631813,19.350097984751812,0,0.4516938519447922,4.312703583061892,19.55399999999999,19.543,19.505599999999998,18.058637999999995,11.165595572812068,0.982023,30.179182433252656
HLBZF,HEIDELBERG MATERIALS AG,183.4,USD,-3.8582512057034943,1952,1.4578043315907394,32345353807.58354,USD,Non-energy minerals,Strong buy,194.20308835944766,199.51154277962743,206.2326898769131,-0.654359507713641,-11.155463406127073,-29.35285053929122,188.57580000000007,192.80274999999992,201.03814000000014,227.64633100000003,14.258431395866296,10.5147216,4.20459248055446
EQT,EQT Corporation,51.7,USD,-2.0276672351714993,2109681,0.3395807613444448,32339177026.588966,USD,Energy minerals,Strong buy,52.294763936411364,53.14428425151643,54.21426637397962,-1.9161449440333864,-1.6362252663622514,-3.0927835051546366,52.80599999999998,51.314000000000064,52.21900000000003,56.36395000000004,11.992020783076637,0.538602,131.89715453714166
RMD,ResMed Inc.,222.27,USD,-0.3898897553105567,554832,0.48121897149280296,32241685158.403744,USD,Health technology,Buy,207.10979101694932,207.6769362780434,212.53643605557153,3.864485981308416,4.903719086275257,-8.057911065149945,216.02800000000002,204.25499999999988,199.89600000000007,231.26575000000005,21.426918850135927,2.89259,16.468686142860363
OLCLF,"Oriental Land Co., Ltd.",19.65,USD,7.5533661740558244,16,0.0012991969338952362,32211675073.241558,USD,Consumer services,Buy,17.186485308289182,17.49204403574099,18.5104621686217,0,34.64437440043853,10.084033613445362,16.8128,16.102200000000014,20.051071999999998,28.569469811999994,38.612518912524756,0.077395891221,-5.322054046748703
TCKRF,Teck Resources Ltd.,65.46,USD,6.176776384831604,203,0.3325143325143325,32142488501.412792,USD,Non-energy minerals,Buy,60.74998059971099,59.91009556513138,58.227099563410306,0.7076923076922981,9.373433583959887,36.54568210262828,59.50992,61.53523,58.16602199999997,48.74602733999998,18.26884777991916,0.9385726314999999,1046.4984693457184
TPR,"Tapestry, Inc.",158.94,USD,1.9042123485285625,774078,0.4480017575641439,32112988606.530872,USD,Retail trade,Strong buy,147.89821665064,145.9440245515493,143.37522813040914,2.541935483870966,8.432255423659425,22.999535675592014,155.09800000000013,145.53650000000013,144.8644000000001,135.49589999999995,51.0634196491679,1.274715,-18.09809493737501
NTR,Nutrien Ltd.,66.66,USD,-0.3885236102809401,1024732,0.47918276148138095,31998370170.25029,USD,Process industries,Strong buy,67.1048491557747,67.49162435047612,67.80831000880468,-2.5153553670663924,2.87037037037037,7.776879547291828,67.86600000000001,67.7185,66.4078,67.10444999999993,13.632842791009423,2.6824089599999996,379.8244679764949
BAP,Credicorp Ltd.,399.95,USD,1.9968377027440538,74486,0.3206580019639151,31809261474.377995,USD,Finance,Strong buy,387.3755997439238,376.6209784514953,362.41104805765053,0.9796248137955401,1.1200444983818787,38.51082251082251,398.1420000000001,392.6329999999997,375.12480000000005,326.32935500000053,15.366203189654179,7.305633359040001,34.10360248959235
HMRZF,Hennes & Mauritz AB,17.76,USD,1.4857142857142946,577,0.4275657650981845,31804128233.492382,USD,Retail trade,Buy,17.912080094669676,17.980125781134365,17.703642028594842,4.532077692760466,2.010338885697883,-10.3030303030303,17.346999999999994,18.708000000000006,16.34933000000001,14.764625250000005,21.44729433687091,0.2247371794,28.577893694224958
CKHGF,"Capitec Bank Holdings, Ltd.",273.625,USD,10.479670529333394,27,0.11430990685859442,31767820457.75057,USD,Finance,Strong buy,195.43846177229884,163.6873504912044,128.60698454438125,0,10.479670529333394,10.479670529333394,218.281,116.04625000000001,nan,nan,30.15781748735079,5.1049438788,43.11683424694872
CASY,"Caseys General Stores, Inc.",858.425,USD,0.9128206333905422,100503,0.3544116765464054,31765941722.940422,USD,Retail trade,Strong buy,843.1231619344276,826.3719568503325,796.0843293005603,-1.1623221111776387,7.303124999999994,55.55968323577912,861.5909999999997,852.3232499999995,825.8734999999998,696.3754999999993,44.7875470871203,6.676204,30.89078889860139
TDY,Teledyne Technologies Incorporated,685.205,USD,0.064986272562657,132397,0.345760898831568,31763137951.85757,USD,Electronic technology,Strong buy,650.6273542206203,642.6697463360974,633.01641986244,4.424920371245269,4.59388499641282,33.56822612085771,669.0550000000001,645.6357499999996,634.0226999999995,600.469125,33.10456947947165,6.133817,14.031501875898703
ARES/PB,Ares Management Corporation 6.75% Series B Mandatory Convertible Preferred Stock,44.27,USD,-0.8732646663681001,62973,0.7281622439788118,31730083333.0,USD,Finance,,41.239368901019084,40.91326985213706,41.16683377797877,4.459650778669184,14.36321363988634,-11.98807157057653,43.06999999999998,40.79325000000002,40.60649799999999,43.39297500000005,20.49442155455766,1.329637,24.846838515778522
GEHC,GE HealthCare Technologies Inc.,69.975,USD,-0.40563620836893083,939270,0.14604180483396556,31606746219.184452,USD,Health technology,Strong buy,65.78260652906697,65.95875641387619,67.27616751509346,0.5243499497198605,6.425855513307976,-15.263986437394047,69.585,65.11225000000002,64.38780000000006,73.04070000000004,16.08029230627815,1.20449,-10.913669212029383
EXR,Extra Space Storage Inc,149.4,USD,-0.3069531562791992,161232,0.10335452193341264,31563672656.19244,USD,Finance,Buy,147.50891845030296,146.4456526932779,145.10640858434795,0.26845637583892995,0.3021148036253891,14.87005997232047,149.04800000000003,147.50949999999986,146.7140000000002,140.70257500000014,33.44975819451908,1.182034,-2.9317801490883015
EL,"Estee Lauder Companies, Inc. (The)",87.115,USD,0.16672415775554333,669056,0.3207232379578744,31517765455.063232,USD,Consumer non-durables,Buy,83.89678836854259,84.1559857451698,85.39826014453988,2.0081967213114624,3.204596611775854,-17.51645126165791,85.50900000000004,83.12075,84.11689999999992,92.14787500000007,nan,0.319697,71.24638877424681
WTW,Willis Towers Watson Public Limited Company,339.33,USD,-0.08833141948591448,93043,0.14600190656273415,31514236061.41542,USD,Finance,Strong buy,303.61851853534057,294.55702375384396,291.4427227525591,0.891981090000892,19.415118243243228,3.621705805111905,338.51200000000006,305.76750000000004,280.19860000000006,298.512825,20.934278469767357,3.607454,1032.8045286183522
DXCM,"DexCom, Inc.",83.19,USD,-4.313319530710835,2536966,0.44743033978847985,31392641532.158047,USD,Health technology,Strong buy,76.7084406564992,74.42310992907416,72.41828414115484,-2.416422287390032,16.676016830294532,24.853669518235034,83.08599999999998,76.4245,73.9728,68.04374999999996,32.83729375542749,0.671371,77.35928311397369
EPIAF,Epiroc Aktiebolag,27.33,USD,3.5070443872140524,4907,0.3534615024454897,31392373292.75861,USD,Producer manufacturing,Buy,26.815157777407144,27.06683406473922,27.019078020254398,2.39022928218192,-4.580685706305429,15.277543445250549,26.15959999999999,25.758199999999995,27.356539999999967,25.919253999999995,36.413193092754355,0.22542074039999999,-3.950914840773071
GBOOF,"Grupo Financiero Banorte, S.A.B. De C.V.",11.1375,USD,-2.941176470588238,1190,0.07786327470686767,31331529776.475304,USD,Finance,Strong buy,10.993297896281778,10.959033598958639,10.90664326794826,-6.79838325006904,2.1554689291446865,20.4054054054054,11.358999999999995,10.947024999999993,10.747502000000004,10.648076499999993,9.03630342751723,0.32572916532,11.684988976664075
UMGNF,UNIVERSAL MUSIC GROUP,16.9801,USD,-1.5646376811594191,32774,1.359409349205691,31218372329.765427,USD,Commercial services,Buy,19.511688696486274,20.256310018716185,21.071219200650656,-5.561179087875418,-21.678505535055347,-34.2875386996904,17.717940000000006,20.331249999999937,20.901909999999972,23.114587999999966,84.38114586058849,0.6052882500000001,-87.83379354730802
CQP,"Cheniere Energy Partners, LP",64.42,USD,-2.3939393939393914,58839,0.5167280825935905,31182767581.67273,USD,Utilities,Neutral,63.69117741195474,63.16903071371143,62.41433428099187,-1.0293439852511932,4.611886976291009,19.87346483066617,65.67599999999997,64.30400000000002,62.7368,59.54086000000001,14.982789096660156,0.975035,2.81696876942943
VG,"Venture Global, Inc.",12.535,USD,-2.3753894080996862,4075774,0.29561973731787006,31141427875.591118,USD,Industrial services,Strong buy,12.848679015803171,12.694751328880258,12.431766695895792,-1.2992125984251903,13.182844243792333,82.72594752186589,13.015000000000011,13.324749999999998,12.463500000000009,10.773049999999994,13.08455114822547,0.485646,89.62787015043547
CFG,"Citizens Financial Group, Inc.",73.89,USD,0.28501628664494266,867496,0.2415540010451331,31120753018.916527,USD,Finance,Strong buy,70.8268254391725,69.1177603559753,66.93679027517473,3.097530347425699,5.031982942430713,26.394115634621965,72.73000000000002,71.87049999999998,68.82960000000001,61.78069999999998,16.062345115429764,1.394831,40.27566018174057
SHLRF,Schindler Holding AG,287.49,USD,-0.31726218338793144,1,0.008680555555555556,31038599995.427505,USD,Producer manufacturing,Buy,308.67392215628814,317.3339795994907,325.06527733044584,0,-8.588235294117645,-20.748163360946087,304.56579999999957,322.96992499999993,340.1826852000002,271.4133642950001,24.200765163729812,nan,2.7682796716801352
CFG/PE,"Citizens Financial Group, Inc. Depositary Shares Each Representing 1/40th Interest in a Share of 5.000% Fixed-Rate Non-Cumulative Perpetual Preferred Stock, Ser",18.11,USD,-0.7671232876712359,30916,0.7345299896648808,31032305893.0,USD,Finance,,18.271104457822062,18.391721483293892,18.593072468072354,-0.8214676889375802,-1.9491066594477502,-5.529473135106949,18.241000000000064,18.345454999999987,18.271892699999945,19.163080174999983,3.936785357158384,1.394831,40.27566018174057
CFG/PH,"Citizens Financial Group, Inc. Depositary Shares Each Representing a 1/40th Interest in a Share of 7.375% Fixed-Rate Non-Cumulative Perpetual Preferred Stock, S",25.86,USD,-0.44273339749760154,21343,1.0130241212040667,31032305893.0,USD,Finance,,25.777348297284462,25.790475276481484,25.853842361508846,-0.23148148148149023,0.8973858759266502,-2.3413897280966807,25.86300000000001,25.833005000000025,25.74970199999997,26.141501499999993,5.621494717620973,1.394831,40.27566018174057
CFG/PI,"Citizens Financial Group, Inc. Depositary Shares, Each Representing a 1/40th Interest in a Share of 6.500% Fixed-Rate Reset Non-Cumulative Perpetual Preferred S",24.9,USD,0.1206272617611483,74859,1.7095818707907893,31032305893.0,USD,Finance,,24.945597716339552,25.006425390819654,25.07562744024415,0.08038585209003044,-0.6384676775738234,-1.968503937007874,24.865999999999993,24.91675,25.02910200000003,25.288308999999998,5.412808138776574,1.394831,40.27566018174057
ZTS,Zoetis Inc.,73.795,USD,-2.952393477117312,4694431,0.8875157583863201,30936939406.73691,USD,Health technology,Buy,77.27857161601148,81.46707838091618,88.91630621603309,-6.953725885764721,-1.6853184119371176,-41.61787974683544,76.05100000000002,75.81875,76.9011,109.45622499999998,12.225609251006444,1.852372,8.393341354355604
BIIB,Biogen Inc.,209.29,USD,0.4029743343727529,256752,0.23471912681325396,30923433747.336967,USD,Health technology,Strong buy,204.1800770735087,201.33529676966901,196.63928854503564,2.926133569391162,-3.0840472331558217,19.341962707418592,206.08800000000025,203.01349999999996,201.49079999999944,184.28942499999977,37.064782346899015,2.091066,-45.98105806945374
SVNLF,Svenska Handelsbanken AB PUBL,15.434,USD,2.8933333333333286,117,0.0736404833836858,30879737606.50135,USD,Finance,Neutral,14.876964554772387,14.74407932908682,14.627837558767355,0,2.225460325870966,6.119361936193611,14.988960000000002,14.53790755,14.561635019999992,13.720384194999994,12.661115442137572,0.3071053908,-11.253607237139052
CCI,Crown Castle Inc.,72.39,USD,-6.785990213752248,5431012,1.0840377933342702,30838141454.138554,USD,Finance,Buy,78.29067885141562,80.67407746178318,82.95527698327493,-5.6438998957247115,-4.749999999999999,-18.525604952166567,75.92000000000003,77.12599999999988,82.38740000000006,86.75660000000028,15.956180567801091,0.689852,nan
ARES,Ares Management Corporation,138.61,USD,-3.008886711916579,1115178,0.4065387536556218,30775361071.913303,USD,Finance,Strong buy,127.48898103852181,125.89130391444762,126.46129581298172,7.49127568825128,17.545793758480336,-14.795918367346932,134.4600000000001,126.1045,124.76760000000002,134.17827499999981,64.16832554048425,1.329637,24.846838515778522
NVZMF,NOVONESIS A S,65.8675,USD,6.754457050243118,296,0.28774181005152133,30667589816.390877,USD,Process industries,Strong buy,62.812435930952205,61.930154907117824,61.31806757158336,2.7694348012638073,3.693074481751101,6.495553759094593,63.87152,63.69462000000001,61.094075999999994,61.38010250000003,44.83968492822785,0.6052918,37.98639874940684
KHC,The Kraft Heinz Company,25.745,USD,-3.359609609609608,11209993,0.7450811767113587,30527843301.141514,USD,Consumer non-durables,Buy,25.14862614953642,24.720212743065304,24.412062502317774,-2.0730315709395137,1.7588932806324122,5.990119390695766,26.207000000000072,25.910750000000043,24.615699999999993,23.981625000000005,nan,0.466045,-320.42971760119667
VEOEF,Veolia Environnement,41.66,USD,3.25298965239482,689,0.34139332078089385,30491338568.96226,USD,Utilities,Strong buy,41.226335613292896,41.00310205330969,40.44439164144452,4.805031446540872,-1.2796208530805835,14.639515685195358,40.55899999999999,41.65049999999998,41.18400000000003,36.33370899999999,21.508221323996125,nan,9.720413795445713
ALNY,"Alnylam Pharmaceuticals, Inc.",227.24,USD,3.762557077625575,894823,0.31896155232615486,30406786203.139732,USD,Health technology,Strong buy,259.540341301769,273.13084583708957,289.66253213541364,9.23161967938088,-28.840734013903667,-43.0961085791556,215.53899999999976,264.6647500000003,283.53249999999974,345.5202999999999,38.36634081277752,1.786667,nan
CBOE,"Cboe Global Markets, Inc.",290.545,USD,0.7367727619443866,246277,0.23033375794272076,30341910670.239178,USD,Finance,Buy,286.2091964067767,287.5605955431035,287.7373960505263,-3.961590586057567,16.539649432433524,15.778043434947213,296.709,284.91975,280.4502999999999,279.7639499999999,22.631111595772026,3.414039,50.504091346041115
ON,ON Semiconductor Corporation,77.87,USD,-3.6023768259470126,6516169,0.5892984264041967,30315702130.09074,USD,Electronic technology,Buy,89.38419843061827,91.45416006739241,89.2603099958619,-2.4772066927161536,-16.286820038701347,40.941176470588246,80.87999999999998,87.48399999999997,103.20640000000003,75.44445000000005,50.141661300708314,0.872655,44.896435902220546
ILMN,"Illumina, Inc.",200.75,USD,-1.1132456529234969,613302,0.28947338859473853,30313249180.22881,USD,Health technology,Buy,188.02251126602715,177.9178419450033,166.06096772293034,-1.6606250612324809,6.0794208565615975,52.85920962460975,202.42199999999997,193.8835000000001,178.83790000000008,141.29812500000003,37.41217689483591,1.356243,-32.04022442595337
MDB,"MongoDB, Inc.",376.53,USD,-0.9235869908430817,455598,0.3748067240094953,30285035487.45421,USD,Technology services,Strong buy,335.9266238416524,329.20066073357884,324.1675193073293,8.307205522795915,8.488201227418095,-10.880473372781072,355.57999999999953,330.7115,338.10519999999997,334.2174499999999,nan,1.60886,67.75595341560926
KGC,Kinross Gold Corporation,25.525,USD,8.156779661016937,6563730,0.9889970903846724,30278794724.48764,USD,Non-energy minerals,Strong buy,24.79626434834762,25.729760878996625,26.719273160751907,11.171602787456436,2.8819024586860134,-10.67366579177603,23.854999999999983,23.624749999999985,25.1229,28.852275,9.947351716844707,0.6824416445,101.79910384546176
LVS,Las Vegas Sands Corp.,46.74,USD,1.564537157757494,1879767,0.2971601359397908,30273553074.385914,USD,Consumer services,Strong buy,47.61962072397634,48.61172459012603,50.1065905788728,-4.534313725490194,-1.392405063291132,-28.312883435582823,47.76000000000004,46.583499999999965,48.037800000000054,55.80069999999992,18.210153114894613,0.758233,29.605130276711776
KNYJF,Kone Oyj,58.4,USD,10.815939278937373,245,0.20426880106720025,30261181330.299683,USD,Producer manufacturing,Buy,56.825639821935304,58.270778196030385,59.81551358818753,0,6.143220647037432,-16.809116809116816,55.309999999999945,56.89894999999999,62.65661999999991,52.63954234,28.0718418576096,0.6279698418899999,-6.325827083411031
KYOCF,Kyocera Corp.,22.9,USD,-5.683690280065909,2000,1.2301636117603643,30165503015.138683,USD,Distribution services,Buy,22.73540027709646,21.802176335422576,20.304580923936435,-3.7815126050420256,12.586037364798422,61.7231638418079,23.720559999999995,22.8988575,18.172231000000007,14.058696750000001,30.39099799783614,0.14195537146899997,525.8519736363729
BRDCF,Bridgestone Corp.,23.855,USD,-6.0826771653543235,810,0.7135935159897807,30108050114.74571,USD,Consumer durables,Buy,23.109625739139346,22.71812620996643,22.476549233338066,-2.2736583367472334,1.3381478334749417,2.1190068493150727,25.89779999999999,22.837449999999972,22.009480000000003,21.139017749999983,14.4263337447348,0.44045287,24.051115531193183
NSKFF,Kongsberg Gruppen ASA,34.19,USD,2.958668975382051,538,0.3760659862994548,30073250986.637672,USD,Producer manufacturing,Buy,31.676540125934718,32.10338914727738,32.708920138787704,9.338023664854488,20.133520730850304,27.813084112149525,32.446000000000005,30.42803999999999,32.210223559999996,32.87671839,40.62625822649796,0.1738186,11.390281355569144
AEE,Ameren Corporation,108.35,USD,-0.9959795321637458,432137,0.29806177799837164,29995968075.99872,USD,Utilities,Strong buy,111.08078341653766,111.04097196815805,110.39096164538084,-0.5598384728340671,-5.4620015705435865,8.632444355323843,109.13,111.33900000000008,110.84020000000022,107.40910000000017,19.0726821454347,2.309608,24.769936966023163
KHNGF,Kuehne & Nagel International AG,252.26,USD,0.8838232353529213,84,0.4276985743380855,29958415460.507523,USD,Transportation,Buy,248.30901822198,244.39391228441872,239.3169601709514,0.8838232353529213,1.562122554150896,18.27089877631394,252.16252000000003,246.6473399999999,235.13584200000017,234.87342749999988,27.983034955043717,2.8710797508,-26.444001212883006
TRAUF,Transurban Group,9.54,USD,-9.915014164305957,470,0.20662973709663238,29766553051.191948,USD,Transportation,Buy,10.063405730434063,10.14433935612782,10.131339030745488,-5.5445544554455495,-13.114754098360665,0.4210526315789384,10.036000000000001,10.38474999999999,10.228118000000007,9.466567499999996,93.08261521168977,0.06014768155,581.7332361914556
RDDT,"Reddit, Inc.",154.345,USD,-3.51628430330687,2134623,0.27061167569422695,29724303535.845127,USD,Technology services,Strong buy,164.9154784444495,165.8992157376614,167.00905907148174,8.770260747004928,-22.032228733077392,-33.52355930743389,157.54699999999997,178.15425000000008,175.84370000000013,179.4432249999999,35.88667488200144,1.298115,263.03705579471597
TRPCF,Trip.com Group Limited,45.1575,USD,10.653026219063946,237,0.5516759776536313,29333568499.464043,USD,Consumer services,Strong buy,48.15902367861032,52.20324976448964,55.25646020746641,0,16.648369389732,-41.31960236501852,44.11449999999998,60.16617499999999,62.75071,nan,7.1351340014925455,0.874151019,84.67830148421818
WSM,"Williams-Sonoma, Inc.",248.92,USD,0.016072002571517214,305136,0.3726727191053392,29309487370.59434,USD,Retail trade,Buy,228.7833096058853,221.73137719764946,214.23623616694056,6.6632386339289456,9.656387665198231,36.26012699802933,239.91599999999994,228.71950000000038,222.7080000000001,199.28439999999995,27.861787980882234,2.055285,1.1331220285261625
ZM,"Zoom Communications, Inc.",99.52,USD,-2.5460242851547283,1055668,0.32941527281900246,29182472752.06267,USD,Technology services,Buy,93.53419198769707,92.93731393897473,91.83908305722018,2.040397826309848,15.225193933078604,15.345387111729249,97.65600000000006,92.06499999999998,93.02640000000008,88.34027500000019,14.604152909237655,1.477983,104.61506125390343
HRSHF,HAIER SMART HOME CO LTD.,2.74,USD,-10.163934426229496,8323,0.2361195037603797,29168235241.363728,USD,Consumer durables,Strong buy,2.7713289679490503,2.7639797659999674,2.8060766000787902,15.611814345991565,7.240704500978476,-18.269947800149136,2.7955000000000005,2.662392499999999,2.688456999999997,3.071697250000002,9.7160678113308,0.08502096036000001,-2.2849162378771495
TWLO,Twilio Inc.,191.73,USD,-1.1955681525380168,962128,0.6019683874749172,29099603545.253326,USD,Technology services,Strong buy,196.76029517639557,191.87800371738118,181.51482028839004,-3.892328128524532,-7.372336827866089,34.21771088554428,194.13199999999983,200.166,201.9839999999999,150.92274999999998,297.3941368078176,1.323613,nan
AMRZ,Amrize Ltd,52.56,USD,1.3693346190935407,1359886,0.552773795350051,29093883948.409645,USD,Non-energy minerals,Strong buy,51.48671792735435,52.158247116161725,52.85289131503911,6.181818181818186,-2.612562534741517,-3.929811734600619,50.8,49.99999999999999,52.008200000000045,54.016200000000005,25.145919050808537,0.95395,-6.147007318934949
DSKYF,"Daiichi Sankyo Co., Ltd.",15.97,USD,-7.447116777745571,437,0.22753306258460898,29059861575.924744,USD,Health technology,Strong buy,16.1696475664471,16.42575633853208,17.003996511264656,-8.89903023388477,4.652686762778512,-29.77132805628847,16.559,16.774625,16.4341,19.771752499999998,19.66986982223963,0.24096240983399997,-25.619933610236618
CPNG,"Coupang, Inc.",16.175,USD,-3.6054827175208604,15248783,0.8961316667636818,29035164954.177593,USD,Retail trade,Strong buy,16.78740869981889,17.180242110667553,17.9623649359783,-2.560240963855426,-12.638401296246286,-31.75105485232067,16.363000000000007,16.591250000000002,16.9163,20.873925000000003,nan,0.022491,-166.3774403470716
SMECF,SMC Corp,463.75,USD,-0.7989561162390265,874,3.857016769638129,29019230904.582043,USD,Producer manufacturing,Strong buy,443.67502485528377,440.6558026599912,434.10045074993684,7.384337516787845,4.082502917676631,29.03629711042169,441.6009999999995,437.9867499999999,431.8522739999998,409.1666295000003,27.887698668343827,3.9578636551739996,2.0494506816913343
DTE,DTE Energy Company,139.435,USD,-1.612334180073382,390919,0.293461362047959,29014758683.29054,USD,Utilities,Strong buy,145.73402386975727,146.12989379248026,145.5184876368725,-1.5150444978104323,-9.375406213440797,7.8050100510282965,141.28899999999985,146.18475000000007,147.09149999999983,141.59812500000032,22.030430386146747,2.415678,-8.93892525717574
VICI,VICI Properties Inc.,26.35,USD,-0.9025949605114646,2352244,0.21771756109282803,29013392677.96352,USD,Finance,Strong buy,26.781851571766907,27.096316087391994,27.509665800644072,-1.0885885885885853,-2.4796447076239754,-6.427556818181814,26.427999999999987,26.556000000000004,27.04899999999998,28.342649999999978,10.21872333824556,0.716725,-1.3542463657230337
FISV,"Fiserv, Inc.",54.35,USD,-2.563642882753675,4624386,0.6263695611103348,28982355805.18376,USD,Commercial services,Buy,52.76697111237419,53.58745456306595,56.52089199102137,-0.9296390812978456,4.019138755980864,-19.51725159188509,54.49800000000006,52.18350000000007,52.109200000000065,62.03540000000007,9.21983409387776,1.90966,4.271765663140754
SVNDF,"Seven & I Holdings Co., Ltd.",12.478,USD,1.0364372469635639,11327,1.151293388219749,28845940340.3305,USD,Retail trade,Buy,12.251250736785417,12.46377692208403,12.787836370078843,0,6.105442176870748,-14.825938566552903,12.507599999999996,12.328800000000006,13.303270000000007,13.869968503749995,15.770752437668097,0.16007156172099998,47.35323518795187
FTS,Fortis Inc.,56.445,USD,-0.23860021208907392,281233,0.38884279335001987,28837750376.6307,USD,Utilities,Buy,57.320003021919405,57.111478126801345,56.60500767036617,-1.4233321690534366,-2.6642524573202304,8.381336405529959,56.804999999999964,57.725249999999825,56.98529999999995,54.81272499999999,23.549081216606993,0.643835206,-4.048210703254894
CRS,Carpenter Technology Corporation,579.7,USD,1.6785645379124148,187491,0.23011849523509115,28802749363.274166,USD,Non-energy minerals,Strong buy,557.1991884257556,535.6271520944014,501.1377941458012,11.480769230769239,-4.118425405226592,83.10748918159136,543.338,566.377,554.6783999999997,410.1024250000002,55.07629163737246,3.037502,41.955061635152255
GFIOF,Gold Fields Ltd.,32.1,USD,-0.34150884818379207,100,0.2383222116301239,28730277813.73646,USD,Non-energy minerals,Strong buy,36.436046173301996,38.7778748619253,39.814044077238826,0,-6.686046511627899,-35.864135864135854,33.72808000000002,46.13229499999998,44.745204,24.74455249999999,7.679951307673205,2.63,216.9298767414801
MTD,"Mettler-Toledo International, Inc.",1426.385,USD,-0.7386917188587341,47394,0.2523890798614347,28579845998.227036,USD,Health technology,Buy,1327.2996540388497,1296.1983795254641,1282.7115651443107,1.1900454735707104,9.103390776903257,1.9669447482611038,1421.0590000000004,1344.7697500000013,1251.9304999999997,1320.2085249999996,32.10330151628026,12.109033,12.537359553407695
DOV,Dover Corporation,212.18,USD,1.071785833373029,288485,0.1900847433281069,28576448412.9305,USD,Producer manufacturing,Strong buy,211.59762011004835,212.71698477149488,212.26728544800557,4.388467972055503,-0.4130291936543675,8.709908802131366,207.302,208.91400000000013,214.39880000000022,207.41599999999963,25.540776406861273,2.863923,-49.914086757302634
ATO,Atmos Energy Corporation,171.04,USD,-0.9325224442513834,255654,0.2948061764761844,28549966768.684853,USD,Utilities,Buy,174.68211817582508,175.4907149718569,176.02699465316212,-0.5350081414282484,-3.252446405339669,2.327250972180668,172.7239999999997,176.32850000000025,173.49320000000017,176.30325000000045,21.05470481067507,1.352053,13.394751535455054
CHHQF,China Hongqiao Group Limited,2.9075,USD,-7.034372501998394,204,0.039927191591803184,28549900957.000317,USD,Non-energy minerals,Strong buy,3.074896315981727,3.220227593878729,3.29758716993359,-5.37021969080552,10.76190476190477,-31.908665105386408,3.093499999999998,2.961249999999999,3.2080300000000004,nan,8.762148036417242,0.2914164,0.7219653995694194
Q,"Qnity Electronics, Inc.",135.89,USD,-4.079904002258772,631679,0.28648262293832916,28447103911.980022,USD,Electronic technology,Strong buy,139.75903469608988,140.1802297142745,135.6944637282664,5.455533136737523,-8.176228123521874,66.34839025584526,134.512,136.22949999999997,147.15320000000003,nan,43.829828409237514,1.176667,-13.765193447000248
FUJIF,FUJIFILM Holdings Corp.,23.785,USD,8.113636363636365,300,0.4651162790697679,28437415101.930294,USD,Health technology,Strong buy,21.851873781209708,21.38476186509209,21.14147355375362,0,13.80382775119618,24.528795811518318,22.570600000000027,20.333349999999978,21.41727399999999,21.511247009250013,16.46428474133593,0.293566437307,0.16675986271634904
SYM,Symbotic Inc.,47.16,USD,-0.6321112515802871,658159,0.44996242217376836,28423653080.503162,USD,Producer manufacturing,Buy,44.0002489586182,45.236976528887745,47.352288231822385,9.14140245313584,9.674418604651155,-22.459717198290043,45.291999999999994,42.8125,43.47029999999998,55.68624999999998,nan,0.131111,24.78134110787171
XYL,Xylem Inc.,121.68,USD,-0.4010804616517925,373576,0.17767346664867623,28410675394.67496,USD,Producer manufacturing,Strong buy,118.60398436397858,118.2437535780145,119.55373730010629,3.3288043478260887,3.4078354720829482,-10.719788685890371,119.34400000000001,120.33700000000007,115.6646000000002,127.97415000000002,28.90329936578066,1.454493,9.421947289078346
DOGEF,Orsted A/S,21.5,USD,-4.255082273830467,256,0.07341975450269587,28402771479.393406,USD,Utilities,Buy,22.707634561680933,23.081770289241664,23.40130781450394,-7.047124945957626,-9.898583521917686,1.564566720834431,22.229099999999995,22.595975000000028,23.76537999999995,22.18966374999994,nan,0.2153651268,-211.2102162184258
LPLA,LPL Financial Holdings Inc.,360.535,USD,1.7770438121047922,254695,0.3160743269513691,28389349545.993607,USD,Finance,Strong buy,327.8972544977355,319.90641491058864,317.8132773082533,1.9612556561085979,21.95068326342851,0.7052875617999592,353.5989999999996,333.5592499999996,305.76149999999944,330.21104999999983,28.75033891006523,5.947497,-14.22982483738808
MITEF,Mitsubishi Estate Co. Ltd.,23.865,USD,1.2086513994910948,775,0.9490570658829292,28368129149.77725,USD,Finance,Strong buy,25.77081873255492,26.10925816448231,25.550649348007724,1.2086513994910948,-8.650717703349288,-7.857142857142858,24.46699999999999,27.553724999999996,23.28329000000001,16.502663725,20.843327551685107,0.28605461599,13.55188723309349
HXGBF,Hexagon AB,10.549,USD,6.879432624113478,444,0.09765324301141487,28317502424.917007,USD,Electronic technology,Buy,9.405935946530631,9.478338585358491,9.750433425086372,0.12813819942099317,24.692671394799035,-12.529021558872314,9.12827999999999,8.656849999999993,9.798615999999965,10.54699099999995,50.223279111172225,0.08370617679,-49.265707719595426
TEAM,Atlassian Corporation,111.445,USD,1.0289185024023124,1726466,0.41125748603412104,28281158958.066856,USD,Technology services,Strong buy,95.28827356414874,92.79871023235965,94.12705385738815,6.067383648995908,35.90837084345018,-31.266189712594052,104.9200000000001,95.32099999999994,91.95860000000006,108.29217500000003,nan,1.502488,49.81487101669196
TTNDF,Techtronic Industries Ltd.,15.5,USD,-8.011869436201788,100,0.1813236627379873,28280826599.11654,USD,Consumer durables,Strong buy,16.07834222758581,15.83689357189053,15.385015298095555,0,-9.090909090909093,36.08428446005267,16.261,15.774174999999996,15.272628,12.851319999999992,21.791619814684065,0.403333,9.66538288886777
AJINF,"Ajinomoto Co., Inc.",30.19,USD,-0.033112582781450364,200,0.18679368637340057,28253662709.35199,USD,Consumer non-durables,Strong buy,32.6962558505353,32.342520705852834,31.271383530840637,0,-9.066265060240967,31.260869565217398,33.89649999999999,34.174175,32.492058,20.207853295,34.64719730346852,0.21113447440799998,88.61698260298954
DG,Dollar General Corporation,127.29,USD,0.023573785950024465,396295,0.2132655309367001,28078473801.293255,USD,Retail trade,Buy,121.54084192471038,120.36902786774344,120.53065924827165,-1.0417476482935468,6.72423912132138,-4.138268629739798,127.36399999999999,123.3845,116.56019999999988,123.61369999999994,17.996861259172334,2.002046,34.89405527053574
DUAVF,DASSAULT AVIATION,362.0,USD,6.39235855988244,1,0.0091324200913242,28019748966.312057,USD,Electronic technology,Buy,345.84121799771776,346.16038990079664,348.17817126339855,3.436137043166585,3.4285714285714284,12.074303405572756,350.44487999999967,340.2898750000001,338.2689400000002,349.9967454999997,24.55008731437938,11.5293,25.22904174560888
P,"Everpure, Inc.",84.275,USD,0.4230219256434747,687994,0.31907915179859253,28013425517.32513,USD,Electronic technology,Strong buy,76.65918106146077,75.41915925092736,74.24606565589497,10.20661697397673,14.706682999863899,23.155048955136635,80.11299999999997,75.33874999999998,75.5455,74.13587499999997,128.1164487686227,0.577589,77.01829924650163
CW,Curtiss-Wright Corporation,754.875,USD,-0.3215327937040242,50448,0.25296918367193433,27885962537.264137,USD,Electronic technology,Strong buy,741.5180477275014,736.3689300683701,721.083364846363,5.32943573142826,-1.2434914571286526,36.111611972592854,740.1030000000001,734.9092499999999,745.2754000000006,668.3582000000004,55.29004614370468,3.610391,21.446361857320756
ATI,ATI Inc.,204.2,USD,2.023482388208835,829663,0.589242970476666,27867260643.442413,USD,Non-energy minerals,Strong buy,191.3370000530006,185.17805789986105,174.99723902659923,10.450021635655556,7.814149947201679,77.04178949193687,193.362,190.74500000000006,189.36560000000006,145.02445000000003,67.33940113441498,1.034679,9.706595275134763
FNLPF,Fresnillo Plc,37.76,USD,7.624340886418689,5004,0.8431055398301658,27825101593.43933,USD,Non-energy minerals,Buy,36.7017566202421,38.332362523088065,39.79875533305474,11.848341232227488,-3.1794871794871846,-22.14432989690722,35.107799999999976,34.35741499999998,37.91640400000004,42.35433449999999,12.357614451939487,1.19475,366.0427492576519
PBA,Pembina Pipeline Corp.,47.81,USD,-1.1781727986771398,198522,0.25682479930751667,27804144573.890945,USD,Industrial services,Strong buy,48.57831782653448,47.98863071022827,46.932274053289355,-1.4023510002062276,1.5937101572460688,25.61744613767735,48.726000000000035,49.80649999999999,48.41080000000001,43.360099999999996,23.92528864477077,0.45763305000000004,-8.23866834429355
SAXPF,Sampo OYJ,10.45,USD,-3.7753222836095777,132,0.04021570240380221,27751800404.31272,USD,Finance,Strong buy,10.570322853232149,10.562806752121974,10.59675030230935,0,4.24980047885076,-6.487695749440729,10.770000000000021,10.409129999999982,10.805220920000032,10.908011153750012,14.518012205994449,0.20681564540000003,60.55444627508684
OTIS,Otis Worldwide Corporation,72.86,USD,-1.0592069527430759,718777,0.21560812179908959,27735568031.664314,USD,Industrial services,Buy,72.76355657781626,73.59666034981367,75.51513464255046,0.5520287054926935,-0.6002728512960406,-16.464113735381794,72.46599999999987,72.63749999999987,72.05640000000008,82.09597500000005,18.704112542999436,1.027041,2.9847984137475154
WNGRF,Weston George Ltd. (Canada),74.0466,USD,-1.2053368912608469,172,0.008013567155556385,27702938214.951893,USD,Retail trade,Buy,72.97421386346309,72.43025900480629,71.62946070987614,0,7.380831532694295,8.255263157894724,74.58062000000001,72.27947179999995,71.14609872000003,61.80949457894999,41.02977551997447,1.010912189,-4.394900578227591
FE,FirstEnergy Corp.,47.86,USD,-0.8699254349627209,1882909,0.3688217678746121,27693707479.628006,USD,Utilities,Buy,48.171588304056556,48.02583155111466,47.86922894240706,-0.8288437629506809,-1.0952676172762992,6.687472135532769,48.31800000000002,48.7425,47.648799999999966,47.483159999999906,25.540316985965102,0.925699,-17.27806471549022
IMBBF,Imperial Brands PLC,36.144,USD,-5.05411369128927,1408,0.15879639550227254,27555970903.84737,USD,Consumer non-durables,Buy,37.19004071469988,37.54012525746863,38.20508994956639,-7.418032786885248,-5.8799020884329005,-16.108067960263682,37.51800000000004,37.296099999999996,37.07862400000002,40.3726145,12.858806012331419,2.8103040882,-27.3536421830961
ANPDF,Anta Sports Products Ltd.,9.9,USD,7.02702702702703,1000,1.9135093761959432,27481416840.322277,USD,Consumer non-durables,Strong buy,9.592811948229379,9.717018244858249,9.915475870033674,7.02702702702703,8.562154574962728,-0.9999999999999964,9.384000000000015,9.970210000000002,10.257997999999997,10.461860999999983,14.803455862285155,0.3959142,-11.406029941745045
CINF,Cincinnati Financial Corporation,178.13,USD,-0.7189833909263138,182320,0.22690087037989096,27339043450.061256,USD,Finance,Buy,178.10334534645588,175.60994563711148,172.3952389147178,-0.10094778756099311,-6.517974284964584,9.068087190791086,177.59799999999998,179.26950000000002,174.86980000000023,165.82502499999987,8.399228589346423,1.950273,83.98615412643468
GFS,GlobalFoundries Inc.,49.795,USD,-4.277201076509037,3077577,0.7105072493128222,27322556858.646484,USD,Electronic technology,Buy,59.94553878603404,62.24015170724116,61.19270820297334,3.6316337148803424,-30.686247216035632,40.10973550928532,50.34100000000003,56.46225000000006,70.5481,51.78772499999998,35.77227011494253,0.490014,nan
RF,Regions Financial Corporation,32.0,USD,0.15649452269170802,5013903,0.64722162222616,27308147136.90141,USD,Finance,Buy,30.694009241851017,30.050272965416482,29.330932481227144,3.1260070899129833,5.890138980807416,18.124769287559985,31.446000000000005,31.180500000000006,29.88600000000002,27.753849999999925,13.015537297649068,0.659109,14.59867623753147
ES,Eversource Energy (D/B/A),72.39,USD,-0.4264099037138958,633380,0.24992831203055327,27267483548.369465,USD,Utilities,Buy,72.6599063261412,72.09793998741505,71.4377126933728,1.2730833799664194,-2.701612903225813,6.785661602006186,72.49399999999996,74.00500000000001,71.89859999999997,70.40909999999991,18.748543161275286,1.046352,66.18317982267368
RF/PC,"Regions Financial Corporation Depositary Shares, each Representing a 1/40th Interest in a Share of 5.700% Fixed-to-Floating Rate Non-Cumulative Perpetual Pref",24.03,USD,-0.37313432835820837,7940,0.28423226859591405,27265478157.0,USD,Finance,,24.33677341099449,24.34780223474197,24.34500119431701,-0.7844756399669601,-2.2375915378356273,1.9083969465648978,24.24600000000002,24.402500000000046,24.359510000000018,24.301349499999993,9.773855039453347,0.659109,14.59867623753147
RF/PE,"Regions Financial Corporation Depositary Shares, Each Representing a 1/40th Interest in a Share of 4.45% Non-Cumulative Perpetual Preferred Stock, Series E",16.2418,USD,-0.23464373464373334,8719,0.24285013982196374,27265478157.0,USD,Finance,,16.216976172056437,16.28388293965938,16.440524362668178,0.44403215831787035,0.7555831265508707,-6.170999422299234,16.226939999999967,16.258485,16.156694,16.973442480000003,6.606117302529896,0.659109,14.59867623753147
RF/PF,"Regions Financial Corporation Depositary Shares Each Representing a 1/40th Interest in a Share of Non-Cumulative Perpetual Preferred Stock, Series F",25.4437,USD,-0.3571582422488462,7510,0.31004487600269176,27265478157.0,USD,Finance,,25.35209124686271,25.36998072441319,25.39581843703361,0.13262495080676748,0.4092344119968426,-0.024754420432218188,25.431720000000006,25.311215000000004,25.33901399999999,25.452623500000026,10.34885707313105,0.659109,14.59867623753147
CEBCF,China Everbright Bank Co Ltd.,0.41,USD,13.54195513708114,12009,1.035080158593346,27261719633.94258,USD,Finance,Buy,0.4045932137581542,0.4112372305587716,0.4167436332058899,0,2.499999999999988,-18.016396720655873,0.40087999999999974,0.4222099999999999,0.44996200000000003,nan,4.9308739577214835,0.0235488,-7.048456170091286
PGPEF,Publicis Groupe S.A.,108.56,USD,3.7560928987862057,80577,3.061901504787962,27228849024.02461,USD,Commercial services,Strong buy,102.16187042231581,100.37298539844183,99.36637134192227,3.7560928987862057,15.048749470114458,10.269172168613508,105.5871,96.77318999999997,98.46050200000009,85.01794751000003,14.795215690836276,5.0037161999999995,-7.663487170048423
FTI,TechnipFMC plc,69.2,USD,-1.1710939731505188,1067306,0.3174170103274596,27137772941.925167,USD,Industrial services,Buy,70.69454551165437,69.97801595954114,68.04694426115326,-1.746414880022723,3.283582089552243,55.47068074589981,69.79799999999992,72.45149999999992,69.60460000000002,60.49800000000002,24.11485921382771,0.861043,35.896950179958324
AVB,"AvalonBay Communities, Inc.",189.83,USD,0.30647291941876487,176200,0.27880580605970656,27107339334.707005,USD,Finance,Buy,188.4087278147407,186.73798388445516,184.75243585596036,2.2790948275862166,-2.119212127462094,4.89004309868495,188.2500000000004,190.53599999999955,188.0577999999988,180.04900000000063,26.079131748866605,1.223212,-10.474011758049832
HUBB,Hubbell Inc,511.57,USD,1.8576776043325867,209679,0.2680147398584224,27027556860.32574,USD,Producer manufacturing,Buy,493.0674411939391,493.183218935954,491.45202501294085,8.749813992049482,4.487336601307184,14.258593348669951,487.218,484.1395000000001,489.6793999999999,481.9288500000004,30.289950322989384,5.69003,9.655239579275419
NTOIF,Neste OYJ,35.0,USD,-2.966454116994733,381,0.1749230981130343,26878930311.748543,USD,Energy minerals,Buy,33.99300135126139,33.047967160120955,31.367346329917208,0,9.375,52.558626100601515,35.59700000000003,33.43412499999998,28.40381400000006,19.404906000000004,15.557325674985222,0.88495793889,nan
ASTS,"AST SpaceMobile, Inc.",69.0,USD,-1.8631773574171557,7129934,0.5955725694310186,26780593531.44645,USD,Communications,Buy,69.21018521160482,73.46162911291937,76.69494345325404,21.457489878542503,-20.032450599756615,-7.183212267958035,64.05000000000004,62.44649999999999,79.77879999999999,82.11820000000003,nan,-0.315,11.190452411864586
CNP,"CenterPoint Energy, Inc (Holding Co)",40.65,USD,-2.236652236652236,4407739,0.6884497377410346,26776982874.69336,USD,Utilities,Buy,42.717871043938,42.81123679219595,42.58704118254655,-2.4946030223075057,-8.631153068105199,6.052700234803027,41.66799999999995,43.07499999999984,43.09640000000007,41.40497499999999,23.959684074030413,0.503467,18.23820475294446
CAJFF,"Canon, Inc.",27.7044,USD,-2.260010583877224,765,1.3115035144865421,26738014591.623596,USD,Electronic technology,Buy,26.71114782595942,26.794174363902563,27.150445330861796,-8.74703557312253,12.96391437308869,-7.652000000000001,27.079879999999996,26.52654000000003,26.752311999999993,29.507343750000032,11.390732441964705,0.41314071499999994,95.85964709602298
NWWCF,New China Life Ins Co. Ltd.,6.3866,USD,-2.8358436026167775,487,0.2583417325340831,26687316241.90814,USD,Finance,Buy,6.100112149326263,6.211546398410861,6.274487561401209,-2.8210590383444987,-3.7872853269056987,-11.908965517241384,6.369919999999999,6.115729999999992,6.352591999999996,5.946723,3.9346483992128247,1.0067112,38.359921537182984
WRB,W.R. Berkley Corporation,71.83,USD,0.6163328197226471,373123,0.22397414041490576,26665273902.790443,USD,Finance,Buy,71.6076838350972,70.69397346488718,70.00571740416468,-0.8557625948930359,-0.2361111111111135,2.9525584061917765,72.24600000000001,72.80549999999997,70.012,69.81304999999993,14.77223650385604,1.108287,10.669822700685069
VRSN,"VeriSign, Inc.",295.12,USD,-1.3636363636363584,170224,0.1837472857379101,26649337987.522728,USD,Technology services,Buy,281.29763457497353,277.8638866443852,273.2867826145231,0.9993155373032225,15.669828329544572,21.408589764686518,293.96200000000016,278.3639999999999,275.71339999999987,257.43037499999986,32.03160613888467,2.462084,9.963478385410445
CPRT,"Copart, Inc.",28.775,USD,-2.1258503401360542,3531100,0.2899665814561871,26640226241.357143,USD,Retail trade,Buy,29.20316267615918,30.083042456570546,31.57247913534428,-2.80405405405406,-4.019346230820553,-26.491250478988388,29.241999999999944,28.42349999999996,29.68539999999991,35.64202499999998,17.927231948165222,0.386923,6.087243886318578
TPL,Texas Pacific Land Corporation,386.005,USD,-2.405693770226534,101164,0.36865680996922906,26624472672.283577,USD,Miscellaneous,Buy,400.1190484236649,402.27773481758663,402.7575621549666,-0.7852259291625987,-4.835806912874121,34.96678321678322,396.9010000000003,406.07275000000044,395.4052999999999,386.50345475175027,52.90421172375039,2.183253,9.453803573303722
NVT,nVent Electric plc,164.34,USD,1.2943786982248484,561024,0.20586803000025725,26599734870.923077,USD,Electronic technology,Strong buy,158.44815633992982,156.3112241553116,150.1932808054857,7.76393442622951,6.465405545478096,59.801633605600934,156.9240000000001,155.0185000000001,161.83260000000018,129.65865,45.39904417249095,1.361644,3.016591251885366
HAL,Halliburton Company,31.914,USD,-1.3782447466007355,2234088,0.20475457881346318,26588523164.485107,USD,Industrial services,Strong buy,34.0311003333605,34.94004863807308,35.18618413607046,0.5165354330708708,-3.1441578148710208,12.611150317572342,32.01080000000003,33.33270000000002,35.62008000000001,33.883720000000004,16.716777539154577,0.586879,-10.677022411453711
EXXRF,Exor NV,83.02,USD,1.5525230334137377,328,0.04031613751736175,26585483438.292847,USD,Finance,Strong buy,79.55236213983757,79.33132912315727,79.88187259348625,0.30204180258547786,5.088607594936704,-4.464902186421185,81.46366000000003,79.14781499999987,77.9655959999999,82.04162250000003,nan,nan,nan
AFRM,"Affirm Holdings, Inc.",79.32,USD,1.5360983102918442,971731,0.3290976360929578,26564156506.256527,USD,Finance,Strong buy,74.90525538982506,72.74368884001426,70.13791278760847,10.844046953605353,-6.67137310271797,5.759999999999991,75.566,76.49924999999995,74.73210000000002,66.20007499999998,72.08287895310795,0.348553,nan
WRB/PH,W.R. Berkley Corporation 4.125% Subordinated Debentures due 2061,15.275,USD,-0.2937336814621405,3833,0.24246756450725254,26501933787.0,USD,Finance,,15.34407778190342,15.441278933081712,15.635086532215867,-0.16339869281045985,0.7585751978891835,-6.746031746031738,15.285,15.403499999999994,15.342259999999994,16.269666000000008,3.141388174807198,1.108287,10.669822700685069
AWK,"American Water Works Company, Inc.",133.28,USD,-0.5447354675024176,507328,0.18679265116602733,26486598521.233936,USD,Utilities,Buy,132.59975697455545,131.82250274588927,131.58000926984363,-0.34395094960371464,-1.8195211786371999,2.3420102894878383,133.91400000000004,133.56649999999993,129.74680000000006,131.18311000000003,23.0731943771207,2.078449,3.9987037070377944
GELYF,Geely Automobile Holdings Ltd.,2.44,USD,-1.2105753269363146,69875,1.6179899644100095,26469951495.73166,USD,Consumer durables,Strong buy,2.427950219969339,2.4491785414114124,2.4610793194348113,1.2448132780082906,4.946236559139774,8.928571428571415,2.5139799999999988,2.427384999999996,2.394666000000001,2.40781825,12.024858951484637,nan,-28.896341388417373
VWSYF,Vestas Wind Systems A/S,26.61,USD,-0.5791145152251116,1197,0.5081723625557206,26466753153.55908,USD,Producer manufacturing,Strong buy,26.969901723638216,27.161697972507902,27.090026766601017,2.54335260115607,-6.071302506177194,-1.371751772602773,26.53000000000001,26.711595000000024,26.912174,26.56387449999997,27.111607576505317,0.16544909014,60.349708354468056
MGDDF,CIE GENERALE DES ETABLISSEMENTS MICHELIN SA CLERMONT-FERRAND,38.31,USD,-1.5926021063447149,1075,2.6213118751524016,26342199768.67678,USD,Consumer durables,Buy,38.55775788533673,38.25869960563054,37.87386634836714,-1.5926021063447149,-8.497044246730752,7.680415993254168,39.44699999999999,38.77504999999999,37.20787,36.2820355,14.859201502350215,1.7063364,0.1209400319322892
LDSVF,Lindt & Sprungli AG,11471.0,USD,-1.9572649572649572,10,0.8771929824561403,26313273938.7702,USD,Consumer non-durables,Buy,11646.07156537837,11923.006374653116,12389.772128209172,4.100494048548167,-2.249222301425356,-19.610210084990605,11378.599999999997,11494.498549999998,12293.137799999993,13282.28883599999,29.16484249922584,294.1789804119,12.75216935358087
PPG,"PPG Industries, Inc.",118.355,USD,0.47113752122241664,456742,0.18852904401160178,26310317542.89041,USD,Process industries,Buy,116.28898745877987,115.5576376305869,114.29892865244253,5.204444444444448,-5.1566631941662004,14.874308453848396,114.54300000000012,115.65724999999983,116.67090000000015,109.7526250000002,16.994529241991298,2.134172,23.48268586322452
EJPRF,East Japan Railway Co.,23.3,USD,1.7467248908297035,354,0.38999669494326317,26307295617.67835,USD,Transportation,Buy,22.228662035934708,22.438701432250806,22.650259626163496,0,5.477591670439117,-15.549111997100395,21.52100000000002,21.888400000000015,23.488459999999954,20.183200035399995,18.038637249614098,0.425579783399,-8.312197320549355
EIX,Edison International,68.3,USD,-3.3809591172725995,2232295,0.683852458968684,26282794706.269627,USD,Utilities,Buy,73.62713644510399,73.26227291123843,72.02205982231622,-7.427487123881817,-9.775429326287986,13.135663408977969,72.50999999999996,76.47749999999996,74.17540000000004,67.27354999999994,7.035869542823001,1.972464,42.63841542259315
ZS,"Zscaler, Inc.",162.15,USD,-0.6555569170444757,973166,0.46425617760890364,26221201084.652924,USD,Technology services,Strong buy,148.10491828056257,147.5945496276426,153.42489036561443,5.470274489397682,12.518215252237866,-28.48006351446718,155.88399999999993,148.99,141.0548,187.86417499999982,nan,1.086288,-91.57811885084614
PPL,PPL Corporation,34.825,USD,-1.0090960773166484,1703208,0.22193051775383033,26200603005.680073,USD,Utilities,Strong buy,35.71777613780747,35.98654933149536,36.228417589836546,-0.7834757834757794,-5.366847826086942,-0.4999999999999919,35.19500000000002,35.74825000000003,35.82150000000001,36.49027499999999,21.41363832011314,0.340546,21.429104756215946
QBEIF,QBE Insurance Group Ltd.,17.516,USD,0.04569339730408453,240,0.512054619159377,26169334095.438103,USD,Finance,Buy,17.009138231286673,16.48174088701242,15.769202963098838,0,7.857142857142857,29.078850405305808,17.5252,16.967744899999992,14.800677960000003,10.391493964999997,12.101710468580633,0.6852,35.15498019983362
LSRCF,Lasertec Corp.,289.125,USD,8.323030234910632,1,0.0025201612903225806,26072690391.542683,USD,Electronic technology,Buy,273.6088736148889,266.3280331911813,250.93477818713419,8.323030234910632,-0.3017241379310345,40.66947235264067,268.42700000000013,273.48357500000003,231.06117599999993,198.43393788000006,46.567865715605976,1.609490339743,19.678628360937665
DGX,Quest Diagnostics Incorporated,235.97,USD,0.9626903987677562,203232,0.1593296039456091,26044801819.57569,USD,Health services,Buy,219.99551250080088,213.66858978539597,207.54171491232023,1.3442707438584416,9.42774995362642,36.1548670013271,233.78999999999988,220.1370000000001,209.29800000000026,194.75454999999982,25.030762050237612,2.869908,12.727794518582284
AMADF,Amadeus IT Group SA,64.552,USD,-2.265019379844954,372,0.08445140638834027,26041988310.02025,USD,Technology services,Strong buy,59.890728121580516,59.81911088057458,60.65950079619798,2.016562361716928,12.034433683918227,-14.086456558773412,63.528000000000134,58.418399999999984,59.35806,64.58357049999998,18.694987229944015,1.06173900165,-1.1938599535065415
ARLUF,Aristocrat Leisure Ltd.,43.53,USD,-3.3954727030625853,129,0.19956683168316833,26014893902.39797,USD,Consumer services,Strong buy,41.70892310299006,40.17125231305005,39.050524725933705,-3.3954727030625853,2.4235294117647084,14.733790195044817,44.682,41.01085,36.80899,40.8946835,26.530724041194993,0.9245976695000001,22.574626865671636
ECHO,EchoStar Corporation,89.555,USD,-2.2325327510916892,2093274,0.3558644954939733,26014893862.226315,USD,Communications,Strong buy,95.37463816804443,100.75208078055304,104.04064519463365,7.148839435271606,-12.43277598513737,-17.597534044902464,87.401,90.58725000000003,103.65610000000001,105.9285,nan,-0.12,-2120.0623052959504
HPQ,HP Inc.,28.375,USD,-1.544066620402499,5451134,0.3653946755696453,25949581481.553608,USD,Technology services,Buy,25.64613528135203,24.74141853600881,23.923375302969834,1.6660695091365096,29.124004550625703,25.887311446317664,27.689,25.828249999999976,24.955100000000044,22.473975000000042,10.472025391201653,0.657835,4.43228243274494
DSMFF,DSM Firmenich AG,108.0,USD,18.27839229000109,800,1.3311148086522462,25863943015.384617,USD,Consumer non-durables,Buy,92.71527961184272,88.9029615356399,88.12467955664009,0,22.462864270325436,38.879958850382565,98.50999999999996,83.22584499999996,86.221664,nan,nan,1.7063364,-295.0677635850342
BDRAF,Bombardier Inc.,258.311,USD,0.9027343749999917,48,0.16460905349794233,25820544989.048782,USD,Electronic technology,Buy,241.54017510266806,231.95802141884568,219.2708928255232,3.151106141681971,12.309130434782599,47.673793734278526,249.36819999999997,245.7005749999999,232.98510199999998,162.862412155,27.841189323234623,1.6113848695,102.97175247560904
SYF,Synchrony Financial,79.29,USD,0.26555386949925136,836424,0.24510440418349919,25798655263.00038,USD,Finance,Strong buy,75.36881066329505,74.71927360798799,74.22918254496054,3.3363742994917267,3.5793598954931536,-5.280133795245476,77.83399999999999,74.6255,74.03079999999997,74.49245000000005,8.13155708703812,2.379739,18.484270386526852
IPXHF,Inpex Corp.,21.525,USD,-5.1762114537444965,10,0.0066684449186449725,25774188651.503136,USD,Energy minerals,Buy,22.589461518193215,22.226647371720134,21.04101797181885,0,8.932186234817799,13.289473684210519,21.98949999999999,22.902375,17.631922,13.658921499999954,10.707849245824827,0.780923,-14.72073477976802
SYF/PA,"Synchrony Financial Depositary Shares, each Representing a 1/40th Interest in a Share of 5.625% Fixed Rate Non-Cumulative Perpetual Preferred Stock, Series A",18.98,USD,-2.416452442159377,40233,0.7307384939518327,25730327383.0,USD,Finance,,19.02543886894816,19.123041028391903,19.244322486142906,-2.366255144032926,1.3347570742124932,-3.163265306122454,19.303999999999974,18.965000000000025,19.04250200000002,19.534845999999952,1.9464869909444258,2.379739,18.484270386526852
SYF/PB,"Synchrony Financial Depositary Shares Each Representing a 1/40th Interest in a Share of 8.250% Fixed Rate Reset Non-Cumulative Perpetual Preferred Stock, Series",25.385,USD,-2.1772639691714746,27506,0.3885428864840584,25730327383.0,USD,Finance,,25.742529783944534,25.770241935907084,25.797119888716736,-2.1772639691714746,-2.327818391689099,-3.3320639756283317,25.810999999999996,25.840245000000028,25.806656000000025,25.928618999999994,2.6033494344111827,2.379739,18.484270386526852
FCNCO,"First Citizens BancShares, Inc. - 5.625% Non-Cumulative Perpetual Preferred Stock, Series C",20.635,USD,0.31599416626155213,4057,0.3064963321673831,25718032682.0,USD,Finance,,20.662942812964033,20.797258270430746,21.02240044513803,-0.3140096618357378,-1.2679425837320433,-2.848399246704317,20.60999999999999,20.628550000000004,20.650076000000027,21.6371060000001,0.11036163960974713,45.657561,10.347745875154256
FCNCP,"First Citizens BancShares, Inc. - Depositary Shares Each Representing a 1/40th Interest in a Share of 5.375% Non-Cumulative Perpetual Preferred Stock, Series A",20.23,USD,0.09896091044037393,2147,0.22092341253099823,25718032682.0,USD,Finance,,20.277248568507574,20.380048669454208,20.55050361160005,-0.34433667160922227,0.8278550032645704,-0.4429133858267709,20.23000000000004,20.300435000000025,20.220373999999993,21.041808999999965,0.1081955885294492,45.657561,10.347745875154256
FCNCN,"First Citizens BancShares, Inc. - Depositary Shares, each representing a 1/40th interest in a share of 6.625% Non-Cumulative Perpetual Preferred Stock, Series E",24.9116,USD,0.449999999999997,3597,0.20965936909841223,25718032682.0,USD,Finance,,25.027481606682915,25.036108608896427,25.01835783180637,-0.15390781563125983,-2.4986301369863044,0.046586345381531676,24.874320000000004,25.089329999999993,25.086133999999998,nan,0.1332340693628387,45.657561,10.347745875154256
OKTA,"Okta, Inc.",147.935,USD,0.07779732106616771,580882,0.24972220821458907,25712192973.310856,USD,Technology services,Strong buy,136.04228130882072,126.91946153513142,116.5908469577122,2.398421817678413,2.5474837099681213,69.74756167527251,143.935,143.06024999999988,130.89829999999995,94.84695000000002,107.44843114468333,0.965266,113.75562800807329
JBHT,"J.B. Hunt Transport Services, Inc.",273.48,USD,-0.36432526960069944,175320,0.18928121183160881,25683858786.36112,USD,Transportation,Buy,277.5984581865838,272.321598211093,261.0328805040887,0.5626034197462878,-2.7488353899221085,40.65368889346055,271.166,281.84350000000006,280.2579999999998,226.25257499999952,38.77169105137802,2.141978,28.1843458665746
RYLPF,Koninklijke Philips N.V,26.42,USD,1.0402325225638749,1000,0.2886002886002886,25679779481.386368,USD,Health services,Buy,26.60629221567182,26.84815275732793,27.078792308929014,0.30372057706910344,-5.6832785948879,-3.927272727272721,26.16439999999995,26.387361900000002,27.567064759999997,26.18615788999997,20.077795270706787,0.41550098391,nan
CPAY,"Corpay, Inc.",392.47,USD,-1.0213860587107724,335965,0.5889795357376019,25652590300.20168,USD,Commercial services,Strong buy,367.67399406066323,358.2477103329553,348.11117248824917,2.030364477720585,11.399051971275306,30.107740759157984,389.40000000000055,372.87350000000015,358.81040000000047,322.3946999999995,23.460878609814273,6.584789,17.324402987691553
BDRXF,Bombardier Inc.,18.5,USD,0.1385701294764687,182,0.5338809034907598,25584593442.1315,USD,Electronic technology,,18.138080249791393,18.051676461098918,17.858400709398513,1.3532022133347936,0.3117798563101586,1.36986301369863,18.29318,18.197369999999978,17.77515399999999,15.155315050000008,1.9939607778214654,1.616117,102.97175247560904
MTSFF,"Mitsui Fudosan Co., Ltd.",9.43,USD,-4.651162790697683,2388,0.025664697391937972,25564262644.04357,USD,Finance,Strong buy,9.557120712058044,9.766793185492423,10.038426427960852,0,2.511699704857617,-20.988688730624222,9.421310000000002,9.9282475,10.775038999999984,9.563719173699976,14.825757876674867,0.169716513681,6.941394755002175
FCNCA,"First Citizens BancShares, Inc.",2237.03,USD,-0.6568020534500965,22534,0.3013477334060826,25549116115.237656,USD,Finance,Buy,2140.767339581579,2103.9811822633965,2067.476141727721,2.0636006934939326,7.292121305138175,4.708789897164914,2210.0339999999997,2142.4475000000007,2095.8326,1998.7359500000002,11.964249995453967,45.657561,10.347745875154256
RBLX,Roblox Corporation,35.75,USD,-3.3783783783783785,4978356,0.2800921012901747,25538939638.567566,USD,Technology services,Buy,44.47427758976526,46.99475523493521,51.484252553614354,0.4777965148960138,-35.12974051896207,-56.10804174340086,38.73799999999999,48.813499999999976,48.36179999999999,68.39625000000004,nan,-0.43056,0.7500350483667568
MTRJF,MTR Corporation Ltd.,4.1,USD,6.548856548856544,371,0.3463728876855569,25521775052.00495,USD,Transportation,Buy,4.0807506440781385,3.9278556555180795,3.794547289716817,-8.297919928427655,-9.890109890109894,-7.029478458049898,4.2396,3.730179999999996,3.5229359999999987,4.755759200000001,13.536580667911265,0.17845799999999998,-7.152816605925228
FCNCB,"First Citizens BancShares, Inc.",1862.4125,USD,-0.935505319148941,87,1.0406698564593302,25477439118.279427,USD,Finance,Buy,1839.7518490331595,1810.2673800789228,1775.7544992695732,-0.935505319148941,-0.1727513308723157,3.7555710306406636,1868.4804999999978,1853.628795000002,1806.6375057999985,1698.2944604499994,9.960692858235433,45.465594,10.347745875154256
FQVLF,First Quantum Minerals Ltd.,30.53,USD,2.1582733812949626,20543,0.12313762066204079,25468312067.01306,USD,Non-energy minerals,Strong buy,28.19824342087534,27.878300269566452,27.344126215544566,8.262411347517737,1.800600200066698,11.500268433335407,28.754999999999985,27.560924999999987,28.514321999999996,26.08030850000001,nan,0.154745,-138.81666111138247
EQR,Equity Residential,67.87,USD,0.2659181563007931,634775,0.1931602981407254,25447477139.88802,USD,Finance,Buy,67.50678921773927,66.89113472681552,65.98627810133999,2.491694352159477,-2.7789714940552894,8.905648267008994,67.34000000000003,68.244,67.54039999999999,63.33025000000006,29.7871406627167,0.382443,-12.81472411418075
SIGGF,Sigma Healthcare Limited,2.2125,USD,2.9117633378296555,245,0.09651368918652747,25407326098.952015,USD,Health technology,Strong buy,2.1515938075634877,2.077968244128715,1.9433130944367745,0,9.25925925925926,2.906976744186047,2.1300799999999995,2.0361453500000004,nan,nan,nan,0.02101519662,nan
LH,Labcorp Holdings Inc.,313.845,USD,0.4818467055132396,121455,0.12826700405114838,25390060680.867332,USD,Health services,Strong buy,291.62785588604544,284.0504089677749,278.09202862714875,1.23052607812149,9.338419732441475,24.883609884206766,311.66700000000003,292.75525,277.3029,268.69795000000005,25.958842358624,4.649152,33.31532286520819
SW,Smurfit WestRock plc,48.51,USD,-0.020610057708172126,1358364,0.23061953801628002,25365353398.349133,USD,Process industries,Strong buy,45.8759150298688,44.81870352452373,43.84507295601813,3.7425149700598808,5.986454009176305,24.89701338825951,47.48000000000003,45.77349999999999,44.32379999999995,41.350400000000135,51.58443215652913,0.666133,42.24776887006504
BDRBF,Bombardier Inc.,255.375,USD,-1.0322103097018465,1400,0.04733103665112627,25298128970.470768,USD,Electronic technology,Buy,239.6947669900603,230.80143672190582,218.93195902427274,9.274711168164318,15.811074327694893,48.83727707191979,247.22469999999993,245.81052499999996,233.34430000000003,190.32683899999992,27.524742358711176,1.616117,102.97175247560904
FSLR,"First Solar, Inc.",235.19,USD,-3.4642695891310584,700046,0.2869113652140861,25275819851.50281,USD,Electronic technology,Strong buy,226.455850980474,228.83856714416297,229.14729328856865,7.890270195880539,2.390074009577714,-11.536146844203722,225.71800000000002,215.54449999999997,244.5102,234.25532499999994,14.498748566708176,4.648225,38.72032564821782
SN,"SharkNinja, Inc.",178.16,USD,5.927819727688923,2099929,1.2612079381189625,25213269571.194008,USD,Consumer durables,Strong buy,154.1786220589911,145.68486363227532,136.99976102928565,8.687164470473407,16.28483780432086,58.872837524522915,166.40399999999994,155.31949999999992,142.56919999999994,118.00985000000017,35.91356232865667,1.719598,57.1066632885736
CTSH,Cognizant Technology Solutions Corporation,55.77,USD,-0.6413682522715115,1780737,0.17231690412672265,25121274284.92518,USD,Technology services,Buy,49.74428017772685,50.42576314007331,53.210135317548904,-0.8568584228116322,34.32080924855491,-32.799132425593434,55.26300000000002,47.761250000000146,47.78740000000012,63.892149999999944,11.968581668347749,1.462372,-5.379117085651624
NRG,"NRG Energy, Inc.",118.955,USD,1.6361927546138004,2846982,0.7607585893314196,25097895194.50658,USD,Utilities,Strong buy,133.00086526179922,136.1249740661686,140.21193451460815,-11.640682999257605,-14.232182748432667,-26.339893551182087,128.545,133.78475000000003,134.9327,152.4518750000001,138.8363678804855,3.045229,-86.50623661332997
ROIV,Roivant Sciences Ltd.,34.735,USD,0.41919629950851695,1805015,0.3997342509058999,25092781204.713207,USD,Health technology,Strong buy,33.82039921330366,32.750869136042,31.082837622216466,4.544770504138444,-0.7854898600399846,59.995393827729146,34.21500000000001,34.60325,32.75499999999999,26.68354999999998,nan,-0.299623,-102.5744167337088
KEY,KeyCorp,23.16,USD,0.25974025974025416,2580999,0.2820037012098717,24998178401.21039,USD,Finance,Buy,22.822485273581087,22.550517936581038,22.117466797327424,2.659574468085113,0.8271658685241675,12.263693650024242,22.854000000000028,23.016500000000015,22.629399999999972,20.901099999999992,13.470598499389286,0.458828,nan
AIBRF,AIB Group PLC,11.994,USD,0.45226130653266566,1745,0.8718896772259418,24988437155.430305,USD,Finance,Buy,11.668550496212939,11.54491119250113,11.315163791244563,0.6630297943768412,6.803205699020475,10.238970588235283,11.824099999999996,11.747944999999994,11.604975999999986,10.395763500000001,10.831348182188758,0.5534064,5.101311030685815
PHM,"PulteGroup, Inc.",133.13,USD,1.101154313487233,287382,0.16147475579627577,24955555950.377808,USD,Consumer durables,Buy,128.16243498374882,126.82799005333403,125.75380970500053,3.0737070300402594,-0.5899044205495759,12.393414943013925,129.86200000000002,127.59200000000001,126.07620000000003,124.29589999999999,13.599125602680395,2.666644,-26.81384239288892
KEY/PI,"KeyCorp Depositary Shares Each Representing a 1/40th Ownership Interest in a Share of Fixed-to-Floating Rate Perpetual Non-Cumulative Preferred Stock, Series E",25.265,USD,-0.17779533781113455,6307,0.10602049135547206,24933416281.0,USD,Finance,,25.184643882599712,25.152365052785772,25.121117700577166,0.13872374157748768,1.019592163134742,1.8339379282547434,25.27197999999995,25.1743856,25.108356239999967,25.041634059999975,14.69493398476124,0.458828,nan
KEY/PJ,"KeyCorp Depositary Shares each representing a 1/40th ownership interest in a share of Fixed Rate Perpetual Non-Cumulative Preferred Stock, Series F",21.39,USD,-0.4653327128897063,13361,0.2372425108180525,24933416281.0,USD,Finance,,21.178643823230708,21.14496846128966,21.20310585778283,-1.1095700416088694,2.540747842761271,0.42253521126760496,21.50399999999997,21.234750000000002,20.879119999999958,21.463022000000024,12.44110975396964,0.458828,nan
KEY/PL,"KeyCorp Depositary Shares each representing a 1/40th ownership interest in a share of Fixed Rate Perpetual Non-Cumulative Preferred Stock, Series H",25.26,USD,-0.1581027667984156,9610,0.14740733355319166,24933416281.0,USD,Finance,,25.134650598392387,25.082420830504212,25.04830570947135,-0.23696682464454472,0.6374501992031878,-0.551181102362193,25.33599999999999,25.15350000000002,25.037422000000003,25.055416499999975,14.692025824463444,0.458828,nan
KEY/PK,"KeyCorp Depositary Shares, each representing a 1/40th ownership interest in a share of Fixed Rate Perpetual Non-Cumulative Preferred Stock, Series G",21.36,USD,-0.6049325267566263,14262,0.2869790933054309,24933416281.0,USD,Finance,,21.086710385931557,21.054724058246702,21.129393271556133,-1.5214384508990402,3.288201160541585,0.23463162834350404,21.504000000000055,21.157500000000002,20.75885400000001,21.4381575,12.423660792182865,0.458828,nan
HNSPF,Hansoh Pharmaceutical Group Co Ltd.,4.11,USD,7.4509803921568665,300,0.180766449746927,24923655795.802555,USD,Health technology,Strong buy,4.443889708605348,4.403176608110667,4.060101159107248,0,7.4509803921568665,-15.257731958762873,4.516799999999999,4.655849999999999,nan,nan,31.80041262544161,0.07211820000000001,26.099171831378378
CLPHF,CLP Holdings Ltd.,9.865,USD,-1.12753695815584,267,0.31537916371367825,24923434079.74493,USD,Utilities,Buy,9.592038151180759,9.467199180932433,9.272766478281797,0,9.277208529493219,11.595022624434392,9.489500000000001,9.548715000000003,8.807336,8.114087000000005,18.5341344949225,nan,-11.001029259659415
BABWF,International Consolidated Airlines Group SA,5.6486,USD,4.217712177121774,2700,0.4090847108377146,24842681591.227722,USD,Transportation,Strong buy,5.685961084244395,5.608310293216095,5.500207869550093,-5.856666666666666,-15.026701767581796,0.795860099928622,5.9053200000000015,5.474380000000001,5.327882,3.449702,7.62498806022388,nan,4.782113517550395
BTGOF,BT Group Plc,2.55,USD,-2.857142857142864,6671,0.25829058174426484,24839018003.412464,USD,Communications,Buy,2.611398441335563,2.655685501758391,2.6825267455893735,-6.542056074766359,6.2499999999999964,8.695652173913032,2.657000000000001,2.5839249999999994,2.7141019999999982,2.6228752499999985,17.79423996963116,nan,4.877097380209562
DLTR,"Dollar Tree, Inc.",128.53,USD,-1.6678142452758065,404328,0.19145512056788772,24700201457.965267,USD,Retail trade,Buy,122.50909604218323,119.26008401444534,116.59243703626727,-0.7413699899606209,1.6449189402926043,4.751426242868784,128.874,125.80900000000001,118.64979999999996,113.99212500000002,20.085323165395675,1.11097,nan
WST,"West Pharmaceutical Services, Inc.",350.69,USD,0.5533891501318978,146419,0.15300163525402447,24680076996.276234,USD,Health technology,Strong buy,341.62532493499384,332.749124970492,319.1135077009251,2.0278133364366258,-3.8863156740757,27.407811080835604,345.588,349.785,340.3714000000002,286.1719499999999,44.83150951114747,2.189811,17.17546960663891
TROW,"T. Rowe Price Group, Inc.",115.55,USD,-0.20727178512825725,665418,0.303943470784327,24648645700.592884,USD,Finance,Buy,113.50789318061739,111.09898164092046,108.21600976085632,3.400447427293062,-2.497679520715558,12.764711622914021,115.176,116.86600000000014,112.07399999999987,102.66875,11.58988555552212,2.66151,11.482723918148286
INCY,Incyte Corporation,121.28,USD,0.5638474295190771,766639,0.3428698418513922,24583183282.913433,USD,Health technology,Buy,115.34726044120184,111.67523717576277,107.78392759320037,0.8817168524372004,4.2193005070035206,23.440203562340965,120.56400000000001,118.76199999999992,110.5065999999999,101.75235000000002,15.456769983686787,-2.776596,78.375920705647
HRNNF,Hydro One Ltd,40.95,USD,-0.36496350364963154,103,0.002572318358111669,24561064488.2287,USD,Utilities,Buy,41.46853274181847,41.46420596625481,41.315728359467855,-0.7994186046511587,-0.5826656955571616,2.8377699648417947,41.440000000000005,41.41918,41.613571999999955,39.72519700000002,24.93343867848172,0.402190976,16.242273971710603
VRSK,"Verisk Analytics, Inc.",188.665,USD,-2.1447095435684744,298089,0.16491632773939668,24555886113.152924,USD,Technology services,Buy,190.1479057045836,188.33260637073374,189.69007556714294,-4.201787346399922,1.3510609723341318,-14.992790844372355,193.9549999999996,196.82249999999945,186.67400000000032,198.4896249999998,28.989704978488014,1.927628,0.3778823166499536
HLAGF,Hapag-Lloyd Aktien,138.9012,USD,-2.381615011596039,5,0.053022269353128315,24413313818.87477,USD,Transportation,Neutral,139.61016796271414,138.90627794227072,139.1835286883324,0,7.176851851851848,-5.935047661872947,143.44423999999995,135.8507750000001,140.159732,146.6569405,85.28821400404017,1.02994282774,-89.55509290597855
PFG,Principal Financial Group Inc,114.01,USD,-1.0759219088937049,290068,0.1644201650901619,24410070550.482433,USD,Finance,Buy,111.06252599487439,108.59447189303776,104.99829450748035,-0.10514325768859227,2.7117117117117164,29.102026950515235,114.40799999999999,112.38300000000004,109.58010000000002,95.464525,16.181041456733706,2.512652,41.87994603411126
TSEM,Tower Semiconductor Ltd.,218.42,USD,-8.813092305765464,1704807,0.7432634721727929,24409881321.92602,USD,Electronic technology,Strong buy,229.86542683185772,228.36649832551268,216.54230337285657,6.5255559890753005,-1.6834713719841596,81.27645447755,224.62000000000003,230.85500000000016,247.26399999999998,170.3280999999999,101.44914073385972,1.05378,19.213732004429676
CCHBF,COCA COLA HBC LTD,66.85,USD,-4.075190127708428,9830,6.695729173762006,24364455596.913593,USD,Consumer non-durables,Buy,64.89655689849774,62.48334289061416,59.16692281023456,-0.20898641588296846,2.8461538461538374,17.83888595099594,67.18599999999999,64.01255499999999,54.88985199999998,34.624701965000014,22.37316247559936,1.66406191569,25.289173918516088
CHD,"Church & Dwight Company, Inc.",102.605,USD,-0.38349514563106407,597762,0.3013030547357992,24338306487.238304,USD,Consumer non-durables,Buy,98.76081630816118,97.9765631043685,97.07506921884551,2.104687033535684,4.6242479861323655,22.850814176245223,100.41799999999995,98.20049999999999,97.4382000000002,93.2669499999998,33.01425399787638,0.899166,46.592141880099994
CCOZF,"China Coal Energy Co., Ltd.",1.36,USD,10.65907241659886,1000,0.6472491909385113,24266347838.6552,USD,Energy minerals,Strong buy,1.4830501674494134,1.4595279675013295,1.3991070404935901,10.65907241659886,-4.895104895104884,1.492537313432837,1.4258000000000002,1.4098250000000003,1.2396489999999998,0.8774680750000005,8.929616343761236,0.11480040000000001,-20.276638937082826
SGGKF,Singapore Technologies Engineering Ltd.,7.75,USD,-1.2738853503184668,22,0.0008021088169988733,24150769643.00682,USD,Electronic technology,Buy,8.243938708850893,8.283919334861142,8.14918968731955,0,-6.504849683926063,17.42424242424243,8.236799999999999,8.530777499999992,7.826462999999999,4.677956885,67.78853336402915,nan,-30.11936284397501
AER,AerCap Holdings N.V.,156.155,USD,0.6931906112973875,323371,0.26700964326492405,24115027705.105396,USD,Finance,Strong buy,149.6531466134093,147.57154370373104,145.28819537037546,2.8214920655824036,5.389080110683683,7.611467162841972,153.73100000000005,150.60375000000005,145.77950000000007,141.43477499999992,7.679993311267073,4.145442,26.695329781599515
KUASF,KUAISHOU TECHNOLOGY,5.514,USD,5.965101083865026,6632,3.7077206910046403,24076332565.592003,USD,Commercial services,Strong buy,5.7841580412403,6.15934540259697,6.679676812808374,0,-10.048939641109293,-49.872727272727275,5.539859999999996,5.944784999999994,7.677333999999999,7.570137999999998,9.89198687655181,0.12497289288,15.296017861302852
EMSHF,Ems Chemie Holding AG,1025.0,USD,16.75403285515438,21,1.7355371900826446,23973752308.39416,USD,Process industries,Buy,867.4230665514675,832.6705718107191,805.3529306339906,1.0997682102875157,16.75403285515438,32.71443091404636,888.326224,770.1165559999995,750.35853862,nan,40.740477131084376,nan,15.982004218414595
LUV,Southwest Airlines Company,48.96,USD,0.5338809034907557,1193753,0.20369436056665916,23951633402.631622,USD,Transportation,Buy,46.87242234732743,46.03807205501197,44.858091468460024,5.064377682403432,-3.9999999999999982,17.947482534329083,47.05999999999999,47.28699999999996,46.716600000000014,41.996849999999995,29.701528755156513,0.657783,147.8796992481203
TW,Tradeweb Markets Inc.,102.215,USD,1.7267117834394898,508431,0.24303770965743524,23921199433.31429,USD,Finance,Buy,101.087845751339,102.62578636229314,105.04529214345831,1.3937109413748647,-0.2683188603766138,-4.739049394221802,100.39899999999976,100.40275000000017,99.86029999999994,109.02435000000001,24.401394160758194,0.980238,61.45307380998266
DRI,"Darden Restaurants, Inc.",208.83,USD,2.082416776653478,186104,0.1516004006856655,23822903831.877403,USD,Consumer services,Buy,204.04495860631678,203.61426449181576,202.76599786228695,1.4082455203224424,2.3174914257716894,13.162458003684849,206.03799999999987,201.0239999999994,203.6683999999999,196.99045000000024,20.10126192378404,2.053761,17.071219292314616
FWONA,Liberty Media Corporation - Series A Liberty Formula One,87.9,USD,-0.7004066877541689,66148,0.43752467971762105,23794897717.316994,USD,Technology services,Strong buy,88.14433561511926,86.90088527926054,85.74096024253382,-2.9694226735842784,-3.4384268922333248,-1.666853115561019,89.48600000000002,90.51999999999995,86.72059999999993,84.2121249999999,28.230986639260024,0.240563,nan
BRO,"Brown & Brown, Inc.",71.05,USD,-0.16861036953773295,539387,0.1914589366411117,23774064866.84558,USD,Finance,Buy,67.64922373812207,66.46881543420153,66.86020399542295,-0.4901960784313844,3.180365959918672,-10.931427855083363,71.05400000000002,69.336,64.19959999999998,70.60010000000005,22.467113584619277,1.08515,-8.806736259299848
GPN,Global Payments Inc.,86.9,USD,-1.5297450424929113,1622369,0.5371843360888617,23770929067.811897,USD,Finance,Buy,79.33834330378464,76.92354694073097,75.44192253334626,1.3411078717201232,10.870119928553216,11.984536082474243,86.45199999999996,81.59650000000006,74.65039999999983,74.49322500000015,23.1504915150385,3.645786,-39.404652364117716
FWONB,Liberty Media Corporation,90.0,USD,9.75609756097561,100,0.3875968992248062,23751608898.568283,USD,Technology services,,83.38512333678268,83.34949741517228,83.31362235657308,0,9.75609756097561,0.11123470522802481,83.68199999999999,82.914,84.08140000000002,54.59840000000003,28.905447070914697,nan,nan
SOFI,"SoFi Technologies, Inc.",18.505,USD,-1.042780748663103,28761448,0.3516028001821592,23737127076.663902,USD,Finance,Buy,17.43636087014793,17.499658724458936,17.979814478296355,12.015738498789343,0.8446866485013491,-30.58889722430608,17.602999999999984,17.41324999999999,17.3563,21.174650000000007,39.02361872627583,0.170728,-4.356595401371522
SZKMF,Suzuki Motor Co.,12.09,USD,-6.279069767441864,570,0.03823989158655298,23685368170.163635,USD,Consumer durables,Strong buy,12.251283773512672,12.217256414952557,12.34941042051114,0,-4.87879717704818,-19.238476953907817,12.388000000000002,12.013620000000001,11.671518,13.764037,8.432063351830266,0.28621240470799997,-0.25628895570742316
FICO,Fair Isaac Corporation,1095.815,USD,4.663368322524574,123029,0.26718269272741607,23667012472.202312,USD,Commercial services,Buy,1172.8100147867403,1180.466839626037,1209.1446486385635,-1.4200251889168636,-13.65824639919317,-35.19837022406462,1090.1550000000002,1216.0022499999986,1207.766300000001,1367.1784749999997,31.662443331705642,11.021216,35.366545286716125
FWONK,Liberty Media Corporation - Series C Liberty Formula One,95.16,USD,-1.317017525666297,430672,0.24036645235062923,23647140900.495277,USD,Technology services,Strong buy,95.81924785365183,94.46719982893146,93.26364248777121,-3.430079155672833,-3.39086294416244,-2.8781383955909443,97.49200000000022,98.54874999999984,94.20119999999991,91.83000000000001,30.562692702980474,0.241082,nan
EXPD,"Expeditors International of Washington, Inc.",180.39,USD,-0.6006171478950868,433699,0.3587477070534081,23593412773.269226,USD,Transportation,Buy,171.55725142529232,167.6014087335381,162.73925834051627,6.638685268384956,7.44535112275895,20.95346654150463,173.4719999999999,175.19749999999985,167.58379999999985,152.35674999999983,29.143106400853014,2.079137,2.7676777739037974
L,Loews Corporation,115.29,USD,-0.594930160372476,204978,0.2880914660678968,23568472418.729176,USD,Finance,,114.26448166648181,112.83446366719377,111.13469934841528,-0.748966942148752,-1.1234991423670566,9.800000000000006,115.9799999999999,115.80800000000026,111.91059999999995,107.6749999999999,14.121754042136208,nan,29.801577206817598
LUNMF,Lundin Mining Corp.,27.54,USD,3.0303030303030254,46778,0.3266195871206673,23563509559.11883,USD,Non-energy minerals,Buy,25.658975152378215,25.724008991144228,25.445300272693327,13.567010309278347,12.408163265306118,25.466970387243737,25.859500000000008,25.06192500000001,26.025125999999997,24.095917979999985,16.42053289544673,0.344277,nan
NNGPF,NN Group NV,93.52,USD,-1.1259713485224907,293,0.05997584590506212,23553870740.489655,USD,Finance,Buy,90.2263348209908,88.46859981592326,85.95772607405674,0,6.849471579548689,21.5729606759831,92.35549999999998,88.7856,84.16652000000008,63.360284,19.09281952653783,4.2142014,-15.193361973678785
VLTO,Veralto Corp,96.58,USD,0.13478486262311606,689855,0.3793960065951786,23545561019.526176,USD,Producer manufacturing,Strong buy,92.42310618916919,91.28948473207348,91.1812643724205,1.6952721912182789,4.978260869565216,-2.660753880266076,95.34600000000005,93.74699999999993,89.09199999999989,93.72120000000002,24.34339869940011,1.083442,11.103643339214205
XPO,"XPO, Inc.",200.88,USD,-1.1854985488710692,206096,0.18324311035654908,23520329629.863544,USD,Transportation,Strong buy,206.67386286019948,206.44183901903108,202.23701487064864,0.49527239981990556,-3.6500551585207988,48.21810669224525,200.2820000000001,207.71650000000005,210.05640000000002,181.91719999999978,59.06845448129852,1.583101,17.642175176421745
NXGPF,Next Group Plc,205.38,USD,0.1804790010243425,3,0.07281553398058252,23444549781.871845,USD,Consumer non-durables,Buy,193.7363834041715,185.17655894587156,171.5684478891553,0,7.811023622047242,13.444542642509946,201.86999999999998,184.56761999999998,134.26643169999997,85.99963596000002,20.141345999727445,4.893105200000001,35.93200034787722
FTAI,FTAI Aviation Ltd.,227.395,USD,2.448639394485494,567485,0.2808995299028297,23355079956.450417,USD,Electronic technology,Strong buy,227.3932173781726,232.9105780862436,235.04463816619588,7.6426035502958625,-7.532937540663622,14.828561329091556,215.60099999999997,213.18324999999996,236.7610999999998,230.344475,49.53276117452296,1.655714,13.859126984126977
HKHHF,Heineken Holding N.V.,83.92,USD,-0.0952380952380932,1805,0.46936758893280633,23295086635.66519,USD,Consumer non-durables,Buy,78.64809420316043,76.81241633663507,75.43683713559213,0,13.635748138117817,16.620344635908854,81.97800000000004,74.91832500000011,73.56734200000002,72.92552399999994,20.27268356178474,nan,117.6058656331241
AONNF,Aeon Co. Ltd.,8.39,USD,-13.93989127089958,2043,0.22708831212138053,23262243864.747078,USD,Retail trade,Buy,11.751361579855134,11.752366560593748,11.135750580652065,0,-13.93989127089958,-42.297111416781284,10.873800000000001,11.312127001,9.206869385200001,nan,39.468190027280954,0.02566485,360.6824789427686
MTUAF,MTU Aero Engines AG,431.32,USD,-0.19229389727202234,35,0.1417004048582996,23235174154.568676,USD,Electronic technology,Buy,404.35184039260326,397.72694137482455,395.50113758548446,0.2810902301963919,-0.7889591719378969,-1.7794112958686918,422.1894000000004,402.67160000000035,390.2965759999996,403.28536650000024,22.057752323093865,nan,7.363422603439202
MKL,Markel Group Inc.,1874.26,USD,-0.7093476015151167,18973,0.26419308527896024,23222003697.121246,USD,Finance,Buy,1912.9140946064053,1911.2414295320762,1918.178551905303,-0.42925295111403505,-5.638263058527376,-12.553829788226729,1881.9000000000008,1949.0935000000002,1900.5249999999996,1974.2045500000008,10.340607903674655,27.57658,8.703805992214209
BURL,"Burlington Stores, Inc.",368.72,USD,0.24468490022294442,209164,0.35100266938835645,23208051150.729595,USD,Retail trade,Strong buy,347.0592038899986,339.06439704869723,330.3088534209249,-1.181893709967027,18.149192514739827,28.36652276841666,369.08799999999985,352.63450000000023,335.5492,307.43535,37.86714866696792,2.171872,19.51444036674727
FFIV,"F5, Inc.",410.375,USD,-0.4548211036992117,206619,0.2285360405026844,23153048353.487873,USD,Technology services,Buy,400.4172225693175,388.5763777148544,369.6135974098519,1.6282813273897938,0.8292383292383292,60.40925614665988,404.05900000000014,408.3560000000003,402.4006000000001,312.28122500000006,32.68566012488849,4.255333,10.710191700615479
ALPMF,"Astellas Pharma, Inc.",12.85,USD,-6.6879674678672645,207,0.10607225211375865,23139742596.43751,USD,Health technology,Buy,13.795980354120035,14.118494137221973,14.320904322902607,-6.6879674678672645,-6.545454545454548,-2.4667931688804634,14.214200000000002,13.782799999999998,13.990507000000003,12.841755749999997,12.577256010374175,0.385001602361,445.72180091815505
ICHGF,InterContinental Hotels Group Plc,156.41,USD,3.7201591511936236,234,0.33722438391699094,23107749793.289284,USD,Consumer services,Buy,158.57515239523156,155.41467355545007,150.274743923603,0,-9.589595375722546,11.701481878236022,162.35200000000003,155.50342500000008,143.19445000000007,107.32810758999996,32.14872975417249,2.651,26.276993355481725
ULTA,"Ulta Beauty, Inc.",537.4487,USD,-1.1788511749347226,165704,0.316799609678654,23104548805.41505,USD,Retail trade,Strong buy,498.2859320136587,501.15577108497143,512.7471391736133,3.4928462767903734,18.65257417873544,-11.329654193888995,529.05574,492.31218499999966,481.1554739999999,554.7553685,20.14342362196461,6.169707,4.198218393273475
FOX,Fox Corporation,52.0,USD,-1.5524422567209395,381508,0.34994784831532766,23064159484.589172,USD,Consumer services,Buy,51.5280359850302,52.30784668333978,53.343645064782265,-0.668576886341932,3.896103896103902,-19.938414164742113,52.34400000000007,50.957000000000036,52.09729999999996,56.62575000000001,13.724299928739212,1.437024,-5.790939380376943
FOXA,Fox Corporation,58.16,USD,-1.5572105619499015,2370105,0.6702650291507123,23063042372.547054,USD,Consumer services,Buy,57.516237416761236,58.31926882197508,59.40117816345533,-1.8396624472573897,2.810677037298915,-20.470395186653906,58.61,56.8654999999999,57.99099999999998,63.00339999999996,15.350101612605242,1.437892,-5.790939380376943
TRATF,Traton SE,46.07,USD,13.78118053840454,600,1.324795760653566,23035000343.890114,USD,Consumer durables,Buy,40.77148577500672,39.816091344724995,38.81269213623426,0,17.7959601125032,27.247617732357416,41.05199999999999,38.18012999999999,37.41999800000001,32.379054499999995,11.408197602443089,1.35145878135,-21.336666297587726
SGSOF,SGS SA,115.47,USD,1.0589882723612758,25,0.02227965421976651,22958819477.1123,USD,Commercial services,Buy,114.82446080072555,114.35718888874031,113.90542926233958,0,0.40869565217391207,2.6947705442902894,116.23200000000001,112.86753000000003,111.28979399999997,105.23426400000002,27.503686588481422,2.9442850902,0.7459516833855351
PKG,Packaging Corporation of America,257.12,USD,0.6419289181149267,164579,0.2019867675649352,22909044009.39596,USD,Process industries,Buy,241.99149232789458,236.44763384403737,230.92964974963726,2.8726894454669147,8.654496281271138,24.84583636805051,251.6319999999997,239.30849999999995,232.8911999999999,218.1512000000001,33.422591966723,2.93246,-23.22431911857167
RL,Ralph Lauren Corporation,383.97,USD,1.6008679085520776,427425,0.8188405061341437,22859681947.135162,USD,Consumer non-durables,Strong buy,384.08003454829066,381.6383813838035,375.8639666027778,-2.048469387755095,-4.399462204959655,8.160563380281697,381.6619999999999,380.0895000000004,386.2275999999998,361.4658000000003,25.410975222363408,4.32248,30.138661613986734
RAIFF,Raiffeisen Bank International AG,69.5,USD,8.848864526233358,100,0.142673705236125,22821416168.037308,USD,Finance,Buy,58.0000221126907,52.35034220025713,45.56591628507217,0,11.2,61.816065192083805,62.84000000000001,48.877,31.266118000000027,31.28126697000001,8.480580050316581,2.50657012491,nan
FTAIM,FTAI Aviation Ltd. - 9.500% Fixed-Rate Reset Series D Cumulative Perpetual Redeemable Preferred Shares,27.59,USD,0.14519056261342703,252,0.1003264591129867,22796866893.0,USD,Electronic technology,,27.365517964432403,27.274475267417646,27.19034170905986,0.3272727272727267,1.0622710622710592,1.620626151012896,27.494120000000017,27.445445000000017,27.181935999999936,27.02144850000003,6.009845778513549,1.655714,13.859126984126977
YZCHF,YANKUANG ENERGY GROUP CO LTD.,1.475,USD,-4.220779220779217,1443,1.0174152153987168,22732556391.55441,USD,Energy minerals,Strong buy,1.6358611813131754,1.5831215682241189,1.5361093295201782,0,-17.71269177126917,21.900826446281005,1.7089999999999992,1.57188,1.4691140000000003,1.5915870599999993,12.535123841924525,0.0927234,-48.97132005195612
MRNA,"Moderna, Inc.",56.93,USD,-0.10528162835585589,2283340,0.4817775929257645,22728498769.07282,USD,Health technology,Buy,58.75642632147797,57.652080941092805,54.92354090337988,3.650432407828862,-27.52387014640356,90.84813945692257,56.35999999999999,60.42825000000001,58.9412,45.2961,nan,-1.16067,-6.204860141255336
CLEGF,Coles Group Ltd.,16.85,USD,8.220937700706495,535,1.2098597919493441,22631968825.46445,USD,Retail trade,Buy,15.859234019971138,15.380522636772723,14.684761834128826,0,-1.6919486581096799,2.932193036041542,16.083000000000002,15.015352799999999,12.307691120000005,11.83592028,33.398893941614084,0.29369183481,-1.1789317868179685
CMS/PC,"CMS Energy Corporation Depositary Shares, each representing a 1/1,000th interest in a share of 4.200% Cumulative Redeemable Perpetual Preferred Stock, Series C",16.56,USD,-0.3610108303249234,7326,0.3188058922082726,22492887721.0,USD,Utilities,,16.687572036462907,16.79458318524131,16.949432020660883,0.12091898428052948,-2.300884955752216,-5.154639175257744,16.546999999999997,16.571585000000006,16.792744000000035,17.434942949999975,4.976260592583689,1.113982,-1.7942513132267004
