Symbol,Description,Price,Price - Currency,Price Change % 1 day,Volume 1 day,Relative Volume 1 day,Market capitalization,Market capitalization - Currency,Sector,Analyst Rating,Exponential Moving Average (8) 1 week,Exponential Moving Average (13) 1 week,Exponential Moving Average (21) 1 week,Change from Open % 1 week,Performance % 1 month,Performance % YTD,SMA 5,SMA 20,SMA 50,SMA 200,PE Ratio TTM,EPS Forecast Next Qtr,EPS Growth YoY TTM
NVDA,NVIDIA Corporation,214.94,USD,1.1006585136406413,84186018,0.5140917758388736,5201548149330.728,USD,Electronic technology,Strong buy,207.98278958421793,201.95733181828243,195.92142293625673,-0.7388935069733048,2.601556160198572,13.22464245265625,215.44799999999995,214.91400000000004,198.74779999999984,187.51675,32.91678152470214,2.071507,110.33338701884364
GOOGL,Alphabet Inc.,389.845,USD,0.2610395288429502,10381144,0.42255387146232803,4701524552547.501,USD,Technology services,Strong buy,370.2787365692866,355.4671228064307,338.2830450288538,1.3874801695664707,11.847654568928423,23.01830230356581,387.6369999999997,391.3577500000001,346.11609999999973,299.03472500000015,29.738502261787616,2.878823,46.187815730487436
GOOG,Alphabet Inc.,385.7201,USD,0.23129693630954398,8508041,0.5267365099733805,4700129838013.228,USD,Technology services,Strong buy,367.2830825467932,353.083431704998,336.58603628589844,1.2402000026247055,11.184163495906832,21.452218268837193,383.64802,387.891505,343.643402,298.80060050000003,29.423842979304453,2.878345,46.187815730487436
AAPL,Apple Inc.,310.3275,USD,-0.16808750201062775,20649031,0.5038569042488835,4557890696776.643,USD,Electronic technology,Strong buy,290.7469309942597,282.4646143068249,274.952023798506,0.24793254942498516,13.950649016835886,13.984132522818678,308.6635000000002,295.39687499999985,273.99955000000006,262.81443749999994,37.54037379785883,1.884595,29.004822172630675
MSFT,Microsoft Corporation,427.565,USD,3.6094215717158944,26210054,0.8461854164315058,3176138730403.0996,USD,Technology services,Strong buy,415.37237993385475,414.6642586282834,421.2434535674824,2.673918785870372,0.7054196010080799,-11.730338470431576,418.78499999999997,415.5002499999997,401.6681000000002,458.85932500000047,25.465303958880533,4.239134,29.74746147782946
AMZN,"Amazon.com, Inc.",272.2701,USD,0.15453375022990282,22235393,0.6450829863052718,2928839310999.8984,USD,Retail trade,Strong buy,258.6142837382095,249.92918449351305,242.11062877799196,1.616070762110926,5.371763613142934,17.692616927466073,268.83802000000026,268.37300499999986,245.4196020000003,231.2660505000001,32.538224362728116,1.813865,36.47513577870922
AVGO,Broadcom Inc.,428.1922,USD,1.501019295500877,9655867,0.555021123856923,2027347823411.6736,USD,Electronic technology,Strong buy,406.7517962269697,391.168647569581,375.1279023981067,2.3159378733572313,6.966488052859696,21.378272269860403,420.1544400000001,421.51910999999956,383.1141439999995,351.6420860000001,83.5268804619226,2.388002,147.2579945015193
TSLA,"Tesla, Inc.",441.9292,USD,0.3563448087927983,22423054,0.5052178106507021,1659763885258.565,USD,Consumer durables,Buy,413.6321551261897,408.43941823294665,406.5360535967059,2.712127550783245,17.950010008674173,-3.4667540410659745,431.94783999999936,418.67796,390.9313839999996,411.65232100000026,403.73579389731407,0.441889,-39.80422349318082
META,"Meta Platforms, Inc.",631.12,USD,-0.6509197094080316,10777141,0.8175119804672947,1602049615693.665,USD,Technology services,Strong buy,622.7798652536047,625.5430413928441,632.2359718864864,3.6509057465223633,-6.395348837209302,-4.768946395563773,619.2709999999997,612.0865000000006,618.1118000000002,667.3380000000003,22.94431154704689,7.178766,7.29342195593833
MU,"Micron Technology, Inc.",939.905,USD,1.238138322508375,36346853,0.6934075104122626,1059962802870.0496,USD,Electronic technology,Strong buy,679.705025851646,598.6770469156385,516.9749511665611,14.552711761121264,86.65945108630892,218.47691656077933,855.4590000000001,729.5912500000001,547.7010999999998,334.604325,44.3742829760213,19.545657,409.11691183540046
LLY,Eli Lilly and Company,1125.1877,USD,3.903123037712839,2847365,1.0205871964733715,1059635876158.2969,USD,Health technology,Strong buy,1012.9015752579385,997.2201155196032,984.761080098707,4.668623255813949,29.05008601903888,4.5324879227053,1075.89954,1007.8643850000001,950.6971539999997,935.1101384999992,40.50205896116051,8.81282,130.14091274344932
BRK.A,Berkshire Hathaway Inc.,716960.14,USD,-0.2837093145520256,74,0.337437300501596,1031736982967.6719,USD,Finance,Buy,719979.2846618877,722413.2659617136,726449.149814586,-1.514897723235766,0.27414685698107816,-4.405314666666665,721497.6299999993,718573.0475000002,716252.2538000006,735889.7876999996,14.228291842260397,7380.20015,-10.480948284775364
BRK.B,Berkshire Hathaway Inc. New,478.23,USD,-0.3521420236706113,1912550,0.4633583046040525,1031028914243.2451,USD,Finance,Buy,479.83347592549336,481.390048676936,484.04517049316723,-1.4974253347064843,0.30201975712577817,-4.537288406259973,481.6259999999999,478.8079999999992,477.30100000000016,490.49755000000073,14.235916792684232,4.922593,-10.480916050876308
WMT,Walmart Inc.,118.23,USD,-0.2615151003880566,11329661,0.4583801752483137,942410240417.893,USD,Retail trade,Strong buy,124.9771872675217,124.83562418111717,122.912684072404,-2.0342213199651975,-8.589763414256996,6.107247027148312,119.38999999999996,128.20100000000002,126.54200000000019,115.00490000000002,41.64934653186318,0.742632,21.780351780351772
AMD,"Advanced Micro Devices, Inc.",517.38,USD,4.407313234047701,23424071,0.756776645519631,843640145699.9694,USD,Electronic technology,Strong buy,402.45921308545303,355.7453855208584,312.8318092555409,6.733506622106693,65.901365997563,136.35449977158518,486.78200000000015,431.98899999999986,321.79940000000005,235.87319999999997,169.8053759558896,1.60043,123.34701656648583
JPM/PD,"J P Morgan Chase & Co Depositary Shares, each representing a 1/400th interest in a share of 5.75% Non-Cumulative Preferred Stock, Series DD",24.07,USD,0.2498958767180288,85181,0.7038594479089803,801924190850.0,USD,Finance,,24.32314553766669,24.45470052398147,24.58398401215665,0.29166666666666785,-3.0608135320177126,-3.5657051282051304,24.02200000000001,24.235999999999937,24.455400000000036,24.893524000000028,1.152921340779982,5.424238,2.4753228521923547
JPM/PC,"J P Morgan Chase & Co Depositary Shares, each representing a 1/400th interest in a share of 6.00% Non-Cumulative Preferred Stock, Series EE",25.29,USD,0.5566600397614337,167166,0.9181559985302122,801924190850.0,USD,Finance,,25.149204370394692,25.15483530129688,25.17420830407124,1.1599999999999966,-0.19731649565903991,0.5166931637519834,25.097999999999978,25.07099999999999,25.120700000000014,25.285810499999954,1.2113577361165662,5.424238,2.4753228521923547
JPM/PJ,"J P Morgan Chase & Co Depositary Shares, each representing a 1/400th interest in a share of JPMorgan Chase & Co. 4.75% Non-Cumulative Preferred Stock, Series GG",19.275,USD,0.2861602497398529,28095,0.33242147659265325,801924190850.0,USD,Finance,,19.581445336029873,19.730073230236275,19.899355275748363,0.02594706798131295,-3.76934598102847,-5.002464268112374,19.21899999999996,19.509050000000038,19.714720000000057,20.39059800000008,0.9232471476333258,5.424238,2.4753228521923547
JPM/PM,"J P Morgan Chase & Co Depositary Shares, each representing a 1/400th interest in a share of 4.20% Non-Cumulative Preferred Stock, Series MM",17.3601,USD,0.11591695501729724,97634,0.504915523331282,801924190850.0,USD,Finance,,17.626239265543038,17.770714292156203,17.933944217351296,0.17368724754761056,-3.501389660922731,-5.342966194111236,17.31202000000003,17.558004999999987,17.718016000000024,18.396049499999986,0.83152595629724,5.424238,2.4753228521923547
JPM/PK,"J P Morgan Chase & Co Depositary Shares, each representing a 1/400th interest in a share of 4.55% Non-Cumulative Preferred Stock, Series JJ",18.47,USD,0.27144408251898566,100146,0.6317976955338982,801924190850.0,USD,Finance,,18.754699829850225,18.89726989417889,19.055784397447578,0.4350190320826443,-3.651538862806483,-5.136106831022086,18.391999999999996,18.684999999999977,18.884999999999962,19.509961999999984,0.8846887064481208,5.424238,2.4753228521923547
JPM/PL,"J P Morgan Chase & Co Depositary Shares, each representing a 1/400th interest in a share of 4.625% Non-Cumulative Preferred Stock, Series LL",18.79,USD,0.2133333333333288,109644,0.6600873060642858,801924190850.0,USD,Finance,,19.055703322095255,19.20086646066522,19.363236259337125,0.4812834224598923,-3.3933161953727513,-4.619289340101524,18.71000000000005,18.969505000000005,19.18890199999995,19.831733499999995,0.9000162855527987,5.424238,2.4753228521923547
JPM,JP Morgan Chase & Co.,296.455,USD,-0.9439321037155803,4270511,0.5448137323580251,794354570965.1055,USD,Finance,Buy,301.86040572737414,302.2317001087188,302.573409787032,-3.9012609809070065,-5.9470177664974635,-8.075968992248068,302.37099999999975,303.95675000000006,302.57689999999985,305.73762500000043,14.199804573366414,5.424238,2.4753228521923547
ASMLF,ASML Holding N.V.,1622.0,USD,1.1107218507625682,346,0.6904809419277589,619579360232.6461,USD,Electronic technology,Strong buy,1530.0308562275723,1478.2971255836173,1404.6853512398227,-1.3981762917933132,15.698470668797071,44.17777777777778,1620.2696000000008,1533.0522749999986,1451.5321500000002,1190.7612075,54.28200755406361,7.989217933980001,24.817063462931433
XOM,Exxon Mobil Corporation,146.99,USD,-0.615280594996617,6154928,0.3762195554745555,609265773430.9408,USD,Energy minerals,Buy,151.52339703993445,150.38713372838552,146.49188548118929,-4.241042345276867,-2.9961063815746005,22.399866766591725,150.98199999999994,152.61500000000012,155.1054000000001,131.73359999999994,24.80383388737956,3.634628,-21.597914957796423
V,Visa Inc.,322.15,USD,-1.6666157931687176,3748907,0.5238428685603719,606970797707.0798,USD,Finance,Strong buy,320.4471029540001,319.5659960998216,321.2672143659951,-1.3187116141581556,3.187059577194103,-7.922942807328444,327.24800000000016,325.70100000000036,314.6636000000003,330.81714999999974,28.32112809782943,3.224008,15.69616648189022
INTC,Intel Corporation,120.425,USD,-1.1045413484437865,68647053,0.5875325105258143,605256033314.3583,USD,Electronic technology,Buy,100.35527707850855,87.58857459402769,74.67570428468954,-1.367787378680537,48.16067913385826,218.83770187979877,120.811,114.13024999999998,81.04750000000001,48.700275000000026,nan,0.209378,85.99601994499474
ORCL,Oracle Corporation,203.58,USD,6.608713866778385,16730102,1.0800672607301656,585505444589.3827,USD,Technology services,Strong buy,184.06013129764483,178.82791799683693,179.66134556169848,5.318158303155717,25.54267390231871,3.0941408821593224,193.8900000000001,188.40500000000014,169.6470000000001,207.15665000000013,36.5513402876277,1.952085,30.860861801607076
JNJ,Johnson & Johnson,230.83,USD,-0.1988845172726791,2731151,0.3792370173073316,555657893448.2756,USD,Health technology,Strong buy,230.851129043947,230.6998961968387,227.20257912842519,-0.9313304721029989,1.3612611425811367,11.609128710956396,231.67400000000052,227.77524999999991,232.75310000000005,211.61297500000055,26.68925168809546,2.848954,-3.8584243933347526
TCTZF,Tencent Holding Ltd.,55.0,USD,-1.345291479820628,6451,0.8497437991490707,496942717627.0719,USD,Technology services,Strong buy,59.581872776553816,61.9863247860088,64.93946954074022,-5.376344086021505,-10.30658838878017,-31.077694235588968,56.14999999999994,58.919622500000024,61.896413000000024,73.80322392500003,15.464174118017107,1.09365696492,20.382521282675853
CSCO,"Cisco Systems, Inc.",118.915,USD,-0.6309016461936956,7885178,0.2684217300176669,468695713789.6176,USD,Electronic technology,Strong buy,104.25442050894192,97.44204585235514,91.10760772307908,-1.3481002156960344,34.291360813099956,55.150368582425486,119.10500000000005,106.42024999999994,92.30219999999994,78.60657500000002,38.76735997913543,1.163165,25.71311475409837
COST,Costco Wholesale Corporation,998.77,USD,-0.49019119449233056,1130037,0.5301296349698462,443106835325.5602,USD,Retail trade,Buy,1012.4634409386858,1004.7905110117165,992.6340688350332,-2.666328827731391,-1.1583661149459452,15.982302529205471,1016.8160000000004,1027.2775000000004,1007.9724000000003,957.6123250000003,51.94270944389259,nan,12.251891462731184
MA,Mastercard Incorporated,489.255,USD,-1.1685924369747949,1977585,0.7021630734978903,432297838613.65137,USD,Finance,Strong buy,497.88745768193553,503.37098900493527,512.3966565771157,-1.3598790322580654,-4.489019033674964,-14.272572760246014,495.09299999999996,496.9952500000003,501.1260999999995,542.250975,28.31500665547775,4.764649,21.205106621773286
CAT,"Caterpillar, Inc.",894.51,USD,-1.6946358511094217,1574527,0.6710972390224524,412044420955.23785,USD,Producer manufacturing,Buy,851.9516974673552,815.2876902494376,764.9706237473857,1.080287021865636,9.843433413151589,54.86937100711577,891.7659999999993,894.2091500000002,811.1126600000002,633.2947649999994,44.50165666696517,6.120328,-2.04958774340682
LRCX,Lam Research Corporation,317.675,USD,-0.39350327658106654,4584015,0.5626734274980116,397275147571.66766,USD,Producer manufacturing,Strong buy,282.6633520029457,266.5842272944503,245.99164193275215,0.9244992295839835,26.07401527929359,78.6196232780433,313.375,290.07975,261.8311000000001,191.80657500000004,59.96017440214417,1.664536,47.59583240472476
ABBV,AbbVie Inc.,218.58,USD,1.4763231197771618,2253055,0.4640948393069134,386185569484.2376,USD,Health technology,Strong buy,211.75237111288283,212.55250766225424,214.0854182073072,1.2319377547239834,10.021643932148804,-4.441724228381567,215.4600000000002,209.7274999999999,208.03819999999993,219.48999999999987,107.80764488286069,3.763958,-13.546819034623924
CVX,Chevron Corporation,182.56,USD,0.08771929824561216,4050366,0.41539094626993406,363586078243.8684,USD,Energy minerals,Strong buy,187.8135870489885,186.912148823077,183.1994611841132,-3.9157894736842094,-3.038028468238793,19.97502710873066,186.42199999999988,188.46900000000014,192.46019999999967,169.6971500000001,31.680694143167027,5.244829,-33.93295269542089
NFLX,"Netflix, Inc.",86.16,USD,-1.3623354321694308,23550066,0.8490178761781032,362802378623.12085,USD,Technology services,Strong buy,89.85490548374914,91.03683026697651,92.89016671935123,-2.5339366515837205,-5.836065573770496,-8.46701370445129,87.81799999999993,88.46899999999991,93.20839999999981,101.38216000000004,27.841147768765953,0.787837,46.23854078064454
BACRP,Bank of America Corp.,181.0,USD,-15.723797550868374,23,1.074766355140187,362635755138.0,USD,Finance,,203.2020605263665,210.12810203767106,214.8774152340004,-15.723797550868374,-5.240563321292075,-26.122448979591837,200.95400000000015,216.3635,219.18280000000007,219.25567499999985,44.9109225348618,1.098352,20.322436184505147
BML/PH,Bank of America Corporation Depositary Shares (Each representing a 1/1200th interest in a Share of Floating Rate Non-Cumulative Pref,19.46,USD,0.3610108303249112,19385,1.1575000149277794,362635755138.0,USD,Finance,,19.341364280754846,19.33459312449325,19.381727437188808,0.6725297465080319,1.248699271592102,4.962243797195263,19.371999999999968,19.363499999999984,19.281846000000005,19.663692000000037,4.828544489107241,1.098352,20.322436184505147
BML/PJ,Bank of America Corporation Depositary Shares (Each representing a 1/1200th interest in a Share of Floating Rate Non-Cumulative Pref,20.15,USD,0,17294,1.0517353572579713,362635755138.0,USD,Finance,,20.069729448553613,20.063222956914796,20.142438077104327,1.613716591023703,1.9736842105263006,1.511335012594444,20.10012000000004,20.21477999999992,19.903384000000045,20.466614499999956,4.999751873356161,1.098352,20.322436184505147
BAC/PK,"Bank of America Corporation Depositary Shares, each representing a 1/1,000th interest in a share of 5.875% Non- Cumulative Preferred Stock, Series HH",24.56,USD,0.28583095140873943,22966,0.4060495477337181,362635755138.0,USD,Finance,,24.71300158409267,24.7527329326456,24.78086297786609,0.04073319755600004,-1.6813450760608555,-0.12200081333876021,24.514000000000014,24.73491134999996,24.745062540000063,24.897598634999937,6.0939903726862195,1.098352,20.322436184505147
BAC/PS,"Bank of America Corporation Depositary shares, each representing 1/1,000th interest in a share of 4.750% Non-Cumulative Preferred Stock, Series SS",19.03,USD,0.4221635883905111,19294,0.3049518721648833,362635755138.0,USD,Finance,,19.14172527119254,19.2615001105908,19.3935270364145,1.0084925690021298,-2.8089887640449294,-3.498985801217027,18.874000000000027,19.043500000000016,19.248212000000027,19.789004499999997,4.721850032256464,1.098352,20.322436184505147
BAC/PQ,"Bank of America Corporation Depositary shares, each representing 1/1,000th interest in a share of 4.250% Non-Cumulative Preferred Stock, Series QQ",17.0,USD,0.35419126328216477,52324,0.19955599135170926,362635755138.0,USD,Finance,,17.05961370179383,17.15436300266421,17.268673928356222,0.8902077151335227,-2.411021814006898,-3.7372593431483585,16.875999999999998,16.95299999999996,17.109600000000018,17.623627855,4.218152945263262,1.098352,20.322436184505147
BAC/PP,"Bank of America Corporation Depositary Shares, each representing a 1/1,000th interest in a share of 4.125% Non-Cumulative Preferred Stock, Series PP",16.69,USD,0.5573128483205371,36878,0.6256712163755588,362635755138.0,USD,Finance,,16.69908576399756,16.777259817568194,16.871441785204954,1.1515151515151594,-0.6547619047619013,-3.3024333719582866,16.547499999999985,16.62725499999999,16.7212,17.157599,4.141233685673168,1.098352,20.322436184505147
BAC/PB,"Bank of America Corporation Depositary Shares, each representing a 1/1,000th interest in a share of 6.000% Non-Cumulative Preferred Stock, Series GG",24.93,USD,0.6053268765133114,46404,0.44608893516021764,362635755138.0,USD,Finance,,24.94364157105408,24.99175086102732,25.03906351130519,1.012965964343598,-1.7343318880567649,-0.7168458781361996,24.74400000000002,24.908249999999946,25.02034599999995,25.208798999999914,6.185797230906655,1.098352,20.322436184505147
BAC/PE,Bank of America Corporation Depositary Sh repstg 1/1000th Perp Pfd Ser E,19.215,USD,-0.0260145681581634,23901,1.3267350915075853,362635755138.0,USD,Finance,,19.307135557610792,19.391301377461485,19.57434147637417,0.07812500000000297,-1.0556127703398652,1.9363395225464106,19.23700000000002,19.30747999999989,19.227622000000075,20.229200499999948,4.767753461366682,1.098352,20.322436184505147
BAC/PL,Bank of America Corporation Non Cumulative Perpetual Conv Pfd Ser L,1199.6,USD,0.13355592654423282,8634,1.00925796044326,362635755138.0,USD,Finance,,1207.4158189057339,1212.9777096425773,1220.0719820851002,0.2046527168692159,-1.9750443302254568,-4.0933802366485486,1198.3479999999977,1208.4787499999989,1208.2676999999976,1243.5454119999938,297.6527219492829,1.098352,20.322436184505147
BAC/PM,"Bank of America Corporation Depositary Shares, each representing a 1/1,000th interest in a share of 5.375% Non-Cumulative Preferred Stock, Series KK",21.92,USD,0.5043558000917148,36512,0.5029824633907785,362635755138.0,USD,Finance,,21.914363219177616,22.004829003030945,22.11304297764099,1.5755329008341215,-0.8593396653098043,-0.5895691609977279,21.696000000000044,21.84800999999995,21.907701999999976,22.46202000000007,5.438936032951219,1.098352,20.322436184505147
BML/PG,"Bank of America Corporation Depositary Shares (Each representing a 1/1200th interest in a share of Floating Rate Non-Cumulative Preferred Stock , Series 1)",19.34,USD,-0.3092783505154574,6374,1.068226382208517,362635755138.0,USD,Finance,,19.28940985838831,19.30123870699004,19.380196927454787,0.20725388601035827,0.6767308693388808,4.484062668827651,19.31099999999996,19.33775000000002,19.249402000000064,19.73872450000012,4.7987692918465585,1.098352,20.322436184505147
BAC/PO,"Bank of America Corporation Depositary shares, each representing 1/1,000th interest in a share of 4.375% Non-Cumulative Preferred Stock, Series NN",17.575,USD,0.5434782608695587,45220,0.5268609364423021,362635755138.0,USD,Finance,,17.55605868663191,17.64899613077288,17.767296355573606,1.4137334102712118,-0.6500847936687506,-3.274628508530558,17.396000000000022,17.473754999999958,17.585154000000028,18.13046931999995,4.360825765470696,1.098352,20.322436184505147
BML/PL,Bank of America Corporation Depositary Shares (Each representing a 1/1200th Interest in a Share of Floating Rate Non-Cumulative Pref,19.65,USD,0,7604,0.6407631182007398,362635755138.0,USD,Finance,,19.628944459321623,19.629634014937235,19.679203330926256,0.05091649694500005,0.5115089514066387,1.6554578375582012,19.653999999999947,19.649224999999966,19.593717999999956,19.901702500000003,4.875688551436653,1.098352,20.322436184505147
BAC/PN,"Bank of America Corporation Depositary shares, each representing 1/1,000th interest in a share of 5.000% Non-Cumulative Preferred Stock, Series LL",20.32,USD,0.5442850074220654,31043,0.35497308800171984,362635755138.0,USD,Finance,,20.414813257392883,20.52174273954698,20.63596125660345,0.9438648782911141,-1.5026660203586948,-2.4483917426788193,20.165,20.3250449999999,20.436117999999976,20.954614719999967,5.041933402808794,1.098352,20.322436184505147
BAC,Bank of America Corporation,50.815,USD,-0.5577299412915924,14526172,0.41152447180506163,360613226953.7665,USD,Finance,Strong buy,51.18996049707601,51.237603192974625,51.30583853507166,-2.6905400229797034,-4.158807996982281,-7.6594584771942635,51.48099999999988,51.52425000000004,51.09769999999997,51.82150000000007,12.608555406679569,1.098352,20.322436184505147
AMAT,"Applied Materials, Inc.",448.16,USD,-0.0200780814277691,3265297,0.4182512763957556,355820849911.95416,USD,Producer manufacturing,Strong buy,417.1135329701738,397.58322089291886,369.96077882158147,0.7694417837018707,16.10362694300519,67.79991013928412,442.1640000000003,425.3615,395.2069999999998,291.23922499999986,42.10842807479094,3.359667,29.538345443701996
UNH,UnitedHealth Group Incorporated,382.7201,USD,-0.3359027108669016,2125664,0.3557121754640389,347565104575.5371,USD,Health services,Strong buy,362.77017680750845,347.82031256285154,337.3779202329759,-0.8497150259067351,7.252578186301993,15.662098248689169,382.9080200000002,382.2010049999998,336.41680199999917,326.0123755000005,28.904605461905625,4.84606,-44.64988148934658
KO,Coca-Cola Company (The),80.375,USD,-1.5253614310218138,6766919,0.5172723248716393,345812036295.50507,USD,Consumer non-durables,Strong buy,79.17405595767278,78.24606099544815,76.96250019553338,-0.57521029193469,1.0752012072434658,15.068002863278462,81.02099999999996,80.00099999999996,77.63659999999993,72.9197500000001,25.306193129939235,0.931987,27.166079436258816
IDCBF,Industrial and Commercial Bank of China Ltd.,0.822,USD,-5.949656750572087,563678,4.891662414390398,342590122122.24554,USD,Finance,Strong buy,0.8580661839824955,0.84839250131944,0.833259992187132,0,-9.462591088123087,2.8657239394318506,0.877383999999999,0.85843535,0.8224142200000008,0.7071772700000003,nan,0.0353952,nan
RHHBF,Roche Holding Ltd,434.725,USD,-0.06321839080459248,13,0.4529616724738676,341328986598.73676,USD,Health technology,Buy,425.8979063853374,424.6901472223221,421.06010118235696,-3.972741931921088,3.629320619785464,2.2882352941176523,431.6970000000003,422.3956550000004,418.31636199999986,389.8832890000001,21.486225685217548,12.783242,78.0470861833516
PG,Procter & Gamble Company (The),146.24,USD,-0.8475150857685265,3772879,0.5115099531396845,340534348151.22815,USD,Consumer non-durables,Buy,145.8583088522872,146.78645811043435,147.92658924990207,1.1971489862293394,-2.5261614343797856,2.187128782055758,144.90599999999992,144.37500000000028,144.51299999999995,149.73209999999995,21.388246994471587,1.424693,8.592211422400094
PLTR,Palantir Technologies Inc.,141.88,USD,7.071164440419595,33290246,1.0668252200566326,340130653472.3372,USD,Technology services,Strong buy,140.36730807858362,142.7822452386588,146.536947839733,4.200940070505287,-0.29515108924807865,-21.74296745725318,137.05700000000002,136.86274999999992,141.68870000000004,161.92894999999996,159.8467778278504,0.341023,287.59825327510913
RHHVF,Roche Holding Ltd,421.0,USD,0,2077,0.5978526812699693,335647302506.37054,USD,Health technology,Buy,415.25919079025874,415.61817652164444,412.73884530683426,4.158935154259137,5.667386175392797,5.084491925217783,420.9308,410.8427499999999,402.76825399999973,390.8522110000002,20.807869373688163,12.783242,78.0470861833516
GE,GE Aerospace,319.8599,USD,0.8353771949181937,2666019,0.5715578708510498,333721749144.5182,USD,Electronic technology,Strong buy,300.5475554646775,300.6735109097199,300.60362556272065,4.409955932756637,12.877121784239678,3.2638902340597196,311.23198,297.14249500000017,294.8741980000001,300.8209495000001,39.42074192753265,1.858843,26.528193612774466
MS,Morgan Stanley,203.61,USD,0.992014285005704,2965876,0.5620624787938567,321150981926.7682,USD,Finance,Buy,191.60580596481432,186.38658329374934,181.06278429012795,0.37466107961548895,6.429355496314887,14.057642214939937,201.70400000000012,194.352,183.0562000000001,170.50535000000008,18.441097354430266,2.754338,29.550841292563295
ACGBF,Agricultural Bank of China,0.74,USD,-1.19830434927734,1000,0.36521675614477195,318617071652.2611,USD,Finance,Strong buy,0.7296199494510072,0.7240104452973685,0.7126885546414135,0,-0.3098477704432128,8.202953648194187,0.7481350000000001,0.7356446499999997,0.7133916599999999,0.4876428299999999,6.275068953467998,0.026546399999999998,4.890422600980622
HD,"Home Depot, Inc. (The)",319.84,USD,0.6260814849771754,2031113,0.37293937213503564,318569508870.88116,USD,Retail trade,Strong buy,321.9302005020707,329.49033275421857,338.9795769302406,1.517171332444605,-4.368365973987148,-6.868939813062351,315.0160000000006,312.89200000000085,324.9634000000007,364.96864999999974,22.70994127963532,4.731549,-4.4544547940001165
MS/PO,"Morgan Stanley Depositary Shares, each representing 1/1,000th of a share of 4.250% Non-Cumulative Preferred Stock, Series O",17.2,USD,0.11641443538998589,62822,0.34635094344823786,317996412093.0,USD,Finance,,17.26888390967697,17.368860652070442,17.483222069307423,0.9389671361502356,-1.2062033314187297,-2.6598754951896004,17.08000000000001,17.197254999999966,17.337504000000013,17.844313500000005,1.5578157973390332,2.754338,29.550841292563295
MS/PQ,"Morgan Stanley Depositary Shares, each representing 1/1,000th of a share of 6.625% Non-Cumulative Preferred Stock, Series Q",25.66,USD,0.03898635477583456,26998,0.48769385008625593,317996412093.0,USD,Finance,,25.625636735835094,25.704305381677372,25.81267040657018,0.07800312012480333,0.43052837573385294,-2.173084254670226,25.595999999999993,25.548749999999977,25.575000000000045,26.08614249999999,2.324043799983697,2.754338,29.550841292563295
MS/PF,Morgan Stanley Dep Shs Rpstg 1/1000th Int Prd Ser F Fxd to Flag,25.305,USD,0.0988924050632855,21540,0.5740295595908774,317996412093.0,USD,Finance,,25.26395896601723,25.267624774973463,25.277612208574514,0.1385041551246543,0.37683458944862697,0.6163021868787322,25.273000000000046,25.258755000000132,25.250041999999997,25.320779500000008,2.2918912064921066,2.754338,29.550841292563295
MS/PE,Morgan Stanley DEPOSITARY SHARES REP 1/1000TH SHARES FIXED/FLTG PREFERRED STOCK SERIES E,25.47,USD,0.03927729772190892,13118,0.2793714886892668,317996412093.0,USD,Finance,,25.41013282999576,25.42000646070527,25.4428922330518,0.15729453401493965,0.47337278106507863,0.6719367588932733,25.435999999999943,25.400544999999973,25.386075999999957,25.53291400000004,2.3068353696642543,2.754338,29.550841292563295
MS/PP,"Morgan Stanley Depositary Shares, each representing 1/1,000th of a share of 6.500% Non-Cumulative Preferred Stock, Series P",25.295,USD,0.3769841269841366,21471,0.315562054952565,317996412093.0,USD,Finance,,25.26002902473651,25.308708183464358,25.380437037199226,0.2179080824088878,-0.019762845849798438,-0.842806742453939,25.21500000000001,25.23312500000001,25.244149999999955,25.576036499999944,2.2909854996331886,2.754338,29.550841292563295
MS/PK,"Morgan Stanley Depositary Shares, each representing 1/1,000th of a share of Fixed-to-Floating Rate Non-Cumulative Preferred Stock, Series K",23.78,USD,0.10524100189434701,39732,0.8074969667038588,317996412093.0,USD,Finance,,23.952009552370264,24.06873341109595,24.187448072467234,0.3799071338117343,-1.9987636513496783,-3.1364562118126256,23.686999999999994,23.964999999999968,23.992379999999958,24.516161500000035,2.1537709105071055,2.754338,29.550841292563295
MS/PA,Morgan Stanley Dep Shs repstg 1/1000 Pfd Ser A,19.785,USD,0.32961460446248114,47950,0.8201656409607312,317996412093.0,USD,Finance,,19.599143009453723,19.61201120763934,19.737520793039295,0.9438775510204016,2.4068322981366452,2.459865354738485,19.675000000000082,19.593749999999996,19.423088000000014,20.31406149999996,1.7919410203693473,2.754338,29.550841292563295
MS/PL,"Morgan Stanley Depositary Shares, each representing 1/1,000th of a share of 4.875% Non-Cumulative Preferred Stock, Series L",20.0,USD,0.45203415369161154,9271,0.2699185382299679,317996412093.0,USD,Finance,,20.20354037907483,20.318690334777635,20.437155682844892,1.163378856853821,-2.4390243902439024,-2.343750000000002,19.854000000000003,20.183000000000018,20.272953399999942,20.803548350000096,1.8114137178360852,2.754338,29.550841292563295
MS/PI,Morgan Stanley Depository Shares Representing 1/1000th Preferred Series 1 Fixed to Floating Non (Cum),25.15,USD,0.11942675159234706,28175,0.3993683813638484,317996412093.0,USD,Finance,,25.087492277594492,25.101092741877263,25.120995604844556,1.7806556050182019,0.07958615200954865,0.4794246903715439,25.105039999999974,25.08537269999996,25.06306507999998,25.194322270000114,2.277852750178877,2.754338,29.550841292563295
BABAF,Alibaba Group Holding Limited,16.4,USD,-1.9373355656541593,5678,0.12068500109462445,314766392884.27997,USD,Retail trade,Strong buy,16.857667346538367,17.189753021711997,17.612942190722272,2.499999999999991,2.180685358255438,-4.9275362318840665,16.584399999999995,17.017300000000002,16.458398000000003,18.838987499999995,21.283526061696477,0.18423859642999998,-17.35061036113446
CTATF,CONTEMPORARY AMPEREX TECHNOLOGY CO LTD,92.98,USD,2.774400353708417,426,0.30027489955593145,303264156348.4834,USD,Producer manufacturing,Strong buy,86.02462561269527,82.9750502446065,78.69883198822177,9.496443544208404,14.183961684882718,41.6946053032612,87.92532000000001,85.00402999999999,81.92677000000003,nan,37.82101928374265,0.71238397349,nan
GS,"Goldman Sachs Group, Inc. (The)",1004.15,USD,0.7707206438728662,1058991,0.5345480211686854,296231687837.51306,USD,Finance,Buy,948.0936132746391,926.9780918898193,903.7787310938254,-0.2364559426942064,6.68373634779652,13.591628959276017,996.008,953.5104999999996,908.2910000000007,852.6773499999998,18.350224957694795,13.687008,26.993564617230493
MRK,"Merck & Company, Inc.",119.68,USD,-0.46573519627410853,3313632,0.4015934778630096,295588586467.35333,USD,Health technology,Strong buy,116.81967839044735,115.9892230266923,113.5907817663615,-2.6200162733930012,7.317073170731717,13.408509428598506,119.58600000000004,114.2230000000001,115.95300000000003,102.89769999999986,33.68231453337837,2.10657,-48.270440251572325
HBCYF,HSBC Holdings Plc,17.182,USD,-7.1243243243243315,320,0.02868437329126292,295248003630.941,USD,Finance,Buy,17.325013369245077,17.129846968341063,16.72604942229279,-4.342500835096321,3.8187311178247607,7.052959501557619,17.9916,17.627824999999994,17.159684000000002,15.373471999999998,14.405868190414353,0.445374,8.839871595954788
GS/PC,"Goldman Sachs Group, Inc. (The) Depositary Share repstg 1/1000th Preferred Series C",19.95,USD,0,4206,0.28677794141711666,293966030951.0,USD,Finance,,19.721951450195057,19.757055616145706,19.8933595978786,0.5544354838709649,3.421461897356144,-0.05010020040080943,19.880999999999982,19.648224999999975,19.59239000000002,20.390865500000046,0.36457400578201576,13.687008,26.993564617230493
GS/PA,"Goldman Sachs Group, Inc. (The) Depositary Shares each representing 1/1000th Interest in a Share of Floating Rate Non-Cumulative Preferred Stock Series A",19.785,USD,0.3041825095056969,27675,0.5526875493025253,293966030951.0,USD,Finance,,19.54906728005952,19.588594604288147,19.732311619133885,1.4095335725269018,3.0468750000000044,1.984536082474235,19.642999999999994,19.484999999999953,19.44776000000008,20.318004999999975,0.36155873204998407,13.687008,26.993564617230493
GS/PD,"Goldman Sachs Group, Inc. (The) Dep Shs repstg 1/1000 Pfd Ser D Fltg",19.53,USD,0.3081664098613368,51595,0.5654147434127182,293966030951.0,USD,Finance,,19.314257498804263,19.372577448977008,19.52094487180715,0.9302325581395333,2.7354024197790614,0.15384615384615968,19.4298867999999,19.20935824999993,19.233443299999923,20.01782682500008,0.35689876355502603,13.687008,26.993564617230493
PCCYF,"PetroChina Co., Ltd.",1.38,USD,6.153846153846142,416,0.005699395261281652,289651102458.3028,USD,Energy minerals,Strong buy,1.377233259227446,1.347045161616215,1.2939521130273661,-2.8169014084507067,-5.479452054794526,25.454545454545432,1.3520000000000008,1.4067599999999993,1.3821519999999998,1.14347275,11.32257329501676,0.046702049159999995,-2.990429085349199
TXN,Texas Instruments Incorporated,317.52,USD,0.02205071664828892,2871698,0.4439970542212048,288972687913.8628,USD,Electronic technology,Buy,280.9963352268991,261.4373101456116,242.100401799818,-0.2857770938667918,18.703502934689137,81.4762952590518,313.4920000000002,298.59450000000004,249.6490999999995,202.74152499999957,54.32056524044959,1.905795,10.750487883438492
AZN,AstraZeneca PLC,185.26,USD,-0.21007271747913533,1045459,0.657011600495892,287310131011.9271,USD,Health technology,Strong buy,187.9197967721173,189.07510532777235,187.96330861481874,-1.593540847763731,-0.8827778075009394,0.10807305738678732,186.97600000000023,184.93299999999994,190.92979999999991,179.05326649999998,28.232197219285535,2.495819,29.767648087677678
SFTBF,Softbank Group Corp,49.39,USD,5.875795836995433,47800,0.9937836545458325,281943032045.8967,USD,Communications,Strong buy,38.21767746829565,35.08813784492237,32.589821188997114,3.6296608693645225,60.38838734818471,75.76512455516014,45.701800000000006,39.005340000000004,31.86531400000001,29.875566375,8.992115294381819,0.13749161998,325.63050279147217
PM,Philip Morris International Inc,179.6901,USD,-1.2908701384311092,1245102,0.2863960331625418,280057583107.9125,USD,Consumer non-durables,Strong buy,176.32361131371363,173.78378950491606,171.5522954484792,-5.316629781852671,10.050281724644782,12.124110819917641,184.14201999999992,180.67800500000004,169.23940200000013,165.62965050000028,25.304544366365775,2.064588,45.92400797320346
LVMHF,LVMH-Moet Hennessy Louis Vuitton,562.624,USD,0.22927403680855432,1415,0.4846222343996164,278619213839.75964,USD,Consumer non-durables,Strong buy,553.5498018444574,565.710073104869,584.7893486535907,3.3551326328165203,2.878876535985962,-25.148140757001258,554.4555199999998,541.3632800000021,546.5672520000019,633.3403039999979,21.913280817685465,12.61185358758,-1.2521334096479337
CICHF,China Construction Bank Corp.,1.004,USD,-6.168224299065426,134,0.0037628822554828566,270642487189.48862,USD,Finance,Strong buy,1.0704144253718466,1.0562098707329575,1.0385114036099103,-6.343283582089558,-3.6468330134357037,-0.2285600715492367,1.1011999999999993,1.11915,1.0779751999999998,1.0145368099999998,5.297172260760206,0.0457188,2.8443148205674262
GEV,GE Vernova Inc.,1005.04,USD,-2.602021533302981,2016311,0.9471843884495528,270074353860.79892,USD,Producer manufacturing,Strong buy,1010.1380249157016,968.6786103273693,904.9168787042139,-3.895656830308479,-7.79449541284404,52.0047187646516,1037.9920000000002,1055.3114999999993,998.9587999999999,746.8211999999999,29.281737372207058,3.115488,389.82617878753274
NVSEF,Novartis AG,146.8375,USD,-2.7566225165562876,1046,1.451165371809101,268067311273.8537,USD,Health technology,Buy,147.28073984985915,148.22371281486042,147.13768472044217,-2.7759385552539197,1.2602579132473726,5.176921423966759,147.06550000000001,146.2168799999999,152.02281200000007,127.38688349999978,20.903403896837787,2.179939,9.675179222387847
RY,Royal Bank Of Canada,188.25,USD,-0.4652884259504021,788493,0.9733208954532981,262911821482.29532,USD,Finance,Strong buy,181.169984864437,177.19918418902643,172.41205760599823,-1.2018473811273183,6.633057663985505,9.933426769446385,189.24800000000005,183.63199999999998,174.80699999999987,160.8502500000002,17.615257664891278,2.8997167511999997,26.4557125365949
QCOM,QUALCOMM Incorporated,244.34,USD,4.687232219365894,11967320,0.5059074775725211,257534353265.47037,USD,Electronic technology,Buy,198.9168733090659,183.40139289538428,172.9696410365874,1.5059302494651352,68.41742486903776,40.588499292281845,235.62600000000003,208.40999999999994,163.27859999999998,161.98049999999998,26.57776230774251,2.207956,-6.380855397148674
NSRGF,Nestle S.A.,99.168,USD,-3.999999999999991,1573,0.22663093591516828,255082393313.79208,USD,Consumer non-durables,Buy,98.99376094254137,99.07334343870275,98.9159728892217,-1.1286141575274087,-0.9607510236692192,-1.1049503370696776,99.68360000000014,99.09126000000015,98.53107600000008,97.41736299999998,22.41983951059205,2.681177,-4.280172410629131
BACHF,"Bank of China, Ltd.",0.65346,USD,-1.4032228861126161,110,0.03472003030111736,252153787967.92194,USD,Finance,Strong buy,0.6430407320041389,0.6326723445326149,0.6200759640200282,4.872412132883976,-5.52840826948098,12.665517241379325,0.6552039999999998,0.661061,0.617961379999999,0.5825546449999996,5.598132667314377,0.029496,4.854735561515836
TOYOF,Toyota Motor Corp.,19.339,USD,1.7842105263157821,2834,0.3412361079336793,252052741296.87497,USD,Consumer durables,Strong buy,19.7996887289022,20.261498599224144,20.60776249604795,-3.3050000000000064,0.21089940564711665,-8.345971563981056,19.157799999999988,19.107235,20.079897999999993,20.812738500000002,10.400144932556362,0.440915584004,-22.622851784370432
KLAC,KLA Corporation,1927.18,USD,-1.5333207302305851,487801,0.5500604749544831,251742732025.17206,USD,Electronic technology,Strong buy,1805.3383125464782,1726.6129266428109,1619.957802457348,-0.4920716059709493,8.33061642064554,52.986004715370996,1925.2639999999997,1826.394500000001,1723.4225999999992,1344.1311249999999,54.48135876878541,9.932792,28.557358579709614
SNDK,Sandisk Corporation,1664.745,USD,4.704894524321662,7494420,0.6487966535396159,246531690838.3027,USD,Electronic technology,Strong buy,1298.753050520864,1122.8498099728893,928.4206203702552,8.43760788426338,62.003211366290394,581.2952731737262,1573.0329999999994,1423.4567499999998,1060.2419,480.11940000000004,57.86975398980085,32.991608,nan
IBM,International Business Machines Corporation,261.8101,USD,2.5901645768025032,8710884,0.8654414550864626,246071449371.563,USD,Technology services,Buy,244.35740540778107,247.37488012180057,253.9045961660568,2.85213121194263,13.583557483731008,-12.014350047049343,254.90202,232.40850499999996,238.2526020000001,270.16410049999996,23.149982757553516,3.02242,94.53513374043176
RTX,RTX Corporation,179.69,USD,1.7554787926836142,2385489,0.45237510255526403,241985526073.2173,USD,Electronic technology,Strong buy,180.98907381945244,184.09365314235856,184.96347874994177,0.9494382022471897,2.533523537803137,-2.0762942779291564,177.64800000000005,176.07199999999986,186.0194,180.62690000000003,33.676299711383486,1.656542,56.45672061928219
LRLCF,L'Oreal Co.,441.54,USD,0.592336082380285,3321,3.4913793103448274,235088388099.80167,USD,Consumer non-durables,Strong buy,427.9267153855813,428.2873465847293,429.86400564118276,3.647887323943667,2.9710820895522407,1.2427772172796514,429.87600000000083,425.18433500000054,419.25478599999883,437.0521730000002,32.84742518544727,8.565518387580001,8.615986865506477
WFC,Wells Fargo & Company,76.23,USD,0.15766653527789326,8048813,0.5379296930208058,233278243882.31967,USD,Finance,Strong buy,77.64254779282567,79.1399663050217,80.74205214399768,-0.8841503055519343,-6.259222823413662,-18.295819935691313,76.4359999999999,76.68700000000001,79.08859999999999,84.06115000000005,11.772063933287004,1.704251,16.344460814258504
WFC/PY,"Wells Fargo & Company Depositary Shares, each representing a 1/1,000th interest in a share of Non-Cumulative Perpetual",23.815,USD,0.2736842105263212,12350,0.3749093083758078,232911021145.0,USD,Finance,,23.809237486469943,23.890885490412888,23.980570951604843,1.340425531914899,-0.770833333333328,-1.9555372581309094,23.648599999999966,23.728969999999954,23.787892000000053,24.302774499999984,3.6777082850745115,1.704251,16.344460814258504
WFC/PD,"Wells Fargo & Company Depositary Shares, each representing a 1/1,000th interest in a share of Non-Cumulative Perpetual",17.0801,USD,0.4711764705882448,30676,0.3414879595326304,232911021145.0,USD,Finance,,17.170175092102525,17.265880750636494,17.364194784475057,0.8865918487891429,-1.8385057471264195,-3.936445444319457,16.934019999999965,17.086005,17.22734400000002,17.64285649999999,2.637649602347309,1.704251,16.344460814258504
WFC/PL,Wells Fargo & Company 7.50% Non-Cumulative Perpetual Convertible,1188.5,USD,0.5405588312424479,4495,0.8636922603950504,232911021145.0,USD,Finance,,1187.6182298529025,1191.654946079927,1197.6995718771234,0.5499153976311337,-1.081539101497502,-2.2179905754253806,1182.270979999997,1184.9604950000012,1182.7069000000013,1219.6322745000048,183.5379507373948,1.704251,16.344460814258504
WFC/PC,"Wells Fargo & Company Depositary Shares, each representing a 1/1,000th interest in a share of Non-Cumulative Perpetual",17.585,USD,0.4857142857142906,41217,0.5230942221928914,232911021145.0,USD,Finance,,17.54346943834995,17.615942245420978,17.711113917987806,1.063218390804611,-0.3682719546742081,-2.845303867403318,17.420999999999996,17.464244999999988,17.512091999999985,17.9982545,2.715620415411937,1.704251,16.344460814258504
WFC/PA,"Wells Fargo & Company Depositary Shares, each representing a 1/1,000th interest in a share of Non-Cumulative Perpetual",18.76,USD,0.48205677557578924,49201,0.49252123704405176,232911021145.0,USD,Finance,,18.819860971760107,18.909071070443346,19.010018087055244,0.9144701452393852,-1.3669821240799054,-3.298969072164933,18.609980000000007,18.720025000000014,18.84682399999996,19.31749250000003,2.8970735850513476,1.704251,16.344460814258504
WFC/PZ,"Wells Fargo & Company Depositary Shares, each representing a 1/1,000th interest in a share of Non-Cumulative Perpetual",18.97,USD,0.5832449628844084,87005,0.41248809423910515,232911021145.0,USD,Finance,,18.98292154399238,19.085628264455867,19.203413466392934,1.1733333333333273,-0.7845188284518939,-2.9170931422722637,18.807999999999993,18.87240500000001,19.01196200000002,19.543904244999972,2.9295035132422202,1.704251,16.344460814258504
SMAWF,Siemens AG,305.5,USD,-4.321954274976514,727,0.16299352061520525,232871690555.09213,USD,Producer manufacturing,Strong buy,294.90874576109974,289.28348751037635,284.8306492226869,-5.511567487319063,4.380210468771352,7.2381353552372945,308.33200000000016,304.71024000000006,280.2989,279.692344,27.00893353851164,3.0987811663200007,-15.273050717717544
LIN,Linde plc,501.425,USD,-1.2690255380313846,1065156,0.5919396956808568,231958960994.2951,USD,Process industries,Strong buy,502.8071848962278,496.9998283961437,487.9506381942227,-3.1717678864536083,-2.25633528265107,17.628084826874364,511.271,505.54924999999986,500.7283000000007,465.1811749999999,33.28012583959434,4.481912,9.33896472398204
RYDAF,SHELL PLC,41.59,USD,-0.3020423818199196,2973,1.0996855927501388,231578913333.70352,USD,Energy minerals,Buy,42.97948585477416,42.65723629657421,41.730813129576994,-3.3015577772610896,-6.748878923766811,14.023303632625092,42.935199999999966,43.29417500000005,44.52003199999997,38.92626949999999,13.13950182869388,1.353879,44.464702042498494
KXHCF,KIOXIA HLDGS CORP,410.0,USD,6.217616580310881,1913,0.28115401008215635,223895359497.07333,USD,Electronic technology,Strong buy,304.90498381906843,258.1802998215562,206.38672677185076,-4.989224387643958,84.68468468468468,428.96400464456195,392.668,297.5685,201.03524000000002,nan,64.51002947751465,10.19393046,88.7454330367697
MBFJF,"Mitsubishi UFJ Financial Group, Inc.",19.325,USD,5.74555403556772,9716,0.05973364548610129,216092150000.0,USD,Finance,Strong buy,18.309584726959446,18.062646739889225,17.735020261575883,-3.6760124610591935,5.890410958904106,14.382953536549273,19.015599999999978,18.481725000000004,17.856919999999985,16.761654999999998,14.450878085042529,0.32918890396,25.681559619459094
AXP,American Express Company,313.2,USD,0.21117296985984774,1729961,0.6418005277574228,213704639338.88266,USD,Finance,Buy,314.48740665536405,317.42004801228205,322.33721292902294,-0.26748184944594056,-2.6422132421510724,-15.236806495263872,311.5880000000005,314.31549999999976,312.83559999999954,336.9876249999999,19.535928143712574,4.39824,11.993629104931163
BHPLF,BHP Group Limited,42.0,USD,0.9494051195769815,261533,1.585342493820066,213388973288.0875,USD,Non-energy minerals,Buy,39.989349714335404,38.54559547628733,36.666791809910244,0.9494051195769815,5.873456012099819,48.46235418875928,43.32500000000001,40.74277000000003,38.21940200000004,30.294313355000035,20.18241733750379,1.398128,-1.0764221517754036
C,"Citigroup, Inc.",124.14,USD,-0.9968897041231358,4134995,0.5082381134453738,212888612377.0532,USD,Finance,Strong buy,123.52886847752976,121.49225382390591,118.29492485432685,-1.6712871287128708,-4.844396749961679,5.912464806757109,125.33999999999999,125.4915,122.82680000000002,110.25810000000003,15.382899628252787,2.65345,27.480096044483766
PANW,"Palo Alto Networks, Inc.",258.16,USD,3.8998671871855866,3249969,0.3965982044180602,210658561034.8427,USD,Technology services,Strong buy,218.66657457866938,204.2520649414986,195.08817531709076,-0.003873416740903631,40.22052034110043,39.68941074617175,255.37600000000012,223.31699999999992,189.17199999999957,188.87955000000002,142.8508189464365,0.79483,2.0959267837975206
DELL,Dell Technologies Inc.,322.765,USD,5.713677453163892,8238302,1.1508788813252677,210579797402.3075,USD,Electronic technology,Buy,250.3171555303226,223.98339997425538,199.02476122136292,7.49875104079933,53.71957898747439,151.37461059190028,296.23099999999994,249.68574999999996,210.53810000000001,152.88482500000006,37.023251012285066,2.96165,40.20875550837916
SAPGF,SAP SE,175.36,USD,1.1221700670072927,12031,2.213411829638488,204743139218.58563,USD,Technology services,Strong buy,175.01199836166415,180.25484950389645,191.10428940030866,-0.6965286822583328,0.7816091954023067,-27.495245183163814,175.1139600000003,172.27838499999976,171.67770000000002,225.3535244999999,23.767709834654493,2.04908856282,40.32944821149316
TMUS,"T-Mobile US, Inc.",189.15,USD,-0.8699753681672852,1321369,0.31352923683641654,204699018639.21024,USD,Communications,Strong buy,193.432663044519,196.57676993063103,200.56795065391512,-0.6904155619142612,2.1493762488524157,-6.477132262051914,190.68800000000005,191.83949999999993,196.6699999999999,212.31490000000016,20.117418078555247,2.60569,-8.355183001120901
ADI,"Analog Devices, Inc.",418.845,USD,0.4713586643638534,1751987,0.34263283290967406,204013972038.2097,USD,Electronic technology,Strong buy,392.9701166336207,375.44620430646086,353.17598247778,3.100307692307699,7.452635359612106,52.26851346929874,407.389,411.46724999999986,371.51010000000076,297.6702499999998,62.24291149022173,3.301696,83.19222497481829
APP,Applovin Corporation,601.1,USD,5.8591479844319565,3690819,0.7757376458194518,201933536848.66968,USD,Technology services,Strong buy,495.68549495800846,485.8127032465212,488.36087480761086,16.476446993624887,32.10989010989012,-12.038866207179124,530.1479999999999,490.3404999999998,454.5344,535.6465749999998,53.02482313297225,3.753043,104.69844709281328
NONOF,Novo-Nordisk A/S,45.335,USD,1.1941964285714368,6363,0.45571088893345174,201468741051.0969,USD,Health technology,Buy,43.199704630943245,43.22273083427468,44.63484733300867,7.225638599810784,8.821411425828144,-11.541463414634144,44.537500000000065,44.81453900000006,40.489599599999984,48.87253140000001,10.723047411594015,0.8077619904000001,24.473615497595326
HESAF,Hermes International SA,1920.0,USD,2.2990649226096966,52,0.5579399141630901,200915786132.6805,USD,Consumer non-durables,Strong buy,1942.2102861431445,2010.5853792570706,2107.4687245634614,2.3656051566673537,0.46286170554544553,-22.959634058261774,1882.290640000003,1884.4532699999993,1933.3003459999945,2327.878505,37.95452740367234,nan,11.395855258297342
VZ,Verizon Communications Inc.,48.0121,USD,-0.47242951907132114,6559692,0.36126074840429034,200477367178.09335,USD,Communications,Buy,47.66298783913764,47.43624073580025,46.758420859734066,-0.5754814661420635,0.0460512606792971,17.76330635271031,48.27242000000001,47.61410499999994,47.91304199999993,44.26411050000024,11.699139842588755,1.278802,-2.501663023852507
STX,Seagate Technology Holdings PLC,890.42,USD,2.2695426458089254,1984653,0.6362676942599613,199657969913.00653,USD,Electronic technology,Strong buy,722.319344714903,640.859395174845,553.6366600736834,7.129150048426005,57.30690410571692,215.78536723764935,846.0059999999997,788.0647499999998,607.2263000000002,364.14950000000005,84.52017085904129,5.053711,52.226685547495876
PEP,"PepsiCo, Inc.",145.78,USD,-1.3266549343441232,2505284,0.3563357926961008,199247509515.46326,USD,Consumer non-durables,Buy,152.02401463341846,153.20269189095765,153.20228243233072,-2.6250751452808805,-7.028061224489801,1.7874598519759826,147.72399999999973,151.40300000000002,153.39059999999944,150.6767999999998,22.89582384445038,2.227794,-6.377190918715445
MCD,McDonald's Corporation,278.0,USD,-1.0394418339740907,1888004,0.5044061978780253,197520638347.45834,USD,Consumer services,Buy,288.10113747557233,294.64221294068716,300.13026325335426,-1.0746566080705935,-4.859685147159476,-8.939041567034629,280.926,280.88600000000025,295.62159999999966,307.57959999999986,22.916683840440527,3.348653,7.012173606210305
IDEXF,Industria de Diseno Textil Inditex SA,63.15,USD,3.5161052372756263,827,0.2742860933302378,196549688085.63962,USD,Retail trade,Strong buy,60.59887538372311,60.78167014620848,60.7792577405333,3.2031377676090877,4.414682539682543,-4.7834445323985175,59.78600000000004,59.31962500000007,59.90176,59.150129,26.702558626482286,0.51802163712,nan
ANET,"Arista Networks, Inc.",154.53,USD,0.1425701509947501,4300678,0.4354093628769315,194584580373.6954,USD,Electronic technology,Strong buy,151.21141804009068,148.27182826743226,144.42389411219511,-1.8888289260658355,-7.1780394041326225,15.277881387541953,153.89399999999983,151.07355,148.36262000000005,140.05445499999996,52.913984385700594,0.88317,23.546831373212623
TTE,TotalEnergies SE,87.18,USD,0.6000461573967346,1086648,0.9814320996128545,194118397269.72638,USD,Energy minerals,Buy,89.17765327247226,87.17440226938677,83.48450975858027,-4.018496091599682,-4.575306479859887,33.2009167303285,89.56599999999995,91.13900000000004,90.45220000000009,72.50510000000001,12.703516501786192,2.953855,13.176951225257834
ABLZF,ABB Ltd.,106.75,USD,1.2860241416543192,2187,0.7750372102913033,192182500029.84583,USD,Producer manufacturing,Buy,101.50467271029484,97.20182102932591,92.09896523690117,-2.8220300409649473,9.938208032955723,39.61548522103061,106.68052000000004,104.17219499999999,95.00824799999997,80.47667950000006,nan,0.751844,nan
TD,Toronto Dominion Bank (The),112.32,USD,0.1069518716577454,1758783,1.0953630221848656,189764193511.89014,USD,Finance,Strong buy,106.98679974498175,103.9720581022768,100.13759291950657,-0.4608294930875666,6.162570888468805,18.983050847457612,112.01200000000003,108.70800000000008,102.9507999999999,90.42020000000004,12.422715793207622,1.7432685464999997,178.61071281530073
WDC,Western Digital Corporation,535.795,USD,0.9790802864681373,3772592,0.6312130829871954,184678952760.2817,USD,Electronic technology,Strong buy,446.52004579607245,402.490434634324,350.8349054340302,6.133747994374339,39.46457389765213,202.367381489842,512.3569999999997,480.32175000000007,393.74609999999996,228.25572499999998,31.983751290882935,3.270022,218.5112653294039
NEE,"NextEra Energy, Inc.",88.07,USD,0.4791785510553194,6006574,0.4006397270179319,183656033746.39508,USD,Utilities,Buy,91.39062921365156,91.25607277729605,89.96380505431765,-1.1892740940199735,-8.136017523730063,9.471721566190169,88.32200000000003,92.53650000000007,92.55080000000004,84.96590000000003,22.359034248140343,1.078408,47.29815638906547
AMGN,Amgen Inc.,336.24,USD,0.053561863952867585,917003,0.40068547141081373,181471501318.646,USD,Health technology,Buy,339.107092021994,341.91913754852294,341.3737705491451,-1.2684989429175457,-2.397677793904206,2.2721051190802166,336.99199999999985,332.89749999999907,342.1567999999997,327.9700499999996,23.383776566151106,5.585927,31.258158449643542
TMO,Thermo Fisher Scientific Inc,487.92,USD,6.950746366804769,1916991,0.8424422184978416,181321539347.621,USD,Health technology,Strong buy,473.1339994736328,483.5758884490162,496.51485521693394,9.066523605150214,3.375071505752242,-15.803278688524587,457.9920000000001,458.2989999999997,479.0636000000003,526.7079500000001,26.825446568473833,5.721053,6.7355597415629465
RTPPF,Rio Tinto plc,105.13,USD,-0.05342906198722268,1743,1.283694211224039,181294827664.78033,USD,Non-energy minerals,Buy,100.98795271780442,98.01842912088553,93.70974140369071,-0.05342906198722268,6.245578575037891,27.802090931193764,104.07024000000001,102.63416500000002,97.12514000000003,74.94080999999997,16.92386171455123,3.814,-10.306158212328349
APH,Amphenol Corporation,147.165,USD,4.937963491158002,7188854,0.6462944652362989,181047466852.91254,USD,Electronic technology,Strong buy,137.3614227667647,137.3553667358433,136.44674073933203,7.513880771478664,2.197916666666661,7.325700116686105,136.777,132.37175,135.4211,133.42627500000006,42.28879310344827,1.153727,68.63733281643728
DIS,Walt Disney Company (The),103.79,USD,-0.37435208293338507,3200054,0.45154179660679683,180232513807.52765,USD,Consumer services,Strong buy,103.29360304045308,103.45766572460742,104.3855474961022,0.6692531522793521,1.1007208260276735,-8.506699576868822,103.56600000000003,104.26949999999985,101.5765999999998,108.35697499999971,16.6064,1.869912,27.6526214742346
BA,Boeing Company (The),228.5,USD,1.8724921979491702,4363299,0.551155539734025,180127079629.9933,USD,Electronic technology,Strong buy,224.061195110778,223.13192069161062,221.9613431081397,3.2535020334387657,-1.103657217052591,4.744441897776757,222.0659999999998,226.6969999999996,218.74980000000016,219.51540000000065,117.48071979434447,-0.278569,nan
MRVL,"Marvell Technology, Inc.",205.3501,USD,3.3468042274786156,39967472,1.2734468030802553,179794926532.6661,USD,Electronic technology,Strong buy,168.9957752155762,150.86318582730857,132.86733741061792,-2.7882503313766382,38.834493949023056,136.7421028360618,199.86602,178.4445050000001,144.34120200000004,97.81605050000006,70.17157599781301,0.921444,nan
SBGSF,Schneider Electric SE,314.0,USD,0.964630225080386,777,0.651517692436693,176853244477.47913,USD,Producer manufacturing,Strong buy,314.0094342609083,309.1221349636668,302.5602353394051,-1.5253534581222532,-3.1491934240152926,12.949640287769784,313.1027999999999,316.67332000000005,305.596968,287.54101200000014,36.63823422658363,5.2730259,10.360674450376802
BA/PA,"Boeing Company (The) Depositary Shares, each representing a 1/20th interest in a share of 6.00% Series A Mandatory Convertible Preferred Stock, par value $1.00",72.0936,USD,1.1982032565974174,3123469,1.3069175895238019,176816209895.0,USD,Electronic technology,,71.28843892415648,71.11921768450352,70.91342124559459,2.580535002845751,-0.7658637302133663,3.791534696228047,70.59272000000001,71.99418000000003,69.83347199999999,70.47847749999994,37.06611825192802,-0.278569,nan
RTNTF,Rio Tinto Ltd.,129.39,USD,-3.0343452813645237,335,1.1421752471871802,176505992005.43127,USD,Non-energy minerals,Buy,124.59437646259562,120.49591403499403,114.7590834314511,0,0.13155858226279793,34.54299677654153,127.33780000000002,120.29369999999997,114.27448,86.93787700000009,20.576535063445846,4.203117,-5.208519584484585
BCDRF,Banco Santander S.A.,11.95,USD,-5.458860759493681,190953,6.0846774964470765,175351790103.72144,USD,Finance,Strong buy,12.135177448215616,12.03467712165106,11.826877176802833,-5.064548162859989,0.8438818565400814,-1.2886172146043333,12.339999999999991,12.1076,11.861979999999992,11.227175499999996,9.58751112540407,0.28347717474,42.236139397705216
T/PA,"AT&T Inc. Depositary Shares, each representing a 1/1,000th interest in a share of 5.000% Perpetual Preferred Stock, Series A",19.68,USD,0,59413,0.7795262986638116,172944150163.0,USD,Communications,,19.856724030852888,19.97028459329436,20.09746041166201,0,-1.6491754122938622,-2.766798418972326,19.653000000000052,19.85178499999991,19.923614000000008,20.46445349999998,6.601811472660182,0.587082,83.06312945222302
T/PC,"AT&T Inc. Depositary Shares, each representing a 1/1,000th interest in a share of 4.750% Perpetual Preferred Stock, Series C",18.54,USD,0,77839,0.6088330419751349,172944150163.0,USD,Communications,,18.59837824708383,18.700397101913087,18.83715951324141,0.7061379684953776,-0.8556149732620328,-3.0334728033472897,18.478000000000016,18.58500000000003,18.629800000000017,19.278523499999995,6.219389466621939,0.587082,83.06312945222302
T,AT&T Inc.,24.815,USD,-0.3013258336681369,13432571,0.39735514007210093,172423024760.7411,USD,Communications,Buy,25.587121474142176,25.963235971210104,26.19210631556499,-1.292760540970562,-4.336931380107941,0.10084711577249751,25.065000000000005,25.171250000000004,26.41090000000003,26.493174999999955,8.32438778933244,0.587082,83.06312945222302
CRWD,"CrowdStrike Holdings, Inc.",675.655,USD,4.694279162018092,1453721,0.4482205036659079,171978864654.16898,USD,Technology services,Strong buy,555.2490420981244,517.16521983933,492.1713623064727,1.6022556390977403,47.64381316580169,42.543248945147674,660.8509999999997,568.1917500000002,476.7023000000001,468.7883250000003,nan,1.067963,-781.7640047675804
BLK,"BlackRock, Inc.",1051.235,USD,-1.7849468393220862,357549,0.6340980601563978,171184053586.1434,USD,Finance,Strong buy,1052.7081415021876,1047.0135591258745,1047.9437042460695,-2.437587006960566,-1.0164496294831664,-1.8857798850145742,1067.1450000000002,1070.8914999999997,1029.8019999999992,1078.1799000000005,27.115419833939054,12.534896,-5.828957020641935
TJX,"TJX Companies, Inc. (The)",154.571,USD,-1.5534042417680358,3698884,0.5583439244388898,171080825923.891,USD,Retail trade,Strong buy,155.38690384980313,155.62953946754018,154.72084009054743,-2.3556538218572416,-2.4542471286129053,0.8619902120717768,157.25620000000004,153.6935499999999,156.63401999999985,150.39830500000008,30.026030031663396,1.19275,21.384107521810904
GILD,"Gilead Sciences, Inc.",135.36,USD,1.2491585010098107,2203932,0.42895705974261894,168058894475.30975,USD,Health technology,Strong buy,134.2951255376383,134.96864176566834,134.23747235636313,0.08133086876156276,3.859433745108571,10.506980161645863,133.52800000000002,132.59999999999997,135.22219999999987,128.57909999999995,18.417830026940976,-6.586246,54.53876400950438
ALIZF,Allianz SE,440.87715,USD,-2.255370801463261,27,0.16304347826086957,166957555842.05753,USD,Finance,Buy,442.54993994493714,440.15782515114773,437.1040679992611,-1.369765100671147,-5.522950819672133,-1.3322404493879132,450.08992999999947,445.89211499999993,436.8023880000001,431.7014590000001,13.564036044444885,nan,nan
SMEGF,Siemens Energy AG,192.0,USD,-5.8892728475847305,1568,0.13857221132262226,163569012291.25946,USD,Producer manufacturing,Strong buy,197.42142320500943,192.21291556338858,182.44541860849748,-6.5738893484501935,-7.279971024990941,37.142857142857146,202.37340000000003,206.09776500000004,194.50600000000006,153.07407500000002,65.39965797409496,1.32932924802,1156.3335310399368
SCCO,Southern Copper Corporation,194.47,USD,3.579227696404793,555035,0.5045369556378178,162251315688.7598,USD,Non-energy minerals,Buy,182.32545310977068,179.9281610883258,174.14907721010454,5.409507290368036,12.894989058596975,35.063517808948184,186.17799999999997,179.65348930399995,176.71109764339974,151.99533134605005,32.93924355087315,1.736953,36.79417966125258
EADSF,Airbus SE,205.27,USD,0.13170731707317573,1293,0.4035076769442017,161594319391.3976,USD,Electronic technology,Strong buy,203.06042287350806,205.16816771203477,208.96724189672477,1.1431387041143246,7.370017784287062,-15.404904182979598,201.03199999999993,204.69730000000013,198.8619079999999,221.5786344999999,28.0058054295122,1.6828940644800001,20.885299878592313
BUDFF,Anheuser Busch Inbev SA NV,81.44,USD,-2.8278248419043126,182,0.0015561447625040935,161563453485.33704,USD,Consumer non-durables,Strong buy,78.66404200027526,76.80366510785682,74.53927854622697,-1.4401549074186104,13.2369299221357,27.98994185132798,82.50500000000004,79.00744500000002,75.86242400000003,67.27824950000004,22.999719506220377,nan,29.175750071893496
DTEGF,Deutsche Telekom AG,33.73,USD,-4.312056737588661,1837,0.2072427797833935,161317447997.60907,USD,Communications,Strong buy,34.251658363469346,34.61479181090441,34.80016804000253,-1.0269953051643235,4.881840796019902,3.466257668711642,34.185,33.04350000000001,35.05264000000002,34.4841075,16.09555131626188,0.6409139154,-21.039392916282
UNP,Union Pacific Corporation,268.825,USD,-3.7814524499803137,3872563,1.1880521418935466,159604958229.48352,USD,Transportation,Strong buy,263.09980212355146,258.83143186233013,253.4233598752423,0.9785140109683574,-0.9597317908853178,16.198400691592823,270.1270000000003,267.8807500000002,256.4128999999998,238.9072249999999,22.130067915208887,3.139433,9.43890880916774
GLW,Corning Incorporated,184.945,USD,-3.114359054953111,5615938,0.4680297483525604,159170660627.01596,USD,Electronic technology,Strong buy,176.22017052378757,164.66406371908494,149.19385643944673,-7.013750974132088,22.407174531736043,108.0137217410865,191.589,185.03574999999992,166.00669999999988,111.77557499999999,88.7664986801056,0.757504,298.67967853042484
FRCOF,Fast Retailing Co. Ltd.,500.0,USD,7.372173427534516,26,0.03382773874577153,157153747558.59677,USD,Retail trade,Strong buy,467.5077601132035,452.7807955616451,433.78278036508567,0.04201764741190891,5.294191972370801,32.89036544850498,482.2144999999996,468.4003749999998,445.78968200000037,355.9048414999997,50.094198901944196,2.376417948084,12.77318482897237
ETN,"Eaton Corporation, PLC",403.64,USD,-0.6718015601545434,1349456,0.5383746149867634,156733405189.06543,USD,Producer manufacturing,Strong buy,397.8882775526505,391.06942358319344,382.0489350731929,0.8923438398280285,-1.0686274509803955,24.88474985303673,397.2000000000004,403.4180000000001,392.7656000000003,364.82060000000007,39.45881478874616,3.070082,3.25426466135056
ISRG,"Intuitive Surgical, Inc.",424.46,USD,1.4120176800860036,1134715,0.5352223235181137,150327955444.97684,USD,Health technology,Strong buy,445.8033978826513,457.60919883699086,471.4823530506241,-3.404487733830967,-10.151983404597612,-25.11027206323441,431.5100000000001,439.79299999999955,455.0224999999999,495.31242499999973,51.48839127586792,2.511265,20.922932496259573
ABT,Abbott Laboratories,86.07,USD,0.4551820728291157,4099593,0.4137951270342404,149917791902.81403,USD,Health technology,Strong buy,90.51543371466393,95.10501632639924,101.11442093225773,-0.8752735229759359,-8.28005115089515,-30.97834803528469,86.72000000000014,86.57050000000011,94.6592,116.81685000000007,23.97826995403259,1.280324,-53.436936527909296
WELL,Welltower Inc.,211.515,USD,-1.2442805117191242,1286290,0.36460261846410424,149311485282.81848,USD,Finance,Strong buy,211.50817520086338,208.78627292605967,204.26776703796773,-2.7874804669546953,1.2275664034457994,13.956683368352982,215.20099999999974,215.94675,208.9662999999998,191.70562499999974,nan,0.656741,-164.84476067270379
SCHW/PD,"The Charles Schwab Corporation Depositary Shares each representing 1/40th interest in a share of 5.95% Non-Cumulative Perpetual Preferred Stock, Series D",24.3701,USD,-0.004103220617853398,28614,0.5674273612069581,148887391049.0,USD,Finance,,24.566376709820346,24.661658177649898,24.761825356156496,0.49525773195876605,-2.2066613162118816,-2.7141716566866263,24.31423999999999,24.64874000000001,24.653105999999944,25.037785500000044,4.83284416769127,1.502439,53.293813649490815
SCHW/PJ,"The Charles Schwab Corporation Depositary Shares, Each Representing a 1/40th Interest in a Share of 4.450% Non-Cumulative Perpetual Preferred Stock, Series J",17.5901,USD,0.34284084426696226,22674,0.35293348525318935,148887391049.0,USD,Finance,,17.906533310819693,18.069051727356825,18.284506364754932,0.11439954467842538,-4.349646547036438,-6.435638297872346,17.519020000000005,17.962504999999986,18.042802000000023,18.96738100000005,3.488299686669575,1.502439,53.293813649490815
PFE,"Pfizer, Inc.",26.0503,USD,-0.6093094238840169,12930363,0.4387274944457746,148472216878.32346,USD,Health technology,Buy,26.229111796074747,26.3654129396291,26.326363231322315,0.6969462698105876,-5.374863784961864,4.284627702161727,25.992060000000077,25.996515000000006,26.755206000000033,25.8263515,19.972628996396534,0.68014,-5.382662314109543
HON,Honeywell International Inc.,232.711,USD,0.501403584538977,1464742,0.3248720205734994,147458057155.99307,USD,Electronic technology,Buy,223.94007870286364,223.65569924179093,221.88573578036917,-0.17972804872817,8.368724969730838,18.91818692830498,229.5401999999999,218.87854999999962,222.72362000000012,212.10920858674987,32.98712896549769,2.428129,-18.970388918242183
IBDSF,Iberdrola S.A.,22.07,USD,-3.8134669862715187,28206,2.206800506986715,147413478959.24362,USD,Utilities,Buy,22.735370497769917,22.7383949878728,22.488151577211802,-4.870689655172409,-6.720202874049028,2.27062094531975,22.824,22.91825000000002,23.10583599999999,21.40624200000001,20.96138024680693,0.27297181884000005,25.04558913213052
SCHW,Charles Schwab Corporation (The),84.71,USD,-1.0512790561850318,9338128,0.8299603067014146,147322169089.60153,USD,Finance,Strong buy,89.80271991863972,91.27594519205677,92.5974618494498,-5.56298773690079,-7.217962760131439,-15.094717851057435,88.05599999999998,90.07050000000007,92.23500000000001,95.24840000000003,16.79887359695395,1.502439,53.293813649490815
PIAIF,Ping An Insurance (Group) Company of China Ltd.,8.02,USD,8.04984843381609,15912,3.8369905956112853,146980260232.1222,USD,Finance,Strong buy,8.100629104614077,8.12094221771355,8.090945205017547,-2.551640340218722,11.23439667128987,-3.315250150693193,8.0245,8.163560000000002,7.970724000000002,7.451085890000004,7.7174537265660454,nan,6.443512636076183
TOELF,Tokyo Electron Ltd.,323.24,USD,-0.7754032035264609,981,0.11009853875333886,146930602445.06955,USD,Producer manufacturing,Strong buy,307.42872125748914,293.9104589599304,277.0028872610943,-3.776999833297608,13.020979020979023,43.758060929508574,321.2214999999999,316.77037500000006,282.74076199999996,230.33761650000008,41.03039349657786,2.2473575402640003,0.23292219349941717
HTHIF,Hitachi Ltd.,32.468,USD,4.5668276972624895,4635,0.22652519634627322,146825178882.81253,USD,Producer manufacturing,Strong buy,31.510901253666376,31.53497099197834,31.544720927879712,1.225253312548716,2.2131276562254145,-2.057315233785807,31.883,31.053844999999995,31.18914599999999,31.188885500000023,29.18658269263129,0.229986797352,24.79941801511023
CRM,"Salesforce, Inc.",179.01,USD,0.8450228156160218,14354648,1.0628097619460246,146439801188.9848,USD,Technology services,Strong buy,180.7828398593768,185.62509627314526,194.9143207753227,0.3250574454968246,-1.8746916625555095,-32.449056603773585,178.3960000000001,178.44399999999985,180.92960000000016,221.4876500000002,20.719469426021735,3.269987,35.136783820562144
SHOP,Shopify Inc.,112.825,USD,5.839587242026275,5348694,0.5289502875967066,146407887062.54645,USD,Commercial services,Strong buy,113.25574802055473,117.23391967322469,122.49362691424304,9.294778649617358,-8.784056916484756,-30.43652506319748,106.43700000000004,107.38225000000003,115.47449999999975,139.765675,110.64353784546596,0.39493309829999995,-13.11099438612342
RYCEF,Rolls Royce Holdings plc,17.44,USD,0.7789566141969005,8168,0.12096959320864144,145888036842.04752,USD,Electronic technology,Strong buy,16.48033172237086,16.413680236230014,16.251248225289437,4.119402985074635,15.880398671096348,9.000000000000007,16.973039999999997,16.35313499999998,16.155918000000003,15.811029999999986,18.75596663433987,0.283535076,149.73653292629368
RLLCF,Rolls Royce Holdings plc,0.0015,USD,-6.250000000000003,2197304,0.8894265817803444,145623899190.02203,USD,Electronic technology,,0.0021890711712052933,0.002396357343207403,0.0026503881143056414,-25.0,-45.45454545454545,-54.54545454545455,0.00172,0.002101000000000001,0.0024528000000000015,0.0032832500000000027,0.0016131852036416173,0.283535076,149.73653292629368
DE,Deere & Company,539.02,USD,1.8190747841855714,716332,0.5210187450722542,145593224320.2174,USD,Producer manufacturing,Buy,558.5061374219812,561.1084986723242,555.0844386001426,1.7018867924528267,-6.167638610845167,15.669527896995705,531.6059999999999,565.2214999999999,573.7518000000003,521.0393999999997,30.54024193319924,4.729685,-14.615857227863597
SAFRF,Safran SA,347.8109,USD,-0.670864747543986,1366,0.7059066714898455,145007308372.18793,USD,Electronic technology,Strong buy,337.11216619416615,340.84299325184276,344.16902411475246,0.19730587740475428,9.031630094043887,-2.162346904905228,341.1185800000002,330.802765,335.34215599999993,350.01494750000006,17.242383870556168,5.921804588760001,nan
UBER,"Uber Technologies, Inc.",71.105,USD,0.5301852113671709,11072922,0.645271467146465,144741273694.86172,USD,Transportation,Strong buy,73.38020633381424,74.22721163818258,75.99159070121084,-0.8851407861722761,-6.070013210039629,-13.32886396879571,71.47700000000003,74.30525000000013,73.93750000000018,83.79359999999984,17.719989034814468,0.804305,-30.030166175521806
UBS,UBS Group AG Registered,46.885,USD,-0.5831212892281565,1562125,0.6912259996288388,141964158215.41574,USD,Finance,Buy,44.574780145445445,43.664057539891004,42.91279948409315,-1.7497904442581744,11.418726235741445,0.6115879828326107,47.271000000000036,45.676750000000034,42.47350000000003,41.83322500000004,16.750214576733025,0.811175,85.69118793825896
BX,Blackstone Inc.,116.19,USD,-1.5338983050847477,2798386,0.6702096178243695,141927730921.9388,USD,Finance,Buy,119.42227103158864,121.25539739796875,125.63781132067756,-2.582376121405214,-4.125752949913359,-25.10635554982596,117.87799999999993,120.50899999999999,118.95659999999997,143.15282499999972,29.809123095079272,1.356247,17.915053242981607
CIHHF,"China Merchants Bank Co., Ltd.",5.9244,USD,-9.134969325153364,31070,2.675311703520011,141199237347.01053,USD,Finance,Strong buy,6.1974545256236455,6.160440591575631,6.015984958565432,0,-14.201303403330918,-0.7638190954773773,6.158879999999998,6.238220000000002,5.665306459999998,6.159747075000004,7.22488589042493,0.2278566,1.6461769940075595
IBKR,"Interactive Brokers Group, Inc.",82.285,USD,1.6491661519456378,3967167,0.7532266152157523,139572813882.77496,USD,Finance,Strong buy,80.10438893557449,77.7667008152542,75.1294178945284,-0.09106362311802191,6.9886880769730855,25.798807521785662,82.26099999999997,83.76624999999996,76.89240000000001,70.23642500000001,35.37618228718831,0.603784,28.423144876325097
COP,ConocoPhillips,114.52,USD,-0.5298358377486315,3361804,0.5917311470320948,139519019289.08676,USD,Energy minerals,Strong buy,119.04463191615959,118.04516228686353,114.85506545515736,-3.5621052631578984,-7.771603446887337,22.337357119965812,117.44599999999991,119.81450000000021,123.24940000000004,103.68502499999994,19.47221655444467,2.94902,-25.34653465346535
PLDGP,"Prologis, Inc.",53.41,USD,-0.2055306427503859,402,0.17320120637656183,139491588048.0,USD,Finance,,53.13153998460597,53.151985671687534,53.38246032883486,-0.07483629560337933,0.4136115811242694,-4.625000000000006,53.26600000000006,53.14563000000004,52.78803600000006,54.368901999999956,nan,nan,nan
PLD,"Prologis, Inc.",146.45,USD,-0.047775047775062515,841657,0.32014648144008384,139424945875.16788,USD,Finance,Strong buy,142.37029779372943,140.2100274075917,137.17269961628006,-0.3673719300632835,3.5567812190637826,14.646939095036789,146.08799999999997,143.23150000000004,138.93140000000002,128.45170000000002,36.88638138175956,0.76585,0.21201948560034234
SNEJF,Sony Group Corporation,22.55,USD,-2.6674723756906014,271110,1.6426389344992347,137781116601.5641,USD,Electronic technology,Strong buy,21.442133772822135,21.56683586317999,22.233922016634438,-3.467465753424652,18.68421052631579,-16.66666666666666,22.30460000000003,21.345555000000044,20.950815999999982,25.284525499999972,nan,0.28022251699600004,-128.1887949807319
DBSDF,DBS Group Holdings Ltd.,48.25,USD,-4.16699769603559,3169,0.39975275626308754,137110455932.56857,USD,Finance,Buy,46.98225730502904,46.316424739718556,45.50854951598144,-4.106049765482157,10.15981735159818,7.761027359017311,48.979200000000034,47.76908499999997,45.98060200000005,43.71212499999996,16.112595955935436,nan,2.9161631783345485
BTAFF,British American Tobacco p.l.c.,62.21,USD,-1.5975956975640588,465,0.17883239750788402,134495892391.93256,USD,Consumer non-durables,Buy,62.42874066219772,61.371545830824175,60.13080064851391,-7.970650019231336,4.554621848739497,7.816291161178505,65.08880000000002,63.611930000000015,60.46415199999999,57.34824800000005,13.227136585049557,2.2143,179.06315695843656
SMFNF,Sumitomo Mitsui Financial Group Inc.,35.0,USD,-7.511395917288766,62365,1.415408009259786,133588300781.24709,USD,Finance,Strong buy,36.02141052701348,35.615602109777335,34.81665646368968,-13.856756091557967,2.376599634369287,8.949416342412452,37.613240000000005,36.66778000000001,35.196113999999994,31.84817999999999,13.492445646219714,0.733087623044,29.38378513635122
CILJF,China Life Insurance Company Limited,3.72,USD,0,2948,0.1958374575674437,131498116056.09154,USD,Finance,Strong buy,3.7019238788837314,3.6916380381658085,3.6581103728801954,-0.9320905459387404,11.8796992481203,1.362397820163495,3.700999999999999,3.7823075000000075,3.5541949999999973,3.51537375,4.876880823167771,0.20057280000000002,44.48759727960711
BKNG,Booking Holdings Inc. Common Stock,169.36,USD,0.5879907346914588,2903270,0.41541580736080114,131233405061.54303,USD,Consumer services,Strong buy,168.00566429214626,171.5165484381504,177.192873794603,3.9975437519189554,-4.845913981515296,-20.960127240380896,164.3539999999999,162.35299999999958,170.5764079999998,194.91876199999996,22.26546066470341,2.451136,18.312049898119483
UNCFF,UniCredito Spa,84.82,USD,0.005895183634964868,4533,1.142273964318113,127904567300.13461,USD,Finance,Strong buy,82.01917602538282,81.15870081424681,80.34367889558351,-2.9408399130335363,10.166574666363589,3.439024390243894,84.69130000000004,82.63351500000007,78.60836599999998,79.41270750000004,nan,2.4282406357200004,nan
DHR,Danaher Corporation,180.115,USD,4.034540518685389,3033196,0.7617040073388106,127480110597.18086,USD,Health technology,Strong buy,178.0586830815361,183.74319809256173,190.83879930375699,5.2257989133609986,-1.3932990255118731,-21.281849569511817,174.27700000000004,171.15674999999965,181.95370000000003,206.2040750000003,34.808866728509585,1.833286,0.3160078323413699
BBVXF,"Banco Bilbao Vizcaya Argentaria, S.A.",22.57,USD,-6.48435881499897,4077,0.7225136457078046,126835550021.23532,USD,Finance,Buy,22.53265091433645,22.49471205539674,22.30536854610255,-1.5485278080697946,1.5980193562907965,-5.958333333333332,22.95449999999999,22.34575000000001,22.16436999999999,21.589209500000006,10.345214011632477,0.5998052427,12.084507504919758
IVSBF,Investors AB,41.29,USD,2.0766378244746506,22034,0.9996098463883571,125900955798.62752,USD,Finance,Buy,40.318434532489064,39.80510253480938,38.872209580599055,1.6869843615318367,4.136191677175285,14.694444444444441,40.76316,40.02426499999998,39.45243200000002,34.763924,6.311151218790448,nan,367.40626881087917
ZIJMF,Zijin Mining Group Company Ltd.,4.47,USD,3.47222222222221,21303,1.7450747491296335,124722775787.20831,USD,Non-energy minerals,Strong buy,4.596402680748573,4.658444623081102,4.643468421983537,8.759124087591227,-1.193633952254648,-4.893617021276604,4.363200000000003,4.592882500000005,4.610567000000004,4.466020249999999,14.13329690926613,0.11189956512,70.92361166516264
UNLYF,"Unilever, PLC",57.44,USD,-0.22581205488970396,4768,0.16479053836875338,124457640128.61418,USD,Consumer non-durables,Buy,58.12758410869897,59.53956143496578,61.380745576556784,2.7181688125894063,-0.7001469444204359,-8.418367346938778,56.917000000000016,57.4288,58.08608999999999,65.66246368749994,17.934121129152246,1.8797633875800002,17.002459407933067
SPGI,S&P Global Inc.,418.55,USD,0.6613756613756614,1250233,0.6140510845387325,123890796363.10449,USD,Commercial services,Strong buy,421.6469056740733,429.0431949478594,441.5929529863978,1.4543691673736516,-5.3375551283500995,-19.788812019700647,416.03199999999987,418.10250000000053,424.5611999999998,478.8190000000001,26.48145570501221,4.931751,24.096290945636138
AIQUF,L'Air Liquide SA,214.2438,USD,1.8009186818763439,49,0.33492822966507174,123701591727.84319,USD,Process industries,Strong buy,208.9923939109746,207.1988387239694,204.7322007475267,0.2955351395634533,0.14668349460103133,13.959468085106378,210.8872599999999,207.70018000000036,209.14685200000028,200.19859000000008,29.978178131621267,4.03858321242,20.737286956072488
LMT,Lockheed Martin Corporation,534.91,USD,0.7097940279398994,598452,0.5294351044955167,123330786108.34544,USD,Electronic technology,Buy,544.0541147536671,556.2477660418854,558.7767823143527,-0.20335820895522982,3.1768382069284606,10.690118986032067,530.9959999999996,520.6559999999998,566.3705999999987,532.4354499999987,25.905513717703464,7.195047,-10.80754195373751
CB,Chubb Limited,317.63,USD,-0.935657923463182,797350,0.607955737680919,123196007797.00998,USD,Finance,Buy,323.6750104800105,323.1409532796139,319.84007990071785,-3.16158536585366,-3.5321630322541444,2.3094762610320223,324.37199999999973,323.8490000000001,325.8193999999996,304.9842000000004,11.21895739953871,6.698117,36.293789444800154
IFNNF,Infineon Technologies AG,94.42,USD,4.916939829990551,29121,2.103556130225301,122875878978.77336,USD,Electronic technology,Strong buy,73.48664875219167,66.68176559663536,60.39241038532775,4.911111111111113,47.81996086105675,112.46624662466247,87.6085,76.15935999999996,60.725526,47.32417850000001,99.15401379574887,0.5193924697800001,48.88543768339495
ENNPF,Enbridge Inc.,18.15,USD,0.2479964208979701,400,0.17296549338406988,122584103138.75458,USD,Industrial services,,18.08895203285307,17.98998343882916,17.79593006189022,0,-0.8196721311475526,6.764705882352933,18.181019999999993,17.95801500000001,17.59410199999999,nan,8.525090375258076,0.4377269105999999,12.963747234326824
EBBGF,Enbridge Inc.,24.95,USD,0.08022462896108935,731,0.2025099038701277,122584103138.75458,USD,Industrial services,,24.872408367482173,24.82927595670109,24.751424631616537,0.20080321285140845,-0.20000000000000284,1.6790284456760902,24.877999999999993,24.9767,24.852689999999985,24.57081849999995,11.719063628798292,0.4377269105999999,12.963747234326824
EBGEF,Enbridge Inc.,25.04,USD,0,253,0.29898369179862916,122584103138.75458,USD,Industrial services,,25.16637280525022,25.141324664693162,25.075646576849433,0,-1.0276679841897294,1.3354917037636516,25.151999999999994,25.230824999999967,25.125849999999968,24.729535000000002,11.761336804212794,0.4377269105999999,12.963747234326824
EBBNF,Enbridge Inc.,24.49,USD,0.08173273395994923,2402,0.4759640153766892,122584103138.75458,USD,Industrial services,,24.467894454372203,24.425025744468908,24.345469087760332,0.12264922322157638,-0.03673619331401421,1.694211444232197,24.504499999999968,24.605899999999963,24.438079999999985,24.144207000000023,11.503000732235277,0.4377269105999999,12.963747234326824
LOW,"Lowe's Companies, Inc.",217.44,USD,0.2767017155506338,866951,0.270920849828304,121780067572.0509,USD,Retail trade,Strong buy,227.6160863027464,233.62078335540724,238.90371177630786,0.6759885174553236,-10.90350338045483,-9.962732919254659,215.75999999999993,223.1905999999999,232.98983999999982,248.63318500000025,18.38753868790908,4.258414,-2.0435549738653638
ENB,Enbridge Inc,55.765,USD,-0.685663401602846,1908348,0.3447406256501096,121773833827.59056,USD,Industrial services,Buy,55.07851569947852,54.25892437624827,53.104112474570684,-3.236161721325702,5.715639810426541,16.371035058430714,56.95099999999991,55.63440000000006,54.364360000000126,50.18224000000001,26.19292918877502,0.4377269105999999,12.963747234326824
VRT,"Vertiv Holdings, LLC",316.66,USD,-0.9756707736568728,3410327,0.6005050026954982,121631900276.44408,USD,Electronic technology,Strong buy,318.6029446971751,300.33804371972076,274.42734230479545,-7.154166422330375,3.0811048356906956,86.85864337768862,322.242,340.45699999999994,306.3926000000001,210.43465000000006,79.49290824651689,1.417876,130.95431354359923
IVSXF,Investors AB,39.3,USD,0.30627871362939624,300,0.19441384226556932,121193014980.39114,USD,Finance,Buy,39.14563736386346,38.7795078139803,37.86361352716777,0,-4.146341463414641,8.048663138360011,39.13839999999998,39.40589999999998,36.455019999999976,27.04333050000001,6.006980937235761,nan,367.40626881087917
MO,"Altria Group, Inc.",72.075,USD,-0.04853695742614975,2960543,0.42837578438800455,120357411806.2682,USD,Consumer non-durables,Buy,70.57160901007353,69.14142627319602,67.4795406804694,-2.6013513513513478,7.574626865671646,25.000000000000014,72.83299999999997,72.07425,68.29729999999999,64.31617499999997,15.065214664938757,1.493687,-19.928367001958186
CFRHF,Compagnie Financiere Richemont AG,205.0145,USD,-5.195606936416186,667,0.9465020576131686,120295092022.65958,USD,Consumer durables,Strong buy,196.6108737958167,194.81969418334458,194.27035485670712,0.23688456461154697,8.964774977079147,-3.2996085090325895,205.05901999999975,197.9707449999998,189.20062199999978,194.94376149999988,29.808689514549368,4.1044722,37.975213456299976
ESOCF,ENEL Societa per Azioni,11.7025,USD,4.253897550111367,2012,0.37966562252330455,118857551679.35818,USD,Utilities,Buy,11.584221564231859,11.517588429661116,11.330318533400158,-1.576955424726661,1.694547034542692,11.878585086042062,11.524500000000009,11.637975000000008,11.555960000000002,10.593630499999994,25.02789698902134,0.19960525032,-38.106477578362274
IITSF,Intesa Sanpaolo S.p.A.,6.8,USD,1.4925373134328304,18199,0.25143165035264536,118685605468.11743,USD,Finance,Strong buy,6.703218870232261,6.670888966659872,6.636566352857827,1.4925373134328304,1.0401188707280742,-5.4242002781641245,6.649999999999999,6.756980000000001,6.522260000000001,6.598187499999999,10.935638182471589,0.17061232842000001,15.4398102756725
ADTTF,Advantest Corp.,170.0,USD,-0.5847953216374269,232,0.25149051490514907,118586942749.0221,USD,Electronic technology,Strong buy,168.8211881852797,163.71579478211527,153.22038068455691,0,-2.768245252802564,16.05679956308029,171.99219999999997,162.77309,153.004786,69.14555409374998,52.587019208024095,1.024444044852,122.44827441877216
CVS,CVS Health Corporation,92.6601,USD,0.6409253828608741,3738011,0.5185166566604898,118227545823.42128,USD,Retail trade,Strong buy,87.51700919941031,84.63889070272516,82.14067684898343,-0.42972275950999606,17.024627431169478,16.877018163471238,92.40802,90.84300500000003,81.64700199999993,78.26225050000008,40.69036536096961,1.829356,-45.60221680760594
KYCCF,Keyence Corp.,486.2395,USD,2.329587305595893,7422,2.0215170911071767,117925869840.36508,USD,Electronic technology,Strong buy,468.1287453331554,446.7195676305385,426.55563200688346,-0.1038531469249779,5.202241478163984,42.92754262198707,487.9943,494.75921499999987,430.5519362000024,389.67044354999916,42.059486959696414,2.868689073808,5.50662903600504
COF/PL,"Capital One Financial Corporation Depositary Shares, Each Representing a 1/40th Interest in a Share of Fixed Rate Non-Cumulative Perpetual Preferred Stock, Seri",16.18,USD,-0.08151569794729399,11791,0.22333638918984444,117488879829.0,USD,Finance,,16.44596197619013,16.557525437715295,16.677693713389104,0.12376237623762112,-3.055721989215108,-3.976261127596449,16.11864,16.440739999999998,16.52829399999998,17.06226900000002,5.703609701071629,4.733975,-76.17936014778739
COF/PK,"Capital One Financial Corporation Depositary Shares, Each Representing a 1/40th Ownership Interest in a Share of Fixed Rate Non-Cumulative Perpetual Preferred S",17.0984,USD,0.22508792497070856,2958,0.2243628640776699,117488879829.0,USD,Finance,,17.396407565799013,17.505120256932017,17.621768573058233,0.6972909305064852,-3.125212464589218,-2.7394766780432125,17.022320000000036,17.42383499999996,17.498473999999998,18.023298000000022,6.027354765933446,4.733975,-76.17936014778739
COF/PN,"Capital One Financial Corporation Depositary Shares, Each Representing a 1/40th Ownership Interest in a Share of Fixed Rate Non-Cumulative Perpetual Preferred S",15.84,USD,-0.3146633102580284,15225,0.2126604556311371,117488879829.0,USD,Finance,,16.048337709114943,16.14484342537639,16.2812545565034,0.3802281368821324,-2.583025830258313,-2.8816676885346344,15.830000000000027,16.073324999999997,16.087528,16.79794600000001,5.583756345177664,4.733975,-76.17936014778739
COF/PJ,"Capital One Financial Corporation Depositary Shares, Each Representing a 1/40th Interest in a Share of Fixed Rate Non- Cumulative Perpetual Preferred Stock, Ser",17.705,USD,0.08479366873938392,43166,0.41858304702780436,117488879829.0,USD,Finance,,18.000296417503506,18.105831343306416,18.22117956391428,0.31161473087818536,-3.6724700761697537,-2.6127612761276207,17.643039999999967,18.018759999999983,18.114705999999977,18.644400999999988,6.24118725324309,4.733975,-76.17936014778739
COF/PI,"Capital One Financial Corporation Depositary shares each representing a 1/40th interest in a share of Fixed Rate Non-Cumulative Perpetual Preferred Stock, Serie",18.38,USD,-0.21715526601521548,52362,0.44874816385367045,117488879829.0,USD,Finance,,18.782073630701888,18.929213479481568,19.080931473711733,0.21810250817883942,-3.9205436487192893,-3.9707419017763925,18.35400000000002,18.799750000000007,18.924208000000036,19.53817549999996,6.479131415679638,4.733975,-76.17936014778739
SYK,Stryker Corporation,306.465,USD,0.17160227495586627,904143,0.3113036481323961,117486652662.4587,USD,Health technology,Strong buy,314.75071929955783,323.1303847201072,333.20499967328414,-2.561045402518125,-7.5213494673949155,-12.757629241630609,311.07700000000006,303.3627500000001,321.3870999999999,356.8647499999997,35.49801350584365,3.482782,16.505627378478323
BMY,Bristol-Myers Squibb Company,56.855,USD,-1.1561196105702471,6640690,0.775417059803525,116101964063.96227,USD,Health technology,Buy,57.9814362153461,57.92528215582654,57.14467427052119,-4.637705467963771,-2.944691020826223,6.850216124788566,58.283000000000115,57.495699999999985,58.28028000000002,52.969719999999846,15.958850277886935,1.610917,33.756335648582706
NEM,Newmont Corporation,108.275,USD,0.9745407068917297,3265592,0.48670312507661573,115589275933.34909,USD,Non-energy minerals,Strong buy,111.13824582851534,111.37457895759687,109.28888152769109,-2.630395683453235,-4.96357412446239,7.213585503515211,108.61699999999999,111.61375000000001,110.77509999999997,100.01537499999999,14.045271760280194,2.307432,73.0415263748597
SBUX,Starbucks Corporation,101.3,USD,-0.7835455435847181,3096851,0.4224147112257562,115451603328.6856,USD,Consumer services,Buy,101.57249205010258,99.807452043524,97.54447069325833,-1.7220470531166683,2.8635255889520645,20.280218475421513,102.41200000000003,104.9897500000001,99.2601000000001,91.2561250000003,77.31644023813158,0.653552,-52.37541347097525
COF,Capital One Financial Corporation,185.505,USD,-1.745233050847466,1994946,0.4958502548366468,115438425067.15382,USD,Finance,Strong buy,189.42594533343808,192.5960506044364,197.51990789486578,-1.416272519530208,-5.112531969309465,-24.082259054634747,187.03499999999985,187.60125,189.16469999999978,212.10932499999987,65.39234348561759,4.733975,-76.17936014778739
BMO,Bank Of Montreal,162.6525,USD,-0.29271133451847736,442352,0.6779841821265571,114864501937.42189,USD,Finance,Buy,153.7557779662643,149.7912190689143,145.05791329699042,-0.1886966126656876,6.797439264609317,24.953906430053024,161.65650000000005,155.06212500000012,147.70165000000011,134.56901250000004,16.96702001341441,2.689587817499999,22.926046761535368
BNPQF,BNP Paribas,103.708,USD,-0.13683183742721408,2482,0.7637863121614968,114561061179.79997,USD,Finance,Strong buy,103.69796306980655,103.09344109744778,101.4771560705366,-5.908183632734532,-0.6438014945391809,11.119682845815921,105.15941999999993,105.75060999999998,103.69884399999994,94.8431930000001,8.580711167739754,nan,22.106666890565336
PGR,Progressive Corporation (The),195.66,USD,-0.6348077802041542,1203340,0.4133112788908994,114331267194.19226,USD,Finance,Buy,198.67973147276683,200.66654264277489,204.8307100537404,-1.7030896759608214,-4.261877966433433,-8.715125501539614,197.96600000000035,198.56599999999986,199.99900000000022,218.0889749999997,9.941871100180892,3.810494,32.50920745214481
BYDDF,"BYD Co., Ltd.",11.535,USD,-0.8168529664660416,73010,0.3052574012690279,113730923440.39334,USD,Producer manufacturing,Strong buy,12.395901241565397,12.55221366377522,12.687705253066994,-1.4944491887275893,-13.595505617977524,-8.958168902920281,11.663000000000011,12.457590000000005,13.07891800000002,13.038679,27.45880572120107,0.10471079999999999,-40.930309800384116
VRTX,Vertex Pharmaceuticals Incorporated,445.705,USD,1.9406706006129537,455468,0.366077803951121,113122345002.04846,USD,Health technology,Strong buy,438.85697633598403,441.7775945078141,443.98529481587184,1.761455740998647,3.3518840579710107,-1.9005590526918148,437.38300000000027,435.0052499999999,438.7056000000004,435.75667499999906,26.42232563654148,4.720812,nan
NOW,"ServiceNow, Inc.",109.37,USD,7.099490795142968,24468525,0.7573678372497868,112794157177.7212,USD,Technology services,Strong buy,100.09128696806103,103.12133290158435,111.53457529747696,8.766346775396547,20.054884742041725,-28.553697413117327,102.64600000000003,95.60800000000013,97.43779999999994,141.70727500000004,65.05859258818631,0.858945,14.104391502070182
MSBHF,Mitsubishi Corp.,32.13,USD,-0.34119106699751683,5725,0.514043026972668,111535521921.384,USD,Distribution services,Buy,33.51807383530511,32.9104125313249,31.59356097725465,-4.346531705864843,6.039603960396045,36.08640406607371,33.0568,33.975249999999996,33.50785800000003,27.514570000000006,24.319320770904834,0.370714253528,-15.8891610718286
PWR,"Quanta Services, Inc.",735.1,USD,0.20173932008396966,396263,0.3869557846844556,110309215638.73912,USD,Industrial services,Strong buy,694.257041178691,655.1850516513585,608.0141689309125,0.6035391205572771,17.861151194484524,72.98505706553713,730.2500000000005,747.4609999999996,649.5566000000002,499.4496499999997,100.8505967896831,3.289165,17.851541657908776
ACN,Accenture plc,178.57,USD,1.2531186210024832,2105080,0.43326870019554603,109631135826.43428,USD,Technology services,Strong buy,182.93659131361198,191.46041411459098,204.28808329886945,0.32022471910111977,-0.016797312430011837,-33.56523680196437,177.80799999999982,175.50149999999988,185.4525999999998,232.18549999999996,14.627892688920745,3.726516,0.7327518628235627
AAIGF,"AIA Group, Ltd.",10.4,USD,-5.848270867282265,11967,0.778929143288595,108711275017.64163,USD,Finance,Strong buy,10.824114246859512,10.789545985043846,10.673387807599081,-4.587155963302751,3.8546035550229782,-4.165130851455952,10.77760000000001,11.031865000000002,10.897976000000005,10.324946500000001,17.596351453375892,0.374732,-4.647512065929555
ZFSVF,Zurich Insurance Group Ltd,719.475,USD,-0.07291666666666351,225,0.17362450806389382,107472511281.54166,USD,Finance,Buy,710.0776102776244,709.9677791684521,711.3575421193758,-0.07291666666666351,4.271739130434786,-0.6249999999999969,719.1629999999997,703.4078999999994,701.1654100000007,716.8734286,14.594096412245392,23.46,26.558481531120037
PH,Parker-Hannifin Corporation,851.2,USD,-0.6396787598636486,299826,0.4657241670155153,107324732236.67181,USD,Producer manufacturing,Strong buy,889.7345436710783,901.1536047854454,899.8031568751679,-2.427841078429119,-12.512590704462761,-3.4493710370798842,861.520000000001,872.9839999999998,913.851000000001,865.850049999999,31.401714698894743,8.266293,4.3367808437996755
SPOT,Spotify Technology S.A.,520.77,USD,1.5482713569798843,1045670,0.38949552903517887,107191412714.69527,USD,Technology services,Strong buy,487.88230669281114,492.03651473215064,506.91764457162276,0.1750471280729366,17.026966292134826,-11.113197241755994,514.6200000000002,453.1005000000003,477.4706000000002,571.9749500000001,41.48503967115954,3.19732454406,106.90951046645789
EQIX,"Equinix, Inc.",1077.68,USD,0.6970529423856812,119242,0.23667354207256175,106285381330.163,USD,Finance,Strong buy,1058.7707917045543,1029.5066873212454,986.9616082620561,-0.8519329493808298,-1.167450775396412,40.65991437819778,1076.748,1074.9710000000007,1047.6175999999991,872.4028249999984,74.5283540802213,4.620998,50.236888039231985
MZHOF,Mizuho Financial Group Inc.,43.44,USD,-8.18008877615727,10,0.001387328144726072,105928100625.00299,USD,Finance,Strong buy,43.06738861804517,42.448184029397034,41.39864807952997,0,9.56969177218382,21.002785515320333,45.4119,43.40950999999998,41.91268799999999,35.675726999999995,13.71490311051257,0.780726416268,35.906029468975895
BPAQF,BP Plc,6.835,USD,-11.806451612903226,101,0.001072086684046501,105600387681.24564,USD,Energy minerals,Buy,7.355626695992827,7.23897819755702,6.9909802250142405,0,-8.500669344042835,13.34991708126036,7.345999999999987,7.539724999999999,7.210258,5.966419000000001,35.31555103626729,0.256726,nan
SO,Southern Company (The),93.02,USD,-0.7680819287390643,1673707,0.3388644724732137,104861550347.32344,USD,Utilities,Buy,93.94703423933032,93.95499608338005,93.58717195046007,-1.877637130801689,-1.6909744240118458,6.711024435012039,93.92800000000003,94.00450000000008,94.7080000000001,92.60717499999991,23.79210681126429,0.982898,-6.2556946242746925
SNYNF,Sanofi,86.69,USD,-1.9986886431979027,6397,4.632821552723059,104535017151.22258,USD,Health technology,Buy,89.22895909173555,90.37629687714778,91.74005264055526,0,-8.80880249095346,-7.962628729164455,87.8015999999999,88.23687000000021,90.15799999999976,95.58224899999988,17.34571901147901,nan,9.067004402783253
HWM,Howmet Aerospace Inc.,259.81,USD,0.6937446709557479,1038421,0.5621141125951775,103951920708.91579,USD,Electronic technology,Strong buy,253.8644694664886,248.80303964693138,240.61740252494664,-0.3471223366511221,7.466082064857715,26.434376368679736,259.23199999999997,259.05550000000005,248.80460000000002,217.04505000000006,60.272351876768894,1.232329,40.55234927777234
MRAAF,Murata Manufacturing Inc.,56.306,USD,10.821130530625094,7741,0.6010793182435845,103849213791.01743,USD,Electronic technology,Strong buy,39.660017414748566,35.20121555994376,31.16389986320262,5.788633161108494,84.68249803201259,161.88837209302326,49.625599999999984,40.239129999999996,31.821261999999994,23.431005000000006,70.13236459345913,0.242611126008,-3.657141237093912
CEG,Constellation Energy Corporation,286.64,USD,-0.7066648191769503,1361313,0.4192765197566119,103531517168.20203,USD,Utilities,Strong buy,292.19331619711613,295.7815161571047,301.50305291730774,-4.456518116062799,-8.628988556309965,-19.932960893854755,291.35800000000006,293.56650000000025,293.11059999999986,323.4809000000004,24.89296476738834,2.441616,21.378125395286084
BN,Brookfield Corporation,46.12,USD,0.23907846120408485,2142377,0.49270515327655207,103180301362.74397,USD,Finance,Strong buy,45.136281100198815,44.722501379189026,44.50940632951895,0.26086956521738575,2.831661092530649,0.04338394793925384,45.791999999999966,45.762500000000045,43.77260000000002,44.93537138450004,92.96012640255202,0.6417974253,169.9492374738812
CDNS,"Cadence Design Systems, Inc.",374.045,USD,-0.0013367196898798161,1170094,0.6400900386632559,103167595914.9974,USD,Technology services,Strong buy,345.0501543089581,332.7711579772484,324.6820284321052,-1.5671052631578906,13.450106157112534,18.481152993348125,372.3790000000001,356.0967499999996,320.2764999999999,322.981225,87.32228317964282,2.05367,8.486982068686055
BROXF,BROOKFIELD CORP.,8.0,USD,-48.38709677419355,500,0.36683785766691124,102793762270.62448,USD,Finance,,13.439096878627566,14.060461607092694,14.829610849189098,0,-48.38709677419355,-48.38709677419355,13.838060000000004,14.396326999999996,17.488424,nan,16.124913513018566,0.6417974253,169.9492374738812
BAMGF,BROOKFIELD CORP.,17.0801,USD,-0.5235876528829359,100,0.3125,102793762270.62448,USD,Finance,,15.871289542675573,14.942428844488171,13.953831826830342,0,5.25080108454523,11.585776163379451,16.405620000000006,13.593955,12.575575199999998,12.949921500000002,34.426891911713554,0.6417974253,169.9492374738812
MAR,Marriott International,386.305,USD,0.1153268024672143,758574,0.6193269450500356,101864232016.51688,USD,Consumer services,Buy,361.8968520283221,353.59707693625074,342.42335710645995,4.449100986886571,7.713863484273929,24.3938174207052,377.13700000000006,360.81975,352.0149000000001,310.08212499999985,40.536527524187285,3.060515,8.54233581630561
CM,Canadian Imperial Bank of Commerce,109.765,USD,-4.907736290392451,1429013,1.8126215406229653,101709407756.91994,USD,Finance,Buy,108.9757838723693,106.05688117654573,102.03404010404287,-5.902271753107591,-0.6021914334872827,20.700461842973393,114.26500000000006,112.10824999999988,105.90089999999995,91.88537500000002,15.596964668261942,1.8177026144999997,32.88542050130368
CME,CME Group Inc.,278.915,USD,-0.06628448584736735,653883,0.3204402009176521,101067465807.14146,USD,Finance,Buy,289.52349470822503,291.11863897970267,290.46228293771514,-3.825730147236292,-2.57605924063013,2.449999081709495,284.21499999999935,289.5807500000002,293.68929999999983,282.64539999999994,23.804301442348724,2.979383,17.79430984216348
TT,Trane Technologies plc,454.13,USD,-0.7756511099458161,471363,0.41019832740120615,100387923960.16354,USD,Producer manufacturing,Buy,458.7895620023639,453.79018753889454,446.0305119876195,-0.6584416152600934,-5.725436465923478,16.181436758084324,454.3800000000004,468.12999999999954,456.73900000000054,427.8557000000004,35.1292603307703,4.267445,7.558033114235796
BNS,Bank Nova Scotia Halifax Pfd 3,79.9,USD,-0.9667823500247906,2368095,0.9697314246552186,98479470934.0934,USD,Finance,Buy,77.19232449279257,75.91933966433454,74.29133037201677,-0.5971634735008582,4.104234527687304,8.045977011494255,80.03799999999991,78.09899999999995,74.58940000000001,70.13469999999998,15.01985292766795,1.5096886931999998,53.813572502080554
GLAXF,GSK plc,24.575,USD,-3.87473792909222,480,0.24354355878025266,98022327612.24156,USD,Health technology,Buy,26.16941149801533,26.385889723147418,26.0909926975967,-5.4807692307692335,-10.310218978102188,-3.1908607445341826,25.467319999999987,26.819829999999975,27.492640000000005,22.40869650000005,13.056088424596853,0.6213124500000001,91.03740860452251
ADBE,Adobe Inc.,242.145,USD,1.6391034251175292,2046699,0.46348047443467,97875014213.06963,USD,Technology services,Buy,246.9075507328577,252.649645006739,265.2472870688429,-0.17520715669702888,0.006195019204565638,-30.948884294574746,241.94699999999995,247.37525,244.2013,304.32869999999997,14.105342257483882,5.824533,13.059885800090878
DUK/PA,"Duke Energy Corporation Depositary Shares, each representing a 1/1,000th interest in a share of 5.75% Series A Cumulative Redeemable Perpetual Preferred Stock",24.89,USD,0.44390637610976363,17343,0.30673316708229426,97722381403.0,USD,Utilities,,24.843881441402196,24.862380055815777,24.88863843335504,0.565656565656568,-0.32038446135361753,-0.49413119263120747,24.735999999999997,24.908250000000034,24.827935999999905,25.00981399999997,3.8101798698813627,1.3182,8.965804837364464
GMBXF,Grupo Mexico S.A.B. de C.V.,12.55,USD,1.393657846899626,13413,1.1403769799097085,97701748889.59871,USD,Non-energy minerals,Buy,11.852239909818461,11.588409404664434,11.141715548863946,3.292181069958851,12.961296129612972,30.865484880083432,12.373820000000011,11.836440000000007,11.415838000000006,9.772173000000002,16.50746277012436,0.198119,66.96645358323435
FDX,FedEx Corporation,408.87,USD,-0.7066880373014639,1075620,0.7911756573693486,97559141783.13602,USD,Transportation,Buy,386.7116168785972,376.92865929794084,360.49564621325294,2.9302922739974284,5.254080214179073,41.51178486138511,400.75199999999967,383.265,375.1576000000001,306.29024999999996,21.764148532981306,5.915634,17.954642489388956
MITSF,"Mitsui & Co., Ltd.",34.65,USD,-2.0979020979020975,138165,7.619743554391286,97455409057.62022,USD,Process industries,Strong buy,36.60724205808069,36.4849169178244,35.399307537365466,-2.3943661971831025,1.5533411488862872,10.879999999999997,35.06470000000003,36.57358250000001,37.873363,30.75579175000004,18.91549789801336,0.557314130384,-10.334498478620226
MDT,Medtronic plc.,75.495,USD,-0.638325875230323,6353799,0.7164590405146273,96926903094.75179,USD,Health technology,Strong buy,80.04041937612426,83.01892383226252,86.20493431516496,-3.8892425206874512,-9.835184521676817,-21.39212827988338,77.16500000000002,77.46674999999999,82.4831,92.90582500000002,21.076214405360137,1.540118,8.87207075772773
DUK,Duke Energy Corporation (Holding Company),124.2071,USD,-0.9117670522536876,1297268,0.4410891420201647,96831380926.68977,USD,Utilities,Buy,125.69289596871691,126.05614717929811,125.67783445937727,-1.1876690533015162,-3.3182065851949885,5.996842464584391,124.97142000000001,125.14785499999996,127.56414199999996,124.06743549999992,19.013716035208574,1.3182,8.965804837364464
BNY,The Bank of New York Mellon Corporation,140.52,USD,0.5581794761700308,1171001,0.36935082185376605,96449993427.74324,USD,Finance,Strong buy,133.72343082181945,130.19118186025136,125.93338402369373,0.6806620333882762,4.181494661921719,21.127489009568144,139.88800000000006,135.43199999999996,129.72839999999994,116.73004999999998,17.409834846926763,2.185806,31.533660349070292
BNY/PK,"The Bank Of New York Mellon Corporation Depositary Shares, each representing a 1/4,000th interest in a share of Series K Noncumulative Perpetual Preferred Stoc",25.93,USD,0,9348,0.46396204127415847,95914617717.0,USD,Finance,,25.62010320661335,25.572446435070606,25.559084985474655,0.42602633617350666,1.7660910518053348,0.8949416342412468,25.792999999999985,25.62024999999997,25.441300000000002,25.6424445,3.212617546120203,2.185806,31.533660349070292
CNQ,Canadian Natural Resources Limited,45.791,USD,0.08961748633879087,2500480,0.4186227804737304,95518739903.50253,USD,Energy minerals,Buy,46.32556876685112,45.40408664489048,43.56965674700925,-3.981966869364649,-0.10689354275743147,35.89850126131473,47.13419999999995,47.13304999999999,47.05762000000001,37.69105500000002,13.72985112190307,1.3990441985999997,34.74076146436405
AXAHF,AXA,46.23,USD,-2.1587301587301653,369,0.2912621359223301,95153709420.49986,USD,Finance,Strong buy,46.98862500903021,46.91274583752174,46.76684871378594,-1.9553783508652955,-3.6875000000000067,-7.11271850512358,46.82199999999999,47.33069500000007,46.72831599999996,46.72185,8.687832795934215,2.6510472,46.9467483863275
ITOCF,Itochu Corp.,12.23,USD,-2.6583890480738592,9910,0.4492884377366019,95131634252.93217,USD,Distribution services,Strong buy,12.643289453539222,12.70460888084927,12.66781810313822,0.5591185660253216,-3.7007874015747944,1.9166666666666703,12.36699999999999,12.783155,12.728374999999994,12.409338250000003,15.171010525917033,0.22710153666400001,-1.7722361211992697
STOHF,Equinor ASA,37.46,USD,0.08014961261020875,110191,1.2042113683777993,94957714451.96925,USD,Energy minerals,Buy,37.52578422827028,36.26800956640673,34.1338127664669,0,-3.166602042135198,55.29392256031839,37.80320000000001,38.51306,35.677684000000056,26.931831000000006,16.773313665123048,1.382508,-31.960101946209623
FTNT,"Fortinet, Inc.",129.26,USD,1.039631048229488,2741638,0.5044700531454418,94702129368.02547,USD,Technology services,Buy,110.51423987146875,102.33973046177655,96.0333793998796,-2.793758225230309,49.020059949273694,61.63561335500812,130.90800000000007,114.60349999999998,95.0482000000001,84.92765000000004,49.942044664245415,0.744251,6.532208273307267
GD,General Dynamics Corporation,349.76,USD,2.063089089264348,571468,0.6656431999254531,94585658955.40062,USD,Electronic technology,Buy,342.47632864698613,343.0340164814625,342.84833359351734,1.367957338279611,11.4098235331592,3.9282106138943274,343.738,343.9300000000002,341.08040000000005,341.6879,21.99236655621019,3.916225,10.37337775001735
CHDRF,Christian Dior S.E.,524.08,USD,4.462915346130089,1,0.03787878787878788,94549578598.37128,USD,Consumer non-durables,,523.4232211029104,540.8370725013011,559.1621261429361,0,-0.17523809523808745,-25.809739524348803,506.62474999999995,530.1006875,605.5787949999999,642.6391987499997,17.774664060851986,nan,-1.2990388512299729
XIACF,Xiaomi Corp.,3.655,USD,0.1369863013698601,34510,0.997756421376447,94126659958.39224,USD,Electronic technology,Strong buy,3.9165912755209256,4.067866221632805,4.327640878967176,-3.8157894736842115,-6.282051282051285,-29.980842911877396,3.7639000000000022,3.9139050000000006,4.02365,5.218337499999998,19.879255847496704,0.03357411696,11.869946423812152
FCX,"Freeport-McMoRan, Inc.",65.275,USD,2.58525852585259,4659975,0.4266878805542951,93836718463.46811,USD,Non-energy minerals,Strong buy,62.47941574417006,61.49105975674949,59.463419412418986,3.545368020304579,9.228580990629197,26.196230062832296,63.51299999999996,61.753750000000004,61.6765,52.49267499999999,34.726286109485564,0.562231,55.154766817994215
ESLOF,EssilorLuxottica,201.5999,USD,0.1738633540372626,567,0.17752590876358057,93156715477.2207,USD,Health technology,Strong buy,213.30839829934325,225.95260979554968,243.78567712760218,-1.055263803680986,-6.232604651162795,-35.400693737933686,201.41998000000035,203.7908900000003,218.39692999999986,294.1713355000004,34.45322420661081,4.087031100000001,10.222765343239438
CMI,Cummins Inc.,668.36,USD,0.07636445309575367,283508,0.31149152657085083,92226364401.74625,USD,Producer manufacturing,Buy,646.7323855680604,626.4169918748793,597.7065367448573,2.1925934986697704,2.1847814454110357,30.935449113527284,656.658,677.9313999999998,624.2681600000004,522.5771900000001,34.6917059852484,7.257239,-4.155514651012388
SNPS,"Synopsys, Inc.",478.535,USD,-9.009925463948877,2958007,1.6001790595048275,91669131600.65674,USD,Technology services,Strong buy,482.9206609546472,472.0516227760644,466.0946472416985,-9.70526633583033,-3.715291750503013,-0.08456174051028786,513.547,505.3902499999998,459.86310000000003,469.77467499999983,110.70024058480615,3.666915,-68.86981319583472
SHECF,"Shin-Etsu Chemical Co., Ltd.",46.3,USD,2.406440767937702,3179,1.2489196197061365,91377305847.16806,USD,Process industries,Strong buy,44.14384752572116,42.64250087047362,40.603530616217995,7.754608080431933,4.609127880704924,39.54189270644966,44.43479999999998,45.55545,42.89528400000001,35.23627999999998,29.11581775131592,0.424314058916,-11.411713622964498
MCK,McKesson Corporation,756.691,USD,0.029214641691012684,526007,0.3803128675194141,90957323654.29993,USD,Distribution services,Strong buy,794.1459074469706,815.423759670011,826.4037278624597,-0.43670478020025527,-9.522437315413773,-7.494987775061121,760.0282,763.5060499999997,822.9722200000003,817.8091049999991,19.671786366070638,9.602273,49.00157656000032
CIXPF,Caixabank SA,13.0375,USD,-4.136029411764706,797,0.22965652374366066,90856052724.93213,USD,Finance,Buy,12.836666962997876,12.605204343853947,12.233149563329828,0,7.128184059161871,5.141129032258059,13.0775,12.743874999999997,12.334750000000003,8.101897694999998,13.218067137701363,0.24476723466000003,4.590508053802476
PROSF,Prosus NV,45.45,USD,0.009404624760538167,578,0.04215316622787506,90529077723.99821,USD,Technology services,Strong buy,47.37111151745236,49.23147386197564,51.56476328895152,0,-5.528996050717099,-27.71946564885496,45.730825200000005,46.97420630000001,55.99294052000004,47.68029863000001,7.340245672237665,1.83,90.7458634677204
UPS,"United Parcel Service, Inc.",106.33,USD,1.7804154302670616,3063126,0.611955280315533,90381165630.68546,USD,Transportation,Buy,103.16720788543081,103.24118106935853,102.90526152777198,4.753460420668936,2.2502163669583646,7.0795568982880175,102.40799999999999,100.45149999999995,100.91140000000009,98.0103999999999,17.21413654098334,1.658772,-9.902564252166055
WMB,"Williams Companies, Inc. (The)",73.59,USD,-1.0488100040338861,3403316,0.5423152931365066,90000447559.77652,USD,Industrial services,Strong buy,74.49108371205276,73.31954501865985,71.36853465760561,-5.955271565495203,1.9534497090606766,22.42555315255366,76.058,75.86699999999999,73.80780000000003,65.54129999999991,32.33446109231513,0.50704,22.09108953382329
AEM,Agnico Eagle Mines Limited,179.46,USD,2.6013378308844612,1304313,0.7137610366313967,89907569183.6726,USD,Non-energy minerals,Strong buy,188.89699769876273,192.71310718117138,192.19356762117852,-0.37195358907455034,-7.255813953488367,5.415883458646616,177.72000000000003,184.14200000000014,194.9233999999998,182.45937500000008,16.98865061353123,3.2692044896999994,131.3305660574122
CMCSA,Comcast Corporation,25.005,USD,-0.8524980174464705,10832711,0.3838436564531079,89323572577.65582,USD,Consumer services,Buy,26.306751346391916,27.041856801610017,27.66571042692597,-1.2440758293838914,-10.823823109843081,-10.687519619613314,25.132,25.545500000000004,27.349199999999993,28.472791054749955,4.9174041297935105,0.976076,24.843485306032253
GLCNF,Glencore Plc,7.635,USD,-1.1010362694300513,10366,0.13227405203170697,89303901585.96605,USD,Distribution services,Strong buy,7.517998192295874,7.326187598918936,6.9711561122193,-2.115384615384616,2.759084791386273,33.94736842105262,7.697999999999996,7.710915000000002,7.512856,5.8556259999999964,268.59288986952754,0.63086,nan
ATLFF,Atlas Copco AB,16.81,USD,0.43315907393576103,3000,3.213023455071222,89100685871.37068,USD,Producer manufacturing,Strong buy,16.594694700039614,16.26023530330194,15.795420975821946,-1.3497652582159652,-4.759206798866855,-6.233440245432993,17.06374,16.19442,15.14526,nan,29.85852353029277,0.1545702639,-5.163753757816815
WEBNF,Westpac Banking Corp. Ltd.,26.06,USD,4.8059521415644495,637,0.28741596354284166,89019393380.07639,USD,Finance,Buy,26.423495463850326,26.63636843939996,26.495216479064297,0,-6.7620751341681595,1.7571261226083534,25.01220000000001,26.79244999999998,27.260360000000023,23.680641000000026,18.615447783613607,0.7471450925,14.37204156459396
PNC,"PNC Financial Services Group, Inc. (The)",220.27,USD,-0.24003623188405845,541991,0.36206098958522953,88452643644.85666,USD,Finance,Strong buy,217.65116071715687,216.66994546526092,214.54689546979554,0.12727851265966686,-1.3016399318935392,5.5310688449192815,219.89700000000008,217.5597500000002,216.00470000000007,207.18577500000018,12.788625108134626,4.329094,21.59906809276713
ATLPF,Atlas Copco AB,18.8201,USD,-0.24736613633387633,25512,7.190935227464908,88218260831.60582,USD,Producer manufacturing,Strong buy,19.137703695536825,19.19225341855747,19.063704800590077,-0.9781121751026001,-8.595920349684311,-4.174643584521387,18.729874000000002,19.080398499999998,19.679495399999997,17.503326850000004,33.42893507986098,0.1545702639,-5.163753757816815
ADP,"Automatic Data Processing, Inc.",219.36,USD,0.785665058580293,720980,0.28761095219378446,87685709958.53012,USD,Technology services,Buy,214.4265430471844,215.70824746427033,222.52319584776367,-1.1179228272628876,9.853018504144032,-14.655876745905132,220.14899999999972,215.20649999999978,207.26840000000007,248.764925,20.447236696153094,2.594173,9.820039308819906
AMT,American Tower Corporation (REIT),187.605,USD,1.4190723321440157,1065772,0.35722807728248274,87403866704.06512,USD,Finance,Strong buy,180.6605498184435,180.36743744763413,181.16769159079308,2.075738614723324,6.29178470254957,7.04382060938035,185.03300000000027,180.02675000000028,177.6758999999999,183.7373250000003,30.28378182052979,1.54826,58.97402997331144
TKOMF,"Tokio Marine Holdings, Inc.",45.8975,USD,-1.7236764627161278,1765,0.6660377358490566,87357139797.97238,USD,Finance,Strong buy,46.238669346628605,45.2016038138583,43.932035013999446,-5.618959490026736,-0.26965598762319987,15.233492342455442,47.95000000000003,47.28650000000005,45.99230400000002,41.168452500000036,14.181675121938493,0.5901813223160001,-10.030390006458116
NOKBF,Nokia Corp.,15.6076,USD,-0.9670050761421326,906579,0.5286467763520428,87114042133.31349,USD,Electronic technology,Buy,13.070397345101973,11.725990608165098,10.334801177522635,-2.1467084639498406,44.24768946395563,141.60371517027866,15.50552,14.01248,11.257082,7.337913000000001,97.88946460842645,0.06327631080000001,7.262123570069331
BE,Bloom Energy Corporation,304.7,USD,3.7100068073519323,4910234,0.5357615113786285,86670046078.26582,USD,Electronic technology,Buy,258.06796435653536,230.45175852082232,200.25058191877193,-3.5606899825921823,33.59933353794888,236.42486474550074,302.254,285.5135,221.39199999999997,137.0641,nan,0.390582,32.85714285714286
MGCOF,Midea Group Co Ltd.,10.894,USD,-4.102112676056332,1369,0.11471618428329619,86616560027.1595,USD,Consumer durables,Strong buy,11.543268626759163,11.513432706157506,11.478190832056034,-0.7470845481049629,-8.530646515533165,-10.953081575935917,11.452800000000002,11.593204999999998,11.319166000000003,nan,13.418214589019462,0.26254200658,3.4366654531341627
INTU,Intuit Inc.,316.45,USD,2.8336528775224936,4355802,0.5767646626339415,86560782722.44046,USD,Technology services,Strong buy,369.99857456850367,396.1625061066502,436.3809735809211,0.6296308073901998,-20.489949748743722,-52.09657886769603,311.1079999999998,372.5429999999983,394.05160000000035,552.6084750000002,19.16171653133269,3.476374,34.38603629261943
RCRRF,"Recruit Holdings Co., Ltd.",63.66,USD,4.845350637372761,1553,0.10309894311965584,86424037346.18954,USD,Technology services,Strong buy,53.785201730174975,51.44948099837735,50.510239050360724,0.42276627965672886,41.87020859333214,8.653353814644126,61.22840000000002,53.13885500000002,47.75189199999998,51.440354999999926,29.080187624646975,0.66958094906,22.927653716688813
WM,"Waste Management, Inc.",215.185,USD,-0.18785657961872126,812222,0.3792777266479094,86413075140.18779,USD,Industrial services,Strong buy,221.6131794377022,223.68689025026706,224.52749579283073,-0.7449261992619968,-5.979376938873597,-1.8943193216011676,216.38100000000026,220.22024999999962,225.36369999999977,222.08757499999967,31.14380409297479,1.991478,4.211034357937912
MELI,"MercadoLibre, Inc.",1704.26,USD,0.4769569088004102,312810,0.6002426990715725,86401181125.59349,USD,Retail trade,Strong buy,1706.4687388785253,1746.279928815209,1812.502912104311,2.790728532741451,-7.3726432271143745,-15.944859559566964,1678.158,1684.6104999999995,1725.2429000000002,2029.7376250000002,45.00076574126395,8.746084,-6.841315524069561
INGVF,ING Groep N.V.,30.46,USD,-2.8079132099553252,3500,2.1227559437166423,86346471359.39082,USD,Finance,Buy,29.44620403471819,28.874697698304406,28.12095161714094,-2.8079132099553252,7.518531591952004,5.681325353456499,30.14100000000001,28.48785,27.95989,20.18266705999999,12.082977593078423,0.7310483574600001,nan
CSX,CSX Corporation,46.215,USD,-1.9622401357657981,7757572,0.6971007124828843,85873888891.93689,USD,Transportation,Buy,44.587767267901214,43.43454487511185,41.92654674649341,1.6384429294040128,1.126914660831511,26.981728259376286,46.277000000000044,45.500749999999975,43.32770000000001,38.18010000000002,28.267783962321857,0.491241,-2.5801453938743832
MNST,Monster Beverage Corporation,87.7755,USD,-1.6410802330793377,2008934,0.4597895138501137,85845149477.95233,USD,Consumer non-durables,Strong buy,83.28135200721599,81.46196936272554,79.47884182607257,0.4411259869550215,12.735037246339578,14.484805008477883,87.50909999999998,83.75427500000004,78.31171000000009,74.10785249999992,42.59705910899738,0.578868,36.0401399617086
SNPMF,China Petroleum & Chemical Corp.,0.57871,USD,-4.012274008956717,17820,1.5251365091319902,85703661965.42618,USD,Energy minerals,Buy,0.5940144639208768,0.6001078936964204,0.6009008619902743,-4.012274008956717,0.6452173913043463,0.9260551098709323,0.5820188000000001,0.5868772500000004,0.6191645599999999,0.5666313749999996,13.70119032331504,0.0176976,-16.120063077458617
RKLB,Rocket Lab Corporation,147.8,USD,-1.6175198029687672,14487287,0.5286220606885949,85556612983.81018,USD,Electronic technology,Strong buy,111.46631982209158,99.76358838469152,89.22579899746076,4.110167999154727,84.57695910084297,109.2595214498089,140.488,115.03299999999999,89.76640000000003,68.621875,nan,-0.059277,19.985465116279073
NGGTF,National Grid PLC,17.166,USD,-1.4580941446613163,13651,2.9826516343296627,85410236372.85498,USD,Utilities,Buy,17.205256425055378,17.197749162421044,17.016674008942232,-0.34831069313827195,-3.821156432093224,8.1663516068053,17.30679999999998,17.179450000000006,17.295359999999995,15.986299499999998,19.915446943188883,0.46205060000000003,10.73462745815208
KKR/PD,KKR & Co. Inc. 6.25% Series D Mandatory Convertible Preferred Stock,40.99,USD,-0.26763990267639765,113960,0.9655115152244289,85324862948.0,USD,Finance,,41.99657559893147,42.560663266428286,43.75730216797045,0.9108813392417641,-5.596499309074159,-20.998361761588118,40.989579999999975,42.48014500000005,41.90495399999996,48.224986,13.971164661372235,1.388552,27.19035852083061
HCA,"HCA Healthcare, Inc.",383.64,USD,-2.170087976539587,651506,0.4471526385228711,85106618769.63518,USD,Health services,Strong buy,427.788838776567,444.72753043844074,455.1398323703608,-1.529774127310071,-14.746666666666671,-17.638471446972954,390.96800000000013,416.773,454.23569999999984,462.4367,13.193842598324458,7.376126,29.19984359448315
USB/PQ,"U.S. Bancorp Depositary Shares, Each Representing a 1/1,000th Interest in a Share of Series L Non-Cumulative Perpetual Preferred Stock",14.88,USD,0.13458950201885161,8279,0.25333537331701345,84895274187.0,USD,Finance,,14.963736898881747,15.051461236084359,15.160287491107916,0.8130081300813075,-1.3262599469495975,-3.124999999999991,14.77200000000002,14.926250000000007,15.009300000000026,15.500176630000013,3.116752544928993,1.256483,18.199598920551608
USB/PP,"U.S. Bancorp Depositary Shares each representing a 1/1,000th interest in a share of Series K Non-Cumulative Perpetual Preferred Stock",21.94,USD,0.4578754578754644,17550,0.5960831731324425,84895274187.0,USD,Finance,,22.120431354030195,22.270219038025463,22.480516071437158,0.22841480127912614,-0.6790402897238506,-2.9203539823008855,21.89299999999998,22.141445000000004,22.09667799999993,23.17743300000001,4.595534330359013,1.256483,18.199598920551608
USB/PS,"U.S. Bancorp Depositary Shares, each representing a 1/1,000th interest in a share of Series O Non-Cumulative Perpetual Preferred Stock",17.675,USD,0.3691084611016541,18795,0.6640451105505268,84895274187.0,USD,Finance,,17.76877515873272,17.892737166774815,18.07130735528474,0.8271534512264663,-1.750972762645902,-3.0444322545255056,17.542999999999953,17.729005,17.806405999999996,18.69153900000002,3.702190942985212,1.256483,18.199598920551608
USB/PR,"U.S. Bancorp Depositary Shares, Each Representing a 1/1,000th Interest in a Share of Series M Non-Cumulative Perpetual Preferred Stock",15.7,USD,0.19144862795149561,43447,0.48829033758982576,84895274187.0,USD,Finance,,15.818661941130433,15.932597390907263,16.07390652842309,0.5765534913516968,-1.6906700062617492,-3.9755351681957314,15.61200000000002,15.765664999999995,15.869992,16.481088999999994,3.288509069582338,1.256483,18.199598920551608
USB/PH,U.S. Bancorp Depositary Shares repstg 1/1000th Pfd Ser B,19.09,USD,-0.20909566126502432,60726,1.281761192139646,84895274187.0,USD,Finance,,18.907119402320788,18.86797773696758,18.893561202378688,-0.20909566126502432,1.4346439957492008,6.529017857142846,19.055999999999994,18.945249999999994,18.72919999999992,19.057024999999932,3.998575677600435,1.256483,18.199598920551608
USB/PA,"U.S. Bancorp Depositary Shares, Each representing a 1/100th interest in a share of Series A Non-CumulativePerpetual Pfd Stock",775.21,USD,0.02709677419355308,451,0.8321033210332104,84895274187.0,USD,Finance,,777.328505609556,777.7225747898137,780.1271823844653,0.11623251669229263,-1.1211860814813595,0.28589909443726214,774.6375200000003,779.7638849999956,774.1389099999972,793.4443674999975,162.3748481420971,1.256483,18.199598920551608
MIELF,Mitsubishi Electric Corp.,40.26,USD,2.4427480916030557,1269,0.5525078369905956,84589356166.99413,USD,Producer manufacturing,Strong buy,38.90033079166476,37.797672442395985,36.123385398091656,0.649999999999995,3.172569319870841,34.199999999999996,39.493399999999994,40.4105,37.33363600000003,30.006816999999998,32.2349290545746,0.31712652030800004,20.223439291163178
KKR,KKR & Co. Inc.,94.115,USD,-0.96285383563086,2294565,0.5739071124698517,84503309232.35841,USD,Finance,Strong buy,97.05075918780726,98.63339443930937,102.38152466511694,-0.4074074074074128,-7.221017350157731,-26.974705152079455,94.58699999999992,98.30324999999998,96.77990000000004,116.27037500000014,32.07846211527318,1.388552,27.19035852083061
NXPI,NXP Semiconductors N.V.,334.28,USD,1.5307982019195614,1312198,0.40580071387882616,84396031654.60843,USD,Electronic technology,Strong buy,284.19398006694325,265.71642327128444,250.72769631907178,4.367916575603345,43.535574734853355,51.528750481630055,322.40800000000024,302.6454999999998,247.13060000000013,228.1073500000002,31.9863741184801,3.501342,13.848248815294934
USB,U.S. Bancorp,54.362288,USD,-0.5992174072042389,3252450,0.5038705834096174,84386566926.17772,USD,Finance,Buy,54.63167632894032,54.517419632733564,54.0248185581754,-1.4461783901377758,-3.9535547703180245,1.935660978811178,54.7324576,54.69811439999999,54.425645760000016,52.00086143999992,11.386680072053956,1.256483,18.199598920551608
ELV,"Elevance Health, Inc.",387.87,USD,-0.9196106981377942,442714,0.3175499433169399,84230768238.97624,USD,Health services,Strong buy,367.7822865101964,356.096319324806,348.2734446277479,-0.26741405466560914,7.990645098421357,10.583036350677121,390.34000000000003,386.20500000000004,342.7574000000007,334.1889499999992,16.50215706129117,6.194663,-8.294186500195076
ICE,Intercontinental Exchange Inc.,148.37,USD,-0.8950637899939906,1741472,0.5832802433156735,83905095198.66162,USD,Finance,Strong buy,154.61032832831236,156.43237312844806,158.31399311909513,-2.7464604090194005,-6.626809314033983,-8.038924011404488,150.6359999999998,154.16849999999994,157.4815999999999,161.98622500000005,21.602143179534966,1.929298,42.23616633532139
SNOW,Snowflake Inc.,241.895,USD,38.020655026817316,30234119,2.679184252307165,83841507142.89758,USD,Technology services,Strong buy,175.3856259984315,172.41722942927228,177.03701172601959,36.75269242728327,66.65173957974508,10.002273760800366,186.49899999999988,160.33175,154.38649999999998,202.73817499999998,nan,0.44232,16.45828381269312
AMXOF,America Movil S.A.B. de CV,1.36,USD,2.50998718625161,872,0.06942619883599653,83248322247.27821,USD,Communications,Strong buy,1.2908476487751173,1.2452987011070749,1.185299711825552,0,4.2145593869731925,33.33333333333334,1.3413399999999995,1.2755849999999997,1.1003013999999998,0.9145318500000001,16.806647254395916,0.024146545920000005,203.85455876821186
JCI,Johnson Controls International plc,136.2625,USD,-1.4019536903039076,1157783,0.3738470968108972,83135875188.96878,USD,Producer manufacturing,Buy,138.8259812896463,137.22177649188,133.69811696908963,-2.995301487862184,-3.7014134275618455,13.11846256018595,137.70249999999987,140.798125,138.58384999999996,122.88188750000006,24.371758182793773,1.293988,49.09730926158032
BCLYF,Barclays Plc,6.11,USD,0.3284072249589567,17798,0.2627410514070774,82807362168.41864,USD,Finance,Strong buy,5.962797598038319,5.925226978566929,5.865455177633898,-1.451612903225804,7.950530035335691,-2.239999999999995,6.047999999999998,5.874499999999999,5.710049999999995,5.6564880000000075,10.162236530296438,0.19715322000000002,18.367794117082507
CHGCF,"Chugai Pharmaceutical Co., Ltd.",50.1,USD,4.098488390213503,704,0.2895213028458628,82452723266.60336,USD,Health technology,Buy,52.045102897372864,53.04453852670499,53.49628202678392,2.16150081566069,4.800753059303424,-6.651760760201229,49.39049999999995,50.92413000000001,53.127152000000066,51.39809550000001,28.952051923838276,0.474586640668,4.159491019369339
SLB,SLB Limited,55.1125,USD,-2.4557522123893856,7671347,0.6662311073489896,82396362927.15465,USD,Industrial services,Strong buy,54.45199304918688,52.930011859438686,50.56359390204555,-3.6494755244755344,-1.3205013428827292,43.48476959125228,56.824500000000015,55.963125000000005,53.44725000000008,43.36976249999995,24.165789704463734,0.518714,-22.62595419847327
RACE,Ferrari N.V.,345.895,USD,3.8037932897184907,799463,0.9743717997047378,81776781179.56784,USD,Consumer durables,Strong buy,343.08556091942216,345.79720812380606,353.87684699026323,3.781991658915647,0.5888853345741056,-6.781922061122195,341.33099999999996,335.7112499999998,339.8964999999997,386.6971249999996,33.334478527515934,2.8489688028,8.872330655924301
DDOG,"Datadog, Inc.",228.94,USD,3.2144628285469525,3318823,0.6787676456276606,81493526527.2793,USD,Technology services,Strong buy,184.32887136649504,167.7204961045386,155.91963335971832,2.896694307737249,71.61919040479759,66.80510018214936,222.952,193.355,150.8504000000001,143.30275,610.9954630370963,0.580713,-18.825823223570197
CVNA,Carvana Co.,74.255,USD,1.7191780821917746,5257736,0.544134369562911,81445538327.36754,USD,Retail trade,Strong buy,71.9482808195279,71.82758931798963,71.97195234671149,6.397764722739631,-6.861084979617434,-11.953376968317212,70.01500000000001,72.17665,70.25202,73.80731000000006,37.269122666131295,0.385747,248.80952380952377
EPD,Enterprise Products Partners L.P.,37.48,USD,-1.3424585417215191,1946735,0.4213194226623095,81088669861.87207,USD,Industrial services,Buy,38.03045322941174,37.532382648350975,36.671604252362364,-4.241185487991834,-2.6493506493506573,16.760124610591884,38.59399999999997,38.54049999999998,38.135,34.07490000000003,13.933085501858734,0.744308,1.055636951049994
NPPXF,NTT Inc.,0.948308,USD,1.2176326182089963,50,0.0001813348420392191,80829328726.25,USD,Communications,Strong buy,0.9522750268542322,0.9594705748359476,0.9690457003974124,-3.9590844642495453,-0.2778274357221644,-7.931262135922328,0.9411016,0.9506528,0.9622125200000007,1.004754585,11.943593264016327,nan,-0.3344991850034472
MPWR,"Monolithic Power Systems, Inc.",1641.725,USD,1.3304159440058658,225050,0.37003865798217206,80657953191.75317,USD,Electronic technology,Strong buy,1516.880505806376,1427.4200625760066,1320.7277259059808,-0.5310544141436846,7.490923614316618,76.9853547576824,1615.1869999999994,1592.3532499999994,1410.8220999999999,1091.0659,118.27989913544667,5.845609,-63.151159888922514
VCISF,Vinci SA,144.165,USD,2.208436724565743,18816,6.773218142548596,80467053335.6376,USD,Industrial services,Buy,148.3714675995172,148.37997322870095,147.10381747003083,0,-6.23414634146342,1.9554455445544456,147.42500000000013,148.91061500000004,144.50830400000004,132.07424250000005,14.196058962831508,4.1451681,16.304065595490236
CP,Canadian Pacific Kansas City Limited,90.565,USD,-0.7615603769450005,3186900,1.013870869519696,80397844723.67804,USD,Transportation,Strong buy,85.75763359261491,84.16264699878637,82.3175628968039,4.9420625724217855,4.073776143415309,22.666937559257754,88.78300000000009,86.39274999999994,83.22050000000003,77.65952500000004,28.08527282880941,0.8952610241999999,12.587181014183418
LLDTF,Lloyds Banking Group plc,1.3824,USD,3.1641791044776117,103,0.00833771805561177,80357673896.80942,USD,Finance,Strong buy,1.31042557268473,1.3000005146517672,1.283635071983871,0,9.714285714285719,1.64705882352941,1.3384800000000006,1.3131000000000002,1.3260980000000004,1.0683803749999998,13.354895925713393,0.03430823,nan
MHVYF,Mitsubishi Heavy Industries Ltd.,23.91,USD,-3.0413625304136254,67416,1.5277894235889997,80340361091.30917,USD,Producer manufacturing,Strong buy,26.985821034641575,27.72810490138052,28.004700638710226,-6.124852767962303,-18.13746469228794,-0.7883817427385945,24.769139999999993,27.21105250000003,28.520529,28.006118250000007,38.4099890260846,0.159175402436,27.880891365054783
CIEN,Ciena Corporation,568.09,USD,-2.403449697636065,1125286,0.6321797720742501,80327032049.75801,USD,Electronic technology,Buy,527.8931312747407,484.5793374458142,426.330405915257,-3.8764805414551553,17.131958762886605,135.72199170124483,584.7060000000004,561.854,497.6999999999999,279.86327499999993,360.76077983107893,1.458569,191.7191552426825
ABNB,"Airbnb, Inc.",132.98,USD,0.6661619984859921,1468768,0.4241003876266132,80147700813.25056,USD,Consumer services,Buy,134.54991205156435,133.69703513070823,132.41271534517844,0.4608294930875464,-5.641098417654167,-2.177431219655736,132.87199999999999,135.99149999999995,134.319,128.52162499999997,32.754501342397596,1.256582,2.1538384117957854
NET,"Cloudflare, Inc.",226.515,USD,8.266418124462282,2987656,0.9390963903271112,80065407593.84871,USD,Technology services,Strong buy,208.73637265879185,204.8879558998,201.792932820721,4.746820809248549,6.993056539606054,13.883861236802403,216.41899999999995,213.17924999999983,208.4871,204.28152499999996,nan,0.269454,-4.503367003366998
MDLZ,"Mondelez International, Inc.",62.2805,USD,0.04899598393574863,2524691,0.38294766365295746,79946350140.29834,USD,Consumer non-durables,Strong buy,60.52338034340218,59.86148981333065,59.459664163921715,0.5497255408459893,7.176905868181043,15.462550982573243,61.80609999999998,61.50602499999999,59.16320999999997,58.931852500000005,30.879319748128314,0.677916,-25.044596402556852
EMR,Emerson Electric Company,141.7275,USD,1.4368021757801268,1212059,0.4402877699932409,79381569983.81842,USD,Electronic technology,Strong buy,138.67144506476973,138.83013581065745,138.6838610822325,2.887477313974586,0.9670869843983668,6.378068002702096,138.74749999999992,137.84937499999992,137.10014999999999,137.3133875,32.698297342192696,1.679454,3.4463007159904335
MMM,3M Company,151.961,USD,-2.068054391957192,1579017,0.4368557898953769,79257881574.0358,USD,Producer manufacturing,Buy,149.19879419921085,150.42119854550197,152.4436438652735,-0.756922675026118,4.487227971258645,-5.083697688944398,153.04020000000006,147.44204999999982,147.12561999999983,157.64765499999993,29.316857660994717,2.225031,-34.5232681521904
NOC,Northrop Grumman Corporation,557.56,USD,1.1281604817353925,558876,0.7584028373544839,79192181222.93878,USD,Electronic technology,Strong buy,585.1972823769921,606.718313079573,618.529476181763,-0.030480698545904426,-4.19272802254452,-2.1120455064169112,554.5719999999999,555.6374999999996,619.9702,619.22605,17.419340729377875,6.81095,25.97993490059943
MCO,Moody's Corporation,450.54,USD,-0.22588360350783546,519591,0.5323064708217546,78709336199.07721,USD,Commercial services,Strong buy,447.3751364066634,450.67315660971633,457.317979282311,0.06663113006396841,-3.0971738288811412,-11.610295848701249,449.53799999999967,447.4345000000001,445.1619,477.8929749999992,32.305805924236886,4.188301,20.48362433153924
BAESF,BAE Systems PLC,26.8036,USD,0.6897069872276425,4986,0.19537923791908965,78652025901.41449,USD,Electronic technology,Buy,27.44942792455421,27.67620274080678,27.49161378661796,2.626974250981142,-2.9206809127127853,14.05787234042553,26.631919999999997,26.90022250000003,28.46226300000002,26.336598749999993,29.245603186801407,0.520573878,14.336737814628211
BAM,Brookfield Asset Management Inc,48.99,USD,0,1070441,0.42807374791524994,78226566555.27188,USD,Finance,Buy,47.99182910334019,47.97827355657673,48.63300009074723,1.7445482866043687,4.322827938671212,-6.489788127505247,48.72799999999999,48.468249999999955,46.742800000000074,51.99214999999998,31.756865733247402,0.4319197823999999,13.918809923757516
ENGQF,ENGIE SA,30.5399,USD,-3.8234553127165145,8998,1.2260693019389828,77222965397.06071,USD,Utilities,Strong buy,31.701373300835606,31.514069481973294,30.676025897197654,-5.57785060598566,-10.649795201872442,14.596247654784243,31.598380000000002,31.964894999999995,32.54479,27.362760500000014,17.224594426250988,nan,3.5250456672288224
MRSH,Marsh,159.79,USD,-0.4981630238495618,1329081,0.5396143977561855,76985940541.08675,USD,Finance,Buy,165.61644378758447,168.83566510148668,173.22109139494466,-1.7402533513713028,-7.298253756454147,-13.350685971476604,162.3160000000003,163.71999999999997,169.62380000000047,184.00565000000003,19.99349357490522,2.91381,-1.9711019527033586
HLT,Hilton Worldwide Holdings Inc.,337.48,USD,0.22570681872178394,849661,0.6511082682514476,76826774367.7402,USD,Consumer services,Buy,322.57329096157036,317.9449100555809,311.06375468996026,4.797689656243222,4.347288355698473,17.64213755359571,328.36999999999995,319.8934999999999,317.67220000000003,291.49350000000027,51.58745930081475,2.2672,3.1910530632847522
GM,General Motors Company,84.79,USD,0.7964812173086087,3721099,0.5390545885956758,76452191508.6839,USD,Consumer durables,Strong buy,78.85276551465034,78.13261308958775,76.94531215355988,6.923076923076935,8.68422739216818,4.151824100233399,80.93999999999997,77.35700000000006,76.75600000000007,72.46729999999997,34.20054856405292,3.194513,-64.28849228641805
EIPAF,ENI S.p.A.,26.05,USD,-8.403656821378341,180,0.00751882839945029,76190979222.06483,USD,Energy minerals,Buy,27.14493328269139,26.173989930385876,24.654181420594075,0,-3.159851301115234,27.011214041930756,27.862000000000002,27.121625,23.130810000000007,17.5626655,28.89145276902715,0.8741339791200001,1.8868168523695046
ANZGF,ANZ GROUP HLDGS LTD,25.21,USD,-2.229978669769243,300,0.26605179141539553,75876990877.04611,USD,Finance,Buy,25.92590151464392,25.525674821993572,24.592275119191747,0,0.5584363781412068,0.17881978939003262,26.308500000000002,25.469750000000005,21.74483602,nan,18.66880013803508,0.850022517,-0.12334411998343688
CI,The Cigna Group,286.11,USD,0.1259842519685087,584366,0.4063219983249677,75685367730.48094,USD,Health services,Strong buy,282.38707955413884,280.5535201886482,280.0776774849451,1.0989399293286266,0.5058488776478018,3.41574495770982,284.1900000000001,286.6529999999999,278.2822000000001,282.31395000000003,12.120942528151293,7.55513,30.779203510404905
SU,Suncor Energy Inc.,63.48,USD,-0.7659840550257965,1324516,0.43812129902371744,75345110962.14102,USD,Energy minerals,Strong buy,64.7572415604274,63.01470301466905,59.89216158362135,-4.159432324299845,-2.2933661690010805,43.49005424954791,65.61600000000003,66.72049999999994,65.29000000000002,50.64054999999999,16.799999113315735,1.9764794066999996,12.754683562320244
RCL,Royal Caribbean Cruises Ltd.,280.7,USD,2.009666751462722,1585946,0.48699131587537964,75282333663.11116,USD,Consumer services,Strong buy,271.0934966679595,274.57800090957244,279.0658100824788,7.920030757400987,9.708434300007806,0.7899461400359026,268.0000000000001,265.0545000000001,269.06500000000005,293.7347499999998,17.134241625158705,3.936266,37.58860483085296
SHW,Sherwin-Williams Company (The),304.62,USD,-1.7259734813046497,898666,0.4046531605769242,75130142896.17311,USD,Process industries,Strong buy,315.5543493619118,321.16051791409666,326.8570430066745,-2.365384615384614,-10.937637049381625,-5.763341067285381,308.852,310.84550000000024,319.7690000000005,339.0798000000002,29.23276234345761,3.504061,-1.3938568103105617
APO/PA,"Apollo Global Management, Inc. 6.75% Series A Mandatory Convertible Preferred Stock",66.43,USD,-0.5836575875486177,7737,0.19227423868149127,75102939414.0,USD,Finance,,65.38249885412095,64.81282721496058,65.19588388414058,-0.0451399337947441,3.5703149360773407,-13.086710496189445,66.73200000000006,67.1345,62.90889999999999,67.62671650000006,43.68382981521668,2.198806,-73.13820391436445
HOOD,"Robinhood Markets, Inc.",83.24,USD,9.195854650400094,25932408,1.2242680092953395,75024657507.07542,USD,Finance,Strong buy,78.25289355409306,79.90752793990157,84.17897649122922,11.73904288878447,2.1851215320402666,-27.917005836609572,76.62399999999998,76.81599999999986,76.3615,104.00147500000001,40.25729070948397,0.39612,18.0126705096741
APO,"Apollo Global Management, Inc. (New)",129.43,USD,-0.6448146157979607,1149713,0.40007393820056736,74618664683.76465,USD,Finance,Strong buy,126.84404902672922,125.2406544251766,125.4830552268231,0.4891304347826051,4.3117343649258615,-10.744086614716217,129.80400000000003,131.02799999999996,121.32140000000005,129.16449999999998,85.11211941868876,2.198806,-73.13820391436445
COHR,Coherent Corp.,377.79,USD,-0.6286495870377153,2570359,0.5404816351907772,73910580302.08252,USD,Electronic technology,Strong buy,344.8108743644986,319.255200714782,286.26908163371473,-1.4439444335746348,24.068965517241384,100.95212765957449,378.9780000000001,361.43,317.9068000000003,201.9522500000001,180.3637926095675,1.615235,nan
ECL,Ecolab Inc.,262.59,USD,0.0038083631655079996,578884,0.34583001647352957,73902669345.85606,USD,Process industries,Strong buy,260.70656200753973,264.2385780190591,267.22037534168624,3.142307239090291,-1.960125448028674,0.5321592649310821,256.58,254.14700000000002,262.0240000000004,271.70090000000005,35.50672706375498,2.072333,0.5971489199629989
BSX,Boston Scientific Corporation,49.59,USD,-1.7241379310344775,26264577,1.2981369050622817,73708348197.25862,USD,Health technology,Strong buy,57.38143172979719,61.89874502129023,68.25568340251033,-14.129870129870122,-17.63826606875934,-48.19264521521103,54.52400000000009,55.11100000000001,60.56419999999997,85.49605,20.794196578329423,0.830996,74.73622508792495
CL,Colgate-Palmolive Company,91.9,USD,0.6682002409902502,1898702,0.3984989657234373,73537400261.8414,USD,Consumer non-durables,Strong buy,88.76969731370566,88.21273990031312,87.52253722929682,1.4684774207795215,7.787942763312221,16.43228176865577,90.81799999999969,88.53950000000032,86.1818000000003,84.12637500000011,35.660238252299095,0.94859,-27.029475889798103
MPC,Marathon Petroleum Corporation,250.84,USD,1.534102408419345,1259157,0.6188529430455476,73229381408.47667,USD,Energy minerals,Buy,242.94106360810147,234.94527918642407,224.41692205088805,-0.40498689748273253,9.041905755520784,54.03131716303347,249.80400000000003,251.38749999999996,239.99899999999982,200.6293500000003,16.39134298708767,11.596183,114.97787455222308
ORLY,"O'Reilly Automotive, Inc.",88.36,USD,-0.7414064255223507,3095081,0.5363559030842898,73225262404.6183,USD,Retail trade,Strong buy,91.34177787713537,92.03645851707655,92.90984950996867,-1.5048489577527526,-4.856250672983746,-2.622878554110641,90.26600000000006,92.28199999999983,92.00820000000016,96.63192500000002,28.870156178527086,0.863529,12.50964967099217
ROST,"Ross Stores, Inc.",226.605,USD,-2.9404206107851154,1482251,0.4889741637409334,73000384822.52563,USD,Retail trade,Strong buy,223.6087271920155,218.81330201933545,210.44092473741108,-4.100400348718131,-0.4721539002108297,25.480369898665476,229.35099999999966,222.37874999999994,220.9882999999998,184.77907499999995,31.59622972991815,1.935928,13.418414144289455
VOLVF,Volvo AB,35.44,USD,6.7469879518072124,596,1.2045270816491511,72132788940.50652,USD,Producer manufacturing,Buy,34.75149110492311,34.60705432832879,34.15442257001599,0.8250355618776647,1.3367646007577416,8.089973313000371,33.78490000000002,34.57536999999999,34.99509800000002,31.610854500000002,20.833774228668304,0.5822532565,-24.52454140163562
CNI,Canadian National Railway Company,118.59,USD,-0.01686198465559061,708078,0.6755871880416685,71936691372.86891,USD,Transportation,Buy,112.64809546407949,110.48209595260563,107.95208633182007,3.0052983583774933,3.0052983583774933,19.884755357864943,116.40000000000002,112.96850000000002,109.27280000000005,101.01685000000006,21.718709033957293,1.3809115454999998,10.05730492344155
VLO,Valero Energy Corporation,242.125,USD,0.7426978447199786,816813,0.2980902456045005,71894845785.96988,USD,Energy minerals,Buy,241.05233762762174,234.63281191708154,223.4869673856387,-0.4665789690043538,0.3876611799825873,48.315467075038285,242.39300000000017,247.01825000000002,242.84009999999998,192.70912499999997,17.58325950240374,9.641645,385.49871311215315
ITW,Illinois Tool Works Inc.,248.78,USD,-0.6033001718007075,605663,0.48318247551171445,71574007117.21892,USD,Producer manufacturing,Buy,256.1254202901535,259.3142435103732,260.9674004024339,-1.7844453217528662,-8.277107989529188,0.8635718629637119,250.3220000000002,252.08749999999986,260.1508,260.73700000000014,23.097205459103147,2.785898,-5.191535807337499
EOG,"EOG Resources, Inc.",134.3,USD,0,1917574,0.6774115955460219,71532006356.0,USD,Energy minerals,Buy,135.89717809884036,133.6437103247161,129.86201350145396,-3.9959968546715103,-1.031687546057463,27.904761904761912,137.2,137.55500000000015,138.00839999999994,119.55069999999996,13.206934870044941,5.005738,-5.629437149088195
KMI,"Kinder Morgan, Inc.",32.005,USD,-0.6672873991309631,3463559,0.3799103119810703,71205548700.90643,USD,Industrial services,Buy,32.61058117063984,32.33861280275674,31.70430025203934,-4.831995242343146,2.089314194577356,16.42415423790471,32.87699999999999,32.76374999999996,32.6923,29.41282500000002,21.589989206691854,0.312845,28.168770534324732
CRH,CRH PLC,106.38,USD,0.1223529411764663,1627844,0.29680303563062604,71083136777.39067,USD,Non-energy minerals,Strong buy,108.42220098005758,110.2369261399747,111.88638297635096,6.433216608304145,-8.039419087136938,-15.23505976095618,103.22799999999992,108.077,109.5632,115.90339999999993,19.712046250486406,2.028324,14.203787958946137
OVCHF,"Overseas Chinese Banking Corp., Ltd.",15.8,USD,-13.186813186813179,206,0.023495061474942406,71007230859.35788,USD,Finance,Buy,16.235615127663014,15.691728570861265,14.963716076020203,0,1.607717041800643,10.489510489510488,16.685999999999986,15.345250000000002,13.496207320000003,9.868284389999998,12.472016898793532,nan,3.6317528876672784
TNCAF,TC Energy Corp.,14.5,USD,-5.581131854321459,600,0.6571021793888949,70893246224.24908,USD,Industrial services,,14.411002112776266,14.2092271739079,13.938537072007785,-5.581131854321459,-0.6379727405417611,2.0501523714344003,14.77882,14.139110000000002,13.449093999999997,12.116077800000001,6.321228132633302,0.5882645417999999,-21.54950744946246
TRPRF,TC Energy Corp.,17.1752,USD,-0.008150623522701173,200,0.10703200256876806,70893246224.24908,USD,Industrial services,,16.945574960903823,16.756889796225295,16.374897093699065,0,4.092121212121214,1.0305882352941191,16.856200000000005,16.88199,15.411178000000005,nan,7.487472925765758,0.5882645417999999,-21.54950744946246
PSX,Phillips 66,176.75,USD,1.2139953043577876,848636,0.40663818499287957,70865268194.29222,USD,Energy minerals,Buy,172.7291833090362,169.23835776155912,163.58303546080862,0.5976095617529945,5.990645238666352,37.01550387596899,175.39999999999998,175.72500000000002,172.3175999999999,147.72424999999998,17.394256696911842,6.463789,131.74147053457398
TDG,Transdigm Group Inc.,1265.035,USD,1.9441377698624394,207485,0.5239790130602688,70757941241.29759,USD,Electronic technology,Strong buy,1211.6809952433043,1221.418712555807,1243.19126677696,3.159529964364067,8.35046336742211,-4.8151659480974764,1230.9550000000017,1198.9627499999988,1193.8453000000006,1293.188075000001,39.464021662496805,10.222805,8.239322242219385
TRPPF,TC Energy Corp.,18.1766,USD,-0.40219178082191487,500,0.2570429775858524,70729879448.89491,USD,Industrial services,,17.915892715775815,17.759709432583254,17.52071006980772,-0.0033008384129491982,-0.12857142857142173,3.099227461968679,18.227540000000012,17.874764999999996,17.450916,nan,7.9240300190084465,0.5882645417999999,-21.54950744946246
B,Barrick Mining Corporation,42.1855,USD,2.267878787878782,8003826,0.695355113648334,70675916378.13495,USD,Non-energy minerals,Strong buy,41.62604557218353,41.952965190068106,41.6917074572024,1.651807228915657,5.834169593577517,-4.438781288934207,41.49909999999999,41.58977500000002,41.03590999999999,39.40482749999999,11.685084873306778,0.8690870654999998,179.97248220371966
NKE,"Nike, Inc.",47.5372,USD,3.3866898651587687,14059968,0.6913812351831222,70397233515.10269,USD,Consumer non-durables,Buy,46.11115135864657,48.28189830443964,51.6467781222609,6.347203579418334,4.753635962979277,-25.723125000000003,45.50343999999998,43.75086000000003,45.862543999999986,61.19623600000003,31.272416288402077,0.117362,-49.42272500415904
TRP,TC Energy Corporation,67.555,USD,-0.9457478005865044,684080,0.3144148653774623,70339516846.48854,USD,Industrial services,Buy,66.35217263112642,64.92485307316657,62.95237476920495,-4.231641621774878,8.48723301750442,22.804944555535375,69.35099999999997,67.59675000000001,64.60410000000013,57.540724999999995,29.450383896554673,0.5882645417999999,-21.54950744946246
RNMBF,Rheinmetall AG,1510.2,USD,5.94177481585409,91,0.23859465128474044,70287753951.3884,USD,Electronic technology,Strong buy,1532.6154502165482,1611.0940338175533,1695.8471177426545,7.4875444839857686,-3.8089171974522262,-20.536700868192575,1444.3900000000003,1464.9986250000006,1616.5912700000001,1904.9587664999997,83.82910729808238,8.255758637880001,-0.061595264786545735
NSC,Norfolk Southern Corporation,310.41,USD,-4.6886514369933625,2344486,1.7974184945002654,69716220153.58778,USD,Transportation,Buy,309.72560748193536,306.64083180728585,302.5732377939524,-1.5571482937967678,-3.2990654205607397,7.449202118453403,316.4559999999997,314.9820000000001,303.2221999999997,294.2509500000001,26.162040978010772,3.146421,-18.973311844405593
AEP,"American Electric Power Company, Inc.",128.01,USD,-1.2039824033341069,2057522,0.4028095464783017,69650874673.70503,USD,Utilities,Buy,130.37556799917365,129.91988248732704,128.05182843559462,-2.9786266484765855,-6.075280651551839,10.888773388773384,129.936,130.98449999999997,131.86459999999997,121.73789999999995,18.93386975106864,1.514614,30.44124172792346
CTAS,Cintas Corporation,172.795,USD,1.7278935594018447,895434,0.4841164315821156,69133055476.97888,USD,Commercial services,Buy,173.4480368038998,176.4355033015787,180.51632314666887,0.2407471864485393,-1.1243991760128196,-7.881970359313373,171.80699999999993,169.59175000000022,172.98649999999975,189.59477499999974,36.46464220144765,1.240429,9.946635730858471
DASH,"DoorDash, Inc.",157.965,USD,0.24432034522146903,1816634,0.38938494684317626,68828313365.23962,USD,Transportation,Strong buy,163.97827369140845,168.21955119249282,176.42443393899842,-1.7080455478812797,-8.759313810431463,-31.23884560135811,157.81300000000002,161.4027499999999,162.9802000000002,209.07612499999985,75.24292655044297,0.461204,174.50313807531379
DPSTF,Deutsche Post AG,61.08,USD,5.638187478381179,1751,0.41946147949405904,68363382391.83392,USD,Transportation,Buy,57.16277133914072,56.31979384163266,55.248122493339615,4.948453608247415,8.029713477184293,11.888624290163024,57.23155999999999,56.55006499999996,55.58860400000004,47.41965850000007,17.120986267386414,0.9181332234600001,15.294024135682442
JAPAF,Japan Tobacco,38.4039,USD,-6.286237188872613,12,0.0011393306432470923,68161296928.71172,USD,Consumer non-durables,Buy,38.10917602244835,37.80760187452023,37.31929262742765,-6.286237188872613,9.257183499288768,1.6514028586553706,39.88578,38.803295,37.946020000000004,31.192140500000022,19.694861237087615,0.6605475701400001,189.52330676486494
MSI,"Motorola Solutions, Inc.",410.35,USD,0.40126250886938003,409971,0.3576415968343863,68116282757.22884,USD,Electronic technology,Strong buy,415.2063516543664,420.41178195737484,422.7230585962682,1.811189678699916,-5.097250167672694,7.051549619117194,406.7719999999998,410.71049999999985,430.0602000000001,427.83360000000016,33.08233700690912,3.849226,3.4787976874754927
MURGF,Muenchener Rueckver Ges,536.244,USD,-0.16309204647005815,183,0.377164056059357,68086964480.079926,USD,Finance,Buy,581.2788114425124,596.1985594536891,608.0845006781072,-2.824948852279574,-14.586890593542128,-19.99999999999999,543.2408000000005,571.7249999999999,608.2094400000003,627.2052274999998,8.904634976344642,14.254774976340002,59.852461482466666
DLR,"Digital Realty Trust, Inc.",193.52,USD,0.9441343696207826,521103,0.2908283285587756,68004104447.35737,USD,Finance,Strong buy,191.7052033134659,188.39369816266307,183.74285598077986,-0.5038560411311,-0.7437041596142938,25.142265907915174,193.04000000000002,194.1705000000001,190.30939999999975,172.96099999999976,51.186288253498034,0.484044,251.46416287068885
LITE,Lumentum Holdings Inc.,873.56,USD,-3.1862663607850963,3600583,0.6815983718191382,67962970482.30414,USD,Producer manufacturing,Strong buy,882.758284953598,822.165042998559,725.2020869843425,-9.28858474989876,7.351242411581087,130.25989772787176,919.6160000000002,942.6604999999997,862.6700000000002,454.34272500000014,162.1276516768434,2.950344,nan
AON,Aon plc,318.21,USD,-0.10359766434358036,600824,0.4350176367698595,67962323105.5855,USD,Finance,Buy,319.9114210340182,322.4463168649419,327.160641561888,-2.470346645416374,-2.6076576990175493,-9.372863978127144,321.0079999999996,316.78249999999997,321.32280000000037,341.16280000000086,17.460465524620567,3.820988,55.29197235784827
MKGAF,Merck KGaA,155.719,USD,2.365895345779641,83,0.07232485186476124,67703175844.37596,USD,Health technology,Strong buy,142.86775924142222,140.80479724208345,139.77644539204405,1.7957534712234824,23.611033935304626,5.394283548450412,152.76400000000007,141.07900000000006,134.66156200000003,137.587038,23.14309961621713,2.3196383942400005,-4.042813325539984
WBD,"Warner Bros. Discovery, Inc. - Series A",26.985,USD,-0.5711127487103947,6423588,0.3961709008081276,67655082834.331055,USD,Consumer services,Buy,27.120138748357064,27.129906763862653,26.621025314397894,-0.05555555555555766,0.055617352614017686,-6.269538034039596,27.051,27.11424999999999,27.221099999999982,24.03382500000001,nan,-0.14828,84.13440799182655
DLR/PK,"Digital Realty Trust, Inc. 5.850% Series K Cumulative Redeemable Preferred Stock, par value $0.01 per share",22.695,USD,-0.1100352112675994,2553,0.14018768566768985,67368059444.0,USD,Finance,,22.730349999405092,22.85188060147312,23.054999870879644,0.9115162294353129,-1.0248582642825967,-5.002092925910424,22.632999999999992,22.717085000000047,22.594333999999932,23.714885500000108,6.002856613854577,0.484044,251.46416287068885
DLR/PL,"Digital Realty Trust, Inc. 5.200% Series L Cumulative Redeemable Preferred Stock",20.41,USD,0.6410256410256361,7757,0.35215871430517093,67368059444.0,USD,Finance,,20.17358812774829,20.211975110329345,20.346169846984893,1.8971542685970992,1.5928322548531622,-0.6812652068126548,20.190000000000026,20.178054999999883,19.986622000000082,20.98041199999994,5.398471182585236,0.484044,251.46416287068885
DLR/PJ,"Digital Realty Trust, Inc. 5.250% Series J Cumulative Redeemable Preferred Stock",20.59,USD,0.34113060428850045,3509,0.3944070406546101,67368059444.0,USD,Finance,,20.42287734842661,20.49162024007943,20.655872174311828,2.3359840954274294,1.2291052114060963,-1.0096153846153886,20.357999999999976,20.424054999999935,20.353241999999995,21.391298500000016,5.446081413494856,0.484044,251.46416287068885
SPG,"Simon Property Group, Inc.",206.985,USD,0.10398026793055251,437694,0.33227280905324863,67121494885.539185,USD,Finance,Buy,201.6527970515233,199.18328009904036,195.8772910853702,0.8354849710137884,1.832628160976101,12.205236623841282,206.00099999999992,203.22124999999983,197.7861000000003,187.94612499999985,37.873963879892415,1.63,-18.347253141294775
SPG/PJ,"Simon Property Group, Inc. Simon Property Group 8 3/8% Series J Cumulative Redeemable Preferred Stock",54.0,USD,-0.6439742410303614,213,0.298110566829951,67051774271.0,USD,Finance,,54.0910666793731,54.0353564299889,54.04477782114005,0,1.1994002998500761,1.0857356795207755,54.2218800000001,54.16101499999994,53.8504100000001,53.85483200000001,9.880880496239778,1.63,-18.347253141294775
ET,Energy Transfer LP,19.395,USD,0.33626487325401594,4593992,0.45579893989157383,66741282026.79747,USD,Industrial services,Strong buy,19.52238521323429,19.27486799079227,18.906464750076964,-2.3659702995217664,1.1737089201877822,17.90273556231003,19.680999999999987,19.954750000000004,19.438699999999987,17.859975000000016,16.296949836148222,0.376432,-10.370537731586094
ET/PI,Energy Transfer L.P. Series I Fixed Rate Perpetual Preferred,11.5,USD,0,82855,1.5345166703090334,66517606681.00001,USD,Industrial services,,11.680207460845583,11.711660469161545,11.709538326779196,-1.4567266495287055,-4.564315352697101,0.3490401396160484,11.54601999999999,11.703950000000011,11.744127999999996,11.626062500000005,9.663053524913874,0.376432,-10.370537731586094
SFBQF,Softbank Group Corp,1.37875,USD,-2.5618374558303967,12297,0.17902117041441137,65730203438.26587,USD,Communications,Strong buy,1.3832078965687316,1.381406674148117,1.386629033257952,-0.09057971014492561,-2.2163120567375887,-8.083333333333337,1.3637499999999982,1.3951875,1.3584590000000012,1.4253982499999995,19.484900656910586,nan,-2.032713307970299
F,Ford Motor Company,16.44,USD,3.526448362720406,62821084,0.7208643138369757,65508347674.314865,USD,Consumer durables,Buy,13.80979309510924,13.406398971477913,13.158529045403697,11.231393775372139,31.309904153354648,24.73444613050077,15.248,13.243000000000027,12.5384,12.737725000000014,nan,0.333353,-212.7644230769231
NBNKF,Nordea Bank Abp,19.29,USD,2.7156549520766666,265,0.06457272350690807,65441321672.606476,USD,Finance,Strong buy,18.632045458472387,18.474228794575218,18.085120179726477,0,3.293172690763044,0.6784968684759864,18.761,18.743544999999997,17.547630000000012,13.401942894999998,12.209104362034818,0.41279828028000004,4.056437979256764
FIX,"Comfort Systems USA, Inc.",1856.85,USD,-0.5484470486157609,196389,0.5380048872427623,65365625212.03607,USD,Industrial services,Strong buy,1783.2835923502057,1675.3863897105769,1528.1344053306814,-1.09380867536494,6.715517241379305,97.87404092071611,1854.216,1918.8939999999998,1694.3450000000003,1165.8208000000002,53.59477690129625,10.418905,107.81259372113385
REGN,"Regeneron Pharmaceuticals, Inc.",623.24,USD,-0.7168572976072896,708389,0.5548470606591034,65339874235.37453,USD,Health technology,Strong buy,688.7924886530178,706.5513312411513,713.8236270880058,-2.9901159623317044,-17.052850127101163,-19.504036164029706,633.4139999999991,680.4494999999986,721.9626000000004,694.4408749999991,15.185345814795504,10.852372,4.472156251829569
KDDIF,KDDI Corp.,17.025,USD,-2.7142857142857224,3655,6.0363336085879435,64398596246.33892,USD,Communications,Buy,16.40804685015661,16.417838616417992,16.416712619761718,0.9786476868327352,2.8700906344410746,-3.2670454545454706,16.538999999999998,16.571999999999996,16.478448000000004,15.755492027499992,14.727230509699497,nan,7.236633294742717
MFC,Manulife Financial Corporation,38.29,USD,-1.0849909584086843,8401142,2.564721645704698,64202491627.03195,USD,Finance,Strong buy,37.99534753188036,37.48325677126261,36.80622336721088,-2.0465592223075064,-0.7002074688796761,5.22121461940093,38.62999999999998,38.932,37.38220000000002,34.87340000000001,15.298571329032256,0.7865640332999998,35.8905013511072
NU,Nu Holdings Ltd.,13.205,USD,1.3430544896392995,22332068,0.3515516530782234,64184211558.369156,USD,Finance,Strong buy,13.61310316915298,14.07607683240479,14.52546107798899,1.4598540145985364,-9.181568088033007,-22.59671746776084,13.020999999999992,13.35274999999999,14.054300000000014,15.490425000000005,20.35923527597903,0.211617,47.543221110100085
BKR,Baker Hughes Company,64.1,USD,1.424050632911379,4709174,0.6243581556226732,63591602164.86708,USD,Industrial services,Strong buy,64.27071082663394,62.91924495188538,60.51835124004451,-2.966999697244941,-6.9193349306614405,40.20122484689413,65.178,65.90025,63.7865,53.717450000000014,20.43809584542295,0.488033,7.1213880729558
APD,"Air Products and Chemicals, Inc.",284.4175,USD,-0.4593497357645329,431927,0.3952743553262292,63334288886.125046,USD,Process industries,Strong buy,291.1351224385058,289.0643369905327,285.1658185840586,-1.589045361752179,-6.769757760513972,15.956254076973263,287.8814999999999,295.861875,294.5929499999999,274.8910375000004,30.084355828220858,3.335211,37.39881116746843
TRV,"The Travelers Companies, Inc.",295.95,USD,-1.3302660532106452,454689,0.33857979652105497,62932194693.58721,USD,Finance,Buy,299.81976181788076,298.6222722399351,295.8610380984072,-3.7654862940200906,-3.871764056257516,2.5432244204982415,302.8840000000003,301.6350500000004,299.42882000000037,287.5208550000001,8.804891110317742,4.827889,83.00411612256899
RSG,"Republic Services, Inc.",204.525,USD,-0.5228599221789828,533197,0.30026991218294585,62925000492.18896,USD,Industrial services,Buy,208.61334693893926,210.93709967916055,213.47123671670556,-1.2004251002366966,-2.2580645161290294,-2.8615530752790335,206.83899999999988,206.20675000000034,211.23770000000002,218.04702499999976,29.321739878426424,1.834795,5.163809609962764
RBSPF,NatWest Group plc,7.81,USD,-3.6397285626156792,20007,0.9377284913477943,62196332607.054695,USD,Finance,Strong buy,7.819618264906462,7.87027311646892,7.903943487913033,-3.6397285626156792,-0.6993006993007069,-12.394840157038695,7.9353599999999975,7.736324999999999,7.756868000000001,7.885575000000008,8.475919056600906,0.239730854,22.587683412425676
HKXCF,Hong Kong Exchange & Clearing Ltd.,49.13,USD,-1.5549232557207475,2248,0.7423061682736758,62170616409.65168,USD,Finance,Strong buy,52.19286208320215,52.294057083576725,52.44573857301971,-2.2093949044585974,-3.0469274183999624,-10.39576873974101,51.21719999999999,53.14899000000006,52.17766000000006,54.130079000000066,28.613858803058758,0.45160017749,19.58716351586279
URI,"United Rentals, Inc.",990.645,USD,0.24336193637172882,135321,0.31866583335021004,62060497701.745964,USD,Finance,Strong buy,920.9384010386053,894.8104180901045,876.3941289582372,5.0703194603538195,2.918809412498055,22.21283262808571,962.5209999999997,949.9097500000005,853.5765000000001,875.3717249999993,25.287360722900793,11.524437,1.443101957108301
DB,Deutsche Bank AG,33.115,USD,-0.7344124700239731,2241800,0.7304968215828477,62033636991.3296,USD,Finance,Buy,32.12110855975623,32.390190033360284,32.92436287195933,-2.3732311320754707,4.00439698492463,-15.823589222165737,33.05900000000001,31.855749999999993,31.35669999999998,34.99119999999999,9.745932865570996,0.9049651929600001,59.0417610555007
CMCLF,CMOC GROUP LTD,2.55,USD,0,6418,0.3891182693998314,61893299685.59498,USD,Distribution services,Strong buy,2.4244049291107346,2.4390512484405527,2.421320092774374,0.7905138339920956,6.2499999999999964,-6.077348066298344,2.403999999999999,2.3729500000000003,2.3419140000000005,2.2771444999999986,16.00007619800994,0.052437841320000005,59.49119110570209
NNFSF,NONGFU SPRING CO LTD.,5.49,USD,0,85997,3.4856677313186015,61743103075.60311,USD,Consumer non-durables,Strong buy,6.037253238161669,5.866654991584948,5.648717114011602,1.6666666666666639,-10.29411764705882,-10.29411764705882,5.9959999999999996,5.700739999999999,5.292716,nan,27.92540431712712,0.1224084,30.725038506315865
TEL,TE Connectivity plc,211.15,USD,1.149700598802398,1224079,0.5200310112204318,61633800912.16839,USD,Electronic technology,Strong buy,210.6765873114764,212.98901385132902,214.86704449326024,1.6267988641286015,2.4751273962630402,-8.355034722222221,206.77000000000004,206.74349999999998,212.59499999999971,221.05514999999986,21.56946870562757,2.840026,114.54589287279742
TFC/PR,"Truist Financial Corporation Depositary Shares, each representing 1/1,000th interest in a share of Series R Non-Cumulative Perpetual Preferred Stock",18.38,USD,0.3823047515019131,42789,0.8249022586540612,60375308403.0,USD,Finance,,18.519562479341676,18.65550041682485,18.832285397197865,0.6020799124247369,-2.648305084745763,-4.519480519480525,18.270000000000003,18.492494999999987,18.60011800000002,19.415378999999938,4.556271690629648,1.07748,18.895340269386065
TFC/PI,Truist Financial Corporation Depositary Shares,19.64,USD,0.8213552361396311,11087,1.108722174443489,60375308403.0,USD,Finance,,19.366468453512542,19.394173720015235,19.573135454157192,1.7089590885551624,2.025974025974029,-0.9081735620585253,19.444999999999947,19.360749999999967,19.175651999999925,20.380464499999942,4.868616757560734,1.07748,18.895340269386065
TFC/PO,"Truist Financial Corporation Depositary Shares, Each Representing a 1/1,000th Interest in a Share of Series O Non-Cumulative Perpetual Preferred Stock",21.1,USD,0.14238253440911788,18609,0.4291238807243613,60375308403.0,USD,Finance,,21.170905290221942,21.28244703359855,21.424951541548054,0.812231247013864,-2.1789522484932724,-2.1789522484932724,20.956,21.15403999999999,21.197316000000004,21.94038749999996,5.230540406544374,1.07748,18.895340269386065
SMTOF,Sumitomo Electric Industries Ltd.,77.13,USD,7.124999999999994,250,0.042269714594887056,60152502557.3758,USD,Producer manufacturing,Strong buy,68.44352932151389,63.05442311218247,55.349008876439825,0,14.26666666666666,100.85937499999999,72.94519999999999,64.69080000000001,42.92858600000002,20.562480705,25.849252258689965,0.532384225944,80.15220124005414
SNGNF,Singapore Telecommunications Ltd.,3.66,USD,0.7487337590839053,210,0.02236445542551039,60114563810.397316,USD,Communications,Strong buy,3.748887907305027,3.7469236701742603,3.686823973715811,-1.081081081081082,-4.0377556371263745,3.098591549295784,3.72028,3.83412,3.7077800000000014,2.655245660000005,13.907892964855744,nan,45.76031006920681
WFAFF,Wesfarmers Ltd.,52.87,USD,1.617578091965157,293,0.10757030618988178,60022395244.70139,USD,Retail trade,Buy,52.897062028422894,53.403559125059985,52.9486933760072,-4.194980520068868,-1.36194029850747,-2.3683117122939956,51.15968,55.14864500000002,49.930666040000006,36.870506254999995,29.357417113675034,0.7726898195,27.04846120051364
TER,"Teradyne, Inc.",382.7775,USD,1.848575153659897,1216650,0.3695947283607094,59920814521.98695,USD,Electronic technology,Strong buy,356.3266764351399,340.35265263531164,313.1391955012358,2.9996232812205634,-1.5996143958868958,92.07060063224448,371.9255,355.46137500000003,347.17335000000014,232.5829125,70.84536368684064,2.046128,52.929521652986125
D,"Dominion Energy, Inc.",68.03,USD,1.235119047619045,10634580,0.8796360335084836,59829347008.99137,USD,Utilities,Buy,64.58266294614613,63.807706928372234,63.016020202086686,0.48744460856720573,7.898493259318008,15.481242573417086,67.69400000000029,64.71549999999952,63.1118,61.38475000000001,20.12483729736126,0.839781,26.82524198994522
IMO,Imperial Oil Limited,123.67,USD,-0.738422024239507,330517,0.6615857625259466,59805908198.40824,USD,Energy minerals,Buy,127.49501589966164,124.77150294193986,119.56616864844507,-5.954372623574143,-2.8438997564616266,42.78951622214525,128.868,131.16150000000005,129.05280000000002,104.81070000000008,29.490651929770827,2.9327918195999994,-35.32530230093818
ALAB,"Astera Labs, Inc.",347.22,USD,6.728552546644958,3457157,0.5191091980170659,59516263764.312614,USD,Electronic technology,Strong buy,243.24435199729132,215.00768492187703,193.8709937289149,10.228571428571437,91.62780429923565,102.24247895855784,319.19800000000004,243.20999999999995,186.04840000000002,173.07325,234.0388244809922,0.689561,532.3955669224212
WPM,Wheaton Precious Metals Corp,131.01,USD,3.0763178599527907,729777,0.4615998550766073,59491583066.187874,USD,Non-energy minerals,Strong buy,133.1114295196634,133.7545484701116,131.80292612199068,1.2442040185471293,-1.3775971093044357,10.092436974789909,128.42999999999978,131.40100000000004,133.34339999999997,121.71229999999993,33.32449726695473,1.314092,196.8473199805999
STMEF,STMicroelectronics N.V.,66.6,USD,-4.516129032258073,1171,0.0028916250537703975,59429065319.68965,USD,Electronic technology,Buy,56.232288239521964,50.366430524968564,44.50097880473745,-4.9114791547687195,31.62055335968378,138.02716225875622,64.28,57.770465000000016,44.27154200000001,30.460295999999985,441.377271517311,0.24448003788000003,-87.17468771830289
TFC,Truist Financial Corporation,47.672284,USD,-1.6254973173751612,5075794,0.7946469681406588,59393909384.55226,USD,Finance,Buy,48.43337823019938,48.50806900640351,48.378116158655665,-2.270840508405091,-8.004083365495953,-3.2133103238250023,48.21645679999998,48.54011419999999,48.284545680000086,47.61236142000009,11.817621219633118,1.07748,18.895340269386065
MCQEF,"Macquarie Group, Ltd.",162.44,USD,-3.3584198471011755,105,0.1315624608445057,59375663576.181526,USD,Finance,Buy,159.3946126562224,154.99001031670878,150.6001876864712,0,1.0236700374391996,19.082178725899862,166.72300000000004,150.2150500000001,142.93817800000005,126.72385500000004,18.721793002297435,4.4865771875,42.465109438803175
MPNGF,MEITUAN,9.6,USD,-5.78999018645731,3378,0.6419246337152956,59279085588.3861,USD,Technology services,Strong buy,10.305262898545584,10.518048209163805,10.944932331657894,-2.0508111417202377,-4.477611940298518,-27.54716981132076,10.15567999999998,10.653294999999996,10.618053999999999,13.212264485000007,nan,-0.16804734951000003,nan
GWW,"W.W. Grainger, Inc.",1251.54,USD,0.44220444130558584,92473,0.38470642905252633,59089104202.57992,USD,Distribution services,Buy,1207.7356207921,1178.2139249852073,1144.138393909496,-0.07824226359659073,7.374869163849761,24.249463902787706,1246.7680000000003,1224.2895000000005,1160.9096000000004,1054.45495,33.51543294181918,11.221026,-4.647581985736291
PCAR,PACCAR Inc.,112.27,USD,0.008907892392651795,600190,0.23650765760481532,59086158959.64893,USD,Producer manufacturing,Buy,114.94339346744268,116.16043689464752,115.85247727265602,1.171487789492653,-12.49415432579892,2.258857819473531,111.04600000000019,112.80799999999996,117.47960000000008,110.72744999999988,23.891300646918623,1.355104,-28.717917602087244
SRE,DBA Sempra,90.1651,USD,-1.199758930528172,927157,0.3368216504408728,58940031321.74932,USD,Utilities,Strong buy,92.46992362159683,92.749614410534,92.31546027648848,-3.401435611742027,-3.0587033652295554,1.6288322813345317,91.46501999999985,92.34240500000007,94.20056199999992,90.39099050000006,30.638180026504468,1.019485,-35.24545074482364
TGT,Target Corporation,129.385,USD,0.8220992753058352,2211441,0.3160722594049585,58763593522.99414,USD,Retail trade,Buy,125.0888634464304,122.56254463047622,118.5404645989414,2.264464116345238,-0.8695985289610935,32.14686957409866,126.979,125.53499999999994,123.5652,105.40514999999998,17.081430042510494,2.253703,-16.743424306708132
LDNXF,London Stock Exchange Group plc,119.75,USD,-0.08343763037129272,571,0.17049356543549013,58591609148.65642,USD,Commercial services,Strong buy,122.94876149348065,122.01221159962405,121.21868144908228,-6.754915320225821,-7.688773567306637,-3.423525142142832,123.97499999999998,127.4831999999999,122.25522000000001,119.40691999999994,37.80861936751026,3.293939,97.71836647542726
MBGAF,Mercedes Benz Group AG,60.68,USD,-0.2547875400673973,10766,0.5448628733090071,58428993830.41021,USD,Consumer durables,Buy,59.8420636075689,60.91856036823893,62.190929405988506,4.26116838487972,4.620689655172414,-14.882872773179978,59.395000000000024,58.58575499999999,59.93234599999999,64.52067899999996,10.324147737814355,1.62412802214,-39.13707316374543
LHX,"L3Harris Technologies, Inc.",313.175,USD,1.334735479695842,409401,0.3984640387570054,58342919411.268486,USD,Electronic technology,Strong buy,319.00970949178435,324.3072933023087,324.50584489647247,-0.21189140963547146,-3.266409266409263,6.522108843537419,310.80099999999936,307.92174999999975,331.48130000000015,313.2398249999994,34.00047769490495,2.795541,9.161047179985536
ENAKF,E.ON SE,22.32,USD,4.170026017770795,296,0.41578873437280517,58323900491.13347,USD,Utilities,Strong buy,22.054996460296625,21.908091624972283,21.4557626653694,0,-3.334776959722822,9.788489916379746,21.460301800000007,22.292465450000016,21.145350180000015,16.493689044999996,14.700925894939793,0.36044940000000003,-18.102056038634583
CRWV,"CoreWeave, Inc.",106.875,USD,2.498321664908415,18028068,0.7065455907306523,58307829395.841324,USD,Technology services,Strong buy,105.58084776193871,102.22298465121472,99.3765223548282,-1.2610864745011041,3.161196911196917,44.562423914513715,106.02100000000007,112.75700000000002,103.22660000000003,99.84337500000005,nan,-1.051171,-21.728872558499315
KEYS,Keysight Technologies Inc.,339.46,USD,-2.355817632676542,942574,0.45207735177235664,58218238456.66452,USD,Electronic technology,Buy,335.61509213584327,319.5176242847513,295.6725962919359,-3.0668189605939493,1.9032180595581096,65.34021723247771,345.3920000000001,352.2515000000004,327.91879999999975,233.12094999999994,55.905797101449274,2.476524,42.6122084693614
O,Realty Income Corporation,62.036893,USD,-0.24619231387682677,2456124,0.537843751796326,57848935714.0764,USD,Finance,Buy,62.41640562038526,62.46629812242104,62.11139750758614,-0.06943782216494704,-1.8558883088118994,10.092090505767521,62.185378599999964,62.46234465,62.570137860000024,60.550484465,50.97107304247802,0.404628,10.444646098003627
THLEF,THALES,280.31,USD,3.6266173752310547,34,0.23726448011165385,57609020794.27235,USD,Electronic technology,Buy,277.58043821917596,280.96777375790305,283.1180279095124,8.710490595307341,3.895478131949589,0.10713903074890589,270.60948000000025,267.83847500000013,284.11487,285.80589050000003,29.343353202599804,5.162565600000001,83.69912203798098
AFL,AFLAC Incorporated,112.98,USD,-1.6282107096212368,1457771,0.7000477672771726,57505112537.24407,USD,Finance,Buy,113.99497853620319,113.22102455769594,112.35750075921814,-3.435897435897432,-2.5194132873166537,2.578536408207739,116.06400000000004,115.4690000000002,112.97040000000003,110.76975,12.82115297321834,1.778145,37.547803012565346
AAUKF,Anglo American plc,53.0,USD,0.47393364928909953,608,0.1291336575834165,57194621338.27848,USD,Non-energy minerals,Buy,49.975795814384576,48.65055611343303,46.774570587786116,0.9523809523809524,5.467389682105373,25.14757969303423,51.87400000000001,51.09306000000001,48.045026,38.37880169049997,nan,0.84,-33.330645047036164
CRARF,Credit Agricole SA,18.8599,USD,-0.21164133143561156,1117,1.549452073796643,57046936408.84385,USD,Finance,Buy,19.40544957837472,19.540457988259952,19.61010759324805,-3.7269014803471165,-5.035272080926893,-7.707854171764126,19.308360000000004,19.52893999999999,19.923467999999996,17.932245499999993,7.1609325345969115,nan,20.6886816347226
OXY,Occidental Petroleum Corporation,57.33,USD,0.7734223940938614,7134694,0.6273968566113339,57022407002.32396,USD,Energy minerals,Buy,57.40809155726082,56.33472035561645,54.29376739505807,-1.8321917808219184,-1.3253012048192825,39.01551891367603,57.86400000000003,57.677250000000015,58.865899999999925,48.36337499999978,65.43026706231454,1.802894,-64.53780152177433
DSDVF,DSV A S,242.7,USD,-0.2568581115791637,630,0.8974358974358975,57021034771.677086,USD,Transportation,Strong buy,245.17415814877458,247.49517793197447,247.84207037096135,-0.41851304775972853,-6.03767010588669,-2.8578290105667685,239.609,240.18109500000006,246.8487560000001,239.55475499999994,53.73773728416012,2.4335046496,-34.746711844692015
NBIS,Nebius Group N.V.,226.2125,USD,8.562892930844173,18830556,1.0403131025682413,56926473163.331154,USD,Technology services,Strong buy,184.43574936631074,164.55949557895616,145.1181254441539,2.5093463237793108,63.44833815028902,160.0592056101627,215.4684999999999,194.114625,156.74925000000007,111.80918749999995,75.47209154906082,-0.561351,nan
NTIOF,National Bank of Canada,146.98,USD,0.2756249317760045,3289,0.22429842806969685,56919169519.15204,USD,Finance,Buy,146.78707384336982,143.17815804115074,137.97412590209734,-4.502631407965699,-1.1034853990041815,16.70636811179926,150.76219999999998,150.73235000000005,143.53633,124.137385325,17.68816524997857,2.2758367932,9.31864127819722
TRGP,"Targa Resources, Inc.",264.915,USD,0.47980276882231876,358770,0.3270883231465246,56862388946.349266,USD,Utilities,Strong buy,257.3962244871295,248.58053614823191,235.99665182240648,-3.266267435916159,8.088865314782332,44.10868737420443,269.08900000000006,263.0627500000001,250.71989999999977,199.46677499999998,26.98560645417596,2.704546,80.38477086472385
NUE,Nucor Corporation,248.58,USD,0.8560879620237813,609012,0.5244185656014032,56611846014.128784,USD,Non-energy minerals,Strong buy,220.99687006060407,209.15967450139303,196.55753678502802,6.723338485316859,12.913922325687036,50.490374137304755,238.75600000000026,230.96650000000005,203.30880000000016,168.85595000000015,24.629926877117892,4.109104,79.7147385103011
MPLX,MPLX LP,55.73,USD,0.035900197451078836,942784,0.479445851271115,56551111774.9596,USD,Industrial services,Buy,55.82682013358438,55.93878247236114,55.71470421618979,-0.8362989323843523,1.1250226819089049,4.676934635612311,56.00000000000002,55.583999999999946,56.099400000000024,53.92774999999995,12.085529026521804,1.088898,6.462113866186442
MARUF,Marubeni Corp.,33.68,USD,2.582846003898632,9469,1.1670816180639436,56420960478.51622,USD,Process industries,Strong buy,35.06099030086231,34.99598559996228,34.0402339947785,-4.664855072463777,-9.777658719528526,20.285714285714285,33.4076,35.61968,36.289906,30.248893000000024,16.20077323500731,0.646177283816,3.1162043924422123
FKURF,Fujikura Ltd.,32.1,USD,2.2455805064500773,3560,0.447618568626464,56336040747.06992,USD,Producer manufacturing,Strong buy,34.57923894286458,33.08379900120084,30.294867864950206,-8.54049433720349,-19.123204837490544,68.87296343776448,31.652500000000003,37.97,34.913252421600006,18.069642288500003,53.69084854168796,0.16592402640800002,62.92260412905619
SCBFF,Standard Chartered PLC,25.55,USD,-3.219696969696962,3422,0.25359231071357113,55906774646.57107,USD,Finance,Buy,24.643334354392852,24.14119142146405,23.556547556784267,-4.503831059615019,10.08186126669539,3.0241935483870965,25.918499999999995,25.461025000000014,23.492529999999988,22.075162999999993,12.626929053758198,0.662052,35.46140184605323
RLXXF,RELX PLC,31.55,USD,-4.746090211943721,178063,5.190750905873676,55771989939.57037,USD,Commercial services,Strong buy,33.38471444824241,34.011016120752785,35.27975146450696,-5.476661273892982,-9.255637367694431,-23.37955654855866,32.64280000000001,33.780200000000015,34.02233999999999,39.46228399999999,20.906037308403953,nan,17.054367411408677
ANFGF,Antofagasta plc,56.51,USD,3.85958463517736,1543,0.5047597239033007,55710761936.13486,USD,Non-energy minerals,Buy,52.65233340953008,51.35226576821082,49.301905313741514,1.3768668430730562,14.392712550607287,25.457895788468793,54.769400000000005,53.04557999999996,50.139286,42.9392515,41.143951846359414,0.714691,67.34912301564866
HOCPF,Hoya Corp.,166.172,USD,1.9785453027959774,298,0.565894417014812,55511524408.81203,USD,Health technology,Strong buy,172.4207207889732,170.75958264897676,165.88729072742092,0,-10.177297297297299,8.092988643770328,170.84240000000005,177.1363149999999,161.18280799999994,132.30293950000015,35.43125619923796,1.138695024,21.04126607194413
OKE,"ONEOK, Inc.",87.77,USD,-0.4988096587688446,1780690,0.5126802337238443,55297986878.780975,USD,Industrial services,Buy,89.00593790938609,87.68042239628895,85.60405339974162,-6.168484070985685,-1.3820224719101168,19.47998910971958,90.61400000000006,90.13399999999983,88.86739999999988,78.34315000000007,15.675453636233748,1.466415,9.310270776799477
FNCTF,Orange,20.75445,USD,2.744801980198016,180,0.023470811438108773,55183877242.74829,USD,Communications,Buy,20.181726478120375,19.64943004470958,18.865871349004554,0,-1.1692857142857214,23.025785417901584,20.63988999999999,19.5590925,17.567397000000003,13.529097175000011,87.30598207921406,nan,-73.11402123339391
VLKPF,Volkswagen AG,107.85,USD,2.714285714285709,2540,7.645996387718243,54727887303.09679,USD,Consumer durables,Buy,104.89653257904041,105.53244698115749,107.08251752673912,2.714285714285709,10.051020408163259,-10.928131349003154,102.5646,103.67674999999983,103.19360200000003,110.00213299999997,7.629919169737826,6.535755726300001,-29.46601996186723
KBCSF,KBC Group SA,131.008412,USD,-6.465989362081895,2153,3.654727550500764,54717296215.94143,USD,Finance,Buy,132.20698621959784,128.61701769449024,122.09142083638868,0,-3.1146191391805993,-1.2747460437076081,135.2166824,126.94767060000001,103.71301824,76.82392163000003,13.020413171670882,3.32371787028,9.823618049612278
VST,Vistra Corp.,161.9,USD,1.0927255697783327,1968495,0.32911601754462844,54589838938.565094,USD,Utilities,Strong buy,155.25465671699962,156.60545164759034,159.59443483894944,1.8815681832483853,-0.36923076923076575,-1.2142290560741844,158.3920000000002,151.24199999999985,154.60779999999974,173.49455000000012,27.03424783341961,2.015188,-6.065501772437812
UCBJF,UCB S.A.,286.725,USD,-1.074730886006056,2448,2.915326902465166,54476666342.77234,USD,Health technology,Strong buy,286.37192719836406,289.6461668643694,289.7470002820164,5.065958226456595,4.040422366559037,-0.4219629089393537,283.80049999999994,281.79175000000004,294.6111,280.0165574999999,30.426387954567595,4.7963025,66.28532187209156
VLKAF,Volkswagen AG,109.82,USD,1.074433561645084,116,0.15321621978602562,54439301009.221054,USD,Consumer durables,Strong buy,106.3558883158045,107.1876561060596,108.69876292720257,1.685185185185179,5.59615384615384,-10.396736359000515,106.07651999999999,104.17919999999977,104.38797400000001,112.72435899999991,7.769288115165582,6.535755726300001,-29.46601996186723
PSA,Public Storage,309.635,USD,0.9273444375631443,256906,0.35916728262393743,54355108529.850426,USD,Finance,Buy,301.89271569781806,298.628011778829,295.1327802919981,1.2474658295729506,-0.24966979156600433,19.50405248938632,306.22700000000015,303.85925000000054,294.43889999999965,287.3902749999996,31.95968332937667,2.508451,-3.7895113159018523
FANG,"Diamondback Energy, Inc.",192.415,USD,-0.2203899605890953,820308,0.5269919658760772,54128902204.58139,USD,Energy minerals,Strong buy,194.5591575308786,190.35651071421697,183.4227336739838,-3.3673161912414686,-3.792500000000004,27.3470333234058,196.41299999999978,200.31925000000012,195.74400000000023,162.95319999999984,216.9523057841921,6.057488,-94.57404178520082
STRF,Strategy Inc - 10.00% Series A Perpetual Strife Preferred Stock,100.7999,USD,-0.4543748765554131,88426,1.2837744647552183,54039021501.0,USD,Technology services,,100.3609546805256,100.35323809715524,100.94278421013964,-0.6799684697999814,0.34833250373319163,-1.1765686274509863,101.07998000000002,100.687745,99.08549799999986,104.76967449999998,nan,24.37012,-84.12300328277735
STRK,Strategy Inc - 8.00% Series A Perpetual Strike Preferred Stock,73.2,USD,-0.3810560696788257,83077,0.7301842050214722,54039021501.0,USD,Technology services,,75.46274561854442,76.40113132234555,78.20987901407622,-1.1211670944211782,-4.313725490196075,-10.36002939015429,73.57800000000006,76.12099999999995,75.12319999999993,83.7671555,nan,24.37012,-84.12300328277735
STRD,Strategy Inc - 10.00% Series A Perpetual Stride Preferred Stock,72.585,USD,-1.2717627856365648,93665,0.9809763995919625,54039021501.0,USD,Technology services,,74.96228332757656,75.37968865967262,76.00082753562002,-1.9121621621621707,-4.7690894778273485,-5.179621162638803,73.34899999999999,75.39150500000008,75.33040200000008,77.03442550000001,nan,24.37012,-84.12300328277735
STRC,Strategy Inc - Variable Rate Series A Perpetual Stretch Preferred Stock,98.89,USD,-0.28234345064031574,3292799,0.8309699841275802,54039021501.0,USD,Technology services,,99.41043748930784,99.4524907315701,99.29654917917073,-0.5030687191870409,-0.6130653266331653,-0.27228721258571603,99.22999999999999,99.57650000000007,99.65769999999996,98.6928,nan,24.37012,-84.12300328277735
DBOEF,Deutsche Boerse AG,300.411,USD,1.9206106870229012,259,0.14606361380554927,54020279516.70471,USD,Finance,Strong buy,294.50167287400006,289.9201318509068,284.3068622278837,1.1825530481643733,-4.236212942301558,15.631639722863737,296.4521799999999,295.2413949999999,294.48233200000016,274.6865600000002,23.52002795798198,3.6423470007000005,23.901992081839214
CTVA,"Corteva, Inc.",80.64,USD,0.938790837401427,1096271,0.3836469612680597,53933644978.66166,USD,Process industries,Strong buy,80.59247888584237,79.7092799880551,77.91929205657593,1.485023911401972,0.7244566575068677,20.35820895522388,79.64399999999999,81.03950000000006,81.27819999999998,72.49674999999993,47.35729386892177,2.22515,3.8229376257545398
PSA/PF,"Public Storage Depositary Shares Each Representing 1/1,000 of a 5.15% Cumulative Preferred Share of Beneficial Interest, Series F, par value $0.01 per share",20.3357,USD,0.42073035233698125,2544,0.15400261513874763,53855680869.0,USD,Finance,,20.410720358373695,20.490675649203066,20.64752478727797,0.6219693221177554,-1.4265632573921463,-1.854729729729728,20.245260000000005,20.452320000000007,20.31150199999997,21.280688754999947,2.0989956958393114,2.508451,-3.7895113159018523
PSA/PQ,"Public Storage Depositary Shares Each Representing 1/1,000 of a 3.950% Cumulative Preferred Share of Beneficial Interest, Series Q, par value $0.01 per share",15.36,USD,0.19569471624265727,3741,0.38082537614267975,53855680869.0,USD,Finance,,15.416628232609941,15.486870519586594,15.602505201510349,0.7213114754098323,-1.3487475915221634,-2.7848101265822867,15.277999999999997,15.395840000000002,15.375622000000003,16.018651999999996,1.5854174622998876,2.508451,-3.7895113159018523
PSA/PH,"Public Storage Depositary Shares Each Representing 1/1,000 of a 5.60% Cumulative Preferred Share of Beneficial Interest, Series H",22.22,USD,-0.26974744278527496,39322,2.012549645825656,53855680869.0,USD,Finance,,22.39612501041553,22.513450217137386,22.699305668068078,-0.22451728783116617,-0.9803921568627558,-3.054101221640501,22.258019999999973,22.40687500000007,22.297948000000066,23.34591725000002,2.2934880216343423,2.508451,-3.7895113159018523
PSA/PL,"Public Storage Depositary Shares Each Representing 1/1,000 of a 4.625% Cumulative Preferred Share of Beneficial Interest, Series L, par value $0.01 per share",18.17,USD,-0.16483516483515157,14785,0.38614223406200215,53855680869.0,USD,Finance,,18.217060469373074,18.30700498794132,18.43411746669799,0.7764836383804801,-1.410743353228421,-1.9956850053937296,18.060020000000012,18.175725,18.190174660000004,18.842534624999974,1.8754580266919896,2.508451,-3.7895113159018523
PSA/PG,"Public Storage Depositary Shares, Each Representing 1/1,000 of a 5.05% Cumulative Preferred Share of Beneficial Interest, Series G",20.26,USD,0.7458975634013035,9226,0.6441208093050533,53855680869.0,USD,Finance,,20.25998159771475,20.309672617569902,20.420682538213505,0.695825049701792,-1.4591439688715815,0.09881422924902732,20.12599999999997,20.262999999999955,20.07729800000012,20.867638000000024,2.091182147538784,2.508451,-3.7895113159018523
PSA/PR,"Public Storage Depositary Shares Each Representing 1/1,000 of a 4.00% Cumulative Preferred Share of Bene cial Interest, Series R",15.62,USD,0.12820512820512547,6490,0.21813073055309082,53855680869.0,USD,Finance,,15.673408488176133,15.745291046854287,15.856574200100212,0.3856041131105316,-1.7610062893081833,-2.375000000000005,15.543999999999997,15.649319999999992,15.651372000000013,16.248120999999998,1.6122539558023594,2.508451,-3.7895113159018523
PSA/PN,"Public Storage Depositary Shares Each Representing 1/1,000 of a 3.875% Cumulative Preferred Share of Beneficial Interest, Series N",15.1599,USD,0.2645520142329045,52808,2.5855855855855854,53855680869.0,USD,Finance,,15.176884846730418,15.23109079553599,15.330766278493352,0.143345972440587,-0.5255905511811013,-2.067829457364341,15.071960000000004,15.16724500000004,15.10701599999997,15.706616500000004,1.5647636840312542,2.508451,-3.7895113159018523
PSA/PS,"Public Storage Depositary Shares Each Representing 1/1,000 of a 4.100% Cumulative Preferred Share of Beneficial Interest, Series S",15.98,USD,0.188087774294678,15216,0.5125078732068455,53855680869.0,USD,Finance,,16.0150389446415,16.084999501613908,16.199852172285485,0.3768844221105559,-1.5403573629081946,-1.9631901840490815,15.884099999999998,16.00607000000002,15.979381999999998,16.61118399999999,1.6494121775750132,2.508451,-3.7895113159018523
PSA/PO,"Public Storage Depositary Shares Each Representing 1/1,000 of a 3.900% Cumulative Preferred Share of Beneficial Interest, Series O",15.22,USD,0.20079660291648818,5746,0.3431267168278992,53855680869.0,USD,Finance,,15.252977491699173,15.321495641897245,15.433388143796156,0.9953550099535524,-0.652741514360311,-2.9336734693877493,15.128360000000004,15.233720000000025,15.206928000000005,15.815456000000017,1.5709670427216333,2.508451,-3.7895113159018523
PSA/PM,"Public Storage Depositary Shares Each Representing 1/1,000 of a 4.125% Cumulative Preferred Share of Beneficial Interest, Series M",16.0426,USD,0.14107365792759438,7141,1.090095866153752,53855680869.0,USD,Finance,,16.115220988672988,16.1967618572593,16.322074561049075,0.20362273579012258,-0.9104385423100746,-2.3578819233110138,15.97514000000003,16.105229999999978,16.077954000000027,16.728360000000016,1.6558735794721469,2.508451,-3.7895113159018523
PSA/PK,"Public Storage Depositary Shares Each Representing 1/1,000 of a 4.75% Cumulative Preferred Share of Beneficial Interest, Series K",18.77,USD,-0.02663115845538751,5323,0.31628608947277725,53855680869.0,USD,Finance,,18.73914895658593,18.793874314531333,18.9045634376507,0.9139784946236459,0.2670940170940209,-1.5731515469323583,18.716000000000015,18.77468000000001,18.63116000000009,19.333064029999942,1.9373883963130787,2.508451,-3.7895113159018523
PSA/PJ,"Public Storage Depositary Shares Each Representing 1/1,000 of a 4.700% Cumulative Preferred Share of Beneficial Interest, Series J, par value $0.01 per share",18.333,USD,0.11959958713566471,3275,0.4251314337638736,53855680869.0,USD,Finance,,18.40152764295105,18.481271238706743,18.607597279897615,0.730769230769226,-1.609518647124178,-2.1195942338494502,18.256819999999976,18.41154000000006,18.37601799999999,19.052550500000088,1.892282443772385,2.508451,-3.7895113159018523
PSA/PP,"Public Storage Depositary Shares Each Representing 1/1,000 of a 4.000% Cumulative Preferred Share of Bene cial Interest, Series P",15.714727,USD,0.2534417862838863,13256,0.4454256173492875,53855680869.0,USD,Finance,,15.741254491777305,15.799170768888661,15.896635846909058,0.67089686098655,-1.351368487131198,-1.5984533500313134,15.61374540000001,15.74502135000002,15.712296540000006,16.287973015000002,1.6220314193408545,2.508451,-3.7895113159018523
PSA/PI,"Public Storage Depositary Shares Each Representing 1/1,000 of a 4.875% Cumulative Preferred Share of Beneficial Interest, Series I, par value $0.01 per share",19.2343,USD,0.07440166493237357,2213,0.19406833169636592,53855680869.0,USD,Finance,,19.24078980418766,19.296293464229056,19.40413449076593,0.8087002096436204,-0.18526206538660359,-0.8029912325941181,19.14685999999998,19.255545,19.14311200000001,19.83113841999995,1.9853121806715317,2.508451,-3.7895113159018523
DAL,"Delta Air Lines, Inc.",81.93,USD,0.1589242053789849,4124835,0.5299469180079968,53827546951.271164,USD,Transportation,Strong buy,73.24758916008136,71.23988705607262,69.28086497755555,4.776520237866889,20.894200973882267,17.294201861131015,78.98199999999996,72.89299999999997,69.64880000000005,65.12570000000001,11.963203621230928,1.505009,21.407931358471153
ALL/PI,"Allstate Corporation (The) Depositary Shares each representing a 1/1,000th interest in a share of Fixed Rate Noncumulative Perpetual Preferred Stock, Series I",18.81,USD,0.26652452025584833,9139,0.3620423960796897,53762362583.0,USD,Finance,,18.9769176474893,19.10782970704442,19.27354831702101,1.5110631408526582,-2.2857142857142922,-3.439425051334711,18.652000000000005,18.942919999999997,19.055646000000092,19.85736750000007,0.414990855198858,4.619296,209.7751503553855
ALL/PB,Allstate Corporation (The) 5.100% Fixed-to-Floating Rate Subordinated Debentures due 2053,25.945,USD,0.05784805244890308,12927,0.8372192430247921,53762362583.0,USD,Finance,,25.92541347705801,25.943411994521195,25.974156803928885,-0.1347190146266364,0.40634674922600783,0.5620155038759673,25.96000000000002,25.906749999999924,25.880363119999902,26.079775524999995,0.5724049834202217,4.619296,209.7751503553855
ALL/PJ,"Allstate Corporation (The) Depositary Shares each representing a 1/1,000th interest in a share of Fixed Rate Noncumulative Perpetual Preferred Stock, Series J",26.24,USD,0.40176009183086614,26383,0.9625459692954293,53762362583.0,USD,Finance,,26.095512946027803,26.13948878463175,26.22832171242913,0.6137322593018801,0.7293666026871314,-0.2660585328772341,26.079000000000015,26.100250000000006,26.010365999999927,26.532247500000036,0.578913346114728,4.619296,209.7751503553855
ALL/PH,"Allstate Corporation (The) Depositary Shares each representing a 1/1,000th interest in a share of Fixed Rate Noncumulative Perpetual Preferred Stock, Series H",20.21,USD,0.6469091289385971,58464,0.6952393750170944,53762362583.0,USD,Finance,,20.462580486874128,20.613340649512946,20.801268855994902,0.5472636815920369,-3.6701620591039066,-4.081632653061222,20.069020000000116,20.451329999999984,20.518731999999932,21.414209500000084,0.4458780001897353,4.619296,209.7751503553855
ALL,Allstate Corporation (The),208.73,USD,-0.05745750538664331,566577,0.34151717902350814,53731472070.62289,USD,Finance,Buy,212.7404969555086,211.61488044573986,210.0021270332093,-3.0515559684161735,-3.450668393542721,0.8162673879443575,212.2880000000001,216.24050000000025,212.93979999999996,206.90970000000019,4.605052695675578,4.619296,209.7751503553855
MET/PF,"MetLife, Inc. Depositary Shares, each representing a 1/1,000th interest in a share of 4.75% Non-Cumulative Preferred Stock, Series F",18.87,USD,0.3723404255319164,46838,0.48038530926381195,53533937099.0,USD,Finance,,18.955224599786288,19.062996468181467,19.24273601279561,0.9630818619582648,-1.8210197710717893,-4.648812531581598,18.721999999999966,18.968650000000068,18.935010000000002,19.899689499999937,3.6498326918241433,2.39409,-15.833428297002946
MET/PE,"MetLife, Inc. Depositary Shares",22.87,USD,0.30701754385965035,24009,0.3550413985753389,53533937099.0,USD,Finance,,22.867627298048255,22.99823494552716,23.203802316783246,0.30701754385965035,0.6159260888693382,-4.028535459504814,22.75599999999996,22.835670000000007,22.787869999999998,23.90474449999997,4.423512117754009,2.39409,-15.833428297002946
MET/PA,"MetLife, Inc. Preferred Series A Floating Rate",22.5999,USD,0.22128603104213276,19180,0.5169630174683906,53533937099.0,USD,Finance,,21.94721509930709,21.814253904852855,21.864251067193766,0.6677060133630395,7.669842782277291,4.339335180055409,22.49098,22.07324500000006,21.466598000000094,22.473928999999934,4.371269414518095,2.39409,-15.833428297002946
FLEX,Flex Ltd.,145.845,USD,0.03772549557583293,3000559,0.5551426269443113,53434386694.20472,USD,Electronic technology,Strong buy,117.52788829950629,104.36686882175663,92.06540704981244,7.294195541822991,68.03716415898462,137.3779296875,139.68299999999996,128.87125000000003,96.50699999999999,69.72342500000003,62.54878414890423,0.9093,10.433835369896748
MSTR,Strategy Inc,152.4,USD,-1.1673151750972655,11744266,0.883991042447063,53408215802.544754,USD,Technology services,Strong buy,161.17677037413202,159.60624933469404,166.43741802343874,-5.241559410557736,-6.999450784158174,-1.416650494857363,158.25400000000005,173.93449999999982,155.42499999999987,208.87829999999994,nan,24.37012,-84.12300328277735
CARR,Carrier Global Corporation,64.14,USD,-0.5735544876763363,8107186,1.3082785213464376,53273431463.42148,USD,Producer manufacturing,Buy,63.3627602719781,62.4051559018221,61.5338836131241,0.15615240474702421,4.038929440389298,20.768216908303522,63.77199999999997,65.18100000000001,61.629,59.495275,42.139149858747786,0.814018,-65.07102370516557
CVE,Cenovus Energy Inc,28.115,USD,-0.26605179141540564,3050213,0.39877521021372675,52951791686.29435,USD,Energy minerals,Strong buy,28.0127458512454,26.729733634819258,24.94271255508075,-3.978825136612031,3.5924834193072877,65.67472009428404,29.115,29.7026,27.479640000000007,20.541534999999982,15.54219538158327,1.1347750952999998,75.32494235845182
MET,"MetLife, Inc.",82.07,USD,-1.3581730769230886,1142322,0.3723945515843725,52806853578.30444,USD,Finance,Strong buy,79.32887363219537,78.03606242792335,77.38836615047668,-2.0878072059174424,4.841594276954512,3.9650367367620922,83.37999999999991,80.58949999999996,76.30719999999991,77.76265000000005,15.873967621516025,2.39409,-15.833428297002946
MCHP,Microchip Technology Incorporated,97.3765,USD,0.543624161073824,3021543,0.33201550199688856,52785776688.74779,USD,Electronic technology,Strong buy,89.60515252617039,84.88534350897747,80.0849258435376,1.6084937653258198,13.585092732998937,49.213147410358545,95.3633,96.19832499999998,82.06953000000014,70.44300750000001,451.02593793422875,0.698952,nan
WMMVF,Wal-Mart De Mexico S.A.B. de C.V.,3.016,USD,-5.454545454545452,24544,2.1132569332633047,52618109718.36292,USD,Retail trade,Buy,3.1703284186108305,3.190976496374824,3.200864695607412,-5.750000000000005,-2.552504038772219,-1.7589576547231214,3.1352000000000055,3.1705775000000003,3.205720999999997,3.1828732499999948,18.659393052125633,0.0376026777,9.039945908973676
PCRFF,Panasonic Holdings Corporation,22.5,USD,1.1235955056179776,854,0.053628730933227835,52524607543.94719,USD,Consumer durables,Strong buy,20.443603747020905,19.215485487232524,17.766637752674413,0,28.571428571428573,87.5,22.258100000000002,21.29971750000001,18.997098999999995,14.032329749999999,44.01599601704769,0.273465048876,-51.102529412166554
MCHPP,Microchip Technology Incorporated - Depositary Shares Each Representing a 1/20th Interest in a Share of 7.50% Series A Mandatory Convertible Preferred Stock,83.15,USD,1.081935327011914,4968,0.05662783951342005,52500371982.0,USD,Electronic technology,,76.69633876047617,73.1396986666983,69.6516897683352,2.14987714987715,13.919715029456107,40.0538992757285,81.20199999999997,81.562,70.72339999999997,63.21204499999999,385.13200555812875,0.698952,nan
BAMXF,Bayerische Motoren Werke AG,88.1075,USD,1.7407621247113252,327,0.11190965092402463,52307715918.285866,USD,Consumer durables,Buy,90.61970241578632,92.37583724229862,94.26839961858846,1.7407621247113252,-7.798765173712851,-20.264705882352942,86.57580100000004,91.10602524999993,95.53187010000016,93.925861525,6.816396765608281,2.9378567875800004,13.571954393896995
CMPGF,Compass Group Plc,30.678,USD,-1.5089251316296355,481,0.25530785562632696,52162201854.77052,USD,Consumer services,Strong buy,30.23983669241906,30.036879349271487,30.23203225777335,-1.5089251316296355,1.9676926145050933,-2.268238292449824,31.64319999999999,30.330100000000005,29.526373999999997,32.43354899999999,25.836280949974736,0.755,38.08582393301547
AJG,Arthur J. Gallagher & Co.,202.96,USD,0.0542272615232998,398064,0.23029121079857415,52140424330.17896,USD,Finance,Strong buy,207.27487457213158,212.47024367136189,221.68924774344046,0,-5.97173963400509,-21.0610244642371,204.38600000000008,202.34000000000006,211.11800000000002,249.66199999999986,32.75555985926859,2.858612,-4.688509460083067
GWLIF,"Great West Lifeco, Inc.",57.42,USD,-0.19120458891013287,1646,0.09898310792526355,51904686043.29348,USD,Finance,Buy,54.367040904697205,52.52586942791103,50.52050810162176,6.392440244580327,9.621993127147764,16.968832756162147,57.60859999999999,55.68979149999998,51.575906599999996,45.559950149999985,17.14422579411866,0.9857387099999998,17.38710712254484
COR,"Cencora, Inc.",266.065,USD,-0.35391932886408495,629199,0.336909080238891,51765891832.21225,USD,Distribution services,Strong buy,286.4584019593043,299.72312744548174,310.96507730843837,-2.572412025339623,-14.310789049919485,-21.091108606678926,268.8410000000002,271.15875,299.8084999999999,326.231525,20.4117407881917,4.363213,51.27485000058027
SDVKF,Sandvik AB,41.25,USD,5.769230769230769,6000,3.878975950349108,51743415269.800545,USD,Producer manufacturing,Buy,40.372346932489684,39.43401760491925,37.54517828211452,0,-1.480773823740142,25.379939209726448,40.30899999999998,41.45788499999998,36.63233200000001,24.617124535000027,33.18946244463877,0.44184240789999996,6.807793464567766
LBLCF,Loblaw Companies Limited,44.43,USD,-0.0674763832658595,13017,0.2777487352265284,51649635848.776184,USD,Retail trade,Strong buy,44.80732280804795,45.04851372988469,44.982852740619116,0.20297699594045174,-3.455019556714479,-0.7150837988826823,44.49892,44.67036250000003,45.288850999999994,43.499211049999985,26.709756627911585,0.46817425709999994,33.1101364429293
ANCTF,Alimentation Couche-Tard Inc.,56.243,USD,-0.595616825733468,2338,0.02909606804846026,51644013242.75478,USD,Retail trade,Strong buy,57.13054608502814,57.09315613391113,56.67333800505853,-1.2414398595259013,2.111767132520102,2.5209624498724073,56.51080000000011,57.535215349999966,56.965816139999895,54.713736285000024,19.05888620781231,0.527836,14.346213479119449
NTDOF,"Nintendo Co., Ltd.",44.76,USD,0.04738616145269951,5383,0.471638600241821,51599701728.51277,USD,Consumer durables,Strong buy,48.20053581860812,51.25488811622696,55.81721955524638,-0.5333333333333378,-13.255645844274893,-32.00668388272824,45.28295999999999,46.513729999999974,51.605783999999986,70.67213299999995,19.497269925488187,0.45191902039599996,43.81140237765183
ASMXF,ASM International N.V.,1059.525,USD,0.43604995615803366,8,0.13559322033898305,51557065014.63165,USD,Producer manufacturing,Strong buy,988.5341580277619,939.921033776362,877.4535718023038,0.43604995615803366,5.9525000000000095,62.70471978439639,1027.9240000000002,1006.8459774999989,895.3307889999998,656.7763862500002,45.47001902517739,5.787731364840001,119.88562984379305
AME,"AMETEK, Inc.",224.835,USD,-0.6824807845215953,464660,0.4760592872388633,51532858274.838196,USD,Producer manufacturing,Strong buy,226.9597215502455,225.6078423777403,221.91613994119956,-0.49347200708120414,-3.4296881711193135,9.14320388349515,225.66899999999993,229.7207499999998,226.25170000000023,208.6254249999997,33.96606943227483,1.991476,8.401021878684658
NDAQ,"Nasdaq, Inc.",90.918,USD,0.4285872086601184,1294139,0.47876707412989605,51417840718.06037,USD,Finance,Strong buy,89.67976607531722,89.22972771487933,89.15914743064644,-0.0021997360316710723,0.22930217175615988,-6.511053984575829,90.74959999999992,90.45739999999994,88.1487599999999,90.16786500000009,27.390714909770132,0.944557,50.50784438197154
SSUMF,Sumitomo Corp.,42.98,USD,-4.44642063139173,2190,0.16930153453674,51301121074.21801,USD,Distribution services,Strong buy,43.26803756730196,41.914599114677415,40.12528327486677,0,21.45531614270574,24.670050761421304,44.682,42.145074999999984,40.05204399999998,32.19079399999998,13.682995825608188,0.846589701552,1.7041714155873349
ADSK,"Autodesk, Inc.",242.91,USD,2.493670886075948,1657327,0.8947608242268756,51289292292.1238,USD,Technology services,Strong buy,240.96688865013596,243.35471995776126,249.81778121665414,2.028729838709671,2.0758919191494716,-17.93581081081081,239.86399999999986,240.99950000000013,239.15460000000013,275.2301000000002,46.43218962056772,2.843643,2.090000780579189
FAST,Fastenal Company,44.635,USD,-0.41276215975011665,2721852,0.458633143984384,51242543402.12115,USD,Distribution services,Buy,44.62636991541298,44.76433027971492,44.69262425185507,1.4201317882299478,-1.879533963508472,10.866865375062098,44.27499999999999,44.12724999999993,44.965100000000014,44.66687500000001,39.51748561310314,0.324923,12.679569034317636
DVN,Devon Energy Corporation,44.1806,USD,-0.20194262480236008,5502706,0.4385274441877469,50938058891.90686,USD,Energy minerals,Strong buy,46.82350527277547,46.31444211258856,44.860037694960184,-5.778204307954792,-10.092389092389096,20.448745910577966,45.58412000000004,47.72903000000002,48.12301199999995,39.87552799999997,12.260809235721817,1.598738,-18.007645399108032
TKPHF,"Takeda Pharmaceutical Co., Ltd.",32.1,USD,-1.5337423312883436,13072,0.8908212428700908,50886646472.16523,USD,Health technology,Strong buy,33.05711486133653,33.12913702409198,32.69540206862732,0,-3.1054550723237693,1.614434947768286,32.19246,34.036255,32.461824,28.680855000000005,42.519757978480705,0.37673814,70.72007828022268
ROK,"Rockwell Automation, Inc.",456.4,USD,0.0701631292755642,268608,0.41250653064697096,50785432159.967545,USD,Producer manufacturing,Buy,431.40962996914607,419.6439188420506,408.2993757337295,0.18658764131269145,12.805556242121655,16.428571428571423,452.2640000000001,442.1289999999999,406.63099999999963,384.8103499999999,47.423108894430584,3.369517,21.16633932618221
ETR,Entergy Corporation,110.59,USD,-0.8250381131737079,1223458,0.3709767989179416,50637706696.37539,USD,Utilities,Strong buy,111.34116447753607,109.90949947934627,107.12670128819576,-2.184680700513001,-3.042258460459406,19.466349789348612,111.748,112.78249999999977,111.86099999999995,99.38575000000006,28.169336967319598,1.12904,27.385703624387546
BFFAF,BASF SE,56.72,USD,-2.943189596167007,446,0.038226496275916455,50623860287.5365,USD,Process industries,Buy,60.054810138815945,59.4364121755794,58.086813313943345,-2.943189596167007,-8.294260307194829,9.076923076923075,59.712399999999874,61.83925999999998,58.05190400000001,52.18733449999999,25.0356971324248,0.9461831632200001,152.9176552555015
EA,Electronic Arts Inc.,201.17,USD,0.24416982260313966,649658,0.4179676861847313,50443673410.764885,USD,Technology services,Buy,201.3814498442199,201.37301491696076,200.26282352331762,0.2808981762804178,-1.1303877721531486,-1.5802348336595,201.16399999999976,201.10500000000013,202.03900000000016,197.03812500000012,57.513294070558636,0.824033,-17.434614295156265
GDERF,GALDERMA GROUP AG,214.4,USD,7.146426786606702,20,0.2677376171352075,50346233984.7275,USD,Health technology,Strong buy,205.48990897932134,202.2856615768222,195.80263832673836,2.046644455021424,3.0769230769230798,6.666666666666669,213.03199999999993,208.84769999999997,200.16681400000013,nan,80.18959933117085,2.224,185.5048862613153
ASTS,"AST SpaceMobile, Inc.",129.55,USD,-0.03858024691356709,14069000,0.5229134200925332,50281538780.21567,USD,Communications,Buy,96.3740197214633,92.32596535397344,88.32296786566623,15.058395132998811,72.22813081627228,74.26688189400055,116.18800000000002,86.531,86.3538,76.89880000000004,nan,-0.3175,11.190452411864586
CTPCF,Citic Ltd,1.725,USD,-2.542372881355928,330,0.2389572773352643,50180703966.45204,USD,Finance,Strong buy,1.6135554167822521,1.5503527862039246,1.4677000010084555,0,20.739133477986982,24.100719424460447,1.6387399999999996,1.496435,1.2184073599999992,1.0676346049999994,6.164862974287569,nan,1.9731758810161621
FSUMF,FORTESCUE LTD.,16.3,USD,-0.3058103975535212,1000,0.37053505261597747,50160064510.376595,USD,Non-energy minerals,Buy,15.706184563139647,15.411583320540176,15.068556043263374,-0.3058103975535212,10.135135135135135,6.188925081433232,16.26999999999999,15.609539999999992,14.901816000000014,13.316652270000011,12.998097772249645,0.587296,5.604702490805192
EW,Edwards Lifesciences Corporation,87.06,USD,0.6357646514853741,3423079,0.76578782368191,50129148175.106224,USD,Health technology,Strong buy,83.48662022991397,82.8702322832005,82.39388765110608,0.9391304347826113,3.482705336978494,1.8722209220688142,86.0180000000001,82.91300000000005,81.68739999999997,81.46270000000003,47.299793545582965,0.74341,22.97721654306141
SCGLF,Societe Generale,78.25,USD,0.10234105155430254,11,0.002675357525051075,50085545584.906044,USD,Finance,Strong buy,79.31277279015843,78.97076226622026,77.48828077612337,0.967741935483871,-8.10334703464475,-5.552202776101382,77.90100000000004,77.33200499999995,81.20725399999999,52.35323549999999,9.790378855193923,nan,63.91279145112259
XEL,Xcel Energy Inc.,79.54,USD,-1.8024691358024616,1712513,0.4026977369029287,49654403370.265434,USD,Utilities,Strong buy,79.98527937865607,79.85695697323497,79.37048602090661,-2.0563969954438956,-0.8043898484753956,7.748577621240876,80.51999999999995,80.35849999999998,79.8724999999999,78.07422500000003,22.897774707084668,0.790418,2.4116277012883596
AZO,"AutoZone, Inc.",3004.645,USD,-0.7542576664420586,371179,1.0670969411223552,49506994485.906715,USD,Retail trade,Strong buy,3361.8641146285854,3425.917753147935,3494.479863224157,-6.5432144845583755,-16.13181003634252,-10.981657981044703,3195.3829999999975,3396.4247500000065,3435.0565,3725.0088249999994,20.657182261187135,nan,-1.5603850610185264
HPE,Hewlett Packard Enterprise Company,37.275,USD,0.201612903225795,11634406,0.6555979109144183,49458488560.48992,USD,Electronic technology,Buy,31.917118111257306,29.587897290989762,27.516141510835997,-1.7009493670886155,32.911392405063275,53.52141680395386,36.816999999999965,32.56974999999999,28.1787,24.25922500000001,nan,0.534685,-109.33696190004947
HPE/PC,Hewlett Packard Enterprise Company 7.625% Series C Mandatory Convertible Preferred Stock,97.0,USD,-0.13384124369401365,134538,0.6394440261903133,49358974499.0,USD,Electronic technology,,84.2306529257764,78.78403534253529,74.01828442864091,-1.5128439435475631,29.00651682404575,46.30467571644043,95.8022,85.81055,75.43201999999995,66.75627350000008,nan,0.534685,-109.33696190004947
EBAY,eBay Inc.,110.995,USD,0.5753896339253399,1779070,0.37018355575342987,49281780272.55931,USD,Retail trade,Buy,107.09615257418977,103.09234073686704,98.9605169577338,-4.397071490094738,9.906921477374008,27.58045977011495,113.90899999999999,111.12424999999996,102.33559999999996,92.60677499999996,25.200363264842778,1.505279,5.265044691936331
DRPRF,DR ING H C F PORSCHE AG,54.0,USD,0,450,0.28133791809940606,49264561074.971466,USD,Consumer durables,Buy,51.02486825055085,50.08852481904554,49.815746410208256,0,9.92948227285312,-2.579830416741836,52.786000000000016,47.17397,49.29805800000001,56.020013,134.88679457157087,0.39943607220000005,-89.42842729514186
PRYMF,Prysmian S.P.A.,171.6,USD,-2.913719943422917,1243,0.14381247686042206,49211196423.858025,USD,Producer manufacturing,Buy,162.6784499930956,152.08434451946977,140.10918119309312,-4.66666666666667,14.974874371859293,62.99005057820626,172.9087032,170.01367580000004,144.16912432000007,111.38010108,31.679681228325126,1.4399174494200002,109.0653439115808
AU,AngloGold Ashanti PLC,97.31,USD,2.951756242065178,976486,0.46804207022792804,49142275822.23572,USD,Non-energy minerals,Strong buy,97.36202241627404,97.78481678334684,95.89300738110181,2.995342929720574,2.453148031164454,11.702921425701668,94.36199999999997,96.53549999999998,97.3276,86.82440000000003,14.275445236628231,2.306667,nan
FER,Ferrovial N.V.,68.3197,USD,-1.7265535097813558,855530,0.6396170835395849,49069462253.883385,USD,Industrial services,Buy,68.29054263084043,68.11946921851288,67.37930979796941,-1.0289729103288479,0.8706629263251047,5.399105214439995,68.61794,68.59848500000007,67.87959399999994,64.77939850000001,47.16124785990229,nan,-68.71270985641983
ON,ON Semiconductor Corporation,124.33,USD,-0.44839458723677017,4169416,0.38299075630270624,48725324399.05813,USD,Electronic technology,Buy,103.18985991377791,93.26607737741726,83.44101105490121,1.245928338762216,30.857154885698645,125.03167420814479,120.40600000000003,110.218,87.77939999999998,63.23437500000006,88.62356547152326,0.709901,-2.6912672539363216
AMSYF,ArcelorMittal,65.37,USD,3.4924957254132147,300,0.021896052141798832,48623035731.75051,USD,Non-energy minerals,Strong buy,57.38238748190605,53.599863405307,48.60121210074547,0,34.50617283950618,18.316742081447973,56.8568,50.00381000000003,36.49074666,31.128112665000007,14.955998498363757,nan,174.94910786763285
HCMLF,HOLCIM LTD,90.1,USD,-7.3997944501541655,616,0.9837112743532417,48542854109.60818,USD,Non-energy minerals,Buy,91.17032875151232,90.80618390195252,90.7876286208643,-6.979145157959947,-2.993109388458227,-8.01617118588697,95.1649999999999,89.72349999999997,93.21248180000012,94.73640344999998,46.98320820138882,2.058534,-66.62144771299785
CRZBF,Commerzbank AG,43.0256,USD,2.5517816708377996,100,0.038792769027853204,48511202192.09029,USD,Finance,Strong buy,41.70781324093707,41.20522027889436,40.19336040792761,0,2.5640047675804394,2.004741583688946,42.05204000000001,41.30920500000001,39.933412000000004,23.490789699999997,15.856115191884905,0.8827161630600001,6.759401220693216
UOVEF,United Overseas Bank Ltd.,29.3,USD,-0.008531695247837989,200,0.1779042874933286,48373257180.99682,USD,Finance,Buy,28.83704754940079,28.677174037453067,28.373362842340875,0,-0.3062266076896899,2.233077459874391,28.291299999999985,29.353875,27.624850000000002,24.16685450999998,13.733855688581775,nan,-17.669491525423716
DGEAF,Diageo plc,21.742,USD,-0.548897630591883,1173,0.3307486254053292,48345197574.508125,USD,Consumer non-durables,Buy,20.874135565257607,20.878632566526772,21.265214068808437,1.0222098318000299,10.951214533578286,-1.1727272727272686,21.631200000000018,20.89532000000003,19.961636000000045,22.778879000000007,19.855632329287225,0.632,-30.636144963394337
LNG,"Cheniere Energy, Inc.",230.48,USD,-0.2121487639087367,661996,0.32544336518731937,48297517530.31545,USD,Industrial services,Strong buy,246.12022161340184,246.52119763004504,242.79610461948815,-2.3348446968091947,-12.6969696969697,18.523089581404907,235.35999999999999,247.8985000000006,262.42199999999985,230.19210000000012,37.726707261179854,2.995288,-55.368531790387266
MDLN,Medline Inc.,36.735,USD,2.49720982142856,5393267,0.43855187371098925,48258335430.46623,USD,Health technology,Strong buy,39.958388709118516,41.20617251515487,42.25844281063289,-0.7162162162162178,-18.781782003095287,-12.347888332140297,36.569000000000045,39.32675000000002,42.5617,nan,30.725158916025425,0.323936,-22.06505442930709
RNECF,Renesas Electronics Corp,27.138,USD,-7.377258997593805,15590,1.0206219312602292,48226508480.71091,USD,Electronic technology,Strong buy,22.40006490382519,20.821100796746094,19.207259066180814,-1.1366120218579148,54.43448570209133,93.98141529664046,26.940900000000006,22.65997500000001,19.315661999999996,14.586268000000008,nan,0.360539678652,-107.54707100039069
CCJ,Cameco Corporation,110.51,USD,2.857408786299337,1483250,0.5396797513248851,48122460083.3655,USD,Non-energy minerals,Strong buy,111.87978689269156,111.78899187123245,109.43138825459978,2.905298444920388,-7.885304659498202,18.827956989247316,107.23999999999997,112.84549999999997,113.3646000000001,100.58780000000004,102.91001281403334,0.2762877356999999,170.61195254337045
DNBBF,DNB NOR BANK ASA,32.484,USD,-0.14140793114048378,513,0.08518198724760893,47997515010.1396,USD,Finance,Buy,32.04483302892118,31.73368186567937,31.14377905658417,-2.0326919597080626,4.0153698366954895,12.091097308488617,32.53760000000001,31.634815000000003,31.88426599999996,29.265998,11.267926716099867,0.70086498615,1.432625549903745
EBKOF,Erste Group Bank AG,119.94,USD,-0.11658894070619634,377,0.13685204007550456,47980775222.99351,USD,Finance,Strong buy,117.06242581201124,116.71989952492946,115.59917295545439,-0.6461232604373767,2.618069815195074,-1.1457173446655067,118.48799999999999,115.74792499999998,114.96942999999992,110.06835300000003,12.120503497320403,2.82446870826,28.074470461733576
FANUF,Fanuc Corporation,51.87,USD,3.798126951092604,236,0.16001084819309783,47977543372.19144,USD,Producer manufacturing,Buy,47.767567379535635,45.38605090199232,42.906446876430316,-5.020874533069663,20.59986049755871,40.189189189189186,51.264999999999986,48.335119999999975,42.40700999999999,37.00720399999996,46.14658929933948,0.319840044064,7.161705177316509
COIN,"Coinbase Global, Inc.",180.86,USD,4.074116699274953,5443702,0.6030882601070174,47649556460.0,USD,Finance,Strong buy,188.8861455024825,192.1136188507164,202.19809372631966,-2.8000214972859565,-4.910620399579377,-21.568117261866036,182.6400000000003,194.635,189.58970000000005,249.09202499999995,68.01037867107885,0.08619,-50.16491136014392
EXC,Exelon Corporation,45.875,USD,-0.6819657934617833,3101950,0.43522166223204384,46939671562.670494,USD,Utilities,Buy,45.963901273712096,46.24316168871811,46.264675515805095,-0.724951309240426,-2.2063525900660768,5.314508723599627,45.93500000000005,45.148750000000035,46.78370000000008,45.773600000000016,16.799721683084922,0.481932,1.3096386436150604
LGRVF,LeGrand SA,178.765145,USD,4.989220062254055,316,1.0160771704180065,46770911403.31918,USD,Electronic technology,Buy,173.75949003030055,169.30888466654437,163.52625694479977,4.989220062254055,0.486309724564353,21.816112436115837,180.61602900000003,166.82038225000002,153.6962629,110.46378153499992,32.071439264351525,1.8327828778800002,14.800689829768546
BAIDF,"Baidu, Inc.",16.82,USD,-10.233968064213133,800,0.1389443701478021,46492582340.721695,USD,Technology services,Strong buy,16.189971530769142,15.99443020368785,15.83262063593614,-9.179265658747296,29.28516525749424,-8.36284391174067,18.16552,15.747644999999995,16.81391400000001,13.996050999999989,nan,0.23006143328,-100.32173548619406
CAH,"Cardinal Health, Inc.",198.14,USD,-0.8506805444355569,826513,0.37482952100896727,46405547521.54623,USD,Distribution services,Strong buy,200.09330989049653,202.58041509689556,202.54239180515424,-0.9300000000000068,-3.2188736384506442,-3.143178374150661,199.92800000000005,194.13000000000034,203.3601999999999,192.59899999999988,30.29756261659378,2.402771,2.1269286026609975
RWNFF,RWE AG,62.38,USD,-1.6739699252860845,2804,0.6558143886238188,46400813471.54078,USD,Utilities,Strong buy,65.740486481457,65.05314582353677,62.92627758023639,-6.669858463748154,-12.125993125598688,12.372099726185333,64.78519999999997,67.53725,67.32976000000004,55.164832499999996,16.748778407521705,0.7325262000000001,-36.219717115608134
ODFL,"Old Dominion Freight Line, Inc.",222.325,USD,1.3100934153565733,672645,0.4135337097799897,46236546535.99499,USD,Transportation,Buy,208.52821901722115,203.372945859134,195.49957593272003,4.25067992122292,-0.7610587867696347,40.9350237717908,215.30899999999997,203.79124999999988,203.77489999999995,170.1829749999996,46.48816493810639,1.45001,-10.34793041391721
GPDNF,Danone,71.4999,USD,-1.3794482758620736,1103,0.177926184023745,46129196835.31983,USD,Consumer non-durables,Buy,74.6816448071666,76.68084196625576,78.86843330730183,-0.13966499953213415,-8.215671650412908,-20.652646765064922,71.85477999999986,74.19216250000002,78.245935,83.96208475000002,21.626475350116934,2.209206,1.987862275112016
HINKF,Heineken N.V.,83.26,USD,6.2938848461636745,327,0.044175458978966,45791752797.556755,USD,Consumer non-durables,Strong buy,79.86804849770652,80.25742875354766,80.81104021642277,0,5.713560182833925,2.3227233624185826,77.96018000000007,78.02004499999984,82.06121800000015,82.3528741750002,21.06410434016398,2.59678561242,120.8211384701732
GRMN,Garmin Ltd.,236.045,USD,-0.808925494810275,351885,0.49883578757110203,45522742238.842125,USD,Electronic technology,Buy,239.68814902160915,238.41646524095762,234.91888089528817,-2.492977528089898,-8.314235773936687,15.895811852506506,238.6069999999999,237.46225000000018,244.4866999999999,228.64107500000011,26.319339911913918,2.296881,18.14337654125831
ERIXF,Ericsson (L.M.) Telephone Co.,13.6,USD,1.5632374536543,201682,0.25736451043931463,45337103728.72578,USD,Electronic technology,Buy,12.454247095874203,12.009146212940836,11.45365088066995,0,15.744680851063828,43.915343915343925,13.010634400000004,12.0246736,11.066271439999998,8.789149859999995,17.168335529870376,0.1364486888,1581.8541593064651
FITBP,Fifth Third Bancorp - Depositary Shares each representing 1/40th share of Fifth Third 6.00% Non-Cumulative Perpetual,23.945,USD,0.736222128733701,10384,1.0271933208693158,45215884396.0,USD,Finance,,23.79476964692466,23.885844094083385,24.030302852486905,1.2045646661031282,0.7786195286195232,-2.938792055127691,23.66640000000001,23.61629500000003,23.701293999999958,24.427471000000022,8.030115027331567,0.832223,-5.285392116380265
FITBM,"Fifth Third Bancorp - Depositary Shares Representing a 1/40th Ownership Interest in a Share of 6.875% Fixed-Rate Reset Non-Cumulative Perpetual Preferred Stock,",26.33,USD,0.34298780487804825,8714,0.8126836092329214,45215884396.0,USD,Finance,,26.080687812248943,26.036396912329064,25.97580760880708,0.7654037504783747,1.7781213761113153,0.7654037504783746,26.152000000000022,26.05294999999999,25.997879999999995,25.840585500000003,8.82994064187263,0.832223,-5.285392116380265
FITBI,Fifth Third Bancorp - Depositary Share repstg 1/1000th Ownership Interest Perp Pfd Series I,25.575,USD,-0.019546520719308076,23055,0.8744779872782513,45215884396.0,USD,Finance,,25.49323806407349,25.500340680245117,25.527181549711145,-0.019546520719308076,0.9273875295974721,-0.05861664712778651,25.571000000000055,25.483434999999957,25.41947400000014,25.614148499999963,8.576746369764244,0.832223,-5.285392116380265
FITBO,"Fifth Third Bancorp - Depositary Shares each representing a 1/1000th ownership interest in a share of Non-Cumulative Perpetual Preferred Stock, Series K",18.69,USD,0.21447721179626117,8364,0.3822931188152753,45215884396.0,USD,Finance,,18.96714831033982,19.124976272273578,19.321494448769318,0.2682403433476433,-3.560371517027852,-3.6597938144329762,18.62198000000003,18.891250000000007,19.14190399999993,19.87963950000009,6.267815822126832,0.832223,-5.285392116380265
GFS,GlobalFoundries Inc.,81.255,USD,0.17876957218591544,6461132,0.8295666563797881,45211682877.87436,USD,Electronic technology,Buy,69.76187831314336,63.30707455130444,56.92141757355521,-7.285486079415798,39.58941762583748,128.62971299943726,83.86300000000003,74.01375000000003,59.509800000000006,43.342749999999995,58.372844827586206,0.43258,nan
FITB,Fifth Third Bancorp,49.865,USD,-0.05011024253357101,3042854,0.5299756173393143,45193226606.66547,USD,Finance,Strong buy,49.05414396118,48.81878534896076,48.35840548104955,0.4330312185297148,-1.8791814246359668,6.435432230522947,49.64299999999998,49.14225000000009,48.478699999999925,46.82760000000004,16.72255944196653,0.832223,-5.285392116380265
DISPF,Disco Corp.,415.202,USD,-5.184241294895685,136,0.4475156301414939,45033948926.22585,USD,Producer manufacturing,Buy,433.06639057585505,430.4168823233041,417.4304592104192,-4.3956600628148745,-12.325105053107247,18.67661350254387,419.8343999999999,444.80607500000013,438.161028,365.8033711999999,52.914242559825006,1.903817248,3.3415431889614924
MSCI,MSCI Inc.,618.15,USD,2.432598140752639,330189,0.5809355308981085,45001319701.921135,USD,Commercial services,Strong buy,583.3525669289205,576.5700515734334,571.9095342946276,5.432372505543242,3.045609121824362,8.149483002956755,596.2060000000006,584.6099999999999,569.2194,565.8614500000004,35.30349065655412,4.862274,20.407096685462793
SEMHF,Siemens Healthineers AG,40.2,USD,-0.6548869393302867,658,0.06203509036570534,44854683396.22578,USD,Health technology,Strong buy,41.194398891296025,42.63798313025754,44.65831642045343,0.7329449351625734,0.998680987375167,-20.71005917159763,40.3225,40.20999500000005,41.92662999999997,50.1058255,18.644330007360793,0.6688033970400001,7.2728669266144355
IDXX,"IDEXX Laboratories, Inc.",568.04,USD,3.0944300259532755,359136,0.6422603581597249,44808700363.31563,USD,Health technology,Buy,565.1613668836393,577.2845665937618,592.9845439461781,2.4012114219786445,-1.2379164058696719,-16.03624377337295,557.7359999999999,552.8337499999994,564.883499999999,638.6975250000004,41.795305717018614,3.955202,25.583286362418328
SWZCF,Swisscom AG,863.31,USD,1.997873345935724,1,0.03367003367003367,44719901932.46921,USD,Communications,Buy,855.5559770335271,847.0607247410848,826.2259127462122,0,6.230919447305367,18.982875650346262,858.9349999999998,870.8171,789.4542499999995,646.3283684300003,28.91633918483528,6.6848706045999995,-5.8399908383667665
WEICF,Weichai Power Company Ltd.,5.36,USD,2.9581252401075666,2239,0.1562140250751767,44442113391.36084,USD,Producer manufacturing,Strong buy,4.925165869540173,4.596981086334799,4.18487093446317,2.4073366450133804,14.334470989761106,117.44421906693715,5.309920000000001,5.3030300000000015,4.452754,2.956518000000001,29.296895603649904,0.061699732800000004,-0.02938063352498723
CHPXF,China Pacific Insurance Group Co Ltd,4.09,USD,-1.4457831325301322,73132,7.494338153161924,44410295968.80576,USD,Finance,Strong buy,4.399313819011645,4.368841862152639,4.186406765609614,0.4914004914004809,-1.4457831325301322,-19.803921568627448,4.184,4.524250000000002,3.5686514999999988,3.596623324999998,5.224036956865738,nan,26.71003861975672
WAB,Westinghouse Air Brake Technologies Corporation,261.61,USD,0.30673670488095217,466371,0.4805599654849109,44389287885.84553,USD,Producer manufacturing,Strong buy,260.0841706530299,256.38046279555806,249.2646432704903,1.0740640574894833,-2.0855955367506622,22.41363168242674,259.07,263.37400000000014,258.82379999999995,225.78424999999973,37.03058870157261,2.600133,10.73544625223361
LZAGF,Lonza Group AG,649.412,USD,3.1287418017817723,180,0.47108086888249145,44256382278.05255,USD,Health technology,Strong buy,632.4442054850862,638.0467419849789,647.2258739993448,1.4644420105649887,8.597324414715725,-6.540194601191315,640.2357999999995,627.5778999999991,633.1347399999996,672.4805244999995,nan,10.76600575,-150.47333860374277
CODGF,Compagnie de Saint-Gobain,90.1499,USD,-0.715969162995589,678,0.1096023278370514,44141190080.6561,USD,Producer manufacturing,Strong buy,89.437417307832,90.38499553102064,92.31383371240322,0.2779755283648461,-2.7194345527139303,-12.730009680542107,88.79994000000002,89.97030000000004,87.899642,95.14681832499996,13.268449687750925,3.8486694000000004,16.29370013115051
FERG,Ferguson Enterprises Inc.,227.14,USD,-1.157528285465633,609061,0.4396238553691428,44051040584.20696,USD,Distribution services,Strong buy,236.5975562124592,239.1119260733173,239.72681746304946,1.5332349917303554,-13.769408906267808,1.7834737408137613,226.25799999999964,237.78400000000002,241.75920000000002,240.05520000000044,30.0537193363148,3.299536,-9.199255121042818
XYZ,"Block, Inc.",73.74,USD,3.248389806776804,3008733,0.5397948812713665,43888848550.033325,USD,Commercial services,Strong buy,69.67585804450619,67.98465772732392,66.85259784236932,7.383136740934897,3.5237961533061783,12.203286670724278,70.21200000000003,71.0,66.91539999999998,67.7001,57.28713486637663,0.866377,-68.69116824362123
FNV,Franco-Nevada Corporation,227.22,USD,1.7919541259743752,249103,0.3756584688851915,43807719388.328896,USD,Non-energy minerals,Strong buy,233.77013239662077,236.2421963212251,234.46705996594693,-1.5767131594906065,-3.805935396469247,8.936619043053017,226.33200000000002,229.21150000000006,239.36759999999992,222.6577499999999,32.215582931139174,2.193433,126.50721479611555
STT/PG,"State Street Corporation Depositary shares, each representing a 1/4,000th ownership interest in a share of Fixed-to-Floating Rate Non-Cumulative",21.98,USD,0.36529680365297645,25205,0.6753914215508948,43707048683.0,USD,Finance,,22.102740569468853,22.20868911488467,22.339703821257643,0.7332722273143911,-1.6994633273702997,-2.564011632030634,21.873000000000022,22.100694999999977,22.08138000000011,22.713778500000004,2.2292315337883752,3.135126,10.73438079087162
STT,State Street Corporation,157.9,USD,-0.012664640324203277,686818,0.42885199118416306,43701513342.48797,USD,Finance,Strong buy,149.03989371741184,144.08720028595377,138.48430760368717,1.6414547795301007,2.0751179778912716,22.793374290380278,156.39600000000013,152.52950000000004,143.01000000000002,126.6960000000001,16.014361200417856,3.135126,10.73438079087162
TTDKF,TDK Corp.,22.9164,USD,4.450319051959882,2447,0.08949928678541384,43488434376.5625,USD,Electronic technology,Strong buy,18.83540181592421,17.560563099053578,16.50626846170093,0.8200615926088826,33.05464109665397,83.62499999999999,21.849679999999992,19.474735000000003,16.327788,14.984699499999994,35.337409737408386,0.15717010626800001,10.572495889509582
PINXF,Peoples Insurance Company Group China,0.7,USD,3.811359928815059,3184145,5.260932170275269,43407076288.531075,USD,Finance,Strong buy,0.7331024943004422,0.7652791620762769,0.7784251982046339,0,1.449275362318842,-30.000000000000004,0.68416,0.81267175,0.7761407,nan,4.816304627799969,0.0619416,9.306656567571236
VTR,"Ventas, Inc.",86.99,USD,-1.2038614423622969,919382,0.2551781090088157,43283590420.973305,USD,Finance,Strong buy,86.47567199889241,85.4694906277701,83.72655477963495,-2.3023360287511356,2.6912181303116163,12.446684761535472,87.92000000000009,87.97749999999999,85.47480000000007,78.26529999999994,157.56203586306827,0.142327,66.84799032940465
ANNSF,Aena SME S.A.,28.718,USD,0.4125874125874075,291,0.028102637398719446,43077001606.75689,USD,Transportation,Buy,28.468969795768547,28.839424526619396,28.980476619702326,2.1266002844950176,3.324458516226522,2.6302623114859576,28.08439999999998,27.536399999999993,29.046883999999995,28.819128500000005,17.22291207161116,0.5055709794000001,17.082687806726515
HLNCF,HALEON PLC,4.8,USD,3.89610389610389,827,0.14607178182845837,42509254781.6556,USD,Health technology,Strong buy,4.7452183388392655,4.809817831670047,4.864896876476656,3.7837837837837798,1.802757158006362,-7.692307692307699,4.683700000000002,4.570174999999991,4.756818999999998,4.856968750000004,19.290445956529624,0.13849440000000002,26.518607645628062
SSREF,Swiss Re Ltd,155.72,USD,0.5683285972616865,416,0.5571926064827216,42304416473.63682,USD,Finance,Buy,158.17378278665942,160.1190118858484,162.18505269403903,0.6528343352078023,-2.308657465495613,-7.907031758235262,154.96569999999997,158.57899999999992,162.6591439999999,153.88242184999996,9.514094622241107,nan,56.15397382686712
ELEZF,Endesa S.A.,41.112,USD,2.7800000000000047,1500,2.5020850708924103,42299172798.28642,USD,Utilities,Buy,36.724199531834955,34.679304392038674,32.076458264306645,0,2.7800000000000047,18.512539636782947,38.18639999999995,33.199380000000005,25.577471999999972,22.742835500000016,15.836666599123033,0.62382280014,16.56436790718009
BAYZF,Bayer A.G.,42.98,USD,-4.499500055549396,1146,1.0484903934126257,42224585442.374084,USD,Health technology,Strong buy,44.865145796099064,45.22126483912736,44.718414914682185,-2.3825206114152184,-2.3181818181818254,-2.0287212217916584,44.327,45.60293,46.940962000000006,38.7552465,nan,0.92588753652,29.2178094995192
CNSWF,"Constellation Software, Inc.",1982.592,USD,2.992327232868747,2776,0.3663187342473707,42014158297.404495,USD,Technology services,Strong buy,1895.384249697618,1901.3862720296127,1981.5239563269608,-0.8208104052025964,9.991234396671297,-17.184962406015032,1956.9183999999993,1877.6868799999952,1830.8718020000008,2354.615740500005,57.10001542359838,27.812302,2.743313920117976
TTRAF,Telstra Group Limited,3.75,USD,7.142857142857142,200,0.01637559054473402,41792453765.53537,USD,Communications,Buy,3.7807022398553127,3.67701442796554,3.532425843239053,7.142857142857142,3.3057851239669453,15.384615384615385,3.8605245999999958,3.6560311500000005,3.2831807800000026,2.768267834999998,28.312757823050926,0.075271396,46.63484372464042
DHI,"D.R. Horton, Inc.",146.895,USD,-0.619037954130297,998616,0.4435634121392735,41656427644.6569,USD,Consumer durables,Buy,145.52624331237826,146.41796906563314,147.64307504837828,1.1673553719008414,-8.430993641690549,1.7701260911736225,145.6349999999999,144.12324999999996,144.53030000000007,153.83657500000004,13.76155813495967,2.971447,-19.23199152542372
DKILF,Daikin Industries Ltd.,142.01,USD,1.3126917314689333,348,0.7281858129315757,41562441313.78235,USD,Producer manufacturing,Buy,144.79327227469003,140.37342458005097,135.78814185909965,-7.310227791919598,-0.19678122144915394,10.307596706540298,144.43399999999997,149.81062500000004,136.10985000000002,126.60062150000002,24.009655719492237,1.848391122916,-1.8100370609193592
VIK,Viking Holdings Ltd,93.001228,USD,0.4875505132360891,1505005,0.33177098742675903,41458648334.322586,USD,Consumer services,Strong buy,83.6899629171671,80.87784327591653,77.53746881623812,9.02840328253224,16.45533183070373,30.05345825758634,88.28224559999992,84.18806140000007,79.61902456000003,69.83695614,34.634748994488305,1.241048,117.98993343075175
YUM,"Yum! Brands, Inc.",150.375,USD,-1.0820944612551047,724435,0.42126075437968774,41446536904.43774,USD,Consumer services,Buy,154.62705858770212,155.62460069715058,155.63503733783043,-2.9024342997352646,-3.778474532889686,-0.7687739210769382,153.17499999999998,153.40624999999994,156.50389999999996,152.83657499999998,24.242692933950252,1.581343,23.677074610200584
UMGNF,UNIVERSAL MUSIC GROUP,22.54,USD,-0.7485689123734113,174900,6.382536154932507,41440416512.28071,USD,Commercial services,Strong buy,22.67665490038502,22.640221510899018,23.05737537251944,-4.924601919223877,0.5800981704596118,-12.77089783281734,23.243400000000005,22.89792499999993,21.94254399999998,24.915952499999968,23.19712531260918,0.55423978758,-16.671330501800462
ESLT,Elbit Systems Ltd.,884.0,USD,6.6589447521144844,147239,1.0681738050431728,41363014148.24469,USD,Electronic technology,Buy,821.6448466151844,810.6915128196838,775.1089695113527,3.0915812429299456,7.850911974623317,51.364679291805075,819.3519999999996,804.50575,854.1353000000003,648.4713249999998,67.98388818456735,3.378365,66.89747263915679
CRDO,Credo Technology Group Holding Ltd,224.12,USD,1.306332775844151,3224016,0.48016003189771855,41338918838.49424,USD,Technology services,Strong buy,184.99812947417024,169.930290651633,157.688745571459,-1.7060655234419484,32.54336455778493,51.12533692722372,215.78799999999995,192.45725,156.40670000000003,144.68534999999997,124.29704397981256,1.024921,13061.313868613139
CMG,"Chipotle Mexican Grill, Inc.",32.2,USD,-1.4989293361884213,7231451,0.5093883662741804,41304033348.09423,USD,Consumer services,Strong buy,33.125687401306,33.729099399440734,34.72572056818458,-2.0085209981740615,-3.85189608838459,-13.557046979865763,32.577999999999996,32.692,33.247,36.73702499999999,29.497984609747164,0.318231,-4.085756963359985
ASAZF,Assa Abloy AB,37.16,USD,-0.2683843263553447,117,0.1486280487804878,41276447873.0206,USD,Consumer durables,Strong buy,37.879132288337395,38.02298433950201,37.65209465634755,0,-4.165054803352681,-1.7554991539763154,37.71200000000001,38.748799999999996,36.22634000000001,28.425411,24.851861903366384,0.42576361020000003,14.395339394675316
SSEZF,SSE Plc,34.164,USD,1.9820895522388102,890,0.6167706167706167,41181001553.755554,USD,Utilities,Strong buy,34.68002210939131,34.554351310387204,33.68674677034248,-0.396501457725935,-4.702928870292887,6.8626837660306625,33.35519999999999,35.02720000000002,34.646232000000005,25.85689049999999,29.230432127670696,nan,-50.33797300329045
HOCFF,Hochtief AG,546.26,USD,1.1592592592592577,25,0.05779010633379565,41109894533.37578,USD,Industrial services,Buy,545.4002822987734,523.8478633477671,490.4252676697268,-2.9112754158964873,0.604073814873471,35.53157176528966,553.0059999999996,574.209625,515.19991,354.353505,44.215101271565935,nan,-9.622063640624342
CCEP,Coca-Cola Europacific Partners plc,92.715,USD,-2.0960929250263987,853759,0.5263076781670643,41092920392.9623,USD,Consumer non-durables,Buy,94.03254600581516,94.57055283550072,94.56223910907994,-1.5868803736333619,-7.2107686148919115,2.2892762577228627,93.81899999999993,93.11874999999988,94.20970000000005,92.82392499999993,19.237472766884533,2.48051161242,44.86894312853191
SWDBF,Swedbank AB,36.43,USD,-0.08228195282501684,2528,0.7429394304522879,40853852502.46471,USD,Finance,Buy,35.55471540157364,35.56399927536671,35.23702841721764,-4.257555847568982,7.368110816386679,2.909604519774015,36.60685879999999,35.34641470000004,36.07344587999999,31.11048446999999,12.26188417236395,0.6998637135000001,-2.3331185600900572
CLS,"Celestica, Inc.",355.115,USD,-0.7226726306961083,1754979,0.9412883790793338,40828673463.88588,USD,Electronic technology,Strong buy,360.44753627222957,348.4339932610697,331.4002700049286,-6.804970541537091,-0.38989635488982943,19.126132170412607,361.159,377.1682500000001,352.1046999999999,298.09962500000006,43.184785376713265,2.2776600956999995,137.55662783391023
KDP,Keurig Dr Pepper Inc.,29.975,USD,-0.415282392026578,3050552,0.3237538393308572,40782769977.81479,USD,Consumer non-durables,Buy,28.767124297606177,28.464857135626655,28.357096791322476,3.32643915891072,4.67958791688493,7.746225736879946,29.504999999999995,29.095250000000057,27.6371,28.08204999999997,22.301168067852092,0.536175,21.748188405797098
RKT,"Rocket Companies, Inc.",14.36,USD,0.6306937631394525,9912983,0.4586950400336003,40630611607.99439,USD,Finance,Strong buy,14.665525045111076,15.182856107873722,15.826405568624695,1.6997167138810214,-6.753246753246759,-26.358974358974358,14.066000000000013,14.130999999999997,14.604400000000004,17.606749999999998,243.38983050847457,0.174286,nan
TTWO,"Take-Two Interactive Software, Inc.",218.4,USD,-0.027464982147762645,935891,0.3122195930671038,40549599024.26807,USD,Technology services,Strong buy,219.78572945381057,218.0751885397748,219.2020466380146,-2.9893839115177854,2.5111476179300607,-15.251935352437856,224.63199999999998,227.17050000000003,213.25279999999998,231.84067499999986,nan,0.329033,93.64199183982105
RBGPF,Reckitt Benckiser Group Plc.,63.5549,USD,-0.1964510050251197,32181,7.6883197553575275,40517386098.115974,USD,Consumer non-durables,Strong buy,65.26005927518366,67.94675598663146,71.04982879174545,-0.1964510050251197,0.12982000078775363,-23.934037202378796,63.342979999999976,63.20987,71.65244799999999,73.39841831989996,9.69453563096686,2.088510314,148.5761160160083
BDX,"Becton, Dickinson and Company",146.78,USD,-0.31241510459114913,1065257,0.380688381563432,40443826673.808876,USD,Health technology,Buy,149.98072971669134,152.4274784799947,154.10963501241247,-0.5757637336584667,-2.691593741713075,-3.866663777863626,147.1299999999996,146.54800000000014,151.69780000000017,154.51577369649937,37.21885538960874,3.124736,-24.7442943286772
GMGSF,Goodman Group Sydney NSW,19.75,USD,-2.420948616600783,1928,2.4964392075618282,40384660044.00097,USD,Finance,Strong buy,20.817250587504883,20.573805528057846,20.4409427751852,-2.420948616600783,-6.795658329400665,-2.188985736925516,21.305000000000014,19.92812500000001,20.090999999999973,20.458772229999997,35.6701624328893,0.5057466375,89.16901731401452
ALNY,"Alnylam Pharmaceuticals, Inc.",301.925,USD,2.1293508777864276,484369,0.6401621178193075,40310784342.45171,USD,Health technology,Strong buy,302.4901642588463,311.08463029305216,325.53581354646155,0.9782608695652211,-2.2801566495129024,-24.394000100165265,298.20299999999975,295.87200000000036,309.1231999999998,386.265275,71.73830398935537,1.625954,nan
HLBZF,HEIDELBERG MATERIALS AG,228.55,USD,7.049180327868858,674,0.5880300122142732,40308235300.93571,USD,Non-energy minerals,Strong buy,217.66098245052245,220.03378152090448,224.07866005102903,6.302325581395355,6.445903777187836,-11.960708782742683,211.5396,213.09665999999987,213.186996,235.53534850000003,17.81388802348961,3.6975132000000004,26.609074792383108
SVKEF,Skandinaviska Enskilda Banken AB,20.5,USD,9.508547008547016,1394,0.4956092011234757,40140721828.11411,USD,Finance,Buy,19.73103026431927,19.78151487461059,19.55122946327028,0,0.8858267716535418,-6.006419073819344,19.633,20.29242499999997,18.48772799999999,14.271792180000007,12.677322032104719,0.4302879147,-1.8111655685475034
HEI.A,Heico Corporation,252.87,USD,10.043953174637718,330872,0.9344349056928819,40111358891.44137,USD,Electronic technology,Strong buy,226.54810392857004,226.855662987465,230.06771300764487,10.86899333567169,22.135819165378678,0.21400546902864978,231.888,221.07850000000002,216.52240000000018,241.2541000000002,45.14165342663834,1.425246,30.938968233561624
CCI,Crown Castle Inc.,91.59,USD,0.7923407065037953,1535460,0.47736654684780644,39974636712.53351,USD,Finance,Buy,89.05277101922859,88.44098382995726,88.57099988760925,0.13119055428009682,8.531816565943835,3.0838491840180184,91.32000000000002,90.32299999999985,86.62180000000001,90.37300000000022,18.624938994631528,0.39753,nan
HSY,The Hershey Company,196.995,USD,-0.41704579921139856,581274,0.35509452088410215,39959183434.60115,USD,Consumer non-durables,Buy,194.707382489263,197.01545244881828,197.6724985831013,0.5076530612244922,4.235673845176991,8.2509066930432,194.22100000000003,189.7497500000002,197.0941000000001,193.7985750000002,36.64955070603338,1.427403,-33.70294538457743
SLF,Sun Life Financial Inc.,72.07,USD,-0.7163521146163524,381126,0.37942371550040743,39917652603.24654,USD,Finance,Buy,70.49263923504324,69.0110055281923,67.31579310569009,-1.7182599209055027,1.4213340838727708,15.552348885682212,72.79799999999992,71.96599999999995,68.4463999999999,63.08905000000004,18.743123046207568,1.3928709656999998,1.2784540473330384
HEI,Heico Corporation,338.0,USD,9.243697478991605,911541,1.1603061033683768,39819663232.68908,USD,Electronic technology,Strong buy,299.88618786621237,298.9439981590662,301.601699702943,10.083376758728498,26.572798082684233,4.572736835591848,311.7000000000003,293.2385000000001,284.56280000000015,312.0154499999999,60.33882571362265,1.426743,30.938968233561624
NAPRF,Naspers Ltd.,52.01,USD,-1.4402122418040648,225,1.9463667820069206,39818259435.38749,USD,Technology services,Strong buy,55.54882780616624,58.03557931616167,60.037392471599354,4.099115327649002,-7.504890627778765,-18.473234579512507,51.68240000000003,57.273350000000015,63.9676052,44.36121409999999,7.199978182723291,2.14,84.78527283758814
TYIDF,Toyota Industries Corporation,128.0,USD,1.983743153942869,5510,2.6449692780337943,39741519531.25086,USD,Producer manufacturing,Buy,127.46781105117219,125.94262231006101,122.32332005942307,0,1.5873015873015872,9.824109824109826,128.37460000000002,127.83449499999999,118.53219800000001,85.94748500000003,27.29047827981693,2.158237254668,-17.530182045191562
AIG,"American International Group, Inc. New",74.89,USD,-0.504849209512416,1095933,0.3749170496630554,39707143377.62336,USD,Finance,Buy,76.34216893344218,76.60521866163569,77.0331006483964,-3.0173530173530154,0.12032085561497782,-12.131878446556382,76.6039999999999,76.85399999999981,76.23259999999993,78.19472499999986,13.228644103723592,1.944189,26.484650788685833
PEG,Public Service Enterprise Group Incorporated,79.475,USD,-0.43222250062640805,1003666,0.38927724200084185,39604093998.81452,USD,Utilities,Buy,79.5536746186324,80.14552565455031,80.69111543733871,-0.5070105157736619,-1.5667574931880117,-1.6276766926599973,79.47100000000009,78.67975000000001,80.1432999999999,81.58047499999996,17.57402206841651,0.83144,23.627665390924015
AMP,"Ameriprise Financial, Inc.",438.215,USD,-1.1180810975472257,317317,0.5947072577761351,39394253215.93663,USD,Finance,Buy,455.20126321445,458.7792267757819,464.3462706808465,-2.8369659209330202,-9.437257171199475,-10.56836734693878,447.95299999999963,463.11524999999983,456.05950000000036,478.5667250000006,10.899867425137487,10.634167,36.60602642165923
ED,"Consolidated Edison, Inc.",106.8,USD,-1.120266641977602,779576,0.34630951561774725,39358975314.98934,USD,Utilities,Buy,108.35495088432225,108.58666782817745,107.92873970638624,-1.339491916859125,-3.102885138813284,7.196627521830776,107.69000000000035,107.57450000000001,109.85199999999995,104.00209999999974,17.98918627566575,0.733182,9.597563226878343
KR,Kroger Company (The),63.681,USD,-1.559746483227702,3319054,0.5773824650041292,39263201440.56111,USD,Retail trade,Buy,66.79496500871,67.38695737049648,67.5396645599603,-3.8051359516616396,-4.825885517859811,2.1183450930083354,65.44820000000001,66.58405000000005,68.69361999999997,67.01087999999999,41.180160372478014,1.577021,-57.94397606744629
PYPL,"PayPal Holdings, Inc.",44.495,USD,1.6796160877513697,8123888,0.6950409674720364,39249284042.52708,USD,Commercial services,Buy,45.89961619091831,46.81033261017066,48.91413489900507,0.6674208144796258,-10.598754269640356,-24.160559059144372,44.18900000000004,45.70224999999991,46.54549999999999,56.880100000000056,8.34677721917911,1.283635,19.591699383062267
FJTSF,Fujitsu Ltd.,22.5,USD,0.08896797153024721,3294,0.5327080132610981,39032509460.45203,USD,Technology services,Strong buy,21.7307325426072,22.186767304087564,22.871436110693306,-1.5317286652078836,0,-24.471299093655585,21.535999999999994,20.598549999999996,21.27074999999998,24.43123250000001,14.062273298576585,0.102883133772,98.92664345063564
CCL,Carnival Corporation Ltd.,28.145,USD,0.5897069335239427,12991386,0.475358148908865,38932357381.69531,USD,Consumer services,Strong buy,26.771909991376287,27.027398517307248,27.39151117733527,4.959910497855671,7.259908536585371,-8.292603453893781,26.999000000000002,26.02539999999999,26.29015999999998,28.545790000000007,12.51333807576027,0.332623,49.77691949124326
A,"Agilent Technologies, Inc.",137.555,USD,18.745683701657462,3657597,1.4887873776972744,38873361646.917465,USD,Health technology,Strong buy,120.305946332295,120.31685036544302,122.16942975175951,19.633849365106975,18.347242536350343,0.9652084556664692,119.64500000000005,115.42424999999965,115.4223,129.53267500000004,27.627588423145674,1.493553,22.799358737205583
WOPEF,Woodside Energy Group Ltd.,20.46,USD,-9.98680158380994,357,0.6251094379268078,38854542860.45783,USD,Energy minerals,Buy,22.25802856502224,21.87623170039766,20.932842138601558,-6.828055411350027,-11.043478260869561,28.679245283018872,22.1028,23.169225000000015,20.096404000000007,16.265145999999998,13.922616112644988,0.79207,-16.178287801471708
LYV,"Live Nation Entertainment, Inc.",166.8,USD,0.14409221902017835,813069,0.37759106846742657,38816494315.95821,USD,Consumer services,Strong buy,162.47656120864923,159.83283043514163,156.98924603756458,-0.2213315786325155,6.066480233888386,17.169837815067037,166.2989999999999,164.51524999999998,159.28209999999999,153.32997499999993,nan,0.685972,-160.3588180915534
ADM,Archer-Daniels-Midland Company,80.1,USD,0.6913890634820832,1704794,0.5119320403620556,38604720572.80201,USD,Process industries,Buy,75.9067220278428,73.74225026479537,71.1010127259511,2.8901734104046244,11.902766135792115,39.44986072423398,78.46000000000004,78.67725000000002,73.77370000000005,65.35722499999997,35.862995298858294,1.424027,-20.382846754357825
WCN,"Waste Connections, Inc.",151.73,USD,0.12537943777220387,666083,0.5346954433971374,38551694378.6229,USD,Industrial services,Strong buy,157.28282222120154,159.596696215818,162.52230815217857,-1.8690984348726003,-6.914110429447859,-13.237648673376032,153.68600000000004,155.5354999999998,159.24239999999952,169.32830000000013,37.262785385746675,1.3489095176999997,74.54013585432847
JBL,Jabil Inc.,364.21,USD,-1.9306370833108988,284433,0.27850196642266956,38425111378.311325,USD,Producer manufacturing,Strong buy,337.84292640708486,319.24515692892686,297.4701906874419,-2.280593490917872,10.366666666666662,57.46897833888192,367.3199999999998,352.705,317.8309999999999,248.78885000000002,48.811246917551195,3.077534,78.81518404907976
BLMIF,Bank Leumi Le Israel,26.0,USD,-2.255639097744366,350,0.47619047619047616,38377715111.55958,USD,Finance,Strong buy,25.135463985457843,24.79177003648689,24.095999030049903,-2.5304592314901617,0.09624639076034101,13.537117903930136,25.380000000000013,24.68256499999999,24.022666000000008,15.0476655,11.962163496507927,0.53546356353,29.952844767777243
TSCDF,Tesco PLC,6.0785,USD,-4.874804381846631,906168,9.586827221541606,38338811913.77742,USD,Retail trade,Strong buy,6.311245911754413,6.307529709974425,6.248981533283009,0.47107438016529246,-4.7257053291536035,2.2301081417447324,6.3197000000000045,6.361325,6.379361999999994,5.947376499999997,16.672614151246403,0.2238456,23.38188562010771
DCNSF,DAIICHI LIFE GROUP INC.,10.415497,USD,6.020938517915313,3100,0.27366302371157686,38264145702.80957,USD,Finance,Strong buy,9.604121415692623,9.193698161271932,8.619734350172578,0,10.862128791910598,14.834586549062845,9.685299400000002,9.13512485,7.433466440000001,4.981224986250002,13.808264034602633,0.16955149978,-2.3554504777699248
ACSAF,ACS Actividades De Construccion Y Servicios SA,143.789982,USD,-0.4362401329455605,441,1.5317818687044114,38253813441.871086,USD,Industrial services,Buy,128.7611783144674,116.90189592883064,103.19822467861486,-0.8276557003931305,0.27195397489539985,32.64758487084871,149.21199639999998,112.27049910000001,76.81602964000001,41.52732390999999,33.16775671401317,nan,30.74253655068877
TKO,"TKO Group Holdings, Inc.",200.09,USD,6.635045832445117,950146,0.7242537254841578,38242459092.47448,USD,Consumer services,Strong buy,193.07223575097916,194.14331253916768,195.0102621328002,4.1321883944834745,6.982836978024917,-4.687276711284715,191.7899999999999,189.21099999999996,191.0767999999999,196.4850500000001,73.46526655896608,1.555058,58.10983397190294
ORXCF,ORIX Corp.,36.639,USD,-4.211764705882345,125375,4.586795151807828,38193022253.54283,USD,Finance,Strong buy,35.06093762135352,33.72422875718215,31.998408866778615,-3.1892406066691166,6.314017932275199,23.30136294800607,37.67100000000001,35.59845,32.419880000000006,24.159732085,14.565652987617826,1.159137748724,22.85241113315651
IRM,Iron Mountain Incorporated (Delaware),128.25,USD,0.9763010786552199,351741,0.3444696251300914,38157541970.21889,USD,Finance,Strong buy,121.94973847444778,117.23108094344951,111.96517366449896,0.2893337503909951,13.878529568460305,54.51807228915663,127.48999999999992,127.33299999999986,115.99280000000037,100.94665000000003,140.82573844295598,0.543268,121.95954179868389
EQBBF,EQT AB,32.25,USD,0.78125,1502,0.6302186044560063,37980227027.87375,USD,Finance,Buy,32.48892129587648,33.11486364406079,33.56717623430266,0,-6.926406926406923,-17.307692307692307,31.560000000000002,33.53612499999999,34.58095,nan,43.57398794244926,0.5348604000000001,9.526266487309615
EME,"EMCOR Group, Inc.",852.55,USD,-0.31686270841615843,157520,0.5281677153795653,37887558673.68554,USD,Industrial services,Strong buy,852.3103990223481,826.4568328296506,790.1203298850912,-1.2840998564216608,-1.6110604609294799,38.29321308071631,853.4660000000003,895.1365,831.6962,709.6436500000003,28.52998065764023,7.247077,32.03985595298589
HHUSF,Hua Hong Semiconductor Ltd,18.95,USD,14.64004839685419,1227,1.058306020355356,37829067937.55019,USD,Electronic technology,Buy,15.648990445488867,14.319946307730941,12.782228254200517,0,43.018867924528294,87.80971258671953,17.137480000000004,13.690640000000002,10.863106000000002,nan,473.82808686871596,0.025707,169.95400643014935
SATS,EchoStar Corporation,130.28,USD,6.385758615057985,4467060,0.626572696331645,37756899970.35211,USD,Communications,Buy,126.50843863103242,123.2067857966667,116.72949300177079,0.6334002780781656,8.152083679229627,19.874861980125132,125.7,128.344,123.99940000000002,96.67267499999998,nan,-0.501531,-6044.893956111316
MSADF,"MS&AD Insurance Group Holdings, Inc.",25.6,USD,-7.61457957416095,710,0.4282784413077576,37628787499.99739,USD,Finance,Buy,26.293771607895774,26.05308428648944,25.66209273047222,-7.61457957416095,-0.15600624024960666,5.445259082296741,27.275999999999982,26.086749999999995,26.281826000000006,23.44384400000001,7.686957609078085,0.648102882364,12.756134563735518
TRI,Thomson Reuters Corp,84.895,USD,3.3162954849701767,731577,0.3907566586819688,37605294728.77902,USD,Technology services,Strong buy,89.10378026771926,92.96526342083142,100.85467924409986,-0.7076023391812912,-7.662138673622515,-36.716965420474786,84.44099999999996,88.3775574100002,90.38981486199995,126.74226120514984,24.754077750497583,0.9489137762999998,-27.031719825317918
PSZKF,Powszechna Kasa Oszczednosci Bank Polski SA,30.06,USD,3.086419753086415,262,0.08320894337345572,37575000000.0,USD,Finance,Strong buy,27.500731422571373,26.75622253466132,25.89778445727594,0,13.648393194706992,16.96498054474708,27.807999999999993,27.352499999999992,25.794599999999992,20.433577935000002,12.998733648319549,0.5625404999999999,15.126523645090694
STLD,"Steel Dynamics, Inc.",259.45,USD,0.4763380063511584,723585,0.7277727499578072,37416006936.927414,USD,Non-energy minerals,Buy,228.45212143936342,216.48285898792497,203.53090435778003,7.35269778219132,15.382904918616015,51.168210685777545,248.00600000000003,236.2614999999999,209.671,173.4653749999999,27.791464929945587,4.027005,23.396999537373596
JDCMF,"JD.com, Inc.",15.325,USD,-3.464566929133863,6750,1.4825064241945047,37183778807.81406,USD,Retail trade,Strong buy,14.901139326704502,14.816119518226879,14.93935762185526,4.607508532423201,5.982019363762091,-0.48701298701299395,15.235400000000004,14.735710000000003,14.661744000000004,16.809152440000002,23.38941620842832,0.42168864871,-68.0714157181313
UAL,"United Airlines Holdings, Inc.",114.55,USD,1.71372757947078,3445593,0.5591966961496269,37179463783.317345,USD,Transportation,Strong buy,100.53199282856964,99.75080072415035,99.78676424204478,10.35645472061657,26.46279531905498,1.7317939609236261,106.53800000000004,97.74949999999987,95.09660000000002,101.55172500000002,10.22010474380593,1.772754,2.1760137106184336
PWCDF,Power Corp. of Canada,58.9825,USD,0.6699095408772799,14270,0.27790111627834513,37174228871.63371,USD,Finance,Buy,56.20378734937527,54.53669348729153,52.76694975705236,-0.21569954322449286,11.03633283132531,10.952784048156518,59.11559999999999,58.02033999999996,53.599039999999974,49.011735499999986,19.688321301248,1.0777342499999998,3.0796559257684066
PBCRF,PT Bank Central Asia,0.3,USD,-6.133840627776877,8265,0.36348683487186706,36982514062.5,USD,Finance,Strong buy,0.34715424100156456,0.37507724497672906,0.4079763644036794,-6.133840627776877,-19.786096256684495,-35.48387096774194,0.32272080000000003,0.3995489500000001,0.4650955800000003,0.5809589949999965,10.782191726733718,0.0067060083999999996,1.8948881782819302
CBRE,CBRE Group Inc,125.9,USD,-3.2654629273914715,2113385,0.7181902808597942,36865606870.613144,USD,Finance,Strong buy,135.9667525500043,139.27738253041403,142.91728851057454,-4.556136759912055,-14.446860559934759,-21.464662216954647,129.58400000000015,136.81000000000017,139.48820000000006,153.09164999999987,28.7206861939958,1.496813,33.86264390631204
HUM,Humana Inc.,306.725,USD,0.14856172658113462,252075,0.2040651114029957,36825862434.790054,USD,Health services,Buy,265.812889669624,248.76072393017316,240.04270903018653,0.36812827225130884,36.32222222222223,19.79573504139978,305.26299999999986,282.19325,228.87889999999985,244.44422500000007,32.82622887659329,6.831019,-33.932220407412906
WEC,"WEC Energy Group, Inc.",112.18,USD,-0.8485062754109898,659097,0.3261325227304171,36539906303.29998,USD,Utilities,Buy,113.23920393187706,113.41769990657403,113.03542136035891,-0.8222084696313258,-3.4346216751312686,6.160688937257504,112.76599999999985,112.96550000000002,114.37960000000012,111.67844999999987,22.368447289186655,0.834895,-2.111920051529289
FINMF,Leonardo S.P.A.,63.382,USD,1.8675666988106705,1312,0.22122550838026506,36455660913.701645,USD,Electronic technology,Strong buy,63.81979741115915,64.67006719571542,64.6780070720937,-0.7174185463659234,0.7182583823295696,6.167504187604681,61.73040000000003,62.19142499999998,65.86537399999999,62.801780999999956,25.427428760932415,nan,29.086893291153228
UI,Ubiquiti Inc.,602.31,USD,-1.2444663059518006,38755,0.2686737065116718,36453059738.54629,USD,Electronic technology,Buy,749.4155578275737,764.6445011833374,746.4295313665091,-3.023716369608283,-39.0608875128999,7.77089894073861,603.4979999999998,752.1285,844.6390000000001,677.9222,38.71732897933995,4.033,71.46604649112173
PCG/PX,PG&E Corp 6.000% Series A Mandatory Convertible Preferred Stock,40.935,USD,-0.4014598540145965,83032,1.8534300912295114,36402778341.0,USD,Utilities,,41.530854728655775,41.83573040469461,41.89857374981163,-0.3650967506389159,-0.7876878332525346,0.2080783353733191,40.99864000000001,41.164909999999985,42.250886,41.436441,32.078207037066065,0.360619,17.353319845503044
AHODF,Koninklijke Ahold Delhaize N.V.,41.55,USD,-2.027823626503182,135,0.1455682553375027,36327152567.83241,USD,Retail trade,Buy,44.32644771862613,44.688694363104744,44.356625756345416,0,-13.617463617463626,3.229813664596266,42.07547999999999,45.174220000000005,44.335998,39.43526999999998,14.277634396424066,0.77323256466,37.82005158729411
IBIDF,Ibiden Co. Ltd.,129.4897,USD,-4.947735447405117,632,0.7791887560103563,36317841958.86095,USD,Electronic technology,Strong buy,98.4056491197703,85.14729595735909,71.4428192102006,-5.309177330895796,63.911012658227854,177.42838778789502,127.14097999999998,98.90004500000002,69.580362,30.186362974999994,96.04580089613093,0.319898587184,77.90289637092738
FRFHF,Fairfax Financial Holdings Ltd.,1575.0,USD,-0.039349589367987894,6990,0.8825423279421234,36311761442.01941,USD,Finance,Buy,1638.1899791829583,1660.3405310875646,1678.552823231148,-2.476780185758514,-9.111368869345435,-17.105263157894736,1603.0640000000017,1621.4699280000004,1689.434717200003,1715.1981000000012,7.826265593396372,79.015,20.29096796634405
PCG,Pacific Gas & Electric Co.,16.415,USD,-0.6957047791893647,5916819,0.3406859314476213,36149522472.323944,USD,Utilities,Strong buy,16.640774988283063,16.773834357038844,16.754031449458026,-0.7557436517533254,-0.5754088431253931,1.389746757257553,16.458999999999996,16.37475,17.0059,16.315349999999995,12.863411958310476,0.360619,17.353319845503044
CBOE,"Cboe Global Markets, Inc.",345.01,USD,-0.7708015761166577,306551,0.38838903645498446,36106600227.78495,USD,Finance,Buy,333.5662833362626,320.57584307757725,305.7218176042795,-3.301662042097601,14.158559989411673,37.48157003387129,351.2959999999998,349.2235000000002,315.4887999999999,271.33642500000036,29.45731801027988,3.285374,53.54221289984268
HIG/PG,"The Hartford Insurance Group, Inc. Depositary Shares each representing a 1/1000th interest in a share of 6.000% Non-Cumulative Preferred Stock, Series G",24.94,USD,0.3617691679309141,23870,1.3858810824619565,36100285503.0,USD,Finance,,24.89635056419217,24.914341863082957,24.93994593033536,0.16064257028113535,-0.6572395937064296,-0.4391217564870237,24.84602000000002,24.878255000000006,24.905103999999984,25.038179050000025,1.7521058288781326,3.30661,41.863501365385005
SYY,Sysco Corporation,75.33,USD,0.14623770273863257,1050404,0.32983532537955096,36021494838.38726,USD,Distribution services,Buy,75.5142739244722,76.5615991657924,77.45146258831421,-0.7509881422924999,1.797297297297295,3.290826820238573,75.83199999999997,74.02149999999992,75.27959999999999,78.56637499999992,20.894239036973342,1.512003,-6.740991748363892
VMC,Vulcan Materials Company (Holding Company),276.5801,USD,0.3374206421186427,618818,0.6215972857841983,35887617668.830635,USD,Non-energy minerals,Strong buy,278.0204576685503,281.398600680085,284.50504695319967,5.3959682950994585,-5.21261866410775,-2.98158411673915,268.78002,277.95500499999986,280.0432020000001,291.9033505000002,32.90818123408609,2.634335,19.161787015638524
AXON,"Axon Enterprise, Inc.",442.9,USD,13.181028314422974,962846,0.9187213742224327,35698662475.18041,USD,Electronic technology,Strong buy,414.6511005602754,430.4866994233557,461.67647725811105,13.25338174751323,10.012667974862763,-22.754940091040694,399.0720000000001,396.25649999999916,408.7384000000002,567.3686499999998,177.28764710591625,1.82625,-39.52993004623242
VODPF,Vodafone Group Plc,1.55,USD,0,2002,0.5853972338372467,35690848746.0189,USD,Communications,Buy,1.5792566543548212,1.5431693464189056,1.484333464487598,7.638888888888896,-3.306300686213346,11.111111111111114,1.603000000000001,1.5588200000000003,1.4892799999999995,1.125854174999998,nan,nan,87.37709600443175
WAT,Waters Corporation,363.0,USD,6.084516920918812,546562,0.7427451273496927,35641463531.96563,USD,Health technology,Buy,336.02861722043644,333.30725081428443,334.9149167268334,7.348809699837358,20.39401678219628,-4.259527891335877,345.43599999999986,337.3749999999999,320.9488,339.44389999999936,46.20848555825707,3.007879,-28.76263885740195
KMTUF,Komatsu Ltd.,39.465,USD,-6.5474780961401695,11660,0.7165110948609071,35615534183.35075,USD,Producer manufacturing,Buy,41.32456832844964,41.545357126544225,40.97054045755242,-6.955086643875977,-9.820051413881746,22.421441201104326,40.09650000000001,41.79899999999997,41.93644999999999,38.09301000000001,15.141309890395908,0.610631468352,-17.35907818441235
PPRUF,Kering SA,290.0,USD,0.17271157167530224,50,0.5675368898978433,35550208636.82108,USD,Consumer non-durables,Buy,287.8213620269909,292.9066467152143,299.2030931316384,0.17271157167530224,-1.0069977811913258,-18.92284810055804,281.96199999999965,281.5409049999998,294.15225800000013,310.5630774999995,421.9266540978305,4.575381900000001,-92.81155334965949
SDZXF,Sandoz Group AG,80.61,USD,2.635599694423215,174,0.5252037428312707,35468398154.66569,USD,Health technology,Buy,79.98627990210846,78.74905902465676,75.55208003119571,0,0.7769866918369485,11.170872983036814,81.07170000000002,81.00700000000003,69.86769600000001,45.17238362,36.992871036408445,1.865,41129.756617745006
HIG,"The Hartford Insurance Group, Inc.",129.31,USD,-1.807274660186799,578701,0.36121130350366865,35447854190.8492,USD,Finance,Buy,133.89560130396748,134.54244316188823,134.62679700155212,-4.8771516845667175,-6.290310892093634,-5.736987899110661,133.68000000000006,134.07299999999995,135.53319999999982,134.1277,9.08439473665723,3.30661,41.863501365385005
DTGHF,DAIMLER TRUCK HLDG AG,46.23345,USD,2.3452649754283397,414,0.8978529603122967,35396347317.21614,USD,Consumer durables,Buy,48.2591916120089,48.28820402180921,47.81880864396671,2.3452649754283397,-9.412784717119772,4.992505961167256,46.73773999999999,49.412384999999965,48.676216000000004,44.519208000000006,22.306785224991383,0.97239248556,-47.32446369419668
BKHPF,Bank Hapoalim B.M.,26.95,USD,0,125,0.4379817799579538,35294146147.14659,USD,Finance,Strong buy,25.124617704249204,23.934272782715396,21.95827563586262,0,3.0691270675972784,12.77330264672036,25.7095,23.547874999999998,15.926973999999998,7.666465999999998,11.858313303278129,0.61273175391,39.256795488933896
TEVJF,Teva Pharmaceutical Industries Ltd.,30.19,USD,3.4258307639602603,250,0.7507507507507507,35160444649.08093,USD,Health technology,Strong buy,26.749863457143867,24.43020195128087,22.196836053543976,0,6.452750352609315,-8.069427527405608,29.838000000000005,20.184450000000005,18.68922,12.074843500000002,21.45792838867664,0.6221297999100001,nan
PRU,"Prudential Financial, Inc.",101.245,USD,-0.24140309390086745,569462,0.3931328127847728,35132014260.7888,USD,Finance,Buy,100.52645501356896,100.49940441752372,101.36116089486335,-1.5030645004377874,5.025933609958504,-10.299459555240542,102.74300000000025,101.3672500000001,98.43549999999992,104.34617500000033,10.405767906513049,3.342976,53.97287588422402
NIPNF,NEC Corp.,25.79,USD,-0.807692307692311,65681,3.602591105552996,35019108280.02881,USD,Technology services,Strong buy,26.35808940345334,26.973563294543517,27.951070419880143,-3.768656716417916,-6.693198263386401,-24.86525855790241,26.083000000000006,26.4158,26.385932000000007,25.611980199999998,20.178115415402022,0.12161354118399999,45.86522920340439
KGC,Kinross Gold Corporation,29.28,USD,2.7008067344791287,3100761,0.4872197331753327,34963248366.463646,USD,Non-energy minerals,Strong buy,30.131827029563564,30.502453674951415,30.207201785356876,1.1049723756906087,-6.363927086664529,2.4671916010498753,28.849999999999977,29.655,30.585800000000003,28.327600000000004,12.479396465290739,0.7536536036999999,146.90710442171564
IFCZF,Intact Financial Corp.,197.626,USD,0.8733379271622963,56,0.2952029520295203,34938081937.33776,USD,Finance,Strong buy,192.06828746644928,190.90796980033204,191.24412027383636,0.04632102240367954,5.446929982525653,-4.569993722536094,198.45770000000013,191.3615199999999,186.96646200000006,193.23531159,14.63426150157592,3.1308717926999994,57.06207347889218
GFIOF,Gold Fields Ltd.,39.0,USD,-11.363636363636363,250,1.1185682326621924,34905943564.37675,USD,Non-energy minerals,Strong buy,44.55321683151719,45.025287706324384,43.655625726833904,0,-17.808219178082197,-22.077922077922075,44.260000000000026,51.06927499999998,45.588781999999995,24.166855499999993,9.330781962593614,2.75,216.9298767414801
AMKBF,A.P. Moeller-Maersk A/S,2400.0,USD,4.664093674363831,1,0.1020408163265306,34831651099.243805,USD,Transportation,Neutral,2403.980553987249,2406.219279119238,2371.7726063420882,0,-0.35498536463848296,5.917710765211335,2365.729999999999,2435.9086450000004,2422.065538,1956.5473395000001,22.668349829422084,9.181732,-76.56680905685313
HNDAF,"Honda Motor Co., Ltd.",8.94,USD,1.1312217194570096,224,0.0009153606091724854,34799410532.229256,USD,Consumer durables,Buy,8.701469417037886,8.809378809395275,9.057277689570636,-2.401746724890837,7.130017974835217,-5.396825396825395,8.90200000000001,8.442512500000003,8.42939500000002,9.806495750000005,nan,0.24031513880400002,-156.60246734224108
CMXHF,CSL Ltd.,72.49,USD,5.240998838559814,47,0.026239392585975883,34716328494.82631,USD,Health technology,Buy,81.80776750442347,88.0804632569581,96.02884833278121,6.948952493360864,-19.891700740413306,-34.32092054000182,71.35801999999983,77.34837499999989,89.026136,118.63662349999997,24.233758655466005,2.231667,-43.543164122810374
SHLAF,Schindler Holding AG,330.73,USD,-4.927127950096296,2,0.04056795131845842,34611157251.2696,USD,Producer manufacturing,Buy,347.5475806071835,351.55241173334343,352.7951611433138,-4.702492436248376,-5.128940650010039,-8.041151119143601,341.30814,351.790835,358.340956,266.91473460500015,27.72033637986588,nan,22.836816308856616
EQT,EQT Corporation,55.29,USD,0.21750951604132215,2367574,0.4001893939586018,34582678983.789566,USD,Energy minerals,Strong buy,57.616447512243795,58.15130656328112,58.11303303182988,-4.126929079243979,-6.981830417227455,3.636363636363632,56.46599999999999,57.22050000000007,59.484400000000015,56.47900000000006,10.480125860075441,0.545979,809.7603035006035
CHHQF,China Hongqiao Group Limited,3.5125,USD,-6.057769457074076,581,0.3472803347280335,34490637616.8865,USD,Non-energy minerals,Strong buy,4.127924386120117,4.096101623954554,3.792051492874951,-13.80368098159509,-15.868263473053887,-17.740046838407483,3.8352999999999993,4.124325,3.8697820000000007,nan,10.58539810074482,0.2934852,0.7219653995694194
DLMAF,"Dollarama, Inc.",126.4,USD,0.6209202356312697,622,0.12082831500835307,34473166941.68106,USD,Retail trade,Strong buy,127.60253059751626,129.40098631464699,131.56245121684526,-1.3193848075571846,2.215752870774712,-14.817335750436355,127.569,126.4924,127.98517000000005,136.06052550000013,36.377001039397975,0.7292192187000001,21.357614616817983
MLM,"Martin Marietta Materials, Inc.",573.1475,USD,-0.21631644004943504,160463,0.29679128856355774,34415157452.28894,USD,Non-energy minerals,Buy,581.9420034125295,593.3584835742315,602.9424122168599,6.59441313768156,-5.96894328416976,-7.444893015744847,556.5835000000003,577.0213750000001,591.9947500000004,620.4037375000014,13.663936966576076,5.023831,141.1770793804119
SHLRF,Schindler Holding AG,318.6335,USD,2.45450160771705,1,0.006489292667099286,34371868546.83639,USD,Producer manufacturing,Buy,327.4612768016408,332.9183094277601,336.78470308496026,2.45450160771705,-1.9589230769230688,-12.162892310236929,321.18309999999957,338.6662879999999,345.5853032000002,268.3001633400001,26.706460865037933,nan,22.836816308856616
SAABF,Saab AB,63.7,USD,10.062893081761015,3752,1.1896005072923272,34357066482.665363,USD,Electronic technology,Buy,60.7871106548128,62.24992901545787,62.85150501343217,9.998273182524619,3.0377535505159976,3.476283300844705,58.23619999999996,57.86512500000001,63.178450000000005,61.203205000000004,50.52934125413413,0.3576817602,46.878278580648114
ADDDF,adidas AG,192.3144,USD,-2.3784771573604027,11052,4.780070066173608,34337556438.09614,USD,Consumer non-durables,Strong buy,175.02448082669213,173.34132939603165,175.38471560655123,5.667252747252751,20.196500000000004,-1.880408163265303,181.46668000000005,171.95486499999961,164.1688439999999,187.86498449999976,21.346104225748803,2.69171751972,45.49031745837869
PAYX,"Paychex, Inc.",95.53,USD,1.1702409319565836,1174929,0.44637864930423604,34227527252.455173,USD,Technology services,Buy,93.87844847836104,94.70283023772842,97.94965220387992,-1.2252494442433979,4.552916712268793,-14.796646450231897,95.20099999999991,93.41624999999998,92.18110000000007,109.61467499999993,21.058084426319848,1.306766,-5.656649682853286
DOGEF,Orsted A/S,25.82,USD,1.8138801261829687,732,0.2745377489404793,34102083337.413094,USD,Utilities,Buy,25.265858256669173,24.76253570446768,24.483327251210618,-0.347356233114627,-6.685941452837012,21.971958731718374,25.772000000000002,26.07653750000003,24.91326699999995,24.289767249999965,nan,0.2143256128,-211.2102162184258
QSR,Restaurant Brands International Inc.,74.67,USD,-0.06691648822269428,1059494,0.42393814397349006,34074947504.41341,USD,Consumer services,Strong buy,76.2739334530744,75.55496258648664,74.22081944012628,-1.4387539598732884,-5.564689515619062,9.77653631284917,75.28800000000005,77.40799999999996,76.91460000000006,70.17259999999997,29.71112525863441,1.038975,-14.54026115342764
KVUE,Kenvue Inc.,17.675,USD,-0.084793668739404,7091017,0.38622181304437386,33936154213.126053,USD,Consumer non-durables,Buy,17.518915668451335,17.54981353383303,17.629664103320017,0.8271534512264663,-0.42253521126760163,2.3451071221771924,17.568999999999996,17.404749999999982,17.39930000000001,17.532100000000003,20.95932645559113,0.318207,53.77461706783371
LVS,Las Vegas Sands Corp.,51.0,USD,-0.11750881316099152,1354767,0.34550430895019496,33794504693.184483,USD,Consumer services,Strong buy,52.225141284310965,53.261043267011026,54.32137104173593,2.698348771647208,-6.38766519823788,-21.77914110429448,50.13800000000004,51.49749999999997,53.257200000000054,57.11394999999994,18.877003368249618,0.789851,50.562862238074025
RBLX,Roblox Corporation,47.13,USD,3.2873109796186717,4538688,0.4194001395065664,33744080606.439182,USD,Technology services,Strong buy,49.45488573586939,53.565556164979235,60.51444052557824,-2.3212435233160567,-17.40273396424816,-42.13627992633517,46.61199999999998,45.2055,52.386399999999995,87.37154999999998,nan,-0.352705,-16.91286183228886
AMKAF,A.P. Moeller-Maersk A/S,2268.655,USD,-4.4776842105263075,1,0.1694915254237288,33626890012.55751,USD,Transportation,Neutral,2339.3249546013276,2360.9562362928914,2344.6241009330092,1.3742794584208458,-2.307891053934753,-5.162907163400427,2291.7110000000002,2358.1766749999997,2414.2842899999996,2007.0122914999988,21.42777715927815,9.0596969472,-76.56680905685313
NTR,Nutrien Ltd.,69.705,USD,1.418594500218237,1131996,0.5512906944188293,33537956084.23698,USD,Process industries,Buy,71.29725255889552,71.39056781853053,70.32492020958448,-0.4214285714285739,-4.709501025290509,12.700080840743729,69.74900000000004,71.69624999999996,73.18850000000006,65.13027499999994,14.25558515972565,2.9364232605,379.8244679764949
DNZOF,Denso Corp.,12.175,USD,5.869565217391311,1931,0.09291247654332868,33521582659.91488,USD,Producer manufacturing,Buy,12.384181560466322,12.598800919607214,12.91185686912159,11.697247706422022,12.419205909510623,-15.097629009762896,11.797999999999996,12.240250000000003,12.395600000000016,13.829797500000005,11.830318965048804,0.191128575804,6.445107151169763
GVDBF,Givaudan SA,3612.288,USD,7.094218796323748,8,0.7476635514018692,33333892823.25874,USD,Consumer non-durables,Buy,3502.8007055477865,3556.5662424396005,3670.748131298705,0,6.765975935236173,-8.201067344345615,3457.387759999999,3546.441864999998,3845.329422,4115.5923840000005,24.803052660578683,77.322095,12.447610318224356
KMB,Kimberly-Clark Corporation,100.34,USD,0.1597125174685532,1658262,0.45010567533480805,33306893630.263924,USD,Consumer non-durables,Buy,98.81495123510497,99.53016268364276,101.47967709073761,1.1593910676479542,0.8543572218313484,-0.840003952959773,99.43199999999993,97.82200000000002,97.6763999999999,108.20922499999995,15.776977625434364,2.015639,-13.319795017172769
Q,"Qnity Electronics, Inc.",158.93,USD,-0.11312928162906594,618735,0.3848094744224079,33270279641.337063,USD,Electronic technology,Strong buy,146.25790953755995,137.29223432246587,125.3942479386886,-1.518155905316637,14.461649261793312,94.55257681478763,158.45999999999998,152.82299999999998,136.80120000000002,nan,51.261127596439174,1.057143,nan
EL,"Estee Lauder Companies, Inc. (The)",91.815,USD,0.6743421052631523,1374112,0.3745571679069704,33218200055.286674,USD,Consumer non-durables,Buy,84.95037974438323,86.00608909610185,88.27535562606671,3.6754742547425425,18.10522253666067,-13.066325805993465,87.36900000000003,83.02124999999998,78.19389999999994,93.52982500000007,nan,0.321742,71.24638877424681
ZTS,Zoetis Inc.,79.02,USD,-0.5787619526925113,3619700,0.4946877475779133,33127407354.16381,USD,Health technology,Strong buy,93.4795935457308,101.17006386987019,109.06331009596317,-2.178757118098545,-32.59404589268959,-37.48417721518988,80.024,87.49150000000003,105.6438,126.36529999999993,13.091234406321961,1.860813,8.393341354355604
ALC,Alcon Inc.,65.96,USD,-0.5877920120572729,1224646,0.5272542220515386,32960211756.21304,USD,Health technology,Strong buy,69.5984771079813,71.86462458350513,74.05242051729624,-2.6276941245940377,-12.7628620552837,-16.40050697084919,67.14400000000002,67.04349999999984,72.59080000000003,77.35744999999993,39.662074650270846,0.7591415939999999,-26.231025787532015
ADYYF,Adyen N.V.,1042.36,USD,-3.841328413284142,68,0.9523809523809523,32884035644.92095,USD,Commercial services,Strong buy,1090.4794065771218,1121.8991653479782,1190.244232414617,-8.564912280701762,-3.9299539170507005,-36.43526197677822,1101.5940000000005,1093.60075,1067.5749380000025,1416.1632154999972,26.39776659940663,20.144234463780002,28.69586970172974
FSLR,"First Solar, Inc.",305.705,USD,11.705703950012778,3814489,1.4173244174471449,32849031492.951508,USD,Electronic technology,Buy,240.71109630404996,231.0539452076587,226.59993956265288,14.870551985871563,55.64635201873631,14.98721131422552,271.21099999999996,235.35375000000005,210.71590000000015,227.04805,19.750171204114064,3.16842,31.587180141120463
HVRRF,Hannover Re,271.7,USD,-6.7396639607324875,111,2.2244488977955914,32761156989.998337,USD,Finance,Buy,296.2545807200412,298.89084221226,299.2554588176142,-6.7396639607324875,-16.400000000000002,-9.236679472189756,284.5270000000001,303.8997499999999,299.40566,238.56546139499994,9.87477216455093,6.330889077480001,36.2334498343664
HAL,Halliburton Company,39.185,USD,-1.0479797979797958,6023401,0.5661261375706211,32735060203.425632,USD,Industrial services,Strong buy,39.717921452992144,38.595546736024176,36.69766959717011,-5.327373761778203,-3.4019474916800085,38.26746647847566,40.65900000000003,41.21925,39.54430000000001,30.907075000000006,21.49950619993416,0.538491,-23.638344226579523
HBAN,Huntington Bancshares Incorporated,16.145,USD,0.7174048658764718,13920146,0.8204760282435772,32728025184.736736,USD,Finance,Strong buy,16.093132637649184,16.21838321572301,16.373014905991653,0.6546134663341673,-3.2654284002396743,-7.105868814729571,16.000999999999994,15.991750000000001,16.0455,16.747725000000003,12.362174578866767,0.359285,0.6861460180402538
EPIAF,Epiroc Aktiebolag,28.29,USD,-2.575934981748058,1805,0.7036762699309969,32627526785.779236,USD,Producer manufacturing,Buy,28.16894888238728,27.66806123066755,26.925017101812575,-4.134191799390045,10.103954635146865,19.32680951577527,28.692799999999988,29.006314999999994,27.282731999999964,24.667814000000003,38.22875437988826,0.2185633401,1.0397765428543881
TECK,Teck Resources Ltd,66.54,USD,1.9926425505824823,2481731,0.7801896978144273,32578937979.17921,USD,Non-energy minerals,Buy,61.10698457233128,58.82794696116853,55.994040339182085,3.7903603182030987,14.981855883877673,36.492307692307705,64.52999999999999,62.34650000000009,57.46459999999998,48.50930000000001,24.5694300434131,0.7109623295999998,453.8008787023556
HBANM,Huntington Bancshares Incorporated - Depositary Shares each representing a 1/1000th interest in a share of Huntington Series I Preferred Stock,21.6,USD,-0.6439742410303451,13820,1.0679154013182806,32494905154.0,USD,Finance,,22.05476804146725,22.14716675034642,22.262983933712892,-2.3508137432188043,-2.4390243902438984,-2.658855340243352,21.87999999999996,22.274030000000007,22.054986980000017,22.65910674500008,16.539050535987748,0.359285,0.6861460180402538
HBANZ,"Huntington Bancshares Incorporated - Depositary Shares, Each Representing a 1/1000th Interest in a Share of 5.50% Series L Non-Cumulative Perpetual Preferred St",20.5,USD,0.4409603135717779,2004,0.24141669678352007,32494905154.0,USD,Finance,,20.767384291063614,20.88620060770021,21.01482386361878,0,-2.7938470876088313,-4.562383612662944,20.45199999999996,20.771904999999947,20.838062,21.415187999999972,15.69678407350689,0.359285,0.6861460180402538
HBANP,Huntington Bancshares Incorporated - Depositary Shares 4.500% Series H Non-Cumulative Perpetual Preferred Stock,16.72,USD,0.05984440454816284,20387,0.474077691350704,32494905154.0,USD,Finance,,16.90150199812651,17.032070295408946,17.186146962102598,0.3601440576230415,-1.6470588235294183,-2.3364485981308536,16.637680000000028,16.84100499999999,16.993409999999994,17.669626999999977,12.802450229709034,0.359285,0.6861460180402538
HBANL,"Huntington Bancshares Incorporated - Depositary Shares, Each Representing a 1/40th Interest in a Share of 6.875% Series J Non-Cumulative Perpetual Preferred Sto",25.28,USD,-0.039541320680102854,18449,1.1096341918177335,32494905154.0,USD,Finance,,25.28498684144707,25.302277802866737,25.33591417596861,0.19817677368212724,-1.095461658841931,0.03957261574990725,25.16329999999998,25.343394999999994,25.23977747999998,25.494119369999925,19.356814701378255,0.359285,0.6861460180402538
RVMD,"Revolution Medicines, Inc.",152.7575,USD,-0.15849673202614825,1404850,0.6557326699939745,32475704664.979153,USD,Health technology,Strong buy,138.4497004214975,128.9507504594437,117.17996534965462,-0.23674242424243166,4.471002598823686,90.25719267654749,153.18750000000003,147.848875,128.9659499999999,86.35718750000004,nan,-1.934266,-76.93115869521715
TCKRF,Teck Resources Ltd.,66.29,USD,1.8279569892473302,502,0.9437864260199286,32395498876.726658,USD,Non-energy minerals,Buy,61.040497490207606,58.53992433706053,55.57705988519145,2.3625694873378644,12.910918071878735,38.277012932832726,63.447199999999995,56.83970000000001,52.62514,46.61546484,24.477119290319422,0.7159968107999999,453.8008787023556
ROP,"Roper Technologies, Inc.",320.52,USD,1.2317604699639875,657273,0.6599459129365757,32346031214.679928,USD,Technology services,Buy,337.2275775892984,346.80513282755095,364.3040837657474,-0.8936025478494922,-10.180748213535109,-27.929305421266843,321.69199999999984,333.50899999999984,346.33969999999994,420.38649999999984,20.025866431744486,5.301686,15.44337213831305
SBGOF,Standard Bank Group Ltd.,19.815,USD,-0.15117157974299616,585,0.9754877438719359,32083131314.266933,USD,Finance,Buy,19.673641349211515,19.498679559155498,19.05926631203609,-0.10083186286866433,0.6092916984006144,3.270358306188932,19.781499999999994,19.355375000000006,19.301199999999994,16.743475000000004,11.054023296291339,0.9936589999999998,30.179182433252656
WDAY,"Workday, Inc.",129.58,USD,4.080321285140572,2416179,0.4432925766158216,32006260000.000004,USD,Technology services,Strong buy,128.38064274102302,133.90387143686155,146.1572653906676,2.7841675259776473,7.709571505756207,-39.78624535315984,125.61799999999998,125.03425000000004,125.20030000000006,186.23365000000064,40.42553191489362,2.601315,76.99613473219216
ACGLN,"Arch Capital Group Ltd. - Depositary Shares, each Representing a 1/1,000th Interest in a 4.550% Non-Cumulative Preferred Share, Series G",16.6,USD,-0.4199160167966423,10199,0.23794192714530343,31934208822.0,USD,Finance,,16.85167128216765,16.945170368463927,17.04885897455252,-0.5392450569203107,-3.54445090063916,-0.895522388059693,16.61000000000002,16.87625500000001,16.89920200000002,17.380347500000013,1.2744428151366956,2.399729,33.58322992195431
ACGLO,"Arch Capital Group Ltd. - Depositary Shares Each Representing 1/1,000th Interest in a Share of5.45% Non-Cumulative Preferred Shares, Series F",19.8626,USD,0.21493440968718566,13496,0.6421254466473496,31934208822.0,USD,Finance,,20.10617419411722,20.216285127591227,20.369880065056634,0.11391129032258378,-3.1092682926829247,-2.490918016691215,19.816519999999926,20.121889999999947,20.115128000000034,20.908251,1.52492456987555,2.399729,33.58322992195431
DSKYF,"Daiichi Sankyo Co., Ltd.",17.125,USD,2.8528528528528616,642,0.06874103261451485,31921714935.30453,USD,Health technology,Strong buy,17.147375684534246,17.616027424326912,18.4313564283974,5.971534653465346,7.03125,-24.692172383465255,17.088999999999984,16.747,17.476730000000003,21.24552749999999,19.37410707710235,0.283083301144,-14.92784226522868
ACGL,Arch Capital Group Ltd.,91.2,USD,-0.2188183807439856,1009206,0.4194950999963203,31864330903.3523,USD,Finance,Buy,94.32152607265714,94.67472967333254,94.65543852659904,-5.295950155763234,-6.394334393923847,-4.771849222094595,94.08000000000003,94.37450000000004,95.25740000000005,93.46895000000002,7.001758116895581,2.399729,33.58322992195431
CPRT,"Copart, Inc.",32.93,USD,0.24353120243530685,5275855,0.47395220579879316,31721742479.389645,USD,Retail trade,Buy,33.44819954401078,34.13807914742604,35.51586617338224,-2.7466036621382153,-1.2149392530373515,-15.876868054668547,33.44199999999995,33.27199999999996,33.20599999999991,39.667924999999975,20.515855709924615,0.386375,6.087243886318578
FNLPF,Fresnillo Plc,43.0,USD,1.4869011092754367,4291,0.8041152109139291,31686423152.423866,USD,Non-energy minerals,Buy,45.198632004429285,45.60782440553914,44.7729590472085,-2.3614895549500434,-6.195462478184998,-11.34020618556701,43.51199999999997,45.90044499999999,45.70144400000003,40.25754449999999,22.547366668926298,1.52245,916.9016948874182
CICOF,COSCO SHIPPING Holdings Co Ltd.,1.9,USD,-1.5544041450777215,3003,0.13668265773351662,31583112504.166668,USD,Transportation,Buy,1.8560129761207849,1.8462033444276849,1.8242010196284864,0,2.702702702702693,7.954545454545449,1.8040000000000003,1.87475,1.795990000000001,1.615493999999999,6.883509235615212,0.103236,-35.81608504862801
RDDT,"Reddit, Inc.",164.05,USD,6.394707828004418,3363569,0.6710428763960588,31581107726.223816,USD,Technology services,Strong buy,154.5122893829162,156.1852931561023,162.03945980537816,14.3245409247709,7.208208077375506,-29.34361271427341,150.91799999999995,156.82400000000004,149.92740000000015,191.66329999999988,46.51657356735759,0.942871,445.5909653465347
LNVGF,Lenovo Group Ltd.,2.54,USD,5.39419087136929,17308,0.10302564926754644,31507834316.3979,USD,Electronic technology,Strong buy,1.7798985719478746,1.6200276141918726,1.5014676420474509,18.139534883720938,69.33333333333333,114.34599156118144,2.189999999999999,1.7282250000000023,1.4514239999999998,1.3644994999999989,18.39217130132367,0.040977,30.059199238575516
MTB/PH,"M&T Bank Corporation Perpetual Fixed-to-Floating Rate Non-Cumulative Preferred Stock, Series H",25.2501,USD,-0.03642222864449876,6562,0.6342547844577614,31500335098.0,USD,Finance,,25.1448978752357,25.093960702916398,25.046781602971528,-0.07874950534230236,0.7384799521244703,2.4760551948051917,25.24987999999998,25.18821999999998,25.02089599999994,24.957965509999905,1.4136764961117052,4.643933,19.65606409775444
MTB/PK,"M&T Bank Corporation Depositary Shares each representing a 1/400th interest in a share of Perpetual 6.350% Non-Cumulative Preferred Stock, Series K",25.13,USD,0.49990001999600087,11083,0.48225536951300174,31500335098.0,USD,Finance,,25.027588468345893,25.049775731340308,25.093488900542958,0.7214428857715419,-0.039777247414485135,-2.3527811777505754,24.942999999999994,24.964499999999997,25.010199999999976,nan,1.4069524614669704,4.643933,19.65606409775444
MTB/PJ,"M&T Bank Corporation Depositary Shares each representing a 1/400th ownership interest in a share of Perpetual 7.500% Non-Cumulative Preferred Stock, Series J",26.28,USD,-0.07604562737642423,32273,0.6405126800592226,31500335098.0,USD,Finance,,26.33541305562,26.350019359470682,26.394734426319424,0.22883295194508876,-0.8301886792452787,-1.165851823993978,26.218000000000018,26.48750000000001,26.21893600000004,26.608589499999997,1.4713374726363704,4.643933,19.65606409775444
VG,"Venture Global, Inc.",12.67,USD,2.4252223120452765,5811965,0.345072236664837,31476815543.50607,USD,Industrial services,Buy,12.961330804061102,12.63909360753244,12.134423711926228,-4.736842105263164,1.5224358974358934,84.6938775510204,13.064000000000012,13.068000000000001,13.677900000000006,10.898124999999999,13.225469728601253,0.466428,89.62787015043547
TGOPF,3i Group,30.9,USD,0.01618384851917464,362,0.07971636828081301,31376729676.829372,USD,Miscellaneous,Strong buy,33.70980688248044,35.56780221733035,38.097002415606,-3.3997655334114953,-12.859560067681901,-28.785434431896757,31.049499999999988,32.39802500000003,34.76701000000003,45.967654500000016,4.339709663592448,nan,5.939461368881218
MTB,M&T Bank Corporation,214.045,USD,-0.49046954904695805,300259,0.3476649599077028,31345835546.496555,USD,Finance,Buy,212.44149422360246,212.1783598735214,210.74511963477136,0.5094853493613728,-2.356188130103563,6.5112460191082695,213.97700000000003,211.58974999999992,211.7712999999998,204.2360750000002,11.983730187612323,4.643933,19.65606409775444
RPRX,Royalty Pharma plc,54.36,USD,0.7226236798221245,1334644,0.432544528968509,31304957583.548645,USD,Health technology,Strong buy,51.47779517866127,49.751951011470815,47.54764786513063,-0.6578947368421043,8.459696727853157,40.483266571908516,54.04800000000002,52.12699999999999,49.620800000000045,41.95384999999997,28.469676338116685,1.27574,-22.13205007952368
NTRS,Northern Trust Corporation,168.58,USD,0.3810884839823835,370732,0.4165557108375362,31195269521.62844,USD,Finance,Buy,161.41449367175088,157.02954648403698,151.8855833864461,0.19613670133730313,0.04747774480712908,23.258024420560062,168.26800000000003,164.4669999999999,156.00520000000006,140.73614999999998,17.64644307666541,2.645848,-10.832757751684747
SVNDF,"Seven & I Holdings Co., Ltd.",12.0,USD,2.127659574468085,100,0.038114113656286926,31137243164.06536,USD,Retail trade,Buy,12.248238446403995,12.59996983460566,12.976272208574938,0,-7.6923076923076925,-18.08873720136519,11.933999999999997,12.898900000000006,13.427110000000006,13.88357144874999,15.76813864985495,0.0961254212,72.1380778340892
NTRSO,"Northern Trust Corporation - Depositary Shares Each Representing a 1/1,000th Interest in a Share of Series E Non-Cumulative Perpetual Preferred Stock",18.935,USD,0.18518518518518595,9044,0.25125991120890356,31076839266.0,USD,Finance,,19.037841783274626,19.13034830933449,19.260736719299185,0.9866666666666598,-1.3288170922355527,-2.7977412731006246,18.809000000000008,19.034019999999956,19.068208000000023,19.694221499999987,1.9820583678767323,2.645848,-10.832757751684747
EXR,Extra Space Storage Inc,146.47,USD,1.4124489372014069,318263,0.3306783174278278,30943388393.87655,USD,Finance,Buy,142.1163371984404,141.43480617212794,140.98008914732605,2.119500801784837,4.360527253295336,12.617253575272947,144.42000000000007,142.48449999999997,139.1799000000002,139.59552500000015,33.3189262966333,1.166316,2.1921565892554016
EXPGF,Experian plc,34.6,USD,0.05783689994217215,10197,4.2344587018811515,30920403968.10852,USD,Commercial services,Strong buy,35.60281375785604,36.2491807895718,37.620782537628,0.05783689994217215,-3.4059184812953625,-23.222012648396753,34.71399999999998,36.19395500000005,35.63010199999996,44.49547350000002,21.45987697660352,0.943333,25.89774235205614
STLA,Stellantis N.V.,8.17,USD,0.12254901960784054,9395014,0.4897786604125789,30751012837.131058,USD,Consumer durables,Buy,7.764176076058714,7.864035771141353,8.175030867537167,5.1480051480051525,3.1565656565656566,-27.69911504424779,7.862,7.547999999999999,7.566200000000027,9.224600000000002,nan,0.24473235246000002,-239.01536807298166
TSEM,Tower Semiconductor Ltd.,273.36,USD,-1.5947298318873993,919528,0.4311693448915397,30549791215.913025,USD,Electronic technology,Strong buy,238.56663988918433,215.75805933084433,189.39020390542333,-8.879999999999995,40.90721649484537,126.8735994688356,280.4239999999999,247.93200000000007,215.10519999999997,127.81879999999994,126.96702275894101,0.758,19.213732004429676
FICO,Fair Isaac Corporation,1315.575,USD,2.902297277214171,170158,0.4837086127354788,30509376151.874016,USD,Commercial services,Buy,1171.7231069188779,1191.6253980921736,1258.1101474776794,6.141837105167614,27.88589592790971,-22.202740341685242,1264.3890000000001,1142.3232499999988,1085.5755000000004,1445.330225,41.68501801336507,11.668517,35.934444588017406
FANDF,Firstrand Limited,5.43,USD,7.132287659070721,149,0.1259083995267872,30451967424.655827,USD,Finance,Strong buy,5.313774409067838,5.301231369435558,5.183765501762331,0,-0.9124087591241005,2.549575070821526,5.2367000000000035,5.463030000000002,4.756633999999998,4.0681795,11.520297363697697,nan,26.243283762060678
MTZ,"MasTec, Inc.",385.33,USD,-0.5651321222130465,378932,0.4300746739074427,30448218814.14255,USD,Industrial services,Strong buy,380.4885011425612,360.34430868238195,331.47164441512655,-0.7316381997578462,2.201416332917808,75.14203899822736,386.8959999999995,406.93,370.20239999999967,259.55315,67.36420691945945,2.223751,111.18289891456841
GBOOF,"Grupo Financiero Banorte, S.A.B. De C.V.",10.8,USD,-9.547738693467327,10626,0.39096073467946074,30382089857.727406,USD,Finance,Strong buy,11.113570633734591,11.106539839825148,10.956435697841115,-3.1381447367240947,-4.7409040793825765,16.75675675675676,11.282,11.172499999999996,11.190900000000008,10.369263499999995,9.131848044286098,0.31990041972000005,18.936103576627687
WOLWF,Woolworths Group Limited,24.906,USD,4.148197708455287,300,0.46267735965453427,30298129823.387177,USD,Retail trade,Buy,23.465352710512562,22.53341451132116,21.566183830968672,0,9.863255403617101,25.78787878787878,24.800000000000022,21.28499999999999,19.993647999999947,21.29585500000002,76.78736772881844,0.400157913,-60.61080629119613
VICI,VICI Properties Inc.,28.34,USD,-1.0129235068110345,3011489,0.41940212132599125,30296313601.195946,USD,Finance,Strong buy,28.3733494066974,28.426562208198863,28.63868803576548,-0.9090909090909146,-1.0820244328097688,0.6392045454545444,28.52199999999999,28.488,28.140999999999984,29.65754999999997,9.725797041765333,0.712019,16.249102369743866
AEE,Ameren Corporation,109.405,USD,-1.5433765298776128,539782,0.31793535625025915,30278011453.37513,USD,Utilities,Strong buy,110.02614616686371,109.69421411199313,108.63403253915436,-2.465008469287689,-3.198548929393023,9.690194505714866,110.53699999999996,110.04775000000006,110.41770000000024,105.21272500000013,19.653122080908243,1.065791,23.498092111101244
BMDPF,BANCA MONTE DEI PASCHI DI SIENA SPA,9.9644,USD,-1.3425742574257442,299,0.05590875093492895,30276015116.22456,USD,Finance,Strong buy,10.117682442611809,9.959796622007087,9.797655159271704,-7.307906976744191,-7.737037037037047,-11.74136403897254,10.388240000000023,10.282229999999995,9.720880000000003,14.868040499999887,5.5197647256511475,nan,12.605259972242033
TRAUF,Transurban Group,9.6425,USD,-11.536697247706424,1126,1.4724728651758858,30086373131.4807,USD,Transportation,Buy,10.20687924196522,10.127129087537266,10.005841946926322,-6.610169491525417,-5.428599450765002,1.5000000000000007,10.326500000000005,10.009894999999991,9.864428000000009,9.262044999999995,94.08271668540029,0.0711380905,581.7332361914556
KNYJF,Kone Oyj,58.02,USD,0.12079378774805916,346,0.18325300566707273,30064276375.81687,USD,Producer manufacturing,Buy,63.35304308116425,64.32137161783061,64.43653220804173,-3.422331713163322,-13.089067976871675,-17.35042735042735,59.58119999999995,64.0107,63.984521999999934,52.38752484,26.557554172628368,0.6457392864,8.774637703086663
DTE,DTE Energy Company,144.16,USD,-0.7640944448268835,403223,0.30849855082043925,29989361338.598747,USD,Utilities,Strong buy,144.3640623371852,144.06839849213722,142.92767515803732,-1.260273972602742,-2.416570771001146,11.458172259161893,144.6199999999999,143.83550000000005,145.36839999999984,139.5413500000004,23.692990385405537,1.517893,-17.828106852497097
AJINF,"Ajinomoto Co., Inc.",32.01,USD,-5.852941176470594,634,0.6550263456968696,29956930881.959023,USD,Consumer non-durables,Strong buy,30.726814588868127,29.711237473829556,28.438482471758377,-5.644804716285923,8.74808900968235,39.17391304347825,32.861000000000004,32.4365,28.566997999999995,17.773610794999996,36.735898830209585,0.22724634000000002,88.61698260298954
FISV,"Fiserv, Inc.",56.05,USD,0.7731032002876659,2662212,0.4336098252657355,29888887713.77742,USD,Commercial services,Buy,57.617080617815844,59.040740817236106,63.746228824549505,-1.3638363396392532,-9.216067379332692,-16.99985191766623,56.04600000000005,56.652000000000086,57.80960000000007,80.8746000000001,9.508218968939252,1.925339,4.271765663140754
SWSDF,Swiss Life Holding,1055.0,USD,-6.802120141342756,196,1.4904942965779469,29871113012.994026,USD,Finance,Buy,1091.041131032286,1087.1546073646975,1068.4774291754113,-2.9885057471264367,-3.6573672435048588,-10.318094493275991,1099.0518,1102.8190099999997,1009.5718660000003,731.0784525949998,19.187471403961084,nan,17.285370040511435
NSKFF,Kongsberg Gruppen ASA,33.96,USD,-1.5652173913043455,400,0.08760211121088017,29870942496.407654,USD,Producer manufacturing,Buy,35.12523913387683,35.7805363546503,35.487948087867146,-0.9045812664137796,-0.1176470588235269,26.95327102803739,34.3018,34.25718,38.989356,32.818246800000004,39.3285548807941,0.17459176266,27.22572898472313
NTRA,"Natera, Inc.",208.045,USD,2.4297178868593243,1143300,0.7664444672671298,29795243365.606464,USD,Health technology,Strong buy,201.0673547548513,202.01318425302622,202.7657947308536,1.2532243149851505,3.5255772292993526,-9.130814588338065,203.7890000000002,202.7652500000001,201.88570000000018,202.35462500000003,nan,-0.475171,-11.942436229709456
IQV,"IQVIA Holdings, Inc.",178.495,USD,7.7738195870064,1253083,0.7381086091691639,29790813532.050053,USD,Health technology,Strong buy,171.8513915041228,174.50381110162488,179.7317163791584,7.410639066072931,8.864967065137835,-20.81318486313828,168.40699999999993,170.38174999999993,169.51149999999998,195.93027499999997,22.12546793266728,3.038006,9.947529812606458
RMD,ResMed Inc.,205.145,USD,-0.4633672974284251,681511,0.5479871826942089,29757595338.25398,USD,Health technology,Strong buy,212.47877025268485,219.35617807060572,227.61132265372743,-1.1968405336415668,-7.525694194013701,-15.141675284384691,207.25099999999998,206.33674999999988,217.3175000000002,249.52047500000012,19.77606185050225,2.891652,16.468686142860363
SYM,Symbotic Inc.,49.29,USD,-8.092485549132954,6288432,2.3895173058249677,29707419747.2948,USD,Producer manufacturing,Buy,52.91807431943562,53.8989611345524,54.80062265591982,-11.221181556195972,-15.944747612551161,-18.957579743505427,52.153999999999996,52.878499999999995,54.513400000000026,58.39715,nan,0.128984,24.78134110787171
VEOEF,Veolia Environnement,40.45,USD,-0.02471576866040042,107,0.12347103623355643,29605727234.985683,USD,Utilities,Strong buy,40.563813311924676,40.04922124645464,39.169990392177205,0,-6.039488966318221,11.309851403412216,40.08999999999999,40.71307499999998,38.367382000000035,33.84375949999999,20.714479780759135,nan,27.298196472851348
SVNLF,Svenska Handelsbanken AB PUBL,14.765,USD,-0.9592165280386298,700,0.45027659848192464,29587266729.946575,USD,Finance,Neutral,14.352605971215722,14.377245634920135,14.369591066664928,-0.9592165280386298,3.021211275467484,1.5195269526952702,14.519670199999998,14.09447255,14.867799019999996,13.580075194999996,11.694124349196041,0.2953698604,-7.2011857317069055
MTSI,"MACOM Technology Solutions Holdings, Inc.",386.99,USD,-3.411870413817206,675122,0.47184459926071465,29525702766.51677,USD,Electronic technology,Strong buy,335.84094654217455,307.12423284971266,275.9420265300319,-3.6211491046746107,43.73955354158154,121.41549376358851,392.75199999999995,354.96449999999993,292.13660000000016,203.0002,167.78962885882763,1.345613,nan
CQP,"Cheniere Energy Partners, LP",60.94,USD,0.5278785879247778,21961,0.2866481058722333,29498258661.491253,USD,Utilities,Neutral,62.78798977816368,62.3731586767026,61.270140557761614,-3.0544066178810083,-3.285192826535471,13.39784145887606,62.15000000000001,63.719100000000026,64.17524,57.328860000000006,14.173411480137688,0.923497,2.81696876942943
PGPHF,Partners Group Holding Zug Namen-Akt,1135.04,USD,1.7760414191473906,11,0.39568345323741005,29402116531.007027,USD,Finance,Buy,1132.0626750514127,1139.1698990481523,1159.1492973333775,-0.874630476265341,-5.65666052971711,-8.61375576176004,1136.5375999999999,1130.3844000000001,1095.7309240000006,1244.6086305000008,18.572903293069185,29.2705745,28.84155422349061
CPNG,"Coupang, Inc.",16.365,USD,-0.5771567436209138,6212311,0.28966016096651903,29376224333.54343,USD,Retail trade,Strong buy,17.698230967785165,18.458914844185472,19.656564600352198,1.5198511166252942,-19.582309582309595,-30.9493670886076,16.029000000000003,17.05525,18.703099999999996,24.14235000000001,nan,-0.063118,-166.3774403470716
ZM,"Zoom Communications, Inc.",100.13,USD,0.17006802721088607,1525735,0.25897266134991376,29361343361.39115,USD,Technology services,Buy,97.76828780336858,94.27153887314594,91.08176646503324,-4.832961079693968,9.707461378328038,16.05238757533611,100.51400000000001,102.4085,91.2898000000001,85.56430000000017,14.693667914006896,1.485217,104.61506125390343
AMRZ,Amrize Ltd,53.095,USD,-0.00941619585687864,2351689,0.8984556248448651,29347515054.26987,USD,Non-energy minerals,Strong buy,53.07481283395393,53.91591123353046,54.31555590048875,5.640668523676882,-7.924397433674354,-2.9427892524218597,51.617999999999995,51.693499999999986,54.44720000000004,53.7155,25.40187541862023,0.975734,-6.147007318934949
CNC,Centene Corporation,59.285,USD,0.7905474328459644,1239421,0.3313331688903577,29274754819.44653,USD,Health services,Buy,52.35703391979246,48.89217177654056,46.04630740094091,0.5171244489657506,32.332589285714285,43.9655172413793,58.44499999999997,56.95875000000001,45.25350000000001,39.49987499999998,nan,1.075354,-295.7045441010065
BIIB,Biogen Inc.,197.54,USD,0.2893841701781963,230833,0.2007118687838104,29164235972.344208,USD,Health technology,Buy,190.26010801924616,187.60845659714204,183.62984496532556,1.6675244467318477,8.270759112085505,12.641842960597586,194.1640000000002,192.77199999999996,186.47029999999947,170.22177499999972,21.199600776982432,3.181257,-7.97665369649806
QIHCF,HAIER SMART HOME CO LTD.,2.42,USD,9.009009009008997,2085,2.350885105423385,29156462554.168797,USD,Consumer durables,Buy,2.2206617748415867,2.1146799808560455,2.0904373725323695,0,9.009009009008995,-9.31234776091437,2.354,1.8142737499999995,nan,nan,8.552744419649693,0.09286223010000001,-2.591123953218623
KHC,The Kraft Heinz Company,24.5275,USD,0.6050041017227271,4914338,0.36868886100480397,29084158786.195446,USD,Consumer non-durables,Buy,23.441298577452592,23.38542255072941,23.593649387392617,3.035076664566268,10.235955056179776,0.977768629065462,24.01750000000006,23.353375000000035,22.68875,24.42088749999999,nan,0.527592,-320.42971760119667
TDY,Teledyne Technologies Incorporated,627.53,USD,2.4505322275191,135951,0.4703827146782201,29072923574.951332,USD,Electronic technology,Strong buy,627.074071022514,624.8653395319883,615.3657635388638,0.4031935489032147,-3.8916286335651176,22.32553606237816,619.1180000000002,627.0809999999994,630.9641999999996,582.63465,31.75807325009995,5.784436,12.958400265250475
NRG,"NRG Energy, Inc.",137.765,USD,-0.17028985507247366,756909,0.29545753782301404,29066550413.61771,USD,Utilities,Strong buy,143.9064138248323,147.94306664945955,151.24524132321937,-1.5964285714285813,-12.004982115482893,-14.738829063002862,138.15300000000002,139.70074999999997,149.35889999999998,157.98547500000004,160.79014939309056,1.849012,-86.50623661332997
TPR,"Tapestry, Inc.",143.55,USD,3.39984153280991,691031,0.3266766767381941,29003520442.55024,USD,Retail trade,Strong buy,140.45512108899456,140.48653023531946,137.91569618400575,2.3164647184604417,-1.6915491028626206,11.089614610741382,140.1200000000001,136.91300000000007,142.2270000000001,126.82034999999998,46.119000192764894,1.249301,-18.09809493737501
ATO,Atmos Energy Corporation,173.16,USD,-1.7476168860644645,640019,0.4136873443870758,28903838719.581703,USD,Utilities,Buy,179.8622573876353,180.41337964003273,179.27502541182184,-2.1584359814668286,-7.805345543605577,3.5955728387675685,176.47799999999975,180.85200000000026,183.8256000000002,175.02955000000046,21.315672854399526,1.376804,13.394751535455054
IMBBF,Imperial Brands PLC,37.416,USD,0,4298,0.9641959798994975,28868215435.571537,USD,Consumer non-durables,Buy,38.570355913396526,39.33388045161097,40.08251256899354,-0.5422647527910703,1.2611637347767088,-13.155695849967518,37.92880000000004,38.08825000000001,39.08479400000003,41.519289499999985,13.311340354066854,2.8082692000000002,-27.3536421830961
DASTF,Dassault Systemes SA,21.4384,USD,-8.210309984586402,574,0.549597855227882,28680201635.956627,USD,Technology services,Buy,21.856000242185,22.10461732720297,23.048543881211877,-8.210309984586402,-2.597001363016811,-17.576316801230295,22.49192,22.25032000000001,21.10984000000001,27.785307499999902,20.023137060647432,0.3489033918,11.878404731864842
GEHC,GE HealthCare Technologies Inc.,62.895,USD,-1.541953663118346,1969998,0.4238129873598831,28610419274.617252,USD,Health technology,Strong buy,65.55640394502245,68.0148558570879,70.62729595996026,-2.078468005604859,-11.03960396039604,-23.837490917897792,63.903000000000134,62.33149999999996,67.59170000000005,75.42287500000003,15.057097029039285,1.032222,-12.171993271656852
FTS,Fortis Inc.,56.23,USD,-1.0383667722632934,325031,0.5240229516284274,28531102765.243416,USD,Utilities,Buy,56.197572373753204,56.00982524940615,55.3753308974836,-0.5658709106984974,-0.9162995594713711,7.968509984639015,56.47799999999997,56.310999999999844,56.33819999999996,53.16344999999997,23.0578532585359,0.5614168637999999,6.121637237345439
CASY,"Caseys General Stores, Inc.",771.65,USD,-1.6229378617506844,298044,0.6024569337205198,28519435794.23768,USD,Retail trade,Strong buy,794.0575531290697,766.7470494786082,727.0343500621267,-6.758259020275993,-3.8094763216614176,39.834731710852964,803.0519999999999,844.0134999999995,780.7686,627.3689749999993,44.29297132853083,3.312509,21.409257529931583
DOV,Dover Corporation,211.67,USD,-0.7967380606458345,244081,0.3401556029912053,28503779466.54253,USD,Producer manufacturing,Buy,214.39884998590685,213.8214315380471,210.8665124469827,-0.22155180541152014,-6.38213180008846,8.448611538067416,211.62199999999993,216.41700000000006,215.6336000000002,197.5703499999997,26.37106620486881,2.721553,-51.647279233257635
RSNHF,"Resona Holdings, Inc.",12.3375,USD,-1.8394901620692627,15033,1.324855246807498,28405515417.479153,USD,Finance,Buy,12.325324282854934,12.098413309437102,11.73717729379912,-9.863013698630134,4.555084745762708,24.119718309859163,12.78873999999999,12.537555000000001,12.036621999999992,10.380135499999996,17.22814243910515,0.20508081786800003,16.30731618820552
TWLO,Twilio Inc.,186.07,USD,2.4783829927851517,1009862,0.40451681914361465,28240564152.918324,USD,Technology services,Strong buy,173.56384322301145,161.88027413891035,150.64641129628885,-1.0265957446808547,29.801185908615277,30.255512775638785,185.6939999999999,189.92800000000003,155.08339999999998,127.88179999999998,288.6148596246316,1.324482,nan
ALMMF,Aluminum Corporation of China Ltd.,1.4288,USD,-4.746666666666663,696,0.2290905500148119,28182400889.862568,USD,Distribution services,Strong buy,1.4763807575709154,1.5028198513711204,1.4959019404922098,-4.746666666666663,-4.746666666666662,-9.569620253164556,1.400759999999999,1.5145049999999993,1.5724980000000002,1.2234717450000003,13.894476469099232,0.1091352,2.190717551498712
TEFOF,Telefonica S.A.,4.99,USD,14.187643020594967,100,0.019774960944452136,28170456459.917725,USD,Communications,Buy,4.635382722881958,4.563216831119706,4.5338163094939485,0,9.790979097909798,28.409675759135357,4.68634,4.525095000000002,4.352534000000003,4.704413000000003,nan,0.12790140000000003,-97.93986827752367
ARES,Ares Management Corporation,126.83,USD,0.19750355506399117,1213271,0.616241378166655,28159865819.58414,USD,Finance,Strong buy,121.33457083337184,121.88101595923138,126.48497932523786,1.3342921061041881,11.39118215352187,-22.037128104253753,125.41800000000003,123.50000000000014,115.24260000000002,145.09012499999994,58.71487431137447,1.324374,24.846838515778522
SKFOF,Sika Finanz Ag,175.198,USD,-1.747479165965648,52,0.20875150541951024,28111657395.075977,USD,Process industries,Buy,179.9074974656165,181.8643959014901,186.49991448939565,-0.02282609936200598,-5.206146520939285,-14.666601724221906,180.55939999999987,174.51770000000005,184.92859799999985,220.25254149999984,21.358097436021342,4.218724,-3.9856033126807584
ARES/PB,Ares Management Corporation 6.75% Series B Mandatory Convertible Preferred Stock,41.8,USD,-0.2386634844868769,9702,0.05966569499280469,28104358712.0,USD,Finance,,40.32186820805535,40.393123000337184,41.55275802202727,0.6743737957610646,10.348468848996816,-16.8986083499006,41.513999999999974,40.986000000000004,38.536,46.309208000000005,19.35095597426045,1.324374,24.846838515778522
TPL,Texas Pacific Land Corporation,406.07,USD,-0.00492501662192662,163821,0.4735570502391766,28008445022.48706,USD,Miscellaneous,Buy,415.7271542871332,419.904178752364,413.147713114058,0.9295851664056892,-8.427295688255459,41.98251748251748,402.2520000000003,405.63800000000026,437.49160000000006,365.62690783815,55.654235708509795,2.260908,9.453803573303722
DXCM,"DexCom, Inc.",72.44,USD,3.102761172786781,2358729,0.29207579879928564,27952637733.17108,USD,Health technology,Strong buy,66.50769172209294,66.1400242180667,66.50674452703899,0.5831713412940874,17.44487678339818,8.71979588773826,71.742,64.14900000000002,63.794,67.86185000000002,30.98242162439588,0.607354,75.51985586667665
LDSVF,Lindt & Sprungli AG,11850.0,USD,-0.42016806722689076,1,0.45454545454545453,27880299942.5104,USD,Consumer non-durables,Buy,12370.81795099189,12862.065127104443,13366.143734069066,-0.42016806722689076,-2.8688524590163933,-16.954144321082612,11770.799999999997,12453.793699999998,13663.826871999998,13406.962721499998,29.848028656305935,98.25052399999998,24.430144763614557
CNP,"CenterPoint Energy, Inc (Holding Co)",42.56,USD,-1.1841188762479637,2510133,0.5063231570460615,27841453494.103554,USD,Utilities,Buy,42.49451484904876,42.33937391288593,41.858604340716035,-0.9310986964618215,-1.6408597180494588,11.035742238455528,42.77199999999995,42.55449999999986,42.747900000000044,40.292875000000016,26.06246172688304,0.368894,9.788893370982919
CW,Curtiss-Wright Corporation,752.72,USD,1.364144413471767,123972,0.50663949811745,27806355420.349205,USD,Electronic technology,Strong buy,723.0457395634847,708.4243831176201,683.5694039510744,0.983377829055936,6.073673233561627,35.723043635052285,740.8180000000002,730.1069999999997,714.9048000000003,613.3712,55.13220537610781,3.59357,21.446361857320756
IPXHF,Inpex Corp.,23.2125,USD,-7.464620291010574,29,0.030233527939949958,27794813197.356464,USD,Energy minerals,Buy,24.177170770872834,22.697365231095713,20.74587691253998,-7.464620291010574,-13.224299065420565,22.17105263157894,25.140499999999996,21.864125,17.047322,13.450421499999955,11.54731477903409,0.5710147999999999,-14.72073477976802
NTAP,"NetApp, Inc.",140.81,USD,-1.3521087291579141,2089093,0.5666166706446504,27786096638.679554,USD,Electronic technology,Buy,122.29028773610261,116.75373757237313,113.03054767464472,1.6605299256371462,29.551936700708442,30.803529958197856,137.161,121.45174999999983,110.56730000000003,110.50962499999982,23.55391254892777,2.271949,10.629556978422587
VWSYF,Vestas Wind Systems A/S,27.8875,USD,1.9652650822669024,724,0.9064730186553148,27737376125.98808,USD,Producer manufacturing,Buy,29.04737431638368,28.532222986194924,27.591385963965482,-8.745091623036648,-7.022451306603369,3.3632195581187583,29.024999999999995,29.925885000000015,29.03612199999999,24.838508999999974,28.413188887252616,0.16900425900000002,60.349708354468056
IR,Ingersoll Rand Inc.,70.845,USD,-0.162063134160083,1903375,0.518229480059311,27724258995.48175,USD,Producer manufacturing,Buy,75.72141102234038,78.23722354335246,80.16055073371962,-0.9991615427613239,-15.11502516175413,-11.255167230364524,71.08500000000005,73.34524999999982,78.95050000000033,81.882575,47.745653052972095,0.823619,-26.64623294443346
RJF,"Raymond James Financial, Inc.",142.16,USD,-2.2283356258597036,848088,0.6108799980177273,27704569830.86272,USD,Finance,Buy,150.03698623817672,151.3041173583222,153.18963073328166,-5.941511181685848,-8.531720499292236,-11.277538538351116,148.31399999999985,153.23549999999997,150.1828000000002,159.93155000000002,13.44048406920677,2.897134,1.899843927628668
PBA,Pembina Pipeline Corp.,47.4,USD,-0.35736808913180934,316896,0.2368779790921337,27550351534.440723,USD,Industrial services,Buy,46.692667121015226,45.698534861576285,44.424455168637856,-4.742765273311896,8.615948670944082,24.540199684708345,48.43000000000002,47.48299999999998,45.49539999999999,41.08169999999999,24.724277826847644,0.5190974711999998,-9.903483677891423
EXPE,"Expedia Group, Inc.",228.755,USD,0.9688382768361552,449407,0.3184340544257251,27455546921.785706,USD,Consumer services,Buy,230.5432809104329,233.72161631983545,235.8922408751997,6.919841084365509,-6.516142214957088,-19.17355663910677,222.21100000000007,228.9407499999999,236.77710000000002,239.19695,20.147702551546164,5.155599,33.764137606032044
TTNDF,Techtronic Industries Ltd.,14.95,USD,-14.326647564469916,7073,3.4981947672980858,27307804322.466408,USD,Consumer durables,Strong buy,15.323180432144113,14.98633005408861,14.489521104676443,0,4.912280701754381,31.25548726953467,15.7636,15.1446,14.269454000000001,12.49371299999999,22.824263912832354,0.383333,6.806466426099157
BTGOF,BT Group Plc,2.8,USD,-4.599659284497452,7760,0.7517558730927585,27274215802.580643,USD,Communications,Buy,2.89865944472088,2.860183021972103,2.795371233354483,-3.448275862068969,-4.735982580293965,19.352088661551566,2.886020000000001,2.9838675000000006,2.880114999999999,2.6472127499999987,19.538773299987156,nan,4.877097380209562
OTIS,Otis Worldwide Corporation,71.075,USD,-0.9959604401727307,1102836,0.3258150065174169,27272619628.42109,USD,Industrial services,Buy,75.09654549187158,77.54417965956071,80.3524047390392,-2.77017783857728,-9.05310300703775,-18.510662692043105,71.99899999999984,73.71049999999988,76.80380000000008,86.07335000000005,18.841290459401428,1.012042,-1.0674009965906157
SAXPF,Sampo OYJ,10.25,USD,-4.384328358208961,1609,0.5328696804106641,27220667240.24154,USD,Finance,Strong buy,10.41392581201094,10.528660218988582,10.628883263540398,0,-5.543882929706214,-8.27740492170023,10.232800000000022,10.657432299999984,10.61263092000003,10.924528647500015,14.240155513056758,0.18800459334000003,60.55444627508684
SGGKF,Singapore Technologies Engineering Ltd.,8.70955,USD,-0.4622857142857128,473,0.017860109652766243,27140946874.474693,USD,Electronic technology,Buy,8.572588613014599,8.42976623726996,8.126508983325008,0,-2.029808773903267,31.962878787878797,8.564509999999999,8.568877499999992,7.594382999999999,4.515362385,76.18162848524904,nan,-30.11936284397501
BAP,Credicorp Ltd.,340.32,USD,-2.274293590627158,338944,0.6949237784594213,27066702578.85045,USD,Finance,Strong buy,331.1039602880738,329.16923445431314,322.56514835774493,0.8953453898606528,6.716839134524935,17.859740259740256,343.7220000000002,327.1335499999999,331.07502,298.8162550000003,13.075200073766997,7.3477402623,34.10360248959235
REPYF,Repsol S.A.,24.72,USD,-3.9067055393586103,400,0.5698005698005698,27056070460.356617,USD,Energy minerals,Buy,25.301899894819588,24.737153938145347,23.57841162597664,0,-0.23407861812898473,28.482328482328484,25.723000000000003,26.128989999999995,23.55234,16.42932200000001,9.634250429999357,1.4329549623,139.59191662570169
EIX,Edison International,70.305,USD,-1.8908735696343704,641920,0.24946865686630107,27052939707.460926,USD,Utilities,Buy,70.29067094828885,69.83294584207155,68.3976328991857,-1.8497836102191663,1.523465703971129,16.456849428524116,70.94099999999995,69.97425000000001,70.87850000000002,62.75322499999993,7.628415181962197,1.182043,30.755916236308956
NVZMF,NOVONESIS A S,57.9204,USD,-4.580028171102375,164,0.1108482595471443,26967458050.02674,USD,Process industries,Strong buy,59.21912320619,59.36166365970491,59.80085873521241,-0.42395172520501456,1.5256792287467198,-6.353435731608731,58.465580000000024,60.10240000000001,58.41159000000002,63.16327300000005,39.42965023595746,0.7647817703400001,37.98639874940684
NVT,nVent Electric plc,166.54,USD,-0.750893921334934,584561,0.33138299784093483,26932925728.97461,USD,Electronic technology,Strong buy,154.81496912374266,145.4150983249243,134.9789714449775,-0.9751456772505737,20.193418013856807,61.94087903539478,166.37200000000007,165.78700000000006,143.10920000000016,113.95220000000003,56.0061877858488,1.154578,-15.083671254783255
BESVF,BE Semiconductor Industries N.V.,333.496,USD,14.998620689655166,628,1.4832309872461031,26921323555.564724,USD,Producer manufacturing,Strong buy,290.1666010217551,268.2791199170251,242.0839428758599,3.2016091598328966,16.079359554472664,65.91840796019899,308.66240000000005,276.33157,218.82313726,131.37894281500002,152.47406793389703,1.24952575086,-7.934851738567971
VRSN,"VeriSign, Inc.",295.8,USD,0.05073566717403488,207876,0.2854528699152729,26917799444.718414,USD,Technology services,Buy,284.66774101954985,274.9823917267244,266.9036842182677,-4.61756739326712,9.207708779443255,21.6883330590752,302.84800000000007,290.82849999999974,273.2360999999999,257.64642499999985,32.70929859675119,2.443413,10.549735339779707
FTI,TechnipFMC plc,67.445,USD,0.051921079958458086,2449082,0.6072604946485628,26890451396.40862,USD,Industrial services,Strong buy,70.09336019753131,68.44340841304525,64.72979709289487,-5.803072625698326,-11.233219268228495,51.52774657380363,69.73299999999996,72.28374999999994,71.7215,52.99912500000001,25.803427959292982,0.79331,37.96780153074689
BRDCF,Bridgestone Corp.,21.305,USD,-4.419021982951994,3071,0.21704867516202672,26889625139.15916,USD,Consumer durables,Buy,21.628880782128878,21.78728130957252,21.933735541551187,-6.351648351648354,6.73847695390781,-8.797089041095889,21.842499999999987,21.355124999999965,21.164250000000003,20.519485249999985,12.884218840141475,0.38466716,24.051115531193183
FTAI,FTAI Aviation Ltd.,262.0,USD,4.661846362801097,389885,0.3863226799360413,26876738248.743656,USD,Electronic technology,Strong buy,251.86093783383663,249.6053164363783,242.19852223411777,0,14.912280701754385,32.30318638590113,252.862,253.56050000000013,247.59989999999993,213.14682499999998,52.10612147488167,1.681286,2363.5962763351295
ANPDF,Anta Sports Products Ltd.,9.675,USD,-3.2499999999999933,114,0.07999438635885202,26856837555.107357,USD,Consumer non-durables,Strong buy,10.113570306845816,10.226190902296587,10.366776492571999,1.3386123680241386,-3.249999999999993,-3.249999999999993,10.059000000000015,10.339025000000003,10.507893999999997,10.439914999999983,14.467013683596857,0.3687,-11.406029941745045
VEEV,Veeva Systems Inc.,164.56,USD,3.829894630576057,963914,0.4795936583702829,26855978995.04776,USD,Technology services,Strong buy,165.8240215508762,171.90180528231932,183.73124431564523,3.036754116836763,1.781296387926766,-26.341703594288525,160.0059999999997,162.6330000000005,166.71160000000003,226.53020000000006,30.379559887756606,2.135413,25.105085685251066
HMRZF,Hennes & Mauritz AB,16.8,USD,-0.2967359050445146,252,0.3125775241875465,26842586692.337265,USD,Retail trade,Buy,18.493389213297682,18.312925926314513,17.751871294065708,0,-13.402061855670093,-15.15151515151515,18.444399999999995,18.486030000000007,16.169296000000006,14.817557750000008,19.85231015661204,0.30040169390000004,33.84204487133358
FE,FirstEnergy Corp.,46.4,USD,-0.8123129542539601,1403790,0.34490118392756897,26839207600.649845,USD,Utilities,Buy,46.89381089482287,47.41839903625788,47.48521602464211,-0.3008165019338216,-7.144286571943166,3.432902362906819,46.326000000000036,45.51685,48.27104,46.71655999999993,25.216020868431062,0.587505,-2.111926800723473
PPL,PPL Corporation,35.505,USD,-0.9347098214285736,2821912,0.3727636341064739,26712201165.981026,USD,Utilities,Strong buy,36.60772349023046,36.892476554848855,36.9198992753298,-2.378333791586458,-9.171143514965467,1.4428571428571502,35.99100000000002,36.21625000000002,37.55069999999999,36.66654999999998,21.831765356945212,0.365847,21.429104756215946
CFG/PI,"Citizens Financial Group, Inc. Depositary Shares, Each Representing a 1/40th Interest in a Share of 6.500% Fixed-Rate Reset Non-Cumulative Perpetual Preferred S",25.48,USD,-0.07843137254901794,4907,0.33951193861524515,26675392760.0,USD,Finance,,25.32430774043414,25.300641503635102,25.298441507157218,0,0.9508716323296434,0.3149606299212671,25.464,25.350749999999998,25.19295000000004,25.3516335,6.034054041253227,1.237186,34.463762578015526
CFG/PH,"Citizens Financial Group, Inc. Depositary Shares Each Representing a 1/40th Interest in a Share of 7.375% Fixed-Rate Non-Cumulative Perpetual Preferred Stock, S",26.075,USD,0.17287744909718844,14337,0.5171984632311827,26675392760.0,USD,Finance,,25.982228704252606,26.009090788795824,26.08005159755883,0.4043126684636135,1.1050794881737114,-1.5294561933534785,25.95900000000001,26.045505000000027,25.89840199999997,26.360823500000006,6.174959149359415,1.237186,34.463762578015526
CFG/PE,"Citizens Financial Group, Inc. Depositary Shares Each Representing 1/40th Interest in a Share of 5.000% Fixed-Rate Non-Cumulative Perpetual Preferred Stock, Ser",18.63,USD,-0.1607717041800704,27931,0.6927915548434144,26675392760.0,USD,Finance,,18.945216134025785,19.076265169979706,19.224066446632758,0.16129032258063214,-3.6711478800413695,-2.8169014084507182,18.582000000000065,18.97349999999999,19.00856799999994,19.70287599999999,4.411869183224003,1.237186,34.463762578015526
KYOCF,Kyocera Corp.,18.85,USD,3.713892709766166,4101,1.3889923793395427,26552947113.035656,USD,Distribution services,Buy,17.348318148567508,16.624417484141873,15.676920718573621,0,20.833333333333346,33.12146892655368,18.191999999999997,16.732969999999998,13.715314000000005,13.177492249999998,29.1421332677268,0.16534984,467.2124732114064
DUAVF,DASSAULT AVIATION,342.796,USD,-0.35000000000000225,358,0.6685340802987861,26533309077.10571,USD,Electronic technology,Buy,349.5640680621802,354.8476505078909,356.3645534645009,4.336021914472677,0.14197657094446262,6.12879256965944,336.7551999999998,339.82056000000006,366.1630200000003,346.3080389999998,23.311181814516335,6.8485386,20.64036367599505
CRCL,"Circle Internet Group, Inc.",106.14,USD,3.4099766173031956,7777493,0.6261831520905522,26383860128.018513,USD,Technology services,Buy,105.93521924395499,102.50170999999432,101.16333562865505,-5.4179290679023335,14.745945945945946,31.29638792676892,108.19000000000001,113.39349999999993,106.27320000000002,103.04995000000001,nan,0.180331,-301.4786242365799
MDB,"MongoDB, Inc.",327.67,USD,11.278272091285757,3811993,1.7418646045973796,26377414235.474438,USD,Technology services,Strong buy,299.58546152413646,298.4454377985885,303.62946185803986,4.232341386604745,23.66305619504094,-22.44497041420118,314.6219999999995,299.6150000000003,271.11519999999996,323.84655000000004,nan,1.1913,50.323913771920026
AMADF,Amadeus IT Group SA,60.53,USD,0.07274410607413953,4008,0.6059506531204645,26369968772.80375,USD,Technology services,Strong buy,59.784383374711126,60.457582435165044,62.40322565084982,-1.3848159009449355,8.2168269746487,-19.43941652470187,60.440400000000125,59.497069999999994,58.67598000000001,69.64305549999999,17.204171620011913,1.0248901965600001,12.882495029332647
GELYF,Geely Automobile Holdings Ltd.,2.43,USD,-1.6194331983805683,47143,0.671313634745461,26359160650.136322,USD,Consumer durables,Strong buy,2.6904399360361837,2.661303016199902,2.5849307109111708,-0.40983606557376173,-13.982300884955752,8.482142857142852,2.4745199999999983,2.745412499999998,2.832945000000001,2.42080225,11.975576742667078,nan,-28.896341388417373
WNGRF,Weston George Ltd. (Canada),70.09,USD,0.30051516886091584,189,0.1339570486923246,26340160408.61793,USD,Retail trade,Buy,70.28720952883327,70.26066635312255,69.72019328733914,0.9069968327094872,-0.4827488286241706,2.470760233918125,69.8204672,70.29150179999996,70.94615672000002,59.50416521979999,33.94500971966365,0.8578547999999998,1.9533381611682405
CFG,"Citizens Financial Group, Inc.",62.28,USD,-1.2682308180088733,2287200,0.7352481911084667,26337087208.192772,USD,Finance,Strong buy,62.428715381883734,62.00692251630573,60.958286215098596,-1.5180265654648968,-4.843391902215434,6.534382483749572,62.936000000000014,62.87699999999999,62.37720000000003,57.615950000000005,14.748857366140149,1.237186,34.463762578015526
CEBCF,China Everbright Bank Co Ltd.,0.39,USD,-12.37924062008537,8062,0.5687879215464936,26265459320.009907,USD,Finance,Buy,0.4218926854039498,0.4288564142020406,0.42984713224444554,0,-11.363636363636362,-22.01559688062387,0.41901999999999984,0.4456249999999999,0.441053,nan,nan,0.0235968,nan
ICTEF,"International Container Terminal Services, Inc.",13.0,USD,-6.4074874010079235,1176,0.6759786170029315,26255485229.495617,USD,Transportation,Strong buy,12.865935978916866,12.527303119288137,12.009771870608255,-6.4074874010079235,4.923325262308309,32.382892057026474,13.125000000000004,12.93174999999999,12.320969999999997,10.349533999999998,25.475734253382033,0.133728,19.539171170174356
HRSHF,HAIER SMART HOME CO LTD.,2.5,USD,-0.39840637450198363,2140,0.26632152724195435,26241309915.946083,USD,Consumer durables,Strong buy,2.6504175804928796,2.7478359985270977,2.861659632259012,-12.280701754385968,-6.716417910447766,-25.428784489187173,2.6145,2.6539999999999986,2.8506499999999977,3.085883000000002,8.865025375301824,0.09286447681,-2.2849162378771495
ES,Eversource Energy (D/B/A),69.605,USD,-0.021545532892847698,937906,0.450103217379987,26177050622.52104,USD,Utilities,Buy,69.15674582585122,69.35728553278838,69.4149544775504,-1.2695035460992852,0.5126353790613776,2.6773860451393974,69.71099999999997,68.84374999999997,68.81089999999999,69.28547499999992,14.88908853665319,0.944755,101.83490199464642
FOX,Fox Corporation,58.79,USD,0.2900034118048477,329475,0.4178704341020323,26075163154.630672,USD,Consumer services,Buy,57.06511829164807,56.81176559487124,56.802144151862315,2.8336540143431828,2.01284053444386,-9.484218629715171,58.072000000000074,57.83299999999999,56.112699999999975,57.18717500000002,15.516376784818814,1.396507,-5.790939380376943
FOXA,Fox Corporation,65.59,USD,0.1679902260232123,826584,0.36368898648266035,26043440015.5536,USD,Consumer services,Buy,63.60456464004534,63.22911116843109,63.13518907075121,2.372405181832387,3.912851987161014,-10.31040612607684,64.854,64.43049999999987,62.45319999999999,63.51669999999996,17.31109292934625,1.396198,-5.790939380376943
MTSFF,"Mitsui Fudosan Co., Ltd.",9.465,USD,1.5732314560439493,1806,0.5043565683646112,26004431235.3531,USD,Finance,Strong buy,10.349079739444333,10.637107355596182,10.778100552957879,0,-16.534391534391535,-20.69543359865941,9.93168,10.993970000000001,11.017007999999983,9.437264406049977,14.88078454959996,0.193824129204,6.941394755002175
SNMRF,Snam S.p.A.,7.75,USD,3.554249064671299,281,0.07950430058850158,25976036532.306957,USD,Utilities,Buy,7.19237272842531,6.781715620664699,6.324224482296528,0,-4.509610645638241,17.069486404833835,7.8180000000000005,6.378055000000006,5.3942359999999985,5.3925365,17.45172280941815,nan,14.332029492695831
EJPRF,East Japan Railway Co.,22.94,USD,11.575875486381335,58,0.6962785114045608,25953216044.920246,USD,Transportation,Buy,23.326303926945116,23.59890279785425,23.509766972944416,11.575875486381335,1.9555555555555613,-16.85393258426966,22.57760000000001,23.859900000000017,23.30889399999995,20.199215360799997,16.600481398821856,0.44630787545600004,4.565579661079551
XYL,Xylem Inc.,108.9,USD,-1.0899182561307799,928452,0.5286324650065364,25884821431.91281,USD,Producer manufacturing,Strong buy,114.2784478645522,117.90284624271355,122.28057741558706,-1.9890198901988965,-12.8869690424766,-20.096852300242123,109.822,111.74000000000005,118.00120000000015,134.38535,27.055228441529405,1.337197,8.283116324114927
HRNNF,Hydro One Ltd,43.15,USD,0.8743220497475107,271199,2.6321515783262095,25880584373.04278,USD,Utilities,Buy,42.59590505887624,42.26116777555057,41.58975459869448,-0.16196205460435048,1.937160406331208,8.362631843294823,42.53920000000001,42.80380000000001,42.59642999999995,38.83674450000004,26.27296407756987,0.3991053920999999,16.242273971710603
LUNMF,Lundin Mining Corp.,30.22,USD,5.332868595329375,34828,0.5502462268130492,25824007005.563457,USD,Non-energy minerals,Buy,27.707088410315354,26.93298292788618,25.557591881543882,7.928571428571425,16.09681137149442,37.676537585421414,28.382000000000012,27.64213000000002,26.601831999999995,21.045101479999982,18.018464201176478,0.300135,nan
JBHT,"J.B. Hunt Transport Services, Inc.",273.31,USD,0.9008011223095941,227827,0.23060934790433538,25772914424.64858,USD,Transportation,Buy,251.25023710894342,241.37097673268966,228.83831856281003,4.684387927072169,8.801751592356693,40.56625607529509,265.9619999999999,252.9085,236.12579999999983,193.29417499999957,42.31001439695342,1.702647,17.295540383497958
KHNGF,Kuehne & Nagel International AG,217.0072,USD,-4.413904892788547,19,0.5523255813953488,25765422105.118786,USD,Transportation,Buy,227.7431726704403,227.1356707617385,224.97694306299124,-0.4554128440366919,-11.42563265306122,1.7427915045243658,225.5910400000001,227.22415499999994,223.03433200000018,238.4858174999999,24.44341831250088,2.7766523151999998,-22.151104654245632
AVB,"AvalonBay Communities, Inc.",185.16,USD,-0.5745583418353613,259746,0.24703139301412042,25757988539.631424,USD,Finance,Buy,180.30906924023938,178.47561563208555,178.2358853506522,-0.2531918332166131,4.110205229125669,2.3096474748591045,185.24800000000045,184.9434999999995,175.32319999999882,180.73635000000064,22.982114265145782,1.277023,0.3237575802856513
SMECF,SMC Corp,410.49,USD,-5.872506305893147,39,0.03536773374444545,25686477830.775307,USD,Producer manufacturing,Strong buy,432.48480000553445,429.25815476280513,419.59401478558607,-2.494121000498824,-14.308930615158916,14.21694792637628,420.08359999999965,459.05529000000007,436.50402399999984,382.1447370000001,24.688188287777432,4.355128325136,2.035849978941864
RYLPF,Koninklijke Philips N.V,26.98,USD,-0.9135127746280398,223,0.040945228870976624,25685445017.474968,USD,Health services,Buy,27.276604443712756,27.573826819393826,27.655564302485725,0,-2.774774774774773,-1.8909090909090893,26.472447599999953,27.675011899999998,27.85604476,25.76938788999996,23.19871516744947,0.41571326946000003,nan
IONQ,"IonQ, Inc.",68.81,USD,5.214067278287456,24187914,0.7344258453571981,25684704343.085472,USD,Electronic technology,Strong buy,52.67785514896856,48.43684451749103,46.19142794226046,7.013996889580102,61.71562867215042,49.55444468593785,64.072,54.129,42.92259999999998,47.688725000000005,nan,-0.539798,88.51160917997584
FTAIM,FTAI Aviation Ltd. - 9.500% Fixed-Rate Reset Series D Cumulative Perpetual Redeemable Preferred Shares,27.27,USD,0.07339449541284247,1121,0.29421027767571256,25679594984.0,USD,Electronic technology,,27.044469917185012,27.038176658862234,27.01686504177256,-0.29250457038391897,1.564245810055859,0.4419889502762468,27.103980000000014,26.977305000000037,26.98188199999995,26.884425500000024,5.423411956564974,1.681286,2363.5962763351295
FTAIN,FTAI Aviation Ltd. - 8.25% Fixed-Rate Reset Series C Cumulative Perpetual Redeemable Preferred Shares,25.45,USD,-0.03927729772192287,969,0.020392701559441884,25679594984.0,USD,Electronic technology,,25.409065579725507,25.409254399946878,25.42209105964819,0.03930817610062111,0.2758077226162344,0.15741833923651768,25.44598,25.42050000000004,25.331824000000047,25.46637400000001,5.061453402808162,1.681286,2363.5962763351295
MGDDF,CIE GENERALE DES ETABLISSEMENTS MICHELIN SA CLERMONT-FERRAND,37.3425,USD,-1.3082259663032638,229,0.07612272712163015,25676605607.984142,USD,Consumer durables,Buy,37.31990880873385,37.185524438871006,36.99084593017758,0,-3.8308009271182004,4.961000632422178,37.81349999999999,37.863375000000005,37.331426,36.04300100000001,13.641442435372158,1.4941209,0.7351722615206722
ALPMF,"Astellas Pharma, Inc.",14.25,USD,2.7027027027027026,226,0.07094647622037356,25660804046.629917,USD,Health technology,Buy,15.34196872557527,15.394231784885383,15.062843340657135,0.14054813773717198,8.778625954198477,8.159392789373808,14.652050000000003,14.495762500000001,15.424954999999997,12.31336875,13.947540711893541,0.31460978668,445.72180091815505
POPMF,Pop Mart International Group Limited,19.33,USD,0.41558441558440673,258,0.01779518978087086,25636636156.498898,USD,Consumer services,Strong buy,20.402062642591034,21.510200241370864,23.077297211820802,-2.1265822784810213,-2.766599597585517,-19.45833333333334,19.343999999999998,20.051999999999992,21.589182,nan,14.440133580244826,0.6459623999999999,308.8341222234282
CTSH,Cognizant Technology Solutions Corporation,54.02,USD,1.6177577125658513,4546903,0.4966780627966956,25598429037.46765,USD,Technology services,Buy,54.54417455333434,57.519627123342005,61.37333388550889,3.7848222862632204,-2.8941218766852406,-34.907820219303524,52.812,50.88875000000018,56.18550000000009,69.00949999999992,11.728689912718746,1.376374,-3.03783078250983
YZCHF,YANKUANG ENERGY GROUP CO LTD.,1.7925,USD,-6.640624999999997,3000,2.3183925811437405,25589373936.946426,USD,Energy minerals,Strong buy,1.722341952783004,1.611332134527273,1.5424422887194158,0,-1.3755158184319072,48.1404958677686,1.8524799999999992,1.5306449999999998,1.4978140000000004,1.5813805599999995,15.233362363830311,0.08406359999999999,-48.97132005195612
PPG,"PPG Industries, Inc.",114.2,USD,1.1693834160170158,739139,0.41395008174396686,25455178683.786324,USD,Process industries,Buy,109.20984326434237,109.23531117266441,109.2055277397392,4.972883537089802,4.0736352866125936,10.841502475007282,110.2060000000001,107.28499999999985,107.11980000000013,107.55250000000017,16.361265920715198,2.247801,18.227243470307247
STRL,"Sterling Infrastructure, Inc.",827.9,USD,5.85332174090932,623998,1.0890315842859917,25404900445.977596,USD,Industrial services,Strong buy,682.03481101836,609.7002060725054,538.3364058004536,9.655629139072845,67.50632271117856,167.55647480851889,772.0520000000001,767.46,572.5652,405.33224999999993,74.01678989387857,4.95375,30.73659357613726
NWWCF,New China Life Ins Co. Ltd.,6.41,USD,-3.4638554216867403,1032,0.5078990107780894,25401677857.841,USD,Finance,Buy,6.658375709541017,6.695092697415604,6.540129543533378,-2.583586626139817,10.899653979238751,-11.586206896551722,6.47096,6.7117549999999895,6.564221999999997,5.060034500000001,3.949064641429588,0.545676,38.359921537182984
XPO,"XPO, Inc.",216.32,USD,1.5873015873015852,475144,0.41340760930186365,25398127332.571426,USD,Transportation,Strong buy,208.06216187973612,202.8245103097712,193.03884601158026,5.671437643495669,-2.479487873050221,59.610418357559205,209.30000000000004,206.577,206.47499999999994,163.2973499999998,74.11772767765366,1.460268,-10.196923076923074
NTOIF,Neste OYJ,33.0,USD,-0.6323396567299032,101,0.19092627599243855,25342990410.252655,USD,Energy minerals,Buy,31.47889571205739,30.14114363326964,27.997558941725607,-0.6323396567299032,8.082614420185903,43.840990323424286,32.72200000000002,30.664359999999988,24.594414000000057,18.833573500000004,30.61009404193563,1.0746868625400001,nan
CAJFF,"Canon, Inc.",26.2,USD,-1.057401812688826,204,0.06236815555351738,25286091101.074192,USD,Electronic technology,Buy,26.565267004836546,27.15726609010054,27.81281797865089,2.664576802507836,0.7692307692307665,-12.666666666666668,26.020619999999997,26.264487500000023,28.174624999999995,30.167998750000034,12.051572015029755,0.4964256,82.29760799583988
BABWF,International Consolidated Airlines Group SA,5.675,USD,13.499999999999995,260,0.040715337154311124,25285882470.911766,USD,Transportation,Strong buy,5.252236218999751,5.2454419824784,5.2065174657355175,0,7.0754716981132075,1.266952177016412,5.236200000000001,5.265175000000001,5.1594999999999995,3.240159,7.041859942456031,nan,46.96536178894944
AIVAF,Aviva Plc,8.425,USD,-1.8065268065267992,946,1.1063033563325926,25260701932.768658,USD,Finance,Buy,8.470583331741375,8.484636584637787,8.484740885478168,-2.03488372093022,1.0191846522781878,-3.6041189931350055,8.484799999999987,8.405525000000004,8.627369999999996,6.7202129999999975,23.59000905856348,0.41373860000000007,22.463735987834752
HUBB,Hubbell Inc,478.035,USD,-1.2834279814145535,195698,0.28636742501398926,25260219250.96851,USD,Producer manufacturing,Buy,492.695786361215,494.0746717953897,489.1809360195276,-0.16394469738105513,-12.813474621094665,6.7685882116454135,475.265,486.115750000001,505.09450000000004,468.15567500000054,28.245147567136403,5.361178,14.464553828673447
QBEIF,QBE Insurance Group Ltd.,16.878498,USD,10.487405409651487,4679,2.356585243011836,25216890311.509575,USD,Finance,Strong buy,15.211558639861279,14.729734167327594,14.199022035157515,0,6.187467757156345,24.380972733971998,15.7999796,14.309244899999992,12.921473959999998,9.459666699999998,11.661263755453145,0.649629,35.15498019983362
SMCI,"Super Micro Computer, Inc.",41.885,USD,9.67530767216549,54455576,1.5665307534739046,25190413723.341583,USD,Electronic technology,Buy,33.30988091097637,32.00059886081292,32.07534409611208,16.347222222222214,55.12962962962962,39.80307076101468,37.243,32.86775000000002,28.365700000000007,35.98694999999999,22.093575271653126,0.71433,4.636273319350914
EXXRF,Exor NV,78.635,USD,1.5824828833484155,3925,0.6554995156818865,25181273823.79242,USD,Finance,Strong buy,79.19494276601117,79.94644366431443,81.43745831808681,2.589693411611219,0.23581899298916797,-9.510932105868815,78.23200000000003,78.4141149999999,78.7855759999999,87.11021350000004,nan,nan,nan
DOW,Dow Inc.,34.745,USD,0.7393447376050897,6080665,0.5665346123875923,25042163074.986225,USD,Process industries,Buy,36.80503861701684,36.12478379797103,34.50617464183066,-4.045843689588521,-10.681233933161957,47.53715498938428,35.28700000000001,37.92075000000001,38.57539999999992,28.89612499999998,nan,1.189351,-1097.6005998500375
FQVLF,First Quantum Minerals Ltd.,29.8355,USD,3.8497015263057066,211478,0.4448444838594053,24888955992.11448,USD,Non-energy minerals,Strong buy,26.716292321931977,26.32812118868631,25.777335051907563,7.013988522238167,14.995182116014645,8.963847325344853,28.006999999999987,25.770899999999994,25.55559799999999,23.99014,nan,0.060671,-250.44572582446048
EQR,Equity Residential,66.36,USD,-0.40522287257991296,1090127,0.43012722549124666,24863216499.877537,USD,Finance,Buy,64.40207512830202,63.64106128986496,63.1697633162726,0.4389284092629125,5.9386973180076605,6.482670089858791,66.216,65.7465,62.749799999999986,62.55270000000002,26.764539808018068,0.441416,-3.2655768405446484
CINF,Cincinnati Financial Corporation,160.065,USD,-1.7644531729470971,186386,0.36035753865047565,24759932938.292683,USD,Finance,Buy,163.29418184314173,163.01128566741806,162.44366523767894,-4.779892920880426,-1.8969110075999014,-1.9930198383541486,165.30299999999994,164.1102500000001,162.5530000000002,161.16094999999987,9.152585985075907,1.753008,90.77878017650458
STZ,"Constellation Brands, Inc.",142.78,USD,-0.6540495407737251,1193705,0.5947644307746579,24586127539.16435,USD,Consumer non-durables,Buy,149.10651937976633,150.26865605135674,150.7130430859624,-3.7286764210100474,-8.714276580781277,3.16473988439306,146.89399999999975,147.31050000000036,152.39200000000005,147.68830000000017,14.889046467005922,3.27005,nan
AFRM,"Affirm Holdings, Inc.",73.03,USD,3.6768881317433326,2651924,0.5853312879111918,24457644334.998302,USD,Finance,Strong buy,64.17267737223501,62.05402780445349,61.6867982180252,10.685056077599267,13.453472114338972,-2.626666666666665,69.028,66.6715,58.42540000000001,67.38132499999999,66.36677571792076,0.343718,nan
P,"Everpure, Inc.",73.605,USD,-14.153254023792853,9705224,2.3951338715666806,24448090622.398884,USD,Electronic technology,Strong buy,75.04889135763003,73.03711659362735,71.97819794697648,-19.133157547791686,1.1057692307692402,7.562472599736953,82.77899999999997,79.20475,70.5749,74.92867499999997,111.91272616694543,0.562809,76.99138858988158
OMVJF,OMV AG,74.73,USD,5.283178360101437,100,0.40096230954290296,24437562935.887833,USD,Energy minerals,Buy,69.13237477565019,66.2928309320206,62.900566057487715,0,8.698181818181824,34.64864864864866,70.98600000000003,62.36840000000001,56.658835999999994,48.274835655,8.958404802699858,2.63641527984,147.01310667176105
DG,Dollar General Corporation,110.9,USD,6.297325793156339,2699568,0.7215836773677633,24423099135.03499,USD,Retail trade,Buy,113.69309293444715,118.10643363506557,121.19536452436151,4.9940828402366915,-6.892788178994201,-16.481530293331318,105.91999999999999,108.43200000000002,115.8967999999999,121.05774999999993,16.192617684849903,1.886937,33.925184301609335
AIBRF,AIB Group PLC,11.575,USD,0.16875081130196842,467,0.3776789324706834,24391548891.668335,USD,Finance,Buy,11.208681335982101,11.006387521726687,10.729867540356809,-0.8140531276778119,8.4817244611059,6.38786764705881,11.504099999999998,11.338194999999995,10.904747999999993,9.747440000000001,10.50994310214624,0.45346860000000005,15.062575790793185
ALFVF,Alfa-Laval AB,58.95,USD,0,140,0.3987467957846767,24365587936.093124,USD,Producer manufacturing,Buy,56.53337951250023,54.022223015897715,50.44690530430379,0,0.5972696245733813,7.671232876712334,57.553999999999995,49.97325,40.615309299999986,26.07196053,28.310937484781974,0.5837446192000001,12.687904624234895
CLPHF,CLP Holdings Ltd.,9.6268,USD,-3.004534005037797,141,0.013975201451042195,24321632122.819984,USD,Utilities,Buy,9.46401246165844,9.259162517950957,9.02703481503138,-3.004534005037797,1.3347368421052563,8.900452488687778,9.752360000000001,9.251965000000004,8.666586,8.076285000000006,18.086609828253412,nan,-11.001029259659415
WRB/PH,W.R. Berkley Corporation 4.125% Subordinated Debentures due 2061,15.83,USD,0.7638446849140624,10422,0.792662057635704,24305948264.0,USD,Finance,,15.839531265580456,15.985298522680978,16.188241928125276,1.0855683269476368,-0.25141935361911155,-3.3577533577533516,15.643,15.749994999999998,15.854697999999999,16.914746,3.360577433393483,1.093817,9.226452719936926
SYF/PB,"Synchrony Financial Depositary Shares Each Representing a 1/40th Interest in a Share of 8.250% Fixed Rate Reset Non-Cumulative Perpetual Preferred Stock, Series",26.0,USD,0.42487446890691166,17463,0.5035496167797968,24248929316.0,USD,Finance,,25.893465452484552,25.887546886718876,25.889807038458557,0.9316770186335344,-1.1406844106463905,-0.990099009900996,25.791999999999984,25.93100000000003,25.825518000000017,26.002462999999985,2.691455663443821,2.106997,32.616723638510216
SYF/PA,"Synchrony Financial Depositary Shares, each Representing a 1/40th Interest in a Share of 5.625% Fixed Rate Non-Cumulative Perpetual Preferred Stock, Series A",19.7,USD,-0.17785569872967408,33845,0.7723677424360677,24248929316.0,USD,Finance,,19.827918162757047,19.774518085486637,19.722616332211704,-0.20263424518743237,-3.6203522504892462,0.5102040816326422,19.719019999999972,19.996260000000028,19.710530000000013,19.806569499999952,2.03929525268628,2.106997,32.616723638510216
PGPEF,Publicis Groupe S.A.,96.35,USD,2.9270377096464,24890,1.0177836115983987,24166356098.794804,USD,Commercial services,Strong buy,93.44942477665687,94.45038105134381,95.82051590749934,2.9270377096464,7.894736842105261,-2.1330624682580077,94.63350000000001,94.98536499999999,98.22219200000006,82.53899325500001,12.572678091433193,4.0347078000000005,13.077308556109662
AWK,"American Water Works Company, Inc.",123.72,USD,-0.04847309743092767,658714,0.42893937145405664,24160105396.06108,USD,Utilities,Buy,127.557058279364,129.25302637895504,130.74161721543604,-0.9923175416133122,-7.512895267997317,-4.998848191660901,124.0860000000001,125.43560000000011,131.0682400000001,133.61615999999998,21.892307964539132,1.576728,2.885595688901837
HXGBF,Hexagon AB,9.0,USD,-18.552036199095028,5335,2.900402305099489,24159401804.004738,USD,Electronic technology,Buy,10.471468274893612,10.642325094652055,10.824457738998895,-8.629441624365478,-17.920656634746923,-25.373134328358212,10.441999999999991,10.611009999999991,11.212675999999963,10.855393999999949,10.57155065102428,0.08094298236,108.26227368941825
FUJIF,FUJIFILM Holdings Corp.,20.0,USD,-2.200488997555009,396,0.19997980002019997,24080852050.781635,USD,Health technology,Strong buy,19.543415619001177,19.783300618703272,20.174007995361315,0,2.5641025641025643,4.712041884816746,19.00200000000002,19.09294999999998,21.23608999999999,21.407949549900014,nan,0.301702413948,nan
WSM,"Williams-Sonoma, Inc.",204.39,USD,0.5955310562063094,511887,0.35986114167247235,24066229271.046604,USD,Retail trade,Buy,189.19160910607775,189.32286665583246,189.98276016251845,4.280612244897952,6.033409421041708,11.884169038756285,198.0779999999999,182.32750000000027,185.20100000000002,192.981,22.87751424318062,2.044747,1.1331220285261625
FN,Fabrinet,671.285,USD,-2.273256660358132,366665,0.49287633631704103,24051966942.604942,USD,Electronic technology,Strong buy,665.3283985805498,635.5112098952911,593.1079819149801,-6.765972222222226,2.9609803981717153,44.443129491758825,689.217,681.4752499999997,640.5627000000001,487.8317750000002,57.71863150563614,3.80782,29.62884529647794
WRB,W.R. Berkley Corporation,64.56,USD,-1.118088528105382,823232,0.44230621272081655,24034186244.812984,USD,Finance,Buy,66.27701392762911,66.80684193042258,67.63060841387775,-4.270462633451951,-3.641791044776116,-7.467392862261708,66.43799999999979,66.64699999999999,66.40999999999998,70.62009999999992,13.705551427661609,1.093817,9.226452719936926
ROL,"Rollins, Inc.",49.85,USD,-1.052004763795159,1980082,0.6168351387578601,24000963639.19909,USD,Commercial services,Strong buy,53.462429994831645,54.54705440979555,55.66683118096512,-6.787584143605079,-11.644806806097128,-16.569037656903763,51.9740000000001,53.409499999999994,54.000400000000035,57.752999999999844,45.5459113750571,0.338456,11.094194072269596
RF/PC,"Regions Financial Corporation Depositary Shares, each Representing a 1/40th Interest in a Share of 5.700% Fixed-to-Floating Rate Non-Cumulative Perpetual Pref",24.4801,USD,0.3282786885245968,31727,1.372761965749098,23971432466.0,USD,Finance,,24.405059084338532,24.382934616579366,24.35481695119587,0.28717738631708334,-1.3297057638049115,3.8172179813401272,24.36604000000001,24.47251000000004,24.32150400000002,24.347167499999983,10.151820519200465,0.633193,16.40278045954817
RF/PF,"Regions Financial Corporation Depositary Shares Each Representing a 1/40th Interest in a Share of Non-Cumulative Perpetual Preferred Stock, Series F",25.72,USD,0.03889537145078961,29466,1.068487487897655,23971432466.0,USD,Finance,,25.587748055357924,25.550058198854856,25.525507641825737,0.6259780907668238,0.46874999999999,1.0609037328094286,25.568000000000005,25.660080000000004,25.459230000000005,25.55972000000002,10.66600315169611,0.633193,16.40278045954817
RF/PE,"Regions Financial Corporation Depositary Shares, Each Representing a 1/40th Interest in a Share of 4.45% Non-Cumulative Perpetual Preferred Stock, Series E",16.43,USD,0.06090133982946412,29814,1.0507358745911808,23971432466.0,USD,Finance,,16.589921622486838,16.71797946692839,16.90039309378802,-0.3033980582524315,-2.376708259061192,-5.083766608896586,16.406999999999965,16.54200500000004,16.611604000000003,17.499639979999998,6.813469353902297,0.633193,16.40278045954817
BG,Bunge Limited,123.42,USD,1.8484898498101956,757138,0.49478612046571474,23945715465.374317,USD,Process industries,Strong buy,122.7920420756889,121.36148991045866,117.58234915533984,2.8328611898017044,-2.210601378654617,38.36322869955157,121.17399999999995,124.05600000000008,124.4213999999999,104.17564999999995,28.724369865245418,1.99279,-45.54452935883299
UTHR,United Therapeutics Corporation,564.03,USD,-1.1773981603153794,226971,0.5488752423702639,23941232157.236217,USD,Health technology,Strong buy,561.6367623832102,550.5539308637132,531.1524294945232,-0.10272577531394075,-1.3312574347491453,15.09172159079315,569.5020000000001,572.3405,566.3881999999999,480.09172500000017,20.817063178640762,7.165744,8.12927016154779
ILMN,"Illumina, Inc.",157.725,USD,5.030964906439374,978559,0.6556192055566894,23863792690.10605,USD,Health technology,Buy,141.08826468936746,136.92033961606217,132.76625720852596,9.06922066247146,23.251543330468074,20.0982258432955,148.47199999999995,142.52950000000007,132.97180000000003,121.93445000000003,28.626265926167918,1.225306,nan
SYF,Synchrony Financial,70.945,USD,-1.588292412262464,1445340,0.40550201600719304,23863785411.619083,USD,Finance,Strong buy,72.23220229624317,72.40864256704141,72.72386023144894,-1.5746392896781425,-7.575560187597722,-15.249074184685224,71.75299999999996,72.35474999999997,71.96209999999998,74.32762500000007,7.344050847808534,2.106997,32.616723638510216
WTW,Willis Towers Watson Public Limited Company,252.38,USD,-0.6534404030861268,301819,0.4403143220359506,23836779340.38144,USD,Finance,Strong buy,264.78833078564855,273.96165256610806,284.65742391150565,-1.575540129475088,-13.369718188995295,-22.93034476440591,255.68,254.08399999999992,275.6258,311.2630999999998,14.773665201280796,3.133704,nan
TEAM,Atlassian Corporation,93.915,USD,5.4395419333108945,3378596,0.6919799822443616,23832608850.04952,USD,Technology services,Strong buy,84.90746100261391,86.30605676979167,94.74775883366264,12.756633449393684,34.41391155002147,-42.077833970642644,87.1010000000001,86.73949999999998,75.44600000000004,125.26660000000005,nan,1.492649,49.81487101669196
RF,Regions Financial Corporation,27.835,USD,-0.9077963688145212,5135521,0.5140207738611912,23753820672.52082,USD,Finance,Buy,27.518644606555565,27.44654311751776,27.294510637135087,-0.5537692032868796,-2.7768075445336997,2.7500922849760094,27.943000000000012,27.567749999999943,27.208100000000023,26.881874999999937,11.543087003400515,0.633193,16.40278045954817
TW,Tradeweb Markets Inc.,100.15,USD,-0.7236320380650176,904028,0.5208663305953743,23638004993.032814,USD,Finance,Buy,109.6601024134944,111.70059519573846,112.97493973364936,-5.0440883663600955,-11.34814552536071,-6.663560111835966,103.03999999999976,108.5655000000002,115.23139999999994,113.20102500000006,24.71740954637445,0.958583,66.45304412127186
DRI,"Darden Restaurants, Inc.",205.9,USD,-0.014568057106784412,269344,0.30649562157240134,23582756415.012383,USD,Consumer services,Strong buy,200.5340249878372,200.1909085929595,199.64097871263553,1.2390598878945867,3.1201482446036053,11.574726346591532,203.24799999999982,197.41149999999942,197.57379999999995,196.0615500000001,21.786284904083207,3.633893,6.63800690542279
INSM,Insmed Incorporated,108.76,USD,2.2180451127819545,899129,0.3070814747864391,23573997525.067665,USD,Health technology,Strong buy,120.41187202601715,128.8658220792135,136.7670697315951,0.8718234093860248,-20.342769253305008,-38.1307241595085,107.96000000000012,115.86949999999987,135.23499999999996,155.95387500000004,nan,-0.796754,3.4235749117201912
BNCZF,Banco BPM Societa Per Azioni,15.52897,USD,-6.055837870538426,4000,1.1578094245687158,23472690183.616283,USD,Finance,Buy,14.903403844082487,14.62647271037494,13.868921346921775,-6.055837870538426,5.999795221842996,5.639251700680272,15.554754000000003,14.8366885,11.91583982,nan,9.548391993726527,nan,23.12013494443565
LSRCF,Lasertec Corp.,260.0,USD,13.25521627390339,172,0.7730337078651686,23446258544.922707,USD,Electronic technology,Buy,250.38626998509096,239.60682332449213,222.37757472547534,3.2606537193693192,-0.35068892167948196,26.4991364001265,255.35400000000004,244.70016,195.41613399999994,191.5097663800001,41.876852870065036,1.381575084816,19.678628360937665
CCOZF,"China Coal Energy Co., Ltd.",1.36,USD,-22.28571428571428,100,0.051559680329981955,23444647468.440872,USD,Energy minerals,Strong buy,1.5434094604776019,1.4838019557656985,1.4003195189972442,0,-9.333333333333327,1.492537313432837,1.6245,1.3861250000000003,1.2209102999999997,0.8668270750000004,8.929616343761236,0.10618559999999999,-20.276638937082826
MTD,"Mettler-Toledo International, Inc.",1160.01,USD,6.049330797922921,102867,0.5226267344555038,23441019138.614292,USD,Health technology,Buy,1175.650868665561,1211.5030558838116,1247.5705995233222,5.60329916428454,-9.052349330050886,-17.07521070578395,1109.7440000000001,1144.2800000000009,1224.4756,1326.2188499999997,27.205247753241146,10.800158,6.350999802957637
PAAS,Pan American Silver Corp.,55.61,USD,4.29482370592648,2068575,0.41826478393610883,23431272677.59859,USD,Non-energy minerals,Strong buy,55.7184913520416,55.58353197623322,54.263056616298435,0.41531238714336743,3.6726323639075296,5.12287334593573,54.60400000000002,56.11999999999997,55.02439999999997,48.277400000000036,17.930075640363285,1.1189372759999998,268.102187123853
BCEFF,BCE Inc.,15.3,USD,-0.9708737864077579,1000,1.5384615384615385,23359443496.136097,USD,Communications,,14.843661546038696,14.344750094274426,13.796249372146333,0,1.3245033112582851,0.9900990099009924,15.274019999999998,13.381330000000002,12.387413999999996,nan,3.1540923739998354,0.4873994474999999,1551.9721373615198
AER,AerCap Holdings N.V.,139.98,USD,-1.283497884344162,743882,0.6084614256467747,23359378731.587727,USD,Finance,Strong buy,141.07713104162735,141.02341625597572,139.97094982537294,-0.15691868758915753,1.0102467888584046,-3.5352491213562285,140.03199999999998,142.2985000000001,140.8118,135.5382999999999,6.131164343061377,3.998,103.25932124924326
NRSCF,"Nomura Holdings, Inc.",8.115142,USD,-2.2272048192771106,56900,2.338676531031648,23351303273.87543,USD,Finance,Buy,8.154980824947407,8.04604648328983,7.800808362668747,0,2.7233164556962044,-8.303480225988691,7.988128399999996,7.839282100000001,7.136792840000003,5.363553005000001,10.822499864904492,0.185021694744,1.25774662262337
NHYKF,Norsk Hydro ASA,11.91,USD,-2.536824877250413,4772,0.2509254585226317,23327112118.99201,USD,Non-energy minerals,Buy,11.364632141401275,10.890061028316563,10.225854474987194,-4.548186736125017,4.841549295774654,51.33418043202033,12.141,11.621499999999987,11.075593999999997,8.525631000000006,37.123067312568644,0.23730882903000003,-30.713919121245304
KEY/PI,"KeyCorp Depositary Shares Each Representing a 1/40th Ownership Interest in a Share of Fixed-to-Floating Rate Perpetual Non-Cumulative Preferred Stock, Series E",25.49,USD,0.5126182965299646,30266,1.163915765509391,23310852722.0,USD,Finance,,25.208164422661707,25.14983768324794,25.1026427549479,0.2753737214791374,1.7158818834796479,2.7408303103587253,25.359999999999957,25.208875,25.06526999999996,25.029676999999978,15.613132426803869,0.426551,nan
KEY/PL,"KeyCorp Depositary Shares each representing a 1/40th ownership interest in a share of Fixed Rate Perpetual Non-Cumulative Preferred Stock, Series H",25.36,USD,0.2371541501976234,27993,1.0558376017440765,23310852722.0,USD,Finance,,25.04971462163715,25.015203947845496,25.008899993766903,0.5152596115735196,1.7656500802568127,-0.15748031496062656,25.215999999999987,25.059750000000015,24.82493800000002,25.061011999999973,15.533504838907264,0.426551,nan
KEY/PJ,"KeyCorp Depositary Shares each representing a 1/40th ownership interest in a share of Fixed Rate Perpetual Non-Cumulative Preferred Stock, Series F",20.97,USD,0.1911132345914914,18653,0.3250399046470617,23310852722.0,USD,Finance,,21.27662066363221,21.382474031360236,21.497738548423722,-1.224682053697605,-2.4197301070265222,-1.549295774647896,21.00199999999997,21.242070000000012,21.333905999999956,21.88363850000002,12.844542447629546,0.426551,nan
KEY/PK,"KeyCorp Depositary Shares, each representing a 1/40th ownership interest in a share of Fixed Rate Perpetual Non-Cumulative Preferred Stock, Series G",20.805,USD,0.07215007215007488,87271,2.596277135351744,23310852722.0,USD,Finance,,21.196470297752086,21.339553758821868,21.478377375593112,-0.45454545454544915,-3.0069930069930053,-2.3697794462693524,20.817000000000046,21.1624,21.30782200000001,21.89626949999999,12.743476662991547,0.426551,nan
MKL,Markel Group Inc.,1857.75,USD,0.534669646674285,32857,0.51671211506465,23247344731.689323,USD,Finance,Buy,1870.1600708085941,1897.163415596052,1927.6751873977378,-0.031210818315365263,-2.839883894249625,-13.324126476090939,1855.0800000000004,1825.5420000000006,1880.2759999999994,1982.33485,13.445364162920686,29.24116,1.828667025329986
BCE,"BCE, Inc.",24.85,USD,-0.9565563969708986,2540444,0.8981489380484888,23173265656.49611,USD,Communications,Buy,24.416448325678644,24.47109542962044,24.467940184132743,0.6480356419603084,5.56499575191165,4.389834068473017,24.746000000000194,24.276500000000034,24.393000000000026,24.26234999999989,5.122823234895158,0.4873994474999999,1551.9721373615198
CHD,"Church & Dwight Company, Inc.",97.78,USD,-0.23466993163963265,422773,0.2655118466479469,23168346057.00296,USD,Consumer non-durables,Buy,95.87561801096876,95.62868874315528,95.0218592290052,1.737592342108003,1.3684428778768478,17.073754789272037,96.86999999999998,95.14,94.81120000000016,91.7311499999998,32.252531582940264,0.89382,30.076800961084633
CPAY,"Corpay, Inc.",354.435,USD,0.5204197390811058,191829,0.3699042925743587,23166550952.178738,USD,Commercial services,Strong buy,332.77170419242856,326.91351279323965,322.2658380650343,3.2886492787410826,11.847959859888295,17.498756837394343,350.40100000000047,332.30325000000016,316.30190000000044,309.7277249999993,21.187241088667978,6.569865,17.324402987691553
KUASF,KUAISHOU TECHNOLOGY,5.3,USD,-14.516129032258071,250,0.04749691270067446,23129172751.11749,USD,Commercial services,Strong buy,6.353449937953927,6.875692134807087,7.407935189630161,-9.940526762956669,-8.253704473064671,-51.81818181818182,6.2268199999999965,6.851044999999995,8.489337999999998,7.631056499999999,9.508075887871707,0.13281267156,15.296017861302852
KEY,KeyCorp,21.325,USD,-0.8139534883720964,8557762,0.8678671339798377,23121113223.1,USD,Finance,Buy,21.29797025673908,21.142643082125467,20.852171335979556,-1.546629732225304,-3.41938405797101,3.3688802714493473,21.52900000000002,21.476750000000013,21.118699999999976,19.938124999999992,13.061987014577973,0.426551,nan
ATI,ATI Inc.,169.08,USD,-0.4474799811587322,404496,0.275574785196017,23074419547.601746,USD,Non-energy minerals,Strong buy,158.73297650103478,153.9393953024431,145.61096607097198,2.47272727272728,10.944881889763783,46.592682503901514,166.07600000000002,159.7025,155.09620000000007,118.60450000000004,55.75781559161061,1.015861,9.706595275134763
TELNF,Telenor ASA,16.832,USD,-2.423188405797097,200,0.08722958827634333,23032066328.748344,USD,Communications,Buy,17.062161483865324,16.982871160755828,16.73934595771718,-2.423188405797097,-3.4308663224325815,10.955833882663155,16.9964,17.52935,16.02110400000001,14.092479500000003,13.206234299916012,0.23014101348000002,81.25225905198887
CRS,Carpenter Technology Corporation,463.41,USD,0.5424052418042568,261701,0.5008980529935483,23024809512.29876,USD,Non-energy minerals,Strong buy,428.32166491379814,414.612811902661,394.29727163582425,4.291758563262378,8.807231744540983,46.37543826400078,450.08999999999986,433.6519999999999,420.1579,335.69772500000016,48.77537917460452,3.047837,34.63277076336635
HLAGF,Hapag-Lloyd Aktien,131.0,USD,-2.2388059701492535,35,0.7070707070707071,23024597896.17407,USD,Transportation,Neutral,136.8760888893571,139.27288247800138,141.04213357018838,-2.9629629629629632,-4.3446513326031315,-11.285800581315028,133.64399999999992,137.6178100000001,147.06352399999977,148.48392749999985,80.43671353832266,0.6513820636200001,-89.55509290597855
SZKMF,Suzuki Motor Co.,11.75,USD,3.079217475217132,4,0.0002218746186529992,23019278411.866936,USD,Consumer durables,Strong buy,11.73199567489468,12.073056794300522,12.545832208412136,0,3.5242290748898712,-21.509686038744157,11.3118,11.508000000000003,11.788,13.754382500000006,8.194933365095585,0.396589955292,-0.25628895570742316
HLMAF,Halma PLC,60.87,USD,-3.3809523809523854,2297,0.07280161006608243,22990702213.776962,USD,Electronic technology,Buy,59.61526487005508,57.79625999798512,55.46685795552338,-3.503487634749526,0.4621224624525401,26.07705053852526,61.762000000000015,61.605525,57.56726,50.27489300000002,49.500918194458926,0.755434426,21.542269685951993
UNPRF,Uniper SE,55.2,USD,4.644549763033181,100,0.8467400508044031,22989438494.639748,USD,Utilities,Neutral,48.0907062973414,47.16571099472532,49.458116356048826,0,21.854304635761604,31.428571428571434,49.56200000000001,44.42864999999999,63.51469999999992,83.60744429999983,12.072495928553481,nan,nan
AKRBF,Aker BP Asa,36.35,USD,3.4198247410947937,6261,1.6232402582250913,22974008001.571747,USD,Energy minerals,Buy,36.60825798767437,35.46437623627966,33.704864547324384,-3.002001334222815,-3.7341101694915166,43.045471538476676,37.159400000000005,37.46567499999999,36.61681399999995,28.943455999999987,40.81045932854133,0.970805,-66.34150267965958
CJPRF,Central Japan Railway Co.,24.05,USD,-17.777777777777775,50,0.018913602663035257,22971892401.121117,USD,Transportation,Buy,26.4234259790201,25.749392532647846,24.99912049258303,0,-17.777777777777775,-13.716091859176052,27.456299999999935,24.371125000000035,23.842375999999966,24.777768960000017,6.689559091484606,0.9068696843520001,15.765422933407935
CMS/PC,"CMS Energy Corporation Depositary Shares, each representing a 1/1,000th interest in a share of 4.200% Cumulative Redeemable Perpetual Preferred Stock, Series C",17.08,USD,0.3230543318649029,4280,0.23296700904107948,22928012064.0,USD,Utilities,,17.086019398001614,17.17483144322767,17.319883823557948,0.7075471698113057,-1.1574074074074239,-2.176403207331057,16.945,17.09925,17.040538000000033,17.92094794999998,4.726980876207344,0.783082,6.908692822060485
IREN,IREN Limited,64.17,USD,-5.409787735849059,32493294,0.6807136426393308,22899543570.10215,USD,Technology services,Strong buy,53.65375049900811,50.64287862299877,47.99880292557628,7.523458445040218,39.895356442119045,64.49628300435788,61.336,55.5115,47.34320000000005,45.45807500000001,220.9710743801653,-0.247436,nan
WST,"West Pharmaceutical Services, Inc.",322.29,USD,3.0635413002462477,409419,0.6912093694872745,22769011363.795727,USD,Health technology,Strong buy,301.25188558082806,289.8882944135173,279.93738605062595,1.1581920903954794,6.750356066377395,17.089918256130797,316.74399999999986,310.3154999999998,282.37960000000027,265.76669999999996,43.08401844796471,2.083843,17.468318650774957
ICHGF,InterContinental Hotels Group Plc,153.0,USD,6.7217248462823616,106,0.559957739038563,22750643403.798916,USD,Consumer services,Buy,143.50335614707504,140.69978665190854,137.1953962091509,0,5.517241379310345,9.266202463845739,145.86270000000002,139.7358200000001,132.49407600000006,100.49447858999999,31.44783359368577,2.622,26.276993355481725
FCNCO,"First Citizens BancShares, Inc. - 5.625% Non-Cumulative Perpetual Preferred Stock, Series C",21.38,USD,0.3284842796809023,16769,1.2502236669450077,22698647601.0,USD,Finance,,21.49754227507672,21.612114700939667,21.753017598937504,0.4227336777829961,-1.701149425287361,0.6591337099811704,21.253979999999984,21.40773,21.498882000000034,22.163168500000094,0.12296041284332437,40.417579,-0.41648458829477975
FCNCP,"First Citizens BancShares, Inc. - Depositary Shares Each Representing a 1/40th Interest in a Share of 5.375% Non-Cumulative Perpetual Preferred Stock, Series A",20.645,USD,0.31584062196307716,3322,0.35575831566321836,22698647601.0,USD,Finance,,20.921750137996053,21.031669721652968,21.130275349915173,0.7564665690580827,-4.243970315398883,1.5994094488188941,20.527000000000037,20.873155000000033,21.153263999999982,21.504215499999983,0.11873328920254593,40.417579,-0.41648458829477975
FCNCA,"First Citizens BancShares, Inc.",1992.55,USD,-0.02659200834888578,22237,0.39817644962764404,22692611574.73486,USD,Finance,Buy,1964.594515032267,1961.2462662674213,1960.6674734354458,-0.06419805098729445,0.9522458461156448,-6.734599308191698,1992.716,1962.1015000000007,1945.628,1945.3952500000012,11.459530898548456,40.417579,-0.41648458829477975
VRSK,"Verisk Analytics, Inc.",173.125,USD,0.9475218658892128,569725,0.3148654806351305,22683157882.19752,USD,Technology services,Buy,175.08098429816732,180.51070319554495,189.6939270990293,1.8202670117038164,-2.8969656178136702,-21.99468324772461,171.78499999999963,171.4897499999995,178.26410000000024,214.62259999999986,26.367693198087057,1.935066,-3.8513355201499517
CMS,CMS Energy Corporation,73.4,USD,-1.104823497709503,1022807,0.4812908633286353,22674697999.159256,USD,Utilities,Buy,74.49357127442755,74.78341448556684,74.63719978154711,-1.648130778507289,-4.903802552309382,4.992132742096995,73.99799999999986,73.82999999999994,75.76079999999996,73.59559999999996,20.31384053358426,0.783082,6.908692822060485
HPQ,HP Inc.,24.785,USD,-2.7657905060808097,22401213,1.0079026537539726,22667125782.302666,USD,Technology services,Buy,22.257606086458328,21.605388439814035,21.55667247763806,-1.6468253968253934,25.240020212228405,9.960070984915712,24.369000000000003,21.95574999999997,20.345100000000045,23.086125000000028,9.147106583997639,0.652124,4.43228243274494
ULTA,"Ulta Beauty, Inc.",519.62,USD,2.4184488026017505,358570,0.5477616808188699,22634862262.355534,USD,Retail trade,Strong buy,528.4957332068984,543.0791356510122,555.1916135730705,0.31080481071794247,-3.9519408502772633,-14.271101432059657,512.42,511.0852499999999,525.8534999999997,567.3491500000001,20.26591159940874,6.883013,1.0463219124636425
FCNCB,"First Citizens BancShares, Inc.",1589.0,USD,-0.6875,109,1.9746376811594202,22542594398.743126,USD,Finance,Buy,1618.1306189915192,1628.895817446073,1640.6000585771073,-2.5153374233128836,-2.5153374233128836,-11.47632311977716,1607.1367999999977,1614.1233500000014,1631.0546079999986,1656.2586049999993,9.138638728159142,40.143234,-0.41648458829477975
IPOAF,Industrias Penoles S.A. de C.V.,56.7,USD,5.380540841929195,130,0.24087455994070778,22536873705.435425,USD,Non-energy minerals,Strong buy,54.398757482705335,53.83673064270317,52.523420508338056,11.045828437132785,2.9038112522686053,4.825291181364391,54.901449999999976,55.29689250000003,52.551305,45.52468025000002,11.92059336504099,1.57755,538.0747583909967
FWONA,Liberty Media Corporation - Series A Liberty Formula One,83.04,USD,0.1084990958408721,26657,0.18609700333350787,22472301421.014103,USD,Technology services,Strong buy,82.13663749751873,81.86361929296255,82.2425704726014,1.3548150860490655,3.7351655215490434,-7.103702875041945,82.914,82.74999999999993,80.81699999999995,85.50977499999993,26.67009249743063,0.297018,nan
CHWRF,China Tower Corporation Limited,1.285,USD,-8.214285714285714,250,0.38610038610038633,22462888709.311,USD,Communications,Strong buy,1.3448460320873288,1.3503712940086918,1.3562926791525358,0,-11.379310344827589,-5.424302642231552,1.3407200000000004,1.3562154499999997,1.3986461799999999,1.2054710949999994,13.86240827292991,nan,8.26064081904827
NI,NiSource Inc,46.8222,USD,-1.3646513587528895,1296811,0.3771177433149264,22448400536.66958,USD,Utilities,Strong buy,47.12223860547884,46.82051959241025,46.15336229214969,-2.453749999999995,-3.5389369592088937,12.12212643678162,47.53043999999996,47.37561000000003,47.23184399999995,44.20516100000011,23.29810419465592,0.235255,8.281249999999996
FWONK,Liberty Media Corporation - Series C Liberty Formula One,90.2,USD,-0.14391674969555568,439096,0.2668278708169443,22415639249.31474,USD,Technology services,Strong buy,89.3459519584605,89.1216800162108,89.65400841489623,1.8518518518518525,3.5948087745492248,-7.940395999183508,89.9400000000002,90.15899999999985,87.99899999999992,93.65072500000001,28.969681397738952,0.30184,nan
PFG,Principal Financial Group Inc,103.77,USD,-0.7650377737400758,353619,0.36058084250040817,22415605659.392467,USD,Finance,Buy,99.76079101836046,97.49768851515881,94.93932657198175,-0.19236318168702782,3.0588936339259094,17.506511153889697,104.16399999999999,101.71650000000004,96.1514,88.63929999999995,14.835306227483274,2.320396,49.93890806199224
CAOVF,China Overseas Land & Investment Ltd.,2.045,USD,-2.6190476190476266,525,0.2042483660130719,22382287684.31651,USD,Finance,Strong buy,1.7945993441024288,1.7460277859760047,1.721488731222879,0,29.841269841269842,39.115646258503396,1.9039999999999992,1.6983749999999997,1.7159500000000005,2.0722030000000022,12.702962278624947,0.0707904,-19.213648145139434
PHM,"PulteGroup, Inc.",117.475,USD,-1.364399664147775,876632,0.49699199291559976,22377384695.167088,USD,Consumer durables,Buy,118.28253308528085,119.9665915143922,121.45351785125146,0.20044353462981868,-8.750194189839998,-0.8231321232587662,117.42900000000002,116.11725000000001,119.00290000000001,125.36582499999994,11.355727404543256,2.385394,-27.02094488300071
TRUMF,Terumo Corp.,15.124,USD,2.327469553450617,401,0.03039145098336428,22346031237.30188,USD,Health technology,Strong buy,13.24354864752408,13.30780296517022,13.698504514699442,2.327469553450617,19.84152139461174,13.680096211665667,13.28782,12.898679999999999,13.354365999999997,15.861163000000003,26.067944218555414,0.16242341108799999,10.227278982671269
CLNXF,Cellnex Telecom SA,33.12,USD,-3.0374002781234033,2015,0.09366081305952459,22317562904.85,USD,Industrial services,Strong buy,33.38083711952994,33.31433944125811,33.27087242765194,-3.0374002781234033,0.2345464174926249,1.2611786287548552,33.60229120000001,33.249872800000006,33.266139120000005,34.18064828,nan,-0.011627400000000001,-911.1052053044277
EXE,Expand Energy Corporation,93.28,USD,0.6908462867012095,1246977,0.5022943229946607,22315267103.834194,USD,Energy minerals,Strong buy,97.85915250441943,99.87798377306856,101.93618060484557,-3.5367114788004153,-4.190632703368938,-15.18457901436625,95.2,97.47249999999988,100.34259999999973,104.71422499999983,6.951182252427474,1.17142,nan
NNGPF,NN Group NV,88.566,USD,1.2055627292569013,753,1.3285109386026819,22306161373.597645,USD,Finance,Buy,85.69156389644263,83.83488817529378,81.30193384769326,0,2.4133026515107754,15.132921676958084,87.2894,81.91024999999999,79.62810800000008,59.4547315,18.08142273510853,3.7323954,-15.193361973678785
RL,Ralph Lauren Corporation,373.71,USD,-0.6698030460091005,231894,0.24846593228565642,22248851958.20405,USD,Consumer non-durables,Strong buy,362.3390435891287,360.0204950537686,355.8247255233845,-2.932467532467538,0.7006009000026854,5.270422535211262,376.8799999999998,352.6115000000003,356.8131999999998,342.97285000000016,24.731972681067344,4.243429,30.138661613986734
EMBVF,Arca Continental SAB de CV,13.1,USD,2.184087363494535,12442,5.437937062937063,22246314825.559284,USD,Consumer non-durables,Strong buy,12.410508707531012,12.132556801207535,11.814582048482823,0.7692307692307665,12.25364181662382,19.525547445255462,12.746996600000003,12.22159914999999,11.848318119999988,10.820140265000015,20.699515783148193,0.19075240758000003,10.190058617952005
LEN.B,Lennar Corporation,87.82,USD,-0.5998868138087167,42897,0.599559733044481,22188332690.47425,USD,Consumer durables,Buy,87.32320796142987,89.66038756871038,93.56523938986035,0.3313149777219148,-3.5792709705753243,-7.839227620946598,87.50800000000011,85.10700000000007,86.63279999999999,106.36375000000002,12.620717406300297,1.253628,-49.33080900021845
LYB,LyondellBasell Industries NV,68.69,USD,1.5073149105955312,1693422,0.37987745241706394,22172086627.93247,USD,Process industries,Buy,70.84591147982567,69.24933947740952,66.15843619208856,-1.4349261013057828,-5.176697956929873,57.61817347407068,69.03399999999996,72.68450000000003,73.79580000000003,56.560250000000195,nan,3.191123,-177.06509973712693
FUWAF,"Furukawa Electric Co., Ltd.",314.99,USD,0,175,0.325157933853586,22170374761.88623,USD,Producer manufacturing,Strong buy,206.4167652282071,161.82313126250386,121.57584380068204,0,75.84435884553119,82.80424815739075,269.742,105.19001499999999,54.394306,17.410232499999992,48.54145041648146,1.25526562698,105.60044029259281
TROW,"T. Rowe Price Group, Inc.",103.46,USD,-0.9952153110047907,587868,0.3775678936653389,22168024176.504116,USD,Finance,Buy,100.79901580278474,99.48013320922723,99.08318503080135,-0.5861439415777837,1.6905838411637497,0.9661364301746803,103.424,103.33050000000014,97.26679999999988,101.07070000000007,11.088960342979634,2.291821,5.875944713011499
DLTR,"Dollar Tree, Inc.",113.52,USD,18.410347345363505,8169117,1.9062594863869846,22105228362.387398,USD,Retail trade,Buy,102.03610014374442,104.47615940049229,107.09088038411473,20.663265306122447,14.447020869039216,-7.481662591687047,98.75600000000001,94.07750000000001,100.27159999999998,109.43742500000006,18.17686900549213,0.996881,nan
SGSOF,SGS SA,111.17,USD,0.11923888844860125,2,0.02980625931445604,22103852517.017826,USD,Commercial services,Buy,111.64591017985086,112.32720621133407,112.54727893166134,0.11923888844860125,8.173591515033577,-1.1294912842404803,111.45151999999999,109.18695500000001,112.33157199999994,103.5754835,25.46364855845995,2.2137525464,28.31444971197185
LEN,Lennar Corporation,89.83,USD,-1.2423043095866266,1073075,0.4275992050478204,22044930709.675686,USD,Consumer durables,Buy,89.86480694404422,92.93085516027628,97.73971205330189,-0.14450867052022617,-4.426002766251726,-12.794874284050099,89.55399999999999,87.16700000000006,89.21320000000001,112.46774999999988,12.909576914233156,1.252856,-49.33080900021845
WRTBF,Wartsila Corp.,37.33,USD,-6.779872643276322,643,0.2708508845829823,22025572735.40721,USD,Producer manufacturing,Buy,41.0391453929628,40.20516292673867,38.15704820600068,-6.779872643276322,-21.887424147311155,0.18786902844873937,41.598,41.3798175,35.388874,18.299636195000012,29.33538762669247,0.33370405452,28.383384888988644
