Symbol,Description,Price,Price - Currency,Price Change % 1 day,Volume 1 day,Relative Volume 1 day,Market capitalization,Market capitalization - Currency,Sector,Analyst Rating,Exponential Moving Average (8) 1 week,Exponential Moving Average (13) 1 week,Exponential Moving Average (21) 1 week,Change from Open % 1 week,Performance % 1 month,Performance % YTD,SMA 5,SMA 20,SMA 50,SMA 200,PE Ratio TTM,EPS Forecast Next Qtr,EPS Growth YoY TTM
NVDA,NVIDIA Corporation,219.44,USD,-0.13652498407209035,35175815,0.37148459768716025,5310448132753.511,USD,Electronic technology,Strong buy,213.58317018647114,210.10850675572982,205.63267228081438,-2.894061421364719,6.59153834944382,15.595122079700788,222.92999999999984,212.4729999999999,207.1553999999998,195.18590000000006,33.605929737511104,2.085004,110.33338701884364
AAPL,Apple Inc.,318.74,USD,2.8094055413992316,16608169,0.43854947666539956,4651748815277.612,USD,Electronic technology,Buy,312.7958808678995,308.1233421963433,300.17486267607023,4.091963031906218,-4.427219981709416,17.07406659198179,309.1100000000003,316.1354999999999,309.47579999999994,281.1051999999998,36.53892448958536,1.984827,32.60922440789274
GOOGL,Alphabet Inc.,344.57,USD,0.10749564206856611,6395578,0.32567906643547384,4197934986608.0244,USD,Technology services,Strong buy,348.73706498669037,349.61250716399957,345.7601361308941,-0.48950947973372794,-1.798335613315094,8.731461028715689,345.00599999999986,345.98649999999986,352.4691999999996,332.42165000000017,17.31046505202132,3.018029,112.01789423230548
GOOG,Alphabet Inc.,341.61,USD,0.09669479606189667,4572031,0.34089491077471684,4197482060989.962,USD,Technology services,Strong buy,346.9675501117868,347.84247195238476,344.09526200140925,-0.7120851014357928,-2.444526944055745,7.5632104285399535,342.3640000000001,344.68800000000005,350.86859999999984,331.49370000000005,17.161760938041628,3.016617,112.01789423230548
MSFT,Microsoft Corporation,484.41,USD,0.5772065693582272,5590245,0.22696432454607532,3597008488600.5146,USD,Technology services,Strong buy,452.26516251069125,438.0410618047985,430.48908678269004,-1.1690537397478193,23.76025139878899,0.005161183769116324,487.7339999999998,463.04149999999953,416.5742000000002,431.6655500000005,26.99354709284831,4.709334,31.54908515130189
AMZN,"Amazon.com, Inc.",263.36,USD,1.507034110618626,12297777,0.40052404789761537,2840683908028.0117,USD,Retail trade,Strong buy,258.06043963055674,254.3631484922954,249.6856628443781,-0.7836045810729294,5.869110789516009,13.841099680124495,262.3800000000002,258.6059999999998,248.94820000000018,238.21100000000015,21.183018837572188,1.961366,89.7295812477109
AVGO,Broadcom Inc.,361.525,USD,-4.861842105263164,14154699,0.836175178378478,1719984137744.616,USD,Electronic technology,Strong buy,387.2512488085393,387.4048263736949,383.1444310614588,-8.995368272667777,-4.550374907593203,2.4803344908227625,388.95300000000003,398.1124999999996,389.1190999999994,369.19160000000016,60.18395205593474,3.214218,125.81008946695735
META,"Meta Platforms, Inc.",547.47,USD,0.6989534092372337,6695165,0.4877917690624672,1394683139322.7795,USD,Technology services,Strong buy,584.6847785682695,592.2615881298769,601.8308313877075,-7.169139465875367,-15.344054430184013,-17.391074729337205,568.9860000000001,581.8345000000006,594.2168000000004,625.0870000000004,20.622125457195917,6.753142,-3.857269092594742
TSLA,"Tesla, Inc.",346.845,USD,2.9610829103214957,15205588,0.5279568431119614,1369880820039.9824,USD,Consumer durables,Buy,351.1701985382253,362.32556839467003,373.5790044244583,1.806627726085306,-10.1542566281133,-24.236566186107467,341.0489999999995,324.1647500000002,367.1776999999997,404.38370000000026,322.25680572331134,0.455503,-37.67083622886263
LLY,Eli Lilly and Company,1272.62,USD,3.825475430967658,1905948,0.8079048311314148,1197989797089.7314,USD,Health technology,Strong buy,1190.1030073640914,1160.712931507476,1121.7652200578377,8.289652825051041,7.881151188911947,18.229282794500165,1214.1339999999996,1191.819,1175.0532,1049.2423499999995,43.243592226741555,9.846342,95.1428306190653
MU,"Micron Technology, Inc.",935.225,USD,-0.588354096687781,14185499,0.4543059038458308,1056236641494.5481,USD,Electronic technology,Strong buy,917.2553705605185,883.8119807463272,807.6408401869917,-6.435395928167669,5.607123095859161,216.89114781872087,961.8450000000003,894.6507500000001,962.2866999999999,563.6757750000002,21.17230106786863,31.147249,697.287150515315
BRK.A,Berkshire Hathaway Inc.,757365.03,USD,0.4996058917197489,22,0.15558698727015557,972612440881.9177,USD,Finance,Buy,754412.3809609313,748815.7990127935,743768.4652332135,0.2362635733003359,2.9028573369565254,0.9820040000000038,755187.0079999997,764266.0845000001,749776.4512000008,737946.0027000003,12.695259474488543,8401.393928,36.30277029708534
BRK.B,Berkshire Hathaway Inc. New,504.24,USD,0.2544933990774673,1005810,0.245161526519703,970240297651.6615,USD,Finance,Buy,503.10419972731916,499.37244015905804,495.94631661729915,-0.04162949747249074,2.803319129849742,0.654742893644209,503.27799999999996,509.67599999999914,500.06100000000004,491.94854999999995,12.678425505701318,5.60373,36.302726637147536
JPM/PC,"J P Morgan Chase & Co Depositary Shares, each representing a 1/400th interest in a share of 6.00% Non-Cumulative Preferred Stock, Series EE",24.88,USD,0.5658852061438988,106104,0.4988945740560151,965586165955.0,USD,Finance,,25.07093194198914,25.114745081346427,25.146190556984703,-0.44017607042816903,-1.7377567140600367,-1.1128775834658233,24.903999999999975,25.006999999999994,25.167800000000003,25.189936999999944,1.065844150280598,5.837578,19.772185022704537
JPM/PJ,"J P Morgan Chase & Co Depositary Shares, each representing a 1/400th interest in a share of JPMorgan Chase & Co. 4.75% Non-Cumulative Preferred Stock, Series GG",18.6841,USD,1.5440217391304472,33472,0.38597518928605196,965586165955.0,USD,Finance,,19.01401365851854,19.148728834177426,19.336308415813523,-0.13842864778193495,-3.2914078674948213,-7.914736323311969,18.64781999999995,18.938955000000032,19.12578200000005,19.846057000000073,0.8004155421325452,5.837578,19.772185022704537
JPM/PK,"J P Morgan Chase & Co Depositary Shares, each representing a 1/400th interest in a share of 4.55% Non-Cumulative Preferred Stock, Series JJ",17.77,USD,1.4269406392694064,62091,0.39681733211906245,965586165955.0,USD,Finance,,18.086307669927567,18.238305542123427,18.442143289145267,-0.056242969628805185,-3.4763715372080424,-8.731381612737543,17.719999999999988,17.98149999999997,18.214599999999965,18.985199999999978,0.761256051064559,5.837578,19.772185022704537
JPM/PM,"J P Morgan Chase & Co Depositary Shares, each representing a 1/400th interest in a share of 4.20% Non-Cumulative Preferred Stock, Series MM",16.5993,USD,2.2754158964879796,104900,0.4715458703100516,965586165955.0,USD,Finance,,16.915082898949294,17.06963377621552,17.28178761685195,-0.4838129496402891,-3.5485183033120355,-9.49127589967285,16.545860000000033,16.810464999999986,17.027586000000028,17.848622499999983,0.7111039712119265,5.837578,19.772185022704537
JPM/PL,"J P Morgan Chase & Co Depositary Shares, each representing a 1/400th interest in a share of 4.625% Non-Cumulative Preferred Stock, Series LL",18.15,USD,1.3966480446927376,75537,0.41586722550929794,965586165955.0,USD,Finance,,18.4290283988891,18.572860190538403,18.770310074343396,0.35891772501381164,-3.148345784418356,-7.868020304568531,18.09000000000005,18.318500000000004,18.533399999999954,19.296489499999996,0.7775350212055006,5.837578,19.772185022704537
JPM/PD,"J P Morgan Chase & Co Depositary Shares, each representing a 1/400th interest in a share of 5.75% Non-Cumulative Preferred Stock, Series DD",23.38,USD,0.8193186718413011,67097,0.41366703555167833,965586165955.0,USD,Finance,,23.774279422485783,23.907009529698122,24.077339109988,-0.6796941376380635,-2.947281029472814,-6.3301282051282115,23.471999999999998,23.733999999999938,23.90240000000002,24.552938500000003,1.0015850576189864,5.837578,19.772185022704537
JPM,JP Morgan Chase & Co.,359.49,USD,-1.0350997935306239,1906724,0.40459967618428366,955591385544.8395,USD,Finance,Buy,349.38530703574935,340.93089704036703,331.79128876105176,-0.6769077747692956,5.1755412521942645,11.469767441860467,361.92999999999984,357.19250000000017,342.3601999999999,315.66880000000043,15.400334147281841,5.837578,19.772185022704537
WMT,Walmart Inc.,116.39,USD,1.0329861111111092,6668233,0.3789218095289017,926240802093.9884,USD,Retail trade,Strong buy,114.55798655679499,115.75074236000212,116.96036165056107,1.8018018018018038,2.132327132327138,4.4559120484630945,115.38199999999998,112.82950000000005,114.27740000000016,118.5104,41.00116250396309,0.740685,21.780351780351772
AMD,"Advanced Micro Devices, Inc.",466.4,USD,-3.7139495034992485,8772525,0.431937852176059,761386351638.095,USD,Electronic technology,Strong buy,491.7869897815763,477.6159901805503,442.19674153852145,-9.288937295783413,-9.786361570227957,113.06532663316581,490.8380000000003,487.06100000000004,509.93760000000015,327.7284,119.69716412164763,1.933551,124.2848097622748
V,Visa Inc.,369.74,USD,1.5072065888812654,1061047,0.1622247913726409,690322090331.1556,USD,Finance,Strong buy,358.414682209326,351.24086943983264,344.0528917036509,1.901664645573816,3.5396247549705926,5.6792522937090935,364.4860000000001,364.01750000000027,351.0588000000004,331.60419999999993,31.73107455180522,3.436166,15.026505167767343
XOM,ExxonMobil Holdings Corporation,167.71,USD,1.2986228557622648,3443723,0.2601734293602617,689608769693.7859,USD,Energy minerals,Buy,155.33321333064467,152.61232563138492,149.83761046626458,4.753279200499697,14.47781569965871,39.65359313847947,162.68799999999987,157.6055,148.38920000000024,142.05999999999983,21.58207649148093,3.453293,10.170981370686484
ASMLF,ASML Holding N.V.,1784.28,USD,0.05742305086874163,111,0.23207192138825006,681567864537.042,USD,Electronic technology,Strong buy,1757.9741689597668,1724.44899515807,1654.8191904457512,-4.266038555845884,0.07717745879755591,58.602666666666664,1826.8228000000013,1728.4979399999988,1779.0796280000002,1438.7149370000002,56.71729937098344,11.92156374954,11.202880168603903
JNJ,Johnson & Johnson,273.9142,USD,1.0343403046733726,2415669,0.41382209221281224,660105366922.2985,USD,Health technology,Strong buy,259.368074156658,254.0209222963857,247.19965520023646,5.811488391856912,8.691797944526012,32.44086645392129,265.9648400000003,261.4247099999998,253.59568400000003,231.00299600000017,31.74786156378219,2.904391,-7.724064171122985
TCTZF,Tencent Holding Ltd.,57.32,USD,4.044144340376101,999,0.04557585711352905,517048335679.1141,USD,Technology services,Strong buy,58.04183330073381,58.46761273711778,59.991798110862845,-1.4273430782459129,-5.8784893267651865,-28.170426065162903,56.29539999999996,58.554500000000075,58.02615000000002,67.44174842500003,15.820515882983047,1.08485188542,18.343141943259326
MA,Mastercard Incorporated,581.2,USD,1.1997005101774478,778368,0.2961245728292117,509136972829.64404,USD,Finance,Strong buy,554.402135707867,542.3863940189672,534.0184473921483,2.8978840846366136,7.629629629629638,1.8380613621629214,570.8199999999999,564.4035,534.4303999999992,528.1647499999999,31.974649142593073,5.154606,22.61557038106353
INTC,Intel Corporation,93.36,USD,-3.4390029477168156,53949063,0.512362593386115,490562569253.2749,USD,Electronic technology,Buy,100.49533707937029,100.3160418090942,94.86659698089753,-9.83157894736842,-4.324656691945069,147.1803018268467,100.119,96.2442500000001,108.84770000000005,70.99717500000003,nan,0.385022,55.48626858150668
ABBV,AbbVie Inc.,263.52,USD,1.7766105360729052,1213421,0.2943121986681136,465670777567.57855,USD,Health technology,Strong buy,250.57182919230922,244.73903727313584,238.07931502995035,5.623471882640576,4.116949822204657,15.205036285739254,254.61000000000027,252.6459999999998,246.40980000000008,226.06789999999978,74.5080298574983,3.862261,68.31485271022699
BAC/PS,"Bank of America Corporation Depositary shares, each representing 1/1,000th interest in a share of 4.750% Non-Cumulative Preferred Stock, Series SS",18.1,USD,0.7795100222717181,25768,0.5231178375305785,449144261887.0,USD,Finance,,18.513327945712728,18.678527123450813,18.87087549081787,-0.7936507936507914,-4.384574749075533,-8.215010141987817,18.12400000000003,18.458000000000027,18.766500000000025,19.34936849999999,4.165515971646875,1.191482,27.24983161039038
BAC/PP,"Bank of America Corporation Depositary Shares, each representing a 1/1,000th interest in a share of 4.125% Non-Cumulative Preferred Stock, Series PP",15.9,USD,0.6966434452185004,16229,0.2819208627344708,449144261887.0,USD,Finance,,16.21874254631835,16.34939109950503,16.495653677243496,-0.99626400996263,-2.9896278218425882,-7.879490150637317,15.93999999999998,16.116499999999988,16.420226000000003,16.840645,3.6592101629384146,1.191482,27.24983161039038
BAC/PM,"Bank of America Corporation Depositary Shares, each representing a 1/1,000th interest in a share of 5.375% Non-Cumulative Preferred Stock, Series KK",20.675,USD,0.755360623781682,21769,0.23887223424380355,449144261887.0,USD,Finance,,20.995287716441307,21.170071989698766,21.393498978462173,-0.791746641074852,-2.888680131517137,-6.235827664399093,20.70500000000004,20.878909999999955,21.152077999999978,21.95612450000007,4.758123906839731,1.191482,27.24983161039038
BML/PG,"Bank of America Corporation Depositary Shares (Each representing a 1/1200th interest in a share of Floating Rate Non-Cumulative Preferred Stock , Series 1)",18.25,USD,-0.8152173913043401,2400,0.499074632452328,449144261887.0,USD,Finance,,18.631804350980154,18.763885384014117,18.92154717746775,-0.9766684753119897,-3.131634819532908,-1.404646137223131,18.425999999999963,18.64519500000003,18.79047800000006,19.229927000000128,4.200036822240633,1.191482,27.24983161039038
BAC/PE,Bank of America Corporation Depositary Sh repstg 1/1000th Perp Pfd Ser E,18.28,USD,0.6607929515418557,5494,0.24825018413168917,449144261887.0,USD,Finance,,18.467564251199207,18.62199875001691,18.852606635783186,0.10952902519167346,-2.765957446808508,-3.0238726790450943,18.220000000000024,18.395854999999887,18.585330000000067,19.37655349999995,4.206940992359385,1.191482,27.24983161039038
BAC/PL,Bank of America Corporation Non Cumulative Perpetual Conv Pfd Ser L,1291.94,USD,-0.19775975280030478,1041,0.08466856445709638,449144261887.0,USD,Finance,,1282.0970666267592,1269.9616952650044,1258.5761068712377,-0.857940941739812,0.6968043647700743,3.2890949792133117,1298.617999999998,1292.6182549999994,1271.2420519999976,1243.8225334999943,297.3257847740035,1.191482,27.24983161039038
BML/PL,Bank of America Corporation Depositary Shares (Each representing a 1/1200th Interest in a Share of Floating Rate Non-Cumulative Pref,19.05,USD,0.5807814149947171,4873,0.19593573082861554,449144261887.0,USD,Finance,,19.11432907907232,19.209074223010017,19.326813235808807,0.6339144215530955,-1.193458540152801,-1.4485256078634123,18.972979999999943,19.054791549999955,19.219476619999956,19.497821655,4.384148025407346,1.191482,27.24983161039038
BAC/PO,"Bank of America Corporation Depositary shares, each representing 1/1,000th interest in a share of 4.375% Non-Cumulative Preferred Stock, Series NN",16.68,USD,0.7246376811594264,28308,0.26442556935846817,449144261887.0,USD,Finance,,17.030506133131585,17.17269429248489,17.337423733723078,-0.7142857142857202,-3.0796048808832137,-8.200330214639527,16.720720000000036,16.936179999999958,17.251146000000034,17.744017109999948,3.8387185860259594,1.191482,27.24983161039038
BAC/PQ,"Bank of America Corporation Depositary shares, each representing 1/1,000th interest in a share of 4.250% Non-Cumulative Preferred Stock, Series QQ",16.1533,USD,0.9581250000000097,58917,0.3616443502162488,449144261887.0,USD,Finance,,16.502087825100695,16.652675809758545,16.82332161868516,-0.7782555282555257,-4.644037780401415,-8.53171007927519,16.160659999999996,16.436164999999956,16.75056600000001,17.238492855,3.7175043726410752,1.191482,27.24983161039038
BAC/PB,"Bank of America Corporation Depositary Shares, each representing a 1/1,000th interest in a share of 6.000% Non-Cumulative Preferred Stock, Series GG",24.58,USD,0.2855977152182649,42376,0.5088480432477608,449144261887.0,USD,Finance,,24.75849456209884,24.824953786956574,24.892396785953125,-0.7269789983845042,-1.719312275089977,-2.11071286340104,24.622000000000007,24.692359999999944,24.88916399999994,25.05908099999991,5.6568167172972466,1.191482,27.24983161039038
BML/PJ,Bank of America Corporation Depositary Shares (Each representing a 1/1200th interest in a Share of Floating Rate Non-Cumulative Pref,19.35,USD,0.4672897196261674,1440,0.07605205340544194,449144261887.0,USD,Finance,,19.5896857204803,19.705018770869888,19.83139393090598,0.4151530877010994,-2.763819095477373,-2.5188916876574305,19.34960000000003,19.541199999999918,19.789710000000046,20.05817199999996,4.4531897265948635,1.191482,27.24983161039038
BML/PH,Bank of America Corporation Depositary Shares (Each representing a 1/1200th interest in a Share of Floating Rate Non-Cumulative Pref,18.42,USD,0.5733005733005756,3713,0.1733936685392996,449144261887.0,USD,Finance,,18.615971286242566,18.753705813360728,18.913525558667228,0.7107709130672639,-2.0212765957446757,-0.6472491909384975,18.396999999999977,18.613929999999993,18.77359000000001,19.177083500000055,4.23916045291356,1.191482,27.24983161039038
BAC/PK,"Bank of America Corporation Depositary Shares, each representing a 1/1,000th interest in a share of 5.875% Non- Cumulative Preferred Stock, Series HH",23.665,USD,0.5737356566085763,31543,0.5985434424549713,449144261887.0,USD,Finance,,24.043349662767184,24.18609252008068,24.336551258111562,-0.961940610623172,-2.6532291238173573,-3.7616917446116336,23.759000000000004,23.937199999999955,24.21408400000006,24.664202134999933,5.44623952867532,1.191482,27.24983161039038
BAC/PN,"Bank of America Corporation Depositary shares, each representing 1/1,000th interest in a share of 5.000% Non-Cumulative Preferred Stock, Series LL",19.19,USD,0.7349081364829426,51374,0.5148417613693304,449144261887.0,USD,Finance,,19.52989396950547,19.70639466166743,19.929685578971892,-0.5699481865284944,-3.0808080808080778,-7.873259721555436,19.219999999999988,19.4149999999999,19.691999999999965,20.48049021999996,4.416367485961521,1.191482,27.24983161039038
BAC,Bank of America Corporation,63.49,USD,-1.15210960610307,7382734,0.3190751643744701,443969627700.5392,USD,Finance,Strong buy,61.63154162300878,59.8505142135524,57.862501873609986,-1.4130434782608752,3.4881825590872055,15.37343267308741,64.03799999999988,63.02450000000001,60.23619999999998,54.33085000000009,14.611525361318236,1.191482,27.24983161039038
CSCO,"Cisco Systems, Inc.",112.305,USD,0.6227040587761019,4040450,0.16776120390799382,442642839258.02655,USD,Electronic technology,Strong buy,114.51721942037496,112.6953293570867,108.00209444801932,1.2121485219899182,0.026720106880428533,46.52619218474788,112.39300000000007,116.46825000000001,116.64169999999993,92.56890000000004,33.72319980781935,1.32471,27.525465267672505
COST,Costco Wholesale Corporation,973.57,USD,1.2711291413116999,438993,0.3092855193310759,431757664602.56256,USD,Retail trade,Buy,957.266218237761,960.4618099777463,964.275720584236,1.9621191095843797,3.709187749667116,13.05594909074019,962.2740000000006,952.9122500000005,949.9679000000001,959.1616000000001,48.96790029071815,6.555626,12.777024612434968
PLTR,Palantir Technologies Inc.,172.97,USD,0.8336248105398198,13023619,0.34265335361561655,415663003252.22034,USD,Technology services,Strong buy,151.63819123314337,146.36960730952444,144.74230842833072,-0.6262208433873396,31.15711252653928,-4.594594594594601,174.02200000000002,151.78299999999996,137.05499999999995,151.76355000000004,147.8249722245962,0.412763,288.8667331339315
ORCL/PD,"Oracle Corporation Depositary Shares, each representing a 1/2,000th interest in a sh of 6.50% Series D Mandatory Convertible Preferred Stock",44.76,USD,-0.6878189483026453,298944,0.5389367292346999,411302427221.0,USD,Technology services,,45.338158919892805,46.3290296295142,47.236618651658915,-5.509816339455351,10.137795275590545,-8.839103869653774,46.546000000000035,43.892999999999994,45.619297999999986,nan,7.684384013185002,1.733546,34.18415535948765
ORCL,Oracle Corporation,142.38,USD,-0.28713495342810885,10620049,0.4445314816140388,410121434188.1503,USD,Technology services,Strong buy,144.8863070165695,150.4972352533965,157.89081883432235,-4.088918827888174,14.573106944556208,-27.897908543069832,147.71200000000007,138.0450000000002,147.76780000000014,174.227,24.443757725587144,1.733546,34.18415535948765
CVX,Chevron Corporation,207.35,USD,0.7825410712549749,2625067,0.3571259341784862,409676177600.7079,USD,Energy minerals,Strong buy,193.4560174760406,190.35639507573373,187.30578152362196,3.3005355586000746,11.304954640614097,36.26655275523281,202.69800000000004,194.76150000000013,185.0109999999996,178.0990500000001,19.879009836442773,4.493218,34.62660368104495
IDCBF,Industrial and Commercial Bank of China Ltd.,0.95,USD,8.286789011740566,20000,0.12080628530941209,396597056462.85913,USD,Finance,Strong buy,0.8976346893706305,0.8850247636269948,0.8689964467218277,1.0638297872340436,4.914411927112091,18.88374421223876,0.9225099999999993,0.8854795000000003,0.8452657200000008,0.7330175200000002,6.5047394627260475,0.036059100000000004,3.5194676118190076
AMAT,"Applied Materials, Inc.",495.22,USD,-3.715513386347289,2246477,0.2937322274819549,393184592887.76575,USD,Producer manufacturing,Strong buy,523.0481381658071,514.778599320536,486.9899024255649,-4.397683397683393,-9.238861499550971,85.4200988467875,517.3160000000003,519.322,560.8456,392.91839999999996,42.710525407941496,4.060688,38.24069437489568
LRCX,Lam Research Corporation,312.925,USD,-4.572761649182729,2961975,0.3971376564612562,391569654016.0711,USD,Producer manufacturing,Strong buy,319.7885357658919,316.3544693694403,302.3197955799149,-7.3830171367685775,-2.5611085162696456,75.94883328647738,330.81100000000004,308.20825,337.8833000000001,252.094225,54.28861400739058,2.177853,38.61340900346286
KO,Coca-Cola Company (The),89.66,USD,0.9457329430308529,4357651,0.3807876260779532,385766526604.2069,USD,Consumer non-durables,Strong buy,85.88102176953214,84.26988978988312,82.31934741532383,2.70332187857961,9.944819129368486,28.36077308518254,88.11799999999992,86.78599999999997,83.96459999999992,77.26422500000014,27.013346991654362,0.878798,17.602664493498224
GE,GE Aerospace,362.29,USD,-3.4125143298941465,996671,0.32605953293385453,375898514454.67554,USD,Electronic technology,Strong buy,359.1870171487229,351.4589942789006,341.01569329381607,-1.5168401881099258,2.4011079862632325,16.96206618240517,367.1660000000002,365.0825,359.0100000000003,319.3026499999997,42.702231232540875,1.986407,18.431815961025716
CAT,"Caterpillar, Inc.",811.725,USD,-3.4660530165186034,1226588,0.5396137373117382,373129578212.2987,USD,Producer manufacturing,Buy,861.6231865816608,866.0344324389654,846.4487362914132,-6.053609249678825,-8.794943820224717,40.53653976003739,849.0829999999994,848.14125,908.0110999999996,758.6005999999995,34.916207124975266,6.924799,18.21556423399235
MRK,"Merck & Company, Inc.",150.07,USD,11.023156025745363,16565341,1.9412120286997692,370248441627.85986,USD,Health technology,Strong buy,133.49793452724893,129.54863401518847,125.17520666598975,11.204149685068549,17.900773853949794,42.20600777030227,138.51999999999998,132.11949999999996,126.69580000000003,114.61925000000006,119.95044360962352,2.216142,-80.7110590339341
RHHVF,Roche Holding Ltd,456.0,USD,2.694376131665,994,0.42870697834900373,363596984850.8063,USD,Health technology,Buy,436.0163982080489,429.77769452928345,423.98798254283975,5.431088298536452,12.453760789149198,13.820732346554177,444.7363999999999,444.9809,423.7408299999996,414.9190595000003,24.05057960942219,11.876254999999999,28.074623940908317
RHHBF,Roche Holding Ltd,460.005,USD,4.546590909090908,1,0.01639344262295082,360890573008.02655,USD,Health technology,Buy,439.3772057816018,434.4526848498443,429.60660379247014,-2.282527881040893,10.844578313253011,8.236470588235292,449.4180000000004,441.3629450000002,426.9958579999997,411.8961704999998,24.261813318491786,11.876254999999999,28.074623940908317
UNH,UnitedHealth Group Incorporated,393.375,USD,-0.14088797502094455,1050046,0.29051555841865306,353091367016.2707,USD,Health services,Strong buy,405.9499259315417,400.4353520389996,387.7415513323289,-1.303409689640463,-7.928613224107665,18.882122727753522,396.7430000000003,409.7137499999998,414.80089999999933,347.51630000000034,25.29580091312456,4.094382,-32.64203819448956
HD,"Home Depot, Inc. (The)",346.34,USD,2.6222999199976194,1685870,0.48214927720507567,345341387614.7438,USD,Retail trade,Strong buy,341.27405658795504,339.4527013062157,340.02518716995314,3.474649696752411,1.8736947377709643,0.8473342456978039,340.45400000000063,341.966500000001,339.5208000000007,346.4897499999998,24.22771279870166,3.956945,-2.8924665443923687
MS/PF,Morgan Stanley Dep Shs Rpstg 1/1000th Int Prd Ser F Fxd to Flag,25.255,USD,0.17850059500197601,12582,0.23056455514344773,341676699916.0,USD,Finance,,25.24867678995263,25.25687058276258,25.266920400078863,-0.13839462238038808,0.3775834658187554,0.4174950298210753,25.23200000000004,25.228500000000146,25.255405999999983,25.2871085,2.0405772276267733,3.126112,40.22978086972287
MS/PO,"Morgan Stanley Depositary Shares, each representing 1/1,000th of a share of 4.250% Non-Cumulative Preferred Stock, Series O",16.25,USD,0.8064516129032195,27367,0.15806311319703106,341676699916.0,USD,Finance,,16.574707920707226,16.720300204298677,16.90817521899,-1.275820170109361,-3.1585220500596014,-8.036219581211101,16.318000000000005,16.484999999999964,16.720700000000008,17.391644500000005,1.3129827736660096,3.126112,40.22978086972287
MS/PE,Morgan Stanley DEPOSITARY SHARES REP 1/1000TH SHARES FIXED/FLTG PREFERRED STOCK SERIES E,25.5451,USD,0.1572240737110467,10588,0.2878934130922439,341676699916.0,USD,Finance,,25.46898890617512,25.456761907179015,25.455105954514053,0.09835423197492907,0.7696252465483236,0.9687747035573152,25.515159999999938,25.453419999999973,25.446267999999968,25.47930150000002,2.0640170000969587,3.126112,40.22978086972287
MS/PQ,"Morgan Stanley Depositary Shares, each representing 1/1,000th of a share of 6.625% Non-Cumulative Preferred Stock, Series Q",25.4016,USD,0.12455656286952071,7046,0.1258904435109962,341676699916.0,USD,Finance,,25.384362943934132,25.428958708858836,25.51900118708348,0.16403785488958586,-0.07238394964596107,-3.158215783454068,25.32197999999999,25.31649499999998,25.392198000000054,25.86164199999998,2.0524223522187386,3.126112,40.22978086972287
MS/PK,"Morgan Stanley Depositary Shares, each representing 1/1,000th of a share of Fixed-to-Floating Rate Non-Cumulative Preferred Stock, Series K",22.28,USD,0.5415162454873691,30687,0.3722027484323262,341676699916.0,USD,Finance,,22.968940570601298,23.20416041153825,23.46322135340614,-1.9797624285085758,-5.352591333899737,-9.246435845213847,22.458000000000006,22.848999999999972,23.256799999999945,24.107554500000052,1.8002003813709964,3.126112,40.22978086972287
MS/PA,Morgan Stanley Dep Shs repstg 1/1000 Pfd Ser A,19.08,USD,0.10703267644650802,30878,0.3493219570084429,341676699916.0,USD,Finance,,19.11467741601628,19.17872438626406,19.307790051913486,0.15748031496061723,-0.2613695765812897,-1.1910926980838967,19.079920000000087,19.072474999999976,19.104186000000016,19.582200999999948,1.5416437736336897,3.126112,40.22978086972287
MS/PP,"Morgan Stanley Depositary Shares, each representing 1/1,000th of a share of 6.500% Non-Cumulative Preferred Stock, Series P",25.1351,USD,0.099960175229,14177,0.2743615100430208,341676699916.0,USD,Finance,,25.11633765815626,25.15197720723053,25.212342019524808,0.5001999200319862,0.37979233226837933,-1.4696197569580565,25.052020000000006,25.048505,25.156937999999954,25.417630499999955,2.0308894347306166,3.126112,40.22978086972287
MS/PL,"Morgan Stanley Depositary Shares, each representing 1/1,000th of a share of 4.875% Non-Cumulative Preferred Stock, Series L",18.65,USD,0.9199134199134099,16808,0.5160925822438114,341676699916.0,USD,Finance,,19.15028100382058,19.36159835205899,19.62184458565214,-1.1134676564156991,-3.4184183406611046,-8.935546875000009,18.763000000000005,19.062250000000002,19.352003999999944,20.2559448500001,1.5069002294689893,3.126112,40.22978086972287
MS/PI,Morgan Stanley Depository Shares Representing 1/1000th Preferred Series 1 Fixed to Floating Non (Cum),24.375,USD,0.5569306930693134,13316,0.21720265941135403,341676699916.0,USD,Finance,,24.726141961628475,24.81993041634915,24.90624489138946,-0.8743391622610811,-2.1084337349397533,-2.6168597682780708,24.44699999999998,24.67774499999996,24.863335999999986,25.093199770000112,1.9694741604990142,3.126112,40.22978086972287
HBCYF,HSBC Holdings Plc,19.794,USD,-2.7799607072691503,4765,0.24219413143034316,340002618428.8165,USD,Finance,Buy,19.80920554540557,19.377198037668528,18.744906228508718,-1.2768079800498764,7.400976668475317,23.327102803738317,20.316199999999995,20.337269999999986,19.272004000000006,17.005126,14.341542464409532,0.447934,30.38262760129249
MS,Morgan Stanley,216.125,USD,-0.6550218340611406,1051684,0.3080106569735602,339438642929.65063,USD,Finance,Buy,214.6061178854818,211.18738651182466,204.77530203331773,-0.5681818181818244,0.28071640682998783,21.068257569391935,217.52500000000018,214.58475000000013,216.7697000000001,187.96222500000005,17.462670889757927,3.126112,40.22978086972287
PG,Procter & Gamble Company (The),145.2,USD,1.219937260369467,2518056,0.3215937535672422,337507679734.0342,USD,Consumer non-durables,Buy,146.23773729905827,146.71367144820178,147.2834052993587,1.0860484544695088,-2.915217972719988,1.4604150653343406,144.11600000000027,145.76450000000025,147.8314,147.69499999999985,21.933866070484445,1.878414,1.73974518573163
NFLX,"Netflix, Inc.",80.7,USD,3.7675196091037764,12442986,0.4543830359892115,336029938766.6903,USD,Technology services,Strong buy,76.5353152000914,77.97863202702608,81.03715043364413,3.7275064267352263,18.129254190148583,-14.267502390311265,78.17799999999997,74.26949999999992,74.60359999999974,88.73058,25.423728813559325,0.820417,35.26804738770987
CICHF,China Construction Bank Corp.,1.15,USD,0.4366812227074143,1498,0.034006810442678774,309468545132.3382,USD,Finance,Strong buy,1.1239966277195903,1.1078753817514975,1.0881891150939997,16.149883850116144,0.6987618430500233,14.28003577461989,1.1613999999999993,1.1463010000000002,1.0984151999999998,1.0463373599999992,6.067478187125733,0.0456258,2.8443148205674262
GS/PC,"Goldman Sachs Group, Inc. (The) Depositary Share repstg 1/1000th Preferred Series C",19.22,USD,0.5377356516644616,7769,0.38339682978345413,302955115961.0,USD,Finance,,19.23145532132158,19.321177826800152,19.467220835536175,0.26082420448616145,-0.9788768675940303,-3.7074148296593283,19.141459999999984,19.112699999999982,19.29253000000002,19.806849000000053,0.29663148862089506,16.417536,42.76881720430108
GS/PA,"Goldman Sachs Group, Inc. (The) Depositary Shares each representing 1/1000th Interest in a Share of Floating Rate Non-Cumulative Preferred Stock Series A",19.22,USD,0.9649984503290986,20320,0.29558685336739177,302955115961.0,USD,Finance,,19.205568894459578,19.26909032995309,19.387498018877952,0.4179728317659263,-0.9278350515463903,-0.9278350515463903,19.097260000000002,19.111714999999954,19.236706000000076,19.63963449999996,0.29663148862089506,16.417536,42.76881720430108
GS/PD,"Goldman Sachs Group, Inc. (The) Dep Shs repstg 1/1000 Pfd Ser D Fltg",18.82,USD,0.6411730418553977,21858,0.21215015315808475,302955115961.0,USD,Finance,,18.903594928148728,18.98124012949901,19.11574144128513,-0.15915119363395827,-1.1554621848739437,-3.487179487179486,18.778019999999895,18.832754999999928,18.94645799999992,19.427319825000062,0.29045809655802524,16.417536,42.76881720430108
RTX,RTX Corporation,224.15,USD,-0.5942613863142505,1453727,0.36643057199740503,302100003117.5314,USD,Electronic technology,Strong buy,212.23935388292284,205.82154687062422,200.0081252344651,0.5517674502063603,15.167240404870785,22.152588555858312,222.946,219.62199999999999,202.16960000000014,191.2305500000001,39.469977108645885,1.76918,24.774794568704138
GS,"Goldman Sachs Group, Inc. (The)",1023.94,USD,-1.5887051044239597,769396,0.500972291087641,298142052569.614,USD,Finance,Buy,1034.1818277634168,1023.4267284740977,998.9076082599279,-1.6189625188558605,-4.718745638114738,15.830316742081454,1039.5540000000005,1037.901,1053.2674,934.0425499999994,15.802957672137321,16.417536,42.76881720430108
BABAF,Alibaba Group Holding Limited,15.4875,USD,-1.7913760304375324,1681234,7.796719897418536,296972623852.83765,USD,Retail trade,Strong buy,15.101966131881301,15.159193769242032,15.581988828226576,-2.8235294117647016,3.6820083682008415,-10.217391304347823,15.354499999999993,15.287125000000003,14.319516420000005,17.453864605000003,20.09930548051977,0.18544858227,-17.35061036113446
PM,Philip Morris International Inc,188.11,USD,0.26116618697367505,911409,0.21667367073121127,293190782630.5646,USD,Consumer non-durables,Strong buy,187.89459032656737,185.50313276772405,182.0914736279036,-0.24394124197909506,-2.4325726141078823,17.378010732559606,187.90999999999994,190.00200000000012,185.63300000000015,172.1227000000003,27.039342235765933,2.267091,32.011992637431455
PANW,"Palo Alto Networks, Inc.",358.9799,USD,-4.051985887635644,1686073,0.34971772923880906,292568629954.2739,USD,Technology services,Strong buy,343.6985402930699,321.67869760155236,293.01487924725745,-6.33270711024136,1.2009190347316077,94.24268167306963,377.82998,355.09399500000006,332.1490979999999,224.65662449999996,295.28658386114995,0.976953,-30.432045779685268
RY,Royal Bank Of Canada,209.68,USD,-1.5540635710596753,289972,0.26858383649037804,290742190081.86053,USD,Finance,Buy,209.0615028907101,204.4576591511466,197.18024206606046,-3.168005911148049,-2.813441483198143,22.448026162111656,214.08399999999997,211.16399999999993,208.1731999999998,178.5068000000002,18.52550445727012,2.8884982782,24.338571258428367
DELL,Dell Technologies Inc.,440.235,USD,-6.063160140830036,2844171,0.5400285992887692,285396001202.04224,USD,Electronic technology,Strong buy,430.52720925451337,401.9076446185079,358.0373023899218,-11.359106010268793,9.97901521396987,242.8621495327103,474.8029999999999,444.1722500000002,425.5659000000001,234.3134249999999,34.98343147304933,4.877074,100.63934948979589
PCCYF,"PetroChina Co., Ltd.",1.225,USD,2.510460251046027,698,0.062292507050298075,282837584309.796,USD,Energy minerals,Strong buy,1.229021185427809,1.238346583786758,1.2411571794569516,0,-11.87050359712229,11.363636363636363,1.2050000000000003,1.2293599999999993,1.2106920000000005,1.22276775,10.05083499014169,0.0544566,-2.990429085349199
NVSEF,Novartis AG,149.73,USD,2.6018789444471073,169,0.10278554920325994,274088143816.27322,USD,Health technology,Buy,153.12082982422078,152.3918449428558,151.00389834581907,0.3048065650644677,-1.4253267059482013,7.248764415156489,151.38046000000003,152.55969499999986,148.6598620000001,133.42536399999975,23.02321879237136,2.226874,-13.131450997888486
CTATF,CONTEMPORARY AMPEREX TECHNOLOGY CO LTD,80.0,USD,-4.555107494810182,431,0.06124769077731988,269026722139.1545,USD,Producer manufacturing,Strong buy,81.33297456584016,81.8040324070419,80.98745504183577,-1.7922906948195358,1.2658227848101267,21.914050594330988,81.95888000000002,79.98699499999998,84.88169800000003,72.707242,30.045894803853937,0.7763960865000001,46.720578596077964
BACHF,"Bank of China, Ltd.",0.69,USD,2.204052612868807,4000,0.4770992366412214,268657376023.0094,USD,Finance,Strong buy,0.6748067559174706,0.6649921711116068,0.6515352281112268,2.204052612868807,6.268288926536264,18.96551724137931,0.6806840000000001,0.6707603000000001,0.653224519999999,0.5952154249999996,5.911167539630458,0.029436000000000004,4.854735561515836
WFC/PL,Wells Fargo & Company 7.50% Non-Cumulative Perpetual Convertible,1166.105,USD,0.3800497550981728,1779,0.22110915011558827,264297540601.0,USD,Finance,,1173.166908083151,1175.0938472566127,1179.7292347107427,-0.6521776172300958,-2.0079831932773096,-4.100841303650584,1168.0589999999975,1175.0411000000006,1172.692340000001,1200.3846255000053,169.4181316286503,1.842634,18.045551210811553
WFC/PD,"Wells Fargo & Company Depositary Shares, each representing a 1/1,000th interest in a share of Non-Cumulative Perpetual",16.255,USD,0.9627329192546432,25989,0.23563000585697733,264297540601.0,USD,Finance,,16.445932416959067,16.575173598472738,16.755221793261263,-0.5810397553516967,-2.0192887281494927,-8.577052868391464,16.250999999999966,16.351749999999992,16.521100000000022,17.224864999999994,2.3616155746040968,1.842634,18.045551210811553
WFC/PC,"Wells Fargo & Company Depositary Shares, each representing a 1/1,000th interest in a share of Non-Cumulative Perpetual",16.63,USD,0.9101941747572728,40258,0.5524147735069241,264297540601.0,USD,Finance,,16.850856978184005,16.97620557204552,17.147044073528292,-0.4191616766467083,-2.4633431085044086,-8.12154696132598,16.62399999999999,16.756999999999987,16.942699999999974,17.61172700000001,2.4160976318465783,1.842634,18.045551210811553
WFC/PY,"Wells Fargo & Company Depositary Shares, each representing a 1/1,000th interest in a share of Non-Cumulative Perpetual",21.8613,USD,0.2811926605504553,29805,0.5042353741289441,264297540601.0,USD,Finance,,22.270401530285476,22.53481198643973,22.866878612043767,-0.3587055606198784,-2.4484605087014732,-9.998764923836967,21.936259999999955,22.095594999999957,22.443552000000054,23.692990499999997,3.176129594653494,1.842634,18.045551210811553
WFC/PA,"Wells Fargo & Company Depositary Shares, each representing a 1/1,000th interest in a share of Non-Cumulative Perpetual",17.8202,USD,0.565462753950344,33524,0.3615616911130285,264297540601.0,USD,Finance,,18.091073746926156,18.223749048938487,18.405558046655177,-0.6117908787541682,-2.40854326396496,-8.143298969072159,17.85404000000001,17.994510000000012,18.177903999999966,18.886416500000024,2.5890164172599155,1.842634,18.045551210811553
WFC/PZ,"Wells Fargo & Company Depositary Shares, each representing a 1/1,000th interest in a share of Non-Cumulative Perpetual",18.015,USD,0.9809417040358784,67327,0.4272980271571325,264297540601.0,USD,Finance,,18.2808156605148,18.416366695954295,18.60225274646449,-0.35951327433627067,-2.3577235772357654,-7.80450358239508,18.018999999999995,18.191750000000013,18.37960000000001,19.106014999999967,2.61731802992881,1.842634,18.045551210811553
GEV,GE Vernova Inc.,986.09,USD,-1.83568434989497,792071,0.447230437807821,262628895101.56998,USD,Producer manufacturing,Strong buy,1021.1982208892225,1015.9980971078448,987.3196128769039,-8.071447882386943,-8.77983348751156,49.13867420862383,1036.458,1005.8614999999996,1032.3106,864.2666499999999,28.22658209006492,4.14763,735.9407527936638
LVMHF,LVMH-Moet Hennessy Louis Vuitton,531.805,USD,2.633356492203177,422,0.25815134275402213,261843348377.39795,USD,Consumer non-durables,Buy,546.0333215720792,551.9721701979504,562.4063955719806,1.2961904761904666,-4.55966490312485,-29.248320361870558,525.9517999999996,539.7682150000018,554.7004120000018,614.1602709999978,21.2187596846139,13.1589558,-3.299513733008826
WFC,Wells Fargo & Company,86.37,USD,-1.1784897025171637,2098752,0.20464500772599375,261182821301.0111,USD,Finance,Strong buy,86.29908081401345,85.28556875024803,84.44890801643905,-2.648782687105494,-1.718252162039134,-7.427652733118964,87.64799999999994,87.24099999999999,85.96779999999998,84.97740000000003,12.548307424088334,1.842634,18.045551210811553
AZN,AstraZeneca PLC,164.395,USD,2.6826983135540385,1155941,0.36835011260107203,254957876382.38577,USD,Health technology,Strong buy,168.05870256953216,172.42680556500417,176.37052228489355,5.179142674344209,-2.4130357354861673,-11.16664865449043,159.01500000000027,163.2872499999999,172.7777,183.71394450000022,24.88135504554279,2.626618,16.99983418892952
NSRGF,Nestle S.A.,98.73,USD,2.6790357135428664,446,0.09222879358120682,253955750002.56018,USD,Consumer non-durables,Buy,99.5886526000486,99.66312637286421,99.54227881945056,-0.4637564270591731,-6.9638145495665285,-1.541744784395062,97.48100000000014,98.40987500000018,100.21790200000007,99.16408800000004,27.639000721209108,2.8634290768999997,-29.240728226467745
SAPGF,SAP SE,216.5799,USD,2.6231022914652855,2012,0.47835286845296116,252869802792.5968,USD,Technology services,Strong buy,190.12031208520185,184.33853572645526,184.59306381970515,4.8965467138083065,39.47700927357033,-10.452369139171422,209.9208600000004,193.22101499999974,172.43570599999987,198.3023269999999,27.803551861408845,2.1195929829,19.001243411625975
TXN,Texas Instruments Incorporated,272.78,USD,0.19835439318247267,1831604,0.34713212745551003,249115693395.86932,USD,Electronic technology,Buy,282.48761772092837,281.170860507199,272.2652274192807,-2.5785714285714385,-5.386563074468464,55.90546680764722,276.18800000000016,278.04650000000004,291.0764999999995,233.45859999999954,41.49818203946267,2.416015,20.161231354197135
RYDAF,SHELL PLC,45.0,USD,-0.8723235527359257,224,0.02598306460967405,248636411646.69418,USD,Energy minerals,Buy,43.27921222320543,42.794948837680515,42.26648548051637,2.272727272727273,4.846225535880704,23.372172721041807,45.21223999999997,44.41496000000005,42.37103599999997,40.78801899999998,10.056983674055893,1.390072,90.45218979921563
SMAWF,Siemens AG,324.81,USD,1.7575187969924855,3,0.004855154555753359,247591010901.73117,USD,Producer manufacturing,Strong buy,318.09058049941615,312.9804709978596,306.1767377110383,-3.9733924611973386,5.543460601137287,14.016427969671444,324.76040000000023,318.3672000000002,311.985768,290.26430049999993,28.103470747921776,3.23727557046,-21.130797517128823
KLAC,KLA Corporation,188.75,USD,-3.100775193798446,3459735,0.3656146402131329,246610691115.3101,USD,Electronic technology,Strong buy,203.41434147704337,203.59021688142997,196.5380662462211,-8.767944318236738,-13.198436422166012,49.83607338196886,200.478,196.14650000000003,221.25350000000006,167.89128499999993,51.462769583117485,1.182632,20.65993354607363
AMGN,Amgen Inc.,440.755,USD,3.6387791572611046,751139,0.3515138434557216,238286264869.68875,USD,Health technology,Buy,397.5592742987395,384.31931733809944,372.2816382755815,6.725507288488542,19.78665579562441,34.06180612586307,423.69299999999976,401.79999999999905,375.1106999999996,351.43272499999955,27.37948813517207,5.79206,31.702528020944104
ANET,"Arista Networks, Inc.",188.23,USD,-2.562377057666434,1794494,0.27459290261046987,237400299222.2821,USD,Electronic technology,Strong buy,181.72662229407592,175.26140191622684,167.43835712430055,-6.42771922847485,11.418255001775773,40.417754569190585,197.12999999999982,186.98149999999995,176.02160000000003,148.7869049999999,59.34485150387792,1.076432,24.726700747149035
BHPLF,BHP Group Limited,46.5,USD,4.050123070038046,6177,0.04685064602618994,236252076629.2717,USD,Non-energy minerals,Buy,43.443620566852005,42.5705643378241,41.17056075720543,4.050123070038046,13.664140796871191,64.36903499469777,44.378,42.62600500000002,42.22236600000003,33.121160155000034,23.468779020706688,1.309311,9.89503944008864
MBFJF,"Mitsubishi UFJ Financial Group, Inc.",21.1,USD,-7.960741548527804,3120,0.03023323194218476,235940200000.00003,USD,Finance,Strong buy,21.435743390780736,20.846550918767935,20.09208409251564,-3.487707261292164,4.130681537778215,24.889020420242687,22.63699999999998,22.039425000000005,21.123415999999988,18.2324785,14.489632974841658,0.40274039873,31.432802914254133
SNDK,Sandisk Corporation,1595.055,USD,-1.8898620969626831,10055149,0.6516358146360964,233546372378.89117,USD,Electronic technology,Strong buy,1525.8715501874383,1502.5889031727015,1388.764582041885,-6.21433548239153,13.222433595025489,552.7747084100677,1635.3810000000005,1374.9502499999994,1656.5599,925.393425,21.882232377179058,46.031119,nan
AXP,American Express Company,345.18,USD,1.9673874512584264,753735,0.37478698250273085,233103434187.28412,USD,Finance,Buy,340.2110756765951,337.1818282795275,334.5564936626488,1.3268361416074623,-2.9848229342327164,-6.5818673883626495,341.2080000000005,339.9009999999997,341.6851999999996,339.0024749999999,20.942846741900254,4.546075,15.718377892608398
C/PR,"Citigroup Inc. Depositary Shares, Each Representing a 1/1,000th Interest in a Share of 6.250% Noncumulative Preferred Stock, Series II",24.52,USD,2.166666666666665,209571,1.6543964406608398,230899160819.0,USD,Finance,,24.593175752712508,24.70354120188178,24.82478513931748,1.0300782859497322,-1.8414731785428375,-2.1938571998404495,24.22800000000002,24.435750000000017,24.773000000000003,nan,2.6468334070963633,2.681275,36.96699982257968
LRLCF,L'Oreal Co.,431.75,USD,0.49812620749051145,52,0.09013693881088577,229385840935.57007,USD,Consumer non-durables,Buy,435.5402106621218,435.29468336776563,434.80286965490876,-1.0031527658354829,0.6035045204585644,-1.0020177932679089,433.7890000000008,437.90865000000065,439.00078999999874,433.9646625000003,32.06977624600018,7.3982959500000005,-0.009214233049873085
TMO,Thermo Fisher Scientific Inc,613.61,USD,4.171193806872207,631639,0.43209918348831783,226880622432.4122,USD,Health technology,Strong buy,568.1139250216992,548.8215371809783,534.5847842136352,5.3317311818728115,15.651092221573016,5.886108714408976,594.4679999999997,583.7359999999994,536.0634,533.1803500000001,33.00717582382116,6.408673,7.601479432074029
C,"Citigroup, Inc.",134.55,USD,-2.2520886305848125,2256668,0.31756503769173455,225699107070.07956,USD,Finance,Strong buy,135.16778755665842,133.78193750516252,130.59324626285573,-3.3752244165170477,3.851497375733258,14.793959559764541,137.75399999999996,134.78900000000002,137.24960000000002,121.2469999999999,14.524120510799989,2.681275,36.96699982257968
IBM,International Business Machines Corporation,238.0572,USD,2.315382301113168,1453102,0.29180075740777506,224281875383.59076,USD,Technology services,Buy,239.88400753376385,244.34383100569212,249.36222520784838,2.792521266030481,13.32279716285048,-19.99690818658422,234.20744000000005,229.31685999999996,248.985944,266.72113599999983,21.130775171091525,2.884414,82.7337312658146
LIN,Linde plc,482.385,USD,0.7687406649188973,715780,0.41064995748523975,222369909968.36963,USD,Process industries,Strong buy,496.0766919754404,499.768839448153,498.38677137747527,0.07987551867219728,-6.074029362514126,13.161537017922498,479.2720000000001,491.50049999999965,508.8087999999999,476.55160000000024,31.14532353662788,4.519493,10.101512738853511
TOYOF,Toyota Motor Corp.,18.39,USD,-2.1808510638297878,151802,1.6395818797266968,217771326972.65472,USD,Consumer durables,Strong buy,18.43193271937584,18.545418074078245,18.91811982225255,-3.210526315789471,2.8523489932885995,-12.843601895734603,18.79059999999998,18.697550000000003,18.00125999999999,20.36214600000001,8.511338233507548,0.336303196186,-4.5066010019637295
BCDRF,Banco Santander S.A.,14.792,USD,3.585434173669471,600396,0.250074587616802,217054710502.46475,USD,Finance,Strong buy,14.25443117026786,13.867691621275839,13.379650377294098,1.663230240549822,9.57037037037037,22.187345118123247,14.814399999999988,14.418550000000002,13.893851999999983,12.308248499999998,11.906631773989254,0.29605220136,25.44556856360393
VZ,Verizon Communications Inc.,49.455,USD,1.8850432632880083,5775813,0.378855795888976,205474420819.13007,USD,Communications,Buy,47.08952700648044,46.733867414150275,46.470280607048686,2.518656716417903,14.267560073937148,21.302428256070627,48.55099999999998,47.23224999999994,45.54699999999994,45.13075000000022,12.87890625,1.27855,-10.788960133816568
MRVL,"Marvell Technology, Inc.",233.475,USD,8.090277777777775,24439777,1.2181862875942062,204469564549.5594,USD,Electronic technology,Strong buy,220.11694198893272,214.4485681836843,198.88313149726355,2.5137211855104256,20.968368695111526,169.1664745215587,225.60099999999994,206.0025000000001,234.4014,143.5320750000001,79.78232640787314,0.929513,nan
CRWD,"CrowdStrike Holdings, Inc.",199.7716,USD,-6.1752770993800405,4318455,0.679013259002161,203419283300.88254,USD,Technology services,Strong buy,196.60664367119912,186.02311366753747,171.7031741224911,-7.73952800997552,-1.6291116801260614,68.58362869198312,213.81432,203.37057999999996,191.92368199999999,138.23874550000008,nan,0.29198,73.039496279336
TTE,TotalEnergies SE,90.835,USD,1.7303169447866362,315409,0.29645263284533774,202760777761.7236,USD,Energy minerals,Strong buy,86.52502379966742,85.74326544580053,84.47014144761577,2.859245838523374,13.17592823324195,38.78533231474406,88.82699999999997,86.99925000000005,83.33650000000007,78.97422499999999,11.449644636332584,2.93221,30.520378387619672
IDEXF,Industria de Diseno Textil Inditex SA,65.0625,USD,0.7159442724458293,1218,0.8998891762098263,202502207265.8517,USD,Retail trade,Strong buy,64.70134483594425,64.00264452604615,63.257921267750156,-3.15558367134299,6.808667815808916,-1.899807757548351,65.58300000000001,64.81887500000002,63.93701399999999,62.20642500000002,27.476382536820825,0.6112367949999999,10.833829127400978
TD,Toronto Dominion Bank (The),119.83,USD,-1.7545298024104292,450679,0.2958560498390014,202452296458.558,USD,Finance,Buy,120.29702912870074,118.06245611263881,113.97463444226678,-3.6658895409598857,-2.9716599190283413,26.938559322033885,122.72200000000005,120.9640000000001,120.31399999999987,102.30445000000003,19.216480751799143,1.7484064982999998,-10.785457988270956
NONOF,Novo-Nordisk A/S,45.587,USD,1.4905103801413846,20,0.00012643287962894477,202080382877.11008,USD,Health technology,Buy,46.487571917942056,46.191764710261374,46.061758041122125,-0.8547194432361757,-11.015030255709535,-11.04975609756097,45.30964000000006,46.88702000000007,47.076582,46.221171399999996,11.421736991363897,0.7656385656,1.705321954758219
ABT,Abbott Laboratories,115.0,USD,2.0589279375221805,1687749,0.24466146979448467,198994080128.68298,USD,Health technology,Strong buy,105.4898628505946,102.5324214325968,101.91822818386852,4.507451835696105,14.200595829195628,-7.77866880513232,112.11400000000015,107.93800000000013,98.94359999999998,107.16875000000007,37.17111642640119,1.419031,-61.310089540293134
TMUS,"T-Mobile US, Inc.",185.055,USD,1.261285909712726,881628,0.2527465751074264,198503248649.13654,USD,Communications,Strong buy,182.40377658128588,184.20037103693988,187.89137134070333,1.4500301518557153,-3.0567342448530463,-8.501854140914705,182.7830000000002,178.52124999999987,181.80089999999976,196.21832500000025,19.366130855205324,2.890394,-9.885985345014564
EADSF,Airbus SE,248.32,USD,1.981141373985603,99,0.0885509838998211,195484496905.4322,USD,Electronic technology,Strong buy,235.87203097288491,229.66691740341687,224.61258597661362,0.6158833063209002,14.128136777277314,2.336698949103642,245.77120000000005,241.96810000000005,229.34888399999977,221.28776199999982,28.91839902402788,2.06109176058,16.837125669636364
APH,Amphenol Corporation,158.245,USD,-0.830356583317659,1343017,0.26972721845569664,195113486158.34125,USD,Electronic technology,Strong buy,159.8249429666861,156.6951621140688,152.33938965990467,-5.778505507591536,4.1085526315789505,15.406213535589265,164.30900000000003,162.35974999999988,160.83169999999993,144.4788250000001,39.615721617223684,1.42194,59.36564931178935
SBGSF,Schneider Electric SE,343.58,USD,0.1504092530839618,108,0.12050881499665253,194022968509.47247,USD,Producer manufacturing,Strong buy,333.0421312340875,326.6221411136577,319.33636129802034,-3.13504369890048,10.49187181424965,23.58992805755395,352.99879999999996,336.62145000000004,322.73310800000013,301.1734985000002,36.3033628414036,6.63541561422,6.250616539213707
HESAF,Hermes International SA,1848.3,USD,2.3895322588239853,1,0.001511030522816561,193412837244.15994,USD,Consumer non-durables,Buy,1847.8003065124653,1876.0589664476568,1936.8354611239024,3.807919123841615,-4.515655754219385,-25.83661022389856,1801.693000000003,1823.905334999999,1864.8166669999941,2155.6915322500017,37.63875826669254,27.3826644,-2.3165420444525715
SCHW,Charles Schwab Corporation (The),111.745,USD,0.05820200573065699,1239777,0.22442891619839328,193244617582.37546,USD,Finance,Strong buy,105.13776632370424,102.02987096848265,99.47872063659158,0.730124391563009,11.067488321240438,12.002605993785716,111.03100000000002,107.17275000000006,100.55270000000002,96.50512500000009,20.320228396857726,1.670315,48.05481517378779
PEP,"PepsiCo, Inc.",141.57,USD,1.0276172125883092,1743075,0.3163801697957279,193227693484.95697,USD,Consumer non-durables,Buy,140.6486931281421,142.1370779161047,144.30382045364587,1.331329181876734,2.9076106709311627,-1.152073732718898,140.2699999999997,139.43299999999994,140.06319999999943,148.96239999999975,18.56728789329416,2.299775,39.01002734731084
SCHW/PJ,"The Charles Schwab Corporation Depositary Shares, Each Representing a 1/40th Interest in a Share of 4.450% Non-Cumulative Perpetual Preferred Stock, Series J",16.93,USD,1.3772455089820386,23193,0.30531848932313366,193132210762.0,USD,Finance,,17.26251490291324,17.396267283288893,17.61132562873715,-0.17678255745431695,-2.812858783008048,-9.946808510638304,16.981999999999996,17.22149999999998,17.34329800000002,18.26502150000005,3.0786296188536513,1.670315,48.05481517378779
SCHW/PD,"The Charles Schwab Corporation Depositary Shares each representing 1/40th interest in a share of 5.95% Non-Cumulative Perpetual Preferred Stock, Series D",23.645,USD,0.7027257240204393,12146,0.27474975965616694,193132210762.0,USD,Finance,,24.04932526050201,24.16417448525952,24.313223907754384,-0.44210526315789656,-2.6554137505146134,-5.608782435129745,23.794999999999998,23.98903000000001,24.14624199999995,24.719764000000055,4.299716322374163,1.670315,48.05481517378779
STX,Seagate Technology Holdings PLC,851.705,USD,-5.751482825779028,1754177,0.4009731280478826,193034265927.82788,USD,Electronic technology,Strong buy,867.0030878775422,839.1972029214254,774.8965261405701,-13.997859299425444,5.14616923038938,202.0551831755151,928.9969999999997,856.3032500000003,891.0561,560.0728999999999,61.38856854548076,7.355452,104.84275800974459
MCD,McDonald's Corporation,270.33,USD,1.2509831828907354,1339737,0.3606586909735171,191296714154.0532,USD,Consumer services,Buy,272.7904158641867,276.05319074906896,281.7110877286815,0.040707571608303156,0.2150139017608838,-11.45140685905206,269.5859999999998,270.58300000000025,273.0764,298.23915000000005,21.955201091547007,3.408322,5.462051716901772
BLK,"BlackRock, Inc.",1177.04,USD,1.9656083510200595,92568,0.20415522307478037,191240970274.2152,USD,Finance,Strong buy,1111.0218806958455,1088.391627547882,1072.6254455914736,0.83354036202894,9.927713543904213,9.855894870454707,1167.0140000000001,1122.686,1062.5410000000002,1054.6545750000002,29.28047603411047,14.277636,-2.840666020529752
KXHCF,KIOXIA HLDGS CORP,347.055,USD,2.075000000000002,164,0.005482987693367257,190191372091.3673,USD,Electronic technology,Strong buy,356.51119953840316,359.2957453113079,333.4054875107033,0,7.806166032460975,347.7551283705328,332.2869999999999,342.7487000000001,445.932048,nan,22.595422607726576,16.18337542546,440.5555125904505
SHOP,Shopify Inc.,147.565,USD,0.6719879929048882,1648860,0.19346191058039042,189863619404.80438,USD,Commercial services,Strong buy,134.8484596635387,129.60334334992166,127.09404016385322,-3.242410333748602,18.783707639056583,-9.017202046981934,151.12900000000002,137.4517499999999,125.04569999999995,131.84927499999995,101.65343113482058,0.47229094140000005,-19.900471515478106
ALIZF,Allianz SE,500.04,USD,0.008000000000004092,132,0.3669724770642202,189362178401.59143,USD,Finance,Buy,490.38746331252224,480.10050812172676,468.7693696874695,-2.468100843037304,1.5309644670050804,11.908332027840574,505.68299999999937,494.9027649999998,475.7943369999999,445.94920050000025,14.336104255399707,nan,nan
SFTBF,Softbank Group Corp,33.142,USD,-10.257243433522872,1164,0.29244761569770367,189191252643.55365,USD,Miscellaneous,Strong buy,35.52061080120713,35.92928815930444,35.35672614501802,-8.950549450549438,-3.404255319148934,17.943060498220646,35.795399999999994,34.084510949999995,37.16069438000001,32.626476345000015,6.273478444691778,-0.054482519667000004,156.34302155876995
ADI,"Analog Devices, Inc.",380.17,USD,0.9399145049518149,1903441,0.6383207047439983,185175880927.26413,USD,Electronic technology,Strong buy,384.41233412091196,384.0164440262143,376.28802973752363,-2.902677921514043,-0.5061449238950572,38.20845602937435,383.52800000000013,376.7812499999999,389.8263000000009,340.41409999999973,56.49557153896452,3.337881,83.19222497481829
DIS,Walt Disney Company (The),106.435,USD,2.3905723905723897,1862828,0.23986973162730163,183779913704.81818,USD,Consumer services,Strong buy,102.26561047453703,101.68888192247424,101.991816187366,0.09874917709019465,8.773633111905987,-6.175070521861773,105.10700000000004,100.85925000000007,99.50909999999978,104.14012499999976,21.95350851862547,1.661198,-23.99034240561896
GILD,"Gilead Sciences, Inc.",147.44,USD,2.7886224205242613,1827397,0.332700496164052,182818979829.9046,USD,Health technology,Strong buy,135.93049085178708,134.44539977163615,133.59258297862388,6.562590344030054,9.800417039022934,20.369009715078786,141.25999999999993,134.623,131.0471999999998,132.8219999999999,nan,2.131935,-152.8405474220242
BX,Blackstone Inc.,146.345,USD,4.09346326196742,904070,0.22298283737305513,181736611431.07108,USD,Finance,Buy,134.5284076821619,130.8489042033371,129.20788607400956,3.030836384117155,15.212598425196845,-5.685187572515144,144.15099999999993,137.03399999999996,127.86959999999993,130.97374999999988,32.829710388765506,1.36596,20.325532431775855
UNP,Union Pacific Corporation,305.55,USD,2.279574211689095,933087,0.48102502287748944,181519763240.0673,USD,Transportation,Strong buy,293.08507857840453,286.6398595788757,278.12117468436537,3.4535297105129468,1.5284931051669788,32.072617246596074,299.1320000000004,296.2655000000001,284.8217999999999,255.4865499999999,24.74349526670824,3.452834,7.263409337676438
NEE,"NextEra Energy, Inc.",86.28,USD,0.06958942240779666,1664104,0.18491089190983734,179978207812.06122,USD,Utilities,Strong buy,87.02399446030601,87.63715784622111,87.96939161471629,0.5067272409575424,-3.034389750505735,7.246737103791172,86.18400000000003,86.85200000000006,87.1820000000001,87.81554999999999,19.358747111220804,1.201657,55.29809401024427
BA/PA,"Boeing Company (The) Depositary Shares, each representing a 1/20th interest in a share of 6.00% Series A Mandatory Convertible Preferred Stock, par value $1.00",68.83,USD,0.2768065268065235,10922,0.030613131525471234,176299929181.0,USD,Electronic technology,,69.09491499349582,69.14962802908548,69.38330544117413,-1.9375979484257007,3.628425173140615,-0.9069968327094666,69.78800000000004,69.57799500000002,68.73640999999995,69.82992749999995,31.346206394024954,-0.199549,nan
ABLZF,ABB Ltd.,97.9515,USD,-3.419936896075731,1518,1.2676409185803759,176033965732.95993,USD,Producer manufacturing,Buy,100.44518669833559,100.20979377486822,98.2040434809044,-5.777814117239656,1.622089886707879,28.108161130002618,100.56230000000008,98.92437499999998,101.91047599999996,89.02771900000003,36.11820101502427,0.802919,9.205428799197774
BA,Boeing Company (The),222.52,USD,-0.24208733076301983,1671147,0.44160781524754306,175873129388.30862,USD,Electronic technology,Strong buy,223.37075976596694,222.58315822549193,221.95702573219285,-3.3949813319440794,2.932741234156723,2.0032088012835225,226.70599999999976,225.55349999999962,221.76080000000024,219.4040000000007,101.33891975589762,-0.199549,nan
T,AT&T Inc.,25.4235,USD,2.1024096385542252,8408385,0.25194771642280456,174211626247.06833,USD,Communications,Strong buy,23.931249901865897,23.8975405638651,24.2257976707541,2.721212121212124,17.701388888888882,2.555465913674875,24.8941,24.068675,22.820670000000042,25.102917499999958,8.407520089950065,0.602382,72.38057234066811
DBSDF,DBS Group Holdings Ltd.,61.232,USD,5.970717524488601,188,0.035688522722958346,174000985969.24036,USD,Finance,Buy,57.79631687734626,55.61289612669396,53.07911307978859,6.490434782608695,7.575544624033727,36.75488553880514,59.87320000000004,58.75783999999995,55.18782600000002,47.60429399999995,20.088943047321536,nan,-2.3416687635558255
RLLCF,Rolls Royce Holdings plc,0.0018,USD,5.882352941176474,77959,0.21497616645920667,173304427930.68347,USD,Electronic technology,,0.0015824331138951985,0.0016796629900192141,0.0018997897312066974,28.57142857142857,19.999999999999993,-45.45454545454545,0.0016219999999999995,0.0014965000000000004,0.0015382200000000012,0.0025180550000000025,0.003755942605441046,0.28780011899999997,-48.87270983629726
RTNTF,Rio Tinto Ltd.,124.01,USD,-4.885718668507433,294,0.5550311497073815,172320299602.1803,USD,Non-energy minerals,Buy,119.47027183526436,119.32308891729774,117.49647382456254,-3.117187499999996,11.674441222556416,28.948736612249146,126.06719999999999,120.83129999999998,118.11377,91.55149699999994,16.523449773459866,3.978316,17.963441886553543
SAFRF,Safran SA,412.29,USD,1.0950802306877496,12,0.034324942791762014,171889564709.57996,USD,Electronic technology,Strong buy,395.8134181331113,386.0438629084486,376.39418005463625,-2.241644220190449,9.989755738387176,15.975336007516225,413.06280000000027,402.945,387.5184399999998,361.2143720000001,38.75570874320519,6.5614407561,-12.613479086397206
WDC,Western Digital Corporation,475.79,USD,-4.105530474040632,2854585,0.32834245803728324,171541767530.4424,USD,Electronic technology,Strong buy,504.619777190894,500.5271183613618,470.7307727713079,-9.463869463869457,-3.168756105503092,168.50451467268627,500.80999999999995,494.7320000000001,550.2872,355.23779999999994,19.680994080686325,4.061678,370.6348433819378
RYCEF,Rolls Royce Holdings plc,20.6,USD,-1.0091302258529424,4756,0.19000439455075707,171521577698.56937,USD,Electronic technology,Strong buy,19.68191274673626,19.071967642579384,18.380571887856178,-2.3696682464454977,17.045454545454543,28.750000000000007,20.803920000000012,20.044754999999974,19.08381700000001,16.888514249999993,42.98467648449197,0.28780011899999997,-48.87270983629726
QCOM,QUALCOMM Incorporated,162.684251,USD,1.5570578687808174,2469004,0.324941956695428,170856515840.11325,USD,Electronic technology,Buy,170.8258549291717,175.01995512070636,175.5354389583311,-2.144811428571435,-7.328823127314168,-6.394635726533108,163.1268502,161.47321255000003,180.04628501999997,168.42247125500006,18.82832403592426,2.17057,-16.66602368735774
T/PA,"AT&T Inc. Depositary Shares, each representing a 1/1,000th interest in a share of 5.000% Perpetual Preferred Stock, Series A",17.83,USD,0.620767494356656,54040,0.24152840461639266,170624402366.0,USD,Communications,,18.259714934537612,18.56035213777437,18.929277778515896,-0.5022321428571618,-3.9331896551724164,-11.90711462450593,17.83200000000005,18.006999999999913,18.516054000000015,19.785691999999994,5.896359006580905,0.602382,72.38057234066811
T/PC,"AT&T Inc. Depositary Shares, each representing a 1/1,000th interest in a share of 4.750% Perpetual Preferred Stock, Series C",16.875085,USD,0.6266249254621288,26984,0.19245554850259255,170624402366.0,USD,Communications,,17.247813892404587,17.499523028465088,17.820101717374566,-0.11834319526626967,-3.4053520320549535,-11.741187238493737,16.877017000000016,17.072754250000038,17.462501700000015,18.596929424999995,5.580569793974669,0.602382,72.38057234066811
WELL,Welltower Inc.,235.675,USD,0.09981311586816755,351109,0.13224367738130635,169861564101.26575,USD,Finance,Strong buy,234.35215144173984,230.06800907094177,223.59834451500484,0.5267872376727579,-3.1976505380760685,26.97322342546199,235.27499999999986,237.2357500000001,230.85089999999974,207.90747499999972,nan,0.621069,-145.4237568148026
CRM,"Salesforce, Inc.",205.93,USD,4.991332721525452,7257576,0.624218010099488,168656669475.0434,USD,Technology services,Strong buy,186.13062743873377,182.86453132025213,184.67200554121055,6.242583707372437,22.679613964017626,-22.290566037735847,198.12400000000005,187.8574999999998,173.22520000000011,201.3565000000003,23.83780154651109,3.271387,35.12270658345455
SCCO,Southern Copper Corporation,196.95,USD,4.872204472843438,418254,0.4346668717701355,166293492243.5559,USD,Non-energy minerals,Buy,185.24635477403802,182.60190694281545,179.02418654933857,3.1367825722664335,14.541382102628495,38.427402265761685,189.79800000000012,187.13733200399997,180.84917020199998,170.63434983454988,29.49810535144607,1.821601,55.917519032273155
RTPPF,Rio Tinto plc,96.31,USD,-5.38363296983987,1171,0.6564637291176141,164968285376.89944,USD,Non-energy minerals,Buy,96.52651993744236,96.65201800661181,95.1028743637934,-5.38363296983987,8.972618239420692,17.07999027473863,97.37548,100.33986500000002,98.12111199999998,77.61872299999996,13.21096400494877,3.914867,9.380617001433162
ETN,"Eaton Corporation, PLC",423.55,USD,-1.8037233672594009,549842,0.3547670094980353,164506812293.55624,USD,Producer manufacturing,Strong buy,423.13671883460177,415.8478047753033,406.3642273851251,-7.715269304514548,3.7578697239166194,31.044831533677808,443.0240000000005,428.7275000000001,415.1376000000005,378.86155000000014,43.0949401218929,3.518205,-1.1197633707593861
TJX,"TJX Companies, Inc. (The)",148.48,USD,-1.5710971163407388,4107897,0.8206935761816126,164026526011.44763,USD,Retail trade,Strong buy,154.40429464874597,155.24858199990737,155.43092663503649,-1.6688741721854372,-3.9150973920921577,-3.1125611745513933,151.22,156.2384999999999,157.1197999999998,155.24755000000002,28.842829114784667,1.189536,21.384107521810904
BBVXF,"Banco Bilbao Vizcaya Argentaria, S.A.",29.43,USD,2.2940563086548496,131,0.00474098308446188,163832435957.96988,USD,Finance,Buy,27.28574541122837,26.29265200735024,25.260454543725235,2.8481565612441075,14.402332361516027,22.625,28.950999999999986,27.69365,25.943179999999998,23.444012500000007,13.339488577370094,0.6062285800800001,3.548292138816273
UBS,UBS Group AG Registered,53.55,USD,1.0949594109873482,1092305,0.889291708408421,162145267552.5923,USD,Finance,Buy,52.331807416604,50.964457183176634,49.11808972737175,-0.7046170962358661,2.645198389879232,14.914163090128746,53.46400000000002,53.05350000000003,51.70520000000004,44.99450000000002,18.583574009125133,0.926159,40.501481459897725
PFE,"Pfizer, Inc.",28.3899,USD,4.183119266055049,25341169,0.7093607432311007,161813156151.09866,USD,Health technology,Buy,26.280967135016112,26.0367193589572,25.968876386141496,6.090807174887889,13.152251893184541,13.650520416333066,27.219980000000085,25.991494999999997,25.272798000000044,25.961649500000018,37.59255826271187,0.75885,-59.82765040693653
BKNG,Booking Holdings Inc. Common Stock,214.95,USD,3.217286914765901,1509761,0.32948661917612776,161509237005.18585,USD,Consumer services,Strong buy,198.05372382248134,191.29537743283902,187.17683339313234,1.9541810937722222,18.504837776001324,0.31660752054867847,210.67199999999985,201.55049999999957,186.19779999999983,185.60807799999995,23.77397305726989,4.478868,57.21166385561022
DTEGF,Deutsche Telekom AG,33.625,USD,0.3431811399582274,300,0.016682422287716176,160815276472.1284,USD,Communications,Strong buy,32.155217337827885,32.22730473825834,32.64592770648984,0.613405146618786,6.340923466160654,3.1441717791410997,33.03699999999999,31.970850000000006,31.141798000000012,33.39862400000001,16.475887566720484,0.70369396818,-32.50897856147263
SMFNF,Sumitomo Mitsui Financial Group Inc.,42.075,USD,-4.858922118859063,934,0.020880513830545934,160661446051.0258,USD,Finance,Strong buy,42.556593500757394,41.610689497704776,40.11938104108881,-3.3980025255424104,1.5171475310161255,30.972762645914404,43.83352,43.223395000000004,42.04593800000001,35.95627049999997,15.356342932048273,0.7764121226180001,29.943258498684028
DE,Deere & Company,592.46,USD,0.6352765321375202,238362,0.2888135721368729,159927127130.48843,USD,Producer manufacturing,Buy,601.6792991990983,596.8099257096953,587.6307290108882,-2.2939789237594157,-0.8401954877150669,27.137339055793998,600.4659999999996,611.278,602.8792000000002,557.3176999999994,33.57341599279186,4.691597,-14.629402971355596
COP,ConocoPhillips,132.2,USD,1.9118100524205903,1498620,0.24115279862407293,158816822221.57416,USD,Energy minerals,Strong buy,121.32623624367316,119.16473522531892,117.04533779614596,4.795877923107398,16.189136930919307,41.22422818074991,128.15599999999998,121.56250000000026,115.06840000000004,110.05372499999997,17.51480544257343,2.478122,1.262443317502483
UBER,"Uber Technologies, Inc.",77.365,USD,3.6230913474417337,5604455,0.29281897151548386,158022676127.68982,USD,Transportation,Strong buy,73.96551105563054,73.61080244283407,74.08660230913773,0.356725904786602,6.7103448275862,-5.698439785470516,75.769,72.68725000000012,72.5347000000002,77.28944999999985,17.005165402791516,0.858289,-22.807404516687306
SMEGF,Siemens Energy AG,185.19,USD,4.045171077026793,780,0.3204996507375601,157767422086.58206,USD,Producer manufacturing,Strong buy,180.45155688914852,181.13793587214604,180.0628838312716,-4.220325833979828,4.778070100992952,32.27857142857143,185.17800000000005,174.99256500000007,177.64829400000016,170.98824650000006,52.29098763656273,1.59516635136,178.217292675597
TOELF,Tokyo Electron Ltd.,344.532,USD,-1.7027104136947266,42,0.040380732621863286,156609003593.62845,USD,Producer manufacturing,Strong buy,369.09395009326397,368.8569624198613,354.1488131576884,-11.23557873149518,-18.799522976775762,53.22748498999333,359.9898999999997,357.2325749999997,408.08322,296.76147400000013,41.364861118762,2.648840282883,3.193830359267368
HTHIF,Hitachi Ltd.,34.435,USD,2.0689450751400553,768,0.08643100712380566,155720248701.17032,USD,Producer manufacturing,Strong buy,32.87353427289959,32.12163340247089,31.710738357680004,-6.263610627177687,18.1506261794476,3.876319758672711,35.8206,33.53223000000001,31.014870000000002,31.955987500000003,31.663638376123338,0.329038861483,13.677495643590385
IBDSF,Iberdrola S.A.,23.515,USD,0.706638115631688,6424,1.050926759042649,155073347934.75766,USD,Utilities,Buy,23.862597754530405,23.795870928653752,23.539469778156576,1.0007731294562345,-3.3696322169714414,8.9666357738647,23.470999999999993,23.81852500000003,24.01581,22.76847150000001,19.1784524176552,0.27354193836,28.866412114058658
IBKR,"Interactive Brokers Group, Inc.",90.825,USD,0.29262367491166136,1145323,0.2833915755287715,154521407999.175,USD,Finance,Strong buy,90.10038029923194,88.6929307542465,85.8259424882681,-1.5180265654648866,-0.8027522935779811,38.8549151505886,91.83899999999991,90.08374999999994,91.56750000000002,77.45155000000001,36.15932797197229,0.695756,31.735459170294224
BUDFF,Anheuser Busch Inbev SA NV,76.67,USD,-1.5536723163841728,1614,0.10737379919635967,152100705574.6437,USD,Consumer non-durables,Strong buy,80.50795505644155,80.2127250116041,78.91135519955095,-1.5536723163841728,-3.41395817586293,20.493477919220492,79.49300000000004,81.48511000000003,81.27342800000001,69.94339450000005,16.863793443702612,nan,20.04971040723947
ADTTF,Advantest Corp.,211.5,USD,-10.551913723831673,51,0.15731030228254164,147536108184.81268,USD,Electronic technology,Strong buy,202.88492207458938,194.1506210517032,182.39473115144926,-10.095642933049948,23.858046380885458,44.38831239759695,223.90800000000004,201.94025,182.029336,95.05793846874998,54.56315278900337,1.3186233184520002,81.0400591816926
DHR,Danaher Corporation,209.56,USD,5.000501052209635,1443031,0.5569748739094692,147317765111.5404,USD,Health technology,Strong buy,199.82059695434023,196.6646701087882,195.54487529407407,4.785239261963095,3.7425742574257437,-8.41309383331148,203.6220000000001,200.22899999999964,194.13879999999995,202.93345000000022,37.20814616217751,1.916981,19.62321056879488
UNCFF,UniCredito Spa,96.26,USD,-0.2900352185622551,1866,0.3727154698891441,145155551281.01678,USD,Finance,Strong buy,94.51414818110689,92.26555469906528,89.4768256382213,-3.7159289822455506,5.475962196959323,17.39024390243903,96.95550000000007,95.30650000000006,92.13732999999998,83.33658100000004,nan,2.15673086616,nan
CIHHF,"China Merchants Bank Co., Ltd.",6.045,USD,7.562277580071171,100,0.003897404718198152,143474778649.15814,USD,Finance,Strong buy,5.959711164401342,5.987678635300663,5.960776865370664,0,-3.280000000000001,1.2562814070351789,5.980999999999999,6.146150000000001,5.940846459999998,6.162075075000005,7.2140461481135825,0.2237136,3.212921241932295
ISRG,"Intuitive Surgical, Inc.",400.72,USD,2.4387749884963497,538081,0.21631359592021598,141565575804.44974,USD,Health technology,Strong buy,387.3282270276251,396.6463290218595,413.76469022940336,2.198418770721756,15.477940116999521,-29.298846113130303,395.60200000000003,374.6417500000001,390.0643000000008,474.7870249999998,45.9272673092572,2.6412,21.753509530853165
IITSF,Intesa Sanpaolo S.p.A.,8.0092,USD,0.9478195109654614,600101,6.310774359432757,141416880965.98218,USD,Finance,Strong buy,7.492305493391311,7.285304724853905,7.093094277033011,-0.9987639060568602,10.31955922865014,11.393602225312927,7.873559999999998,7.2873,6.941861000000005,6.709094749999998,nan,0.173601,nan
CILJF,China Life Insurance Company Limited,3.46,USD,-1.9830028328611853,5201,0.14658384392949544,140963597251.10117,USD,Finance,Strong buy,3.5743019567398218,3.598756497604231,3.611904355765428,-1.4245014245014196,2.0648967551622373,-5.722070844686647,3.5149999999999983,3.6220000000000083,3.6285999999999974,3.698686249999999,4.536023561333464,0.6799716,44.48759727960711
FRCOF,Fast Retailing Co. Ltd.,447.06,USD,-7.19119784097986,16,0.40404040404040403,140514308767.08847,USD,Retail trade,Strong buy,483.0344482913477,482.2527248649832,472.0325584486149,-2.548228882833787,-11.881578428667162,18.819933554817275,478.97299999999996,488.06399999999957,498.1194500000002,417.5206689999999,42.08402686591658,1.8472041407070001,18.07124525274873
BNPQF,BNP Paribas,126.231,USD,-3.2045088566827715,609,0.0997134670487106,139441094585.80658,USD,Finance,Strong buy,124.3292150728616,120.76888864135302,116.26498988164767,-2.146511627906981,9.164354051882707,35.252330440372866,131.2557,124.90352499999999,119.32694799999994,102.63327750000012,9.563584845105986,nan,18.90515580105235
BMY,Bristol-Myers Squibb Company,67.87,USD,2.755488266464811,5096758,0.6184370304624245,138639046281.0607,USD,Health technology,Buy,63.22877711862062,61.75293928025911,60.28494585945908,6.713836477987427,11.701777485187636,27.551212178162007,65.40600000000009,64.30349999999996,60.167000000000044,56.936144999999826,14.951315151782175,1.723538,83.16587983698503
LMT,Lockheed Martin Corporation,599.53,USD,-1.2582966879127735,209665,0.25074662493954525,138365978185.0699,USD,Electronic technology,Buy,575.189961609105,565.9950300122994,560.7517240586728,-0.9859620148637535,17.40986624365979,24.062079668908424,601.4259999999992,588.8675000000003,547.1582,551.7976000000003,22.09564595664384,7.56033,52.76697088614012
VRTX,Vertex Pharmaceuticals Incorporated,544.48,USD,3.0841174577330053,302398,0.25962338562810217,138004403579.38196,USD,Health technology,Strong buy,499.4711217725637,488.1462066386334,477.35054762342367,8.059618552404393,12.113662102337083,19.839767574943885,522.0820000000001,498.3012500000001,486.57260000000025,458.74967500000014,31.676993338569392,4.795103,22.86012451484244
COF,Capital One Financial Corporation,224.28,USD,1.2687948706371077,647687,0.26124550984090894,137592372205.80917,USD,Finance,Strong buy,213.57716084013163,208.7129270381325,205.72049255552943,-0.5498403689251548,7.826923076923077,-8.213627992633516,223.6739999999999,216.4015,206.57239999999976,207.67559999999986,79.06091370558376,5.370857,-76.17936014778739
PLD,"Prologis, Inc.",141.15,USD,0.8070275674903551,874220,0.27928272432116075,136495599249.10904,USD,Finance,Strong buy,142.5140323810146,142.34932348761882,141.04434838454708,0.1063829787234083,-5.268456375838922,10.497886331611094,140.8060000000002,142.4840000000001,143.06239999999997,136.35025,31.429525718102877,0.813333,22.353902738046575
COF/PN,"Capital One Financial Corporation Depositary Shares, Each Representing a 1/40th Ownership Interest in a Share of Fixed Rate Non-Cumulative Perpetual Preferred S",15.195,USD,0.6291390728476864,17720,0.4024839528830298,135868479901.99998,USD,Finance,,15.392710889069948,15.494735000599109,15.667289080604661,0.1647989452867525,-1.9677419354838692,-6.836296750459832,15.239000000000027,15.33024,15.403552000000007,16.15120900000001,5.356387478849408,5.370857,-76.17936014778739
COF/PJ,"Capital One Financial Corporation Depositary Shares, Each Representing a 1/40th Interest in a Share of Fixed Rate Non- Cumulative Perpetual Preferred Stock, Ser",16.99,USD,0.7710557532621531,27577,0.2924799653822168,135868479901.99998,USD,Finance,,17.286655050414105,17.41414915486476,17.596595185339186,0.47309284447071726,-3.1356898517673932,-6.5456545654565526,17.028019999999987,17.24522499999998,17.36808999999998,18.062203999999994,5.989142695995487,5.370857,-76.17936014778739
COF/PK,"Capital One Financial Corporation Depositary Shares, Each Representing a 1/40th Ownership Interest in a Share of Fixed Rate Non-Cumulative Perpetual Preferred S",16.36,USD,0.3693296850267994,3279,0.29347534234314865,135868479901.99998,USD,Finance,,16.698411213195904,16.82851629283307,17.010282186145734,-0.24390243902438508,-3.4238488783943435,-6.939704209328777,16.43796000000004,16.67185499999997,16.805245999999997,17.45620550000002,5.767061477721375,5.370857,-76.17936014778739
COF/PI,"Capital One Financial Corporation Depositary shares each representing a 1/40th interest in a share of Fixed Rate Non-Cumulative Perpetual Preferred Stock, Serie",17.78,USD,0.6225240520656447,62428,0.47607790143811707,135868479901.99998,USD,Finance,,18.031384438315634,18.160457255642275,18.36396913340302,0.6225240520656447,-2.4149286498353333,-7.1055381400208955,17.784000000000024,17.971939999999996,18.07607600000003,18.918225499999963,6.267625493513818,5.370857,-76.17936014778739
COF/PL,"Capital One Financial Corporation Depositary Shares, Each Representing a 1/40th Interest in a Share of Fixed Rate Non-Cumulative Perpetual Preferred Stock, Seri",15.54,USD,0.8436080467229008,26304,0.45971627759844386,135868479901.99998,USD,Finance,,15.774493741902116,15.880246852604696,16.051875742600593,-0.32071840923669476,-2.5705329153605025,-7.774480712166185,15.604000000000003,15.737750000000005,15.79169999999999,16.515185000000024,5.4780033840947535,5.370857,-76.17936014778739
RCRRF,"Recruit Holdings Co., Ltd.",99.76,USD,-3.6991273457409775,1186,0.6849552411204158,135432955791.01503,USD,Technology services,Strong buy,87.60185518544401,80.59080390751281,73.20370528165846,-5.911645980307089,28.13399095766545,70.26796381635091,100.76679999999996,86.33025000000002,77.25349799999996,56.544894499999955,39.675703930101484,0.888171430717,28.326684432492687
PLDGP,"Prologis, Inc.",51.45,USD,-0.019432568985616034,285,0.04713938371458344,135402860835.0,USD,Finance,,51.97531830382038,52.23554336116641,52.55930972716535,-0.5028040997872714,-1.6214769207235438,-8.124999999999995,51.60400000000006,51.72795000000006,52.48608400000005,53.67750399999996,nan,nan,nan
ZIJMF,Zijin Mining Group Company Ltd.,4.73,USD,2.8260869565217566,309,0.01697718244702185,135091623800.00705,USD,Non-energy minerals,Strong buy,4.36009457948854,4.322830503207746,4.343653642338937,4.994450610432864,26.301735647530048,0.6382978723404308,4.5908000000000015,4.4052500000000006,4.062498,4.5500567499999995,14.9553678704315,0.1121599908,70.92361166516264
CFRHF,Compagnie Financiere Richemont AG,226.79,USD,-1.822510822510826,252,0.209668025626092,133072169846.53862,USD,Consumer durables,Strong buy,229.3496821766272,224.84854385819608,218.54043353165798,-1.3323761977790105,-5.553357626236339,6.9713692750341965,232.89199999999974,236.57323499999978,231.02026999999984,206.95690399999995,32.97480273348788,4.18667745,37.975213456299976
UNLYF,"Unilever, PLC",61.755,USD,1.654320987654325,2356,0.9459567975588207,133040469504.73198,USD,Consumer non-durables,Buy,61.30684029281141,60.847107424692354,60.97251176978368,2.0153630131329083,-1.357719032026187,-1.5385841836734635,61.373000000000005,62.35137500000003,60.66450599999999,63.02098356249992,20.887336255104866,1.91732698578,1.7568195447359214
CB,Chubb Limited,344.73,USD,-0.16218251324973273,440027,0.30769522308702585,132996780481.93791,USD,Finance,Buy,346.1419076228967,342.9237958155935,337.5104377276433,-0.06232877705140674,-2.1404036676412876,11.038459060748579,343.8039999999995,350.4635000000002,344.8253999999995,323.1480000000003,12.199765722597153,6.32337,24.675593990602046
IVSBF,Investors AB,43.51,USD,0.6593406593406514,51083,2.2212897334434927,132626088909.27576,USD,Finance,Buy,42.67551831968018,41.993187657446775,41.08536245746466,2.3764705882352892,5.889510829885603,20.861111111111104,43.48510000000001,43.099924999999985,41.62266200000003,38.107251,4.945268460109778,nan,997.5461735355408
NEM,Newmont Corporation,125.595,USD,8.290222452146917,3745557,0.5252259352129119,132338483318.27133,USD,Non-energy minerals,Strong buy,108.82961478250648,106.80802107528882,105.94114229124823,5.197252701231257,39.39511653718092,24.363798395880785,118.771,105.78375000000005,100.19010000000004,105.87587500000001,15.859356256234769,2.17646,42.18029048995494
PIAIF,Ping An Insurance (Group) Company of China Ltd.,6.8985,USD,-6.650879566982401,339,0.012161085959864829,132296448767.64604,USD,Finance,Strong buy,7.095626761913969,7.18622566796731,7.343104507763605,-2.666666666666667,-0.38267148014439745,-16.83544303797468,7.1747,6.836470000000003,7.476212000000001,7.625046390000003,6.716476017764303,nan,14.5776861270325
NOW,"ServiceNow, Inc.",127.63,USD,6.812285546907691,7971129,0.4772066995359837,131969417640.51663,USD,Technology services,Strong buy,115.75045453137629,112.34518411219673,112.24938892540189,4.247325002041974,26.968494145501932,-16.625293963940432,123.21400000000003,116.58650000000014,108.02539999999998,120.8496000000002,79.7438300531084,1.02591,0.7237256135934592
GLW,Corning Incorporated,152.1625,USD,-4.83896185115698,3805984,0.42725948529586927,131070993057.34161,USD,Electronic technology,Strong buy,163.25446817221115,165.8873857634503,162.50770459289652,-10.35554377282904,-3.609210693019143,71.14216623551907,161.96049999999997,152.494125,174.91804999999985,140.0067625,69.79290890743968,0.873715,130.83112758073054
SYK,Stryker Corporation,338.425,USD,2.1290400458701773,522507,0.2650008236470279,129810700278.63673,USD,Health technology,Strong buy,331.60799414120424,329.0887218224435,330.0237981199956,0.12573964497041756,6.0129060551953115,-3.6594739239353116,336.3550000000002,338.60725000000014,325.8794999999998,340.76269999999965,35.06522437391854,3.589891,27.708308522885172
PH,Parker-Hannifin Corporation,1029.01,USD,-1.23242309353553,99465,0.16998766258547024,129744150698.7194,USD,Producer manufacturing,Strong buy,1005.4110059560768,983.8859041732431,961.6985652312815,-2.8475126750191264,7.635903390131903,16.719411077460553,1047.8680000000006,1020.1555000000001,977.6968000000012,925.7562499999985,36.116132066531655,8.155726,5.031555509680472
SNEJF,Sony Group Corporation,21.84,USD,-7.535986452159192,9301,0.3823732548387627,129413655820.30994,USD,Electronic technology,Strong buy,22.010886801860714,21.81911244061708,21.903313469433428,-1.319356587746257,-2.552204176334103,-19.29046563192904,23.133400000000034,22.369550000000046,21.475393999999984,23.156817499999967,nan,0.40527905567600003,-117.45144400161662
MZHOF,Mizuho Financial Group Inc.,52.85,USD,-5.018645819292801,1236,0.05743681253572375,128874312109.3719,USD,Finance,Strong buy,51.739287315297496,50.250388413125734,48.18689439033727,-5.018645819292801,10.283377154542809,47.214484679665745,54.12049999999999,52.03136499999996,49.584286,40.990140999999994,15.332904729683355,0.9298636580470001,41.36758598068068
IVSXF,Investors AB,41.57,USD,-4.4367816091954015,333,0.1511712366079535,128256004442.56905,USD,Finance,Buy,41.009666052638586,40.48679928049051,39.7053546596267,-4.4367816091954015,3.769345981028452,14.28964189978692,42.599000000000004,40.29694999999998,39.183569999999975,28.621196000000005,4.724771544168317,nan,997.5461735355408
SPGI,S&P Global Inc.,431.04,USD,3.1097502631327147,404142,0.2575734235815222,127070589335.64406,USD,Commercial services,Strong buy,420.158709571366,417.69917320669776,418.41169486563916,3.5929726741810777,-4.835077493707771,-12.667012541550665,420.2160000000002,417.01049999999924,415.6242151560002,431.89932487400023,26.248195984581375,4.450186,26.218823258137665
BMO,Bank Of Montreal,178.07,USD,-2.464808018842088,298359,0.5817330227211222,125752272353.44138,USD,Finance,Buy,178.31268860556125,174.09899071161934,167.40705543233804,-4.2634408602150575,-2.0517051705170615,36.7980333410156,183.17800000000005,180.61300000000008,177.13620000000014,149.12030000000007,18.575289367139785,2.6652258400999997,22.926046761535368
LOW,"Lowe's Companies, Inc.",222.74,USD,3.2925245780003816,1915396,0.8250066880641648,124891897381.95197,USD,Retail trade,Strong buy,218.0262787360168,219.6868311941397,223.91485863211528,3.2398609501738167,6.2893682000381785,-7.768115942028982,218.17599999999993,215.58649999999997,215.97639999999984,237.7310100000003,18.83859399844379,4.222941,-2.0584653871323124
AIQUF,L'Air Liquide SA,195.865,USD,2.082138948246211,14,0.02134797194266545,124751714177.6588,USD,Process industries,Strong buy,197.74661990307993,198.90861355663486,199.7634999544329,0.6616900720792603,-2.0674999999999955,4.183510638297877,194.73775999999995,197.12531500000043,196.81204000000017,198.35739250000006,30.863356121214157,3.86165818578,-0.007211907307682838
PGR,Progressive Corporation (The),213.965,USD,3.2500120638903702,1421453,0.642106330180682,124393207162.45634,USD,Finance,Buy,213.2164546702397,212.0776757302145,211.2256563298631,2.483475428680909,3.36473429951691,-0.17495567789493327,208.7010000000003,212.1342499999999,214.22050000000021,210.28889999999967,10.72699835559299,3.646739,12.29942911191433
KYCCF,Keyence Corp.,508.01,USD,-1.4812430184932421,650,0.3124699548120373,123205788788.45409,USD,Electronic technology,Strong buy,506.0029876437386,494.013912891647,476.4279441824078,-11.297166105009524,20.378664012701122,49.32686654908877,533.2675999999998,514.6401499999995,490.6206520000024,419.30848605,40.70813595719742,3.8678202045220003,9.799565895056785
BTAFF,British American Tobacco p.l.c.,56.5,USD,1.6004315770544877,203,0.11064479206409766,121756358686.3757,USD,Consumer non-durables,Strong buy,59.58396428120308,59.97290562233045,59.94947281146946,0.41588170475953823,-9.888357256778313,-2.0797227036395194,57.10407999999999,59.03732000000002,60.54897799999998,58.954362500000016,14.655775013465155,2.66000648,103.46530552478966
CVS,CVS Health Corporation,95.0,USD,0.09482667790538764,1010386,0.13105577447344202,121502186694.76349,USD,Retail trade,Strong buy,99.20834276059814,98.06047182192533,94.9447645337529,-1.3397029805795058,-11.471437890224585,19.8284561049445,95.21399999999997,100.37000000000003,102.20379999999994,85.5961500000001,25.079859552786505,1.650913,5.683276602868143
SBUX,Starbucks Corporation,106.365,USD,0.33487406848409557,1828915,0.382928893960135,121256102443.15416,USD,Consumer services,Buy,105.3076941914676,104.17598100564402,102.34351633507126,-0.0892353935750506,0.6101021566401779,26.294229399192584,107.30700000000006,105.4932500000001,104.18450000000006,96.28920000000033,61.33021968517557,0.709907,-24.99351267191419
MDT,Medtronic plc.,93.66,USD,1.7048539472255326,1880135,0.30243602771080247,119889036914.37419,USD,Health technology,Strong buy,87.30993613096885,85.90504758763531,85.8112760194844,3.0476400044009195,12.87057122198119,-2.478134110787182,91.6400000000001,87.79799999999999,83.87559999999998,89.77340000000004,25.1362013901935,1.388299,3.002073255010367
BPAQF,BP Plc,7.41,USD,2.9309626336991292,310,0.019416137942265176,114499443836.58669,USD,Energy minerals,Buy,7.043231526291764,7.002982105964258,6.934805354316609,0.8163265306122517,10.597014925373134,22.88557213930348,7.113799999999986,6.948084999999996,7.1294059999999995,6.273520500000002,21.88527755227967,0.269051,923.3915721208253
ESOCF,ENEL Societa per Azioni,11.265,USD,2.5956284153005478,100,0.01599795226211045,114414043829.77539,USD,Utilities,Buy,11.36670209802185,11.396569523020103,11.36921695560681,-2.213541666666658,-1.1625356437815335,7.695984703632884,11.20550000000001,11.40549000000001,11.491345999999998,11.129796999999995,21.70720723831633,0.2149122513,-28.99092575645838
HWM,Howmet Aerospace Inc.,286.6042,USD,-2.0658807449171315,608732,0.3158994412137993,114298151414.9429,USD,Electronic technology,Strong buy,280.6477819195252,275.0044453364194,266.2968194469948,-0.8907254996887803,4.371522214129631,39.47355102438074,288.0748399999999,285.36371,277.45788400000015,242.144121,61.8147740752723,1.348212,35.486981677917065
ACN,Accenture plc,185.23,USD,7.112704562539745,1827326,0.36171271274122574,113350037545.90625,USD,Technology services,Buy,167.06868341406917,166.76051846043845,173.9614452465768,7.0693641618497045,29.676561187342468,-31.08746605156443,176.70399999999998,169.11549999999983,152.9388,206.41269999999994,14.792601702630611,3.184357,-0.3414327441164492
FTNT,"Fortinet, Inc.",153.9,USD,-2.6011011961268182,1099523,0.27859310057271164,112918522661.11829,USD,Technology services,Buy,154.6146644056255,147.86463027525113,136.81349492581896,-3.842549203373949,-4.192735082640761,92.44716768788297,158.642,158.56100000000004,155.5256000000001,105.53362500000007,54.22832980972516,0.855547,13.261763179949714
ABNB,"Airbnb, Inc.",187.5116,USD,2.3255661664392835,1569579,0.2435330981051829,112279264201.60843,USD,Consumer services,Buy,165.45746729673348,157.544743885419,150.31674939014104,1.8752580680212891,27.732697547683905,37.93703104310725,183.84831999999992,164.3513299999999,151.38313200000005,135.583458,42.62111603591317,2.846159,6.145049218297618
EBGEF,Enbridge Inc.,24.98,USD,-0.6759443339960165,2000,1.0032605969400552,112186020062.4911,USD,Industrial services,,25.22740829335619,25.20791028159269,25.169657821727867,-0.6759443339960165,-0.7154213036565966,1.0926750303520825,25.35599999999999,25.299074999999966,25.26794999999996,24.948344999999996,13.631561484999825,0.3687182151,-12.286920837801109
ENNPF,Enbridge Inc.,18.3,USD,-0.6784260515603798,5050,3.9626490897677336,112186020062.4911,USD,Industrial services,,18.22824018150895,18.1346224642743,17.956140333235584,0,0.8264462809917473,7.647058823529415,18.26699999999999,18.119765000000008,17.70238799999999,nan,9.986292040652394,0.3687182151,-12.286920837801109
ENBGF,Enbridge Inc.,17.5,USD,-2.7777777777777777,1000,1.19019281123542,112186020062.4911,USD,Industrial services,,17.588638584019385,17.482597521690355,17.42968789537535,0,-2.7777777777777777,-4.178370594258376,17.952620000000003,17.036830000000002,nan,nan,9.549732825760485,0.3687182151,-12.286920837801109
EBBNF,Enbridge Inc.,24.95,USD,0.40241448692152054,10106,0.34824019131501505,112186020062.4911,USD,Industrial services,,24.894434228493747,24.810720939463057,24.693028633414094,0.40241448692152054,0.43474760486273467,3.604351798023414,24.977999999999952,25.04949999999996,24.817589999999974,24.392740025000045,13.615190514441377,0.3687182151,-12.286920837801109
EBBGF,Enbridge Inc.,25.4,USD,0.1577287066246023,800,0.5988023952095808,112186020062.4911,USD,Industrial services,,25.330925162125876,25.23800611962364,25.114561008090835,0.1577287066246023,1.8444266238973428,3.5129187382834717,25.502999999999993,25.377774999999996,25.165355999999978,24.74247649999995,13.860755072818074,0.3687182151,-12.286920837801109
BNY/PK,"The Bank Of New York Mellon Corporation Depositary Shares, each representing a 1/4,000th interest in a share of Series K Noncumulative Perpetual Preferred Stoc",24.855,USD,0.22177419354838593,10676,0.28901389843906505,111227180404.0,USD,Finance,,25.02615971782682,25.1222832531603,25.22530850532703,-0.4605526631958287,-1.3690476190476146,-3.2879377431906573,24.900999999999975,24.887249999999973,25.116302000000005,25.474410000000002,2.8936829114955644,2.248748,31.18795246968262
BYDDF,"BYD Co., Ltd.",11.5,USD,0.21786492374727978,33045,0.45210146117222155,111161270118.91112,USD,Producer manufacturing,Strong buy,11.330491431753876,11.39371463034875,11.612041099589456,2.0408163265306163,1.9494508027411184,-9.234411996842937,11.374800000000011,11.559740000000003,10.964052000000013,12.208603,27.375489015501717,0.125103,-40.930309800384116
SNOW,Snowflake Inc.,320.18,USD,-1.5830080226231755,1272474,0.32988097521600906,110974385374.23465,USD,Technology services,Strong buy,293.77412551639173,272.4103912978147,250.59779349180866,-2.3156481679226215,19.863731656184488,45.602546612096404,328.3839999999999,309.16999999999996,275.0566,215.26815000000013,nan,0.44669,16.45828381269312
SPOT,Spotify Technology S.A.,537.155,USD,4.043348570543117,825687,0.5062530315420164,110590734337.46965,USD,Technology services,Strong buy,501.4062898317624,495.8137740335908,497.4198994745535,4.929481168932638,10.83359125141855,-8.316549464054075,511.39300000000003,498.69075000000004,485.06930000000017,512.6930249999997,33.443222074873766,3.27588096084,285.97793958618695
ENB,Enbridge Inc,50.57,USD,-1.5956411753259396,1007466,0.16864501054389125,110449206831.09354,USD,Industrial services,Buy,53.02410749548824,53.596009381019094,53.59030930620977,-0.45275590551180483,-10.795554771564646,5.530050083472451,50.947999999999894,53.023000000000096,54.43680000000014,51.983814999999964,27.59599937135473,0.3687182151,-12.286920837801109
ADP,"Automatic Data Processing, Inc.",277.905,USD,3.191489361702117,537252,0.2648811369735812,110401305301.85104,USD,Technology services,Buy,260.4878947708841,251.27232705713072,244.25618112402034,3.103435482674168,9.278046478707079,8.1216200443528,272.49299999999977,267.3849999999999,247.5420000000001,235.41312500000018,25.395918814939364,2.776061,9.619738344719813
CM,Canadian Imperial Bank of Commerce,119.055,USD,-2.125123314699107,469331,0.5433426971657861,110317619695.26344,USD,Finance,Buy,118.46419053553409,116.27339877275871,112.62725749302851,-3.7861645385485603,-1.7535897012708366,30.915988563888288,122.06600000000003,119.37824999999987,116.90869999999991,102.41817500000005,16.04201914620611,1.7799687199999998,28.852264365883386
BNY,The Bank of New York Mellon Corporation,162.21,USD,-1.0492283291648867,471703,0.23105116935296433,110060153317.46991,USD,Finance,Strong buy,156.46369434440976,151.8180120594626,145.43274636512194,-0.661399963255548,2.524805662642991,39.83708301008533,163.18000000000006,159.24800000000008,153.15069999999997,129.77982500000002,18.884904649917342,2.248748,31.18795246968262
BNS,Bank Nova Scotia Halifax Pfd 3,88.705,USD,-1.581049595029399,483504,0.31182049812960844,109331934113.12679,USD,Finance,Buy,87.96660233855016,86.14527674977141,83.42440088864188,-3.139331731819175,-0.6996529721258256,19.952670723461793,90.47499999999988,88.58774999999996,87.2571,76.85792499999998,16.675044479959766,1.4842471065,53.813572502080554
MO,"Altria Group, Inc.",65.28,USD,0.1380579843534337,3723826,0.39310826629401824,109000885644.3111,USD,Consumer non-durables,Buy,68.67152287599902,69.26959486793818,69.00829868097469,0,-11.843349088453742,13.215400624349645,65.042,68.25000000000001,70.43939999999999,65.73274999999998,13.746920209741612,1.507959,-8.228814378200786
ADBE,Adobe Inc.,273.5,USD,3.9370677206050066,1662491,0.4133760100477893,108716256052.25545,USD,Technology services,Buy,250.99763128206462,246.48919971633953,249.10319896259844,5.23278183916892,16.05210675945178,-22.007556854637485,265.038,255.00799999999998,231.24319999999997,271.0852749999999,15.64296295448956,6.067412,11.805369041681042
SNYNF,Sanofi,90.01,USD,3.5406984769705088,172,0.0014423818756331387,107969091076.44044,USD,Health technology,Buy,87.942651505521,88.08572474691022,88.88343957999368,0.21153417947006453,6.495504022716528,-4.437838411720982,87.8383999999999,87.01550000000022,86.45645999999974,92.91573449999989,23.672760812030642,nan,-37.56040039971049
GD,General Dynamics Corporation,394.93,USD,0.368506658534103,188703,0.2951576612685634,106851154007.37022,USD,Electronic technology,Buy,383.0194217209403,375.01711761711897,366.7837369816799,0.806595706664631,6.740722722235736,17.350092113864616,393.65800000000013,388.95249999999953,372.43580000000094,352.74074999999976,24.07786760312641,4.123313,10.135098839707785
SO,Southern Company (The),92.085,USD,0.016291951775823363,629805,0.15111178932525332,105931179921.49951,USD,Utilities,Buy,93.86562174462965,94.14508329114307,94.10335036987655,0.5294759825327505,-3.847760258953746,5.6384077090742135,92.40700000000004,93.73675000000006,94.5689000000001,92.56014999999991,22.219139079239454,1.633013,7.0047248973690355
ZFSVF,Zurich Insurance Group Ltd,714.63,USD,-0.004197800352611412,5,0.009337068160597572,105161208886.08041,USD,Finance,Buy,732.4970491016854,729.8745746912424,725.7802683174747,-0.004197800352611412,-3.6055357720945316,-1.2941988950276249,724.1129999999996,739.9675999999993,727.7085800000002,719.5152051000001,14.739711517232324,24.4,9.112740933426752
AXAHF,AXA,50.943,USD,-1.2656019846499704,884,0.29506992890283384,104866250765.20305,USD,Finance,Strong buy,50.607510069315566,49.9348736053214,49.14297077206773,-2.5946462715105154,-0.11176470588235718,2.3568414707655108,51.43579999999997,51.190275000000085,48.84577599999995,47.1823045,9.357101351115142,2.3031066,31.852623785086358
BN,Brookfield Corporation,42.68,USD,1.3054830287206198,650508,0.1629791776304622,104645893604.59453,USD,Finance,Strong buy,43.346475393351874,43.54522550118195,43.74473328065881,-1.8850574712643686,-1.8850574712643684,-7.418655097613886,43.30399999999993,43.231000000000044,43.531600000000026,44.55060000000005,81.3539989264627,0.7025590118,78.2519800695957
EQIX,"Equinix, Inc.",1056.11,USD,-2.670746205383887,84466,0.15273746085770296,104208149187.06076,USD,Finance,Strong buy,1058.338432762554,1052.885125719844,1034.6690753988464,-4.4944429874933345,2.8915756554270464,37.84457554557794,1082.937999999999,1053.4280000000003,1051.3413999999989,946.6946749999997,67.9673070116163,4.192187,52.11304833041284
APP,Applovin Corporation,310.935,USD,1.196055457918379,1231163,0.1724075952869416,104054709866.96992,USD,Technology services,Strong buy,381.7072486042294,410.743630075739,435.8011482712276,-2.3353331029933733,-27.645785823986596,-54.49975854954124,311.65699999999987,363.34375000000017,435.2409,503.45029999999946,23.899325144886323,4.048997,93.2791585577823
AEM,Agnico Eagle Mines Limited,204.13,USD,9.195463785171713,2522276,0.7887307524396616,103999556116.70882,USD,Non-energy minerals,Strong buy,173.44993556615867,172.01018574563247,174.13618005936644,8.57978723404255,48.88046094376776,19.90718984962405,189.33399999999995,166.2030000000001,158.62199999999982,183.81377500000013,17.937246683511788,2.7882844498000003,88.58597700083142
NET,"Cloudflare, Inc.",291.485,USD,-3.27681178656756,1057467,0.22881748776697047,103791890511.07379,USD,Technology services,Strong buy,280.50691989082657,266.44077442302313,250.66091421644103,-6.5123961640848025,4.534858700329953,46.54851684263449,309.29299999999995,291.20674999999983,265.6808999999999,218.84087499999995,nan,0.341927,-72.17134416543573
CNQ,Canadian Natural Resources Limited,50.26,USD,1.3510788465416306,932451,0.16135880214912493,103610986791.6359,USD,Energy minerals,Buy,46.536045485721615,45.717753436194016,44.73691696977914,4.057971014492756,14.618015963511965,49.16159667606469,48.93799999999995,46.96049999999999,44.11360000000004,41.429050000000004,12.69733672225402,1.0213801052,36.93267598810558
BKFAF,BROOKFIELD CORP.,10.1176,USD,1.3696159664960013,3000,4.882017900732302,103348804320.7449,USD,Finance,,9.110015612069555,8.941031055016584,8.855334752394976,-0.31724763049519533,1.369615966496001,26.46999999999999,9.272900000000002,8.467265000000001,9.336313599999997,nan,19.28554872395452,0.7025590118,78.2519800695957
ATLPF,Atlas Copco AB,22.075,USD,3.9312617702448254,215,0.013546293671045585,103125660329.96156,USD,Producer manufacturing,Strong buy,20.67663894624825,20.317067531207705,19.957200067314655,0,10.250967661380937,12.398167006109974,21.057499999999997,19.917538500000003,19.587637400000002,17.72496735000001,39.37469242702037,0.168267928,-7.449013362725715
MPC,Marathon Petroleum Corporation,365.83,USD,-0.10376559897326547,725295,0.29558649198320547,102734111340.22156,USD,Energy minerals,Buy,318.45355486182757,300.13739816617226,279.65576644520524,2.024709261789885,16.89726793417479,124.6423088731962,360.4019999999999,325.0509999999999,293.67160000000007,231.09905000000006,12.595066361398494,19.232763,330.27183171616923
GLAXF,GSK plc,25.3508,USD,-0.2526067283100515,235,0.24836186852673853,101580935785.42024,USD,Health technology,Buy,25.550013772804718,25.70131518657335,25.768241063924396,0,-1.588509316770194,-0.13472523143589524,25.302279999999985,25.675669999999975,25.94679200000001,23.55066450000005,16.208320691561834,0.6989595814999999,37.366978783213405
VRT,"Vertiv Holdings, LLC",263.595,USD,-3.2820870330960568,2061841,0.5617971680623489,101480965045.18036,USD,Electronic technology,Strong buy,282.3722560596126,287.02899158734704,283.30437543305726,-11.509668322814544,-10.645762711864398,55.54539285398166,281.8949999999999,272.59524999999996,294.81890000000016,252.47537500000007,59.644974430918225,1.825548,111.13128224727693
TT,Trane Technologies plc,461.14,USD,-0.4812568789520293,204445,0.2957643826452876,101461487280.00665,USD,Producer manufacturing,Strong buy,471.12500956600826,469.20114492909715,463.7934513475038,-4.063078619427056,-2.856540973246261,17.974826033565286,471.5440000000003,471.5659999999998,474.50560000000075,443.2259500000005,34.93087906677272,4.691505,4.751362803208827
GMBXF,Grupo Mexico S.A.B. de C.V.,13.0,USD,2.1209740769835004,975,0.0346935580289789,101204998859.07831,USD,Non-energy minerals,Buy,12.46911647099794,12.242975187355858,11.916658193265345,4.41767068273093,9.243697478991594,35.557872784150156,12.868000000000013,12.617875000000009,12.064496000000002,11.072609,14.789112399247351,0.20844,65.64800042495133
USB/PS,"U.S. Bancorp Depositary Shares, each representing a 1/1,000th interest in a share of Series O Non-Cumulative Perpetual Preferred Stock",17.0692,USD,1.0238988648335026,11935,0.3723473952841196,100946158997.0,USD,Finance,,17.2397341567619,17.35276000392117,17.53205087167301,-0.5870704717530757,-1.6184438040345983,-6.367526055951738,17.067079999999955,17.161269999999988,17.317424,18.006635500000016,3.4058023065565264,1.301999,19.95117514719256
USB/PH,U.S. Bancorp Depositary Shares repstg 1/1000th Pfd Ser B,18.4901,USD,0.5990206746463697,6911,0.14279899249328984,100946158997.0,USD,Finance,,18.619594824556177,18.662870535276063,18.719400871231578,-0.37661637931032854,-1.1753073222875419,3.181361607142857,18.498019999999993,18.639504999999993,18.65369999999992,18.724149999999927,3.689313220798915,1.301999,19.95117514719256
USB/PA,"U.S. Bancorp Depositary Shares, Each representing a 1/100th interest in a share of Series A Non-CumulativePerpetual Pfd Stock",770.0,USD,-0.12968873277415796,172,0.29732065687121867,100946158997.0,USD,Finance,,768.5854121051275,769.3185567319983,771.5661576688115,0.02663046655278885,0.3924431870037407,-0.38809831824062097,770.4100000000005,766.6844949999956,766.7859159999975,776.1660419999976,153.63741569895046,1.301999,19.95117514719256
USB/PR,"U.S. Bancorp Depositary Shares, Each Representing a 1/1,000th Interest in a Share of Series M Non-Cumulative Perpetual Preferred Stock",14.9518,USD,0.5501008742434513,41892,0.6743808677510336,100946158997.0,USD,Finance,,15.19830380566495,15.329796121689458,15.514222707554636,-0.8501326259946926,-2.4670580560991495,-8.55168195718655,15.000360000000018,15.133839999999998,15.318236000000002,16.006467999999987,2.9833193662955426,1.301999,19.95117514719256
USB/PQ,"U.S. Bancorp Depositary Shares, Each Representing a 1/1,000th Interest in a Share of Series L Non-Cumulative Perpetual Preferred Stock",14.11,USD,0.8476635647612027,12538,0.3294878196200037,100946158997.0,USD,Finance,,14.360803998585165,14.497683531491957,14.669074298876925,-0.7037297677691866,-3.4223134839151266,-8.138020833333334,14.116300000000018,14.270205000000008,14.51838000000003,15.08861600000001,2.815355760405443,1.301999,19.95117514719256
USB/PP,"U.S. Bancorp Depositary Shares each representing a 1/1,000th interest in a share of Series K Non-Cumulative Perpetual Preferred Stock",21.1101,USD,0.5242857142857105,60548,1.5221823612078307,100946158997.0,USD,Finance,,21.370540592580753,21.51886728232897,21.75133171277901,-0.4240566037735854,-2.4036061026352282,-6.592477876106205,21.088019999999972,21.30690500000001,21.454899999999906,22.416351500000005,4.21207949239794,1.301999,19.95117514719256
PWR,"Quanta Services, Inc.",671.23,USD,-3.579688285570633,325034,0.3633924333957371,100914993039.59326,USD,Industrial services,Strong buy,669.3766859997572,666.0409826647268,649.3231686458123,-3.4201438848920835,5.840520979517173,57.95505353571009,689.6500000000005,661.4179999999994,672.4557999999998,577.2013499999998,76.87805660226088,4.975674,35.41417869938117
KKR,KKR & Co. Inc.,112.23,USD,4.701931150293877,1374771,0.24104746555809145,100741647940.43999,USD,Finance,Strong buy,104.63999526523493,102.44714022734806,102.08313352099827,-0.593445527015059,10.97597152180363,-12.918994413407814,111.51199999999992,105.55749999999998,99.65160000000002,106.36985000000017,35.777359813828944,1.621696,50.4364089775561
VLO,Valero Energy Corporation,349.79,USD,-0.07427510355663217,547384,0.23668298258850703,100714142622.08432,USD,Energy minerals,Buy,311.1125785643473,294.7643602415633,275.5926327851032,1.6831395348837268,13.204310819120362,114.2664624808576,346.32399999999996,317.908,289.6004,228.95205,14.509773013871376,15.653261,899.6350970310168
OVCHF,"Overseas Chinese Banking Corp., Ltd.",22.4075,USD,2.4652009291946264,4000,3.873341725573739,100702185008.10136,USD,Finance,Buy,20.24718346110749,19.029247618782165,17.643617156011114,-14.311663479923517,11.104224514081713,56.69580419580418,21.662679999999988,18.37662,14.981661319999994,10.389071389999996,16.672544747822876,nan,6.191031912397151
STOHF,Equinor ASA,42.0,USD,0.7194244604316478,2007,0.013523958025192163,100411460539.50266,USD,Energy minerals,Buy,39.399100875275806,38.346139950848695,36.80546692941764,0.7194244604316478,13.898305084745763,74.11491584445734,41.290000000000006,37.438455000000005,38.367608,28.468817500000004,11.806738536291286,1.28088,9.937584366987078
MCK,McKesson Corporation,860.73,USD,-0.9812944343464525,210314,0.22351333407939095,100352823884.28345,USD,Distribution services,Strong buy,843.0645232034625,832.7440319461533,828.0462384380243,0.14427160292731842,2.99016440519779,5.223716381418095,863.1200000000001,863.3470000000001,818.9328000000006,840.3847499999994,23.03276977666458,10.756917,49.10940866650705
AAIGF,"AIA Group, Ltd.",9.698,USD,4.843243243243248,648,0.006454941915484091,100341762884.90648,USD,Finance,Strong buy,9.581413769333594,9.715746902204698,9.882105942969591,6.971100816236484,3.566851772746685,-10.633984518982675,9.374400000000009,9.613400000000002,9.472159999999999,10.3706565,16.40859773027302,0.4016,-4.647512065929555
PNC,"PNC Financial Services Group, Inc. (The)",250.445,USD,-1.5081799591002076,248604,0.23771714887442358,99913445588.79216,USD,Finance,Strong buy,249.3040570716109,244.5066348436454,237.7986302967467,-2.1508107052158607,-0.5381254964257419,19.9851482776793,254.28900000000004,252.40025000000037,247.77969999999996,221.16317500000017,13.774791820211865,4.906078,24.22383164799126
FCX,"Freeport-McMoRan, Inc.",69.46,USD,4.734620024125453,6182284,0.6248794607604693,99745772038.24818,USD,Non-energy minerals,Strong buy,65.61168774006843,64.62045393108593,63.17433576665849,4.262984088862187,17.688919010504897,34.28709521507974,67.49599999999991,66.03650000000002,64.25200000000001,58.82420000000001,34.29784712620975,0.717457,53.400999848507794
INTU,Intuit Inc.,362.36,USD,3.41029080220313,1203225,0.397740423834655,99118863755.44727,USD,Technology services,Strong buy,325.1931382607078,327.25256626146665,349.60348346625125,6.865636427981606,27.36283434677165,-45.14683620950651,350.4639999999998,326.7224999999983,296.30670000000026,445.53885,21.941664093201812,3.537363,34.38603629261943
USB,U.S. Bancorp,63.56,USD,-1.8984411174564038,1707264,0.3779559019568845,99029755608.10805,USD,Finance,Strong buy,62.925303658862624,61.56562849952376,59.80395271839575,-2.5452315240723653,-0.2510985561832966,19.18244890305645,64.762,64.06950000000002,62.136799999999994,55.799249999999994,12.682070314058821,1.301999,19.95117514719256
MSBHF,Mitsubishi Corp.,29.568,USD,-0.22608402227096394,2132,0.3336045565500398,98848812562.49884,USD,Distribution services,Buy,29.714437507833853,29.920604551242267,30.00516068595023,-2.179522807574733,2.845217391304353,25.235069885641686,29.815599999999996,30.053549999999994,29.02986800000001,29.199109000000007,20.076231782354505,0.349415030943,5.877018482282691
INGVF,ING Groep N.V.,35.15,USD,1.8604381592674042,6608,3.1720430107526885,97987970068.68692,USD,Finance,Buy,33.46482310097426,32.47537131865978,31.217945145524677,1.8604381592674042,8.28712261244608,21.953335068089153,34.598600000000005,32.03882500000001,29.09049399999999,21.762007184999998,13.354906473108954,0.77595133374,nan
CME,CME Group Inc.,271.38,USD,-0.05892317890551116,392946,0.2564552723616002,97582619621.3749,USD,Finance,Buy,262.38388565817564,263.194116317429,267.034936165277,0.7648893509579691,11.449691991786446,-0.31772851659351287,269.56199999999933,263.99750000000023,251.7129999999999,278.4796,23.014493245248776,2.940163,14.121324739175051
PSX,Phillips 66,244.08,USD,0.24230974578011558,529250,0.2002949416340351,97393024577.99138,USD,Energy minerals,Buy,213.28085336668727,202.7275186236919,191.59081225649444,4.085287846481882,18.44518852817005,89.2093023255814,238.86800000000008,217.01850000000005,196.81499999999986,165.92690000000005,13.89273090517904,9.565699,322.8171929149018
DUK/PA,"Duke Energy Corporation Depositary Shares, each representing a 1/1,000th interest in a share of 5.75% Series A Cumulative Redeemable Perpetual Preferred Stock",24.1,USD,0.6263048016701551,27335,0.37991766481630246,96675275287.0,USD,Utilities,,24.404692486287217,24.49982410781368,24.59881722760556,-0.5775577557755653,-2.468636179684336,-3.652413087280515,24.20300000000001,24.409000000000038,24.54689999999991,24.856566499999968,3.6156869805263003,1.899078,8.975868157739853
CEG,Constellation Energy Corporation,272.75,USD,2.218641082337075,685790,0.2657328399005266,96637331135.89458,USD,Utilities,Strong buy,269.65706171754283,270.9643488683826,276.586011621768,-4.455809717308308,6.785739454541181,-23.812849162011172,275.78399999999993,270.37449999999995,262.0502999999998,300.87710000000044,26.56310868718348,3.684067,7.150310973828108
DUK,Duke Energy Corporation (Holding Company),123.88,USD,-0.08871683200258039,1001575,0.20745538619179685,96589508045.43561,USD,Utilities,Buy,125.3195987997869,125.61996976160324,125.65709269753671,0.5111561866125723,-1.61226272734493,5.717699266086353,123.97200000000007,125.35,125.6992,124.44054999999989,18.585531250937677,1.899078,8.975868157739853
MGCOF,Midea Group Co Ltd.,12.68,USD,7.275803722504224,192,0.04958933829226716,96237046587.54868,USD,Consumer durables,Strong buy,12.29961952592038,12.101221540826861,11.91120243940897,0,8.729205968101517,3.6455778976622506,12.782400000000004,12.842019999999996,11.879268000000001,11.5294325,15.618043050189717,0.25999214598,3.4366654531341627
KKR/PD,KKR & Co. Inc. 6.25% Series D Mandatory Convertible Preferred Stock,47.1401,USD,3.9702249669166148,6400,0.012042189812006363,96217564312.0,USD,Finance,,44.67629033055337,43.8592074685684,43.672585210006616,-0.7576842105263225,10.346676029962541,-9.145032282933412,47.48202,45.23126000000004,42.78650399999999,45.1078615,15.02760687302751,1.621696,50.4364089775561
CMCSA,Comcast Corporation,27.015,USD,3.1106870229007684,5494494,0.2749491712529028,95866418208.87366,USD,Consumer services,Buy,25.101326484051075,25.052248164714378,25.48427624845151,4.3856259659969155,13.128140703517596,-3.5082320545432313,26.228999999999996,24.784000000000006,24.02349999999999,26.85625081009994,8.747814260734408,1.005032,-49.000049543375226
CHDRF,Christian Dior S.E.,528.42,USD,1.094317964415518,1,0.0970873786407767,95332561955.5104,USD,Consumer non-durables,,520.4524425794953,529.9573110114903,544.898546636119,1.094317964415518,-2.505535055350561,-25.195356738391848,517.588,521.2665575000002,590.147893,632.0694107499997,18.33794637743346,nan,-3.0927431691118077
CSX,CSX Corporation,51.3,USD,2.1098726114649584,3073080,0.37060061906661046,95031963160.33041,USD,Transportation,Buy,50.10094905714521,49.020447624897976,47.29093236637922,2.313522138013555,0.8254716981131969,40.95342766863578,50.48400000000005,50.77599999999997,49.2249,42.24485,29.625779625779625,0.538131,6.402851173651228
DASH,"DoorDash, Inc.",219.225,USD,1.3288652646175179,1039142,0.22293074046463618,94995439024.92258,USD,Transportation,Strong buy,200.72091064207527,192.94051642190726,188.42133697940213,2.1123480367040837,18.72461413484971,-4.572759326165497,216.31500000000014,203.26874999999995,188.73450000000022,187.7716249999998,115.11499684940138,0.813574,5.953043284744631
MAR,Marriott International,362.47,USD,1.438446254162831,216401,0.1513803000436021,94519955899.05528,USD,Consumer services,Buy,365.911445053022,366.45040431691854,361.79737631686186,2.4100129965530965,-1.9848030069495077,16.718724843020453,357.1239999999999,361.99799999999993,372.49160000000023,340.7957999999999,37.56866565784292,2.820141,8.838426568298985
MMM,3M Company,183.06,USD,1.1716591135182959,562242,0.23389316373698757,94408146034.42224,USD,Producer manufacturing,Buy,174.22990657728334,169.27248380626602,165.03021646927832,0.7484865162355606,14.112953497070201,14.341036851967527,181.902,179.8024999999998,168.29339999999985,160.38044999999985,32.50355113636364,2.392615,-21.668984700973585
MELI,"MercadoLibre, Inc.",1855.475,USD,4.290556111379645,152866,0.2993219603546139,94066646184.55591,USD,Retail trade,Strong buy,1814.439183979714,1793.5839798166103,1796.0343398414211,1.759634526897691,1.9833570592341283,-8.486843727651602,1819.003,1847.87925,1775.7168999999994,1871.9442000000004,50.49255051364038,9.253814,-9.254677097532534
ITOCF,Itochu Corp.,12.01,USD,0.04998333888703955,2300,0.23587082483001917,93420353833.00697,USD,Distribution services,Strong buy,12.206339557155424,12.208050949438444,12.256550428863182,-8.683090024330898,3.231906481003949,0.08333333333333155,12.352799999999988,12.330680000000005,11.957203999999988,12.546551849999997,15.033224391611757,0.25487049900500003,-14.399453160020826
MNST,Monster Beverage Corporation,47.505,USD,0.2638243984803714,2173898,0.20415548787013005,93064755853.24799,USD,Consumer non-durables,Buy,46.90503150223173,46.188954721730724,44.82823043645836,2.161290322580651,-2.2983186796236303,23.920699100039133,46.780999999999956,47.00875000000003,47.37125000000004,41.07444999999997,44.08407572383074,0.298646,34.5822405395279
RACE,Ferrari N.V.,423.21,USD,2.611288914751232,119200,0.31214598795514525,93011497757.15013,USD,Consumer durables,Strong buy,396.0765943709123,385.12233147783184,377.22438369447445,1.59884767734965,12.6607214162119,14.054330835983395,415.9779999999999,400.07799999999975,380.7237999999996,364.35324999999943,40.17729236134505,2.78948336436,0.46377399812035497
BKFCF,Bank of Communications Co. Ltd.,0.969,USD,5.234464341372347,1000,0.710883628350039,92823154016.30238,USD,Finance,Buy,0.8915215867926644,0.8793576206776269,0.8610729687424772,0,5.234464341372347,22.704824616943142,0.8875201999999998,0.87931735,0.80624566,0.7090081250000003,6.142451241203029,0.0323796,-10.107052277737512
LLDTF,Lloyds Banking Group plc,1.6,USD,0,17281,1.5991597494054395,92789210959.46785,USD,Finance,Strong buy,1.5162839039357614,1.469522857054751,1.4196026720609276,0,14.285714285714299,17.64705882352941,1.5800000000000003,1.517375,1.4082420000000004,1.1920962499999999,15.143156301318147,0.037833032,nan
BCLYF,Barclays Plc,6.8,USD,1.3412816691505194,8000,0.5545811872196765,91477115443.36774,USD,Finance,Strong buy,6.878273548154672,6.739784463288757,6.543907282637183,-4.895104895104902,-4.895104895104903,8.799999999999997,6.862,6.920374999999995,6.807243999999996,6.134763500000008,10.167226200523269,0.16948933049999998,14.390910363409773
GLCNF,Glencore Plc,7.8,USD,4.48760884125921,75448,3.4478535457395374,91254318967.92453,USD,Distribution services,Strong buy,7.427052206041123,7.363031801715065,7.226569608333073,4.278074866310152,14.369501466275652,36.84210526315789,7.585999999999991,7.408249999999998,7.235282000000005,6.712523999999997,17.484945293977407,0.296,nan
HCA,"HCA Healthcare, Inc.",421.09,USD,2.273334466762188,343291,0.33930129182988905,91166617114.66193,USD,Health services,Buy,404.8800306596432,407.3910727574608,416.35404642075287,5.009975062344133,12.7597472150814,-9.598540145985409,410.84400000000016,405.3285000000002,395.1772,455.21740000000034,14.097941336975918,6.782563,25.46742221531456
WM,"Waste Management, Inc.",227.79,USD,1.88299490115394,403634,0.24001420459951212,91051121471.24107,USD,Industrial services,Strong buy,228.10844457717099,227.574962075145,226.88653292318196,1.8237897277725554,-4.638506300498184,3.8524664903802264,224.83000000000038,228.97049999999962,227.86079999999973,224.0982999999998,32.24432019251186,2.188097,4.823871561266581
MHVYF,Mitsubishi Heavy Industries Ltd.,27.0785,USD,1.0109111256178205,5118,0.3911827200880505,90986886984.9836,USD,Producer manufacturing,Strong buy,25.288167186907454,25.258689614448492,25.645790565616704,0.2907407407407342,19.262277031490864,12.358921161825712,26.61819999999999,24.89935000000002,23.974846999999997,27.29158400000001,37.13180324640274,0.156981863269,40.47529758629762
MRSH,Marsh,190.49,USD,2.210656221494878,338201,0.246701039854209,90903973049.04733,USD,Finance,Buy,184.4768264171274,181.0214231386877,178.9923623003998,2.183242141401149,5.534626038781169,3.2970012472208734,187.51600000000025,189.03050000000005,178.87700000000052,177.32389999999984,23.309512738307923,1.976444,-1.9073111593907066
WMB,"Williams Companies, Inc. (The)",73.64,USD,-1.9832290696126649,1212598,0.250055435645191,90074049968.73047,USD,Industrial services,Strong buy,73.39757069788571,73.33454618628582,72.70300757639873,-2.0874883659087797,0.42274648847675206,22.508733987689236,74.09200000000001,72.35049999999998,73.35700000000001,69.3017499999999,29.396032094527165,0.530568,26.392532795156416
JCI,Johnson Controls International plc,148.19,USD,-0.9954569748797495,853962,0.3087785154642341,89764830880.15799,USD,Producer manufacturing,Buy,147.10858077723242,145.07354081122622,141.9952775400458,-3.8414119784569567,3.752713015472929,23.020089656317456,151.37599999999983,148.79199999999997,145.28099999999998,133.3602250000001,25.760973489787048,1.566507,70.84942084942087
BAESF,BAE Systems PLC,30.588,USD,-0.42968749999999317,1048,0.055267557205613244,89603856919.48154,USD,Electronic technology,Buy,28.65976726059687,28.033591707813088,27.62609907899794,0.10800196367207085,20.97769340294258,30.161702127659577,30.677399999999995,29.220300000000016,26.801540000000024,26.690249249999994,33.041806472946924,0.6244981325,3.6970194767557722
MRAAF,Murata Manufacturing Inc.,48.406,USD,2.864550129627266,3,0.00045598942104543215,89278674435.54366,USD,Electronic technology,Strong buy,51.25622406031389,50.62917066439632,47.245101268307565,-9.440245453865149,-3.2499200511672486,125.14418604651162,51.158000000000015,47.65270999999997,56.22664900000001,34.48939725,54.1635172019068,0.346302990084,10.498869567782442
ESLOF,EssilorLuxottica,192.16,USD,2.2018934155940784,243,0.14185639229422067,88978738194.97546,USD,Health technology,Strong buy,194.74707712967566,199.1860951949773,210.26865163176075,2.5400213447171778,-0.18958576808207198,-38.425551345419,190.51000000000042,191.90474000000026,194.17518599999985,257.0425980000004,31.440570952286603,4.0449033000000005,0.6668659564317896
ICE,Intercontinental Exchange Inc.,158.33,USD,1.3766167242924865,722811,0.24922410008643406,88885582300.35332,USD,Finance,Strong buy,149.37500378502784,148.17841917565616,149.24573708789748,2.798337878197638,14.416823240352667,-1.8656253873806812,155.75799999999998,151.81400000000005,141.8837999999999,154.52367499999994,22.360151958084426,1.904841,35.9202242014742
EMR,Emerson Electric Company,159.0175,USD,0.7843199391557938,298383,0.12197465987406789,88699958872.5528,USD,Electronic technology,Strong buy,152.57464381892137,149.25934045594073,146.29956162902735,-2.437266089944166,14.023734404130218,19.35562560984765,161.24549999999996,156.12937499999992,147.29734999999997,141.40803749999998,34.74804973450168,1.843404,-1.699102117970537
UPS,"United Parcel Service, Inc.",103.63,USD,1.6678112430098975,1505797,0.32224635733879453,88166491486.13557,USD,Transportation,Buy,106.75479510362827,106.95886482737386,106.40875369746257,0.39720984305366847,-12.103477523324859,4.360523665659616,103.524,106.17399999999995,108.54860000000009,104.35279999999992,19.29112604478862,1.644492,-20.137071836346333
TKOMF,"Tokio Marine Holdings, Inc.",46.25,USD,2.4136403897254284,124,0.01817915261691834,88028056335.44992,USD,Finance,Strong buy,47.416057491064244,47.047568015622296,46.223042047200344,-5.881155881155882,-5.3224155578300945,16.118503640472014,46.647000000000034,48.319010000000056,46.96442600000003,42.52968650000005,18.409335477112723,0.7192805167890001,-46.953673927632096
PROSF,Prosus NV,44.0,USD,0,435,0.040207786445816546,87640910185.71428,USD,Technology services,Strong buy,44.69742033627322,45.34542147301313,46.93822291339817,0,-1.1315938485875272,-30.02544529262087,44.38000000000001,44.84958000000002,47.086508520000045,48.69137413000001,8.36016032622224,2.1,1.243835755316769
CDNS,"Cadence Design Systems, Inc.",316.925,USD,0.1279539997472607,475684,0.25571208076752544,87278925198.30461,USD,Technology services,Strong buy,337.62422619321285,341.6121672169662,340.2734702485643,-2.1232242124768375,-4.8330430604768395,0.38802660753880985,321.1010000000001,331.2602499999997,356.7551,327.29217500000004,63.05459392781823,2.044043,35.99761891877266
MCO,Moody's Corporation,503.2,USD,3.5838531052512335,212090,0.33427768737021857,87154239996.89247,USD,Commercial services,Strong buy,483.44123298319687,477.2667763270675,472.7263018780483,4.578423426231888,-0.9916574846529239,-1.2791336419995367,487.9079999999998,481.58349999999973,476.3024,471.9401250000005,31.908485044482916,4.259,34.02768924810688
ELV,"Elevance Health, Inc.",400.98,USD,0.6804429156100225,174848,0.22577771855107023,86960246793.39268,USD,Health services,Strong buy,393.2944240920471,388.82221046936303,380.4551718479299,1.0483342573459062,6.52462674671909,14.320741268709913,397.60600000000005,388.1074999999999,395.43680000000086,354.3366250000001,17.822046215181942,4.699808,-4.238366624246124
HOOD,"Robinhood Markets, Inc.",96.66,USD,5.6047197640117945,8947708,0.7038696299024275,86905292801.03246,USD,Finance,Strong buy,95.6788487532095,94.62408915336141,93.53784445581907,1.7795093187322288,-5.688359839984387,-16.295744644001452,95.874,93.58649999999984,99.66539999999999,96.539225,42.80400318838012,0.4946,14.69930922389272
SNPMF,China Petroleum & Chemical Corp.,0.55415,USD,0.05687614542238487,10200,0.3408920007352573,86700422263.89474,USD,Energy minerals,Buy,0.5475894807176444,0.5516268231991417,0.5600181198447207,0,0.7545454545454521,-3.3571677711893946,0.5495770000000001,0.5398425000000003,0.55618014,0.5692338749999999,13.119722516744188,0.0117744,-16.120063077458617
NPPXF,NTT Inc.,1.01636,USD,1.5344655344655387,1452,0.029693615872587394,86629758916.07826,USD,Communications,Buy,0.9557261873858294,0.9483846849490554,0.9494706154514024,1.5344655344655387,10.425901781833977,-1.3242718446602035,0.9884719999999998,0.9503957,0.9307094400000006,0.9787138050000004,12.88840703207496,0.019327217168,-3.932231517404363
REGN,"Regeneron Pharmaceuticals, Inc.",837.75,USD,3.3952902843601884,290862,0.41221716776468603,86250538709.18526,USD,Health technology,Strong buy,750.6301573315765,728.1303018218273,716.3948317599841,4.488874476152466,24.162615603509597,8.201485308362932,812.6739999999991,758.9009999999988,687.3518000000005,722.6018499999988,20.704048874159422,15.996937,1.954010824539639
MITSF,"Mitsui & Co., Ltd.",30.616,USD,-0.2736156351791519,1526,0.187085463484007,86109518144.53302,USD,Process industries,Strong buy,30.282891543933154,30.8757071821851,31.545832810537604,-3.7837837837837855,5.572413793103447,-2.0288000000000013,29.96320000000002,30.419670000000014,29.982623000000007,32.274151000000046,15.18566441201922,0.639164571517,3.4955107823896063
SHW,Sherwin-Williams Company (The),354.2,USD,2.5863816723144226,440242,0.3017079412686459,85984938758.6457,USD,Process industries,Buy,345.92159890896136,340.421791375168,336.86887831585904,-0.25064068264383293,6.7928965538034705,9.574632637277647,354.01799999999986,350.76000000000033,337.87040000000053,334.05410000000006,32.65539431711319,3.693642,7.709876665806048
BAM,Brookfield Asset Management Inc,53.17,USD,3.3028948902273223,744574,0.2820007832366155,84925873330.47572,USD,Finance,Buy,50.46779967980177,49.48994404287821,49.04425102581367,-1.5917083101980372,10.014483757500525,1.488833746898265,53.475999999999985,51.11899999999996,48.461600000000054,49.242349999999966,31.539951633599845,0.47132420220000004,10.931106900430727
DDOG,"Datadog, Inc.",235.65,USD,-4.207317073170729,1014054,0.17137303098183357,84616033781.40977,USD,Technology services,Strong buy,244.00336893913263,234.8645516243173,218.2032400435956,-5.973186497486234,-8.871186047410948,71.69398907103825,247.334,254.39999999999995,249.20039999999997,173.56342499999994,481.4096016343208,0.640842,41.43311181739381
CP,Canadian Pacific Kansas City Limited,95.555,USD,2.001494449188727,518225,0.24969921417444468,84000417577.37927,USD,Transportation,Strong buy,91.9085698659218,90.43748615194302,88.36648998795282,1.1271033971849,1.860142841914513,29.42570770689423,94.11500000000001,91.82075000000016,90.07889999999998,81.83627499999994,31.52588240138178,0.9652703894000001,-8.052163002709598
CMI,Cummins Inc.,610.02,USD,-1.7380518999371732,200831,0.30903657024818826,83978091704.48424,USD,Producer manufacturing,Strong buy,640.6802486303692,643.0437274859029,633.1894639628807,-3.873306019539874,-6.438650306748469,19.506317954745814,626.9720000000001,638.5039999999998,661.9996000000007,593.5181900000002,31.172932561360117,8.201755,-7.964331234156232
IFNNF,Infineon Technologies AG,64.45,USD,-10.1115760111576,100,0.012653742977172647,83873652679.70476,USD,Electronic technology,Strong buy,72.88897742769531,73.7150650319412,71.44982499503607,-10.672210672210674,-11.893369788106632,45.02700270027004,71.14310000000003,71.03224999999998,79.99305000000001,58.659587999999985,61.84450640623205,0.71757163212,70.88424553118271
XIACF,Xiaomi Corp.,3.27,USD,1.2383900928792582,36870,1.6935217167634304,83735020950.38504,USD,Electronic technology,Strong buy,3.3666166936815833,3.442697610270679,3.6377092092691603,1.8691588785046744,-9.166666666666668,-37.35632183908046,3.273000000000002,3.5181700000000005,3.3175030000000003,4.2489507500000006,18.701680284206518,0.03299907384,-11.121664138331926
NOC,Northrop Grumman Corporation,588.68,USD,-0.07807991309366813,172566,0.32402081276901046,83629668968.70842,USD,Electronic technology,Strong buy,563.5050876020996,564.2174686614239,573.5515706394492,1.1738420555125766,12.455108122564363,3.3515335592267976,581.7260000000001,561.0619999999997,541.8183000000001,604.5653749999998,18.665795756851278,7.15305,15.966068289956544
EPD,Enterprise Products Partners L.P.,38.1,USD,-1.3975155279503084,773227,0.2676768564950428,82276083637.15839,USD,Industrial services,Buy,38.040525957402835,37.84377773616539,37.43872832820221,-1.9305019305019304,-0.2617801047120456,18.69158878504673,38.453999999999965,38.23349999999997,37.653800000000004,35.84615000000002,13.243421738677048,0.720147,7.479358912093255
ITW,Illinois Tool Works Inc.,288.1275,USD,1.2181198622918472,183134,0.21196427901774245,82058709538.37532,USD,Producer manufacturing,Buy,283.1003348741881,278.0735673057017,273.50848525732465,-0.6011315417256035,4.009638293264031,16.81633894182039,288.3715000000002,289.8638750000001,276.31095,264.9087875000001,26.115063899211457,2.961119,-3.183629056318995
CTAS,Cintas Corporation,205.015,USD,2.7901729756831273,381995,0.24729763909881228,82040760199.19698,USD,Commercial services,Buy,197.4351049666758,192.88255075237615,189.62433914264312,3.608338597599488,0.7469470994373236,9.294700927604207,200.50099999999978,204.5627500000002,190.3768999999997,185.7750999999997,41.769044271947514,1.345318,11.516790112237015
EIPAF,ENI S.p.A.,27.95,USD,-1.4543851917144166,419,0.5772144923543188,81748093127.29584,USD,Energy minerals,Buy,27.201868659225582,26.68004868859654,25.774175585568184,0,10.638297872340425,36.27498781082397,28.145,26.079499999999996,25.865550000000002,18.707090499999996,14.306863171283881,0.8654021423400001,110.19325791690599
WEBNF,Westpac Banking Corp. Ltd.,23.9,USD,-4.856687898089182,300,0.15004501350405122,81640964240.25389,USD,Finance,Buy,25.683914890090747,25.801186755944066,25.894924761959548,-1.2396694214876063,-6.421299921691467,-6.677079265911757,25.629000000000012,25.470399999999987,25.560268000000022,24.701840000000026,17.072494321886616,0.7294598406900001,14.37204156459396
RCL,Royal Caribbean Cruises Ltd.,302.465,USD,0.8216666666666584,354658,0.2639574051648448,81119593659.82843,USD,Consumer services,Strong buy,302.87660386371596,298.9364020997526,295.1898355175417,-0.06442873191041103,4.626586876059359,8.605026929982037,303.82700000000006,311.4152499999999,303.0689,286.78737499999977,18.680595871882602,6.340164,22.036223309239748
AMT,American Tower Corporation (REIT),173.94,USD,0.9342540474670603,297434,0.16861768971530963,81049092391.48181,USD,Finance,Strong buy,173.51333674329348,174.5115654251583,176.15942430321465,-0.5602561170820889,3.394162753373363,-0.7531667237247479,173.65400000000022,171.70300000000034,172.5724,177.90225000000044,23.91618199067772,1.63464,164.01786038407087
MIELF,Mitsubishi Electric Corp.,38.55,USD,-2.3296469425759114,1239,0.6392199349945829,80996514660.64163,USD,Producer manufacturing,Strong buy,36.953458798534996,36.915741736638374,36.54452285909577,-3.528528528528538,17.73868425875023,28.499999999999993,38.00789999999999,35.65407499999999,36.52150800000002,33.4802125,30.122878714316194,0.40131353075500004,4.666955015969883
MDLZ,"Mondelez International, Inc.",63.43,USD,1.2288541334184537,1516881,0.27285706129426,80956215189.82365,USD,Consumer non-durables,Strong buy,62.183600480041115,61.63322280037782,61.03877624947622,0.7465057179161354,4.549200593373986,17.59362254356693,63.082000000000015,62.338499999999954,61.284000000000006,58.729924999999994,23.265964860800352,0.722368,-0.4418638621092528
NGGTF,National Grid PLC,16.082,USD,1.5919140871762518,823,0.548155055281737,80841000019.60399,USD,Utilities,Buy,16.27366267280781,16.374629072554985,16.46905266718064,-1.5427941716664557,-2.284603232470517,1.3358538122243322,16.00439999999998,16.145165000000002,16.265255999999994,16.413994,18.657824638259562,0.46601004999999995,10.73462745815208
SU,Suncor Energy Inc.,68.5,USD,1.2115839243498716,889568,0.18756593429613191,80119629470.09871,USD,Energy minerals,Strong buy,64.06052392925841,63.053688630772996,61.60824414216465,3.2715211819689456,10.16403988420714,54.837251356238696,66.81800000000001,64.9305,61.027600000000014,56.59035000000001,12.979715111738482,1.7655427097,58.695846324526144
APO,"Apollo Global Management, Inc. (New)",135.19,USD,1.0011206574523746,476941,0.1332002506597021,79835540591.35973,USD,Finance,Strong buy,129.7979294381387,128.17598694569506,127.24932857186366,-3.4357142857142873,11.130291820797362,-6.771946762292251,137.584,130.13850000000008,126.87419999999995,127.55194999999992,51.13473031242908,2.268602,-50.116981132075466
SLB,SLB Limited,53.75,USD,1.0148468333020093,1542580,0.1980367405410458,79772701568.9015,USD,Industrial services,Strong buy,51.48121344129497,51.21214421633644,50.63671041502592,-0.4260837347165559,14.361702127659575,39.937516271804235,53.33000000000002,51.34250000000001,49.74380000000009,47.89584999999994,26.089700029123385,0.619427,-29.425870101397646
ECL,Ecolab Inc.,283.985,USD,1.4232142857142907,314165,0.2719902467387403,79609112576.31569,USD,Process industries,Strong buy,277.40903185510376,275.03513960344344,273.2879750611895,3.5987888515978437,4.145885286783045,8.723200612557438,278.43899999999996,279.15825000000007,275.2145,271.32262499999996,38.09731426578305,2.173801,-0.31693389855440474
MSI,"Motorola Solutions, Inc.",480.41,USD,2.3237486687965974,323124,0.3630437865025155,79504864165.84807,USD,Electronic technology,Strong buy,447.4753809044856,438.23322684888103,432.1438679361073,3.7423339379804874,14.856432447940337,25.32870708546385,467.7079999999999,449.3324999999995,425.8860000000001,417.2056499999998,37.838880925001185,4.422666,2.1851634244689984
EOG,"EOG Resources, Inc.",151.45,USD,1.8493611297915264,620694,0.24305976790563472,79439941894.11465,USD,Energy minerals,Buy,142.31207391810997,140.0420865215151,136.9674129332146,6.079708622259563,9.082397003745308,44.23809523809523,146.0639999999999,143.27100000000019,138.4799999999999,126.28589999999994,11.781499661607635,4.010108,24.99538130937449
FDX,FedEx Corporation,335.415,USD,2.1423350995797628,316511,0.2107751574715397,79352881700.59338,USD,Transportation,Strong buy,323.2506577220021,319.6871566581007,312.10523552912855,0.19566256422512535,6.820063694267522,44.163326532213766,333.8549999999997,319.4932499999999,319.8514999999993,284.48460580119985,18.09435183686681,3.411989,9.927059242127733
NETTF,"NetEase, Inc.",24.9,USD,2.63808738664467,4031,2.6490109745679176,79296598392.17026,USD,Technology services,Strong buy,23.497172584677358,23.727028288099905,24.199230492213314,0,1.632653061224484,-9.520348837209307,23.41680000000002,23.230164999999985,26.522646000000005,23.67143449999999,16.743977848822812,0.45839142531,6.6845878762961055
NSC,Norfolk Southern Corporation,350.61,USD,3.4522439585730686,404355,0.34548424313143355,78749940727.04948,USD,Transportation,Buy,335.642176659015,329.69736166972467,322.45565311122783,4.659701492537318,2.8875781318778158,21.364533213333804,340.5799999999997,339.4945000000001,326.7991999999998,305.4225000000001,29.931363007734465,3.587593,-20.859119530848844
SHECF,"Shin-Etsu Chemical Co., Ltd.",39.63,USD,2.8015564202334775,1100,0.3952569169960474,78213447747.80502,USD,Process industries,Strong buy,39.696329963415316,40.42240276521174,40.49127910283164,1.8923227232992346,-8.636112135743257,19.439421338155523,39.40839999999999,37.793600000000005,41.38886699999998,38.25944674999999,25.14776777579947,0.510653917942,-13.845907481359424
VCISF,Vinci SA,138.93,USD,-3.5208333333333286,155,0.26668960770818995,78208661966.07764,USD,Industrial services,Strong buy,140.26191846068545,141.75747165813652,142.95740829493312,0,2.1168687982359393,-1.746817538896746,136.83598000000015,140.26244500000004,144.51422200000002,133.47461200000006,13.508106056057247,6.6084114000000005,4.938932973833522
CNI,Canadian National Railway Company,128.405,USD,1.4658237850651947,210005,0.19238533168227898,77704012424.8405,USD,Transportation,Buy,125.80015008122514,123.30240779590035,119.62142860912004,1.5781979273791669,-0.45352352895573916,29.806914678528102,127.21699999999998,127.50575,123.70370000000004,109.12972499999997,23.429435041245878,1.5087756273,2.841157928744824
SNPS,"Synopsys, Inc.",404.655,USD,0.0605820825399836,259632,0.2240248226185412,77483066692.88837,USD,Technology services,Strong buy,415.04520508960496,424.1175856232742,433.5423419680719,-3.102176672014569,5.930628272251302,-15.51029356495595,411.10699999999997,398.18724999999995,422.7569000000003,446.64189999999985,93.61596298438404,3.666715,-68.87197361409169
ENGQF,ENGIE SA,30.36,USD,4.351412662404614,142,0.030557348827200344,77142498159.87837,USD,Utilities,Strong buy,30.688705245109002,30.854493892743783,30.755557843152506,3.568260899229035,-3.398243604429176,13.921200750469048,29.695200000000007,30.314799999999998,30.773859999999996,29.933044000000006,16.775125904309547,nan,-25.321300032137646
TRV,"The Travelers Companies, Inc.",366.53,USD,-0.3805071616883739,484520,0.3320726516184909,76448997702.72177,USD,Finance,Buy,362.1149972152515,350.53718480874284,336.8445209801869,-0.49409528980590467,-0.2910772578890234,26.99837150479885,367.8660000000002,377.7505000000004,348.99040000000036,307.1527050000001,9.814437958549778,6.772909,65.14110353488454
CVNA,Carvana Co.,69.43,USD,6.815384615384626,4199097,0.5048797441863851,76405201486.59477,USD,Retail trade,Strong buy,68.57162338640536,68.33547426104144,68.74731457467756,-6.9427690658088625,2.6311899482631205,-17.674539935496103,70.76200000000001,67.808,67.21759999999999,72.4146450000001,32.206141571574356,0.438054,169.87981972959443
WUXIF,Wuxi Apptec Co Ltd.,27.3375,USD,7.968009478672979,256,0.3014957013308209,76319271774.28127,USD,Health technology,Strong buy,22.46294624371819,20.689853413913394,18.50651231815215,0,30.535991405037603,82.24999999999999,24.261499999999998,20.91412,15.377595999999993,nan,25.922837437745613,0.2606900535,65.8401381526157
MURGF,Muenchener Rueckver Ges,598.557,USD,-0.3119431074396572,109,0.24179236912156166,75998847976.94382,USD,Finance,Buy,584.520986394255,582.0862914603968,585.7756537421902,-1.7446260167272551,0.7074932026812463,-10.70378409828361,595.2832000000002,590.6130000000002,571.9979330000002,607.3624732499998,9.76321289680256,12.64100101374,34.826720320387
LITE,Lumentum Holdings Inc.,846.825,USD,-3.0327146145125905,2061136,0.3682887665132708,75960199703.4635,USD,Producer manufacturing,Strong buy,834.0239619982027,824.1401397873691,790.8124034320501,-10.711084868358615,10.822111420831542,123.21287363593233,899.117,810.8027500000001,813.3785,645.9914250000002,nan,4.213878,-34971.96776929601
ROST,"Ross Stores, Inc.",236.225,USD,-0.065572383450377,789174,0.3751113143374293,75776509092.60417,USD,Retail trade,Strong buy,239.08714815183384,235.09830768996227,228.46012411680428,-3.5383233288415172,0.3163750636996792,30.807353674068327,239.6409999999997,247.05399999999977,234.36839999999992,208.31914999999992,32.921968419438905,1.942649,13.472182686529393
BSX,Boston Scientific Corporation,52.08,USD,3.1900138696255196,5687811,0.37326086354486493,75475873778.86269,USD,Health technology,Strong buy,49.046543981965485,50.08619202189688,54.07496646889508,0.7155289112357328,18.93126284539849,-45.59130798161304,51.50000000000008,48.6305,46.369199999999964,69.92904999999996,21.118365029804142,0.807061,46.7741935483871
HLT,Hilton Worldwide Holdings Inc.,333.34,USD,1.7086715079025951,501388,0.27357025972391225,75023135160.42587,USD,Consumer services,Buy,327.74179239283603,327.227500792421,323.85558741541473,1.7987479004428115,3.0289917784508726,16.198975145536295,327.046,321.8315,330.34460000000007,309.5494000000004,48.97953186299719,2.356918,4.542242703533027
GM,General Motors Company,85.365,USD,1.97706367220165,1268187,0.3245992078848367,74903649729.65297,USD,Consumer durables,Strong buy,83.92547031418654,82.48408230138426,80.86066837396704,-1.026086956521745,10.878036108585531,4.858125537403265,85.32099999999996,86.88275000000007,81.93210000000006,78.86442499999995,43.05709674165237,3.604934,-68.57106623125456
ORLY,"O'Reilly Automotive, Inc.",91.84,USD,1.1899515204936075,977912,0.2638732299373472,74294963038.23357,USD,Retail trade,Strong buy,90.34831902292446,90.23866849003312,90.70087547807259,2.44283324037925,6.654279410056909,1.2122547939166946,91.29200000000007,90.89249999999983,89.04180000000011,92.6481,29.20655112100493,0.924844,12.468257090740005
AON,Aon plc,349.95,USD,1.9667832167832169,116080,0.16488692575088323,74233301244.83435,USD,Finance,Buy,352.43828649453843,347.89062545571244,343.53743515154883,-1.1440677966101727,-4.089127634499963,-0.33321941216678513,350.6559999999996,359.128,349.39200000000056,337.44110000000074,19.295769211682778,3.397776,51.84785156904115
CI,The Cigna Group,280.9,USD,0.8617594254937081,167926,0.11789471378486109,74225158987.68187,USD,Health services,Strong buy,283.2523612415199,283.37192481888553,282.94041939995236,0.3214285714285633,-0.11734167763042382,1.5325670498084116,279.0559999999999,282.0214999999997,285.5298,278.57904999999994,11.616894744895637,7.517069,32.04187280888568
B,Barrick Mining Corporation,45.08,USD,7.103825136612009,8267840,0.6513221863859417,74196469693.70538,USD,Non-energy minerals,Strong buy,40.77763309098266,40.38734910224946,40.365224351201796,7.615182621150628,28.104575163398696,2.1180201608336056,42.44000000000002,39.762,38.50699999999998,41.85517499999999,11.905566776813409,0.8850295972000001,132.02622249078243
RBSPF,NatWest Group plc,9.32,USD,-2.8660760812923436,7669,1.404270123782319,74088035638.30353,USD,Finance,Strong buy,9.153117989288265,8.930726645053456,8.69005298252145,-1.16544183925598,5.014084507042257,4.542905215928224,9.543999999999999,9.319870000000005,8.899306,8.3262405,9.43657472587611,0.2563732025,20.509123414274182
ET/PI,Energy Transfer L.P. Series I Fixed Rate Perpetual Preferred,11.4992,USD,0.4296943231441118,19265,0.29428253261701415,73755476850.0,USD,Industrial services,,11.529113197621282,11.548710759880548,11.576999669305511,0.2545771578029594,-1.632164242942681,0.342059336823728,11.489499999999992,11.537275000000015,11.506846000000001,11.640712000000008,7.8788626241863655,0.386542,12.650509416486564
HPE/PC,Hewlett Packard Enterprise Company 7.625% Series C Mandatory Convertible Preferred Stock,135.12,USD,-5.258729490954985,43643,0.16608385288052335,73744890607.0,USD,Electronic technology,,129.69722028222452,121.81330490700896,111.15903583400222,-9.799732977303075,14.450279518888703,103.80090497737558,145.91400000000002,134.44975,125.82289999999998,83.93516500000005,127.07608388977712,0.924102,9.856390122946578
VOLVF,Volvo AB,36.2,USD,-0.48109965635738056,880,1.234741125298162,73582827646.67549,USD,Producer manufacturing,Buy,36.19209952695428,35.766143038489396,35.25276465389359,1.2729053014407763,7.2592592592592675,10.407929851315291,36.982500000000016,36.30462499999998,35.11468800000003,32.66781199999999,19.998806259100427,0.5732867638,-8.072968520659566
ET,Energy Transfer LP,21.32,USD,-0.4668534080298852,5177700,0.5928049912813232,73411146892.71709,USD,Industrial services,Strong buy,20.43230993408182,20.11762234640241,19.742468493749087,1.3307984790874579,4.869650762420079,29.604863221884507,21.097999999999985,20.562500000000007,19.88819999999999,18.620950000000015,14.60774237752655,0.386542,12.650509416486564
JAPAF,Japan Tobacco,41.21,USD,-2.576832151300228,364,4.477244772447724,73141713378.90329,USD,Consumer non-durables,Strong buy,40.99368291984493,40.21350122519188,39.364189149805334,0,7.317708333333339,9.078877713075702,43.176000000000016,39.41124999999999,38.908218000000005,33.00088150000002,19.12787046634601,0.6880687686070001,184.2460171874831
CL,Colgate-Palmolive Company,91.69,USD,0.25147605510606164,650968,0.19029143264688048,73092772431.98643,USD,Consumer non-durables,Strong buy,91.78427976753927,91.26389496417987,90.38086374411567,0.7029104887424499,-0.43435769356065335,16.166223235778524,91.64799999999967,91.99550000000033,91.72820000000036,86.95897500000014,36.2712132600182,0.929694,-28.947664286918883
TGT,Target Corporation,160.64,USD,5.351521511017836,4184504,0.9906873114230459,72961261334.96327,USD,Retail trade,Buy,146.6733444406556,141.40696507642292,135.21212605501077,4.68556533072662,13.67914514188662,64.06904299867224,154.824,148.2535,139.58020000000005,118.12657500000005,21.197925601404044,2.349259,-16.704953890458228
MFC,Manulife Financial Corporation,43.7,USD,-0.7494889847830986,348168,0.13783276886115123,72509196341.04636,USD,Finance,Strong buy,43.17048026048692,42.176431145268495,40.85831130492507,-1.5987390227426117,0.7841328413284212,20.087936246221496,44.06799999999999,44.15299999999998,42.31460000000001,37.867850000000004,16.77626648911209,0.8595584649,14.048556541914262
DLR/PK,"Digital Realty Trust, Inc. 5.850% Series K Cumulative Redeemable Preferred Stock, par value $0.01 per share",21.685,USD,-0.11515430677108306,3833,0.37433102855580297,72249566849.0,USD,Finance,,21.99498620802771,22.151450609234683,22.381626751766706,-1.1622607110300938,-1.56604630049933,-9.229803264964428,21.81004,21.888410000000047,22.116223999999935,23.072476000000115,10.54820507831501,0.517062,-46.11977460359062
DLR/PJ,"Digital Realty Trust, Inc. 5.250% Series J Cumulative Redeemable Preferred Stock",19.34,USD,0.31120331950206803,4619,0.3951781253208309,72249566849.0,USD,Finance,,19.742963233528542,19.897609078710875,20.101075711884263,-1.3768485466598652,-3.3966033966033953,-7.019230769230773,19.505999999999982,19.717684999999943,19.950022000000004,20.670878000000027,9.407529915361415,0.517062,-46.11977460359062
DLR/PL,"Digital Realty Trust, Inc. 5.200% Series L Cumulative Redeemable Preferred Stock",19.21,USD,0.3657262277951948,15306,1.0645504559080254,72249566849.0,USD,Finance,,19.57618150354095,19.70295850766148,19.872994237276846,-0.877192982456131,-2.338586680223695,-6.520681265206813,19.33966000000003,19.552974999999883,19.70559000000009,20.34833749999993,9.344294192042028,0.517062,-46.11977460359062
AMXOF,America Movil S.A.B. de CV,1.18,USD,-7.812500000000007,114,0.014350814471663436,72230162728.07822,USD,Communications,Strong buy,1.2719067978937781,1.2668894243447035,1.2334635898794915,0,-14.492753623188404,15.686274509803914,1.2839999999999996,1.2955849999999995,1.1616257999999997,0.9263818500000001,13.883610469611828,0.01960736176,71.06256989042147
SPG,"Simon Property Group, Inc.",222.7775,USD,0.9825030596981051,163060,0.14122568932184473,72079997536.82764,USD,Finance,Buy,222.37714310838695,219.4308404773253,214.26967295629643,1.9978945441230362,-2.780929522147066,20.76624925462135,221.22149999999993,225.50637499999985,222.75715000000028,199.79028749999975,42.272770398481974,1.690876,-25.407991394318557
WBD,"Warner Bros. Discovery, Inc. - Series A",28.525,USD,0.1580056179775216,4205137,0.22839809127986194,71617812453.79564,USD,Consumer services,Buy,27.227822980682486,27.062197056187415,26.840289543321234,2.571017619561309,6.159285448455518,-0.9204584925321312,28.135,26.66575000000001,26.65589999999999,26.93715000000001,nan,-0.023659,-521.58940397351
KMI,"Kinder Morgan, Inc.",32.055,USD,-2.4794645573471183,2489433,0.29240576822225,71380135853.37482,USD,Industrial services,Buy,32.15549987900032,32.15676645291454,31.97930021305994,-2.3606457508376444,-1.3692307692307701,16.60603855947618,32.431,31.873249999999995,32.03639999999999,30.778700000000008,20.67797703522126,0.312651,27.19067935674433
SPG/PJ,"Simon Property Group, Inc. Simon Property Group 8 3/8% Series J Cumulative Redeemable Preferred Stock",55.2201,USD,-0.9682568149210831,1385,1.0148007033997655,71378699629.0,USD,Finance,,55.37153806004373,55.14309691102613,54.89787252578324,-0.8259698275862025,0.34544793748864444,3.3697117184575074,56.03838000000013,55.327904999999944,55.2093940000001,54.246301,10.478197343453513,1.690876,-25.407991394318557
DB,Deutsche Bank AG,38.1,USD,0.02625360987135209,601998,0.4503407190454067,71371932573.56197,USD,Finance,Buy,36.682334773959475,35.80180553049892,35.084520711811074,-0.6000521784502919,8.732876712328773,-3.1520081342145447,38.24999999999999,37.17449999999998,35.73079999999999,34.910325,10.095557311687907,0.9881716122,5.9743008571097045
HON,Honeywell International Inc.,224.7,USD,-1.3218567476175922,435567,0.14850802566669508,71216420648.52136,USD,Producer manufacturing,Strong buy,234.48329495843146,234.69474270605073,234.0888090788971,-3.275795273556891,-0.13333333333333838,9.540245811704565,229.96199999999948,239.8565000000001,233.85220582400024,229.27255398000034,8.308651424894894,2.140694,53.73390557939914
NU,Nu Holdings Ltd.,14.705,USD,2.4738675958188185,28611691,0.4282596898951147,71032276270.49199,USD,Finance,Strong buy,14.201563660534255,14.032679404643389,14.080396458619038,-4.512987012987015,8.045554739162386,-13.804220398593193,14.590999999999994,14.279249999999987,13.627100000000016,15.036525000000001,20.012248230811103,0.226068,56.40698169433802
DPSTF,Deutsche Post AG,63.3775,USD,0.24913002214488905,815,0.7408417416598492,70934841170.30873,USD,Transportation,Buy,63.27542170922788,62.1777053356631,60.476485053064714,0.24913002214488905,-2.7952453987730137,16.09727056237405,63.633399999999995,64.22107999999994,60.216230000000024,50.924397000000084,16.981553774184064,0.94107134622,7.3974721951684
DLR,"Digital Realty Trust, Inc.",190.73,USD,-2.3149807938540388,435165,0.24082012488457466,70577003252.80292,USD,Finance,Strong buy,190.8230009331684,189.3589669916154,187.12695491601653,-4.44867491608638,9.6842831675197,23.338075530263843,196.324,193.22199999999998,186.5947999999997,177.49154999999982,92.77653468236208,0.517062,-46.11977460359062
WFAFF,Wesfarmers Ltd.,62.0,USD,0.4048582995951417,129,0.3757646373434314,70387529340.53668,USD,Retail trade,Neutral,58.19614932533496,56.982434447341376,55.58752468224798,0.4048582995951417,-3.9206570587323744,14.491482387701392,60.8,55.73389500000003,52.321608000000005,37.683708755,34.42708267538968,0.74086904155,27.04846120051364
HPE,Hewlett Packard Enterprise Company,53.115,USD,-4.623810378883095,7242288,0.46761736775995827,70335066701.21754,USD,Electronic technology,Strong buy,50.4366130394963,47.18581283690989,42.784773419385964,-10.339297771775827,15.16695576756289,118.76029654036243,56.98899999999996,52.14424999999998,48.78629999999998,31.48192500000001,49.95297658233801,0.924102,9.856390122946578
MKGAF,Merck KGaA,160.21,USD,1.2385466034755184,834,1.4989216391085551,69655763279.64922,USD,Health technology,Buy,161.60674765230365,159.31022645686735,155.4753469871996,-0.7372986369268882,-0.5647964250248241,8.433898029766707,160.61200000000008,164.15845000000002,162.04162000000005,145.8437205,25.734548332171197,2.3944427154600003,-19.744336960266086
URI,"United Rentals, Inc.",1118.73,USD,0.21050180046220004,79338,0.21144400923298576,69632539868.46402,USD,Finance,Strong buy,1109.8611735609786,1079.5468550264516,1035.6442420809676,-3.182172219818259,5.77306721378123,38.014285890524185,1134.8679999999997,1127.0905000000005,1097.3896,915.9063999999994,26.87865646360655,13.932152,7.655638525983063
MPNGF,MEITUAN,11.17,USD,9.509803921568635,2033,1.3829931972789116,68980061021.37825,USD,Technology services,Strong buy,10.7696643067343,10.551108000885465,10.570252170943148,9.509803921568635,16.051948051948052,-15.69811320754717,11.331499999999982,10.888759999999996,10.269350000000006,12.002933484999998,nan,0.00798760578,nan
CHGCF,"Chugai Pharmaceutical Co., Ltd.",41.7125,USD,-6.876151141374111,5222,0.5802415636076758,68648886611.94124,USD,Health technology,Strong buy,44.32459793783568,45.73432825290687,47.46533093263987,-4.482482253263117,-8.94455359091902,-22.279672070057764,43.45149999999994,43.456875,44.64435000000006,51.23803050000001,23.68445468923703,0.480903853752,5.626120535605059
AEP,"American Electric Power Company, Inc.",125.83,USD,-0.411555203798968,614342,0.21892414424614529,68501524002.469406,USD,Utilities,Buy,128.8757020517664,129.70392346737404,129.49557141158132,0.7607303010890478,-5.141349415755753,9.0003465003465,125.93800000000003,127.84949999999989,131.0134,126.77717499999991,21.80535819498839,2.005251,-15.46518611839503
RSG,"Republic Services, Inc.",223.56,USD,3.0372862607733806,316679,0.2483063941842739,68456974680.90759,USD,Industrial services,Strong buy,216.53145167548982,215.40539312857362,215.00234333455867,4.957746478873241,0.6709596073310259,6.1790548563286585,217.14399999999992,214.3390000000004,214.56760000000006,214.1072999999998,31.666170908936387,1.92866,4.356116596700759
KDDIF,KDDI Corp.,19.0,USD,15.853658536585376,400,0.14269915450750956,68441678466.79958,USD,Communications,Buy,17.734840536590227,17.480196056955233,17.21163313502094,18.085767557489124,20.71156289707751,7.954545454545446,18.147599999999994,17.18715,16.731427999999998,15.924164527499997,15.876783851633968,0.31468365212500005,5.266876585078966
CRARF,Credit Agricole SA,22.5399,USD,-1.8292762599140315,462,0.2220299884659746,68178099165.93706,USD,Finance,Buy,21.542119226950284,21.020377404686304,20.59208989769616,-1.8292762599140315,10.815634218289084,10.300464888671401,22.85592000000001,21.072259999999993,20.012549999999994,18.915140499999996,9.463977406968894,nan,-13.153222089616277
TDG,Transdigm Group Inc.,1231.76,USD,-0.16372448896885844,41377,0.11369016168088997,68087412313.69729,USD,Electronic technology,Buy,1248.7738663122093,1250.9262641052158,1254.905773661074,-2.0079554494828966,0.830045349617729,-7.3188716582770885,1241.314000000002,1251.1939999999995,1268.1894000000004,1276.7111500000015,37.35152755666743,12.068201,9.481962989768064
APD,"Air Products and Chemicals, Inc.",305.56,USD,0.7683936285987482,123863,0.19095255824135504,68043793505.46079,USD,Process industries,Strong buy,300.58899211109554,297.4974575057947,293.6085065536389,-0.7567637792718127,3.544561165706533,24.575994781474233,304.82799999999986,299.93749999999994,294.2906,279.37380000000036,nan,3.610305,-103.09207216272551
MCQEF,"Macquarie Group, Ltd.",184.5,USD,3.651685393258427,1974,2.559315441462466,67899006196.423546,USD,Finance,Buy,168.1893335821592,162.02327288574523,155.94643610452167,0,13.580398916523023,35.254013635363975,173.60500000000008,153.9016500000001,144.22817800000004,127.33135500000004,21.26428717633512,4.458047475000001,42.465109438803175
NBNKF,Nordea Bank Abp,20.0,USD,-0.04997501249376093,2000,0.4414718672052623,67850003592.828224,USD,Finance,Buy,19.09759960524861,18.84878994848725,18.516741511039367,0,7.181136120042872,4.384133611691023,19.13802,18.402679999999997,18.150762000000014,13.748209894999997,12.709351019523867,0.4270410999,-3.4495140549397703
PCAR,PACCAR Inc.,128.67,USD,0.5077331666926864,516170,0.20793915287143352,67727377700.39797,USD,Producer manufacturing,Buy,128.12730102158758,125.87678353597441,123.30625482165574,-1.1447449293177698,1.4827667797144737,17.196465980508226,129.8080000000002,132.26749999999961,125.9306,118.10842500000001,27.08614011451667,1.611136,-18.58504147528622
JPSTF,JAPAN POST BK CO LTD,18.75,USD,-1.3157894736842104,200,0.11205737337516809,67033428955.07953,USD,Finance,Strong buy,17.750052733783335,17.124424379863516,16.078402916422874,0,-1.3157894736842106,30.20833333333333,17.228059999999992,18.255204999999997,14.653258,nan,18.179378887302587,0.31370428802600003,26.726248572478863
IMO,Imperial Oil Limited,137.8,USD,1.5475313190862365,179286,0.4603406016168897,66639076847.42615,USD,Energy minerals,Buy,128.5397211372634,126.27284503902041,123.3900554278268,2.8818874122741627,13.08986458760773,59.1040295577878,134.80199999999996,129.45850000000002,122.51860000000002,114.3546500000001,23.055741756417863,3.0519035840000006,-10.398362013920751
ALL,Allstate Corporation (The),262.69,USD,0.5896994064713844,239193,0.1347016159260714,66423254891.03244,USD,Finance,Buy,255.69792281540822,247.9458926231836,238.75570966868682,0.7555998772629526,5.553100012054483,26.878863987635246,260.76599999999996,263.77700000000016,248.46419999999986,218.38224999999989,5.245973008271659,6.566839,135.47341938821094
ALL/PI,"Allstate Corporation (The) Depositary Shares each representing a 1/1,000th interest in a share of Fixed Rate Noncumulative Perpetual Preferred Stock, Series I",17.6,USD,0.744132799084159,6865,0.20930260919407062,66033853648.00001,USD,Finance,,18.119827272681505,18.329323908452025,18.580297494987704,-1.2345679012345616,-5.172413793103434,-9.65092402464065,17.725,18.021411849999996,18.403468740000093,19.178058685000064,0.35147559840717657,6.566839,135.47341938821094
ALL/PJ,"Allstate Corporation (The) Depositary Shares each representing a 1/1,000th interest in a share of Fixed Rate Noncumulative Perpetual Preferred Stock, Series J",25.954,USD,0.2754735788770136,9460,0.2463118318205725,66033853648.00001,USD,Finance,,25.973495557902904,26.003299478393746,26.063267746511197,-0.13851481338975688,-0.4067536454336074,-1.3530976814899207,25.937340000000017,25.910835000000002,25.994733999999923,26.261721500000057,0.5183066864238557,6.566839,135.47341938821094
ALL/PH,"Allstate Corporation (The) Depositary Shares each representing a 1/1,000th interest in a share of Fixed Rate Noncumulative Perpetual Preferred Stock, Series H",18.85,USD,0.9100642398287029,34084,0.28745621825217105,66033853648.00001,USD,Finance,,19.369449995035595,19.623233006652438,19.930459089122564,-1.4143530644316373,-5.513784461152872,-10.536307546274319,18.90000000000011,19.196499999999986,19.672499999999932,20.670422500000097,0.37643835397586806,6.566839,135.47341938821094
ALL/PB,Allstate Corporation (The) 5.100% Fixed-to-Floating Rate Subordinated Debentures due 2053,25.57,USD,0.11746280344558002,13748,0.9383723866793167,66033853648.00001,USD,Finance,,25.61328921699438,25.663781533120904,25.735489736155575,-0.19516003122560777,-0.31189083820662106,-0.8914728682170558,25.57802000000002,25.548957549999926,25.647613019999913,25.947245280000015,0.5106381279131537,6.566839,135.47341938821094
WPM,Wheaton Precious Metals Corp,145.19,USD,9.412207987942736,4273218,2.2414782405949136,65939484971.62938,USD,Non-energy minerals,Strong buy,126.8669580150561,125.16284873782251,125.0159713336924,7.262115839243487,40.30730575956706,22.008403361344538,136.11400000000003,123.39049999999997,117.1708,126.11285,33.0978150654853,1.122965,146.00875424842607
SFBQF,Softbank Group Corp,1.38,USD,6.153846153846142,17743,0.68621839249387,65911581562.49999,USD,Communications,Strong buy,1.3670436382482944,1.3570170369896952,1.357110176682577,6.153846153846142,1.4705882352941024,-8.000000000000007,1.3819999999999983,1.3578000000000003,1.329360000000003,1.3746982499999998,19.797351498266,0.020103021241,-3.6699937331864114
AJG,Arthur J. Gallagher & Co.,256.77,USD,3.386213560959884,292499,0.26472864723108275,65810148027.646355,USD,Finance,Strong buy,247.0132747692182,241.17570125810815,237.2350664509741,3.1246234788545615,2.32734228669349,-0.1322391194430523,251.56000000000003,252.4689999999999,242.22360000000003,233.1776500000001,42.48486051821701,3.079557,-8.900712961427725
PCRFF,Panasonic Holdings Corporation,28.0,USD,0.10725777618877776,276,0.046478730928564214,65369752929.68981,USD,Consumer durables,Strong buy,26.673827172092004,25.543667421442702,23.754348590746602,-5.88235294117647,12.0,133.33333333333334,28.734,26.389549999999996,26.350509999999996,18.31813475,41.99090343920343,0.33045243937200003,-38.86111944394157
RNMBF,Rheinmetall AG,1390.0,USD,-0.8912655971479502,2,0.0040477636106051405,64851453070.860115,USD,Electronic technology,Strong buy,1316.884918356011,1340.9524451962886,1414.6896548074274,-0.6781041665178036,22.587928175821062,-26.861352275716918,1386.2480000000007,1325.6987500000014,1262.15066,1674.3777390000005,78.91658517378616,7.979623202640001,-17.22885430237862
MPWR,"Monolithic Power Systems, Inc.",1318.815,USD,-1.0774989123749237,327555,0.5749865449409505,64810530208.206696,USD,Electronic technology,Strong buy,1378.124236208723,1384.5179189719906,1361.94613104699,-6.995366746355804,-1.0611721281958935,42.17420130335649,1366.5089999999987,1358.4629999999995,1387.5455999999997,1232.024875,80.81766594764193,7.693148,-57.50593725261448
SCBFF,Standard Chartered PLC,29.4,USD,-2.1223470661673,1531,0.772452068617558,64231686556.98318,USD,Finance,Buy,28.7017157746601,27.887262734037513,26.827063202932166,-3.6065573770491848,6.715063520871135,18.548387096774185,30.055500000000002,29.20062500000002,27.806775999999967,24.4839195,14.179643934671772,0.566827,7.896844903917363
TNCAF,TC Energy Corp.,15.5,USD,0,2804,1.769643420637425,64032083585.309906,USD,Industrial services,,14.674289905925288,14.474534951014009,14.199533550992271,0,6.896551724137931,9.088093914291946,14.879999999999999,14.496670000000003,13.753713999999995,12.217988250000001,6.59785599476939,0.6004953769000001,-21.614753795877807
TCANF,TC Energy Corp.,14.9938,USD,7.8690647482014375,2000,2.3463162834350073,64032083585.309906,USD,Industrial services,,12.379527729203819,11.696384183600607,11.037426556675776,-0.04799680021331383,7.827950493696647,4.632240055826938,14.246280000000002,11.812152499999995,9.600860999999998,nan,6.382382788024083,0.6004953769000001,-21.614753795877807
TFC/PI,Truist Financial Corporation Depositary Shares,17.98,USD,0.36002344338700504,24381,1.1274972253052165,64025430041.0,USD,Finance,,18.16282093668917,18.347826144168742,18.633971596714176,0.05564830272677554,-1.4254385964912173,-9.283551967709384,18.033099999999944,18.086944999999954,18.234741999999923,19.404799999999934,4.1278295605858855,1.115209,18.367346938775523
TFC/PR,"Truist Financial Corporation Depositary Shares, each representing 1/1,000th interest in a share of Series R Non-Cumulative Perpetual Preferred Stock",17.675,USD,0.7122507122507122,22466,0.4121967374332836,64025430041.0,USD,Finance,,18.11472479009378,18.23279236061658,18.394114495892104,-1.6963292547274733,-3.7309368191721064,-8.181818181818178,17.831000000000007,18.185999999999993,18.281940000000024,18.865561499999934,4.0578079801643785,1.115209,18.367346938775523
TFC/PO,"Truist Financial Corporation Depositary Shares, Each Representing a 1/1,000th Interest in a Share of Series O Non-Cumulative Perpetual Preferred Stock",19.53,USD,0.7739938080495466,21913,0.5307867454704002,64025430041.0,USD,Finance,,20.140467461308752,20.366522417213528,20.635946157541206,-1.8117765475591314,-4.311611954924052,-9.457579972183584,19.726000000000006,20.159249999999993,20.423332000000027,21.32234549999997,4.483676936498462,1.115209,18.367346938775523
BKR,Baker Hughes Company,64.46,USD,0.03103662321538799,1142511,0.19586759190254655,63987773122.197395,USD,Industrial services,Strong buy,61.368224452423895,60.883699358889544,60.23650845707949,-1.2258657676984543,14.615931721194864,40.988626421697276,64.41199999999999,61.76149999999998,59.40730000000001,57.59925000000001,20.713367609254497,0.601785,1.8091405764386397
HKXCF,Hong Kong Exchange & Clearing Ltd.,50.188,USD,-3.6217690210085562,2116,0.8333661533614273,63509440294.45974,USD,Finance,Strong buy,51.41111462151754,51.20753797479259,51.27727730008239,-6.560917485850464,3.3738414006179305,-8.466168156118906,51.97479999999998,52.15770000000007,49.736340000000055,52.256913000000075,29.23004977830069,0.4939194813,19.58716351586279
CRH,CRH PLC,95.32,USD,2.2198391420911454,1098225,0.2615920551189687,63414917097.67806,USD,Non-energy minerals,Strong buy,99.9574619082764,102.30803136193718,104.98534280870824,-1.528925619834715,-8.266769319603506,-24.047808764940246,95.8939999999999,98.4895,103.20040000000004,112.65519999999995,16.80921226656321,2.264575,18.52726626674749
NTIOF,National Bank of Canada,163.58,USD,-0.5229871077596603,1256,0.02701011373924488,63347654989.58685,USD,Finance,Buy,161.82590762110536,158.6748290704027,153.48527681103747,-2.2761216321165985,-4.601387997900499,29.88724789582342,165.538,162.77622500000004,159.79347600000003,138.51566032499994,19.685876116420566,2.2674918011,9.31864127819722
TFC,Truist Financial Corporation,51.81,USD,-1.1448196908986727,1365728,0.2542923309802015,63292454310.708084,USD,Finance,Buy,51.797585618526234,51.26583545598708,50.59540041118144,-2.060491493383736,-1.31428571428571,5.1872906303928525,52.574,52.31400000000001,51.312800000000095,49.323050000000094,11.894485513568116,1.115209,18.367346938775523
TRGP,"Targa Resources, Inc.",293.585,USD,-1.405447157201868,256730,0.23295771363342077,62953727220.274796,USD,Utilities,Strong buy,275.0452215935077,270.14627242326696,261.20031736148707,6.044789597254815,2.9761487197474414,59.704618397432384,282.3929999999999,271.23325000000006,271.1476999999998,230.31662500000004,28.02827792946747,2.702303,49.97780673243511
BNKHF,BOC Hong Kong (Holdings) Ltd.,5.95,USD,0,119,0.004494432946081912,62908048437.5,USD,Finance,Strong buy,5.825430361914128,5.617563388913575,5.290357889413711,0,-3.252032520325206,9.174311926605505,6.0007600000000005,5.331339999999999,4.301180819999999,3.503891350000003,12.20595039794701,0.27788460000000004,4.756714925824163
KBCSF,KBC Group SA,150.21,USD,9.466550065588114,274,0.536308475239773,62737080457.56508,USD,Finance,Buy,138.35908325053856,134.96758057913058,129.25512965480084,0,8.926758520667152,13.195177091183135,139.658,133.33292060000002,111.27919824,78.70539428000002,14.557975895844583,3.38148013446,0.4637750475556676
NTDOF,"Nintendo Co., Ltd.",54.3905,USD,-2.460434880071732,306,0.06330554233816746,62701822539.42793,USD,Consumer durables,Strong buy,49.820956200582756,49.12227871985676,50.47735728185875,3.502378686964806,27.407759644507745,-17.377335561294238,54.70659999999998,49.83545124999996,46.19294649999997,58.42739379499997,21.579000060112456,0.460244039285,43.90124360178397
TRP,TC Energy Corporation,62.4,USD,-2.5304592314901555,549767,0.26946389395954407,62399997646.85689,USD,Industrial services,Buy,65.58303151542242,65.97820046001918,65.41246613704853,-3.73341561246528,-10.58890958590057,13.43392110525359,63.37199999999999,65.45300000000006,67.2896000000001,61.885649999999984,26.561691230555482,0.6004953769000001,-21.614753795877807
GWW,"W.W. Grainger, Inc.",1323.09,USD,0.6825860651995274,33936,0.15989558916030785,62318783404.54534,USD,Distribution services,Buy,1331.4063348172544,1315.6482811117103,1279.472359815347,0.37476766680573737,-5.573833669951979,31.352751965689773,1319.7820000000006,1333.231000000001,1344.2964000000004,1155.904,33.58292489155458,11.688738,-0.5866737992742951
ARGNF,Argen X NV,995.0,USD,1.8048620774330837,49,0.5875299760191847,62248188228.28162,USD,Health technology,Strong buy,894.0851002539315,864.6972572220262,822.170985105067,11.986494091164884,15.028901734104046,21.801934141265765,928.1479999999998,843.9243,755.0758699999999,nan,38.69737429144738,nan,20.606133597952113
NBIS,Nebius Group N.V.,227.7,USD,-8.344402849897364,21218472,0.7628589531417859,61901434046.228714,USD,Technology services,Strong buy,219.58996750867675,211.82363606891508,196.82454195665574,-17.732495122479943,21.78750033428716,161.7692705638903,255.5399999999999,212.13849999999994,223.02700000000002,148.32507499999994,nan,-0.790801,-114.14427157001417
SCGLF,Societe Generale,95.546,USD,1.163080017999419,35,0.005285412262156448,61777885906.34547,USD,Finance,Strong buy,90.79489063325886,88.26663036124921,85.25055383072782,0,8.983688833124221,15.324079662039848,93.90870000000004,85.05021999999997,82.70289799999999,56.80303249999999,10.991263810470176,nan,17.03733057988621
MET/PE,"MetLife, Inc. Depositary Shares",21.475,USD,0.7270168855534762,38831,0.4760801333921828,61469685447.0,USD,Finance,,21.95572327825995,22.147345346714715,22.406709938551572,-0.3480278422273749,-4.129464285714273,-9.882501049097764,21.512999999999955,21.869750000000007,22.166074,23.154381499999964,4.109418653603277,2.552535,-11.437626044367619
MET/PF,"MetLife, Inc. Depositary Shares, each representing a 1/1,000th interest in a share of 4.75% Non-Cumulative Preferred Stock, Series F",18.01,USD,1.6365688487584802,28294,0.39645941314366506,61469685447.0,USD,Finance,,18.20593341620648,18.35601314668782,18.573140208523178,0.6145251396648211,-2.172732210755017,-8.994441637190489,17.869999999999965,18.061005000000062,18.345502000000007,19.18940349999994,3.446362279459605,2.552535,-11.437626044367619
MET/PA,"MetLife, Inc. Preferred Series A Floating Rate",20.88,USD,0.67502410800386,4950,0.10439161830206506,61469685447.0,USD,Finance,,21.05809634580598,21.19984128908529,21.369747350868632,1.0648596321393942,-1.971830985915501,-3.6011080332410024,20.775000000000002,20.933140000000066,21.197608000000102,21.705627499999927,3.995560488346282,2.552535,-11.437626044367619
PSA,Public Storage,327.07,USD,1.2287217579696597,117836,0.1725597792612539,60990660877.55428,USD,Finance,Buy,323.73280011159545,320.08654115418284,314.46792759294163,1.234988238207258,3.121354478670737,26.233114627556915,325.82600000000025,325.0845000000006,322.38559999999944,295.5303999999997,31.189029914081644,2.565987,14.418670623663427
CVE,Cenovus Energy Inc,33.05,USD,1.629766297662958,1313921,0.23105520075332042,60952298733.66873,USD,Energy minerals,Strong buy,29.641055027881503,28.723245766917074,27.496243416401978,5.32186105799872,18.41633823002507,94.7554507955215,31.862000000000002,29.78450000000002,27.788000000000014,23.722409999999996,13.11085059549047,0.850651373,141.60591206894858
MET,"MetLife, Inc.",95.9,USD,-0.8580585133877785,381602,0.15251550546195292,60942239577.86934,USD,Finance,Strong buy,94.21269198654734,91.50724778365108,88.22615648403051,-1.5501488553536507,2.0212765957446868,21.484671902710932,96.8879999999999,96.58099999999993,92.09979999999992,80.88545000000003,18.351257223774354,2.552535,-11.437626044367619
FKURF,Fujikura Ltd.,34.605,USD,-6.57397408207344,101,0.04816634078878344,60732357945.557556,USD,Producer manufacturing,Strong buy,32.42803142078184,32.20244952879596,31.382683606004367,-10.926640926640937,15.697091273821453,82.05136759388907,35.934000000000005,30.69120000000002,31.911380000000005,24.849857400250002,45.171055409090975,0.303339718219,76.87465972086915
NKE,"Nike, Inc.",40.935,USD,2.1842236645032447,8913777,0.3315638709817665,60727021936.1806,USD,Consumer non-durables,Buy,42.047244811840585,43.09971215837463,45.29589265139718,1.449814126394054,-6.618274394222117,-36.0390625,40.40899999999998,41.570250000000044,42.644100000000016,52.84067500000004,19.509579639691168,0.448258,-2.8296207104154196
COR,"Cencora, Inc.",318.175,USD,0.6468857748394699,142550,0.09369069569564371,60716438601.99166,USD,Distribution services,Strong buy,309.33125316743894,305.9998600408864,306.6570890192662,1.9791666666666703,4.223991090146764,-5.636455305771396,314.13100000000003,315.4447499999999,301.0232999999999,323.77537499999994,23.65490271881761,4.567723,38.36887530989928
NNFSF,NONGFU SPRING CO LTD.,5.39,USD,-0.9191176470588366,3026,0.08619216352014948,60618454236.710396,USD,Consumer non-durables,Strong buy,5.427359387596737,5.488995259393333,5.481988117353347,0,5.686274509803923,-11.928104575163406,5.367999999999999,5.717,5.291815999999999,nan,27.416744857798754,0.11774400000000002,30.725038506315865
D,"Dominion Energy, Inc.",68.86,USD,0.36437837049992716,526535,0.1592370508887483,60564156762.940674,USD,Utilities,Buy,68.83267945032522,68.25826288420932,67.14529195117886,0.569592522272529,-3.1368687579125107,16.890171447971486,68.71000000000028,69.00849999999954,69.1222,63.75390000000002,23.9471396278908,1.197203,-0.6529850746268628
OXY,Occidental Petroleum Corporation,60.5833,USD,1.3098662207357927,2609683,0.3242333902732306,60561331125.71061,USD,Energy minerals,Buy,56.944041747218996,56.213494264948416,55.27263417812411,3.543496838147331,11.756686958125808,46.90421920465567,59.09666000000002,57.04366499999996,54.613465999999946,51.27859149999976,17.949011939679437,1.202108,98.32540102238676
OKE,"ONEOK, Inc.",96.05,USD,-1.0507880910682972,568750,0.17083955740013884,60547008528.283714,USD,Industrial services,Buy,91.96043625158406,90.85040369399769,89.26691728099097,0.9246611327098827,2.650422143849529,30.751429349305752,95.2140000000001,91.12049999999978,90.04039999999992,83.31990000000005,16.592671929794253,1.479966,12.846755170867707
THLEF,THALES,293.5,USD,-5.32258064516129,16,0.14869888475836432,60319816718.50564,USD,Electronic technology,Buy,287.3833191772147,282.7739955525857,280.92000218388347,-2.4106400665004157,14.42495126705653,4.817685082675622,307.86688000000026,295.1609200000001,275.3048779999999,281.94220049999973,35.37541147560717,6.432727188,112.33399463447343
PSA/PR,"Public Storage Depositary Shares Each Representing 1/1,000 of a 4.00% Cumulative Preferred Share of Bene cial Interest, Series R",14.94,USD,0.26845637583892046,15464,0.7467465050583094,60250351697.0,USD,Finance,,15.267621209887306,15.371754901575063,15.504968426397364,-1.7751479289940915,-2.5440313111546025,-6.6250000000000036,15.073999999999998,15.23435999999999,15.380858360000026,15.846547089999994,1.4246617143620013,2.565987,14.418670623663427
PSA/PL,"Public Storage Depositary Shares Each Representing 1/1,000 of a 4.625% Cumulative Preferred Share of Beneficial Interest, Series L, par value $0.01 per share",17.315,USD,0.31865585168018373,5660,0.18887316799701007,60250351697.0,USD,Finance,,17.670264234230476,17.80002966248204,17.966899122934926,-1.282782212086647,-3.483835005574136,-6.607335490830625,17.426000000000013,17.620510000000003,17.80852,18.38970450999998,1.6511390618593076,2.565987,14.418670623663427
PSA/PG,"Public Storage Depositary Shares, Each Representing 1/1,000 of a 5.05% Cumulative Preferred Share of Beneficial Interest, Series G",19.0301,USD,0.053101997896957576,2608,0.17982982361783403,60250351697.0,USD,Finance,,19.613723346625573,19.769783632755193,19.94480258601044,-1.4495080269290412,-4.897051474262872,-5.97776679841896,19.204019999999968,19.598504999999953,19.82960400000012,20.368563999999996,1.8146890823614674,2.565987,14.418670623663427
PSA/PS,"Public Storage Depositary Shares Each Representing 1/1,000 of a 4.100% Cumulative Preferred Share of Beneficial Interest, Series S",15.35,USD,0.36812543727155783,7017,0.756982426615748,60250351697.0,USD,Finance,,15.640828092813633,15.728812681659848,15.852156800402131,-1.5394483643361143,-2.9095509171410554,-5.828220858895712,15.47474,15.619175000000022,15.751575999999998,16.18566149999999,1.4637588564562731,2.565987,14.418670623663427
PSA/PI,"Public Storage Depositary Shares Each Representing 1/1,000 of a 4.875% Cumulative Preferred Share of Beneficial Interest, Series I, par value $0.01 per share",18.55,USD,0.487540628385698,1476,0.09237354962262025,60250351697.0,USD,Finance,,18.79183639316865,18.8751414518656,19.001865884658866,-0.5361930294906053,-2.0073956682514473,-4.332129963898916,18.60825999999998,18.765565000000006,18.826888000000007,19.348085419999947,1.7689072825579066,2.565987,14.418670623663427
PSA/PJ,"Public Storage Depositary Shares Each Representing 1/1,000 of a 4.700% Cumulative Preferred Share of Beneficial Interest, Series J, par value $0.01 per share",17.795,USD,0.979435264209204,5452,0.7979159349022362,60250351697.0,USD,Finance,,18.028466123256973,18.107797930791584,18.231373764575178,-1.2760055478501908,-1.793598233995581,-4.991991457554718,17.83747999999998,17.992130000000056,18.076235999999984,18.58467800000009,1.6969113257745525,2.565987,14.418670623663427
PSA/PK,"Public Storage Depositary Shares Each Representing 1/1,000 of a 4.75% Cumulative Preferred Share of Beneficial Interest, Series K",18.05,USD,0.05487774458013978,1172,0.10392650657964743,60250351697.0,USD,Finance,,18.375878641457106,18.455753986365618,18.56929268641791,-1.741970604246055,-2.6954177897574123,-5.348715259570003,18.170560000000002,18.369584999999997,18.462156000000085,18.88811952999994,1.7212278409795263,2.565987,14.418670623663427
PSA/PN,"Public Storage Depositary Shares Each Representing 1/1,000 of a 3.875% Cumulative Preferred Share of Beneficial Interest, Series N",14.7,USD,0.06807351940095158,7794,0.30941832213805914,60250351697.0,USD,Finance,,14.88891154651214,14.952480983075908,15.049648616871783,-1.342281879194638,-1.737967914438513,-5.038759689922488,14.801160000000001,14.867790000000046,14.953857999999968,15.3263605,1.4017755824043787,2.565987,14.418670623663427
PSA/PH,"Public Storage Depositary Shares Each Representing 1/1,000 of a 5.60% Cumulative Preferred Share of Beneficial Interest, Series H",21.08,USD,0.237755587256287,4169,0.27960724872905796,60250351697.0,USD,Finance,,21.4608323246855,21.63940874016788,21.892826865217057,-1.4051522248243593,-3.391384051329065,-8.027923211169298,21.19189999999997,21.33647500000007,21.57817000000007,22.596599750000028,2.0101652569445103,2.565987,14.418670623663427
PSA/PO,"Public Storage Depositary Shares Each Representing 1/1,000 of a 3.900% Cumulative Preferred Share of Beneficial Interest, Series O",14.555,USD,-0.4350621810570163,4451,0.2541642160081771,60250351697.0,USD,Finance,,14.886614108772745,14.974789276093707,15.094996231804632,-2.052489905787347,-3.095872170439413,-7.174744897959184,14.734720000000006,14.883585000000005,14.997956000000011,15.429053500000016,1.3879485443466484,2.565987,14.418670623663427
PSA/PM,"Public Storage Depositary Shares Each Representing 1/1,000 of a 4.125% Cumulative Preferred Share of Beneficial Interest, Series M",15.435,USD,0.5537459283387678,9211,0.15996040498063666,60250351697.0,USD,Finance,,15.72287199636849,15.81375518416197,15.944169362434184,-1.31074168797954,-2.186311787072236,-6.055995130858181,15.54100000000003,15.69928499999998,15.822134000000027,16.299725500000022,1.4718643615245977,2.565987,14.418670623663427
PSA/PQ,"Public Storage Depositary Shares Each Representing 1/1,000 of a 3.950% Cumulative Preferred Share of Beneficial Interest, Series Q, par value $0.01 per share",14.74,USD,0.27210884353742126,32671,2.7136959790021016,60250351697.0,USD,Finance,,15.045247250611249,15.13300932708452,15.255505725768527,-1.8641810918774926,-2.8345418589321008,-6.708860759493674,14.87,15.030740000000005,15.148603999999999,15.587625999999995,1.405589937730649,2.565987,14.418670623663427
PSA/PF,"Public Storage Depositary Shares Each Representing 1/1,000 of a 5.15% Cumulative Preferred Share of Beneficial Interest, Series F, par value $0.01 per share",19.725,USD,0.8435582822086028,4214,0.36794174401243357,60250351697.0,USD,Finance,,19.93229530905882,20.031076638681764,20.18486827727316,-0.3032600454890004,-2.109181141439192,-4.80212355212354,19.74302,19.85507500000001,20.004769999999976,20.64836574499995,1.8809539702671003,2.565987,14.418670623663427
PSA/PP,"Public Storage Depositary Shares Each Representing 1/1,000 of a 4.000% Cumulative Preferred Share of Bene cial Interest, Series P",14.94,USD,0.26845637583892046,25201,0.5692246880117454,60250351697.0,USD,Finance,,15.275860411860746,15.387753786584565,15.52518869822886,-1.6458196181698488,-2.9870129870129927,-6.449592986850352,15.066524000000006,15.254756000000018,15.421810400000004,15.867495480000008,1.4246617143620013,2.565987,14.418670623663427
TER,"Teradyne, Inc.",383.62,USD,-5.112666650176857,894398,0.3518898739606655,59975437487.84462,USD,Electronic technology,Strong buy,380.5047893076016,374.4105751291847,359.1700296244811,-9.736470588235294,14.598063929120126,92.75924532088916,412.0720000000001,378.1459949999998,385.28209800000025,305.51259949999996,52.63215662601012,2.076829,152.82528009989946
MPLX,MPLX LP,59.03,USD,-0.5559299191374634,286242,0.2263007657204171,59848054669.3585,USD,Industrial services,Buy,58.32483023608915,57.819972337129016,57.249802309669796,-0.4553119730185431,3.2353969919552314,10.875281743050335,59.15400000000003,58.96299999999993,57.593800000000016,55.99259999999995,12.70582664284638,1.15891,10.254402202287725
NUE,Nucor Corporation,263.7845,USD,-0.15348801998562314,335602,0.3390033905187701,59846286092.40183,USD,Non-energy minerals,Strong buy,255.36112441275878,247.11872733393682,234.63528724690778,-1.3520942408376955,10.917710873770075,59.695181014650665,268.3709,264.372725,248.86029000000025,199.75587250000015,21.04450879964259,5.754412,126.28899480069322
BE,Bloom Energy Corporation,203.12,USD,-2.818046983397917,4981199,0.43462919352317214,59824392489.91379,USD,Electronic technology,Buy,222.83800412730224,227.07719856876838,220.93328377793117,-15.77899865243081,-5.0286382232612485,124.268521585514,222.08999999999997,211.62000000000003,243.95960000000002,185.90954999999997,276.7679520370623,0.667815,15514.893617021275
TEL,TE Connectivity plc,206.43,USD,0.7122993608820842,368310,0.23371202155853954,59764213145.12124,USD,Electronic technology,Strong buy,208.64536119105654,208.75108028224238,209.96353468383086,-4.097560975609753,0.5749086479902591,-10.403645833333334,211.95,211.04799999999994,206.76339999999965,218.5785999999998,20.235656239890996,3.064916,110.62705180352239
FAST,Fastenal Company,51.885,USD,1.1995318899941385,1290137,0.18259413606995878,59537917692.91018,USD,Distribution services,Buy,49.29303702757398,48.29704193487397,47.34481079332109,1.8751227174553273,14.058034732908322,28.874813710879287,51.348999999999975,49.75024999999995,47.74909999999998,44.82247500000003,44.15368904774061,0.334788,13.569150478399544
O,Realty Income Corporation,62.825,USD,0.9885870438836231,1079614,0.2053863332272806,59446149913.780754,USD,Finance,Buy,63.239062048950174,63.14837003163277,62.86969805661295,0.5360857737237972,-4.346833130328873,11.490683229813666,62.624999999999964,63.44174999999998,63.13270000000002,61.54377500000001,45.95157987126975,0.404471,33.38536585365854
AFL,AFLAC Incorporated,118.37,USD,-2.7602070155261638,644268,0.350792769509536,59344010751.08798,USD,Finance,Buy,121.70675745646838,120.64871846569993,118.82928225098443,-2.4154987633965312,-5.099013869959111,7.4723079716724214,120.72600000000003,124.28100000000002,121.58980000000001,114.29910000000001,12.6852635752789,1.793923,110.97696081756314
FIX,"Comfort Systems USA, Inc.",1684.3825,USD,-3.1451974607263606,141870,0.41110716691901444,59280709203.02549,USD,Industrial services,Strong buy,1736.8950360786935,1735.6454590603175,1683.8172095088594,-6.214782850779513,-0.9192592984747181,79.49515132139813,1761.2684999999994,1723.4501250000005,1788.3662500000003,1453.4434125000002,41.4408114059367,12.791138,108.88515440711674
FANG,"Diamondback Energy, Inc.",211.555,USD,0.7308827730692299,375697,0.29659619010191324,59240553209.63976,USD,Energy minerals,Strong buy,198.40523655132054,195.33407444025616,191.13137045165658,4.368524913665524,9.938621868408319,40.014560375922436,205.96899999999982,199.19750000000013,191.79380000000023,177.3337499999999,40.98711614840647,4.820797,-63.303828516583124
ANCTF,Alimentation Couche-Tard Inc.,64.43,USD,-0.7883957993286107,3643,0.02894028355599266,59161565707.671074,USD,Retail trade,Strong buy,64.41403977360976,63.262058684612064,61.73854834131144,-1.70861937452325,-0.7241910631741122,17.444403937294947,65.51241999999999,65.20834595000001,63.76254038000001,57.797900130000016,18.83040719775028,0.925114,25.23629427608386
AAUKF,Anglo American plc,54.455,USD,-3.5768038955290007,533,0.4190910520522109,58764777671.595535,USD,Non-energy minerals,Buy,52.18887086022924,51.206856543189296,49.83549112645899,1.7280029889781376,20.74279379157427,28.583234946871304,54.95100000000001,49.8424977,50.94431308,40.82210970729997,nan,0.946667,42.99287250161728
GRMN,Garmin Ltd.,304.46,USD,2.360139860139854,267842,0.4234175472254691,58715879879.214165,USD,Electronic technology,Buy,282.1376933266644,270.1622365288211,259.1515680553368,-0.9725158562367895,22.018275088169272,49.48691510777238,306.3059999999998,292.8580000000003,260.93399999999997,233.40919999999997,31.396691828569068,2.387943,19.64318762260799
NOKBF,Nokia Corp.,10.5,USD,1.8428709990300631,1962,0.0034513409303879314,58605896169.43821,USD,Electronic technology,Buy,10.704581172726595,11.004057436966315,10.862284801390413,-3.1365313653136515,0.28653295128939216,62.538699690402474,10.6263,9.703775000000004,11.481803999999997,9.404777750000001,73.96550888291245,0.07235226744,-32.29847623704099
GWLIF,"Great West Lifeco, Inc.",65.35,USD,-1.7920877634594576,861,0.005393516879953845,58453291437.35427,USD,Finance,Buy,64.78478940152331,63.0140607363736,60.1657702268492,-2.5354213273676405,-1.388260147879888,33.122835608066794,65.90409999999994,65.6201,63.81865000000002,52.13178014999994,19.13794832291245,1.0429799649000002,16.533510876661822
CHBJF,"China Citic Bank Corp., Ltd.",0.904,USD,6.146891328597429,100,0.01537491735981919,58034198467.95739,USD,Finance,Strong buy,0.9285549563662502,0.9274244479158842,0.9058748519929347,0,6.146891328597429,2.4710949897982366,0.925378,0.9394022999999997,0.8439198999999998,0.6255664649999999,5.63744885433881,0.04121040000000001,-1.1793916018535342
COHR,Coherent Corp.,296.06,USD,-3.384133407303464,2978451,0.33527897397475304,57978093031.21012,USD,Electronic technology,Strong buy,319.07697012713095,321.5645674772514,313.09806590428894,-11.231710242264327,2.567122813095453,57.47872340425532,321.35400000000016,305.6909999999999,332.36900000000026,268.2981500000001,71.99377477324124,1.972852,nan
RLXXF,RELX PLC,33.184,USD,-0.2464979258101387,6020,0.06912984813251802,57842712759.8778,USD,Commercial services,Strong buy,34.024249689515834,33.92384575318641,34.26370067980878,-2.0832103865447125,-4.078624078624083,-19.411321854433304,33.58540000000001,34.537949999999995,33.32574,35.98298199999996,20.060349588588124,0.9710009,16.547894387264744
SNGNF,Singapore Telecommunications Ltd.,3.543,USD,3.4452554744525647,2776,0.034005688847947045,57782289510.13378,USD,Communications,Strong buy,3.4693104212262744,3.5087620006663562,3.534270844950815,-4.372469635627528,9.35185185185185,-0.1971830985915401,3.4335999999999998,3.5719700000000003,3.6827580000000015,2.737622160000005,13.51118007249284,nan,45.24373484155458
NXPI,NXP Semiconductors N.V.,229.03,USD,0.20563528176408769,592384,0.19374112275228145,57753159080.31003,USD,Electronic technology,Strong buy,250.15273332206442,256.72721989229126,256.849403866655,-2.6894969408565657,-15.111193476649373,3.819043086058798,231.38600000000014,240.6589999999998,269.13000000000017,242.46142500000016,19.546645501019878,4.106475,39.66719511759026
F,Ford Motor Company,14.265,USD,2.4048815506101997,12547535,0.3562495375299089,56885160964.00897,USD,Consumer durables,Buy,14.245949627247215,14.140834663252903,13.93250487341855,0.03506311360449356,-0.24475524475524574,8.232169954476486,14.10099999999998,14.29324999999999,14.170899999999987,13.44275000000001,nan,0.410861,-320.88809493428613
LNG,"Cheniere Energy, Inc.",275.395,USD,0.5898896924537984,329270,0.23861868861105398,56878471757.42443,USD,Industrial services,Strong buy,262.9539597285448,258.38956800911404,253.3161098667223,0.7186482829243225,4.8724295506473565,41.62038465494187,270.8449999999999,263.7747499999999,253.81730000000005,235.85567500000005,20.49191916185487,3.973629,-21.674311258239555
SRE,DBA Sempra,86.6,USD,-0.6652902041752838,381989,0.0996098804894741,56627774026.11148,USD,Utilities,Strong buy,88.67191272910846,89.78571454029088,90.54668681382678,0.5106778087279453,-6.388498540698315,-2.389540126239861,86.52199999999989,87.53850000000008,90.56999999999996,91.51086500000005,25.096357260845625,1.101782,-16.443895588164086
EBKOF,Erste Group Bank AG,141.426,USD,-0.9781337739719931,582,0.6011775643012085,56576033776.41403,USD,Finance,Strong buy,136.26905849692764,132.8944984853745,128.8050623763758,0.9897172236503826,9.895796908874736,16.56299632160526,141.6754,134.80633000000012,129.08695199999988,117.68471350000003,13.847664471373024,3.2426815056,17.412288474093835
CIEN,Ciena Corporation,399.32,USD,-1.533757459190222,579241,0.2602932000743257,56524912199.71346,USD,Electronic technology,Strong buy,417.06226599166445,426.41187177290806,421.4602248797383,-8.910078014507961,6.482493800165329,65.69294605809128,424.32000000000005,398.07550000000003,423.26199999999994,366.6459749999999,132.9161535132976,1.720616,318.48446858894005
AME,"AMETEK, Inc.",246.05,USD,-1.5760630425217,301299,0.2698700669392844,56409730750.98184,USD,Producer manufacturing,Strong buy,244.20254904868517,240.4318785861936,235.4911673786509,-3.03066130684953,3.4040764866568702,19.441747572815537,252.244,248.5585,239.98200000000026,223.51034999999973,35.964860993363935,2.091434,10.327366553781657
DAL,"Delta Air Lines, Inc.",84.91,USD,-0.9218203033839045,1226456,0.34064151556111266,55838765739.68262,USD,Transportation,Strong buy,86.72902847345881,84.79481593027256,81.48633961217136,-4.595505617977532,0.1415261233635928,21.560486757337156,87.77199999999998,88.72899999999997,87.53140000000005,72.86420000000003,14.106291429235956,2.168678,-12.686577989236861
LDNXF,London Stock Exchange Group plc,114.6,USD,0.35026269702275964,27387,6.2648976323916274,55560699992.31365,USD,Commercial services,Strong buy,116.56124473213006,117.1604116155073,117.84751581304721,0.1254626215746714,-4.817275747508315,-7.576918424130013,115.75999999999999,117.24094499999987,117.45599400000003,117.98787349999996,31.29453608787184,3.188680873,43.63165153686505
DBOEF,Deutsche Boerse AG,318.9375,USD,0.34056409369051355,259,0.9008695652173913,55434187857.688484,USD,Finance,Strong buy,301.78472218456426,296.68319302035746,291.63328316663143,-0.33203125,4.965443475399038,22.762702078521936,315.7809999999999,304.96099999999996,291.9399380000001,275.85572200000024,24.050319927933483,nan,4.490846100552262
NDAQ,"Nasdaq, Inc.",98.17,USD,1.5096680798262931,423157,0.20884263021775346,54874806514.97375,USD,Finance,Strong buy,93.48417057401699,91.84626039500296,90.70034913841823,0.9148848684210531,7.160790306735075,0.9460154241645262,97.23399999999992,95.06949999999989,89.63109999999986,89.7090000000001,28.607646578855345,1.025598,31.852762621993403
CAH,"Cardinal Health, Inc.",235.135,USD,0.06596306068601632,336922,0.17758454823311542,54686693131.3971,USD,Distribution services,Strong buy,231.3858792036209,227.42301788683935,222.12722708999667,0.6786555341468549,2.5894415357766154,14.941095957374005,234.43700000000004,233.41575000000034,231.1102999999998,213.5353749999999,32.487979440698574,2.9423,12.39381939591583
KEYS,Keysight Technologies Inc.,319.88,USD,-6.193548387096776,1353618,1.0784895896782525,54666011110.380646,USD,Electronic technology,Strong buy,331.44265472200954,329.1892076419721,319.7870480336857,-11.144444444444446,0.45535910561190485,55.803419219716524,346.7400000000001,331.7765000000004,333.33739999999983,280.2081,44.0284640689304,2.677127,131.46006562808628
HOCPF,Hoya Corp.,163.446,USD,2.990548204158796,355,0.7423672103722292,54600875108.458626,USD,Health technology,Strong buy,163.55442665187948,165.16835630249295,164.34545776194037,0,6.016734773302206,6.3197567693094205,158.09280000000007,169.45680999999993,165.89958799999994,133.69032950000016,33.64509142042549,1.21320573,17.099263791296128
TKPHF,"Takeda Pharmaceutical Co., Ltd.",34.0,USD,1.394472211950225,84324,1.7505683056706007,54265319824.21782,USD,Health technology,Strong buy,33.29305956065326,33.10841013179319,32.8460155191159,0,-2.0172910662824286,7.6289965178854064,33.82648,32.6024175,33.856517000000004,29.16641675,nan,0.28621910000000006,-210.4593434614864
CMCLF,CMOC GROUP LTD,2.06,USD,-4.5412418906394745,7119,0.27148958889482117,54182829334.54184,USD,Distribution services,Strong buy,2.1270474169143645,2.170657128350829,2.222007459217405,-11.965811965811959,7.853403141361264,-24.125230202578265,2.1976,2.19965,2.1792320000000003,2.4172624999999988,12.925551752117835,0.0529848,59.49119110570209
ADSK,"Autodesk, Inc.",256.0175,USD,3.7390088739414047,361939,0.2359798478364564,54019691030.01824,USD,Technology services,Strong buy,236.22465076251075,232.281595133833,233.84923644029644,3.149677679290893,19.039150044171663,-13.507601351351358,250.81349999999992,240.37287499999996,218.67315000000025,249.9752875,37.40867646629066,3.118831,46.64866718093768
AU,AngloGold Ashanti PLC,106.725,USD,8.958652373660021,1199991,0.6197995522224553,53896921282.906586,USD,Non-energy minerals,Strong buy,92.23168352762005,91.10245499904525,90.96041389951289,8.054064999493772,40.520078999341656,22.510474659932274,99.12899999999999,89.04074999999997,85.11729999999996,92.70677500000002,14.283133255711245,2.153333,9056.985294117647
BAYZF,Bayer A.G.,54.61,USD,-2.4124374553252346,860,0.05840843798178472,53650180433.76918,USD,Health technology,Strong buy,53.80497689855744,52.1543923795687,50.17565836399681,-3.8217682282493866,-3.345132743362833,24.48142238431731,56.27230000000001,56.07151499999999,49.128171,42.458812750000014,nan,0.57553708062,50.703021092292424
DVN,Devon Energy Corporation,48.76,USD,1.9443863683880407,3915935,0.37279214920973563,53636002053.15994,USD,Energy minerals,Strong buy,45.28159235145398,44.97444724593526,44.57462285020932,5.598267460747159,12.479815455593995,32.933478735005444,46.87900000000003,44.83625000000002,43.72939999999991,42.65472499999997,11.546567524686825,1.221306,-5.407342696503363
ENAKF,E.ON SE,20.525,USD,3.6092882382635025,53,0.14258810868980362,53633421873.05239,USD,Utilities,Strong buy,21.15125620268197,21.303466443160463,21.298711382946284,0,-8.083296014330497,0.9591736350221363,21.051000000000016,21.238125000000018,21.715114180000015,17.589671045000003,13.912300981196188,0.19674780000000003,3.9248750244038635
EW,Edwards Lifesciences Corporation,92.79,USD,1.9894482303803058,728943,0.27668402915635437,53484160238.681465,USD,Health technology,Strong buy,89.34636568306603,88.24674233752599,86.90557477515728,2.1466314398943225,7.9329998836803615,8.577112099227724,91.74800000000012,88.79150000000007,88.87859999999995,84.58235000000002,55.061713743175886,0.738297,15.046422719825225
CMXHF,CSL Ltd.,111.285,USD,13.52044459496403,170,0.05037932669511617,53295719584.580414,USD,Health technology,Buy,93.06046705105476,90.16695199005848,90.89580171595529,2.0963302752293544,31.44994779091798,0.8290296276161928,98.37715999999985,87.71294999999989,77.96870000000001,105.1090294999999,nan,4.131314,-184.40587339263072
CMPGF,Compass Group Plc,31.214,USD,-5.930926405882718,272,0.015801826505240164,53073578524.41329,USD,Consumer services,Strong buy,31.731955603201634,31.60669912458832,31.426133923226423,0,-1.2652622255962616,-0.5606881172347943,32.17679999999999,31.822049999999983,31.160380000000004,32.11397899999998,26.287687384200773,0.75,38.08582393301547
BFFAF,BASF SE,59.13,USD,1.94827586206897,297,0.23383985512951738,52774840416.95019,USD,Process industries,Buy,57.1700654904225,56.9770218837404,56.812016827273915,0,10.523364485981313,13.711538461538465,58.27679999999988,55.65435249999996,58.40443900000001,53.05599224999998,7.784406033125262,0.46914975846,1383.3756801894124
PYPL,"PayPal Holdings, Inc.",61.66,USD,2.0354128744001274,3070905,0.3468867610576512,52747717909.36886,USD,Commercial services,Buy,56.32433703475369,53.6853170889634,52.10559198809533,1.0653991148991946,9.152062311913603,5.096301346514394,60.96200000000006,58.7509999999999,51.19780000000001,51.51697500000007,11.651989871121357,1.316965,13.295366960691968
CTVA,"Corteva, Inc.",79.0,USD,1.3990501861121851,804052,0.22500289280718708,52708485204.62071,USD,Process industries,Strong buy,80.29582937846712,80.5651689282666,79.95239100771614,3.2140057486281597,-8.965199354690021,17.91044776119403,77.078,80.67200000000005,81.63279999999997,76.1559499999999,52.22795187095068,-0.390364,-26.404904393519196
STT/PG,"State Street Corporation Depositary shares, each representing a 1/4,000th ownership interest in a share of Fixed-to-Floating Rate Non-Cumulative",20.87,USD,0.6996381182147144,23546,0.6222713193864499,52707023759.0,USD,Finance,,21.18144770983666,21.350695582488584,21.58186393248091,-0.9962049335863251,-2.65858208955224,-7.484573373998147,20.911000000000012,21.114249999999977,21.30551600000011,22.1786605,1.8401283769485788,3.606832,27.095263175588595
STT,State Street Corporation,189.28,USD,-1.3498723093761418,333589,0.2727129959957447,51995546240.180954,USD,Finance,Strong buy,182.76274541309166,176.30345487810644,167.23936279092854,-1.1076280041797306,2.7857724680966576,47.19651605879151,191.15600000000015,186.26000000000005,179.1252,144.5850500000001,16.68900331522889,3.606832,27.095263175588595
LHX,"L3Harris Technologies, Inc.",279.04,USD,-0.17886527867210417,241395,0.18226777215543125,51961327720.72061,USD,Electronic technology,Strong buy,289.065267061437,294.70827251093095,301.2887706768251,-1.3992932862190741,-1.6460470198441928,-5.088435374149653,283.4479999999993,288.21249999999975,291.70060000000007,315.7827999999994,28.1835811247576,2.9859,10.543180930050802
AXON,"Axon Enterprise, Inc.",639.62,USD,3.189481326127286,198869,0.19260472395799033,51961071096.06692,USD,Electronic technology,Strong buy,562.5846834431832,535.868018711159,518.9059240717679,5.233543377042178,27.505781038194726,11.554493607966933,618.442,573.115,533.4980000000002,507.8037999999999,264.8968773295784,1.932454,-40.31097817219983
FITB/PI,Fifth Third Bancorp Depositary Share repstg 1/1000th Ownership Interest Perp Pfd Series I,25.59,USD,0.19577133907596206,3489,0.18064429280011596,51955876631.0,USD,Finance,,25.521541399364363,25.511309145916066,25.516393312428953,-0.039062500000006106,0.9467455621301712,0,25.57109820000006,25.505934549999957,25.495915820000146,25.572381454999963,8.709710357033456,0.837991,-8.564404195064261
FITB/PA,Fifth Third Bancorp Depositary Shares each representing 1/40th share of Fifth Third 6.00% Non-Cumulative Perpetual,22.25,USD,-0.7582515611061628,1995,0.15565022001685236,51955876631.0,USD,Finance,,22.779600139651915,23.01067278925556,23.280579290963544,-1.2427873945850028,-3.554399653229303,-9.809485204702073,22.410340000000012,22.685355000000026,23.111977999999972,24.00074800000003,7.572921275654335,0.837991,-8.564404195064261
FITB/PM,"Fifth Third Bancorp Depositary Shares Representing a 1/40th Ownership Interest in a Share of 6.875% Fixed-Rate Reset Non-Cumulative Perpetual Preferred Stock, S",25.44,USD,-0.2744021952175628,8961,0.5051125666550174,51955876631.0,USD,Finance,,25.766965094935735,25.829588823303215,25.86690113430339,-1.1655011655011545,-1.9275250578257517,-2.640642939150393,25.575000000000028,25.79075499999999,25.899676000000014,25.9653555,8.658656955175113,0.837991,-8.564404195064261
FITB/PK,"Fifth Third Bancorp Depositary Shares each representing a 1/1000th ownership interest in a share of Non-Cumulative Perpetual Preferred Stock, Series K",17.87,USD,0.3932584269662937,15948,0.5103180368051045,51955876631.0,USD,Finance,,18.042907874356796,18.199043106494116,18.454818685176974,-0.5564830272676565,-1.1615044247787463,-7.886597938144319,17.90100000000003,17.97375000000001,18.098875999999915,19.146240500000104,6.082161941390695,0.837991,-8.564404195064261
SEMHF,Siemens Healthineers AG,46.515,USD,-0.8367531844587717,2269,0.9002896480577708,51900881613.7291,USD,Health technology,Strong buy,43.905109291227845,43.09486319040885,43.25482908160114,0.1076078768965827,12.695336159903094,-8.254437869822489,46.172499999999985,43.63162500000003,41.376491999999956,46.388636,20.63274240165494,0.79397343222,-0.7678723859381196
RWNFF,RWE AG,66.526,USD,-1.8935260286093585,1820,0.7392664202445266,51889291953.78694,USD,Utilities,Strong buy,65.68814802990278,65.3699032921259,64.53481679245064,-4.455104268397776,4.765354330708655,19.840755152039193,67.44699999999999,65.75150000000002,64.84411999999999,61.12729149999998,13.606839520857784,0.7291242,18.6377989202431
CRZBF,Commerzbank AG,46.0,USD,4.072398190045242,100,0.043449923962633065,51864825927.74359,USD,Finance,Strong buy,44.083599897612814,43.339564874477965,42.2581260759276,0,2.2222222222222223,9.05642484589853,44.45000000000001,42.67453000000002,40.99913600000001,25.1013672,14.547130154053905,0.91278016992,16.457636992193333
MARUF,Marubeni Corp.,31.05,USD,3.067118103963352,800,0.05672189961641815,51530131988.522934,USD,Process industries,Strong buy,31.63799145702623,31.925567296537388,32.132965260446284,0.29069767441860417,5.885963715727728,10.892857142857144,31.2454,31.585624999999993,30.802299999999995,32.195084499999986,14.39284907188575,0.4870237128870001,0.1657989885508174
DGEAF,Diageo plc,23.14,USD,-0.26721834324627686,2974,0.8274672379733452,51454098051.86849,USD,Consumer non-durables,Buy,22.478357877646864,21.970222589065035,21.698312770197106,0.39045553145336165,6.518136623089672,5.181818181818184,23.523200000000028,22.62460000000004,21.39933200000005,21.563468499999995,30.01707561689209,0.985,-31.342577293717405
SSUMF,Sumitomo Corp.,10.9,USD,-4.133685136323649,1000,0.17503632003640754,51288816357.42333,USD,Distribution services,Strong buy,10.5931645379377,10.475280453932568,10.29498191367293,-5.217391304347823,11.852231913801962,26.468455402465555,11.329800000000002,10.38397499999999,10.497582499999995,8.816753499999997,13.7055945047022,0.23805862789700002,-8.423608324179238
CRWV,"CoreWeave, Inc.",92.635,USD,-0.5742191692604879,13021778,0.3658304058301561,51091590601.51138,USD,Technology services,Strong buy,90.4712624722401,91.55192136315259,92.91250341273727,-13.433323988412296,22.266217910644762,25.30096036791559,100.67100000000008,86.53525,90.28010000000003,92.37500000000004,nan,-1.243552,-47.0942608136873
FITB,Fifth Third Bancorp,56.335,USD,-1.666957584220629,1348214,0.3066390601885556,51089794205.05123,USD,Finance,Strong buy,56.48346439006256,55.44327877549491,53.9096272072516,-3.004476584022034,-2.585163409994808,20.24546424759872,57.44499999999998,57.265249999999995,56.435899999999954,50.176325000000034,19.173955957931998,0.837991,-8.564404195064261
AZO,"AutoZone, Inc.",3125.6,USD,1.7050631263829263,32202,0.18145549826726395,51026530433.169075,USD,Retail trade,Strong buy,3086.2091176658355,3127.1489185809587,3206.567544976598,3.6683250414593664,2.0041185435628943,-7.398135282388878,3056.6939999999963,3048.060500000008,3062.3586,3427.1429499999995,21.489334054778,54.531664,-1.5630245048673954
LBLCF,Loblaw Companies Limited,44.06,USD,0.5476951163852167,429,0.001359912813421864,50960790826.02135,USD,Retail trade,Strong buy,45.347646198395104,45.464839223345265,45.438887885977586,-1.51989271345552,-6.454352441613586,-1.541899441340777,44.457999999999984,45.53237500000005,45.78813799999999,44.92249229999997,26.488859048007484,0.532843054,12.014109135081098
BDX,"Becton, Dickinson and Company",186.875,USD,3.3772196714056477,561094,0.34024534189079825,50902286378.194664,USD,Health technology,Buy,170.63799253722675,165.45113986696086,161.77352283064928,2.7406674363626444,18.455248478701833,22.39349507093429,183.02099999999956,172.93525000000014,159.79450000000017,157.13361638399937,56.36574772274839,4.069296,-40.38122639812983
CARR,Carrier Global Corporation,61.38,USD,-0.06512536633018422,1138015,0.2600529298998176,50597071487.0534,USD,Producer manufacturing,Strong buy,64.75037869038579,65.24838862899657,64.85915393626533,-1.901869905705606,-10.836722835560721,15.571455469779709,62.297999999999966,63.876500000000036,67.69419999999997,61.24347500000002,43.25276583750264,0.785477,-43.37642646237332
MBGAF,Mercedes Benz Group AG,52.47,USD,0.4210526315789452,7684,0.46179549743380166,50523554892.44802,USD,Consumer durables,Buy,52.99197247532422,53.857697604246475,55.58668282726021,-1.000000000000002,1.098265895953758,-26.39921447608361,52.58660000000002,53.247875,52.55143799999998,61.98095999999994,8.752270864415328,1.57755742326,-26.517311828054872
ELEZF,Endesa S.A.,49.05,USD,7.236554438128542,1300,1.8824210831161308,50466394725.89963,USD,Utilities,Buy,42.15423928589766,39.18559693492815,35.730960378893045,0.30674846625766583,7.236554438128542,41.39521475929663,44.21039999999995,35.74588000000001,27.301071999999973,23.02905750000001,16.90960538719605,0.7550601894000001,22.28994021900492
ETR,Entergy Corporation,107.91,USD,-0.15729089563286613,247006,0.13431916492704007,50354206044.614265,USD,Utilities,Strong buy,109.94791326104819,110.4241410767539,109.70271815701604,0.28810408921933295,-5.250680481166041,16.571243383385553,107.852,108.9024999999998,111.59459999999991,104.88305000000008,27.59140884684224,1.661647,-2.653325368379127
AMP,"Ameriprise Financial, Inc.",569.32,USD,1.280865295666414,61463,0.17920239873415691,50289869190.81094,USD,Finance,Buy,537.4723514352102,519.9688299270979,504.96750975547724,0.24121841711418338,7.670776912020588,16.18775510204083,566.546,553.0789999999995,512.7982,481.69475000000034,13.733247136695647,11.7825,28.977620972132762
DNBBF,DNB NOR BANK ASA,34.654,USD,-0.4653033088235266,1506,0.4505609573672401,49923726584.11368,USD,Finance,Buy,32.97359522827171,32.48386491113118,31.970623381510315,0.5454650960366807,9.740958895433543,19.579020013802634,33.7204,32.651999999999994,31.783779999999958,30.49062649999998,12.424958266299104,0.7051426541599999,-5.744248082580804
DSDVF,DSV A S,211.93,USD,-1.1031573445826781,15,0.014144271570014143,49791791920.79103,USD,Transportation,Strong buy,224.48965963485617,230.44751614563236,235.56475447928614,-2.384538499449577,-16.34892441286757,-15.173711175152095,215.57559999999995,212.90456999999992,232.9884880000001,245.6828264999999,48.071653688476985,2.7203587776000004,-37.486658044052845
ANFGF,Antofagasta plc,50.5,USD,4.922419739543077,727,0.1936600958977091,49785761749.05767,USD,Non-energy minerals,Buy,50.97520848038905,51.106148603594,50.60797893507692,2.7676027676027664,3.802672147995892,12.11509002508714,50.326160000000016,51.386629999999926,51.438040999999956,48.52267474999998,30.46471761004495,1.027187,41.09598919425983
ASMXF,ASM International N.V.,1022.0,USD,-3.511629114563412,1,0.04901960784313726,49731078787.96297,USD,Producer manufacturing,Strong buy,1013.9412650439887,1011.3800736761865,983.265513268032,-5.37037037037037,-2.387774594078319,56.942236964350144,1018.6899999999999,983.9068499999997,1039.299874,750.15844175,40.915454259092,6.8573089404,98.4315885470836
VMRK,Vivmark Residential,64.19,USD,0.24988286740589816,1097369,0.21369232008921507,49668880365.842575,USD,Finance,Buy,66.39656247602608,66.30850131532803,65.76152961042374,-2.683444511825343,-6.971014492753627,3.0006418485237445,64.76400000000004,66.49100000000003,67.27519999999996,63.48495000000006,28.172043010752684,0.377749,-12.81472411418075
WAB,Westinghouse Air Brake Technologies Corporation,293.31,USD,-0.47842019543974784,220773,0.23292357473799488,49543239534.53258,USD,Producer manufacturing,Strong buy,286.08254732053007,279.72123189473086,271.36999363036506,-2.2299999999999995,11.258202784205139,37.30455949817433,297.136,296.7285000000001,278.5365999999999,249.1468999999995,39.50196627700264,2.73308,10.817264640916962
GDERF,GALDERMA GROUP AG,212.15,USD,3.462570104852472,7,0.07407407407407407,49471034197.65773,USD,Health technology,Strong buy,215.71767798361006,213.18715918561537,208.4314071372594,3.462570104852472,-2.280055274067245,5.547263681592042,215.7699999999999,216.18749999999991,214.91210000000018,nan,59.05295264206501,2.49,106.81440212814668
XEL,Xcel Energy Inc.,79.07,USD,-0.1263104711380681,864441,0.23031777629728448,49389835993.606415,USD,Utilities,Strong buy,79.31373000749458,79.47364409267158,79.44183196030568,0.368113734450358,-0.22083412202664063,7.111893795719318,79.11999999999992,78.75349999999995,79.32459999999993,78.88217500000002,21.64403810358042,1.32176,1.3426542387927207
ALAB,"Astera Labs, Inc.",284.08,USD,-6.380174004745588,1642346,0.4420826448781451,49283649713.26655,USD,Electronic technology,Strong buy,319.19732371484616,313.15720973652685,291.47500924695777,-17.646035657341645,-8.180613465205727,65.4658240382095,310.41600000000005,309.44399999999996,352.7623,217.78584999999995,139.87198424421464,1.171836,256.1283534981589
SMTOF,Sumitomo Electric Industries Ltd.,15.57,USD,-8.05480099208693,2053,0.036064237556696216,49227767072.756165,USD,Producer manufacturing,Strong buy,15.452370243917313,15.744178923845107,15.341834274138254,-6.20481927710844,13.59988326280462,62.187500000000014,14.712800000000005,14.360450000000004,16.146824999999993,7.680958051249998,19.708933625167646,0.16656613843200002,80.16337021669729
WDAY,"Workday, Inc.",198.825,USD,4.296168069871744,979091,0.18660217603655738,49109773584.701,USD,Technology services,Buy,168.86754024256794,159.01794859486156,154.9746176286464,3.2910800561068,41.53260250569476,-7.609200743494424,197.15400000000005,172.01325000000003,148.09330000000014,162.05077500000004,62.02814001372683,2.614027,76.99613473219216
STMEF,STMicroelectronics N.V.,55.0194,USD,0.1627525942108096,202,0.009631293120300572,49095370097.738716,USD,Electronic technology,Strong buy,58.7824459652649,59.05942626027388,56.18147072786825,-1.3989247311827955,-22.507887323943663,96.63831308077197,54.88388000000002,58.64997000000002,65.99807999999999,39.00877899999998,111.49173215756082,0.40865212464000006,-34.87945417203459
XYZ,"Block, Inc.",81.35,USD,2.4172227118217138,763294,0.1638380958656796,48874834430.12841,USD,Commercial services,Strong buy,79.3551399996049,77.36541584216475,74.82640655737339,-0.34301114786230696,2.533400554575234,23.782714546561163,81.38999999999999,80.81100000000005,77.92519999999996,67.92335000000004,144.82820010681857,1.026505,-87.9842556741609
FNCTF,Orange,18.36,USD,-3.622047244094495,475,0.7555272785112136,48817291066.70952,USD,Communications,Buy,18.813563955493724,18.940687387817018,18.770295460538698,0,-2.1321961620469194,8.832246591582681,18.507299999999994,18.609484999999996,18.690231000000004,14.329770250000015,10.631712954618198,nan,245.42395732010127
ROK,"Rockwell Automation, Inc.",435.89,USD,0.5119099776327554,167128,0.2414086775851968,48405012004.26314,USD,Producer manufacturing,Buy,452.8546984726878,450.9710423784321,442.45328600557895,-2.9630454140694575,-6.120910598522543,11.196428571428568,441.80800000000016,453.6104999999999,461.88719999999967,417.3155499999998,40.854984441195214,3.667051,25.185680594177896
GPDNF,Danone,75.35,USD,0,3056,0.9897975708502025,48383408385.22831,USD,Consumer non-durables,Buy,78.09174093711101,78.33810051328828,78.83433307030069,-0.6133350920002684,-9.868421052631579,-16.37998002441461,75.87147999999983,79.01426999999998,77.08038200000001,82.67388625000004,21.86705195055972,2.3031066,2.612413003394069
UCBJF,UCB S.A.,254.59,USD,-3.2308335550571945,106,0.10199172519965362,48371137265.51321,USD,Health technology,Strong buy,276.40138695614786,281.9871732661864,285.5842965049223,-0.36396368190357187,-7.536137139536564,-11.582274084878792,261.89699999999993,272.21975,288.1944780000001,293.0369269999999,19.71676937540409,6.058674900000001,59.95196741195669
FNV,Franco-Nevada Corporation,249.9875,USD,7.309194711538463,252296,0.3235263002328067,48216040803.203224,USD,Non-energy minerals,Strong buy,228.77651206477955,226.77387669123308,226.61262850557003,6.233001869794331,25.307017543859654,19.852095119378653,237.45750000000004,226.86037500000012,217.02894999999992,228.3225374999999,33.5851584868834,2.022199,78.12310467751698
VTR,"Ventas, Inc.",91.6,USD,0.43859649122806077,324904,0.12330446119080661,48030124062.02193,USD,Finance,Strong buy,92.17552326612257,90.97404651632147,89.03151529671443,0.3395771716507701,-4.603207665069779,18.392141656972974,91.15600000000006,93.17000000000002,90.83140000000012,84.18484999999995,168.01173881144533,0.155,26.057803468208096
SDVKF,Sandvik AB,38.24,USD,-0.9711252104104623,27166,1.1150103226494936,47967714628.85202,USD,Producer manufacturing,Buy,38.67895844907094,38.808646895783674,38.19956663571487,0,-6.18253189401373,16.231003039513688,37.86375999999997,39.708365,39.38972800000002,25.95485603500003,27.735730938343302,0.4678328094,13.611512030141887
FERG,Ferguson Enterprises Inc.,247.21,USD,1.1207919172086591,373011,0.20132313434144855,47823445422.29746,USD,Distribution services,Strong buy,241.2694925496823,239.58613880128155,238.87861092822277,1.4611122511799721,5.853387000085646,10.777020971500272,245.94399999999965,243.67200000000003,236.55879999999993,240.71185000000037,22.12843281177271,3.317565,37.48477054284554
CNSWF,"Constellation Software, Inc.",2255.0,USD,4.349838037945395,264,0.04206031832013638,47786899262.33738,USD,Technology services,Strong buy,2139.4544805119845,2089.7824832251476,2068.550876534707,1.805869074492099,12.468827930174564,-5.806182121971595,2216.1987999999997,2176.9324099999953,2060.095452,2095.1648300000056,51.21975985378233,30.248861,46.66388902588876
WMMVF,Wal-Mart De Mexico S.A.B. de C.V.,2.733,USD,-1.690647482014378,5959,0.30094743646721345,47680799060.34608,USD,Retail trade,Buy,2.834154062062716,2.8895598829530424,2.9580125692213572,-0.6181818181818147,-2.253218884120162,-10.977198697068395,2.7654000000000045,2.8105,2.8623959999999977,3.143965749999995,16.490835123345203,0.042548235069999996,4.838225633437074
CCEP,Coca-Cola Europacific Partners plc,107.35,USD,-0.13953488372093553,411431,0.26338903265150543,47579411597.873024,USD,Consumer non-durables,Buy,105.91699830013958,103.99411085656935,101.75333357469974,0.5714821060520887,2.7174433068605772,18.43556928508384,107.10799999999992,107.78749999999982,104.46040000000002,96.61899999999996,20.73915227386886,2.64567924,42.72872663100424
LNVGF,Lenovo Group Ltd.,3.835,USD,-1.4341523594119479,1892,0.008499504944268045,47571868185.69368,USD,Electronic technology,Strong buy,3.4144410048332605,3.110849983809114,2.742742463682999,0.9210526315789511,42.037037037037024,223.62869198312237,4.12856,3.473490000000001,3.1450679999999993,1.847452499999998,74.69093921587096,0.063526,-58.080728590704354
LZAGF,Lonza Group AG,695.5,USD,-0.9978505644047758,1,0.008264462809917356,47397205420.78031,USD,Health technology,Strong buy,690.7660808021475,681.6210820055871,673.7465705400564,-2.9850746268656683,-3.5434435892101734,0.09253702560383346,699.8239999999993,697.5023999999989,682.5900599999997,666.8289299999996,nan,11.4430486,-114.90147868675045
VST,Vistra Corp.,140.575,USD,0.03914033589523085,1408389,0.35919668263307203,47181918672.16908,USD,Utilities,Strong buy,148.94237412650506,151.178639769834,153.80156197988762,-5.888063198768171,-10.757364144235666,-14.226005247422053,144.34699999999992,147.78124999999991,153.49890000000025,160.35207500000007,23.728942304446168,2.591727,-6.008345364832065
EXC,Exelon Corporation,45.53,USD,0.48554403001544666,1162905,0.2254560609081206,46998521776.2591,USD,Utilities,Buy,46.08548561578746,46.2146898716082,46.27150989007886,-0.30654696737464543,-1.970072128323822,4.522497704315883,45.57400000000004,45.91600000000004,46.26140000000009,46.04895000000002,16.680710752885144,0.819699,3.6177966745121837
HCMLF,HOLCIM LTD,86.65,USD,0.34742327735959627,340,0.7127882599580713,46684110976.058525,USD,Non-energy minerals,Strong buy,89.113247665567,89.87529317559198,90.37729378728409,0,-7.097673421250125,-11.538304475661542,88.26599999999992,90.82803000000001,90.61335780000016,94.21073845,99.43617565415921,2.8306099999999996,-87.48138038057726
SSREF,Swiss Re Ltd,171.06,USD,1.6097416097416144,30,0.11569610489780177,46471828728.232956,USD,Finance,Buy,165.13992464961729,163.34521046722827,162.59442736848504,0,1.03611335228917,1.1650600272044467,168.752,164.48530499999998,158.86882399999988,159.4642549999999,10.625912393694366,nan,17.757404726939473
RVMD,"Revolution Medicines, Inc.",216.39,USD,0.18055555555554922,288081,0.19892199402725116,46380259175.05514,USD,Health technology,Strong buy,194.9672261385842,183.32811327718565,167.0330143112842,6.063131065581794,15.93977711101586,169.51052434923398,210.02000000000007,197.72900000000007,184.48899999999998,125.15545000000006,nan,-2.452246,-95.67340777410264
AMKBF,A.P. Moeller-Maersk A/S,3275.0,USD,0,1,0.00825082508250825,46373683260.64691,USD,Transportation,Buy,2850.6258788874643,2745.835911408111,2640.7967585828997,1.6134036611852314,23.89928255694828,44.533542815027964,3032.9999999999995,2722.927199999999,2597.0861680000003,2094.9488925000005,21.652071561239207,199.248151,-68.21727599767009
TRI,Thomson Reuters Corp,106.21,USD,5.273069679849334,396321,0.22808284856066802,46364791744.02493,USD,Technology services,Strong buy,98.06865041772294,95.79201372515963,96.72489992084904,3.9033457249070582,11.50656167979002,-20.828186551724215,103.16799999999998,100.95950000000023,92.04279999999999,105.07009952874984,29.293892792902522,0.911288363,-2.5555621865246043
EBAY,eBay Inc.,104.01,USD,1.7013787034321004,898431,0.20117922697309984,46284448480.581406,USD,Retail trade,Buy,108.48939238313055,108.26880115887019,106.18972528771272,1.6119577960140736,-7.7148307528503555,19.55172413793104,102.98800000000001,108.65849999999986,110.17389999999999,97.38604999999998,21.532824048195764,1.41563,6.7398846485316035
FER,Ferrovial N.V.,64.33,USD,1.4668769716088323,418578,0.39732692944589343,46203928454.00384,USD,Industrial services,Buy,65.18517822049765,65.73977486792283,66.10422329240426,0.06221807435058647,0.6571741511500575,-0.7559395248380052,64.05799999999999,64.61599999999999,65.8356,66.96835000000004,67.16913761873113,nan,-82.53181421518218
TTWO,"Take-Two Interactive Software, Inc.",245.145,USD,1.1324257425742592,408178,0.17964295336962238,45837318376.02092,USD,Technology services,Strong buy,241.51010153253264,237.6361454991089,233.53125003817132,0.055099791845238694,3.524070945945945,-4.873789798412903,243.60299999999992,242.72924999999992,239.5731999999997,228.9033249999998,nan,0.973782,92.76511480231275
AMKAF,A.P. Moeller-Maersk A/S,3118.09,USD,-0.6343222344203782,1,0.02481389578163772,45755377839.58845,USD,Transportation,Buy,2723.593545437094,2635.698261474027,2557.0326096359368,-0.5850582188723492,23.953107483880206,30.346214300046835,3062.516999999999,2615.4587500000007,2491.033442,2155.376871999999,20.614689408972325,199.147066984,-68.21727599767009
MSADF,"MS&AD Insurance Group Holdings, Inc.",31.062,USD,-1.3904761904761869,2036,1.9824732229795548,45657242083.00801,USD,Finance,Buy,30.189831604619048,29.287990729128097,28.30993483073531,-1.3904761904761869,16.950301204819286,27.942993656808643,31.423999999999978,29.307650000000002,27.74036000000001,24.616458999999985,8.388731366243238,0.47818806037700007,15.593889757176257
HUM,Humana Inc.,379.6,USD,-0.6282722513088945,170830,0.1888634154770711,45582484540.18115,USD,Health services,Buy,377.3480242567435,361.66247591296275,336.90460756881964,-1.7903342647210905,-5.175859312549953,48.25808467426964,383.9859999999999,378.48049999999995,382.642,271.4625000000002,35.94901225448416,-0.952963,-18.957127726526167
NTRA,"Natera, Inc.",315.835,USD,1.3298469633289427,379213,0.2499443708288008,45525772721.76764,USD,Health technology,Strong buy,287.493320766566,271.3616508786523,254.65860749479188,1.7214725111919773,17.49376883300472,37.94933391570212,312.483,287.2632500000001,268.11550000000017,227.98495,nan,-0.227855,28.01767211907642
HINKF,Heineken N.V.,82.7662,USD,-2.890766162149485,1133,1.5655658421998064,45520171000.06826,USD,Consumer non-durables,Strong buy,86.27867984295307,85.42361577366677,84.40189926636393,-0.24563095094612641,-7.42035794183446,1.7158657982057186,85.43924000000007,87.39500499999984,81.95187000000016,82.48583967500016,17.736844637416247,3.42861975,22.697089160951545
RKLB,Rocket Lab Corporation,75.94,USD,-4.067710965133905,8505683,0.4313387813022406,45438740962.70187,USD,Electronic technology,Strong buy,79.77528844674246,83.03219831381303,83.94666494256575,-6.258486606591787,11.039625676268457,7.5180518193402275,79.506,73.49700000000001,83.40980000000003,78.62072500000001,nan,-0.064545,38.885245901639344
PINXF,Peoples Insurance Company Group China,0.69,USD,-1.42857142857143,11432,0.03332422883064663,45203717587.56417,USD,Finance,Strong buy,0.6871877897904833,0.7165396893173074,0.7404509242569728,-1.42857142857143,9.523809523809515,-31.000000000000007,0.6659999999999998,0.750985,0.7902297,nan,4.7475002759742555,0.10008240000000002,9.306656567571236
MDLN,Medline Inc.,34.275,USD,0.4542790152403316,1755647,0.2549673368514863,45061597133.51553,USD,Health technology,Strong buy,37.05119772589284,37.92137649102761,39.02030461272906,-2.821094414516599,-14.291072768192056,-18.217609162491048,34.91900000000004,37.14650000000002,38.10700000000001,nan,40.19113508442776,0.350777,-46.20915857196922
ANNSF,Aena SME S.A.,29.994,USD,-0.9117938553022789,615,0.5157232704402516,44991001309.661674,USD,Transportation,Buy,30.29919539732073,30.155929225658003,29.946224212071723,-1.4651773981603202,1.3927388276654689,7.190336644986064,30.31559999999997,30.594199999999965,30.431340000000006,29.392220999999992,17.54848890169181,0.5896265377800001,7.7813134777676485
IDXX,"IDEXX Laboratories, Inc.",570.28,USD,3.0651340996168437,183607,0.3493061229925414,44927297879.992325,USD,Health technology,Buy,563.542239639496,564.8764924278232,571.8536209989167,2.497371424463273,0.05789981577330068,-15.705142417926774,557.516,567.750249999999,560.8190999999989,616.3915500000002,40.081247671860616,3.71491,18.42736095620182
CBRE,CBRE Group Inc,155.02,USD,5.24100475220638,358280,0.2962165830357223,44889966630.500206,USD,Finance,Strong buy,146.70068064003289,144.2815979617124,143.526825408605,2.336942170583589,10.326667141128759,-3.2998565279770395,151.00600000000014,147.50450000000018,141.0652000000001,147.37769999999986,35.54526277171421,1.924566,22.18642310817247
SLF,Sun Life Financial Inc.,79.97,USD,-0.5471956224350177,84274,0.12854953071046976,44532477412.38258,USD,Finance,Buy,80.36867388681311,78.77146484157755,76.17749054033119,-1.6359163591635897,-1.9134061081810405,28.218694885361558,80.66999999999986,81.81499999999996,79.91579999999993,68.58855000000004,19.274412488334608,1.4699492519000001,0.5781976600323163
WOPEF,Woodside Energy Group Ltd.,23.36,USD,4.239178937974115,501,0.7378497790868925,44361786124.303986,USD,Energy minerals,Buy,22.191203612464644,22.029606806218485,21.53355872631261,0,11.450381679389306,46.91823899371068,22.166,21.36721500000001,21.894606000000007,16.793388500000002,15.896007448259379,0.777438,-16.178287801471708
SWDBF,Swedbank AB,39.47,USD,-3.3782129742962117,304,0.5014846585285384,44263013568.494835,USD,Finance,Buy,38.70804998133613,37.984254290959825,37.179417976496666,0,1.335044929396652,11.497175141242938,40.07400000000001,38.40818750000004,36.62908087999999,32.66733821999998,13.914471610296875,0.7531186402,-10.235424843355544
GMGSF,Goodman Group Sydney NSW,21.5,USD,1.4150943396226447,323,0.19848829349228783,43963047837.57795,USD,Finance,Strong buy,20.744278135384327,20.674628436224406,20.606269666379692,0,0.18639328984156173,6.477812995245641,20.925000000000015,20.96075000000001,20.515599999999978,21.072992229999997,38.830809737069366,0.49040578026000003,89.16901731401452
CODGF,Compagnie de Saint-Gobain,89.75,USD,-1.5899122807017576,544,0.7256235827664399,43946162466.12428,USD,Producer manufacturing,Strong buy,91.8254947139945,91.26739468821133,91.48587550954699,-7.521895929933022,3.646389698876922,-13.117134559535332,93.63250000000002,91.26365000000004,89.599582,96.16301782499997,14.566732243319835,3.6571944000000003,-7.027577485007723
CMG,"Chipotle Mexican Grill, Inc.",34.675,USD,3.941846522781768,6030781,0.4017879794635249,43878368869.35702,USD,Consumer services,Strong buy,34.00212061338824,33.88701191962697,34.09032658356795,4.129129129129129,1.5522038365792765,-6.912751677852357,33.58100000000001,33.87275000000003,33.47350000000001,34.47219999999997,31.98505672908403,0.29023,-4.172191284363114
RBGPF,Reckitt Benckiser Group Plc.,69.0,USD,0,100,0.08825346394846005,43805416135.07014,USD,Consumer non-durables,Strong buy,68.25561073128434,67.7835965191902,68.55776500109054,0.509832483612519,2.442587610682539,-17.41704521546155,70.03,68.45052000000001,64.73955999999998,73.19818126884998,11.787026893787914,2.5861771155,125.9537835588003
PAYX,"Paychex, Inc.",123.125,USD,2.66405403151838,679770,0.32399881948265424,43793452412.844986,USD,Technology services,Buy,115.71637900077494,111.51537093832938,108.27028603760587,2.034474185795971,8.127689470448754,9.815376382447374,121.80299999999995,119.02474999999997,110.07929999999996,103.31397499999991,25.176877147063635,1.321402,6.805276491657191
CRDO,Credo Technology Group Holding Ltd,233.96,USD,-4.882709273488634,2353593,0.5446285754430835,43628367364.78676,USD,Technology services,Strong buy,234.22039052886953,225.96532982137495,211.39218589431135,-14.750036437837046,9.583138173302112,57.65498652291105,257.72799999999995,232.06175000000002,241.7094,172.39922499999997,94.3463182514719,1.170327,789.7739504843918
ODFL,"Old Dominion Freight Line, Inc.",210.11,USD,1.0144230769230833,275645,0.2002642969978119,43567701196.96255,USD,Transportation,Buy,217.38352077231573,217.44089933592196,213.29945575386049,1.0703032926858709,-10.347328895715991,33.19175911251982,211.3539999999999,216.47599999999983,222.87709999999998,193.05724999999947,40.436096302996475,1.592518,1.4843460088670244
PBCRF,PT Bank Central Asia,0.3528,USD,-1.7407046372371475,364,0.04509750476992839,43491436537.5,USD,Finance,Strong buy,0.3454889538629745,0.3474111348407288,0.3625473089055902,0,5.945945945945941,-24.12903225806452,0.35213999999999995,0.3338661000000003,0.39550402000000034,0.5557669049999966,13.352215768415782,0.006998319999999999,-7.796979707336716
LYV,"Live Nation Entertainment, Inc.",184.305,USD,2.482762455516016,203991,0.12979817084674455,43428498670.39766,USD,Consumer services,Strong buy,180.45022761702793,177.07812649702257,172.3309413764016,-1.3145213107731764,1.6238420820467538,29.400407217580565,184.6209999999999,182.17174999999992,179.28470000000002,158.0725749999999,nan,1.574068,-148.655692133953
TEAM,Atlassian Corporation,171.43,USD,5.171779141104298,1887419,0.29354269038079117,43395587954.66871,USD,Technology services,Strong buy,128.83505986528064,116.48129731357037,109.6089325643328,7.770164078707496,88.3846153846154,5.729616380905403,164.19400000000007,126.75174999999997,102.81750000000005,107.89274999999998,nan,1.436327,80.95723014256619
A,"Agilent Technologies, Inc.",153.48,USD,3.3953112368633733,606689,0.49208971914526517,43347655754.2409,USD,Health technology,Strong buy,142.15618117006997,137.80090748524574,134.0599011877689,3.836005682971374,16.848115721355157,12.65413975337638,149.6380000000001,143.80899999999963,136.5164,131.16900000000004,30.826086083271402,1.486719,22.799358737205583
SUHJF,Sun Hung Kai Properties Ltd.,14.95,USD,-5.439595192915884,361,0.06649352563039915,43321816215.039215,USD,Finance,Strong buy,15.646428879118607,15.623891575502102,15.130673489482648,0,4.545454545454535,13.913441024078015,14.92400000000001,16.294800000000002,13.576323999999998,11.331802500000004,15.329114760951121,0.5149788,26.052293602768966
TEVJF,Teva Pharmaceutical Industries Ltd.,37.0,USD,30.281690140845075,100,0.6289308176100629,43115958462.97834,USD,Health technology,Strong buy,30.528465502301845,28.143099428929613,25.423083159308774,0,12.121212121212121,12.667478684531048,31.786,23.575450000000004,19.95762,12.509743500000004,52.58316391547171,0.7232901691399999,nan
HLNCF,HALEON PLC,4.9,USD,1.7653167185877456,102,0.026712059709309937,43104338114.56694,USD,Health technology,Buy,4.868505582829801,4.832920828401031,4.824818808493299,0.40983606557377994,-1.309164149043293,-5.769230769230766,4.887780000000003,4.923444999999992,4.737717999999997,4.865645250000004,20.39823685966396,0.14245587499999998,4.654981680998441
VLKAF,Volkswagen AG,86.65,USD,1.1026194504404732,222,0.23966317607686496,43101014398.12029,USD,Consumer durables,Strong buy,87.68482306413536,90.45190771028183,94.52331179936758,1.307705348321977,1.1675423234092235,-29.301376848546656,86.78300000000002,86.56546999999975,89.35843199999998,106.56453399999992,7.255656120854833,4.692296149200001,-39.12930749722384
VIK,Viking Holdings Ltd,96.535,USD,-1.7855326075897948,1492476,0.5653333814142744,43069777047.07401,USD,Consumer services,Strong buy,98.91248077828197,96.60853702376723,92.36996628049172,-1.1013215859030865,-1.2025381230170886,34.995105579639194,99.75699999999992,103.10575000000003,100.28690000000005,80.64952500000001,35.95076716818114,1.255918,117.98993343075175
PRYMF,Prysmian S.P.A.,147.35,USD,-4.726496831759991,1099,0.8147379346133886,43057372103.506615,USD,Producer manufacturing,Strong buy,150.51532433974552,151.82059495370015,149.0949204673559,-5.505499086157699,0.6008056257254014,39.95678294113457,150.2571599999999,144.26303500000006,158.64106600000002,128.98739457999997,26.68650429530597,1.6888622830800002,79.27163979294214
WCN,"Waste Connections, Inc.",170.495,USD,2.999456291910834,357501,0.37165665882118115,42973183368.35777,USD,Industrial services,Strong buy,167.30582398246457,165.96646787493088,165.26973408904132,3.067948252931941,-0.8749999999999973,-2.507433668801459,166.57100000000023,167.29374999999987,165.87230000000014,165.6309249999997,42.27862115974874,1.529188642,59.043404662731426
FLEX,Flex Ltd.,116.11,USD,-3.43479707252162,540536,0.19820366470118903,42891376238.667,USD,Electronic technology,Strong buy,123.32991531823298,122.82093913110178,116.78957361416724,-9.430577223088916,-3.567127610979612,88.98111979166667,123.36199999999994,119.89850000000008,132.72089999999997,92.014075,44.83357788246197,1.0581,13.732378902990646
HEI,Heico Corporation,366.69,USD,-0.3586859052743114,65473,0.18104889063898177,42885350217.23665,USD,Electronic technology,Strong buy,357.63565184886005,348.4369594932355,338.4209408802989,-1.61783644558919,6.48140081888666,13.449043994802292,370.44200000000023,362.92200000000014,351.1530000000002,321.55074999999977,65.49088246325303,1.510863,30.878193590612646
HEI.A,Heico Corporation,267.535,USD,-0.4632041074484515,21656,0.10291723992082558,42840365867.67205,USD,Electronic technology,Strong buy,260.96638502599023,255.36495489126287,250.0003451725127,-1.7499081894968733,7.01400000000001,6.0258391788530945,270.879,263.83074999999997,256.00050000000016,243.231325,47.78178635852191,1.508801,30.878193590612646
VLKPF,Volkswagen AG,86.48,USD,1.74117647058824,26,0.15011547344110857,42830468360.78394,USD,Consumer durables,Buy,86.8640503074171,90.0150612750729,94.14100822108655,1.74117647058824,8.086489188851392,-28.577327761351803,85.96599999999995,84.73750499999987,91.205337,106.16471174999998,7.2414211348127635,4.692296149200001,-39.12930749722384
DHI,"D.R. Horton, Inc.",153.05,USD,5.059033498077982,602891,0.32319807148278834,42808280885.71973,USD,Consumer durables,Buy,150.45568955268513,150.40197147230174,150.2810989746807,3.7275499830565906,2.155920437858776,6.0343633088540996,149.15199999999987,147.902,151.75660000000025,149.75790000000003,14.560382061380977,3.050366,-15.746358980113653
PRU,"Prudential Financial, Inc.",123.76,USD,-0.626304801670147,256491,0.18315814278981418,42697200314.020874,USD,Finance,Buy,119.5073723611723,116.0127528518693,112.51536360991543,-1.0078387458006646,3.956320873582535,9.648267918844688,124.5480000000003,122.5235000000001,115.9337999999999,107.12160000000036,11.210144927536232,3.460024,144.26399982299708
MCHP,Microchip Technology Incorporated,78.49,USD,0.383680777593039,1736023,0.17657991411779414,42620751603.18481,USD,Electronic technology,Strong buy,81.64836620964375,82.7757950816624,82.24366720163582,-1.96102922807895,-4.889427446228428,20.272755133312888,78.75999999999996,78.1435,84.95160000000011,76.38410000000003,117.34190461952457,0.934239,nan
CCJ,Cameco Corporation,97.81,USD,1.853587420597731,522181,0.23460661549133024,42599479497.52024,USD,Non-energy minerals,Strong buy,96.07667251734905,98.07059345545613,100.20753607758911,-0.06130581383468098,14.504799812690235,5.172043010752691,97.58200000000002,93.18749999999997,96.12460000000011,104.85310000000005,170.49289371813612,0.23831487950000005,-36.25029364067095
MCHPP,Microchip Technology Incorporated - Depositary Shares Each Representing a 1/20th Interest in a Share of 7.50% Series A Mandatory Convertible Preferred Stock,66.6,USD,-0.5970149253731428,1480,0.011372158497153888,42457848998.0,USD,Electronic technology,,69.64673453800695,70.62989046554502,70.44828434709157,-3.38024082402439,-4.598195100988408,12.177867609903986,67.55999999999999,67.102,72.16560000000001,66.823545,99.56645238451186,0.934239,nan
COIN,"Coinbase Global, Inc.",160.2,USD,9.5534432059085,5588999,0.873470077189982,42266687400.00001,USD,Finance,Buy,156.74147082769574,161.2891352828474,170.67928653589706,7.98422702301911,1.2706239332448264,-30.527548298965723,151.8700000000003,153.82750000000001,157.5181000000001,200.10220000000004,nan,-0.2,-137.16237133348812
RKT,"Rocket Companies, Inc.",14.88,USD,6.361686919228024,7356967,0.26939022861929746,42134837514.40743,USD,Finance,Buy,14.256155640217331,14.343086838301975,14.690006214728681,2.4088093599449514,1.4314928425357931,-23.69230769230769,14.634000000000023,13.852499999999997,14.111000000000008,16.33582499999999,99.00199600798405,0.155333,nan
LGRVF,LeGrand SA,160.98,USD,7.134300545720751,153,0.06001647511081473,42117721944.6646,USD,Electronic technology,Buy,163.16405438254435,164.4274675930871,163.0429250545396,0,2.717895871950385,9.696763202725718,158.13006000000004,167.61987225000001,162.5150589,113.99747065999992,28.761210529114198,1.6423638339,2.98496045882114
EQBBF,EQT AB,36.0,USD,-0.8264462809917278,13900,1.9778312155836026,42090347973.88509,USD,Finance,Strong buy,33.269429308278355,32.8364239310441,32.832224199104004,-0.8264462809917278,38.942493245851026,-7.6923076923076925,34.56,31.674549999999982,33.44807000000001,32.41017499999999,36.17161877730223,0.7765577799000001,17.52447790367658
KDP,Keurig Dr Pepper Inc.,30.83,USD,0.12991230919129312,1657355,0.1330066057541295,41954268362.61026,USD,Consumer non-durables,Strong buy,30.888899014137404,30.68165461635294,30.271284049911806,-0.32331070158422703,-0.2588159171789125,10.819554277498195,30.89199999999999,30.516500000000082,31.1072,28.803449999999955,31.24556602817472,0.618998,-12.456747404844288
PWCDF,Power Corp. of Canada,67.06,USD,-0.9343723455330993,3357,0.009768770837207232,41691527454.17181,USD,Finance,Buy,65.82998171477114,64.0104515292695,61.35698274723667,-0.08939213349225605,2.2879804758999387,26.1474793077502,67.86510000000001,67.14014999999993,64.66472199999994,55.04215150000001,22.384585706975642,1.157173875,3.0796559257684066
MSCI,MSCI Inc.,570.0,USD,1.2847166693320573,119604,0.17961824590026804,41438999698.17155,USD,Commercial services,Strong buy,576.0555966899243,578.5293614316066,578.261849584665,1.5264592202055556,-9.182161464557144,-0.27468201620099897,565.5640000000004,567.4205000000001,584.1820000000001,573.6353500000006,31.177014335956947,5.031721,21.125612826288588
NIPNF,NEC Corp.,30.495,USD,-1.1507293354943287,3831,3.5857356795207784,41407821132.20041,USD,Technology services,Strong buy,28.843432052619107,28.145673294513653,27.99317416479175,-0.505709624796077,15.555134520651764,-11.158048069919888,30.990999999999993,28.497000000000007,26.720019999999998,28.338485499999994,21.951688302266973,0.260969646399,33.184416346116
OTPBF,OTP Bank Ltd.,153.23,USD,7.8932544712012245,116,0.6632361349342482,41239515460.511284,USD,Finance,Strong buy,138.47969832399292,125.11215564671653,107.24539321812593,0,6.409722222222215,22.583999999999993,145.402,110.0853,nan,nan,11.0839034783912,4.532157785468,13.784486320476436
RNECF,Renesas Electronics Corp,23.19,USD,-5.385556915544677,583,0.11796604682220108,41210580428.46494,USD,Electronic technology,Strong buy,24.42610316378534,24.362194178172555,23.414457964971053,-9.551854596513117,-3.0518394648829448,65.76125804145819,24.020000000000007,23.732370000000017,26.124664,17.203424,20.37897280207474,0.42539473444000003,nan
SSEZF,SSE Plc,34.04,USD,5.178593498949456,309,0.01438078838367385,41062412884.15492,USD,Utilities,Strong buy,33.12706858449734,33.24987705366816,33.201093428158345,5.048759412418207,-0.298752269931474,6.474820143884894,32.9404,32.578700000000005,33.43827000000001,27.41991549999998,24.438938264542458,0.5876897,-0.32516031524191563
IQV,"IQVIA Holdings, Inc.",248.17,USD,3.391242761321496,357711,0.35768628387778406,40848783306.86531,USD,Health technology,Strong buy,224.69670236411457,213.9581589803306,205.14680136785867,5.451686921050388,20.946439884984645,10.097156292977237,241.5239999999999,234.79000000000005,209.99099999999987,199.0897500000001,30.783829713335894,3.266382,16.773614148934634
DISPF,Disco Corp.,376.55,USD,-9.379482292238231,388,0.5835463979545796,40844921928.02185,USD,Producer manufacturing,Strong buy,398.82327444943235,411.29380420192524,416.35466012304227,-6.247821453824779,-7.96458879199093,7.628765792031098,401.8484000000002,382.0238999999999,433.56024,402.9675654999999,45.63375021569025,2.8659518438180003,4.349644525751898
WAT,Waters Corporation,414.57,USD,3.3196261682242976,189953,0.2890131986949194,40730718096.36493,USD,Health technology,Strong buy,391.9282811714819,380.9575552150798,370.18924970999785,1.4908930669800173,12.814302819201037,9.341949096663596,409.84799999999984,395.9409999999999,379.59079999999994,358.35604999999947,52.773145614012755,3.999622,-28.76263885740195
ORXCF,ORIX Corp.,39.04,USD,-2.1553884711779436,574,0.030255112797807297,40695859296.872826,USD,Finance,Buy,39.40171569131387,38.562329594842836,37.01129371703409,0.3366830296332474,6.8710648781823105,31.381457176510175,40.11713999999999,39.96948500000002,39.018114000000004,29.9292425,11.338823922243652,1.540442663753,52.0551793832155
VEEV,Veeva Systems Inc.,250.32,USD,3.118434603501542,486042,0.28814147733376205,40662806440.43271,USD,Technology services,Strong buy,216.44666075620165,204.79257649719088,198.57045791218238,3.8672199170124455,29.69948186528497,12.04511883980126,245.55999999999966,219.76000000000045,194.3112000000001,200.16845000000012,44.57185591424654,2.222615,19.0078616685385
HHUSF,HUA HONG GRACE SEMICONDUCTOR LTD PUBLIC COMPANY LTD,17.6,USD,0.28490028490028896,100,0.01597112420743296,40539802658.370834,USD,Electronic technology,Buy,19.02886407430636,18.155368976637966,16.540916227526512,0,-17.37089201877934,74.43012884043608,20.279999999999998,18.35049,13.992346000000003,nan,440.0725239519473,0.04179,169.95400643014935
DTGHF,DAIMLER TRUCK HLDG AG,53.0145,USD,-1.2655045256453317,169,0.45861601085481685,40520938918.60055,USD,Consumer durables,Strong buy,50.48025757928516,49.705323388706965,48.98764252995029,0,9.522776572668107,20.3917338480754,51.588699999999996,48.613777499999955,48.81708500000001,45.08100975,13.87413040100521,1.14736257186,5.590800568305616
SWZCF,Swisscom AG,781.0,USD,1.4285714285714286,58,2.7884615384615383,40456201606.18897,USD,Communications,Buy,783.5085182374497,792.6090593959628,796.9330926417312,0,-0.2882830433905607,7.638769251972566,777.6368599999998,799.0695400000002,806.7173559999997,661.7241124300003,24.888243025350324,8.326352539399998,-3.1750668667730353
ROP,"Roper Technologies, Inc.",408.13,USD,3.5416190983585705,141592,0.22096788465448955,40364413969.05058,USD,Technology services,Buy,384.0363601518309,374.32740973494543,371.2892847719549,3.7785745162356688,13.130613150016632,-8.229712409776724,397.76999999999987,392.21749999999986,363.77229999999986,377.95442499999984,16.913309601462036,5.789834,69.57863076079778
NHOLF,Sompo Hldgs Inc,43.75,USD,1.744186046511628,653,0.7866522105770384,40344181060.79284,USD,Finance,Buy,40.56252611785431,38.356976683170274,35.43258954684983,1.744186046511628,13.049095607235135,36.676038737894416,43.8985,36.61839500000001,28.440618798,16.780002977800002,9.161980772542924,0.8654562311730001,74.37654259191268
BMDPF,BANCA MONTE DEI PASCHI DI SIENA SPA,13.25,USD,-1.8518518518518516,1325,1.0415847810706707,40259040912.49584,USD,Finance,Strong buy,12.3622748293547,11.864517266350957,11.309357496735343,2.7330878077146665,11.814345991561185,17.360496014171844,13.236000000000022,12.530954999999995,11.048408000000002,8.231310999999637,9.696483313826814,nan,-13.225207623109988
YUM,"Yum! Brands, Inc.",147.26,USD,1.6567720557779768,510479,0.24361494980180237,40187415054.82396,USD,Consumer services,Buy,151.04683030833988,152.33607261558038,153.3259568473073,-0.033942027017861226,-1.1545173848838763,-2.8243368087633636,147.244,149.25499999999994,153.20679999999996,154.49639999999997,18.5202419730107,1.564868,57.04100173803127
ASAZF,Assa Abloy AB,36.07,USD,-1.0425240054869753,319,0.2196969696969697,40065703821.74903,USD,Consumer durables,Strong buy,36.51119252844828,36.59877633184717,36.67873060209356,-1.0425240054869753,7.096199524940619,-4.637267343485612,37.27400000000002,35.997249999999994,37.172886000000005,29.587846000000003,23.798101211061418,0.45608214999999996,10.133791369625257
ED,"Consolidated Edison, Inc.",108.47,USD,-0.6320996702088657,415636,0.19390541267881337,39974420516.82347,USD,Utilities,Buy,109.45388686019437,109.50515596676036,109.15049990510164,-0.00921828908555044,-3.8727401630627476,8.872829469035436,108.76200000000031,109.35200000000017,109.84779999999996,106.77369999999975,17.813505879261644,2.060167,10.407600812300547
AIG,"American International Group, Inc. New",76.29,USD,0.2233315817130868,412306,0.14480099810440877,39891518131.872444,USD,Finance,Buy,77.57680202406799,77.49176735913478,77.41929457655867,0.1838476690741964,-4.732767232767223,-10.489264343541004,76.1779999999999,78.19049999999979,77.59819999999993,77.44532499999985,13.976623186281696,1.816473,1.1714116251482827
EXPE,"Expedia Group, Inc.",330.89,USD,2.946300790243286,280194,0.1997829720086084,39713051428.52797,USD,Consumer services,Buy,297.2749095920905,282.4294282479233,269.4777348629955,0.11800302571860403,23.452598589710117,16.913999010670626,326.36200000000014,306.1554999999999,275.2468000000001,254.15364999999994,20.63741541148221,8.711439,96.19323813369553
FSUMF,FORTESCUE LTD.,12.9,USD,1.7350157728706677,100,0.012210608576731464,39697228004.76244,USD,Non-energy minerals,Buy,13.546850832471375,13.89686020363966,14.152552218847767,4.082620622882041,-2.6415094339622613,-15.96091205211726,13.067999999999987,13.380224999999996,14.574488000000015,13.87850000000001,10.286838114234381,0.535267,5.604702490805192
MSTR,Strategy Inc,103.26,USD,11.608300907911813,16602745,1.0216796452271093,39675124749.415695,USD,Technology services,Strong buy,101.13513836578004,108.26487837871716,120.80292670303554,10.73458445040215,7.989960259359966,-33.20395885891713,96.72,96.20249999999979,99.7751999999999,145.46232500000013,nan,12.343037,-955.7415004313606
DCNSF,DAIICHI LIFE GROUP INC.,11.0,USD,-2.0044543429844066,520,0.09791184168408368,39636040039.063805,USD,Finance,Buy,10.639706745813577,10.16239643613081,9.506811103422256,-2.0044543429844066,2.0408163265306185,21.278941565600878,11.1065,10.173649849999999,8.27739144,5.20780248625,11.733265245351559,0.213862980413,47.34552070209354
ADM,Archer-Daniels-Midland Company,82.205,USD,-0.2971497877501571,774075,0.23024714755440095,39619487017.663666,USD,Process industries,Buy,80.38916264984027,79.39203769606885,77.371415443956,2.2577435004353745,-2.8424536106843177,43.114554317548745,81.309,80.78675000000001,80.05790000000003,70.71864999999995,22.50218986094383,1.503958,60.792253521126774
SDZXF,Sandoz Group AG,90.035,USD,2.7210496292070627,212,0.06782480724317753,39615400823.072,USD,Health technology,Buy,83.40948080034711,82.19870430123854,79.63079894910689,2.7210496292070627,0.5415968732551641,24.169080126879038,83.207,81.92465500000002,75.73909,48.23489734500001,61.818635952349574,2.27,161.55187931026802
FJTSF,Fujitsu Ltd.,22.8,USD,3.63636363636364,491,0.3072206232011012,39552942919.921135,USD,Technology services,Strong buy,22.188443460833984,21.85421255273964,21.94969160732872,-9.127142287764046,11.709946104850566,-23.46424974823766,23.734999999999992,22.24429499999999,21.027376,23.627851500000006,20.518268941154542,0.209567476811,-22.97359678165545
SYY,Sysco Corporation,82.61,USD,0.7930697901415394,323688,0.12134089925824111,39502663043.86603,USD,Distribution services,Buy,82.7326581464779,81.88627308741462,81.00196543463737,0.6148788506027149,0.20621057738961876,13.273001508295616,82.592,83.78999999999992,82.34779999999999,78.92327499999993,22.590789761540144,1.194807,-2.0727331155267503
JDCMF,"JD.com, Inc.",16.378,USD,0.7876923076923084,663,0.8471760797342193,39468940747.03803,USD,Retail trade,Strong buy,14.984541298644453,14.80850190574248,14.808183125025392,-0.7393939393939387,19.547445255474457,6.350649350649349,16.176920000000003,14.98158,14.662964000000004,16.73945044,22.1251435729719,0.47476909300000003,-57.85170011100427
PCG,Pacific Gas & Electric Co.,17.825,USD,0.028058361391689143,3876631,0.19385634810404945,39257190093.528336,USD,Utilities,Strong buy,17.51121981131421,17.36329894541297,17.20410846758835,0.30951041080472547,2.6194588370754075,10.098826436071636,17.68899999999999,17.517250000000008,17.2377,16.7799,13.00240717776643,0.420479,26.79430262671107
PCG/PX,PG&E Corp 6.000% Series A Mandatory Convertible Preferred Stock,42.85,USD,0.5160684963640602,42803,0.21894364028648916,39246178259.0,USD,Utilities,,42.62725190613209,42.44979153786984,42.289709911576224,-0.34883720930232226,0.1402196774947471,4.8959608323133414,42.676000000000016,42.72549999999999,42.224702,41.88815949999999,31.25683857320009,0.420479,26.79430262671107
NTAP,"NetApp, Inc.",199.76,USD,-2.418054809242351,640216,0.2787851420203231,39199758698.61794,USD,Electronic technology,Buy,182.3763827955071,171.14033450270463,157.82296966500115,-3.683702989392485,21.961047683008733,85.5643288434742,204.14799999999994,188.16899999999984,172.01520000000008,126.14314999999986,31.419673471955704,2.109211,11.901577020557582
FINMF,Leonardo S.P.A.,68.1352,USD,-1.9595090435558404,150,0.02846623904049797,39189575395.201866,USD,Electronic technology,Strong buy,65.02686165908321,64.05447254294411,63.67007857232735,-4.334054084412116,19.777094137294544,14.129313232830812,69.23864000000003,65.63320999999999,61.367174000000006,63.39686099999994,30.571310678539813,nan,3.9490735723713333
DKILF,Daikin Industries Ltd.,133.255,USD,2.301211062702725,12,0.01375831231368952,39000092368.62464,USD,Producer manufacturing,Buy,139.91133114727577,141.48938584731144,140.6687740459595,3.975499375780274,-8.378025302530254,3.507068510175537,130.82049999999998,139.1517500000001,145.41442999999998,133.52657750000003,23.023246149908985,1.8878832401049999,-13.698588969391427
HOCFF,Hochtief AG,518.0,USD,-1.0506208213944603,5,0.09920634920634921,38983131362.865715,USD,Industrial services,Buy,530.2948422351844,532.7851487936075,523.0062311270768,3.602072041440827,0.5825242718446602,28.520034735144517,522.0559999999999,518.9472499999999,554.27052,414.8130384999999,38.3922771743584,nan,5.042828300439882
HNDAF,"Honda Motor Co., Ltd.",9.985,USD,0.43755972438766655,196,0.06640241216925839,38867126864.01412,USD,Consumer durables,Buy,9.669553893768127,9.452369431794203,9.348591054633552,-4.90476190476191,8.532608695652176,5.661375661375663,10.269300000000007,9.755825000000005,9.23761500000002,9.680217250000005,nan,0.095442940499,-127.33268413046201
IBIDF,Ibiden Co. Ltd.,138.2,USD,11.939089583670821,407,0.20455345026888475,38791615606.686806,USD,Electronic technology,Strong buy,119.24909251067994,113.99467706463469,103.41336680735498,0.007236413633396704,19.965277777777764,196.08998393144083,110.24199999999996,117.45527999999997,107.15735199999999,44.900973249999986,96.8968669473824,0.495452358079,61.8744891207045
UAL,"United Airlines Holdings, Inc.",118.42,USD,-0.252695417789755,573047,0.24025721597176114,38437210527.7729,USD,Transportation,Strong buy,121.57860874058325,119.02179668349562,115.24297778633006,-5.233674775928291,1.109972677595626,5.168738898756667,122.21799999999999,124.04974999999997,123.33079999999998,107.34715000000004,11.06791035011309,3.111907,7.196601576980504
TGOPF,3i Group,38.19,USD,-0.49504950495050765,227,0.11091024576146968,38174213217.60921,USD,Miscellaneous,Strong buy,36.984611757630674,36.32228200078735,36.6213563185584,0,8.133361647908247,-11.984328186218027,38.08349999999999,37.15520000000005,33.29670000000004,41.33382100000001,5.3635440793720255,nan,5.939461368881218
SAABF,Saab AB,70.69,USD,-0.43661971830986235,432,0.1978384319472431,38127173852.76106,USD,Electronic technology,Buy,64.73347535586913,63.02823269839053,62.27299737012395,-2.0371396895787126,17.738174550299796,14.831059129304736,71.76517999999999,65.99679500000002,59.46119599999997,62.051115,52.4794701077599,0.2581462102,33.055640132354405
PPRUF,Kering SA,310.312,USD,6.424308937512871,6,0.25316455696202533,38040194757.11903,USD,Consumer non-durables,Buy,312.0436833144504,308.79481121903024,307.1609734915029,3.9427723878647263,9.264827205925068,-13.244092550966778,303.93533999999966,311.82412999999985,299.32067500000034,322.5130347499995,nan,3.3447126000000003,-128.38572886951647
PUKPF,Prudential PLC,15.25,USD,11.558156547183614,660,0.30330882352941174,37856216421.980675,USD,Finance,Strong buy,13.68720693586335,13.61501159824326,13.380993966643631,15.09433962264151,18.67704280155642,-5.27950310559007,13.344,13.637000000000004,12.340187999999994,10.294153269999992,9.774436013119203,0.6405,91.41311532267564
BAMXF,Bayerische Motoren Werke AG,62.5,USD,0.8064516129032258,1125,0.18940350522753674,37834906933.66115,USD,Consumer durables,Buy,66.89115406049116,70.58429560448701,75.80373524275463,0.8064516129032258,2.459016393442623,-43.43891402714932,63.98400000000008,64.96199999999992,70.52638410000017,90.45784602500004,5.270394772105152,1.2671657793,8.429162099975436
TTRAF,Telstra Group Limited,3.4,USD,-0.2932551319648162,5081,2.8825097861235602,37805414971.39241,USD,Communications,Buy,3.4680118165695184,3.4927456945459823,3.473881489824387,-0.2932551319648162,4.615384615384612,4.615384615384612,3.4469999999999956,3.6188761500000006,3.4263527800000024,2.8206858349999986,24.734706990805883,0.07421931720000001,10.895059071591403
P,"Everpure, Inc.",113.64,USD,-2.9215786776012314,879324,0.2614257676478016,37774496337.61866,USD,Electronic technology,Strong buy,92.8264593252458,86.71897414353847,81.8904674842107,-4.093172419613465,63.065002152389155,66.06751424813676,116.63999999999996,92.27499999999996,81.133,74.85244999999998,172.75767710550318,0.578089,77.01829924650163
SKFOF,Sika Finanz Ag,234.98,USD,-2.091666666666671,1485,1.0648214541804102,37704068954.74871,USD,Process industries,Strong buy,214.76055057284987,207.08759854825928,201.8621745708737,0,17.690073124311326,14.451317519848027,223.71159999999992,199.10151000000005,187.90646399999983,216.1212274999999,29.29881604130253,4.873571999999999,-16.487466221348637
PEG,Public Service Enterprise Group Incorporated,75.635,USD,0.04629629629631059,312685,0.1457541055498666,37697999263.18611,USD,Utilities,Buy,77.46302098789141,78.26926176005168,79.0551256498993,-0.16499472016895458,-3.502168920643009,-6.380740190617652,75.76300000000009,76.66525000000003,78.8752999999999,80.47087500000002,18.80719116769445,1.188477,1.5555555555555636
HIG,"The Hartford Insurance Group, Inc.",138.97,USD,0.007196315486464382,213248,0.19453276167684158,37643084948.22366,USD,Finance,Buy,138.91314989638866,137.90680534936908,136.9026864723429,0.9662888695146852,-0.9479686386315127,1.304854935121732,138.0940000000001,141.06949999999995,137.17019999999997,135.74345000000005,8.981509607119545,3.056394,40.27124298548596
HIG/PG,"The Hartford Insurance Group, Inc. Depositary Shares each representing a 1/1000th interest in a share of 6.000% Non-Cumulative Preferred Stock, Series G",24.4638,USD,0.1793611793611687,5639,0.32539325324008356,37640376228.0,USD,Finance,,24.627431214617214,24.688959628081566,24.75467598687136,-0.391693811074917,-1.1164106709781705,-2.3401197604790482,24.47876000000002,24.56194,24.683437999999978,24.897219500000027,1.5810740068119098,3.056394,40.27124298548596
CCL,Carnival Corporation Ltd.,27.465,USD,0.7150715071507161,3139982,0.2368300612382693,37617415083.61991,USD,Consumer services,Strong buy,27.767837952502113,27.73323783055463,27.747243612053534,-1.8406004288777718,3.2130777903043986,-10.508308895405673,27.800999999999995,27.91375,27.90569999999998,27.920539999999992,12.369392902179786,1.35407,20.346883468834697
TKO,"TKO Group Holdings, Inc.",198.57,USD,3.362656811201905,92998,0.10284091418028665,37583287276.90296,USD,Consumer services,Strong buy,192.96692500281347,193.27839053101334,194.03301427034216,-0.5509089998497493,7.725275321434373,-5.411327585385611,197.35599999999997,188.66750000000005,192.9475999999998,197.02460000000008,68.69032793690327,1.328529,33.093922651933696
HSY,The Hershey Company,187.045,USD,1.9596620332515666,217721,0.20704172567705956,37582186358.26898,USD,Consumer non-durables,Buy,181.4424765868053,182.54280108099334,185.1912707355233,2.5466008771929722,10.026470588235286,2.783272887130453,184.379,180.93625000000003,178.06050000000013,191.87082500000034,27.326583683964465,2.117866,-9.041620156274913
ALC,Alcon Inc.,74.55,USD,1.3596193065941535,608064,0.2927187566808551,37252636004.46055,USD,Health technology,Strong buy,71.29783119079708,70.81981293557094,71.37545114505366,1.927809680065623,6.774563162417651,-5.513307984790885,73.67200000000005,71.18749999999983,68.90220000000004,74.65759999999995,58.12297727361182,0.8736923904999999,-45.933826736243645
VODPF,Vodafone Group Plc,1.61,USD,6.622516556291397,14660,1.7951826408532627,37207140582.755745,USD,Communications,Buy,1.5355816536853593,1.5242522747909664,1.5032867346954355,2.8753993610223736,3.870967741935487,15.41218637992832,1.570400000000001,1.5183800000000003,1.5277519999999993,1.2107169999999983,nan,0.06191769,87.37709600443175
ADYYF,Adyen N.V.,1172.03,USD,-1.0719742050931473,20,0.0931098696461825,37134075953.825745,USD,Commercial services,Strong buy,1078.7628878709158,1064.9311795115368,1087.5171795610024,-3.138016528925622,21.45388601036269,-28.52778319836081,1157.3520000000008,1043.5550000000003,994.5288760000026,1233.4935814999967,28.84695755585455,24.69300624,8.760042282921779
DLMAF,"Dollarama, Inc.",135.962,USD,-1.173528909370438,12542,0.6916633118440862,36815669866.16682,USD,Retail trade,Strong buy,135.1380591948181,134.28720334234583,133.90502709409623,0,0.27435651596724364,-8.373375026114156,137.2436999999999,135.21167499999999,132.49170799999993,135.20977250000007,38.055744598365166,0.8926527447,12.726500952952623
FRFHF,Fairfax Financial Holdings Ltd.,1640.86,USD,-0.22498419030014385,828,0.06511481597986789,36720444216.34299,USD,Finance,Buy,1653.2757306819765,1653.7635202856839,1659.5053769321553,-0.854380664652574,0.5084039790268018,-13.638947368421059,1640.545360000003,1673.3503400000013,1655.645446000004,1693.7487870000011,8.254742685374136,47.111429,-1.669200591915081
WOLWF,Woolworths Group Limited,30.16,USD,6.806431050357677,280,0.7267064624967557,36689617484.65857,USD,Retail trade,Buy,27.46781242892267,26.079000785728734,24.49127303602228,4.714950350670094,0,52.32323232323232,29.19920000000002,25.819409999999987,21.679211999999946,21.50364600000002,92.98590744002105,0.3868282143,-60.61080629119613
TSCDF,Tesco PLC,5.885,USD,-6.215139442231084,1433,0.07584739482988588,36656046917.86482,USD,Retail trade,Strong buy,6.257787827133402,6.256704517375081,6.2367476861148115,-6.215139442231084,-9.461538461538465,-1.0242351872719047,6.192500000000004,6.437674999999999,6.249183999999993,6.118725499999997,16.141866295975174,0.219267,23.38188562010771
KMTUF,Komatsu Ltd.,41.05,USD,-5.745938809482818,367,0.07377032704174959,36596538516.23535,USD,Producer manufacturing,Buy,42.168679612012916,41.74879874136201,41.331198529440115,-11.611132045001895,1.5335147167944532,27.33815181313396,44.068499999999986,43.29749999999999,41.450949999999956,39.8955145,15.81858412473682,0.707409645378,-17.954347258053552
KVUE,Kenvue Inc.,19.025,USD,1.1968085106382864,6369012,0.3658478520058445,36542715487.35903,USD,Consumer non-durables,Buy,19.04608082023366,18.838522314521914,18.5843493860925,-0.07878151260504501,0.5018489170628572,10.1621308627678,19.002999999999993,19.223249999999986,18.981800000000007,17.78837500000001,22.055413865059123,0.291879,17.18516505909524
PSZKF,Powszechna Kasa Oszczednosci Bank Polski SA,29.14,USD,-7.344992050874399,567,0.7858627858627859,36425000202.38321,USD,Finance,Buy,29.50471329268575,28.996117941227304,28.19675363465195,-7.344992050874399,7.053637031594422,13.385214007782105,30.333999999999985,29.735749999999996,28.538699999999995,24.026091,12.656533302316921,0.6175784999999999,3.4527743014757273
BLMIF,Bank Leumi Le Israel,24.75,USD,-2.5206774320598684,900,2.4752475247524752,36416517406.447784,USD,Finance,Strong buy,24.05338280993089,24.000164343302046,23.82450650376743,-4.513888888888895,13.532110091743116,8.078602620087343,24.273260000000015,23.92182499999999,24.358816000000004,16.009798,10.501721594956159,0.5422738859999999,22.94629386894626
KMB,Kimberly-Clark Corporation,109.3,USD,1.4667656888228726,864866,0.36421234856841467,36350889541.99406,USD,Consumer non-durables,Buy,108.90586603912563,107.56281757415927,106.40230376528905,0.027454928159605693,1.203703703703701,8.014625951180946,109.20399999999995,109.78150000000005,108.29699999999991,102.94807499999992,18.626765963973483,1.674314,-19.11699840105862
MTB/PJ,"M&T Bank Corporation Depositary Shares each representing a 1/400th ownership interest in a share of Perpetual 7.500% Non-Cumulative Preferred Stock, Series J",26.625,USD,0.3202712886209527,5525,0.1474269002727064,36320689331.0,USD,Finance,,26.30780974413478,26.25226648319956,26.25270520120193,0.43379856657864363,1.8943742824339878,0.13162843174125666,26.52800000000001,26.27456000000002,26.092372000000026,26.3606515,1.405799550144144,4.934597,22.687551418336348
MTB/PH,"M&T Bank Corporation Perpetual Fixed-to-Floating Rate Non-Cumulative Preferred Stock, Series H",25.225,USD,0.08371720249644128,1619,0.027944580322113503,36320689331.0,USD,Finance,,25.148205304099395,25.12063200271592,25.089680856347883,0,0.4579848665870251,2.374188311688315,25.203779999999973,25.163494999999987,25.087021999999923,25.001898009999906,1.3318795737985365,4.934597,22.687551418336348
MTB/PK,"M&T Bank Corporation Depositary Shares each representing a 1/400th interest in a share of Perpetual 6.350% Non-Cumulative Preferred Stock, Series K",24.12,USD,0.24937655860350072,3958,0.1745912016268124,36320689331.0,USD,Finance,,24.139202193698882,24.290705795596885,24.47841522799844,0.7939824488090317,-1.0258514567090684,-6.277321210001738,23.96399999999999,23.900500000000005,24.239599999999975,24.89891,1.2735355924686105,4.934597,22.687551418336348
TTDKF,TDK Corp.,19.1,USD,6.229143492769749,1365,0.29672622929437853,36246055078.12348,USD,Electronic technology,Strong buy,19.769414285954703,19.879090779454575,19.316925092793777,-0.7276507276507121,0.695908899198658,53.0448717948718,19.0768,18.646149999999995,21.439464,16.856775000000006,25.141288433567926,0.270242055477,39.62051918096546
IRM,Iron Mountain Incorporated (Delaware),121.7,USD,-3.923580958395831,384324,0.2787429658604344,36230432648.86239,USD,Finance,Strong buy,124.13044201003392,123.27308373037546,120.52691215359984,-5.804953560371507,-1.5849911046417546,46.62650602409639,126.86399999999999,124.78600000000002,124.73299999999996,108.38904999999997,86.86032403111841,0.597279,920.4661325564457
WEC,"WEC Energy Group, Inc.",110.63,USD,-0.3782080144079259,573339,0.21690943952680716,36048716266.83944,USD,Utilities,Buy,111.67689938546653,112.3692731263873,112.70439635294862,0.16296966953371897,-2.4856765094755464,4.69385823791047,110.59399999999985,110.29750000000008,113.03760000000011,112.04314999999983,21.425804702327923,0.933997,-1.0217187110625514
FANUF,Fanuc Corporation,38.74,USD,-8.125029644737454,673,0.11737212019742235,35828548548.583046,USD,Producer manufacturing,Buy,41.90440542422269,42.70990281576954,42.70942652975035,-10.095149686702253,-4.675196850393697,4.702702702702708,41.02479999999996,40.92192999999999,43.145658000000005,41.009622999999955,32.719719391031084,0.337806648125,1.8993416746664111
MTB,M&T Bank Corporation,248.06,USD,-1.367793240556659,199161,0.29680642598482804,35823897397.407,USD,Finance,Buy,245.58015475787465,240.28602455396825,233.5017193848411,-2.0338849176572826,-0.8434264700003938,23.437499999999993,251.95200000000006,250.58749999999978,242.5997999999997,217.54665000000014,13.097563808779581,4.934597,22.687551418336348
STLD,"Steel Dynamics, Inc.",249.885,USD,0.030022817341174745,268498,0.325994022062857,35815540539.9812,USD,Non-energy minerals,Strong buy,249.09514540204782,244.3095283137799,234.75849669803583,-1.391026399905294,5.932850057230067,45.595175668589405,254.8309999999999,256.83924999999994,249.0859,205.57720000000012,22.667362119013063,5.390671,60.82161405146758
VMC,Vulcan Materials Company (Holding Company),276.355,USD,1.7320080986563746,216602,0.2999158692522887,35809730603.12456,USD,Non-energy minerals,Strong buy,282.6805640010296,284.42177089912747,285.8215423981207,-1.410937890192995,-5.003265614794955,-3.0605444085870515,277.13499999999993,280.6117499999998,288.4055000000002,289.4949750000002,32.619806421152035,3.043207,18.428225953003338
UI,Ubiquiti Inc.,590.275,USD,1.2252842419357572,35489,0.36324797260159,35724675259.924194,USD,Electronic technology,Buy,573.3548901379063,592.9619159580286,618.8594220962563,2.7244091747589665,7.710485018794935,5.617484969939876,582.575,559.3822499999999,553.6153000000002,661.0598750000001,37.94370235141355,4.033,71.46604649112173
HBANM,Huntington Bancshares Incorporated - Depositary Shares each representing a 1/1000th interest in a share of Huntington Series I Preferred Stock,20.1599,USD,-0.3465150766188831,38011,2.2933421822679416,35680527126.0,USD,Finance,,20.670218795646488,20.872709528208638,21.166271913935464,-1.706972208678699,-2.750120598166908,-9.148715637674632,20.40597999999995,20.73259000000001,20.722314000000004,21.942070245000092,15.54108849830404,0.366492,-3.4102755026061105
HBANP,Huntington Bancshares Incorporated - Depositary Shares 4.500% Series H Non-Cumulative Perpetual Preferred Stock,16.15,USD,0.43532338308457896,22717,0.6050734867169896,35680527126.0,USD,Finance,,16.207460544075925,16.311464857272764,16.50076209074836,0.24829298572314804,-1.0416666666666772,-5.665887850467303,16.11718700000003,16.15760674999999,16.181934699999992,17.02983617499998,12.449892075238976,0.366492,-3.4102755026061105
HBANZ,"Huntington Bancshares Incorporated - Depositary Shares, Each Representing a 1/1000th Interest in a Share of 5.50% Series L Non-Cumulative Perpetual Preferred St",19.2,USD,-0.1560062402496159,1367,0.13153590054461828,35680527126.0,USD,Finance,,19.644124888620958,19.848182695481768,20.117722631669825,-1.234567901234578,-4.0000000000000036,-10.61452513966481,19.34999999999997,19.632374999999946,19.780199999999986,20.870473999999977,14.801110083256244,0.366492,-3.4102755026061105
HBANL,"Huntington Bancshares Incorporated - Depositary Shares, Each Representing a 1/40th Interest in a Share of 6.875% Series J Non-Cumulative Perpetual Preferred Sto",25.125,USD,0.13949780789159083,4169,0.25084235860409143,35680527126.0,USD,Finance,,25.104495386466397,25.117322613790993,25.15866930978537,-0.11926058437686796,0.6610576923076888,-0.5738029283735638,25.143421599999975,25.09435539999999,25.078446159999977,25.32765890999995,19.368640148011103,0.366492,-3.4102755026061105
WEICF,Weichai Power Company Ltd.,4.11,USD,-10.807291666666654,2665,0.18054821619717354,35661860034.783585,USD,Producer manufacturing,Strong buy,4.386921030415721,4.419367485579894,4.338215909871621,-9.311562224183577,10.901241230437138,66.73427991886412,4.550400000000004,4.417450000000003,4.528596,3.7307564999999987,22.46459718861961,0.06402712668,-0.02938063352498723
STRD,Strategy Inc - 10.00% Series A Perpetual Stride Preferred Stock,69.15,USD,1.0669394913767962,41664,0.6136480125368948,35548542919.0,USD,Technology services,,64.93764153345415,65.53145659766851,67.3626480988236,2.0362992474546404,14.581607290803653,-9.666884389288036,68.56000000000003,63.92550000000013,62.595100000000066,72.22505050000001,nan,12.343037,-955.7415004313606
STRC,Strategy Inc - Variable Rate Series A Perpetual Stretch Preferred Stock,95.0001,USD,1.0531858312945412,398885,0.3560924132502069,35548542919.0,USD,Technology services,,91.90210721075287,92.01133111603254,93.03404675691887,0.21107594936709512,10.324120311229828,-4.195139169019759,94.78402000000001,92.0880050000001,89.43220199999998,96.62582549999999,nan,12.343037,-955.7415004313606
STRK,Strategy Inc - 8.00% Series A Perpetual Strike Preferred Stock,68.57,USD,4.241410763149881,32555,0.470197250310167,35548542919.0,USD,Technology services,,65.35149492182514,65.96825781968683,68.22082943712292,0.8234083223055256,10.632462084543397,-16.029879990203288,67.70400000000004,64.82249999999996,62.88149999999995,75.16640000000002,nan,12.343037,-955.7415004313606
STRF,Strategy Inc - 10.00% Series A Perpetual Strife Preferred Stock,96.3,USD,0.4066312167657185,30259,0.6134878524985351,35548542919.0,USD,Technology services,,95.73503768622788,95.90398225194026,96.71741943715014,0.2498438475952476,0.7216818324443026,-5.588235294117649,96.146,96.345625,94.90444999999993,99.90176249999999,nan,12.343037,-955.7415004313606
EME,"EMCOR Group, Inc.",805.51,USD,-2.3067687045953433,85395,0.2948483116874149,35530967962.02281,USD,Industrial services,Strong buy,803.3501700233065,802.5382944600452,794.7011940016025,-4.337705677317449,6.122206998313663,30.662795224500382,832.0199999999998,796.9624999999994,798.2208000000006,752.808,24.99449228143666,8.330295,33.73516474396216
NAPRF,Naspers Ltd.,46.41,USD,-6.492721503047407,100,0.7974481658692185,35530962857.523994,USD,Technology services,Strong buy,52.49540200619933,55.34583378330245,57.93863014181765,0,-7.6601671309192225,-27.25135198683283,50.15690000000003,55.92297500000001,63.416375200000004,44.57730659999999,7.157733184858412,2.4,7.10727889544953
QSR,Restaurant Brands International Inc.,78.05,USD,1.946185997910129,405484,0.18419498346631477,35474616030.054855,USD,Consumer services,Strong buy,75.65357607816826,75.30332218514806,74.77678595761698,1.153447382063246,3.514588859416434,14.745663040282272,77.20000000000006,74.66099999999992,74.25100000000005,72.69539999999995,23.069192799929063,1.076883,28.374122557389498
EL,"Estee Lauder Companies, Inc. (The)",97.965,USD,16.25133499466003,6386476,2.197894837985478,35443238552.63849,USD,Consumer non-durables,Buy,87.56988157822671,86.49636562035799,86.691473447779,14.578947368421058,18.67353119321624,-7.24328930549637,87.99900000000002,85.80825,84.44969999999991,91.54797500000006,nan,0.319307,71.24638877424681
KGC,Kinross Gold Corporation,29.84,USD,10.029498525073741,6145190,0.8236812580495767,35397421874.41549,USD,Non-energy minerals,Strong buy,26.635888309494238,26.732419071449417,27.210699081012095,8.351488743645609,32.21089942401418,4.4269466316710435,27.767999999999994,25.59149999999996,24.921799999999983,29.03264999999998,11.628951037439611,0.6801693607,101.79910384546176
ESLT,Elbit Systems Ltd.,754.2925,USD,-5.205099847934551,59101,0.6448730189039527,35344833434.300644,USD,Electronic technology,Buy,791.1130091237198,793.5218716114189,785.7492046503622,-4.034033078880405,-0.5468461579030689,29.15525153248177,779.2164999999995,809.0751250000002,790.7966500000002,736.5542124999997,53.510623934864704,3.654378,48.378160946283124
RSNHF,"Resona Holdings, Inc.",15.35,USD,-3.595540901240382,7004,0.6123876473262686,35341411279.295334,USD,Finance,Buy,14.416291330429624,14.003653735961809,13.447877318616904,-8.221225710014957,1.4876033057851217,54.42655935613682,15.469499999999991,14.425310000000005,14.031849999999993,11.971564999999993,21.04824557346438,0.21867784329,5.849595990780369
HBAN,Huntington Bancshares Incorporated,17.455,USD,-1.1608154020385155,5930863,0.31072643036728353,35266342071.592865,USD,Finance,Strong buy,17.501367237570186,17.35229532412008,17.17578993596649,-2.8658875904284953,-4.460864805692399,0.43153049482163,17.749000000000006,17.479249999999997,17.593099999999993,16.908225000000005,13.4559050262103,0.366492,-3.4102755026061105
KR,Kroger Company (The),57.41,USD,1.8991835285764875,1970517,0.3747010712745266,35172083819.35835,USD,Retail trade,Buy,58.1108342777961,59.45248886901975,61.18455304312857,2.153024911032017,-1.9470538001707953,-7.9377806286080865,56.747999999999976,57.22700000000003,58.44719999999998,64.45970000000001,33.577026552813194,1.05119,-53.52794085670798
HVRRF,Hannover Re,291.63,USD,1.679668773153191,5,0.20161290322580644,35164287042.328804,USD,Finance,Buy,284.6391317236196,287.22274372119784,290.18694037214306,1.679668773153191,6.085849399781746,-2.578920995490238,283.3950000000001,293.3299649999999,295.749346,243.73972089499995,11.264722397417867,6.5392869538200005,6.788041056162488
TTNDF,Techtronic Industries Ltd.,19.21,USD,-5.135802469135798,811,1.331254103742613,35050767955.5593,USD,Consumer durables,Strong buy,17.595253831332172,16.900398571824535,16.12530316355794,0,14.175334323922744,68.65671641791045,17.65,16.265274999999995,15.521412000000003,12.94991999999999,27.00754946065038,0.403333,9.66538288886777
RPRX,Royalty Pharma plc,60.92,USD,2.060646674484845,672594,0.25593529946618787,35032127055.54499,USD,Health technology,Strong buy,58.06514777041888,56.70526486966918,54.4855601410304,4.386566141192602,4.422351731230713,57.43636128698798,59.44399999999998,58.5905,57.102900000000055,47.84512499999998,32.43013042321001,1.170723,-18.219416630387464
TCKRF,Teck Resources Ltd.,67.32,USD,1.8148820326678594,100,0.13356484573260316,34920061857.16714,USD,Non-energy minerals,Buy,62.3240589849604,61.049469668071794,59.108272330373005,0,13.119092627599228,40.42553191489361,63.49638,61.636730000000014,58.69262199999996,48.75351383999999,18.787944279623552,0.9504024584,1046.4984693457184
NTRSO,"Northern Trust Corporation - Depositary Shares Each Representing a 1/1,000th Interest in a Share of Series E Non-Cumulative Perpetual Preferred Stock",18.4615,USD,0.8825136612021868,24632,0.7602398743221513,34867689629.0,USD,Finance,,18.511542184985508,18.602391043933007,18.753620500373245,0.008125677139761953,-1.169700214132756,-5.228439425051332,18.378300000000017,18.412574999999954,18.526330000000026,19.17112299999998,1.58471891980051,2.824381,36.923203497802106
VG,"Venture Global, Inc.",13.945,USD,-1.795774647887317,4214901,0.29957757716562233,34863794482.92465,USD,Industrial services,Strong buy,13.38703353356543,13.1080534544543,12.752583294880068,-0.8179231863442404,2.5367647058823577,103.2798833819242,13.885000000000014,13.497249999999998,12.68650000000001,10.996949999999993,10.598115215078279,0.509808,147.3308270676692
DNZOF,Denso Corp.,12.65,USD,-2.2222222222222197,1619,0.48088632785814006,34829406213.37957,USD,Producer manufacturing,Buy,12.57089316262008,12.532185853798135,12.609486159019749,-3.3613445378151225,1.6881028938906821,-11.785216178521614,12.547999999999996,12.708000000000004,12.423000000000016,13.108785000000013,12.797457736724109,0.19914204317,0.9689547173930536
REPYF,Repsol S.A.,31.82,USD,5.526721607773555,4810,7.930750206100577,34827028262.73945,USD,Energy minerals,Buy,28.660511725294874,27.623457565774366,26.368077995032845,0,13.642857142857142,65.3846153846154,29.78928,27.271184999999996,26.775590000000008,17.952750500000008,8.766300757875241,1.7969566817400002,381.6127428912274
CKHUF,CK Hutchison Holdings LTD,9.09,USD,0.09359687276330704,500,0.016106742604589133,34815104655.94048,USD,Retail trade,Strong buy,8.958314241851689,8.794876321944598,8.554677217376945,-1.7297297297297312,1.2249443207126884,28.571428571428562,9.222299999999995,8.767745000000005,8.550706999999996,7.100193294999997,7.227431327756204,0.5646035,389.0075878300779
RJF,"Raymond James Financial, Inc.",180.74,USD,0.8031232571109859,197462,0.2631016527295887,34767458741.50151,USD,Finance,Buy,172.79859061765413,168.24429980945783,164.3423059196185,0.13296398891967262,7.029075620299642,12.800349497597216,180.26399999999984,177.28149999999997,167.09180000000018,159.39615000000006,15.754332136257453,3.361065,12.601462433135408
CLS,"Celestica, Inc.",302.01,USD,-2.762484304066449,978349,0.30279490802651365,34725740730.89614,USD,Electronic technology,Strong buy,325.8016538883674,332.09836494378,332.5498789378154,-10.536761656496237,-1.3168213305450365,1.3116403891311532,327.1360000000001,331.46100000000007,345.19379999999995,329.8285000000001,32.22834327043252,3.0358984397,98.90343083087613
MDB,"MongoDB, Inc.",430.23,USD,-1.010077769085635,303573,0.20347037660917425,34604229087.89188,USD,Technology services,Strong buy,381.3785200468707,362.0274533669442,346.7358386461775,-5.198096161473707,38.288708173957765,1.8295857988165725,447.23399999999947,380.7575000000001,353.7307999999999,339.0843499999999,nan,1.605682,67.75595341560926
NTRS,Northern Trust Corporation,188.61,USD,-1.0336866407807737,166706,0.17035966976552733,34507266979.356125,USD,Finance,Buy,183.68748664211543,179.13967138481138,172.48887610583185,-1.4473821715957684,1.1123917763422506,37.903048914235576,190.51000000000008,185.1174999999999,180.91320000000007,155.06849999999994,16.19011648368628,2.824381,36.923203497802106
RSTRF,Restaurant Brands International Limited Partnership,75.0,USD,3.691414350891749,565,1.6133637921187893,34452492541.27358,USD,Consumer services,,76.16683870330498,75.27337597762262,73.90556618923891,0,0.5092468507102592,10.213078618662752,77.69799999999998,73.90384999999999,71.36989999999997,63.76557424999994,21.281705769010753,nan,29.736115762127703
EXPGF,Experian plc,38.95,USD,-0.8905852417302654,1618,0.7699628818882649,34426833780.16522,USD,Commercial services,Strong buy,37.87586985126425,37.34306007445997,37.43911955725025,0,8.164398778117203,-13.56928880505935,38.91399999999997,37.50405000000006,36.36158999999997,43.20523300000001,24.157867290136046,0.93,25.89774235205614
TWLO,Twilio Inc.,224.15,USD,-3.425247738043942,654147,0.19637047225371415,34423887775.52757,USD,Technology services,Strong buy,216.67035688997316,207.36095316845496,193.79823615118636,-5.712362764480707,8.83973876520431,56.91284564228212,234.4959999999998,214.26549999999997,207.09099999999992,157.16809999999998,31.18999248601564,1.464791,5800.328407224959
DXCM,"DexCom, Inc.",90.905,USD,1.456473214285722,1037496,0.23334056635651032,34303978239.13231,USD,Health technology,Strong buy,82.32704023253244,78.81815948141892,75.64847299419257,1.7517349451533442,18.674934725848573,36.43253789584272,90.09899999999999,83.32624999999999,77.05690000000001,69.00677499999996,35.88260835241178,0.67062,77.35928311397369
JBL,Jabil Inc.,326.87,USD,-3.4699663339436535,150540,0.1563055814611239,34251754466.51719,USD,Producer manufacturing,Strong buy,335.6888148946464,334.0316890428727,325.2320813788322,-10.635098559203865,7.523026315789475,41.32474382809461,353.7679999999998,333.54600000000016,343.05620000000005,287.13215,40.793989541602706,4.059283,55.77091312039503
DASTF,Dassault Systemes SA,25.6,USD,0.3921568627451036,325,0.07780145069781916,34247571278.319637,USD,Technology services,Buy,23.442273459781948,22.77805217998241,22.672310390991253,5.111886676247181,27.648965345300436,-1.5763168012302964,25.1,23.913320000000006,22.09399600000002,24.82564299999991,22.46505803301912,0.35683917018000005,12.97045365151828
CICOF,COSCO SHIPPING Holdings Co Ltd.,2.01,USD,0.49999999999998934,1300,1.5492789893933976,34125382520.4539,USD,Transportation,Buy,1.8974872795519044,1.8732609709294514,1.850784283763183,0,21.084337349397583,14.204545454545443,1.9,1.8487500000000001,1.8074100000000013,1.6337739999999992,7.282028191361355,0.10302599999999999,-35.81608504862801
NTR,Nutrien Ltd.,71.44,USD,2.939481268011516,758506,0.2928169049100355,34091886689.36431,USD,Process industries,Strong buy,67.96329009286232,67.91221380851306,68.0058459877424,4.429177020903379,6.962120077855953,15.505254648342758,68.968,68.02350000000001,66.2042,67.64419999999993,14.843671044302955,0.9588218649000001,69.31575031266328
GVDBF,Givaudan SA,3689.0,USD,-10.565360744763387,10,1.4285714285714286,34041784771.166664,USD,Consumer non-durables,Buy,3924.9696168620435,3891.530899071337,3865.9490375655596,-0.005692275582036164,-11.767519732121501,-6.2515883100381195,3956.1399999999994,3998.0359950000006,3782.3114440000004,4203.612988,29.036452374589963,71.282144,-14.562759922740085
ACGL,Arch Capital Group Ltd.,99.385,USD,0.4802345566676863,272530,0.20134055144098442,33913057940.840157,USD,Finance,Buy,99.13699345692852,98.37524109643351,97.4271167063532,1.0420902806018766,-1.6087516087516087,3.774668476558431,98.569,100.20900000000009,98.39380000000008,95.51605000000005,7.766091284880405,1.853603,32.18712556294673
GEHC,GE HealthCare Technologies Inc.,74.88,USD,3.0978934324659235,970876,0.3755409824981353,33822265029.313507,USD,Health technology,Strong buy,69.41226266024489,68.36829917287696,68.63235482088865,2.071973827699013,18.181818181818176,-9.324291596028097,73.47199999999998,69.76500000000003,66.27890000000005,72.84257500000004,17.207463921316297,1.20449,-10.913669212029383
IFCZF,Intact Financial Corp.,191.618,USD,1.3905497645377987,20,0.0003586781276284381,33791682646.06542,USD,Finance,Strong buy,198.52989500422737,198.61922987425794,197.679336281961,-0.7469180565627304,-9.29905071155216,-7.471147810130864,192.05420000000012,199.96232499999994,202.95294,195.34913339999994,15.13187819824373,3.1074364212,32.37133240351164
ACGLO,"Arch Capital Group Ltd. - Depositary Shares Each Representing 1/1,000th Interest in a Share of5.45% Non-Cumulative Preferred Shares, Series F",19.265,USD,0.14867646753031152,4778,0.271711933033074,33750974100.0,USD,Finance,,19.369041081926675,19.457442575814188,19.643187913546296,-0.41354355130523807,-1.3063524590163884,-5.424644084437901,19.329279999999923,19.407234999999957,19.279498000000043,20.238650500000002,1.5053956693990138,1.853603,32.18712556294673
ACGLN,"Arch Capital Group Ltd. - Depositary Shares, each Representing a 1/1,000th Interest in a 4.550% Non-Cumulative Preferred Share, Series G",16.2,USD,0.28165526633446125,4418,0.14087291464721188,33750974100.0,USD,Finance,,16.284149304435257,16.35651164849429,16.49732450213263,0,-1.6393442622950796,-3.283582089552243,16.219900000000017,16.295224999999995,16.201830000000005,16.90765550000002,1.2658920240988334,1.853603,32.18712556294673
ADDDF,adidas AG,189.0,USD,3.888965232925649,35,0.6161971830985916,33745773992.986427,USD,Consumer non-durables,Strong buy,189.87451671323944,189.25288875054932,187.57072608679516,5.2924791086350975,-6.58824692334306,-3.5714285714285716,185.18100000000004,190.8223399999996,196.3337009999999,185.83877374999977,21.350297963493176,3.9876647356199997,11.720679904130261
HENOF,Henkel AG & Co. KGAA,91.5,USD,2.2117962466487984,3095,5.788292500467551,33741714968.29662,USD,Process industries,Buy,84.99890053382565,83.68353786429148,83.01066294817659,0.6379234491860958,9.580838323353293,12.285093693627354,86.44999999999996,82.72058500000021,83.01756800000001,78.51738748000011,17.006300560770065,3.1479648000000005,-8.356784226153719
EQT,EQT Corporation,53.655,USD,0.9691381257056841,1490581,0.26905145877802406,33562060122.77202,USD,Energy minerals,Strong buy,52.963019061669975,53.37240417312577,54.179675440554156,-1.315063454110716,8.635351285685362,0.5716963448922207,53.66099999999998,53.01575000000006,51.93090000000004,56.34627500000005,12.445490814622378,0.523051,131.89715453714166
SHLRF,Schindler Holding AG,310.045,USD,7.845490277922712,1,0.008826125330979701,33354596182.776478,USD,Producer manufacturing,Buy,308.97860612155745,316.2926967995635,323.69979757313257,0,-1.4165341812400585,-14.530468222353926,302.98879999999957,321.2651749999999,339.05178520000015,272.04983929500014,26.09943384183314,nan,2.7682796716801352
HMRZF,Hennes & Mauritz AB,18.56,USD,4.504504504504489,100,0.07465472191116088,33236747185.511852,USD,Retail trade,Buy,18.056062295854193,18.06296495525803,17.78149275326804,0,8.696925329428987,-6.262626262626273,17.576999999999995,18.689500000000006,16.391130000000008,14.766125250000007,22.4133886763696,0.2247371794,28.577893694224958
HLBZF,HEIDELBERG MATERIALS AG,187.805,USD,4.651227585284584,89,0.08383571966842503,33122241319.165432,USD,Non-energy minerals,Strong buy,190.99935797876054,195.92791189640266,202.71251980811752,2.71548895208926,-4.667512690355326,-27.6560092449923,183.82220000000007,187.1818999999999,195.9482800000001,225.3991375,14.600898082337348,10.554940799999999,4.20459248055446
CKHGF,"Capitec Bank Holdings, Ltd.",283.83,USD,3.7295568752855126,1,0.004750593824228029,32952618036.449467,USD,Finance,Strong buy,215.08102582289908,180.85058613531805,142.71816776761932,0,14.600072677352928,14.600072677352928,244.30900000000003,127.60025,nan,nan,31.282570442886335,5.1470638778,43.11683424694872
SUNB,"Sunbelt Rentals Holdings, Inc.",80.38,USD,2.0050761421319776,654100,0.3655653430865116,32951587016.9467,USD,Finance,Buy,78.63932157595667,77.39325963626399,75.95121781299092,-5.18990327907526,9.130405267802585,10.109589041095884,81.67000000000002,78.38400000000001,76.9422,nan,nan,1.034277,nan
SHLAF,Schindler Holding AG,319.0,USD,-0.729930641651851,146,1.0602759622367466,32901034134.569298,USD,Producer manufacturing,Buy,328.3786049549007,333.21384633951726,338.2948955886738,-0.9316770186335404,-6.980812970198869,-11.302655359377166,326.0957400000001,329.556325,341.2103040000001,286.8820426050002,26.8532612864093,nan,2.7682796716801352
RMD,ResMed Inc.,227.855,USD,3.579870897354305,281293,0.18379980964844292,32868611583.69991,USD,Health technology,Buy,213.3299696001024,211.530387586201,214.13834309626498,2.3239626369678383,15.697674418604647,-5.747673216132372,223.881,216.0432499999999,205.49489999999997,229.29887500000007,21.833975354069644,2.688848,9.756944079258734
CQP,"Cheniere Energy Partners, LP",67.615,USD,-1.60797438882422,24364,0.18159160224552282,32729562558.332947,USD,Utilities,Neutral,65.52833914769828,64.55472518908245,63.45731232839298,-1.7937545388525773,9.056451612903219,25.818756978042412,68.06299999999996,66.17525000000002,63.796699999999994,60.26533500000002,12.170164512761438,1.057099,34.31486316603809
ERIXF,Ericsson (L.M.) Telephone Co.,9.74,USD,-6.61553211888782,1300200,0.7154719572631795,32500022156.501865,USD,Electronic technology,Buy,10.206894661915179,10.551116469713616,10.741889611146787,-6.61553211888782,-1.7278345314667731,3.0687830687830786,9.971000000000005,10.929725000000001,11.423309439999999,9.218214859999996,12.8477251994517,0.1501671072,39.06823744568052
BIIB,Biogen Inc.,219.39,USD,3.2180663373323806,164274,0.23357988466465315,32415750043.485107,USD,Health technology,Strong buy,208.35510835311018,204.81301686867812,199.69624898537882,5.2937224035323345,7.501960015680112,25.101214574898773,212.31400000000025,207.06249999999994,204.47379999999941,187.35167499999977,38.85346934438423,2.029145,-45.98105806945374
TECK,Teck Resources Ltd,66.12,USD,3.4579877953372056,782742,0.35357337028451846,32410827678.76747,USD,Non-energy minerals,Buy,62.767448937877255,61.76533483455765,60.10223318683585,2.7505827505827667,21.61118263748392,35.63076923076924,64.432,63.1665,61.25660000000004,54.99949999999999,18.453043312072335,0.9586650575000001,1046.4984693457184
ARES,Ares Management Corporation,144.4,USD,2.9149739861734756,605087,0.3224320434957436,32339496104.65968,USD,Finance,Strong buy,133.86760032645833,130.57052066017727,129.4109882751915,0.7324729682595127,15.215830208250225,-11.236783870174575,143.9040000000001,135.95850000000002,127.75400000000002,133.84152499999988,65.84287082212394,1.321993,25.463386727688775
KYOCF,Kyocera Corp.,24.5,USD,1.6597510373443924,9100,3.675134283752676,32273136413.573967,USD,Distribution services,Buy,23.363390291083043,22.468945879085975,20.999653656145814,0,6.290672451193056,73.0225988700565,23.76055999999999,23.477607499999998,18.630031000000006,14.167759250000003,32.514386504235176,0.140297694731,525.8519736363729
BAIDF,"Baidu, Inc.",11.62,USD,-12.684099789600245,3330,4.723404255319149,32119132669.760036,USD,Technology services,Strong buy,13.28072292703202,13.789188156024464,14.272570592984287,-9.289617486338809,-13.925925925925933,-36.692999182783986,12.263600000000002,13.612939999999991,14.808634000000001,14.350172999999984,nan,0.19329615035,-117.20827250957409
MLM,"Martin Marietta Materials, Inc.",534.14,USD,2.1671352881544044,188290,0.40432980118286166,32083568521.989754,USD,Non-energy minerals,Buy,554.0038645186398,564.0181051952654,575.5933344904693,-1.992660550458718,-5.941396069592169,-13.744045215987084,537.6600000000004,548.5345000000005,569.3250000000003,606.2405000000012,13.128671500553029,6.747255,125.40291081945053
VWSYF,Vestas Wind Systems A/S,32.25,USD,1.0813352139163104,150,0.032227569611550363,32076392007.208622,USD,Producer manufacturing,Strong buy,29.062027242969073,28.525446906915427,27.999031888250276,3.2,18.915929203539818,19.532544356766653,31.626739999999995,28.009685,27.375158000000003,27.07274999999997,25.741937720889773,0.47747103306000005,41.27499577614839
SBGOF,Standard Bank Group Ltd.,19.8025,USD,-1.3328350772297053,990,0.3557823618198807,32062890536.33968,USD,Finance,Buy,19.65790626628406,19.615915892222063,19.450045291680688,-0.4899497487437193,-0.07569067743156588,3.2052117263843565,19.95499999999999,19.811500000000002,19.65945,18.27847999999999,10.395788141644028,1.035645,22.484601155260595
CNC,Centene Corporation,64.87,USD,-0.5366452008586236,441356,0.14013788478653805,32045455933.470562,USD,Health services,Buy,64.6771461216386,62.65724336451482,59.06585028195274,-2.743628185907044,-2.6706676669167306,57.52792617775621,65.60199999999998,64.56699999999998,65.0156,48.56400000000007,nan,0.096155,-358.10710577065714
ALNY,"Alnylam Pharmaceuticals, Inc.",239.21,USD,4.636717553912774,378909,0.25488775518441087,32008481548.558243,USD,Health technology,Strong buy,248.58578945690002,261.98140860334274,279.4201317422652,5.957654145995756,-10.592412633152684,-40.09866279360945,229.63799999999975,235.93150000000028,269.04539999999974,333.13097499999986,40.38731027030678,1.7749,nan
UMGNF,UNIVERSAL MUSIC GROUP,17.405,USD,1.3981939994174308,680,0.021343980212874817,31999562950.921333,USD,Commercial services,Buy,18.808197414472495,19.600972375266704,20.507562825481383,-1.3321995464852574,-16.92362032590952,-32.64318885448916,17.116400000000013,18.47814999999994,19.98885799999997,22.62708499999997,86.98632935742087,0.6076035000000001,-87.9028412570282
AHODF,Koninklijke Ahold Delhaize N.V.,36.5,USD,-0.3549003549003618,284,0.36280020439448135,31911938568.53015,USD,Retail trade,Buy,39.47790430016076,40.64700616200884,41.57834121993058,0,-13.809388873146311,-9.316770186335404,37.638999999999996,40.00673500000003,43.666092,40.148668499999985,12.717784303576813,0.7981340695200001,20.51596339781467
CCI,Crown Castle Inc.,74.725,USD,0.9388085911117023,249243,0.10461112340644034,31792157553.93928,USD,Finance,Buy,77.52910750819518,79.58528431594567,81.87102154891242,-0.7767892710131562,-5.411392405063299,-15.89758019133371,74.98100000000002,75.30624999999986,79.07430000000004,85.67062500000027,16.47086051842708,0.68771,nan
ZTS,Zoetis Inc.,76.905,USD,3.9818820984315955,1548176,0.20590917692455712,31778960740.677868,USD,Health technology,Buy,76.44001383081078,79.75617711950693,86.48898710566222,5.205198358413143,1.6052318668252126,-39.15743670886076,74.69299999999998,75.51225000000001,76.15550000000002,105.91662499999998,12.651345660327696,1.528247,4.590502408809359
IR,Ingersoll Rand Inc.,81.82,USD,1.2999876191655282,887697,0.26206006595244896,31746113735.28265,USD,Producer manufacturing,Buy,82.31244732700304,81.49191480972158,81.15864319433155,-1.1597004107272384,-0.3531847521617419,2.492797194037323,82.50400000000002,85.17799999999981,81.3208000000003,81.96864999999998,33.71379125633524,0.902768,89.48313554028732
ZM,"Zoom Communications, Inc.",108.12,USD,3.2566135039633375,621228,0.2533969652471855,31704268906.575497,USD,Technology services,Buy,99.59261819831879,97.2235659260106,94.86033911565906,2.971428571428576,19.25876902713436,25.31293463143255,106.83800000000005,99.74949999999998,93.42080000000007,89.47612500000018,15.866167730574512,1.477983,104.61506125390343
SWSDF,Swiss Life Holding,1143.0,USD,-0.27570321770085165,46,0.773109243697479,31697341082.056606,USD,Finance,Buy,1130.54617440509,1117.6468857531192,1100.6480449879732,0,0.5117923283912781,-2.837518488923656,1161.2320000000004,1108.87484,1084.3721500000006,771.7761374449999,20.78794295234836,nan,17.285370040511435
CASY,"Caseys General Stores, Inc.",852.2864,USD,-0.31738011695906926,47759,0.1838958394620395,31538784364.188187,USD,Retail trade,Strong buy,842.4442540645852,829.9637513885825,803.5172176037688,0.6669186431068661,-1.0786694212957686,54.44727542902704,855.5052799999997,854.1983199999995,841.2883279999999,711.6606569999992,44.46727119050849,6.671261,30.89078889860139
DSKYF,"Daiichi Sankyo Co., Ltd.",17.325,USD,5.575868372943322,1985,0.9245028177541801,31525491659.5465,USD,Health technology,Strong buy,16.660170887247148,16.702377834723276,17.091526042367484,-2.941176470588247,2.910602910602901,-23.812664907651712,16.931000000000004,16.865,16.4404,19.6199025,21.33879115030066,0.238148583366,-25.619933610236618
ICTEF,"International Container Terminal Services, Inc.",15.6,USD,-0.31948881789137834,5560,0.5998360160531653,31500187646.482285,USD,Transportation,Strong buy,16.014004669089967,15.544382844073905,14.75828881839198,-8.46413378318909,-9.512761020881666,58.85947046843176,16.074500000000008,16.360000000000003,15.90215,12.267708500000003,28.856819076762143,0.152035,20.30643662431522
ARES/PB,Ares Management Corporation 6.75% Series B Mandatory Convertible Preferred Stock,45.88,USD,2.939196769127221,28524,0.11572841878399959,31423508992.0,USD,Finance,,43.14683358758493,42.28834986221148,42.025692829283734,1.1240908089045738,15.479486534105225,-8.7872763419483,45.685999999999964,43.533500000000025,41.27949999999999,43.27422500000005,20.920158679494783,1.321993,25.463386727688775
EXR,Extra Space Storage Inc,148.68,USD,1.1979308467193164,127431,0.1816367447552677,31411558052.07624,USD,Finance,Buy,147.8555734383863,146.95762238689807,145.67267426204563,0.9779951100244483,0.534180810061546,14.316469321851457,147.95800000000003,148.5599999999999,147.4962000000002,140.70142500000017,33.288554540569585,1.177748,-2.9317801490883015
EPIAF,Epiroc Aktiebolag,27.29,USD,5.980582524271841,366,0.2699712325735782,31360221126.92342,USD,Producer manufacturing,Buy,26.88986636465919,27.050752723948346,27.017352233117833,4.559386973180068,14.231896190874838,15.108824025645355,26.279599999999995,26.085400000000003,26.89957999999997,26.106667,36.359898993826064,0.22542074039999999,-3.950914840773071
WTW,Willis Towers Watson Public Limited Company,335.75,USD,2.394022567856061,68906,0.14159417874616018,31181753480.23788,USD,Finance,Strong buy,316.3314494843418,305.5525947112789,299.2010856707852,1.86589805825242,14.849148252035311,2.5284758909212974,331.058,328.766,296.35460000000006,299.00612500000005,20.71341760594227,3.603301,1032.8045286183522
SVNLF,Svenska Handelsbanken AB PUBL,15.5,USD,-0.9014768876670292,16358,7.423981120087138,30999950911.9141,USD,Finance,Neutral,15.227593098291665,15.024448953148333,14.835635848718324,0,1.9736842105263206,6.57315731573157,15.699100000000001,14.932332550000002,14.543935019999994,13.771631694999996,12.715257830318281,0.3071053908,-11.253607237139052
CPRT,"Copart, Inc.",33.4777,USD,6.244684227229442,4184804,0.3916884479667079,30994040662.874496,USD,Retail trade,Buy,30.685877558554456,30.846564720279236,31.81449440186229,6.8550909671241635,20.727371078254592,-14.477711074211276,31.534999999999947,29.85549999999996,29.40939999999991,34.95273849999998,20.857080555728615,0.386923,6.087243886318578
GBOOF,"Grupo Financiero Banorte, S.A.B. De C.V.",11.0,USD,-3.4664326458973194,186,0.041091350933392244,30944721939.06158,USD,Finance,Strong buy,11.253284461262364,11.160354131013344,11.054983166598861,-2.6548672566371745,8.910891089108913,18.91891891891892,11.299499999999995,11.409124999999992,10.935702000000006,10.751625999999993,8.924744125942944,0.32966921052,11.684988976664075
CFG/PI,"Citizens Financial Group, Inc. Depositary Shares, Each Representing a 1/40th Interest in a Share of 6.500% Fixed-Rate Reset Non-Cumulative Perpetual Preferred S",24.805,USD,0.020161290322576634,1462,0.11524424369979741,30939646485.0,USD,Finance,,24.88880465419169,24.95219882940686,25.028170686903508,0.020161290322576634,-0.9384984025559083,-2.342519685039366,24.790999999999997,24.8375,24.922600000000024,25.259134,5.3921568627450975,1.394831,40.27566018174057
CFG/PE,"Citizens Financial Group, Inc. Depositary Shares Each Representing 1/40th Interest in a Share of 5.000% Fixed-Rate Non-Cumulative Perpetual Preferred Stock, Ser",17.7901,USD,0.3106850859881561,4979,0.17598241236224313,30939646485.0,USD,Finance,,18.11466840315436,18.256585171399593,18.470534797054537,-1.0561735261401641,-4.148168103448275,-7.198226395409509,17.831020000000066,18.093004999999987,18.188892699999943,19.05170567499998,3.8672449023955475,1.394831,40.27566018174057
CFG/PH,"Citizens Financial Group, Inc. Depositary Shares Each Representing a 1/40th Interest in a Share of 7.375% Fixed-Rate Non-Cumulative Perpetual Preferred Stock, S",25.53,USD,0.11764705882353386,7918,0.323091361651773,30939646485.0,USD,Finance,,25.7367635104286,25.760290873683193,25.823220584267265,-1.4666152064839793,-1.580570547417117,-3.5876132930513567,25.767000000000014,25.81000000000003,25.726001999999966,26.1020765,5.549758706143211,1.394831,40.27566018174057
KHNGF,Kuehne & Nagel International AG,260.0,USD,-1.84604930348446,200,1.0515247108307046,30877617962.405304,USD,Transportation,Buy,251.6473210368905,247.52217462295485,242.1770519820034,-2.8219024481405386,0.7751937984496124,21.89976088893057,257.70472,252.94204999999982,239.37539000000018,233.40421949999993,28.84162803580182,2.8697524135,-26.444001212883006
ON,ON Semiconductor Corporation,78.8013,USD,-0.7790229161420348,2503161,0.3429108394638003,30678267873.713512,USD,Electronic technology,Buy,86.31385748683492,88.9161283877052,88.01194462467927,-5.446004319654434,-12.32122392211405,42.62678733031674,81.16426,82.11006499999998,94.38282600000001,76.86905650000004,50.7413393432067,0.873911,44.896435902220546
FNLPF,Fresnillo Plc,41.5,USD,4.983556792309636,1032,0.2130206828221112,30581083171.391125,USD,Non-energy minerals,Buy,38.28103576066772,38.960705993639046,39.95621702957192,6.41025641025641,27.653029836973246,-14.43298969072165,39.84907999999997,36.99673499999999,37.26461600000005,42.87092149999999,13.581594273185614,1.12975,366.0427492576519
AJINF,"Ajinomoto Co., Inc.",32.6596,USD,-6.68685714285715,657,0.8247552096409742,30564866598.951233,USD,Consumer non-durables,Strong buy,33.02764191595831,32.70456231039129,31.78001136802452,1.6799501867995021,-6.68685714285715,41.99826086956521,34.171919999999986,34.758155,33.071649999999984,20.935326295,36.92663019031698,0.164846675623,62.513658361106
FTI,TechnipFMC plc,77.86,USD,-0.5492400051092181,649831,0.21295242120071253,30533918023.92949,USD,Industrial services,Buy,73.70587732598021,72.20150152129553,69.84130254490502,-1.0924796747967473,6.6575342465753415,74.92698270051675,78.24299999999994,73.80949999999991,71.00320000000002,62.31780000000003,27.132701421800945,0.868623,35.896950179958324
CBOE,"Cboe Global Markets, Inc.",292.28,USD,0.44331420323721216,172903,0.2708053696530964,30523096043.84659,USD,Finance,Buy,288.74168122824216,288.8691838975571,288.54689380584443,-0.3375728850547309,6.687351706515785,16.46543136082885,293.49800000000005,292.18600000000004,276.5753999999999,282.39662500000003,22.76625409906296,3.414039,50.504091346041115
AEE,Ameren Corporation,110.005,USD,0.3054618400656458,249445,0.1840752426417869,30454142497.12802,USD,Utilities,Strong buy,110.67585114772716,110.78510185415692,110.33889016522835,0.7002929329915787,-1.7022607452417131,10.291758572287948,109.601,109.83225000000007,111.01610000000024,107.63957500000016,19.36400922389058,2.301204,24.769936966023163
TDY,Teledyne Technologies Incorporated,656.5,USD,-1.2781954887218046,34627,0.15190165500728867,30432497965.10075,USD,Electronic technology,Strong buy,657.7714584517058,649.8158486201065,639.4648849351495,-3.1925090319250873,3.276857488948675,27.97270955165692,670.4200000000001,668.6219999999995,646.3027999999994,607.3720500000001,31.717733909228823,6.14269,14.031501875898703
CFG,"Citizens Financial Group, Inc.",72.1901,USD,-1.72869588891913,807756,0.29843931529606976,30404794088.167694,USD,Finance,Strong buy,71.64039261820997,70.11583238981277,67.96677040021953,-2.970295698924737,-0.5919856788763473,23.486315429353404,73.76002000000001,72.79300499999998,70.92820200000001,62.904450499999975,15.692817703578106,1.394831,40.27566018174057
NSKFF,Kongsberg Gruppen ASA,34.55,USD,-1.2857142857142938,250,0.26933850463262227,30389902338.298553,USD,Producer manufacturing,Buy,32.80462852611414,32.74444333852449,33.021684562484204,-1.9301731478853243,16.960054163845626,29.158878504672888,34.474000000000004,31.553439999999995,31.965131559999996,32.83866839,41.054028128853595,0.17625879999999997,11.390281355569144
ILMN,"Illumina, Inc.",200.795,USD,6.641351107334429,847304,0.5707102099055912,30320043918.656696,USD,Health technology,Buy,189.63708843390668,181.43204422781582,170.30966152909346,5.122768441442855,7.4718334359193825,52.89347445366631,193.14999999999992,195.22100000000012,185.2526000000001,146.00147500000003,37.42056318604521,1.35791,-32.04022442595337
BRDCF,Bridgestone Corp.,23.95,USD,-7.242447714949655,707,1.3037064355522774,30227952221.67932,USD,Consumer durables,Buy,24.08334012477428,23.546465903532187,23.09147569997887,-6.809338521400779,13.453339649455234,2.5256849315068486,24.577999999999992,24.321449999999974,22.710230000000006,21.464242749999986,12.025201327192178,0.49427596,94.55276330255721
BNCZF,Banco BPM Societa Per Azioni,19.95,USD,14.54457764916633,140,0.05033617373170819,30155263431.999996,USD,Finance,Buy,17.017076821072234,16.26786316391239,15.273470470175146,0,14.544577649166328,35.714285714285715,17.62336,15.473778499999998,13.557217399999999,nan,13.632303912031706,nan,-21.689619235980125
KNYJF,Kone Oyj,58.1,USD,-1.7751479289940781,577,0.5153166026614271,30105730444.265835,USD,Producer manufacturing,Buy,57.510572237960865,58.35404112361416,59.604556684452504,-3.005008347245404,6.703397612488519,-17.236467236467238,56.669999999999945,56.913949999999986,62.344319999999925,52.77912119,27.927637190532838,0.63086371932,-6.325827083411031
SVNDF,"Seven & I Holdings Co., Ltd.",13.0,USD,4.183362718384358,896,0.08159028201462433,30052670654.296825,USD,Retail trade,Buy,12.367250736785419,12.53834835065546,12.835290915533388,4.183362718384358,10.544217687074832,-11.262798634812288,12.755599999999996,12.416800000000006,13.283270000000007,13.867785238749994,16.430500215554197,0.158202334079,47.35323518795187
KHC,The Kraft Heinz Company,25.305,USD,1.9540692989524555,2956228,0.2267500520924969,30007269130.199028,USD,Consumer non-durables,Buy,25.188702512956873,24.85585600948238,24.55204639560447,0.2178217821782167,-2.2217928902627486,4.178674351585017,25.15300000000007,25.667250000000045,24.921899999999983,23.966425000000005,nan,0.427465,36.07490402642621
ATI,ATI Inc.,220.33,USD,-2.7068798021725673,412259,0.2895806892916558,30002423997.52358,USD,Non-energy minerals,Strong buy,207.37760908556004,197.98320871943145,185.31457019478523,-4.354054523354749,16.601397121083828,91.02653025836656,226.85399999999996,209.85750000000007,199.66060000000002,151.89300000000003,64.4145592749598,1.30149,18.23775450240244
NVZMF,NOVONESIS A S,64.37,USD,-3.29026442307692,883,2.9740653418659484,29970359729.241776,USD,Process industries,Strong buy,63.157900199656964,62.3632624973577,61.69300851145131,-3.29026442307692,-2.4696969696969626,4.07437348423606,64.98508,64.12574,61.73090399999999,61.305729500000034,43.82025306608003,0.6167124,37.98639874940684
TRAUF,Transurban Group,9.6,USD,-14.285714285714283,29356,5.663354876049001,29953764515.1977,USD,Transportation,Buy,10.10329482458357,10.157881975930643,10.145734736153296,-14.66666666666667,-0.7033512618949072,1.0526315789473646,10.558720000000001,10.38742999999999,10.271930000000006,9.520485499999996,118.10249882128171,0.07797137432000001,188.81502424778702
ZS,"Zscaler, Inc.",185.09,USD,-0.3284868066774288,501340,0.23479961243592118,29930817099.069305,USD,Technology services,Strong buy,163.33661037274086,158.04523762730597,159.28795597458742,-1.743861977438618,25.62953912984456,-18.361856033874382,185.402,165.224,148.6556,180.9932749999998,nan,1.086912,-91.57811885084614
RDDT,"Reddit, Inc.",155.395,USD,-1.804107424960499,2377612,0.26276239844407784,29897457295.119083,USD,Technology services,Strong buy,166.06563236488645,166.66331593554133,167.42160779761826,-12.458453044898869,-13.187150837988822,-33.07132397277974,162.87099999999995,162.85525000000007,174.01810000000012,177.1611749999999,36.13080983050059,1.312427,263.03705579471597
LVS,Las Vegas Sands Corp.,45.84,USD,0.8137233340664275,1216557,0.3413627978619147,29690622516.02903,USD,Consumer services,Strong buy,46.85357028706937,47.822316608489096,49.325461785695026,-0.45602605863190826,0.8913832948167737,-29.69325153374233,45.74800000000003,46.602999999999966,46.977600000000045,55.33679999999993,17.859508318073793,0.758773,29.605130276711776
TRPCF,Trip.com Group Limited,45.5,USD,0.7584565133145128,300,0.6545930613135501,29556052879.60594,USD,Consumer services,Strong buy,47.568129527808026,51.24564265527683,54.36950927951492,0,11.492281303602052,-40.874537067117146,43.18349999999998,58.84597499999999,62.78071,nan,7.189250890060584,0.8744136071999999,84.67830148421818
CPNG,"Coupang, Inc.",16.39,USD,5.198973042362006,5169044,0.32548607096136667,29461217114.36457,USD,Retail trade,Strong buy,16.59113475530882,16.943297410752837,17.671293335519255,1.8012422360248395,-0.06097560975608544,-30.84388185654008,16.02,16.049500000000002,16.9194,20.10424999999999,nan,-0.031015,-314.45115810674724
HAL,Halliburton Company,35.155,USD,1.4281592613964356,2404648,0.2970817483565453,29288698066.876087,USD,Industrial services,Strong buy,34.34484670372014,34.904557599983725,35.11822505610631,1.8985507246376845,-0.26950354609928756,24.047282992237125,34.36100000000003,32.87575000000001,34.35150000000001,34.277575,18.414436121732756,0.586314,-10.677022411453711
BAP,Credicorp Ltd.,368.06,USD,-0.1031375529258483,37589,0.13507181383382025,29272951623.20052,USD,Finance,Strong buy,381.1574204212214,375.22398416844555,363.9256294991853,-4.457077590011166,-5.731994672676978,27.466666666666665,375.25600000000003,385.6384999999997,383.4686,332.3928550000005,13.617125183135276,7.368843290250001,27.602160284009358
LPLA,LPL Financial Holdings Inc.,370.07,USD,0.36340954085644644,95171,0.20134825964745703,29140158900.296444,USD,Finance,Strong buy,344.9434283038427,333.5084739284791,327.0896131022379,-0.16186904794022247,12.459355152399185,3.3686209882405524,370.52599999999956,356.2792499999996,323.8790999999994,331.6678499999999,29.51069360935232,5.94464,-14.22982483738808
DTE,DTE Energy Company,139.95,USD,-0.18543613151702396,85903,0.07260470729154006,29121925177.207397,USD,Utilities,Buy,143.66128192944166,144.64496570176394,144.6582918110892,-0.26368301026226093,-5.68771480557989,8.203185402814277,140.33599999999993,141.7855,146.34760000000003,141.51334999999995,22.111799279529794,2.400784,-8.93892525717574
WSM,"Williams-Sonoma, Inc.",246.475,USD,2.1065495670906036,162591,0.20971279365285736,29021596254.290672,USD,Retail trade,Buy,235.31104188778522,227.9967989906929,219.64172410490954,3.0801723056333823,7.391834778441029,34.92172104225968,242.46099999999993,240.3147500000004,231.05750000000006,201.98132499999997,27.588117437682584,2.073943,1.1331220285261625
SAXPF,Sampo OYJ,10.92,USD,0.7844946931241261,4125,0.5661620390068489,28999969413.967857,USD,Finance,Strong buy,10.693775553189818,10.647164144416143,10.645826696123429,0,-1.1048723057417125,-2.2818791946308794,10.77200000000002,10.430229999999984,10.817720920000031,10.90399480125001,14.893565832261459,0.17103980658,39.64960484183096
ATO,Atmos Energy Corporation,171.425,USD,0.5366254178640669,126654,0.12442721326327642,28968859647.713627,USD,Utilities,Buy,173.02096586493673,174.13855735541674,175.04005944288377,0.5602158737607864,-3.3844332976385028,2.5575830092731113,170.34299999999968,172.89575000000025,173.4003000000001,176.03297500000045,20.40798104739342,1.163091,15.998287623940136
DOGEF,Orsted A/S,21.9,USD,2.986127439454493,420,0.14613778705636743,28931195191.537952,USD,Utilities,Buy,22.434755612758977,22.80873502299971,23.171516601017533,5.288461538461528,-3.3112582781456954,3.45414005517553,21.885999999999996,22.24040000000002,23.01920999999995,22.360175249999948,nan,0.3511056,-164.78944966304255
TNRSF,Tenaris S.A.,26.95,USD,-2.2222222222222245,719,0.022244428837937424,28890260769.32692,USD,Non-energy minerals,Buy,25.091867774921514,23.50375878089263,21.920283755153342,0,-0.6680488366735854,27.72511848341231,27.391249999999996,21.028442500000004,18.892920999999998,13.632001269999995,14.694382839721095,0.29541797904,-8.059627320593824
VICI,VICI Properties Inc.,26.205,USD,1.1385565418757164,1385508,0.17271352700613768,28853736101.913742,USD,Finance,Strong buy,26.633177699793148,26.919757008812777,27.325347393469933,0.13374092472295218,-2.3658718330849537,-6.942471590909097,26.15499999999998,26.419750000000004,26.716299999999993,28.11532499999997,10.162491274334911,0.717836,-1.3542463657230337
HRSHF,HAIER SMART HOME CO LTD.,2.75,USD,-3.5087719298245648,487,0.013678584168232541,28776913732.14457,USD,Consumer durables,Strong buy,2.768087894191401,2.763069682309014,2.7978469271875803,0,18.534482758620697,-17.97166293810589,2.8080000000000007,2.691142499999999,2.671056999999997,3.0675472500000023,9.751527912832007,0.08502096036000001,-2.2849162378771495
CMTDF,"Sumitomo Mitsui Trust Group, Inc.",10.3,USD,3.000000000000007,102,0.005645027394985887,28762483447.268227,USD,Finance,Strong buy,9.334005403579843,8.988479080468343,8.576191124604854,0,3.000000000000007,34.28943937418514,9.58484,8.724375,7.8938995,5.646591875000001,12.695659453022177,0.206612605937,18.606047183841625
PGPEF,Publicis Groupe S.A.,114.6,USD,0.6145741878840988,20132,0.6868973611840894,28743792727.399998,USD,Commercial services,Strong buy,105.41676341488761,102.75317115784809,100.98595741827646,0.6145741878840988,16.63172464328604,16.404266124936505,110.61800000000001,100.97564999999999,99.05370200000009,85.98274751000002,15.618383549832693,5.0691492,-7.663487170048423
MTD,"Mettler-Toledo International, Inc.",1430.51,USD,2.2033765101773928,18542,0.15795279816337918,28662497700.78395,USD,Health technology,Buy,1366.5015602621847,1330.7478765026733,1307.6439757015341,1.5294969339086952,10.434245570695186,2.2618256163903796,1419.4760000000006,1406.1900000000014,1306.1429999999998,1321.7353499999995,32.196141891602956,12.109033,12.537359553407695
FTS,Fortis Inc.,56.09,USD,-0.6729236762882866,154301,0.23352900909425384,28656379432.737396,USD,Utilities,Buy,56.889672609967704,56.87650871123598,56.538466143803745,-0.6201275690999191,-4.250597473540449,7.699692780337951,56.40199999999993,56.85999999999996,57.11659999999992,55.0570999999999,23.40097378757173,0.6532919969000001,-4.048210703254894
SMECF,SMC Corp,457.325,USD,-5.487930891956685,108,0.29047875201721357,28617185495.281883,USD,Producer manufacturing,Strong buy,451.3157694940743,446.5895255694396,439.1151922050567,-1.4343290659080197,4.823737049601178,27.248570514336595,481.8449999999995,456.67800000000005,445.39755399999973,416.25145700000024,23.442384775210538,4.205805210361,26.13620868267465
VEOEF,Veolia Environnement,38.9925,USD,0.032067727039514736,1702,0.6191117092866757,28538971197.868347,USD,Utilities,Strong buy,40.286027442334934,40.414050196600705,40.14838340014198,-0.5863981133278013,-8.058240980900724,7.299119427627948,39.28299999999999,40.471874999999976,41.05030000000002,36.78138049999999,20.131044646565506,nan,9.720413795445713
CHHQF,China Hongqiao Group Limited,2.895,USD,-11.535523300229181,17026,1.84601706584554,28427157343.023735,USD,Non-energy minerals,Strong buy,3.078129233417886,3.2043787539368696,3.281649493328057,-11.264367816091958,9.659090909090905,-32.201405152224815,3.1304999999999983,3.0632499999999987,3.1446800000000006,nan,8.724477580542706,0.2914164,0.7219653995694194
PBA,Pembina Pipeline Corp.,48.8,USD,-1.1345218800648345,270156,0.37558395647743853,28379883390.0,USD,Industrial services,Buy,48.72027182647696,48.23911060926392,47.278753913312016,-1.3144590495450064,-5.02140910860258,28.2186022070415,49.01600000000004,49.08700000000003,48.49820000000002,43.890399999999964,24.420708761029356,0.45665479800000003,-8.23866834429355
EIX,Edison International,73.63,USD,-0.08142217397204815,420720,0.1315702650950704,28333853170.344276,USD,Utilities,Buy,73.28758185499433,73.12158243041424,72.14169481934474,3.5729357152904657,-5.408530318602271,21.964551929766436,72.15899999999995,73.13924999999996,74.05170000000004,67.94294999999994,7.584935204071121,1.974798,42.63841542259315
INSM,Insmed Incorporated,128.57,USD,0.0856297680211624,341435,0.10423579199465088,28077310954.282734,USD,Health technology,Strong buy,117.65122078074458,116.92939911360968,120.42515718992797,3.095180819501243,18.782335550628233,-26.8615962227658,127.08400000000002,116.06449999999988,109.55869999999992,144.79117499999995,nan,-0.389298,28.022864356852285
FISV,"Fiserv, Inc.",52.67,USD,1.8368136117556129,1080657,0.1303819266254385,28008153994.366783,USD,Commercial services,Buy,52.765149877307294,53.3510453349639,55.848949053436144,-2.481022032956853,4.317686670627847,-22.005034799348437,53.29800000000006,53.245000000000076,51.542800000000064,59.008050000000054,10.103005773694205,1.758837,-12.858957643833776
HPQ,HP Inc.,30.515,USD,1.8524699599465944,1993504,0.1628763545366085,27906659492.81058,USD,Technology services,Buy,27.72480886018684,26.399394958895094,25.159750329368418,2.640430541540532,23.642625607779582,35.3815439219166,30.257000000000005,28.488249999999976,25.673299999999998,22.57532500000005,11.26180986123413,0.659502,4.43228243274494
RBLX,Roblox Corporation,39.03,USD,3.610299973453675,1846109,0.15597895003316722,27882091346.953014,USD,Technology services,Buy,42.45941895347939,44.99780851079788,49.40992322237099,2.508207485226522,-24.942307692307693,-52.081031307550646,38.16199999999999,40.53649999999998,46.86439999999999,63.80160000000004,nan,-0.433369,0.7500350483667568
NTOIF,Neste OYJ,36.15,USD,4.193687851275395,275,0.40110851808634773,27762093828.730568,USD,Energy minerals,Buy,34.25570863635977,33.4289321409635,31.888265186257648,1.5734756954200482,9.67839805825242,57.57126667247841,34.88020000000003,33.58167499999998,29.246834000000057,19.578689000000008,16.068494947163305,0.87326279562,nan
MITEF,Mitsubishi Estate Co. Ltd.,23.3,USD,-2.3674837628325904,404,0.5493608920315475,27696518298.340904,USD,Finance,Strong buy,25.22174790309827,25.707935569556266,25.346044861825202,-5.7938786237011275,-10.813397129186601,-10.038610038610031,24.09699999999999,27.517724999999995,23.41779000000001,16.539263725,16.110017617429893,0.152832249989,33.186708660466714
CAJFF,"Canon, Inc.",28.613,USD,-2.963359876283623,261,0.3390931531765623,27614920789.12582,USD,Electronic technology,Buy,28.56972524595896,28.10139551779287,27.95538567307423,2.372093023255815,9.792410114730822,-4.623333333333335,29.537059999999997,27.939480000000025,27.290687999999992,29.395130250000026,11.764085486168193,0.408316285,95.86331133746512
CTSH,Cognizant Technology Solutions Corporation,61.22,USD,5.953617168570435,1191731,0.15056548966017103,27576194189.94358,USD,Technology services,Buy,54.11331626663586,53.19140615538914,54.54220048783155,5.734024179620035,38.66364665911665,-26.23207615375346,58.738000000000014,55.073750000000146,48.65510000000013,63.38127499999995,13.138184861686375,1.465735,-5.379117085651624
OTIS,Otis Worldwide Corporation,72.32,USD,2.8002842928216047,893843,0.31468332298052243,27530006219.562756,USD,Industrial services,Buy,72.7938113179931,73.4145143094841,75.07112554981632,0.08303349017435381,-1.3100436681222816,-17.083237789497826,71.77799999999984,72.60099999999989,72.47340000000008,81.12482500000006,18.56548749807465,1.004541,2.9847984137475154
ARLUF,Aristocrat Leisure Ltd.,46.2,USD,6.133700895933843,1000,1.3844662882458814,27498827021.236397,USD,Consumer services,Strong buy,42.3022564363234,40.55268088447862,39.293251998660985,2.529960053262318,8.070175438596499,21.771217712177133,44.978,41.565349999999995,37.05019,40.9029135,28.158039299407505,0.9298739597000001,22.574626865671636
AWK,"American Water Works Company, Inc.",138.24,USD,1.445659352755558,530628,0.27488295038588295,27472296251.909298,USD,Utilities,Buy,134.7483029160205,133.48836936432681,132.71979729288353,2.2560840298838754,2.7615684816948547,6.150656530753298,136.30400000000003,135.41449999999995,132.3044000000001,131.02361000000002,23.93186067446853,2.076114,3.9987037070377944
BKRKF,Bank Rakyat,0.181296,USD,6.644705882352941,250,0.004710129227105475,27397040771.431297,USD,Finance,Strong buy,0.16881022454695227,0.17842736219717711,0.19028654284636978,3.597714285714299,13.310000000000004,-24.349676611725428,0.15889919999999996,0.1839398,0.20820131999999997,0.25015428,7.913903352633907,0.005388319999999999,-0.547740249781266
ALPMF,"Astellas Pharma, Inc.",15.2,USD,-3.797468354430389,348,0.20350877192982456,27371524316.408745,USD,Health technology,Buy,14.945030639460818,14.85761085300273,14.792407780009668,-3.797468354430389,18.28793774319066,15.370018975332057,15.329999999999998,14.302299999999999,14.043802000000001,13.036755750000003,12.172651804384264,0.38894990529300005,297.64006272760827
DOV,Dover Corporation,202.835,USD,-0.1108046882694742,207564,0.26407905730326225,27317862411.51352,USD,Producer manufacturing,Strong buy,208.7266673093708,210.50360105660846,210.901389175662,-1.7510293049164354,-5.517514440096888,3.922020698842095,205.219,205.8167500000001,213.25790000000023,209.01387499999967,24.41588925669576,2.861256,-49.914086757302634
DG,Dollar General Corporation,123.77,USD,2.4246938099966835,509303,0.28584122216972135,27302007531.872395,USD,Retail trade,Buy,122.2427040998591,121.13785720895437,120.99977097903744,2.0278625010304125,-1.5745526838966235,-6.789170463531272,122.00999999999996,123.6455,119.80119999999988,124.59069999999993,17.49918703784869,2.008731,34.89405527053574
HXGBF,Hexagon AB,10.16,USD,-3.0904235024799678,530,0.1388197700306451,27273279677.872185,USD,Electronic technology,Buy,9.813744516351177,9.740948465044724,9.878419810364397,2.7300303336703697,23.902439024390258,-15.754560530679935,10.432599999999988,9.030099999999994,9.751603999999968,10.527357499999953,48.37126891359463,0.08402635602,-49.265707719595426
FE,FirstEnergy Corp.,47.065,USD,-0.4126110876005084,757413,0.2306431196690197,27233688450.050888,USD,Utilities,Buy,47.74161926212474,47.772229011314565,47.72886313797729,-0.496828752642705,-3.456410256410261,4.915292019616581,47.199000000000005,48.023749999999986,47.87609999999996,47.50828499999991,25.116068093281392,0.927944,-17.27806471549022
NRSCF,"Nomura Holdings, Inc.",9.445,USD,-4.111675126903547,615,0.042585014229626704,27177966746.82484,USD,Finance,Buy,9.055043143216722,8.773057958200837,8.415038238970459,0,-0.5789473684210497,6.723163841807917,9.281599999999997,8.476932100000003,7.552952840000002,5.488318005000002,11.517862308169363,0.23299944539000003,-3.7410906757560696
Q,"Qnity Electronics, Inc.",129.9,USD,-2.754903428656989,273012,0.22391965361398228,27176189961.366974,USD,Electronic technology,Strong buy,138.29096611930814,139.19264690378185,135.87213380998725,-9.578170680774043,-6.283817906355968,59.01579140653692,137.826,135.27349999999998,143.8,119.92955,46.51579173530043,1.194286,-26.24461875709796
ES,Eversource Energy (D/B/A),72.115,USD,-0.14538908889504845,221626,0.12183109341957844,27163899597.248543,USD,Utilities,Buy,72.4789145265134,72.1261687371096,71.57099846935392,-0.03465483781536691,-3.43465452597752,6.37999704971233,72.16499999999999,72.79925,72.51049999999998,70.31732499999993,18.677319934733625,1.034727,66.18317982267368
CPAY,"Corpay, Inc.",413.13,USD,1.551054520426725,55204,0.11688967261405657,27125950749.071087,USD,Commercial services,Strong buy,386.46769736728737,373.4049941804803,359.80016509171605,0.0387437344116929,13.316693181194802,36.956737941322736,414.0820000000006,395.9835000000003,369.49420000000043,328.77784999999955,25.11214851015719,7.167374,11.781212841854936
FOXA,Fox Corporation,68.62,USD,-0.5939446617412669,813526,0.15322014088683167,27088657011.789368,USD,Consumer services,Buy,62.764610014803445,61.719637735095404,61.47687150999313,-0.4208387752140358,19.131944444444446,-6.1670996854915785,68.266,61.649,57.97859999999997,63.28224999999995,17.895423132090237,2.067367,-21.89155055813575
FOX,Fox Corporation,60.81,USD,-0.6859382655560912,186550,0.2121970476230234,27063588285.618324,USD,Consumer services,Buy,55.97487499231594,55.164919429159255,55.06695685293801,-0.7669712793733663,18.192419825072886,-6.374133949191687,60.60800000000006,54.93800000000003,51.99889999999995,56.85610000000001,15.85865171469553,2.065292,-21.89155055813575
RF/PC,"Regions Financial Corporation Depositary Shares, each Representing a 1/40th Interest in a Share of 5.700% Fixed-to-Floating Rate Non-Cumulative Perpetual Pref",24.5,USD,0.8230452674897091,22743,0.49937421777221525,27006165939.0,USD,Finance,,24.331546055210655,24.339376568964948,24.339219619645913,1.5754560530679893,-0.28490028490028607,3.901611535199329,24.196000000000023,24.227500000000045,24.30220000000002,24.265299499999998,9.965020743512568,0.659109,14.59867623753147
RF/PF,"Regions Financial Corporation Depositary Shares Each Representing a 1/40th Interest in a Share of Non-Cumulative Perpetual Preferred Stock, Series F",25.265,USD,0.11888250445809842,4946,0.19893093725993347,27006165939.0,USD,Finance,,25.31209827142175,25.336580007440592,25.368666627150244,-0.5314960629921182,-0.2566127121989646,-0.7269155206286787,25.33100000000001,25.324895,25.31329999999999,25.441634500000028,10.276173432034492,0.659109,14.59867623753147
RF/PE,"Regions Financial Corporation Depositary Shares, Each Representing a 1/40th Interest in a Share of 4.45% Non-Cumulative Perpetual Preferred Stock, Series E",15.91,USD,0.49584688753434614,14633,0.3273059940859902,27006165939.0,USD,Finance,,16.078751840709035,16.17033148919581,16.337721111145747,-0.8104738154613403,-2.3926380368098195,-8.087810514153661,15.919299999999998,16.092470000000006,16.106588000000002,16.853690980000007,6.471162450174896,0.659109,14.59867623753147
XYL,Xylem Inc.,115.66,USD,1.50956643847639,335901,0.24639455565745963,27005085763.818325,USD,Producer manufacturing,Strong buy,117.95291783884026,117.90777230804564,119.10801730286771,-3.067381830372106,-5.514255371293195,-15.136840560569372,117.41399999999999,119.7810000000001,117.60560000000021,126.51840000000006,27.473336658828,1.453886,9.421947289078346
WNGRF,Weston George Ltd. (Canada),72.088,USD,0.49909382406244224,24674,1.0871279712731037,26915620324.88787,USD,Retail trade,Strong buy,72.54147251108857,72.21430771840538,71.55839403377169,0.49909382406244224,0.022200022200009894,5.391812865497058,73.09938000000002,72.64086999999995,71.33550472000003,62.21789675304999,39.94450059400323,1.0234329874,-4.394900578227591
DUAVF,DASSAULT AVIATION,347.25,USD,-4.993160054719562,1,0.00575373993095512,26878060299.86702,USD,Electronic technology,Buy,349.5055702839417,348.6505290233258,349.50234890288385,-7.861918913181913,9.889240506329115,7.507739938080495,358.4569599999997,354.1664200000001,344.20412800000025,351.3733074999997,23.549772983199556,9.7910964,25.22904174560888
FQVLF,First Quantum Minerals Ltd.,32.219,USD,3.0744129502847337,26900,0.4545531354027611,26877286276.592133,USD,Non-energy minerals,Strong buy,29.749990876002776,29.01149465869022,28.1810952945898,0.7158487027196085,21.81096408317581,17.668756916267064,31.631399999999985,29.73434999999999,28.691881999999996,26.570986000000012,nan,0.156081,-138.81666111138247
ROIV,Roivant Sciences Ltd.,37.185,USD,-0.4950495049504821,1099854,0.18544856647354693,26859579914.183167,USD,Health technology,Strong buy,35.195138618747485,33.97511376758771,32.181071663740134,2.664273881833251,7.053404347200239,71.28051589129434,36.655000000000015,35.22025000000001,34.155699999999996,27.578849999999974,nan,-0.360943,37.23526044647968
RYLPF,Koninklijke Philips N.V,27.584,USD,2.4330827961142,221,0.18919613046828185,26811167915.099873,USD,Health services,Buy,26.823560612189194,26.953273791995368,27.124720280844556,4.405753217259643,-0.9053024859893624,0.3054545454545441,26.42975999999995,26.491601900000006,27.58708076,26.256631889999966,20.962373381800756,0.41709029058,nan
SGGKF,Singapore Technologies Engineering Ltd.,8.6,USD,10.967741935483867,1100,0.040781522263003744,26799562217.650227,USD,Electronic technology,Strong buy,8.32306344021736,8.329073715595264,8.190172443017772,0,0.8206330597889835,30.303030303030305,8.292800000000002,8.497527499999993,7.868462999999999,4.7065068850000005,61.176524149077224,nan,-26.88955890694022
GFS,GlobalFoundries Inc.,48.83,USD,-2.144288577154309,891509,0.22403294072721186,26793061159.983967,USD,Electronic technology,Buy,57.10391303791634,59.820432158089716,59.83298949907639,-11.024052478134118,-16.128478186190314,37.39448508722566,51.88800000000002,51.443000000000076,64.50240000000001,52.61914999999998,38.11270683733999,0.50984,nan
CNP,"CenterPoint Energy, Inc (Holding Co)",40.645,USD,0.25900345337938824,724340,0.14687140527855838,26773688698.939075,USD,Utilities,Buy,41.929411701476894,42.258751229251835,42.26526318617671,0.02462447672986459,-6.196630510039223,6.039655622228032,40.625000000000014,41.669249999999955,42.77209999999995,41.4501,23.956737003418603,0.499236,18.23820475294446
HLAGF,Hapag-Lloyd Aktien,152.04,USD,-1.1507704310513038,99,0.967741935483871,26722593643.861813,USD,Transportation,Neutral,145.26220037250607,142.88746950860704,141.7392799077127,0,6.366307541625853,2.9626479360065834,148.31023999999994,137.68477500000012,139.170932,146.7488125,404.1525703704745,6.1116694985999995,-97.6233669582626
PPL,PPL Corporation,35.49,USD,-0.3649635036496223,1522088,0.17688385756880154,26700914995.5657,USD,Utilities,Strong buy,35.804758953049515,35.98635694325607,36.1917726136891,-1.0041841004184084,-1.3070077864293628,1.4000000000000057,35.75200000000002,35.55850000000002,35.84940000000002,36.39994999999999,21.079828937990023,0.525489,26.567433468651323
RF,Regions Financial Corporation,31.285,USD,-1.3091482649842243,1501514,0.23605948127800075,26652615186.170822,USD,Finance,Buy,30.957157854123867,30.393334656807447,29.678069668933027,-1.6504243948443842,-0.745558375634516,15.485418973791067,31.649000000000008,31.365249999999964,30.58870000000002,28.12407499999992,12.724721386154721,0.659109,14.59867623753147
DGX,Quest Diagnostics Incorporated,240.99,USD,2.0063492063492103,138032,0.225732106006042,26598875948.875175,USD,Health services,Buy,227.4705638036395,220.35998433212765,212.98097400717674,3.0135932290330905,15.52178706677532,39.051410766834,236.63999999999987,235.0265000000001,217.74200000000027,197.5175999999998,25.56326374745418,2.869908,12.727794518582284
LH,Labcorp Holdings Inc.,327.55,USD,1.6667701284995977,89309,0.1973728846709321,26564303895.898876,USD,Health services,Strong buy,304.90701570061185,294.99653953317573,286.2972062282972,2.996666876297098,16.45394105308068,30.337033942143172,322.75800000000004,314.27449999999993,289.61660000000006,271.0662750000001,27.08636544059275,4.652574,33.345095271700785
IMBBF,Imperial Brands PLC,35.0,USD,0.5169442848937383,277,0.03108517562563124,26558586327.566093,USD,Consumer non-durables,Buy,36.65000816897483,37.09809785679911,37.80600972541175,-1.241534988713312,-7.137171663571234,-18.76334602172501,35.76640000000005,36.84249999999999,36.882860000000015,40.1601745,12.451809717563071,2.8289056844999996,-27.3536421830961
SYF,Synchrony Financial,81.55,USD,1.203772648299825,548374,0.23561324735133063,26533993388.28928,USD,Finance,Strong buy,77.62159876887945,76.39069081403198,75.4016910589456,1.0157314505140507,10.501355013550135,-2.5803368773145343,80.79199999999999,77.9245,75.78419999999997,74.80200000000005,8.363330564358161,2.379739,18.484270386526852
TPR,"Tapestry, Inc.",132.96,USD,0.5292605474066362,814481,0.21428066486382574,26511116386.702557,USD,Retail trade,Strong buy,141.76855081335015,142.3708868425377,141.49565059613076,3.6321122369446583,-5.50106609808101,2.8942888097817745,130.32200000000012,148.04550000000017,145.7926000000001,137.03409999999994,18.262481972392006,1.550663,1049.7946936197093
MGDDF,CIE GENERALE DES ETABLISSEMENTS MICHELIN SA CLERMONT-FERRAND,38.52,USD,-7.46501711608911,192,0.5235887646577584,26486598278.899475,USD,Consumer durables,Buy,39.48692898139026,39.026289506177534,38.47028398437554,0,3.243098365049587,8.27067669172933,39.74499999999999,39.14192499999999,37.58467,36.387635499999995,14.940653664070224,1.7128632000000001,0.1209400319322892
LDSVF,Lindt & Sprungli AG,11274.0,USD,-1.1052631578947367,40,2.197802197802198,26359471113.880596,USD,Consumer non-durables,Buy,11564.067983994322,11796.861826275759,12227.200105957994,-3.678154830915606,-3.7192023570605066,-20.990803635095812,11499.901999999996,11505.220249999998,12077.880499999992,13259.689635999992,28.66397300464407,292.98864707689995,12.75216935358087
BTGOF,BT Group Plc,2.695,USD,0.5597014925373014,11086,0.4928184360149544,26251431265.324738,USD,Communications,Buy,2.641833625005464,2.664279144149022,2.683451855858986,1.6981132075471674,1.315789473684199,14.876385336743382,2.6368000000000005,2.608324999999999,2.667281999999998,2.620780249999998,18.80606930123764,nan,4.877097380209562
SYF/PA,"Synchrony Financial Depositary Shares, each Representing a 1/40th Interest in a Share of 5.625% Fixed Rate Non-Cumulative Perpetual Preferred Stock, Series A",19.3,USD,0.5208333333333408,9858,0.26630719607535913,26218383657.0,USD,Finance,,19.153111853506363,19.18485813164653,19.26457906443065,-0.36138358286009437,2.1704605611434626,-1.5306122448979627,19.281999999999975,19.17825000000002,18.959700000000026,19.483570999999948,1.979304474458768,2.379739,18.484270386526852
SYF/PB,"Synchrony Financial Depositary Shares Each Representing a 1/40th Interest in a Share of 8.250% Fixed Rate Reset Non-Cumulative Perpetual Preferred Stock, Series",25.685,USD,0.1169362697329861,11559,0.40385724018657304,26218383657.0,USD,Finance,,25.733052996871795,25.758034891686833,25.785136647324123,-0.2524271844660244,-1.021194605009636,-2.1896420411272004,25.675999999999995,25.70400000000003,25.752356000000024,25.891851499999994,2.6341158252058783,2.379739,18.484270386526852
TSEM,Tower Semiconductor Ltd.,232.16,USD,-3.487840365828316,515086,0.3248697757757367,26193439224.685425,USD,Electronic technology,Strong buy,241.11099208895646,237.02879760358366,224.56626123977628,-14.065738821439155,-3.1577191006549006,92.67989044734003,250.974,235.95750000000004,244.38779999999994,178.8963999999999,91.57101723661894,1.056606,45.74040009197516
WRB,W.R. Berkley Corporation,70.45,USD,0.39903092489668107,263615,0.19317500821093614,26152979444.22403,USD,Finance,Buy,71.12977856142369,70.61245280802207,70.07050273822776,0.3561253561253561,-1.9757896201474907,0.9746309301992359,70.27000000000001,72.18049999999995,70.99320000000002,69.64974999999993,14.488431876606684,1.110051,10.669822700685069
EXXRF,Exor NV,81.5,USD,2.3098167210645286,977,0.33522044947675417,26098733503.65022,USD,Finance,Strong buy,79.96574993644495,79.63870244616803,79.97487592249053,-0.23869269845154928,3.821656050955414,-6.214039125431537,80.66740000000004,80.42708999999988,78.65998199999991,81.57157250000006,nan,nan,nan
JBHT,"J.B. Hunt Transport Services, Inc.",277.845,USD,1.333017250811492,157811,0.21757101240674948,26093796703.318047,USD,Transportation,Buy,277.3514266944903,273.49477477899546,263.73216645717326,-0.6667620035036117,-4.566531565569815,42.89865507753235,279.48699999999997,275.40425000000005,279.4756999999998,231.6041499999995,39.39052398775094,2.141782,28.1843458665746
CINF,Cincinnati Financial Corporation,169.94,USD,-0.8228771520280108,71007,0.1844747819255398,26082059489.21961,USD,Finance,Buy,175.26586460601789,174.36789008907314,172.14064823906054,-1.76310769408637,-5.839982269503541,4.053392113641933,171.638,176.58300000000003,177.3667000000002,166.75322499999987,8.013051740153434,1.931384,83.98615412643468
ANPDF,Anta Sports Products Ltd.,9.39,USD,-5.15151515151515,100,0.19186492709132769,26065706408.822334,USD,Consumer non-durables,Strong buy,9.547742626400629,9.670301352735642,9.86770533639425,0,-0.10638297872340198,-6.099999999999994,9.488000000000017,9.894710000000002,10.225797999999998,10.466810999999984,14.040853590591677,0.3959142,-11.406029941745045
WRB/PH,W.R. Berkley Corporation 4.125% Subordinated Debentures due 2061,14.58,USD,1.4620839393454417,7744,0.5771480954261907,26049035736.0,USD,Finance,,15.027432512783825,15.199481898357408,15.441754459382008,-0.8163265306122396,-6.418485237483954,-10.989010989010982,14.605979999999999,15.022494999999992,15.165357999999994,16.112290500000004,2.998457583547558,1.110051,10.669822700685069
AFRM,"Affirm Holdings, Inc.",77.75,USD,5.696030451332242,777064,0.29719408024382443,26038363933.554245,USD,Finance,Strong buy,75.5856757570821,73.71819121773643,71.20282048562683,-0.28215980505322413,2.4779227626202656,3.6666666666666665,76.49999999999999,74.69774999999996,76.02820000000001,66.33939999999996,70.65612504543802,0.349322,nan
FWONA,Liberty Media Corporation - Series A Liberty Formula One,95.24,USD,2.172397146382011,12598,0.1007997247570621,25901249142.608807,USD,Technology services,Strong buy,91.77431002231494,89.7579098844713,87.85063581276275,-0.073444549365237,1.448657861099275,6.5443561919677755,94.38500000000003,92.06924999999993,89.07519999999994,84.4519749999999,58.88098918083462,0.57698,52.752856738124464
AIBRF,AIB Group PLC,12.43,USD,5.697278911564625,1950,1.3299686263811212,25849255693.772667,USD,Finance,Buy,11.900080615678883,11.73400472451978,11.479271352643892,-0.4684309564799651,4.282897772557577,14.246323529411754,12.220999999999997,11.943594999999995,11.718107999999983,10.519583500000001,11.225084034067555,0.5439498,5.101311030685815
MTRJF,MTR Corporation Ltd.,4.15,USD,1.2195121951219685,532,0.5082155139472679,25833016934.957397,USD,Transportation,Buy,4.0961393898385525,3.9595905618726395,3.8268611724698336,8.496732026143796,-8.79120879120878,-5.89569160997732,4.159599999999999,3.7738999999999963,3.5379359999999984,4.751026700000001,8.87223872547704,0.104509,31.102145736678153
FWONK,Liberty Media Corporation - Series C Liberty Formula One,103.93,USD,1.8721819251127334,205900,0.10376249143669677,25825142978.324936,USD,Technology services,Strong buy,100.00319383190735,97.74975031163478,95.6701102453406,0.8361691784151671,1.9521287031587298,6.072667891406412,103.10400000000023,100.50399999999986,96.92679999999994,92.12867500000002,64.25347758887172,0.592793,52.752856738124464
DLTR,"Dollar Tree, Inc.",134.27,USD,2.904659717964455,363409,0.22406319979480907,25803281497.284416,USD,Retail trade,Buy,126.63052312016846,122.89350195813476,119.43519965431555,2.7235865656797507,5.741061584501502,9.429502852485744,130.642,128.18900000000002,123.09079999999994,115.49257500000003,20.9823102887861,1.123236,nan
ECHO,EchoStar Corporation,88.69,USD,-1.455555555555558,577760,0.18516240713436755,25763619844.007114,USD,Communications,Strong buy,93.35207878204059,97.9946774247795,101.67738520968973,-4.020345219414537,-3.2824427480916087,-18.39344865660656,90.95400000000001,88.62750000000001,96.94360000000002,106.748475,nan,-0.12,-2120.0623052959504
POPMF,Pop Mart International Group Limited,19.55,USD,2.732527588018915,312,0.23370786516853934,25747308090.4527,USD,Consumer services,Strong buy,20.248328392710903,20.80429508148485,21.82225445002583,0,2.732527588018915,-18.541666666666664,19.815999999999995,20.459249999999994,20.105190000000004,28.4073015,14.604480677381602,0.6446484,308.8341222234282
AMADF,Amadeus IT Group SA,63.784,USD,-2.3515003061849273,2964,0.6870812953475973,25732156747.526512,USD,Technology services,Strong buy,62.03106049604528,61.299591667360914,61.491866923980304,-2.7682926829268224,14.001787310098296,-15.10860306643952,65.02960000000014,62.379349999999974,59.96185999999999,63.949800499999974,18.47256576829144,1.0634855127,-1.1938599535065415
WXIBF,Wuxi Biologics (Cayman) Inc,6.2,USD,5.982905982905992,2116,0.5498960498960499,25698958585.837795,USD,Health technology,Strong buy,5.117341313601565,4.900540917958957,4.720187735713056,0.07909476844603197,34.782608695652186,46.919431279620866,5.180000000000001,4.630249999999999,4.704972,3.8059430000000054,38.32609470855224,0.066231,47.034738696290006
INCY,Incyte Corporation,126.6,USD,2.5350287519235404,275166,0.22031862554152676,25661535897.993034,USD,Health technology,Buy,118.58291063727025,114.77072818744087,110.46320086590565,5.359520639147801,7.634755993878583,28.854961832061065,122.85,121.40899999999988,115.23359999999994,103.34190000000002,16.134787928221858,-2.776596,78.375920705647
CRS,Carpenter Technology Corporation,517.1,USD,-2.7934431160237634,119839,0.24648416731198586,25626736078.269985,USD,Non-energy minerals,Strong buy,544.8936379914378,533.1291029964698,505.50080658180417,-5.428142945974606,-8.52482796440764,63.33428093117283,534.3199999999999,550.48,567.3633999999997,422.8888250000002,49.114775274495656,3.038088,41.99552234780028
CLPHF,CLP Holdings Ltd.,10.1425,USD,2.8129751647237695,327,0.5112570356472795,25624523582.126488,USD,Utilities,Buy,9.714363006473924,9.563670726513514,9.35183316207436,0,9.323632444085156,14.734162895927605,9.658000000000001,9.613840000000003,8.844386,8.122499500000004,18.54293671157211,nan,-4.939061017398597
TPL,Texas Pacific Land Corporation,370.87,USD,1.5081015984234702,59623,0.145948540673704,25580637818.758102,USD,Miscellaneous,Buy,380.3321952741237,387.67253403507823,392.795107716351,3.6934518816753283,-10.709040568195501,29.674825174825173,360.51600000000025,377.8935000000005,387.6843999999999,388.7822452376003,47.28132689095985,2.112371,17.272672906138798
ASTS,"AST SpaceMobile, Inc.",65.885,USD,-1.766810794692095,3462158,0.3247163377705393,25571586348.562622,USD,Communications,Buy,69.1723754160737,72.38395200132852,75.46079849630311,-6.704899461908806,13.379796936843926,-11.373419424266878,69.31900000000005,65.17375000000001,71.3723,81.73987500000004,nan,-0.3375,-12.655962095288231
IPXHF,Inpex Corp.,21.3,USD,0.4716981132075539,7,0.004577257568822337,25504772045.39131,USD,Energy minerals,Buy,22.539461518193214,22.194504514577275,21.020563426364305,-6.628090478695425,7.793522267206473,12.10526315789474,21.54199999999999,23.133125,17.769622000000002,13.709421499999955,9.35391897030229,0.5855905,-9.458892744702286
PPG,"PPG Industries, Inc.",114.619141,USD,1.6037062317170434,165558,0.13899096178441164,25479834843.12466,USD,Process industries,Buy,115.72479329399441,115.38957023879854,114.4149793979615,1.3342242065246217,-2.2438029850746277,11.248316995049983,113.9418282000001,115.26895704999984,117.26298282000016,110.39754570500017,16.458099306462962,2.140181,23.48268586322452
DRI,"Darden Restaurants, Inc.",224.23,USD,2.4536233208443643,209130,0.21774254507956822,25459467946.691532,USD,Consumer services,Buy,212.86006412261415,209.7273021922378,206.946677421875,0.30418250950569375,12.825802556103442,21.507532242332285,223.46999999999989,212.52749999999938,207.71739999999983,198.78425000000024,21.58361327955799,2.053761,17.071219292314616
NVT,nVent Electric plc,157.12,USD,-4.561744518010078,678252,0.4570147018483958,25431120392.507805,USD,Electronic technology,Strong buy,160.43692310824284,158.30987897124933,152.60107354322633,-9.742647058823534,-0.18423225970395277,52.78101905873201,168.0720000000001,159.3270000000001,161.3500000000002,132.90355,43.404513936849085,1.373519,3.016591251885366
AMRZ,Amrize Ltd,45.915,USD,2.8792292180147805,1164283,0.2686052948014415,25415634566.13858,USD,Non-energy minerals,Strong buy,48.62366612614989,49.97543228359404,51.26806569988206,-1.4064848614988215,-8.590483774636667,-16.075671723633707,45.94299999999999,48.47724999999999,50.720500000000044,53.86932500000001,21.082235180678634,1.104058,1.5243333954876082
SN,"SharkNinja, Inc.",180.41,USD,-1.3182365167924717,322889,0.1919324859682111,25414637627.24429,USD,Consumer durables,Strong buy,166.34166300139242,156.2444187619049,145.4743404449393,-1.6034905917643838,15.506754593764006,60.87925807026931,184.10799999999995,172.43099999999995,155.52159999999995,122.54990000000016,36.861999918270605,1.88191,33.76882499248366
SZKMF,Suzuki Motor Co.,12.9375,USD,6.551638939219244,200,0.013024140243942146,25345694847.10902,USD,Consumer durables,Strong buy,12.410257749769114,12.324740192408314,12.405972283109302,10.200170357751276,5.268510984540284,-13.577154308617237,12.439400000000001,12.181020000000002,11.700808,13.748372000000002,7.794280875983096,0.303287553692,14.283437732075384
SW,Smurfit WestRock plc,48.44,USD,2.410147991543342,1159619,0.31319754927743376,25328750508.952225,USD,Process industries,Strong buy,46.99796780270527,45.854499382448914,44.69220154141243,-2.2006864526549634,8.318425760286223,24.71678681771368,48.563999999999986,48.16350000000002,45.79440000000002,41.696350000000045,51.50999574649085,0.651875,42.24776887006504
CW,Curtiss-Wright Corporation,682.02,USD,-1.9621372202337284,101518,0.32827735714706097,25190029169.943336,USD,Electronic technology,Buy,712.4841825073088,717.4174646566452,710.9727432990227,-2.4835928451936695,-4.947597279518341,22.975117201586723,692.3800000000002,716.8895,737.7461000000006,674.8513750000004,46.93422519509476,3.752628,22.603017110458644
HUBB,Hubbell Inc,476.74,USD,-1.471500020667136,195898,0.5063715843802288,25187398241.231514,USD,Producer manufacturing,Buy,492.93130530387816,493.31758359142975,491.94415290325696,-6.8139171227521524,-3.2019654423260406,6.479351394813836,496.67800000000005,494.884,494.86499999999984,485.0775999999998,28.227673469871103,5.711851,9.655239579275419
FICO,Fair Isaac Corporation,1164.005,USD,7.966181872147835,95225,0.3355552157032441,25139755327.696507,USD,Commercial services,Strong buy,1148.4960720452023,1160.8096460226277,1190.7573392204508,7.033958308429359,-6.8259317366803165,-31.16591663069253,1100.6030000000005,1129.4212499999987,1175.696300000001,1339.8870249999998,33.63272299642004,11.03366,35.366545286716125
MRNA,"Moderna, Inc.",137.26,USD,118.01143583227443,99076427,7.180601585071325,25135890032.0,USD,Health technology,Buy,77.29155556621643,69.9537737526396,63.27089030331921,111.90274025472786,123.33224861698663,360.1407978545089,78.33,62.343500000000006,63.166500000000006,47.40922500000001,nan,-1.16067,-6.204860141255336
GELYF,Geely Automobile Holdings Ltd.,2.3124,USD,0.10389610389609244,710,0.028696028227191712,25085703627.343304,USD,Consumer durables,Strong buy,2.3807336721625214,2.411197062494682,2.4338750198184016,-7.872509960159363,-9.317647058823532,3.232142857142838,2.3354799999999987,2.4167449999999953,2.384054000000001,2.40322775,11.396017966972572,nan,-10.604717746729236
VRSN,"VeriSign, Inc.",277.37,USD,0.22765050227650335,72934,0.10861846910120726,25046510962.915768,USD,Technology services,Buy,280.85810267155466,278.5153044734259,274.52113514348264,-1.0523687214611832,-0.10444428437658303,14.106467006746746,279.6540000000001,285.2919999999999,273.71999999999986,259.14927499999976,30.105064362775956,2.462084,9.963478385410445
TRUMF,Terumo Corp.,16.94,USD,-0.4349359351122492,152,0.18541107587216396,25029209809.56888,USD,Health technology,Strong buy,14.86325487982324,14.40625788953112,14.20211334251814,0,31.378935939196534,27.33012627781119,15.383199999999993,14.060759999999997,13.413960000000001,15.451181500000004,24.709859199965074,0.168967930039,16.92683910018116
HNSPF,Hansoh Pharmaceutical Group Co Ltd.,4.11,USD,0,500,0.3012774162448783,24923656908.249996,USD,Health technology,Strong buy,4.369691995581937,4.361294235523429,4.064637417370225,0,7.4509803921568665,-15.257731958762873,4.3388,4.659599999999999,nan,nan,31.80041262544161,0.07211820000000001,26.099171831378378
SYM,Symbotic Inc.,41.195,USD,1.8166089965397911,544625,0.30079026999740976,24914805861.46626,USD,Producer manufacturing,Buy,42.2137994386154,43.616306371077876,45.88363039444375,-4.331165815141667,-1.8465570645699276,-32.26734626767511,41.70100000000001,42.09925000000001,42.03909999999998,54.23652499999999,456.7073170731707,0.158522,nan
FCNCB,"First Citizens BancShares, Inc.",1815.0,USD,1.5100671140939599,10,0.07874015748031496,24879745835.520134,USD,Finance,Buy,1836.0838414590169,1815.7314570842232,1785.3528919583248,-2.4193548387096775,-2.1558067698478163,1.1142061281337048,1835.9999999999977,1861.422230000002,1849.4050677999987,1711.188020949999,9.707117804298086,45.545726,10.347745875154256
WST,"West Pharmaceutical Services, Inc.",353.1,USD,1.8783000086557744,68032,0.16400805286482523,24849681630.88635,USD,Health technology,Strong buy,345.97685637356966,338.0524766547055,324.96180200677503,1.465517241379317,-1.100747836316262,28.28337874659401,348.3759999999999,345.9,346.9880000000002,289.4716999999999,45.139599100020455,2.189811,17.17546960663891
BOMBF,Bombardier Inc.,13.53,USD,94.95677233429393,400,0.8092251669026906,24836844552.2061,USD,Electronic technology,,11.816597322375834,11.991530827311108,12.201148792364844,0,94.95677233429393,-34.00000000000001,11.802240000000001,11.762888,13.20078559999999,10.163629550000003,1.4582859094013203,1.61248,102.97175247560904
BDRXF,Bombardier Inc.,18.3204,USD,-0.9708108108108144,222,0.6778625954198473,24836844552.2061,USD,Electronic technology,,18.17859574983775,18.090065538084787,17.900400644907737,0,0.4832083719552703,0.3857534246575307,18.35726,18.20088999999998,17.83156199999999,15.17134205000001,1.9746031910270472,1.61248,102.97175247560904
NWWCF,New China Life Ins Co. Ltd.,5.975,USD,-1.4546773980736327,1611,0.17245993598321435,24809591594.20031,USD,Finance,Buy,6.1256552233921555,6.204335546354335,6.26107537005359,1.185436071126154,13.270142180094773,-17.58620689655173,6.145439999999999,6.261809999999992,6.322857999999994,6.124506000000001,3.6810703950923225,1.0067112,38.359921537182984
PHM,"PulteGroup, Inc.",132.25,USD,4.918683062276877,288758,0.2538392619165331,24790599698.155495,USD,Consumer durables,Buy,129.38857863900307,127.98887315871772,126.69289306949706,2.400309717382884,4.719296856441518,11.650485436893202,129.50400000000008,130.09300000000007,128.50300000000004,124.74879999999999,13.509234289450028,2.66697,-26.81384239288892
TW,Tradeweb Markets Inc.,105.9,USD,0.40769887171708247,158344,0.18021621074088343,24783593061.12829,USD,Finance,Buy,103.1107955779705,103.58471767725328,105.2562895250219,-0.15085800490288195,5.457080262895842,-1.304753028890952,105.67199999999976,103.12900000000018,100.72779999999992,108.838775,25.281100050132494,0.980933,61.45307380998266
BABWF,International Consolidated Airlines Group SA,5.65,USD,-0.8771929824561372,42834,3.8241228461744488,24783390763.490944,USD,Transportation,Strong buy,5.6779697321900855,5.614265965613796,5.51382533595463,-0.8771929824561372,-15.00564121850319,0.8208422555317677,5.718320000000001,5.544380000000001,5.361681999999999,3.489047,7.626877906076714,nan,4.782113517550395
MTSFF,"Mitsui Fudosan Co., Ltd.",9.12,USD,-0.9771986970684216,265,0.002995379203703871,24723868007.81225,USD,Finance,Strong buy,9.39998660359067,9.60621540158627,9.886468122281697,0,-3.6714690100975953,-23.58609132802682,9.354000000000001,9.7627475,10.709338999999984,9.580794250499977,17.609969637770845,0.133664576483,-32.66129361558132
NRG,"NRG Energy, Inc.",117.46,USD,1.644167532017992,372267,0.17697443583744327,24691322428.059017,USD,Utilities,Strong buy,128.26788968512133,132.16155529059617,136.92688802860178,-7.802197802197811,-9.812653562653574,-27.305359574204736,120.27600000000002,125.7365,132.18560000000002,149.99575000000007,31.067498942022848,2.963874,59.993229232787435
BDRAF,Bombardier Inc.,246.52,USD,-1.4452195814260222,3,0.022658610271903308,24632159321.787308,USD,Electronic technology,Buy,244.20718685909003,236.22660465757758,224.23358535542863,-2.5805176842521242,2.716666666666671,40.93299794191632,251.51400000000004,252.16104999999985,238.41024199999993,172.44196165499997,26.570335726948525,1.6236356092000002,102.97175247560904
OKTA,"Okta, Inc.",141.18,USD,-1.9038354641467348,750749,0.3182969228585446,24538122674.561844,USD,Technology services,Strong buy,139.20400007844984,131.50858398499452,121.40384046091917,-5.057162071284454,-5.476700589180507,61.99655765920826,146.14399999999995,143.7439999999999,137.09719999999996,97.773525,102.54212667054038,0.965193,113.75562800807329
OMVJF,OMV AG,75.0,USD,2.6975215664795273,275,1.0700389105058365,24525857126.202816,USD,Energy minerals,Buy,70.38233954847381,68.76460937164238,66.07885060547602,2.6413028602709825,16.731517509727627,35.13513513513514,70.60000000000002,69.8117,60.70313199999999,49.424749655,8.58441900480487,2.78197454244,174.03164696777117
FCNCO,"First Citizens BancShares, Inc. - 5.625% Non-Cumulative Perpetual Preferred Stock, Series C",20.75,USD,0.8260447035957322,2499,0.20786026200873362,24509633914.0,USD,Finance,,20.66422548767783,20.760242810928712,20.95815288478725,0.5514581172890417,0.2415458937198102,-2.3069679849340794,20.642019999999988,20.59662500000001,20.58702800000003,21.534343000000103,0.11097669115106629,45.768073,10.347745875154256
FCNCN,"First Citizens BancShares, Inc. - Depositary Shares, each representing a 1/40th interest in a share of 6.625% Non-Cumulative Perpetual Preferred Stock, Series E",24.8999,USD,0.40282258064515364,9400,0.6497501226921774,24509633914.0,USD,Finance,,25.02450807756813,25.034626441521574,25.021654030794142,-1.0141125024846047,-1.3865346534653513,-0.00040160642570187527,24.943540000000002,24.94863499999999,25.097456,nan,0.1331714945538523,45.768073,10.347745875154256
FCNCP,"First Citizens BancShares, Inc. - Depositary Shares Each Representing a 1/40th Interest in a Share of 5.375% Non-Cumulative Perpetual Preferred Stock, Series A",19.9,USD,1.0922021844043681,16573,1.444131717221007,24509633914.0,USD,Finance,,20.115153112087572,20.241493483097553,20.429191564808455,-0.1004016064257185,-2.5942241801272696,-2.066929133858276,19.887000000000043,20.09969500000003,20.15810199999999,20.919291499999968,0.10643065801957681,45.768073,10.347745875154256
KEY/PJ,"KeyCorp Depositary Shares each representing a 1/40th ownership interest in a share of Fixed Rate Perpetual Non-Cumulative Preferred Stock, Series F",20.785,USD,0.4106280193236756,5687,0.20684663451396315,24319860404.0,USD,Finance,,21.041278362201293,21.061449131909605,21.13824300793472,-0.9766555502620214,-2.1882352941176464,-2.417840375586857,20.856999999999964,21.220750000000002,20.96601999999996,21.39249700000002,12.08922235793637,0.458828,nan
KEY/PI,"KeyCorp Depositary Shares Each Representing a 1/40th Ownership Interest in a Share of Fixed-to-Floating Rate Perpetual Non-Cumulative Preferred Stock, Series E",25.295,USD,0,2105,0.047699869250239633,24319860404.0,USD,Finance,,25.214990332272254,25.1806734498601,25.14479674728391,0.17821782178218498,0.8572567783094236,1.9548569125352802,25.265999999999952,25.250245000000003,25.118556239999965,25.050309059999968,14.712382946548015,0.458828,nan
KEY/PL,"KeyCorp Depositary Shares each representing a 1/40th ownership interest in a share of Fixed Rate Perpetual Non-Cumulative Preferred Stock, Series H",25.17,USD,0.07952286282307407,3508,0.13437112170009347,24319860404.0,USD,Finance,,25.143430608904037,25.101982650982688,25.066946867331694,0.11933174224344127,0.3188521323236423,-0.9055118110236098,25.171999999999986,25.24500000000001,25.055702000000007,25.059507999999973,14.639678939103124,0.458828,nan
KEY/PK,"KeyCorp Depositary Shares, each representing a 1/40th ownership interest in a share of Fixed Rate Perpetual Non-Cumulative Preferred Stock, Series G",20.665,USD,0.9033203124999938,12218,0.5268377660491911,24319860404.0,USD,Finance,,20.910986666935276,20.943018841627314,21.042372350647444,-0.4576107899807438,-2.1080056845097124,-3.0267480056311573,20.695000000000057,21.132250000000006,20.830754000000017,21.362582499999995,12.019426510789273,0.458828,nan
EXPD,"Expeditors International of Washington, Inc.",186.8,USD,0.45711212691584985,101546,0.13357971023834425,24282249491.624634,USD,Transportation,Buy,177.235703537111,172.4353207021913,166.73267030395786,-0.13365410318096765,2.6768537349530064,25.251441598498076,186.83799999999988,178.24449999999985,172.25159999999985,155.55709999999982,27.18000203704512,2.109776,12.143265073019503
GPN,Global Payments Inc.,91.74,USD,1.5159898196303976,273275,0.09584886971814066,24276090706.443726,USD,Finance,Buy,84.3593270191619,80.93298492438544,78.32017639870841,-0.31511463653157257,13.3992583436341,18.221649484536083,92.07399999999996,87.30550000000005,78.31259999999983,74.71497500000017,28.783885542168676,3.593454,-44.26120564523181
FCNCA,"First Citizens BancShares, Inc.",2185.175,USD,-1.0189475782159423,8323,0.1964069538869604,24259893592.803703,USD,Finance,Buy,2174.166538759227,2136.5750814296675,2095.283419158898,-3.9719893125208636,3.5632870297963692,2.2816099755199257,2240.0889999999995,2216.751250000001,2142.3677,2022.8790250000006,11.686915233061749,45.768073,10.347745875154256
VLTO,Veralto Corp,99.12,USD,3.1747683980431054,243485,0.2262334127475469,24164796796.801502,USD,Producer manufacturing,Strong buy,95.05650182362636,93.37536487604233,92.5722846053062,2.1329211746522487,5.256451099076142,-0.1007861318282547,97.43200000000006,96.38399999999992,91.7565999999999,93.44855000000003,24.98361647426526,1.085942,11.103643339214205
BDRBF,Bombardier Inc.,243.734,USD,-2.8638609915510838,1018,0.07051570671561652,24146258623.16841,USD,Electronic technology,Buy,241.93845026422028,234.59063572571506,223.4335604257701,-4.418039215686271,-0.5167346938775474,42.05268679333255,250.36280000000002,251.01562499999991,238.46069000000003,195.8067039999999,26.270056011974976,1.61248,102.97175247560904
TROW,"T. Rowe Price Group, Inc.",113.09,USD,2.5108774474256803,241959,0.17509980208922224,24123888467.79297,USD,Finance,Buy,112.69983661543522,111.15683199274623,108.73786681964084,2.371684620258898,-4.16101694915254,10.364008978237537,111.14599999999999,114.44150000000016,113.56799999999988,103.09495000000001,11.343142860008625,2.664237,11.482723918148286
DSMFF,DSM Firmenich AG,100.635,USD,-6.819444444444439,138,0.23950017355085038,24100167035.63529,USD,Consumer non-durables,Buy,94.47521747587767,90.57896703054848,89.26198141512735,0,1.6515151515151567,29.409117212113426,99.48899999999996,84.90708499999995,85.72932399999999,nan,nan,1.7128632000000001,-295.0677635850342
PFG,Principal Financial Group Inc,112.46,USD,-0.6010252784161276,126770,0.14102418914706674,24078208221.3394,USD,Finance,Buy,111.79532779662497,109.74211929167788,106.37309087770728,-1.4373356704645055,-1.3595298658012553,27.34684633676819,113.49599999999995,113.25300000000001,111.58730000000003,97.14257499999998,15.961055365531728,2.516302,41.87994603411126
TEFOF,Telefonica S.A.,4.26,USD,0.23529411764705382,16951,1.694744103738215,24049327057.222824,USD,Communications,Buy,4.172760664862184,4.220253214615972,4.28347315837853,0.23529411764705382,-2.5171624713958884,9.624292331446208,4.141600000000001,4.191439999999998,4.32657,4.669297,nan,0.1398298188,-36.428163435086844
HRNNF,Hydro One Ltd,40.07,USD,-2.0293398533007294,30842,0.3891136001776383,24045851812.37871,USD,Utilities,Buy,40.992267406230376,41.14346910640295,41.13055687108538,0,-4.207506574229018,0.6278252134605725,40.2744,41.230675,41.21817199999997,39.85809700000002,24.15755427883521,0.4968118784,7.968220901369419
FSLR,"First Solar, Inc.",223.345,USD,1.515840189082318,589888,0.23527622105916973,24002839111.689266,USD,Electronic technology,Strong buy,227.60735292508784,229.21196478230047,229.43979535494032,-0.8941249556265596,3.813795667937163,-15.991499285338154,222.09100000000004,222.91274999999996,231.6675,234.10139999999996,13.76854032327666,4.641828,38.72032564821782
OMC,Omnicom Group Inc.,87.49,USD,1.3671648708144972,386326,0.20126980561135588,24002528917.631447,USD,Commercial services,Strong buy,82.87733110331936,81.02631342754692,79.56296938889574,1.3906594043342084,7.270720941638049,8.346749226006187,87.03800000000011,83.4459999999999,79.8542000000001,77.24197500000017,74.99571404080233,2.595537,-83.26303405928094
VRSK,"Verisk Analytics, Inc.",184.17,USD,2.9688024152968655,170766,0.12886096747823736,23970834491.506706,USD,Technology services,Buy,187.77829412307457,187.25325599249243,188.76247417269514,2.3450958599611,-7.915000000000007,-17.01811300351447,181.25199999999958,191.3399999999995,187.8229000000003,196.12549999999973,28.299016594960047,1.927665,0.3778823166499536
SOFI,"SoFi Technologies, Inc.",18.525,USD,4.898074745186854,16013074,0.3806289090539642,23926342093.229053,USD,Finance,Buy,17.80901940155725,17.72979299872785,18.045620530522907,-0.8297644539614621,6.3432835820895335,-30.51387846961741,18.242999999999984,17.57374999999999,17.585500000000003,20.63285000000001,39.057558507273875,0.170255,-4.336425978217027
FUJIF,FUJIFILM Holdings Corp.,20.0,USD,-2.9126213592233077,200,0.23166917641607798,23912058105.468258,USD,Health technology,Strong buy,21.107559859414927,20.99102504374113,20.917918038413962,-2.9126213592233077,-14.893617021276595,4.712041884816746,20.902960000000025,20.81388999999998,21.165085999999988,21.501811541250014,15.056683778095177,0.332369355782,-9.089707185191209
BRO,"Brown & Brown, Inc.",71.44,USD,2.9839988467637206,381762,0.2233534279768244,23904564462.160587,USD,Finance,Buy,69.04234248081184,67.71738043562328,67.60921442146149,2.1739130434782554,3.3714368398205736,-10.442522251472983,70.364,70.76599999999999,66.97139999999996,69.83940000000005,22.59043764229699,1.08515,-8.806736259299848
KEY,KeyCorp,22.395,USD,-1.7332163229486597,2584479,0.34636594308855084,23898344613.759544,USD,Finance,Buy,22.753945138064825,22.57616769684671,22.2089470150715,-3.6359724612736612,-5.02544529262086,8.555501696558414,22.905000000000022,22.753250000000016,22.90909999999997,21.167624999999994,13.025649973826557,0.458828,nan
SMCI,"Super Micro Computer, Inc.",36.835,USD,-1.5370221865811167,15917865,0.23299007589251367,23827566336.6525,USD,Electronic technology,Buy,33.06804698453984,32.32632256956301,32.09372126506762,-6.2961078605952725,51.30416923392895,22.947263017356473,38.30499999999999,32.23725000000003,30.41190000000001,31.599599999999946,11.49872010988325,1.036934,93.02241503976862
CHD,"Church & Dwight Company, Inc.",100.15,USD,1.028951881367911,185099,0.12541098404250092,23755970247.563305,USD,Consumer non-durables,Buy,99.59375856227584,98.76065277638735,97.75148470377917,0.06994404476419604,2.717948717948724,19.911398467432964,99.97599999999994,100.463,98.56560000000022,94.04714999999979,32.22433154219892,0.899166,46.592141880099994
IOT,Samsara Inc.,40.6,USD,2.5770591207680726,568499,0.12491451251009508,23731247527.620014,USD,Technology services,Strong buy,37.87795145187592,36.503621856416956,35.33601679987214,3.281607733401168,7.692307692307689,13.091922005571039,40.022000000000006,38.12250000000001,35.80860000000001,33.60894999999998,418.12564366632336,0.1625,nan
SGSOF,SGS SA,118.9927,USD,2.929163091316749,19,0.03381986472054112,23659235704.96066,USD,Commercial services,Buy,115.88588616340186,115.17236938764594,114.50848451433023,3.4615668867895826,1.1584629771316874,5.82773034507293,116.75082000000002,114.60630500000005,110.86709199999997,105.82444000000005,28.34275506293577,2.9615183283,0.7459516833855351
ICHGF,InterContinental Hotels Group Plc,160.0,USD,3.0795000644246886,200,0.347041471455839,23631842810.269257,USD,Consumer services,Buy,158.37324033785612,156.08935199992248,151.59689580463058,3.0795000644246886,-4.047976011994003,14.265309766113191,155.60100000000003,157.3931750000001,145.03985000000006,108.88770758999995,34.00059501041268,2.992,-0.3135194678642576
XPO,"XPO, Inc.",201.67,USD,-0.517955801104978,157094,0.21709478767429488,23612828861.124653,USD,Transportation,Strong buy,206.5485233488998,206.5040624862852,203.0423639051191,-4.2584504367641465,-6.582360570687423,48.80100346786688,207.5020000000001,204.47250000000003,207.59420000000006,185.70089999999973,59.30075276405552,1.558251,17.642175176421745
NXGPF,Next Group Plc,206.7,USD,0.6427110721589216,3,0.08547008547008547,23595230488.880882,USD,Consumer non-durables,Buy,194.02971673750483,185.365130374443,171.6884478891553,0.6427110721589216,8.50393700787401,14.173663278833406,203.68999999999997,185.51477,136.20878369999997,86.53988596,20.270796660549532,4.8527326,35.93200034787722
KUASF,KUAISHOU TECHNOLOGY,5.4008,USD,0.9495327102803856,600,0.32543255410316213,23582172459.988197,USD,Commercial services,Strong buy,5.698967365409122,6.050981773654546,6.563415284371249,-1.4002738475581884,-5.712290502793287,-50.90181818181818,5.389179999999995,5.897359999999994,7.4239,7.544879499999997,9.68890872739953,0.12546653459999998,15.296017861302852
USFD,US Foods Holding Corp.,108.27,USD,1.2720980263773263,324245,0.15085774125932822,23422127747.911324,USD,Distribution services,Strong buy,103.17035432678578,100.07670819825273,96.67466861162421,0.19433647973347562,11.034765665059984,44.39850626833821,108.5599999999999,104.2470000000001,99.9511999999999,88.29955000000004,33.295405621501935,1.253275,39.00739537468472
AKRBF,Aker BP Asa,37.0,USD,-0.8042895442359174,1208,0.9228418640183346,23384822843.660717,USD,Energy minerals,Buy,35.13886403394112,34.78000428603129,34.18334522688956,-0.6177813591189818,11.278195488721805,45.603368553607616,36.6744,35.388864999999996,34.00729199999995,31.40109900000001,16.898020502442265,0.725848,70.11691818599067
ROKU,"Roku, Inc.",157.43,USD,-0.22182786157941078,340211,0.1528515484300223,23365597844.838955,USD,Technology services,Buy,148.46144039969224,142.56999308486724,134.6815706910658,0.20367895105339773,8.603871466217806,44.226100499290006,157.0559999999999,149.4515000000001,142.5826999999999,114.79165000000006,67.25765796556585,0.531206,nan
DOW,Dow Inc.,32.05,USD,2.7572940044886045,1742125,0.25291864156256155,23151019775.126644,USD,Process industries,Buy,30.887717683400833,31.381342937394855,31.76836365035733,3.0878095850755782,7.73109243697478,36.09341825902334,31.201999999999998,30.356000000000012,30.3112,30.98359999999997,nan,0.737657,-30.144223904041116
LSRCF,Lasertec Corp.,256.59,USD,4.114424832623245,1,0.003969829297340214,23138751846.3138,USD,Electronic technology,Buy,264.8793708362716,261.4317835516248,249.08318678169223,4.114424832623245,-0.7995113238330306,24.840051572724832,263.91500000000013,269.83141500000005,237.86187599999994,200.04984788000004,48.4055400210392,1.511812649431,-18.542312497642165
NESRF,Northern Star Resources Ltd,16.24,USD,1.2784533832241864,11344,1.1576573358777846,23124692750.130836,USD,Non-energy minerals,Buy,15.163390702194723,15.035355172006309,15.152452325913206,-0.06153846153847116,18.540145985401455,-3.962152572442352,16.117,15.112965000000003,14.479624000000001,16.348706749999987,20.710265175561577,0.50230318468,55.17636669239931
AER,AerCap Holdings N.V.,149.59,USD,-0.02005079534821624,257510,0.322213176968621,23101193263.082138,USD,Finance,Strong buy,149.52632051647942,147.99177554909684,145.93794508445754,-1.6631606626347626,0.3959731543624184,3.0873130728412854,150.26000000000005,151.45100000000005,148.41380000000007,142.8274999999999,7.357114401923995,4.145442,26.695329781599515
ULTA,"Ulta Beauty, Inc.",537.31,USD,3.9807253164066916,138275,0.2553436109713823,23098586374.0436,USD,Retail trade,Strong buy,512.8361363758895,510.4028895434775,516.8963133666226,6.13111580777055,9.879345603271972,-11.352537451329779,514.7399999999999,519.5137500000001,488.9541,555.253375,20.138225185618282,6.183698,4.198218393273475
STE,STERIS plc (Ireland),236.27,USD,1.6696071259520737,154129,0.2244741143096659,23036350175.428116,USD,Health technology,Strong buy,227.23110382772165,224.45805367099246,224.4853934602565,2.4632464547465225,8.8701502165699,-6.771100501124569,233.55200000000005,230.84199999999973,218.83140000000031,234.1847999999996,28.878920478157774,2.676071,24.045182321279654
NISTF,Nippon Steel Corporation,4.31,USD,0.34924330616995763,392,0.0904893813481071,23032940131.64717,USD,Non-energy minerals,Buy,4.036171227095052,3.917801112522109,3.8682218398533412,1.4117647058823437,11.948051948051935,2.6190476190476053,4.274,4.114300000000001,3.734168000000003,3.9086417500000015,13.105480755686285,0.075506690422,nan
MTUAF,MTU Aero Engines AG,427.053,USD,-3.329839755706109,196,1.111741349971639,23005310818.87862,USD,Electronic technology,Buy,415.8585207313279,407.2893417680927,402.17263286553936,-5.381087428546103,6.95309173783465,-2.7510964762464343,438.59020000000055,421.1770000000003,404.2802359999997,403.02810650000015,21.83953747295327,nan,7.363422603439202
QBEIF,QBE Insurance Group Ltd.,15.38,USD,3.0278670953912106,320,0.1044147877443143,22978097211.128864,USD,Finance,Buy,16.45578869684146,16.23562304235315,15.724976152823984,3.0278670953912106,-12.03385952871197,13.338246131171706,15.814400000000003,16.931599999999996,15.16491796,10.621128964999999,10.54107452748799,0.66515,12.027870578806468
L,Loews Corporation,112.26,USD,-0.1689639839928837,64768,0.11098135945653953,22949055125.421608,USD,Finance,,113.63793746902397,112.80153015782167,111.41166738035822,-0.3019538188276991,-1.8877818563188224,6.914285714285719,112.5679999999999,115.25950000000027,113.48379999999996,108.38324999999988,13.750612444879962,nan,29.801577206817598
JXHGF,Eneos Holdings Inc.,8.49,USD,-0.7597895967270545,117,0.1274787535410765,22918039899.901386,USD,Energy minerals,Strong buy,8.210953467307627,8.008150362777036,7.564628306971342,0,5.860349127182054,24.48680351906158,8.220999999999998,8.427925000000002,6.604206,4.590447830000003,5.398772494795098,0.07139820000000001,389.76965471952684
EJPRF,East Japan Railway Co.,20.26,USD,0.4960317460317531,23,0.025095471903982543,22874927434.084003,USD,Transportation,Buy,22.04375851556544,22.280678603286308,22.518892253027683,0.4960317460317531,-5.876887340301961,-26.567596955418622,22.06200000000002,21.713150000000017,23.454859999999954,20.139867076849992,15.685098312325392,0.42061009680100003,-8.312197320549355
AGPPF,VALTERRA PLATINUM LTD,86.81,USD,-5.415123120505556,347,0.5527237973877032,22797133956.673683,USD,Non-energy minerals,Buy,80.18716691938742,79.37017385078447,79.45462197434193,-4.907437835469388,26.305834424559865,-0.21839080459769852,88.71199999999995,77.56496,77.37879699999998,78.68414375000012,10.375442181959814,nan,2882.144753312595
CCHBF,COCA COLA HBC LTD,62.515,USD,-6.484667165295428,1194,0.8606025659506991,22784502077.588097,USD,Consumer non-durables,Buy,64.3673220321649,62.487865334812135,59.4712934638496,0,-5.623490338164243,10.19742640578178,66.59299999999999,64.30775,55.41015199999998,34.831276965000015,19.85692241696649,1.678143,8.8378311688786
RL,Ralph Lauren Corporation,381.87,USD,0.9570389953734314,55593,0.09458045310081759,22734657486.295044,USD,Consumer non-durables,Strong buy,385.97947220273824,383.77639098751746,378.35750057329494,-0.7897950170169702,-0.42243604787608663,7.569014084507043,383.1479999999999,384.5765000000004,390.56399999999996,364.3949000000003,24.07558018573509,4.222686,26.61185392137298
